experiment,run_id,regime,role,seed,step,buffer_m,region,id,threshold,tp,fp,fn,tn,hd95,f1_2,f1_4
E1,q2_x3_bottleneckliteask_cas-multistream_seed777,cas-multistream,placebo,777,1120,na,hokkaido_iburi_tobu,Hokkaido0001,0.5,0,1083,50,15251,80.01374682827193,0.0,0.0
E1,q2_x3_bottleneckliteask_cas-multistream_seed777,cas-multistream,placebo,777,1120,na,hokkaido_iburi_tobu,Hokkaido0002,0.5,0,466,67,15851,95.06380452570176,0.0,0.0
E1,q2_x3_bottleneckliteask_cas-multistream_seed777,cas-multistream,placebo,777,1120,na,hokkaido_iburi_tobu,Hokkaido0003,0.5,0,46,254,16084,84.53372107235144,0.0,0.0
E1,q2_x3_bottleneckliteask_cas-multistream_seed777,cas-multistream,placebo,777,1120,na,hokkaido_iburi_tobu,Hokkaido0004,0.5,13,38,224,16109,57.463013790818,0.14867762687598743,0.20569902048055078
E1,q2_x3_bottleneckliteask_cas-multistream_seed777,cas-multistream,placebo,777,1120,na,hokkaido_iburi_tobu,Hokkaido0005,0.5,0,0,46,16338,181.01933598375618,0.0,0.0
E1,q2_x3_bottleneckliteask_cas-multistream_seed777,cas-multistream,placebo,777,1120,na,hokkaido_iburi_tobu,Hokkaido0008,0.5,0,0,70,16314,181.01933598375618,0.0,0.0
E1,q2_x3_bottleneckliteask_cas-multistream_seed777,cas-multistream,placebo,777,1120,na,hokkaido_iburi_tobu,Hokkaido0009,0.5,0,0,154,16230,181.01933598375618,0.0,0.0
E1,q2_x3_bottleneckliteask_cas-multistream_seed777,cas-multistream,placebo,777,1120,na,hokkaido_iburi_tobu,Hokkaido0010,0.5,0,337,544,15503,55.941900477592604,0.0,0.0
E1,q2_x3_bottleneckliteask_cas-multistream_seed777,cas-multistream,placebo,777,1120,na,hokkaido_iburi_tobu,Hokkaido0011,0.5,0,0,574,15810,181.01933598375618,0.0,0.0
E1,q2_x3_bottleneckliteask_cas-multistream_seed777,cas-multistream,placebo,777,1120,na,hokkaido_iburi_tobu,Hokkaido0012,0.5,21,19,590,15754,82.79250877768916,0.11483453387606553,0.13729977116692016
E1,q2_x3_bottleneckliteask_cas-multistream_seed777,cas-multistream,placebo,777,1120,na,hokkaido_iburi_tobu,Hokkaido0013,0.5,87,718,732,14847,55.27422935246468,0.023723228994642884,0.09819602008522654
E1,q2_x3_bottleneckliteask_cas-multistream_seed777,cas-multistream,placebo,777,1120,na,hokkaido_iburi_tobu,Hokkaido0014,0.5,0,448,463,15473,52.45089517088228,0.0,0.0
E1,q2_x3_bottleneckliteask_cas-multistream_seed777,cas-multistream,placebo,777,1120,na,hokkaido_iburi_tobu,Hokkaido0015,0.5,0,110,127,16147,55.47026226853533,0.0,0.0
E1,q2_x3_bottleneckliteask_cas-multistream_seed777,cas-multistream,placebo,777,1120,na,hokkaido_iburi_tobu,Hokkaido0017,0.5,0,0,276,16108,181.01933598375618,0.0,0.0
E1,q2_x3_bottleneckliteask_cas-multistream_seed777,cas-multistream,placebo,777,1120,na,hokkaido_iburi_tobu,Hokkaido0018,0.5,0,0,671,15713,181.01933598375618,0.0,0.0
E1,q2_x3_bottleneckliteask_cas-multistream_seed777,cas-multistream,placebo,777,1120,na,hokkaido_iburi_tobu,Hokkaido0019,0.5,0,0,1308,15076,181.01933598375618,0.0,0.0
E1,q2_x3_bottleneckliteask_cas-multistream_seed777,cas-multistream,placebo,777,1120,na,hokkaido_iburi_tobu,Hokkaido0020,0.5,131,179,1214,14860,70.96047709799403,0.15529739396319434,0.2384243038409029
E1,q2_x3_bottleneckliteask_cas-multistream_seed777,cas-multistream,placebo,777,1120,na,hokkaido_iburi_tobu,Hokkaido0021,0.5,126,1567,790,13901,53.74383634071458,0.1520523877970665,0.26680747850063213
E1,q2_x3_bottleneckliteask_cas-multistream_seed777,cas-multistream,placebo,777,1120,na,hokkaido_iburi_tobu,Hokkaido0022,0.5,108,877,849,14550,56.856837616584876,0.20531893213739588,0.2436946148598953
E1,q2_x3_bottleneckliteask_cas-multistream_seed777,cas-multistream,placebo,777,1120,na,hokkaido_iburi_tobu,Hokkaido0023,0.5,0,0,718,15666,181.01933598375618,0.0,0.0
E1,q2_x3_bottleneckliteask_cas-multistream_seed777,cas-multistream,placebo,777,1120,na,hokkaido_iburi_tobu,Hokkaido0024,0.5,0,0,256,16128,181.01933598375618,0.0,0.0
E1,q2_x3_bottleneckliteask_cas-multistream_seed777,cas-multistream,placebo,777,1120,na,hokkaido_iburi_tobu,Hokkaido0025,0.5,0,0,25,16359,181.01933598375618,0.0,0.0
E1,q2_x3_bottleneckliteask_cas-multistream_seed777,cas-multistream,placebo,777,1120,na,hokkaido_iburi_tobu,Hokkaido0027,0.5,0,0,631,15753,181.01933598375618,0.0,0.0
E1,q2_x3_bottleneckliteask_cas-multistream_seed777,cas-multistream,placebo,777,1120,na,hokkaido_iburi_tobu,Hokkaido0028,0.5,0,0,825,15559,181.01933598375618,0.0,0.0
E1,q2_x3_bottleneckliteask_cas-multistream_seed777,cas-multistream,placebo,777,1120,na,hokkaido_iburi_tobu,Hokkaido0029,0.5,0,0,1683,14701,181.01933598375618,0.0,0.0
E1,q2_x3_bottleneckliteask_cas-multistream_seed777,cas-multistream,placebo,777,1120,na,hokkaido_iburi_tobu,Hokkaido0030,0.5,0,0,1956,14428,181.01933598375618,0.0,0.0
E1,q2_x3_bottleneckliteask_cas-multistream_seed777,cas-multistream,placebo,777,1120,na,hokkaido_iburi_tobu,Hokkaido0031,0.5,0,0,1259,15125,181.01933598375618,0.0,0.0
E1,q2_x3_bottleneckliteask_cas-multistream_seed777,cas-multistream,placebo,777,1120,na,hokkaido_iburi_tobu,Hokkaido0032,0.5,47,2424,653,13260,44.208592059105655,0.11127837658773844,0.20335443450977045
E1,q2_x3_bottleneckliteask_cas-multistream_seed777,cas-multistream,placebo,777,1120,na,hokkaido_iburi_tobu,Hokkaido0033,0.5,43,1196,410,14735,67.96946989982997,0.1270648030490554,0.1760679380645841
E1,q2_x3_bottleneckliteask_cas-multistream_seed777,cas-multistream,placebo,777,1120,na,hokkaido_iburi_tobu,Hokkaido0034,0.5,0,0,419,15965,181.01933598375618,0.0,0.0
E1,q2_x3_bottleneckliteask_cas-multistream_seed777,cas-multistream,placebo,777,1120,na,hokkaido_iburi_tobu,Hokkaido0035,0.5,0,0,391,15993,181.01933598375618,0.0,0.0
E1,q2_x3_bottleneckliteask_cas-multistream_seed777,cas-multistream,placebo,777,1120,na,hokkaido_iburi_tobu,Hokkaido0036,0.5,0,0,179,16205,181.01933598375618,0.0,0.0
E1,q2_x3_bottleneckliteask_cas-multistream_seed777,cas-multistream,placebo,777,1120,na,hokkaido_iburi_tobu,Hokkaido0037,0.5,0,0,39,16345,181.01933598375618,0.0,0.0
E1,q2_x3_bottleneckliteask_cas-multistream_seed777,cas-multistream,placebo,777,1120,na,hokkaido_iburi_tobu,Hokkaido0038,0.5,0,0,39,16345,181.01933598375618,0.0,0.0
E1,q2_x3_bottleneckliteask_cas-multistream_seed777,cas-multistream,placebo,777,1120,na,hokkaido_iburi_tobu,Hokkaido0039,0.5,0,45,515,15824,86.42452721167199,0.0,0.0
E1,q2_x3_bottleneckliteask_cas-multistream_seed777,cas-multistream,placebo,777,1120,na,hokkaido_iburi_tobu,Hokkaido0040,0.5,0,0,2298,14086,181.01933598375618,0.0,0.0
E1,q2_x3_bottleneckliteask_cas-multistream_seed777,cas-multistream,placebo,777,1120,na,hokkaido_iburi_tobu,Hokkaido0041,0.5,0,0,3071,13313,181.01933598375618,0.0,0.0
E1,q2_x3_bottleneckliteask_cas-multistream_seed777,cas-multistream,placebo,777,1120,na,hokkaido_iburi_tobu,Hokkaido0042,0.5,0,0,2965,13419,181.01933598375618,0.0,0.0
E1,q2_x3_bottleneckliteask_cas-multistream_seed777,cas-multistream,placebo,777,1120,na,hokkaido_iburi_tobu,Hokkaido0043,0.5,0,0,2531,13853,181.01933598375618,0.0,0.0
E1,q2_x3_bottleneckliteask_cas-multistream_seed777,cas-multistream,placebo,777,1120,na,hokkaido_iburi_tobu,Hokkaido0044,0.5,8,76,1651,14649,74.98430046996758,0.03066989507658696,0.045316242636027355
E1,q2_x3_bottleneckliteask_cas-multistream_seed777,cas-multistream,placebo,777,1120,na,hokkaido_iburi_tobu,Hokkaido0045,0.5,7,22,1657,14698,75.37935268614126,0.04180551348069616,0.05597748154434722
E1,q2_x3_bottleneckliteask_cas-multistream_seed777,cas-multistream,placebo,777,1120,na,hokkaido_iburi_tobu,Hokkaido0046,0.5,1,246,1225,14912,72.66563688215182,0.012698412697920363,0.016726403822689896
E1,q2_x3_bottleneckliteask_cas-multistream_seed777,cas-multistream,placebo,777,1120,na,hokkaido_iburi_tobu,Hokkaido0047,0.5,0,645,440,15299,63.00792250551784,0.0,0.0
E1,q2_x3_bottleneckliteask_cas-multistream_seed777,cas-multistream,placebo,777,1120,na,hokkaido_iburi_tobu,Hokkaido0048,0.5,0,0,613,15771,181.01933598375618,0.0,0.0
E1,q2_x3_bottleneckliteask_cas-multistream_seed777,cas-multistream,placebo,777,1120,na,hokkaido_iburi_tobu,Hokkaido0049,0.5,10,0,530,15844,75.71272994626615,0.04780876494009238,0.25660377358468195
E1,q2_x3_bottleneckliteask_cas-multistream_seed777,cas-multistream,placebo,777,1120,na,hokkaido_iburi_tobu,Hokkaido0050,0.5,0,1607,39,14738,50.652714362572006,0.0,0.0
E1,q2_x3_bottleneckliteask_cas-multistream_seed777,cas-multistream,placebo,777,1120,na,hokkaido_iburi_tobu,Hokkaido0051,0.5,0,0,39,16345,181.01933598375618,0.0,0.0
E1,q2_x3_bottleneckliteask_cas-multistream_seed777,cas-multistream,placebo,777,1120,na,hokkaido_iburi_tobu,Hokkaido0053,0.5,0,0,29,16355,181.01933598375618,0.0,0.0
E1,q2_x3_bottleneckliteask_cas-multistream_seed777,cas-multistream,placebo,777,1120,na,hokkaido_iburi_tobu,Hokkaido0054,0.5,0,0,593,15791,181.01933598375618,0.0,0.0
E1,q2_x3_bottleneckliteask_cas-multistream_seed777,cas-multistream,placebo,777,1120,na,hokkaido_iburi_tobu,Hokkaido0055,0.5,0,0,3240,13144,181.01933598375618,0.0,0.0
E1,q2_x3_bottleneckliteask_cas-multistream_seed777,cas-multistream,placebo,777,1120,na,hokkaido_iburi_tobu,Hokkaido0056,0.5,0,0,5182,11202,181.01933598375618,0.0,0.0
E1,q2_x3_bottleneckliteask_cas-multistream_seed777,cas-multistream,placebo,777,1120,na,hokkaido_iburi_tobu,Hokkaido0057,0.5,0,0,4764,11620,181.01933598375618,0.0,0.0
E1,q2_x3_bottleneckliteask_cas-multistream_seed777,cas-multistream,placebo,777,1120,na,hokkaido_iburi_tobu,Hokkaido0058,0.5,0,0,3426,12958,181.01933598375618,0.0,0.0
E1,q2_x3_bottleneckliteask_cas-multistream_seed777,cas-multistream,placebo,777,1120,na,hokkaido_iburi_tobu,Hokkaido0059,0.5,0,0,2762,13622,181.01933598375618,0.0,0.0
E1,q2_x3_bottleneckliteask_cas-multistream_seed777,cas-multistream,placebo,777,1120,na,hokkaido_iburi_tobu,Hokkaido0060,0.5,0,0,3937,12447,181.01933598375618,0.0,0.0
E1,q2_x3_bottleneckliteask_cas-multistream_seed777,cas-multistream,placebo,777,1120,na,hokkaido_iburi_tobu,Hokkaido0061,0.5,0,0,4094,12290,181.01933598375618,0.0,0.0
E1,q2_x3_bottleneckliteask_cas-multistream_seed777,cas-multistream,placebo,777,1120,na,hokkaido_iburi_tobu,Hokkaido0062,0.5,0,0,2365,14019,181.01933598375618,0.0,0.0
E1,q2_x3_bottleneckliteask_cas-multistream_seed777,cas-multistream,placebo,777,1120,na,hokkaido_iburi_tobu,Hokkaido0063,0.5,0,0,1115,15269,181.01933598375618,0.0,0.0
E1,q2_x3_bottleneckliteask_cas-multistream_seed777,cas-multistream,placebo,777,1120,na,hokkaido_iburi_tobu,Hokkaido0064,0.5,0,176,472,15736,79.31499612022843,0.0,0.0
E1,q2_x3_bottleneckliteask_cas-multistream_seed777,cas-multistream,placebo,777,1120,na,hokkaido_iburi_tobu,Hokkaido0067,0.5,0,544,22,15818,55.104899106098756,0.0,0.0
E1,q2_x3_bottleneckliteask_cas-multistream_seed777,cas-multistream,placebo,777,1120,na,hokkaido_iburi_tobu,Hokkaido0068,0.5,0,1299,22,15063,55.154328932550705,0.0,0.0
E1,q2_x3_bottleneckliteask_cas-multistream_seed777,cas-multistream,placebo,777,1120,na,hokkaido_iburi_tobu,Hokkaido0071,0.5,0,0,21,16363,181.01933598375618,0.0,0.0
E1,q2_x3_bottleneckliteask_cas-multistream_seed777,cas-multistream,placebo,777,1120,na,hokkaido_iburi_tobu,Hokkaido0072,0.5,0,0,45,16339,181.01933598375618,0.0,0.0
E1,q2_x3_bottleneckliteask_cas-multistream_seed777,cas-multistream,placebo,777,1120,na,hokkaido_iburi_tobu,Hokkaido0073,0.5,0,0,24,16360,181.01933598375618,0.0,0.0
E1,q2_x3_bottleneckliteask_cas-multistream_seed777,cas-multistream,placebo,777,1120,na,hokkaido_iburi_tobu,Hokkaido0076,0.5,0,1177,105,15102,68.79433884405674,0.0,0.0
E1,q2_x3_bottleneckliteask_cas-multistream_seed777,cas-multistream,placebo,777,1120,na,hokkaido_iburi_tobu,Hokkaido0077,0.5,106,896,220,15162,33.922613976824294,0.17658315935927993,0.2497528423128962
E1,q2_x3_bottleneckliteask_cas-multistream_seed777,cas-multistream,placebo,777,1120,na,hokkaido_iburi_tobu,Hokkaido0078,0.5,0,0,861,15523,181.01933598375618,0.0,0.0
E1,q2_x3_bottleneckliteask_cas-multistream_seed777,cas-multistream,placebo,777,1120,na,hokkaido_iburi_tobu,Hokkaido0079,0.5,0,0,3055,13329,181.01933598375618,0.0,0.0
E1,q2_x3_bottleneckliteask_cas-multistream_seed777,cas-multistream,placebo,777,1120,na,hokkaido_iburi_tobu,Hokkaido0080,0.5,0,0,5128,11256,181.01933598375618,0.0,0.0
E1,q2_x3_bottleneckliteask_cas-multistream_seed777,cas-multistream,placebo,777,1120,na,hokkaido_iburi_tobu,Hokkaido0081,0.5,0,0,5127,11257,181.01933598375618,0.0,0.0
E1,q2_x3_bottleneckliteask_cas-multistream_seed777,cas-multistream,placebo,777,1120,na,hokkaido_iburi_tobu,Hokkaido0082,0.5,0,0,4055,12329,181.01933598375618,0.0,0.0
E1,q2_x3_bottleneckliteask_cas-multistream_seed777,cas-multistream,placebo,777,1120,na,hokkaido_iburi_tobu,Hokkaido0083,0.5,0,0,3567,12817,181.01933598375618,0.0,0.0
E1,q2_x3_bottleneckliteask_cas-multistream_seed777,cas-multistream,placebo,777,1120,na,hokkaido_iburi_tobu,Hokkaido0084,0.5,0,0,4275,12109,181.01933598375618,0.0,0.0
E1,q2_x3_bottleneckliteask_cas-multistream_seed777,cas-multistream,placebo,777,1120,na,hokkaido_iburi_tobu,Hokkaido0085,0.5,0,0,5002,11382,181.01933598375618,0.0,0.0
E1,q2_x3_bottleneckliteask_cas-multistream_seed777,cas-multistream,placebo,777,1120,na,hokkaido_iburi_tobu,Hokkaido0086,0.5,0,0,4884,11500,181.01933598375618,0.0,0.0
E1,q2_x3_bottleneckliteask_cas-multistream_seed777,cas-multistream,placebo,777,1120,na,hokkaido_iburi_tobu,Hokkaido0087,0.5,86,77,3549,12672,94.92101980067429,0.0392363304554788,0.04741422030163379
E1,q2_x3_bottleneckliteask_cas-multistream_seed777,cas-multistream,placebo,777,1120,na,hokkaido_iburi_tobu,Hokkaido0088,0.5,0,0,1948,14436,181.01933598375618,0.0,0.0
E1,q2_x3_bottleneckliteask_cas-multistream_seed777,cas-multistream,placebo,777,1120,na,hokkaido_iburi_tobu,Hokkaido0089,0.5,0,150,557,15677,70.3452187840785,0.0,0.0
E1,q2_x3_bottleneckliteask_cas-multistream_seed777,cas-multistream,placebo,777,1120,na,hokkaido_iburi_tobu,Hokkaido0090,0.5,0,0,93,16291,181.01933598375618,0.0,0.0
E1,q2_x3_bottleneckliteask_cas-multistream_seed777,cas-multistream,placebo,777,1120,na,hokkaido_iburi_tobu,Hokkaido0091,0.5,0,0,80,16304,181.01933598375618,0.0,0.0
E1,q2_x3_bottleneckliteask_cas-multistream_seed777,cas-multistream,placebo,777,1120,na,hokkaido_iburi_tobu,Hokkaido0092,0.5,0,0,22,16362,181.01933598375618,0.0,0.0
E1,q2_x3_bottleneckliteask_cas-multistream_seed777,cas-multistream,placebo,777,1120,na,hokkaido_iburi_tobu,Hokkaido0093,0.5,0,489,22,15873,50.12483943323628,0.0,0.0
E1,q2_x3_bottleneckliteask_cas-multistream_seed777,cas-multistream,placebo,777,1120,na,hokkaido_iburi_tobu,Hokkaido0095,0.5,13,499,81,15791,47.39299574023054,0.11299435028201538,0.15213946117225302
E1,q2_x3_bottleneckliteask_cas-multistream_seed777,cas-multistream,placebo,777,1120,na,hokkaido_iburi_tobu,Hokkaido0096,0.5,0,0,102,16282,181.01933598375618,0.0,0.0
E1,q2_x3_bottleneckliteask_cas-multistream_seed777,cas-multistream,placebo,777,1120,na,hokkaido_iburi_tobu,Hokkaido0097,0.5,0,0,92,16292,181.01933598375618,0.0,0.0
E1,q2_x3_bottleneckliteask_cas-multistream_seed777,cas-multistream,placebo,777,1120,na,hokkaido_iburi_tobu,Hokkaido0098,0.5,0,437,71,15876,52.954232936175046,0.0,0.0
E1,q2_x3_bottleneckliteask_cas-multistream_seed777,cas-multistream,placebo,777,1120,na,hokkaido_iburi_tobu,Hokkaido0099,0.5,0,434,47,15903,60.09574958561412,0.0,0.0
E1,q2_x3_bottleneckliteask_cas-multistream_seed777,cas-multistream,placebo,777,1120,na,hokkaido_iburi_tobu,Hokkaido0100,0.5,0,0,47,16337,181.01933598375618,0.0,0.0
E1,q2_x3_bottleneckliteask_cas-multistream_seed777,cas-multistream,placebo,777,1120,na,hokkaido_iburi_tobu,Hokkaido0101,0.5,0,34,223,16127,77.3999338674435,0.0,0.0
E1,q2_x3_bottleneckliteask_cas-multistream_seed777,cas-multistream,placebo,777,1120,na,hokkaido_iburi_tobu,Hokkaido0102,0.5,147,598,325,15314,47.7267619776853,0.24498886414207405,0.3400953852349537
E1,q2_x3_bottleneckliteask_cas-multistream_seed777,cas-multistream,placebo,777,1120,na,hokkaido_iburi_tobu,Hokkaido0103,0.5,1,18,493,15872,77.67617246036045,0.026178010470996337,0.0487276664860338
E1,q2_x3_bottleneckliteask_cas-multistream_seed777,cas-multistream,placebo,777,1120,na,hokkaido_iburi_tobu,Hokkaido0104,0.5,0,0,1624,14760,181.01933598375618,0.0,0.0
E1,q2_x3_bottleneckliteask_cas-multistream_seed777,cas-multistream,placebo,777,1120,na,hokkaido_iburi_tobu,Hokkaido0105,0.5,0,0,2818,13566,181.01933598375618,0.0,0.0
E1,q2_x3_bottleneckliteask_cas-multistream_seed777,cas-multistream,placebo,777,1120,na,hokkaido_iburi_tobu,Hokkaido0106,0.5,0,0,3973,12411,181.01933598375618,0.0,0.0
E1,q2_x3_bottleneckliteask_cas-multistream_seed777,cas-multistream,placebo,777,1120,na,hokkaido_iburi_tobu,Hokkaido0107,0.5,0,0,5412,10972,181.01933598375618,0.0,0.0
E1,q2_x3_bottleneckliteask_cas-multistream_seed777,cas-multistream,placebo,777,1120,na,hokkaido_iburi_tobu,Hokkaido0108,0.5,0,0,5718,10666,181.01933598375618,0.0,0.0
E1,q2_x3_bottleneckliteask_cas-multistream_seed777,cas-multistream,placebo,777,1120,na,hokkaido_iburi_tobu,Hokkaido0109,0.5,2,0,5398,10984,142.54609044563955,0.0,0.0
E1,q2_x3_bottleneckliteask_cas-multistream_seed777,cas-multistream,placebo,777,1120,na,hokkaido_iburi_tobu,Hokkaido0110,0.5,0,0,4990,11394,181.01933598375618,0.0,0.0
E1,q2_x3_bottleneckliteask_cas-multistream_seed777,cas-multistream,placebo,777,1120,na,hokkaido_iburi_tobu,Hokkaido0111,0.5,0,0,5485,10899,181.01933598375618,0.0,0.0
E1,q2_x3_bottleneckliteask_cas-multistream_seed777,cas-multistream,placebo,777,1120,na,hokkaido_iburi_tobu,Hokkaido0112,0.5,0,0,6103,10281,181.01933598375618,0.0,0.0
E1,q2_x3_bottleneckliteask_cas-multistream_seed777,cas-multistream,placebo,777,1120,na,hokkaido_iburi_tobu,Hokkaido0113,0.5,0,0,4920,11464,181.01933598375618,0.0,0.0
E1,q2_x3_bottleneckliteask_cas-multistream_seed777,cas-multistream,placebo,777,1120,na,hokkaido_iburi_tobu,Hokkaido0114,0.5,0,0,2660,13724,181.01933598375618,0.0,0.0
E1,q2_x3_bottleneckliteask_cas-multistream_seed777,cas-multistream,placebo,777,1120,na,hokkaido_iburi_tobu,Hokkaido0115,0.5,0,0,915,15469,181.01933598375618,0.0,0.0
E1,q2_x3_bottleneckliteask_cas-multistream_seed777,cas-multistream,placebo,777,1120,na,hokkaido_iburi_tobu,Hokkaido0116,0.5,0,0,130,16254,181.01933598375618,0.0,0.0
E1,q2_x3_bottleneckliteask_cas-multistream_seed777,cas-multistream,placebo,777,1120,na,hokkaido_iburi_tobu,Hokkaido0117,0.5,0,1249,24,15111,82.34196856716859,0.0,0.0
E1,q2_x3_bottleneckliteask_cas-multistream_seed777,cas-multistream,placebo,777,1120,na,hokkaido_iburi_tobu,Hokkaido0118,0.5,0,620,21,15743,77.24893937039991,0.0,0.0
E1,q2_x3_bottleneckliteask_cas-multistream_seed777,cas-multistream,placebo,777,1120,na,hokkaido_iburi_tobu,Hokkaido0119,0.5,0,4629,118,11637,82.45839251785765,0.0,0.0
E1,q2_x3_bottleneckliteask_cas-multistream_seed777,cas-multistream,placebo,777,1120,na,hokkaido_iburi_tobu,Hokkaido0120,0.5,0,3061,199,13124,56.26187651344973,0.0,0.0
E1,q2_x3_bottleneckliteask_cas-multistream_seed777,cas-multistream,placebo,777,1120,na,hokkaido_iburi_tobu,Hokkaido0121,0.5,0,314,81,15989,77.08566571456227,0.0,0.0
E1,q2_x3_bottleneckliteask_cas-multistream_seed777,cas-multistream,placebo,777,1120,na,hokkaido_iburi_tobu,Hokkaido0122,0.5,54,515,47,15768,47.958495283014145,0.08177172061279991,0.2673740053045429
E1,q2_x3_bottleneckliteask_cas-multistream_seed777,cas-multistream,placebo,777,1120,na,hokkaido_iburi_tobu,Hokkaido0123,0.5,54,528,47,15755,68.07447648212514,0.09244992295803396,0.2582582582578752
E1,q2_x3_bottleneckliteask_cas-multistream_seed777,cas-multistream,placebo,777,1120,na,hokkaido_iburi_tobu,Hokkaido0125,0.5,0,557,25,15802,48.25970402164673,0.0,0.0
E1,q2_x3_bottleneckliteask_cas-multistream_seed777,cas-multistream,placebo,777,1120,na,hokkaido_iburi_tobu,Hokkaido0126,0.5,0,0,24,16360,181.01933598375618,0.0,0.0
E1,q2_x3_bottleneckliteask_cas-multistream_seed777,cas-multistream,placebo,777,1120,na,hokkaido_iburi_tobu,Hokkaido0127,0.5,0,0,23,16361,181.01933598375618,0.0,0.0
E1,q2_x3_bottleneckliteask_cas-multistream_seed777,cas-multistream,placebo,777,1120,na,hokkaido_iburi_tobu,Hokkaido0128,0.5,0,1792,170,14422,56.26317321055583,0.0,0.0
E1,q2_x3_bottleneckliteask_cas-multistream_seed777,cas-multistream,placebo,777,1120,na,hokkaido_iburi_tobu,Hokkaido0129,0.5,0,1511,175,14698,54.07859849118654,0.031746031745566464,0.06984126984080456
E1,q2_x3_bottleneckliteask_cas-multistream_seed777,cas-multistream,placebo,777,1120,na,hokkaido_iburi_tobu,Hokkaido0130,0.5,0,1454,49,14881,80.28697872227576,0.0,0.0
E1,q2_x3_bottleneckliteask_cas-multistream_seed777,cas-multistream,placebo,777,1120,na,hokkaido_iburi_tobu,Hokkaido0131,0.5,0,1499,378,14507,53.96569129326715,0.0,0.0
E1,q2_x3_bottleneckliteask_cas-multistream_seed777,cas-multistream,placebo,777,1120,na,hokkaido_iburi_tobu,Hokkaido0132,0.5,3,0,1741,14640,128.75980221671952,0.008820286659307645,0.03695652173909416
E1,q2_x3_bottleneckliteask_cas-multistream_seed777,cas-multistream,placebo,777,1120,na,hokkaido_iburi_tobu,Hokkaido0133,0.5,559,239,4424,11162,67.53776711982351,0.11692226257503799,0.18830015606950012
E1,q2_x3_bottleneckliteask_cas-multistream_seed777,cas-multistream,placebo,777,1120,na,hokkaido_iburi_tobu,Hokkaido0134,0.5,0,0,7641,8743,181.01933598375618,0.0,0.0
E1,q2_x3_bottleneckliteask_cas-multistream_seed777,cas-multistream,placebo,777,1120,na,hokkaido_iburi_tobu,Hokkaido0135,0.5,41,2,8021,8320,101.23734488813898,0.012898401719769113,0.029914529914500443
E1,q2_x3_bottleneckliteask_cas-multistream_seed777,cas-multistream,placebo,777,1120,na,hokkaido_iburi_tobu,Hokkaido0136,0.5,2,0,7100,9282,155.0032232560271,0.0,0.0
E1,q2_x3_bottleneckliteask_cas-multistream_seed777,cas-multistream,placebo,777,1120,na,hokkaido_iburi_tobu,Hokkaido0137,0.5,0,0,5305,11079,181.01933598375618,0.0,0.0
E1,q2_x3_bottleneckliteask_cas-multistream_seed777,cas-multistream,placebo,777,1120,na,hokkaido_iburi_tobu,Hokkaido0138,0.5,0,0,4897,11487,181.01933598375618,0.0,0.0
E1,q2_x3_bottleneckliteask_cas-multistream_seed777,cas-multistream,placebo,777,1120,na,hokkaido_iburi_tobu,Hokkaido0139,0.5,0,0,5648,10736,181.01933598375618,0.0,0.0
E1,q2_x3_bottleneckliteask_cas-multistream_seed777,cas-multistream,placebo,777,1120,na,hokkaido_iburi_tobu,Hokkaido0140,0.5,0,0,5276,11108,181.01933598375618,0.0,0.0
E1,q2_x3_bottleneckliteask_cas-multistream_seed777,cas-multistream,placebo,777,1120,na,hokkaido_iburi_tobu,Hokkaido0141,0.5,0,0,4803,11581,181.01933598375618,0.0,0.0
E1,q2_x3_bottleneckliteask_cas-multistream_seed777,cas-multistream,placebo,777,1120,na,hokkaido_iburi_tobu,Hokkaido0142,0.5,0,0,3985,12399,181.01933598375618,0.0,0.0
E1,q2_x3_bottleneckliteask_cas-multistream_seed777,cas-multistream,placebo,777,1120,na,hokkaido_iburi_tobu,Hokkaido0143,0.5,34,0,1554,14796,68.33346899416821,0.03429325126394253,0.09876286516260137
E1,q2_x3_bottleneckliteask_cas-multistream_seed777,cas-multistream,placebo,777,1120,na,hokkaido_iburi_tobu,Hokkaido0144,0.5,44,4077,101,12162,45.20769426801532,0.0,0.0
E1,q2_x3_bottleneckliteask_cas-multistream_seed777,cas-multistream,placebo,777,1120,na,hokkaido_iburi_tobu,Hokkaido0145,0.5,22,3162,22,13178,67.3550232786943,0.10355329949214778,0.19654556283475583
E1,q2_x3_bottleneckliteask_cas-multistream_seed777,cas-multistream,placebo,777,1120,na,hokkaido_iburi_tobu,Hokkaido0146,0.5,103,6434,2,9845,72.61301460190727,0.057142857142651306,0.07912087912067328
E1,q2_x3_bottleneckliteask_cas-multistream_seed777,cas-multistream,placebo,777,1120,na,hokkaido_iburi_tobu,Hokkaido0147,0.5,105,4492,0,11787,59.814295840520224,0.0,0.0
E1,q2_x3_bottleneckliteask_cas-multistream_seed777,cas-multistream,placebo,777,1120,na,hokkaido_iburi_tobu,Hokkaido0148,0.5,54,5933,0,10397,87.0,0.014563106795977342,0.09405441719833543
E1,q2_x3_bottleneckliteask_cas-multistream_seed777,cas-multistream,placebo,777,1120,na,hokkaido_iburi_tobu,Hokkaido0149,0.5,54,4866,0,11464,73.59347797189639,0.0,0.06900619286325269
E1,q2_x3_bottleneckliteask_cas-multistream_seed777,cas-multistream,placebo,777,1120,na,hokkaido_iburi_tobu,Hokkaido0155,0.5,0,0,23,16361,181.01933598375618,0.0,0.0
E1,q2_x3_bottleneckliteask_cas-multistream_seed777,cas-multistream,placebo,777,1120,na,hokkaido_iburi_tobu,Hokkaido0156,0.5,0,808,23,15553,64.6789448167884,0.0,0.0
E1,q2_x3_bottleneckliteask_cas-multistream_seed777,cas-multistream,placebo,777,1120,na,hokkaido_iburi_tobu,Hokkaido0157,0.5,16,1447,222,14699,56.18040363264854,0.10032267527085705,0.11510601870093738
E1,q2_x3_bottleneckliteask_cas-multistream_seed777,cas-multistream,placebo,777,1120,na,hokkaido_iburi_tobu,Hokkaido0158,0.5,0,688,318,15378,54.45181356024793,0.0,0.0
E1,q2_x3_bottleneckliteask_cas-multistream_seed777,cas-multistream,placebo,777,1120,na,hokkaido_iburi_tobu,Hokkaido0159,0.5,0,1175,316,14893,62.35781620554998,0.0,0.0
E1,q2_x3_bottleneckliteask_cas-multistream_seed777,cas-multistream,placebo,777,1120,na,hokkaido_iburi_tobu,Hokkaido0160,0.5,383,172,1179,14650,85.51891885050169,0.19662611055861098,0.30031282586001584
E1,q2_x3_bottleneckliteask_cas-multistream_seed777,cas-multistream,placebo,777,1120,na,hokkaido_iburi_tobu,Hokkaido0161,0.5,347,145,4290,11602,52.4137367820467,0.1261577040571148,0.19367434595843497
E1,q2_x3_bottleneckliteask_cas-multistream_seed777,cas-multistream,placebo,777,1120,na,hokkaido_iburi_tobu,Hokkaido0162,0.5,94,23,6484,9783,91.46663112454428,0.044843049327310425,0.06467977171839016
E1,q2_x3_bottleneckliteask_cas-multistream_seed777,cas-multistream,placebo,777,1120,na,hokkaido_iburi_tobu,Hokkaido0163,0.5,38,0,7242,9104,102.18316532478644,0.005846671051650419,0.018110696233055754
E1,q2_x3_bottleneckliteask_cas-multistream_seed777,cas-multistream,placebo,777,1120,na,hokkaido_iburi_tobu,Hokkaido0164,0.5,818,188,6304,9074,44.77722635447622,0.17931764083557233,0.26968095006038567
E1,q2_x3_bottleneckliteask_cas-multistream_seed777,cas-multistream,placebo,777,1120,na,hokkaido_iburi_tobu,Hokkaido0165,0.5,341,117,5409,10517,63.00793600809346,0.09543264357769522,0.13436123348005086
E1,q2_x3_bottleneckliteask_cas-multistream_seed777,cas-multistream,placebo,777,1120,na,hokkaido_iburi_tobu,Hokkaido0166,0.5,197,157,4541,11489,62.31491646496974,0.09269700481359962,0.1268608414238294
E1,q2_x3_bottleneckliteask_cas-multistream_seed777,cas-multistream,placebo,777,1120,na,hokkaido_iburi_tobu,Hokkaido0167,0.5,378,855,3715,11436,58.972836495648934,0.10203468979301283,0.1690732900172613
E1,q2_x3_bottleneckliteask_cas-multistream_seed777,cas-multistream,placebo,777,1120,na,hokkaido_iburi_tobu,Hokkaido0168,0.5,617,669,3035,12063,61.64289883710156,0.13897294120188936,0.2365287820560231
E1,q2_x3_bottleneckliteask_cas-multistream_seed777,cas-multistream,placebo,777,1120,na,hokkaido_iburi_tobu,Hokkaido0169,0.5,198,47,4423,11716,62.66418233647625,0.12730434782596772,0.17923571186997544
E1,q2_x3_bottleneckliteask_cas-multistream_seed777,cas-multistream,placebo,777,1120,na,hokkaido_iburi_tobu,Hokkaido0170,0.5,302,47,5321,10714,70.00714249274856,0.07691349849151144,0.14146491301542
E1,q2_x3_bottleneckliteask_cas-multistream_seed777,cas-multistream,placebo,777,1120,na,hokkaido_iburi_tobu,Hokkaido0171,0.5,108,221,2924,13131,50.210058706304075,0.08171828824254783,0.12709935691677862
E1,q2_x3_bottleneckliteask_cas-multistream_seed777,cas-multistream,placebo,777,1120,na,hokkaido_iburi_tobu,Hokkaido0172,0.5,84,1774,410,14116,44.22881615464139,0.11411523401031513,0.21210914160476185
E1,q2_x3_bottleneckliteask_cas-multistream_seed777,cas-multistream,placebo,777,1120,na,hokkaido_iburi_tobu,Hokkaido0173,0.5,0,1072,120,15192,65.40625931861715,0.0,0.0
E1,q2_x3_bottleneckliteask_cas-multistream_seed777,cas-multistream,placebo,777,1120,na,hokkaido_iburi_tobu,Hokkaido0174,0.5,0,6356,22,10006,114.57202711115636,0.0,0.0
E1,q2_x3_bottleneckliteask_cas-multistream_seed777,cas-multistream,placebo,777,1120,na,hokkaido_iburi_tobu,Hokkaido0175,0.5,0,5330,22,11032,106.79511197652073,0.0,0.0
E1,q2_x3_bottleneckliteask_cas-multistream_seed777,cas-multistream,placebo,777,1120,na,hokkaido_iburi_tobu,Hokkaido0176,0.5,0,4228,28,12128,94.82587944803593,0.0,0.0
E1,q2_x3_bottleneckliteask_cas-multistream_seed777,cas-multistream,placebo,777,1120,na,hokkaido_iburi_tobu,Hokkaido0177,0.5,0,423,36,15925,72.47171463940126,0.0,0.0
E1,q2_x3_bottleneckliteask_cas-multistream_seed777,cas-multistream,placebo,777,1120,na,hokkaido_iburi_tobu,Hokkaido0179,0.5,24,2038,0,14322,60.954898736731934,0.04363636363615244,0.15505306875846206
E1,q2_x3_bottleneckliteask_cas-multistream_seed777,cas-multistream,placebo,777,1120,na,hokkaido_iburi_tobu,Hokkaido0180,0.5,0,2098,24,14262,80.81333340402132,0.0,0.0
E1,q2_x3_bottleneckliteask_cas-multistream_seed777,cas-multistream,placebo,777,1120,na,hokkaido_iburi_tobu,Hokkaido0183,0.5,0,1097,335,14952,80.15609770940699,0.0,0.0
E1,q2_x3_bottleneckliteask_cas-multistream_seed777,cas-multistream,placebo,777,1120,na,hokkaido_iburi_tobu,Hokkaido0184,0.5,396,1757,1011,13220,36.124783736376884,0.2669867947174231,0.38649807840709066
E1,q2_x3_bottleneckliteask_cas-multistream_seed777,cas-multistream,placebo,777,1120,na,hokkaido_iburi_tobu,Hokkaido0185,0.5,202,1434,1946,12802,51.347805554617544,0.09268375488003519,0.17129215159622344
E1,q2_x3_bottleneckliteask_cas-multistream_seed777,cas-multistream,placebo,777,1120,na,hokkaido_iburi_tobu,Hokkaido0186,0.5,174,1665,1062,13483,46.77489533173241,0.138450428143616,0.19140668019654872
E1,q2_x3_bottleneckliteask_cas-multistream_seed777,cas-multistream,placebo,777,1120,na,hokkaido_iburi_tobu,Hokkaido0187,0.5,132,3259,317,12676,47.01063709417264,0.17705535595890814,0.22782937453718816
E1,q2_x3_bottleneckliteask_cas-multistream_seed777,cas-multistream,placebo,777,1120,na,hokkaido_iburi_tobu,Hokkaido0188,0.5,143,304,1649,14288,60.21627686929839,0.10853950518736138,0.13692710110295822
E1,q2_x3_bottleneckliteask_cas-multistream_seed777,cas-multistream,placebo,777,1120,na,hokkaido_iburi_tobu,Hokkaido0189,0.5,624,838,2854,12068,53.01131270582935,0.23529369898962835,0.3131949103458857
E1,q2_x3_bottleneckliteask_cas-multistream_seed777,cas-multistream,placebo,777,1120,na,hokkaido_iburi_tobu,Hokkaido0190,0.5,798,1299,4018,10269,48.25451926017575,0.14193710508270926,0.21930646672892368
E1,q2_x3_bottleneckliteask_cas-multistream_seed777,cas-multistream,placebo,777,1120,na,hokkaido_iburi_tobu,Hokkaido0191,0.5,1513,1509,3904,9458,36.787223758461494,0.22066801939850156,0.33545261926101
E1,q2_x3_bottleneckliteask_cas-multistream_seed777,cas-multistream,placebo,777,1120,na,hokkaido_iburi_tobu,Hokkaido0192,0.5,917,444,4946,10077,43.4442112513948,0.2602386800157058,0.38048240591878596
E1,q2_x3_bottleneckliteask_cas-multistream_seed777,cas-multistream,placebo,777,1120,na,hokkaido_iburi_tobu,Hokkaido0193,0.5,648,335,4300,11101,42.0,0.27709162506350665,0.36363636363606605
E1,q2_x3_bottleneckliteask_cas-multistream_seed777,cas-multistream,placebo,777,1120,na,hokkaido_iburi_tobu,Hokkaido0194,0.5,918,1748,1590,12128,34.11340922257492,0.21493938078183703,0.32759486519529846
E1,q2_x3_bottleneckliteask_cas-multistream_seed777,cas-multistream,placebo,777,1120,na,hokkaido_iburi_tobu,Hokkaido0195,0.5,454,406,1538,13986,63.63961030678928,0.1971009830921271,0.315552917971821
E1,q2_x3_bottleneckliteask_cas-multistream_seed777,cas-multistream,placebo,777,1120,na,hokkaido_iburi_tobu,Hokkaido0196,0.5,821,1894,2237,11432,48.398342844501,0.1347164049992091,0.2366589327143327
E1,q2_x3_bottleneckliteask_cas-multistream_seed777,cas-multistream,placebo,777,1120,na,hokkaido_iburi_tobu,Hokkaido0197,0.5,377,377,3084,12546,49.9098374141623,0.15904036787136344,0.2583191059346686
E1,q2_x3_bottleneckliteask_cas-multistream_seed777,cas-multistream,placebo,777,1120,na,hokkaido_iburi_tobu,Hokkaido0198,0.5,470,1428,1590,12896,47.74984609701926,0.2083235747081502,0.29239436041585837
E1,q2_x3_bottleneckliteask_cas-multistream_seed777,cas-multistream,placebo,777,1120,na,hokkaido_iburi_tobu,Hokkaido0199,0.5,97,3039,512,12736,43.44299395653464,0.0,0.0
E1,q2_x3_bottleneckliteask_cas-multistream_seed777,cas-multistream,placebo,777,1120,na,hokkaido_iburi_tobu,Hokkaido0200,0.5,58,3070,49,13207,56.319179382256664,0.09863013698601576,0.1474944847145353
E1,q2_x3_bottleneckliteask_cas-multistream_seed777,cas-multistream,placebo,777,1120,na,hokkaido_iburi_tobu,Hokkaido0201,0.5,24,3757,60,12543,77.45287122634097,0.10301692420873668,0.12865676213796529
E1,q2_x3_bottleneckliteask_cas-multistream_seed777,cas-multistream,placebo,777,1120,na,hokkaido_iburi_tobu,Hokkaido0202,0.5,39,3274,74,12997,52.56233898327159,0.06399999999961907,0.11475614319538963
E1,q2_x3_bottleneckliteask_cas-multistream_seed777,cas-multistream,placebo,777,1120,na,hokkaido_iburi_tobu,Hokkaido0203,0.5,0,2910,39,13435,71.24148538246466,0.0,0.0
E1,q2_x3_bottleneckliteask_cas-multistream_seed777,cas-multistream,placebo,777,1120,na,hokkaido_iburi_tobu,Hokkaido0204,0.5,0,2553,48,13783,100.64044762239175,0.0,0.0
E1,q2_x3_bottleneckliteask_cas-multistream_seed777,cas-multistream,placebo,777,1120,na,hokkaido_iburi_tobu,Hokkaido0205,0.5,69,1545,38,14732,43.15909479208995,0.0060975609752882964,0.06420233462999021
E1,q2_x3_bottleneckliteask_cas-multistream_seed777,cas-multistream,placebo,777,1120,na,hokkaido_iburi_tobu,Hokkaido0206,0.5,0,2949,59,13376,94.6667662058237,0.0,0.0
E1,q2_x3_bottleneckliteask_cas-multistream_seed777,cas-multistream,placebo,777,1120,na,hokkaido_iburi_tobu,Hokkaido0207,0.5,16,2325,12,14031,48.87108589197788,0.04893393918194467,0.07465543644703367
E1,q2_x3_bottleneckliteask_cas-multistream_seed777,cas-multistream,placebo,777,1120,na,hokkaido_iburi_tobu,Hokkaido0208,0.5,20,2064,30,14270,38.20603983777703,0.0,0.0
E1,q2_x3_bottleneckliteask_cas-multistream_seed777,cas-multistream,placebo,777,1120,na,hokkaido_iburi_tobu,Hokkaido0209,0.5,0,1892,55,14437,66.08362767998322,0.0,0.0
E1,q2_x3_bottleneckliteask_cas-multistream_seed777,cas-multistream,placebo,777,1120,na,hokkaido_iburi_tobu,Hokkaido0210,0.5,27,1205,30,15122,47.557810552610384,0.11333333333308303,0.15789473684183933
E1,q2_x3_bottleneckliteask_cas-multistream_seed777,cas-multistream,placebo,777,1120,na,hokkaido_iburi_tobu,Hokkaido0211,0.5,67,2218,24,14075,40.81662852507339,0.0,0.0
E1,q2_x3_bottleneckliteask_cas-multistream_seed777,cas-multistream,placebo,777,1120,na,hokkaido_iburi_tobu,Hokkaido0212,0.5,0,707,67,15610,77.98814001136319,0.0,0.0
E1,q2_x3_bottleneckliteask_cas-multistream_seed777,cas-multistream,placebo,777,1120,na,hokkaido_iburi_tobu,Hokkaido0213,0.5,0,2815,39,13530,93.80122532602806,0.0,0.0
E1,q2_x3_bottleneckliteask_cas-multistream_seed777,cas-multistream,placebo,777,1120,na,hokkaido_iburi_tobu,Hokkaido0214,0.5,39,3153,0,13192,48.23270054685282,0.025173064820498015,0.06172839506155535
E1,q2_x3_bottleneckliteask_cas-multistream_seed777,cas-multistream,placebo,777,1120,na,hokkaido_iburi_tobu,Hokkaido0215,0.5,63,3651,7,12663,57.03043724380918,0.039810426539998854,0.060689655172097116
E1,q2_x3_bottleneckliteask_cas-multistream_seed777,cas-multistream,placebo,777,1120,na,hokkaido_iburi_tobu,Hokkaido0216,0.5,0,0,70,16314,181.01933598375618,0.0,0.0
E1,q2_x3_bottleneckliteask_cas-multistream_seed777,cas-multistream,placebo,777,1120,na,hokkaido_iburi_tobu,Hokkaido0217,0.5,0,1236,362,14786,70.00607111883627,0.0,0.0
E1,q2_x3_bottleneckliteask_cas-multistream_seed777,cas-multistream,placebo,777,1120,na,hokkaido_iburi_tobu,Hokkaido0218,0.5,697,1028,1038,13621,52.20153254455275,0.25970908502915674,0.35438759437516043
E1,q2_x3_bottleneckliteask_cas-multistream_seed777,cas-multistream,placebo,777,1120,na,hokkaido_iburi_tobu,Hokkaido0219,0.5,1152,1535,2805,10892,44.03402500818055,0.20394335092784693,0.31598739532344344
E1,q2_x3_bottleneckliteask_cas-multistream_seed777,cas-multistream,placebo,777,1120,na,hokkaido_iburi_tobu,Hokkaido0220,0.5,776,269,2484,12855,32.64965543462902,0.27371637731255766,0.42041806253454606
E1,q2_x3_bottleneckliteask_cas-multistream_seed777,cas-multistream,placebo,777,1120,na,hokkaido_iburi_tobu,Hokkaido0221,0.5,17,1531,871,13965,52.739603931740305,0.037374860956200344,0.06903494894240304
E1,q2_x3_bottleneckliteask_cas-multistream_seed777,cas-multistream,placebo,777,1120,na,hokkaido_iburi_tobu,Hokkaido0222,0.5,30,1634,841,13879,56.47954636458607,0.09074801633111682,0.12228796844131964
E1,q2_x3_bottleneckliteask_cas-multistream_seed777,cas-multistream,placebo,777,1120,na,hokkaido_iburi_tobu,Hokkaido0223,0.5,723,1787,1674,12200,37.11536009634917,0.23380747522403095,0.3802965913154508
E1,q2_x3_bottleneckliteask_cas-multistream_seed777,cas-multistream,placebo,777,1120,na,hokkaido_iburi_tobu,Hokkaido0224,0.5,581,1124,2463,12216,52.31729478166765,0.1651276480171362,0.27800167222255623
E1,q2_x3_bottleneckliteask_cas-multistream_seed777,cas-multistream,placebo,777,1120,na,hokkaido_iburi_tobu,Hokkaido0225,0.5,464,585,2520,12815,56.00997219571891,0.21559565124400554,0.31265639735903444
E1,q2_x3_bottleneckliteask_cas-multistream_seed777,cas-multistream,placebo,777,1120,na,hokkaido_iburi_tobu,Hokkaido0226,0.5,612,332,3453,11987,65.19202405202648,0.15873603196902178,0.2447370676109687
E1,q2_x3_bottleneckliteask_cas-multistream_seed777,cas-multistream,placebo,777,1120,na,hokkaido_iburi_tobu,Hokkaido0227,0.5,431,800,2743,12410,47.869612015636555,0.16914708125376182,0.24409077512497437
E1,q2_x3_bottleneckliteask_cas-multistream_seed777,cas-multistream,placebo,777,1120,na,hokkaido_iburi_tobu,Hokkaido0228,0.5,137,1558,742,13947,41.128680242864505,0.16990462733970202,0.24847791594359217
E1,q2_x3_bottleneckliteask_cas-multistream_seed777,cas-multistream,placebo,777,1120,na,hokkaido_iburi_tobu,Hokkaido0229,0.5,48,1113,628,14595,73.51169199065944,0.08246986677894784,0.1725848046017725
E1,q2_x3_bottleneckliteask_cas-multistream_seed777,cas-multistream,placebo,777,1120,na,hokkaido_iburi_tobu,Hokkaido0230,0.5,13,1020,1287,14064,61.538565197246925,0.010544815465503073,0.02084320227356277
E1,q2_x3_bottleneckliteask_cas-multistream_seed777,cas-multistream,placebo,777,1120,na,hokkaido_iburi_tobu,Hokkaido0231,0.5,51,1733,1020,13580,59.79944133642311,0.046632124351930884,0.07488173918839783
E1,q2_x3_bottleneckliteask_cas-multistream_seed777,cas-multistream,placebo,777,1120,na,hokkaido_iburi_tobu,Hokkaido0232,0.5,126,2233,580,13445,39.879762264238316,0.16476859704336366,0.2078444216061108
E1,q2_x3_bottleneckliteask_cas-multistream_seed777,cas-multistream,placebo,777,1120,na,hokkaido_iburi_tobu,Hokkaido0233,0.5,113,3361,238,12672,43.844041028369446,0.05785456006378585,0.08272980501343485
E1,q2_x3_bottleneckliteask_cas-multistream_seed777,cas-multistream,placebo,777,1120,na,hokkaido_iburi_tobu,Hokkaido0235,0.5,84,3457,0,12843,53.17593451247469,0.0,0.0
E1,q2_x3_bottleneckliteask_cas-multistream_seed777,cas-multistream,placebo,777,1120,na,hokkaido_iburi_tobu,Hokkaido0236,0.5,0,3267,91,13026,76.00488281993451,0.0,0.0
E1,q2_x3_bottleneckliteask_cas-multistream_seed777,cas-multistream,placebo,777,1120,na,hokkaido_iburi_tobu,Hokkaido0237,0.5,0,3954,72,12358,66.64833081180653,0.0,0.02822201317001709
E1,q2_x3_bottleneckliteask_cas-multistream_seed777,cas-multistream,placebo,777,1120,na,hokkaido_iburi_tobu,Hokkaido0238,0.5,17,4090,147,12130,61.7579532642136,0.07079646017654476,0.1263450190901561
E1,q2_x3_bottleneckliteask_cas-multistream_seed777,cas-multistream,placebo,777,1120,na,hokkaido_iburi_tobu,Hokkaido0239,0.5,107,3112,200,12965,35.014282800023196,0.042968749999523076,0.07490955522401758
E1,q2_x3_bottleneckliteask_cas-multistream_seed777,cas-multistream,placebo,777,1120,na,hokkaido_iburi_tobu,Hokkaido0240,0.5,194,3172,151,12867,46.63396416730876,0.09188361408833425,0.14798206277978596
E1,q2_x3_bottleneckliteask_cas-multistream_seed777,cas-multistream,placebo,777,1120,na,hokkaido_iburi_tobu,Hokkaido0241,0.5,136,3290,11,12947,72.71426580055117,0.26518948386503877,0.2923076923074427
E1,q2_x3_bottleneckliteask_cas-multistream_seed777,cas-multistream,placebo,777,1120,na,hokkaido_iburi_tobu,Hokkaido0242,0.5,0,1719,27,14638,58.192331562899696,0.03361344537801144,0.08247422680395536
E1,q2_x3_bottleneckliteask_cas-multistream_seed777,cas-multistream,placebo,777,1120,na,hokkaido_iburi_tobu,Hokkaido0243,0.5,0,0,60,16324,181.01933598375618,0.0,0.0
E1,q2_x3_bottleneckliteask_cas-multistream_seed777,cas-multistream,placebo,777,1120,na,hokkaido_iburi_tobu,Hokkaido0244,0.5,14,1259,19,15092,75.07329751649384,0.1067615658361546,0.14336917562710702
E1,q2_x3_bottleneckliteask_cas-multistream_seed777,cas-multistream,placebo,777,1120,na,hokkaido_iburi_tobu,Hokkaido0245,0.5,22,2073,67,14222,49.7648233439746,0.065868263472763,0.12161095024978252
E1,q2_x3_bottleneckliteask_cas-multistream_seed777,cas-multistream,placebo,777,1120,na,hokkaido_iburi_tobu,Hokkaido0246,0.5,0,2927,89,13368,82.52149180828313,0.0,0.0
E1,q2_x3_bottleneckliteask_cas-multistream_seed777,cas-multistream,placebo,777,1120,na,hokkaido_iburi_tobu,Hokkaido0247,0.5,0,3527,39,12818,111.43965367268828,0.0,0.0
E1,q2_x3_bottleneckliteask_cas-multistream_seed777,cas-multistream,placebo,777,1120,na,hokkaido_iburi_tobu,Hokkaido0248,0.5,14,4040,39,12291,42.17404043822408,0.0,0.0
E1,q2_x3_bottleneckliteask_cas-multistream_seed777,cas-multistream,placebo,777,1120,na,hokkaido_iburi_tobu,Hokkaido0250,0.5,45,4748,25,11566,81.11534640022737,0.1085972850677124,0.1360393739975197
E1,q2_x3_bottleneckliteask_cas-multistream_seed777,cas-multistream,placebo,777,1120,na,hokkaido_iburi_tobu,Hokkaido0251,0.5,0,1143,70,15171,84.19471381658161,0.0,0.0
E1,q2_x3_bottleneckliteask_cas-multistream_seed777,cas-multistream,placebo,777,1120,na,hokkaido_iburi_tobu,Hokkaido0252,0.5,0,587,27,15770,86.4473801818303,0.0,0.0
E1,q2_x3_bottleneckliteask_cas-multistream_seed777,cas-multistream,placebo,777,1120,na,hokkaido_iburi_tobu,Hokkaido0253,0.5,0,1664,654,14066,55.226805085936306,0.0,0.0
E1,q2_x3_bottleneckliteask_cas-multistream_seed777,cas-multistream,placebo,777,1120,na,hokkaido_iburi_tobu,Hokkaido0254,0.5,17,398,2612,13357,73.3873284451963,0.033063209075949826,0.04444444444415718
E1,q2_x3_bottleneckliteask_cas-multistream_seed777,cas-multistream,placebo,777,1120,na,hokkaido_iburi_tobu,Hokkaido0255,0.5,557,451,2760,12616,51.72812810079389,0.18279926742606226,0.28748859564115464
E1,q2_x3_bottleneckliteask_cas-multistream_seed777,cas-multistream,placebo,777,1120,na,hokkaido_iburi_tobu,Hokkaido0256,0.5,491,951,1511,13431,48.41487374764082,0.13531021525105538,0.24779508846018392
E1,q2_x3_bottleneckliteask_cas-multistream_seed777,cas-multistream,placebo,777,1120,na,hokkaido_iburi_tobu,Hokkaido0257,0.5,126,1790,1369,13099,51.62363799656123,0.0,0.0319243275197008
E1,q2_x3_bottleneckliteask_cas-multistream_seed777,cas-multistream,placebo,777,1120,na,hokkaido_iburi_tobu,Hokkaido0258,0.5,418,838,2439,12689,52.839379254491625,0.1429678022827112,0.24337061264656198
E1,q2_x3_bottleneckliteask_cas-multistream_seed777,cas-multistream,placebo,777,1120,na,hokkaido_iburi_tobu,Hokkaido0259,0.5,0,0,3326,13058,181.01933598375618,0.0,0.0
E1,q2_x3_bottleneckliteask_cas-multistream_seed777,cas-multistream,placebo,777,1120,na,hokkaido_iburi_tobu,Hokkaido0260,0.5,558,888,2597,12341,62.46278449041268,0.17122764103322724,0.27366588630740946
E1,q2_x3_bottleneckliteask_cas-multistream_seed777,cas-multistream,placebo,777,1120,na,hokkaido_iburi_tobu,Hokkaido0261,0.5,772,913,2563,12136,30.870698080866262,0.22711371734367225,0.3348239771643043
E1,q2_x3_bottleneckliteask_cas-multistream_seed777,cas-multistream,placebo,777,1120,na,hokkaido_iburi_tobu,Hokkaido0262,0.5,456,2997,1317,11614,30.82007356291742,0.2679758278108445,0.3849135120477797
E1,q2_x3_bottleneckliteask_cas-multistream_seed777,cas-multistream,placebo,777,1120,na,hokkaido_iburi_tobu,Hokkaido0263,0.5,0,801,316,15267,69.49955005729143,0.0,0.0
E1,q2_x3_bottleneckliteask_cas-multistream_seed777,cas-multistream,placebo,777,1120,na,hokkaido_iburi_tobu,Hokkaido0264,0.5,0,1512,118,14754,65.19738839288806,0.0,0.0
E1,q2_x3_bottleneckliteask_cas-multistream_seed777,cas-multistream,placebo,777,1120,na,hokkaido_iburi_tobu,Hokkaido0265,0.5,0,1956,234,14194,54.1801835153792,0.0,0.0
E1,q2_x3_bottleneckliteask_cas-multistream_seed777,cas-multistream,placebo,777,1120,na,hokkaido_iburi_tobu,Hokkaido0266,0.5,0,1487,157,14740,51.06212286899139,0.0,0.0
E1,q2_x3_bottleneckliteask_cas-multistream_seed777,cas-multistream,placebo,777,1120,na,hokkaido_iburi_tobu,Hokkaido0267,0.5,8,2432,299,13645,44.79886213150776,0.04382855301278968,0.0844730490744116
E1,q2_x3_bottleneckliteask_cas-multistream_seed777,cas-multistream,placebo,777,1120,na,hokkaido_iburi_tobu,Hokkaido0268,0.5,184,2748,129,13323,40.22799319042039,0.21463096015627348,0.3394015824904182
E1,q2_x3_bottleneckliteask_cas-multistream_seed777,cas-multistream,placebo,777,1120,na,hokkaido_iburi_tobu,Hokkaido0269,0.5,0,2166,47,14171,89.09095228650018,0.0,0.0
E1,q2_x3_bottleneckliteask_cas-multistream_seed777,cas-multistream,placebo,777,1120,na,hokkaido_iburi_tobu,Hokkaido0270,0.5,40,3705,113,12526,67.44032208480324,0.05664020596398614,0.10360254297110864
E1,q2_x3_bottleneckliteask_cas-multistream_seed777,cas-multistream,placebo,777,1120,na,hokkaido_iburi_tobu,Hokkaido0271,0.5,93,3624,185,12482,30.85447169437609,0.0,0.0
E1,q2_x3_bottleneckliteask_cas-multistream_seed777,cas-multistream,placebo,777,1120,na,hokkaido_iburi_tobu,Hokkaido0272,0.5,76,3136,297,12875,45.36516349790564,0.0,0.0037664783422552907
E1,q2_x3_bottleneckliteask_cas-multistream_seed777,cas-multistream,placebo,777,1120,na,hokkaido_iburi_tobu,Hokkaido0273,0.5,157,1035,549,14643,43.4901355005842,0.11987381703422907,0.24032956585987614
E1,q2_x3_bottleneckliteask_cas-multistream_seed777,cas-multistream,placebo,777,1120,na,hokkaido_iburi_tobu,Hokkaido0274,0.5,15,1893,503,13973,64.45990977367983,0.04760432766565205,0.06806579693660238
E1,q2_x3_bottleneckliteask_cas-multistream_seed777,cas-multistream,placebo,777,1120,na,hokkaido_iburi_tobu,Hokkaido0275,0.5,13,2422,81,13868,56.522513879932504,0.07172743574387173,0.10010427528639133
E1,q2_x3_bottleneckliteask_cas-multistream_seed777,cas-multistream,placebo,777,1120,na,hokkaido_iburi_tobu,Hokkaido0276,0.5,21,1307,13,15043,44.356483342347545,0.0903126206095545,0.1270801815428879
E1,q2_x3_bottleneckliteask_cas-multistream_seed777,cas-multistream,placebo,777,1120,na,hokkaido_iburi_tobu,Hokkaido0277,0.5,58,2875,22,13429,37.97891089967865,0.0,0.0706905927131137
E1,q2_x3_bottleneckliteask_cas-multistream_seed777,cas-multistream,placebo,777,1120,na,hokkaido_iburi_tobu,Hokkaido0278,0.5,0,1984,80,14320,85.455834762691,0.0,0.0
E1,q2_x3_bottleneckliteask_cas-multistream_seed777,cas-multistream,placebo,777,1120,na,hokkaido_iburi_tobu,Hokkaido0279,0.5,0,3361,46,12977,84.24361388705107,0.0,0.0
E1,q2_x3_bottleneckliteask_cas-multistream_seed777,cas-multistream,placebo,777,1120,na,hokkaido_iburi_tobu,Hokkaido0280,0.5,22,3219,139,13004,48.54482307243204,0.017605633802338483,0.056856187290480725
E1,q2_x3_bottleneckliteask_cas-multistream_seed777,cas-multistream,placebo,777,1120,na,hokkaido_iburi_tobu,Hokkaido0281,0.5,19,3151,149,13065,74.41099155335252,0.07673019057129302,0.09739572305692638
E1,q2_x3_bottleneckliteask_cas-multistream_seed777,cas-multistream,placebo,777,1120,na,hokkaido_iburi_tobu,Hokkaido0282,0.5,11,4094,42,12237,70.88368783586597,0.07188277578079295,0.0901139676646984
E1,q2_x3_bottleneckliteask_cas-multistream_seed777,cas-multistream,placebo,777,1120,na,hokkaido_iburi_tobu,Hokkaido0283,0.5,0,806,158,15420,45.716321797506446,0.0,0.0
E1,q2_x3_bottleneckliteask_cas-multistream_seed777,cas-multistream,placebo,777,1120,na,hokkaido_iburi_tobu,Hokkaido0284,0.5,121,1319,527,14417,50.94237243797458,0.23018317393375118,0.3002455278845053
E1,q2_x3_bottleneckliteask_cas-multistream_seed777,cas-multistream,placebo,777,1120,na,hokkaido_iburi_tobu,Hokkaido0285,0.5,31,18,1600,14735,86.0981988501857,0.0627973358705386,0.09363295880140886
E1,q2_x3_bottleneckliteask_cas-multistream_seed777,cas-multistream,placebo,777,1120,na,hokkaido_iburi_tobu,Hokkaido0286,0.5,936,1536,1886,12026,43.63197436916985,0.23342353908214047,0.36440183172920027
E1,q2_x3_bottleneckliteask_cas-multistream_seed777,cas-multistream,placebo,777,1120,na,hokkaido_iburi_tobu,Hokkaido0287,0.5,744,1165,2201,12274,51.5566633286685,0.21807067996650312,0.3157778745595874
E1,q2_x3_bottleneckliteask_cas-multistream_seed777,cas-multistream,placebo,777,1120,na,hokkaido_iburi_tobu,Hokkaido0288,0.5,765,1194,2496,11929,48.378714051701536,0.19651176825564573,0.32525829370871995
E1,q2_x3_bottleneckliteask_cas-multistream_seed777,cas-multistream,placebo,777,1120,na,hokkaido_iburi_tobu,Hokkaido0289,0.5,666,555,2930,12233,50.44203927782417,0.1771041413536092,0.26640513552044304
E1,q2_x3_bottleneckliteask_cas-multistream_seed777,cas-multistream,placebo,777,1120,na,hokkaido_iburi_tobu,Hokkaido0290,0.5,284,192,3313,12595,62.646228810948074,0.1544230441450403,0.1876300995305937
E1,q2_x3_bottleneckliteask_cas-multistream_seed777,cas-multistream,placebo,777,1120,na,hokkaido_iburi_tobu,Hokkaido0291,0.5,861,1033,3190,11300,50.26130910906076,0.12911806638645074,0.21560949050299974
E1,q2_x3_bottleneckliteask_cas-multistream_seed777,cas-multistream,placebo,777,1120,na,hokkaido_iburi_tobu,Hokkaido0292,0.5,788,1793,2205,11598,45.61962240833943,0.22887120160770966,0.3452101400242095
E1,q2_x3_bottleneckliteask_cas-multistream_seed777,cas-multistream,placebo,777,1120,na,hokkaido_iburi_tobu,Hokkaido0293,0.5,131,1993,867,13393,41.86406054679134,0.1668906208004121,0.23499684143982671
E1,q2_x3_bottleneckliteask_cas-multistream_seed777,cas-multistream,placebo,777,1120,na,hokkaido_iburi_tobu,Hokkaido0294,0.5,0,1183,218,14983,61.536978627320764,0.0,0.0
E1,q2_x3_bottleneckliteask_cas-multistream_seed777,cas-multistream,placebo,777,1120,na,hokkaido_iburi_tobu,Hokkaido0295,0.5,0,1084,270,15030,61.395028029577645,0.012121212120712285,0.04848484848434864
E1,q2_x3_bottleneckliteask_cas-multistream_seed777,cas-multistream,placebo,777,1120,na,hokkaido_iburi_tobu,Hokkaido0296,0.5,71,1457,69,14787,46.98440149939292,0.03636363636325686,0.1273469387750925
E1,q2_x3_bottleneckliteask_cas-multistream_seed777,cas-multistream,placebo,777,1120,na,hokkaido_iburi_tobu,Hokkaido0297,0.5,13,2173,220,13978,65.86349520030045,0.01885606536719335,0.07149950347517114
E1,q2_x3_bottleneckliteask_cas-multistream_seed777,cas-multistream,placebo,777,1120,na,hokkaido_iburi_tobu,Hokkaido0298,0.5,32,2127,469,13756,59.3669340579043,0.09561337428240194,0.16984470218153272
E1,q2_x3_bottleneckliteask_cas-multistream_seed777,cas-multistream,placebo,777,1120,na,hokkaido_iburi_tobu,Hokkaido0299,0.5,24,2892,476,12992,58.34290110085563,0.019230769230305474,0.056978124469584876
E1,q2_x3_bottleneckliteask_cas-multistream_seed777,cas-multistream,placebo,777,1120,na,hokkaido_iburi_tobu,Hokkaido0300,0.5,0,2019,220,14145,60.06825384216393,0.0,0.0
E1,q2_x3_bottleneckliteask_cas-multistream_seed777,cas-multistream,placebo,777,1120,na,hokkaido_iburi_tobu,Hokkaido0301,0.5,0,3448,18,12918,110.84625435725103,0.0,0.0
E1,q2_x3_bottleneckliteask_cas-multistream_seed777,cas-multistream,placebo,777,1120,na,hokkaido_iburi_tobu,Hokkaido0302,0.5,0,3252,98,13034,87.25131715276073,0.0,0.0
E1,q2_x3_bottleneckliteask_cas-multistream_seed777,cas-multistream,placebo,777,1120,na,hokkaido_iburi_tobu,Hokkaido0303,0.5,55,3751,426,12152,42.468727739085416,0.0,0.02430555555506135
E1,q2_x3_bottleneckliteask_cas-multistream_seed777,cas-multistream,placebo,777,1120,na,hokkaido_iburi_tobu,Hokkaido0304,0.5,69,468,797,15050,76.35670551251138,0.19458507594061109,0.25107778819075394
E1,q2_x3_bottleneckliteask_cas-multistream_seed777,cas-multistream,placebo,777,1120,na,hokkaido_iburi_tobu,Hokkaido0305,0.5,444,1230,1272,13438,44.555501402033265,0.20962732919218677,0.33645113496235485
E1,q2_x3_bottleneckliteask_cas-multistream_seed777,cas-multistream,placebo,777,1120,na,hokkaido_iburi_tobu,Hokkaido0306,0.5,343,1309,1175,13557,39.030749027719956,0.16760711849653678,0.3305741341628857
E1,q2_x3_bottleneckliteask_cas-multistream_seed777,cas-multistream,placebo,777,1120,na,hokkaido_iburi_tobu,Hokkaido0307,0.5,0,3337,362,12685,42.00215923143465,0.0,0.020307513779600442
E1,q2_x3_bottleneckliteask_cas-multistream_seed777,cas-multistream,placebo,777,1120,na,hokkaido_iburi_tobu,Hokkaido0308,0.5,0,2750,77,13557,84.18877279147407,0.0,0.0
E1,q2_x3_bottleneckliteask_cas-multistream_seed777,cas-multistream,placebo,777,1120,na,hokkaido_iburi_tobu,Hokkaido0309,0.5,0,3682,17,12685,102.18121158021175,0.0,0.0
E1,q2_x3_bottleneckliteask_cas-multistream_seed777,cas-multistream,placebo,777,1120,na,hokkaido_iburi_tobu,Hokkaido0310,0.5,19,3249,58,13058,44.31579613706228,0.045503791982388644,0.09251369446103531
E1,q2_x3_bottleneckliteask_cas-multistream_seed777,cas-multistream,placebo,777,1120,na,hokkaido_iburi_tobu,Hokkaido0311,0.5,0,3254,60,13070,95.74470838242225,0.0,0.0
E1,q2_x3_bottleneckliteask_cas-multistream_seed777,cas-multistream,placebo,777,1120,na,hokkaido_iburi_tobu,Hokkaido0312,0.5,0,3330,104,12950,87.46284922109587,0.0,0.0
E1,q2_x3_bottleneckliteask_cas-multistream_seed777,cas-multistream,placebo,777,1120,na,hokkaido_iburi_tobu,Hokkaido0313,0.5,46,2937,106,13295,46.389654018972806,0.022935779816049155,0.06880733944907667
E1,q2_x3_bottleneckliteask_cas-multistream_seed777,cas-multistream,placebo,777,1120,na,hokkaido_iburi_tobu,Hokkaido0314,0.5,121,3085,431,12747,34.52259810812834,0.04014598540096156,0.12472017908488801
E1,q2_x3_bottleneckliteask_cas-multistream_seed777,cas-multistream,placebo,777,1120,na,hokkaido_iburi_tobu,Hokkaido0315,0.5,232,1979,325,13848,34.9828149534536,0.06109979633353153,0.06109979633353153
E1,q2_x3_bottleneckliteask_cas-multistream_seed777,cas-multistream,placebo,777,1120,na,hokkaido_iburi_tobu,Hokkaido0316,0.5,8,2872,45,13459,52.9553936594528,0.066225165562689,0.08816120906772534
E1,q2_x3_bottleneckliteask_cas-multistream_seed777,cas-multistream,placebo,777,1120,na,hokkaido_iburi_tobu,Hokkaido0319,0.5,0,2851,84,13449,77.08943713929656,0.0,0.0
E1,q2_x3_bottleneckliteask_cas-multistream_seed777,cas-multistream,placebo,777,1120,na,hokkaido_iburi_tobu,Hokkaido0320,0.5,0,2268,163,13953,75.23961722390672,0.0,0.0
E1,q2_x3_bottleneckliteask_cas-multistream_seed777,cas-multistream,placebo,777,1120,na,hokkaido_iburi_tobu,Hokkaido0321,0.5,184,1509,256,14435,35.089960422654556,0.3264839754991586,0.3966942148755454
E1,q2_x3_bottleneckliteask_cas-multistream_seed777,cas-multistream,placebo,777,1120,na,hokkaido_iburi_tobu,Hokkaido0322,0.5,156,71,1817,14340,42.44408045071407,0.20670568485981083,0.27953499960476275
E1,q2_x3_bottleneckliteask_cas-multistream_seed777,cas-multistream,placebo,777,1120,na,hokkaido_iburi_tobu,Hokkaido0323,0.5,1073,1418,1917,11976,40.70626487409524,0.2689677695554829,0.39373850151032175
E1,q2_x3_bottleneckliteask_cas-multistream_seed777,cas-multistream,placebo,777,1120,na,hokkaido_iburi_tobu,Hokkaido0324,0.5,548,1171,2858,11807,57.683613184984424,0.12167317003835135,0.18311808926325773
E1,q2_x3_bottleneckliteask_cas-multistream_seed777,cas-multistream,placebo,777,1120,na,hokkaido_iburi_tobu,Hokkaido0325,0.5,826,1025,3034,11499,53.84050346808364,0.18486521500047093,0.2653255222083359
E1,q2_x3_bottleneckliteask_cas-multistream_seed777,cas-multistream,placebo,777,1120,na,hokkaido_iburi_tobu,Hokkaido0326,0.5,601,688,3678,11417,52.81524303831078,0.17424993378963127,0.2557103018054057
E1,q2_x3_bottleneckliteask_cas-multistream_seed777,cas-multistream,placebo,777,1120,na,hokkaido_iburi_tobu,Hokkaido0327,0.5,700,679,4018,10987,45.92546747449444,0.22705544589101853,0.29715269638902275
E1,q2_x3_bottleneckliteask_cas-multistream_seed777,cas-multistream,placebo,777,1120,na,hokkaido_iburi_tobu,Hokkaido0328,0.5,607,661,2389,12727,54.22124945803781,0.16417149478540052,0.26899846592129234
E1,q2_x3_bottleneckliteask_cas-multistream_seed777,cas-multistream,placebo,777,1120,na,hokkaido_iburi_tobu,Hokkaido0329,0.5,456,3497,523,11908,29.7094154937406,0.16445542355900228,0.280540239768868
E1,q2_x3_bottleneckliteask_cas-multistream_seed777,cas-multistream,placebo,777,1120,na,hokkaido_iburi_tobu,Hokkaido0330,0.5,0,1490,420,14474,55.627660553570806,0.0,0.0
E1,q2_x3_bottleneckliteask_cas-multistream_seed777,cas-multistream,placebo,777,1120,na,hokkaido_iburi_tobu,Hokkaido0331,0.5,111,1831,282,14160,30.838262330083634,0.053393157599058216,0.1712776310296781
E1,q2_x3_bottleneckliteask_cas-multistream_seed777,cas-multistream,placebo,777,1120,na,hokkaido_iburi_tobu,Hokkaido0332,0.5,233,3263,107,12781,50.19950248448356,0.165949600491204,0.2758366368576203
E1,q2_x3_bottleneckliteask_cas-multistream_seed777,cas-multistream,placebo,777,1120,na,hokkaido_iburi_tobu,Hokkaido0333,0.5,67,3059,325,12933,44.721359549995796,0.1180189673335392,0.15193667133546704
E1,q2_x3_bottleneckliteask_cas-multistream_seed777,cas-multistream,placebo,777,1120,na,hokkaido_iburi_tobu,Hokkaido0334,0.5,261,1375,1201,13547,53.695898416187276,0.09093414163653671,0.12915957808750886
E1,q2_x3_bottleneckliteask_cas-multistream_seed777,cas-multistream,placebo,777,1120,na,hokkaido_iburi_tobu,Hokkaido0335,0.5,362,1129,1324,13569,42.05948168962618,0.1673710904476417,0.2848917239488448
E1,q2_x3_bottleneckliteask_cas-multistream_seed777,cas-multistream,placebo,777,1120,na,hokkaido_iburi_tobu,Hokkaido0336,0.5,248,2176,387,13573,46.71615363592654,0.10177634115192508,0.22787264989447187
E1,q2_x3_bottleneckliteask_cas-multistream_seed777,cas-multistream,placebo,777,1120,na,hokkaido_iburi_tobu,Hokkaido0337,0.5,311,3310,223,12540,50.1195648504981,0.1987984707805144,0.24813997639647317
E1,q2_x3_bottleneckliteask_cas-multistream_seed777,cas-multistream,placebo,777,1120,na,hokkaido_iburi_tobu,Hokkaido0338,0.5,252,3812,136,12184,77.6298812207771,0.23003649959901395,0.35796294991862204
E1,q2_x3_bottleneckliteask_cas-multistream_seed777,cas-multistream,placebo,777,1120,na,hokkaido_iburi_tobu,Hokkaido0339,0.5,0,1111,411,14862,56.83054792871898,0.0,0.0
E1,q2_x3_bottleneckliteask_cas-multistream_seed777,cas-multistream,placebo,777,1120,na,hokkaido_iburi_tobu,Hokkaido0340,0.5,472,837,889,14186,45.967379738244816,0.30042115620586257,0.5014603413736548
E1,q2_x3_bottleneckliteask_cas-multistream_seed777,cas-multistream,placebo,777,1120,na,hokkaido_iburi_tobu,Hokkaido0341,0.5,513,1415,1774,12682,42.491142560105594,0.17969705022558957,0.2692121647132907
E1,q2_x3_bottleneckliteask_cas-multistream_seed777,cas-multistream,placebo,777,1120,na,hokkaido_iburi_tobu,Hokkaido0342,0.5,573,1001,1549,13261,43.62565857638036,0.19589695612917837,0.2885832916160201
E1,q2_x3_bottleneckliteask_cas-multistream_seed777,cas-multistream,placebo,777,1120,na,hokkaido_iburi_tobu,Hokkaido0343,0.5,438,1148,940,13858,47.47840240953756,0.24760459159432652,0.339680905815353
E1,q2_x3_bottleneckliteask_cas-multistream_seed777,cas-multistream,placebo,777,1120,na,hokkaido_iburi_tobu,Hokkaido0344,0.5,50,3324,543,12467,58.75156140555915,0.0,0.0
E1,q2_x3_bottleneckliteask_cas-multistream_seed777,cas-multistream,placebo,777,1120,na,hokkaido_iburi_tobu,Hokkaido0345,0.5,0,2996,19,13369,101.84664957030196,0.0,0.0
E1,q2_x3_bottleneckliteask_cas-multistream_seed777,cas-multistream,placebo,777,1120,na,hokkaido_iburi_tobu,Hokkaido0346,0.5,122,3488,189,12585,47.36814082534407,0.17933905055755284,0.25920510434622607
E1,q2_x3_bottleneckliteask_cas-multistream_seed777,cas-multistream,placebo,777,1120,na,hokkaido_iburi_tobu,Hokkaido0347,0.5,109,3568,304,12403,56.651076130187626,0.17660281141966502,0.24544477721086577
E1,q2_x3_bottleneckliteask_cas-multistream_seed777,cas-multistream,placebo,777,1120,na,hokkaido_iburi_tobu,Hokkaido0348,0.5,152,2682,93,13457,35.724007258234224,0.07262888066029966,0.10669253152231241
E1,q2_x3_bottleneckliteask_cas-multistream_seed777,cas-multistream,placebo,777,1120,na,hokkaido_iburi_tobu,Hokkaido0349,0.5,158,1927,19,14280,26.9438533162395,0.1996263677604281,0.3730343622592994
E1,q2_x3_bottleneckliteask_cas-multistream_seed777,cas-multistream,placebo,777,1120,na,hokkaido_iburi_tobu,Hokkaido0350,0.5,208,3625,490,12061,42.20815739581323,0.07193588323400943,0.1373487386335332
E1,q2_x3_bottleneckliteask_cas-multistream_seed777,cas-multistream,placebo,777,1120,na,hokkaido_iburi_tobu,Hokkaido0351,0.5,211,1247,606,14320,46.27397460474588,0.18506064609056508,0.2508250825077898
E1,q2_x3_bottleneckliteask_cas-multistream_seed777,cas-multistream,placebo,777,1120,na,hokkaido_iburi_tobu,Hokkaido0352,0.5,59,2055,406,13864,58.68705075126391,0.11240830664274941,0.15306122448929899
E1,q2_x3_bottleneckliteask_cas-multistream_seed777,cas-multistream,placebo,777,1120,na,hokkaido_iburi_tobu,Hokkaido0353,0.5,22,3720,271,12371,68.70652842339175,0.0463458110512696,0.0694231750888768
E1,q2_x3_bottleneckliteask_cas-multistream_seed777,cas-multistream,placebo,777,1120,na,hokkaido_iburi_tobu,Hokkaido0354,0.5,72,3208,0,13104,64.68382299897179,0.08522727272701298,0.2036528204296689
E1,q2_x3_bottleneckliteask_cas-multistream_seed777,cas-multistream,placebo,777,1120,na,hokkaido_iburi_tobu,Hokkaido0355,0.5,15,2593,57,13719,62.16912416947821,0.1296796603624524,0.1721115537845483
E1,q2_x3_bottleneckliteask_cas-multistream_seed777,cas-multistream,placebo,777,1120,na,hokkaido_iburi_tobu,Hokkaido0357,0.5,14,635,81,15654,51.470862621569026,0.09493670886028,0.15238095238045607
E1,q2_x3_bottleneckliteask_cas-multistream_seed777,cas-multistream,placebo,777,1120,na,hokkaido_iburi_tobu,Hokkaido0358,0.5,0,2562,106,13716,67.14275075096673,0.0,0.0
E1,q2_x3_bottleneckliteask_cas-multistream_seed777,cas-multistream,placebo,777,1120,na,hokkaido_iburi_tobu,Hokkaido0359,0.5,0,2596,48,13740,70.52899604118502,0.0,0.0
E1,q2_x3_bottleneckliteask_cas-multistream_seed777,cas-multistream,placebo,777,1120,na,hokkaido_iburi_tobu,Hokkaido0360,0.5,0,2562,75,13747,51.262944219895495,0.0,0.0
E1,q2_x3_bottleneckliteask_cas-multistream_seed777,cas-multistream,placebo,777,1120,na,hokkaido_iburi_tobu,Hokkaido0361,0.5,37,1476,1788,13083,43.531543168692366,0.08573220882375435,0.13885866877613173
E1,q2_x3_bottleneckliteask_cas-multistream_seed777,cas-multistream,placebo,777,1120,na,hokkaido_iburi_tobu,Hokkaido0362,0.5,1151,639,3043,11551,50.388455575582114,0.2616009181380769,0.3707038580474827
E1,q2_x3_bottleneckliteask_cas-multistream_seed777,cas-multistream,placebo,777,1120,na,hokkaido_iburi_tobu,Hokkaido0363,0.5,782,406,4417,10779,60.93848321760893,0.08523032875724344,0.16172088747089494
E1,q2_x3_bottleneckliteask_cas-multistream_seed777,cas-multistream,placebo,777,1120,na,hokkaido_iburi_tobu,Hokkaido0364,0.5,13,0,5288,11083,84.50443775329198,0.010881533778082719,0.02775636083266345
E1,q2_x3_bottleneckliteask_cas-multistream_seed777,cas-multistream,placebo,777,1120,na,hokkaido_iburi_tobu,Hokkaido0365,0.5,883,915,4430,10156,51.99999733202381,0.17503236250381876,0.26005819135087715
E1,q2_x3_bottleneckliteask_cas-multistream_seed777,cas-multistream,placebo,777,1120,na,hokkaido_iburi_tobu,Hokkaido0366,0.5,1141,1590,3561,10092,43.829214001622255,0.177572158738298,0.27300910754111235
E1,q2_x3_bottleneckliteask_cas-multistream_seed777,cas-multistream,placebo,777,1120,na,hokkaido_iburi_tobu,Hokkaido0367,0.5,348,1046,1781,13209,59.665735560705194,0.07512296914571312,0.11748157317254193
E1,q2_x3_bottleneckliteask_cas-multistream_seed777,cas-multistream,placebo,777,1120,na,hokkaido_iburi_tobu,Hokkaido0368,0.5,146,3190,427,12621,45.27690954570892,0.09967822667095777,0.156512017886601
E1,q2_x3_bottleneckliteask_cas-multistream_seed777,cas-multistream,placebo,777,1120,na,hokkaido_iburi_tobu,Hokkaido0369,0.5,61,2303,679,13341,57.452567544257505,0.04696016771443013,0.07543044547643035
E1,q2_x3_bottleneckliteask_cas-multistream_seed777,cas-multistream,placebo,777,1120,na,hokkaido_iburi_tobu,Hokkaido0370,0.5,62,1073,509,14740,54.644304369257,0.03424843707483056,0.08333333333285503
E1,q2_x3_bottleneckliteask_cas-multistream_seed777,cas-multistream,placebo,777,1120,na,hokkaido_iburi_tobu,Hokkaido0371,0.5,9,1760,496,14119,40.80802892527462,0.04564841498509147,0.06982833866696059
E1,q2_x3_bottleneckliteask_cas-multistream_seed777,cas-multistream,placebo,777,1120,na,hokkaido_iburi_tobu,Hokkaido0372,0.5,70,1797,578,13939,59.61876122595816,0.08094552749751689,0.14740228540355593
E1,q2_x3_bottleneckliteask_cas-multistream_seed777,cas-multistream,placebo,777,1120,na,hokkaido_iburi_tobu,Hokkaido0373,0.5,201,1848,1330,13005,50.6596403318317,0.09774859909119203,0.16335626242818488
E1,q2_x3_bottleneckliteask_cas-multistream_seed777,cas-multistream,placebo,777,1120,na,hokkaido_iburi_tobu,Hokkaido0374,0.5,555,2121,1621,12087,42.50999134633514,0.13578610262871357,0.24158985333818153
E1,q2_x3_bottleneckliteask_cas-multistream_seed777,cas-multistream,placebo,777,1120,na,hokkaido_iburi_tobu,Hokkaido0375,0.5,413,2535,1032,12404,36.91338679311474,0.23195991446675723,0.3115179669349368
E1,q2_x3_bottleneckliteask_cas-multistream_seed777,cas-multistream,placebo,777,1120,na,hokkaido_iburi_tobu,Hokkaido0376,0.5,728,3672,619,11365,32.94593418735588,0.24448323328602337,0.38300828742942666
E1,q2_x3_bottleneckliteask_cas-multistream_seed777,cas-multistream,placebo,777,1120,na,hokkaido_iburi_tobu,Hokkaido0377,0.5,535,2641,616,12592,30.03413779060576,0.30769230769180783,0.4450037754840205
E1,q2_x3_bottleneckliteask_cas-multistream_seed777,cas-multistream,placebo,777,1120,na,hokkaido_iburi_tobu,Hokkaido0378,0.5,132,2866,496,12890,50.824875884107506,0.047730463265792916,0.10250659630557252
E1,q2_x3_bottleneckliteask_cas-multistream_seed777,cas-multistream,placebo,777,1120,na,hokkaido_iburi_tobu,Hokkaido0379,0.5,201,1383,1279,13521,51.85556864985669,0.10033375052112319,0.1790848815068925
E1,q2_x3_bottleneckliteask_cas-multistream_seed777,cas-multistream,placebo,777,1120,na,hokkaido_iburi_tobu,Hokkaido0380,0.5,434,1247,1860,12843,59.20304046246274,0.15372603635797844,0.24198271552004236
E1,q2_x3_bottleneckliteask_cas-multistream_seed777,cas-multistream,placebo,777,1120,na,hokkaido_iburi_tobu,Hokkaido0381,0.5,264,990,2110,13020,57.14017850864661,0.11865169502396629,0.2069882117263757
E1,q2_x3_bottleneckliteask_cas-multistream_seed777,cas-multistream,placebo,777,1120,na,hokkaido_iburi_tobu,Hokkaido0382,0.5,986,2771,1678,10949,34.72030435006282,0.19518595973231692,0.28847265300476477
E1,q2_x3_bottleneckliteask_cas-multistream_seed777,cas-multistream,placebo,777,1120,na,hokkaido_iburi_tobu,Hokkaido0383,0.5,305,1473,1704,12902,48.285594486369064,0.23945497434842505,0.30541251411338316
E1,q2_x3_bottleneckliteask_cas-multistream_seed777,cas-multistream,placebo,777,1120,na,hokkaido_iburi_tobu,Hokkaido0384,0.5,44,1834,842,13664,50.7564197726559,0.04368932038791757,0.06532066508266139
E1,q2_x3_bottleneckliteask_cas-multistream_seed777,cas-multistream,placebo,777,1120,na,hokkaido_iburi_tobu,Hokkaido0385,0.5,349,1968,319,13748,43.178563783365426,0.17143734958217255,0.26199558321572297
E1,q2_x3_bottleneckliteask_cas-multistream_seed777,cas-multistream,placebo,777,1120,na,hokkaido_iburi_tobu,Hokkaido0386,0.5,141,3153,336,12754,57.28554446818354,0.14728682170493312,0.22207735767008813
E1,q2_x3_bottleneckliteask_cas-multistream_seed777,cas-multistream,placebo,777,1120,na,hokkaido_iburi_tobu,Hokkaido0387,0.5,99,1705,645,13935,53.06442298705352,0.07174030011312958,0.15116517060857326
E1,q2_x3_bottleneckliteask_cas-multistream_seed777,cas-multistream,placebo,777,1120,na,hokkaido_iburi_tobu,Hokkaido0388,0.5,171,1916,629,13668,56.77056053454802,0.19821428571381833,0.21488466181556481
E1,q2_x3_bottleneckliteask_cas-multistream_seed777,cas-multistream,placebo,777,1120,na,hokkaido_iburi_tobu,Hokkaido0389,0.5,85,1228,572,14499,56.35595875348132,0.07984207062909845,0.1361632447407345
E1,q2_x3_bottleneckliteask_cas-multistream_seed777,cas-multistream,placebo,777,1120,na,hokkaido_iburi_tobu,Hokkaido0390,0.5,179,2884,857,12464,48.03639114406576,0.0756112395081481,0.13202084539618605
E1,q2_x3_bottleneckliteask_cas-multistream_seed777,cas-multistream,placebo,777,1120,na,hokkaido_iburi_tobu,Hokkaido0391,0.5,328,3272,819,11965,37.49344513828419,0.23498655512352598,0.33865796404395765
E1,q2_x3_bottleneckliteask_cas-multistream_seed777,cas-multistream,placebo,777,1120,na,hokkaido_iburi_tobu,Hokkaido0392,0.5,207,2353,491,13333,38.84905692780976,0.14599863976373517,0.2209589538680312
E1,q2_x3_bottleneckliteask_cas-multistream_seed777,cas-multistream,placebo,777,1120,na,hokkaido_iburi_tobu,Hokkaido0393,0.5,105,1812,206,14261,48.25971404805462,0.02164502164452323,0.04857997010415095
E1,q2_x3_bottleneckliteask_cas-multistream_seed777,cas-multistream,placebo,777,1120,na,hokkaido_iburi_tobu,Hokkaido0394,0.5,62,2285,132,13905,40.970470348131386,0.0,0.06867299535397513
E1,q2_x3_bottleneckliteask_cas-multistream_seed777,cas-multistream,placebo,777,1120,na,hokkaido_iburi_tobu,Hokkaido0395,0.5,0,522,153,15709,74.75823449173886,0.0,0.0
E1,q2_x3_bottleneckliteask_cas-multistream_seed777,cas-multistream,placebo,777,1120,na,hokkaido_iburi_tobu,Hokkaido0396,0.5,4,896,229,15255,50.01540836725884,0.050314465408310756,0.08290816326481058
E1,q2_x3_bottleneckliteask_cas-multistream_seed777,cas-multistream,placebo,777,1120,na,hokkaido_iburi_tobu,Hokkaido0397,0.5,51,4259,50,12024,52.11504157087873,0.005037783374961505,0.08443271767773534
E1,q2_x3_bottleneckliteask_cas-multistream_seed777,cas-multistream,placebo,777,1120,na,hokkaido_iburi_tobu,Hokkaido0398,0.5,28,2893,12,13451,37.20146327005945,0.013157894736613576,0.051660516604914414
E1,q2_x3_bottleneckliteask_cas-multistream_seed777,cas-multistream,placebo,777,1120,na,hokkaido_iburi_tobu,Hokkaido0399,0.5,0,1551,595,14238,61.29627201031393,0.0,0.0
E1,q2_x3_bottleneckliteask_cas-multistream_seed777,cas-multistream,placebo,777,1120,na,hokkaido_iburi_tobu,Hokkaido0400,0.5,230,119,2369,13666,93.06852226106624,0.1423833023216406,0.21716646401292936
E1,q2_x3_bottleneckliteask_cas-multistream_seed777,cas-multistream,placebo,777,1120,na,hokkaido_iburi_tobu,Hokkaido0401,0.5,694,188,4788,10714,49.55803443948621,0.17201451167410764,0.23759153783542933
E1,q2_x3_bottleneckliteask_cas-multistream_seed777,cas-multistream,placebo,777,1120,na,hokkaido_iburi_tobu,Hokkaido0402,0.5,0,0,6542,9842,181.01933598375618,0.0,0.0
E1,q2_x3_bottleneckliteask_cas-multistream_seed777,cas-multistream,placebo,777,1120,na,hokkaido_iburi_tobu,Hokkaido0403,0.5,19,0,5561,10804,86.08396167186599,0.007589172780156894,0.02187853640133634
E1,q2_x3_bottleneckliteask_cas-multistream_seed777,cas-multistream,placebo,777,1120,na,hokkaido_iburi_tobu,Hokkaido0404,0.5,262,157,4918,11047,66.57326790837296,0.07198873475559842,0.14119922630547807
E1,q2_x3_bottleneckliteask_cas-multistream_seed777,cas-multistream,placebo,777,1120,na,hokkaido_iburi_tobu,Hokkaido0405,0.5,1355,2187,2958,9884,42.00833114004308,0.1471651794216334,0.2579730351968631
E1,q2_x3_bottleneckliteask_cas-multistream_seed777,cas-multistream,placebo,777,1120,na,hokkaido_iburi_tobu,Hokkaido0406,0.5,285,1476,2097,12526,60.8128263937375,0.07747862702533306,0.1658844235842661
E1,q2_x3_bottleneckliteask_cas-multistream_seed777,cas-multistream,placebo,777,1120,na,hokkaido_iburi_tobu,Hokkaido0407,0.5,85,1808,1070,13421,64.8729503572715,0.0023364485977617503,0.017647800327444046
E1,q2_x3_bottleneckliteask_cas-multistream_seed777,cas-multistream,placebo,777,1120,na,hokkaido_iburi_tobu,Hokkaido0408,0.5,445,2451,931,12557,40.98462115856551,0.18619569547540385,0.282083181545909
E1,q2_x3_bottleneckliteask_cas-multistream_seed777,cas-multistream,placebo,777,1120,na,hokkaido_iburi_tobu,Hokkaido0409,0.5,340,1218,785,14041,37.898490523046775,0.1908341305630825,0.29838259009068074
E1,q2_x3_bottleneckliteask_cas-multistream_seed777,cas-multistream,placebo,777,1120,na,hokkaido_iburi_tobu,Hokkaido0410,0.5,151,1591,940,13702,63.981993526262116,0.10905349794201082,0.16233080541388073
E1,q2_x3_bottleneckliteask_cas-multistream_seed777,cas-multistream,placebo,777,1120,na,hokkaido_iburi_tobu,Hokkaido0411,0.5,786,2261,1251,12086,29.966648127543394,0.26119571804763814,0.3894704750360396
E1,q2_x3_bottleneckliteask_cas-multistream_seed777,cas-multistream,placebo,777,1120,na,hokkaido_iburi_tobu,Hokkaido0412,0.5,492,2828,1247,11817,48.038421590831405,0.14780634400426954,0.25846051297677175
E1,q2_x3_bottleneckliteask_cas-multistream_seed777,cas-multistream,placebo,777,1120,na,hokkaido_iburi_tobu,Hokkaido0413,0.5,564,2261,1750,11809,42.474695266821875,0.2183803025804812,0.30690186153551474
E1,q2_x3_bottleneckliteask_cas-multistream_seed777,cas-multistream,placebo,777,1120,na,hokkaido_iburi_tobu,Hokkaido0414,0.5,651,1863,1914,11956,41.23105625617661,0.16367123676890652,0.2582663574083751
E1,q2_x3_bottleneckliteask_cas-multistream_seed777,cas-multistream,placebo,777,1120,na,hokkaido_iburi_tobu,Hokkaido0415,0.5,400,2934,1040,12010,39.99437236080642,0.21159153633814273,0.36186462997060853
E1,q2_x3_bottleneckliteask_cas-multistream_seed777,cas-multistream,placebo,777,1120,na,hokkaido_iburi_tobu,Hokkaido0416,0.5,461,2681,592,12650,51.20151402310929,0.1824292133958784,0.2480468749995327
E1,q2_x3_bottleneckliteask_cas-multistream_seed777,cas-multistream,placebo,777,1120,na,hokkaido_iburi_tobu,Hokkaido0417,0.5,87,1812,1081,13404,48.296478929181596,0.09290181553180368,0.11311339062890623
E1,q2_x3_bottleneckliteask_cas-multistream_seed777,cas-multistream,placebo,777,1120,na,hokkaido_iburi_tobu,Hokkaido0418,0.5,406,1741,1192,13045,45.65084884205331,0.18722568368028938,0.24385054743589668
E1,q2_x3_bottleneckliteask_cas-multistream_seed777,cas-multistream,placebo,777,1120,na,hokkaido_iburi_tobu,Hokkaido0419,0.5,499,1636,1661,12588,42.0,0.25758580551178367,0.38100373494236073
E1,q2_x3_bottleneckliteask_cas-multistream_seed777,cas-multistream,placebo,777,1120,na,hokkaido_iburi_tobu,Hokkaido0420,0.5,687,3250,2237,10210,40.12443191754809,0.16019299293952802,0.2635235626563848
E1,q2_x3_bottleneckliteask_cas-multistream_seed777,cas-multistream,placebo,777,1120,na,hokkaido_iburi_tobu,Hokkaido0421,0.5,549,1298,2917,11620,54.45181356024793,0.14947791410848488,0.2522557837609781
E1,q2_x3_bottleneckliteask_cas-multistream_seed777,cas-multistream,placebo,777,1120,na,hokkaido_iburi_tobu,Hokkaido0422,0.5,443,1374,2812,11755,53.075418038862395,0.12746856082735106,0.21696480092300185
E1,q2_x3_bottleneckliteask_cas-multistream_seed777,cas-multistream,placebo,777,1120,na,hokkaido_iburi_tobu,Hokkaido0423,0.5,611,1076,1790,12907,49.65078029372862,0.2499522835716091,0.40559536252091916
E1,q2_x3_bottleneckliteask_cas-multistream_seed777,cas-multistream,placebo,777,1120,na,hokkaido_iburi_tobu,Hokkaido0424,0.5,540,319,1595,13930,59.90826320300064,0.20465619924173614,0.2540115945467179
E1,q2_x3_bottleneckliteask_cas-multistream_seed777,cas-multistream,placebo,777,1120,na,hokkaido_iburi_tobu,Hokkaido0425,0.5,0,707,1401,14276,51.478150704935004,0.0,0.0
E1,q2_x3_bottleneckliteask_cas-multistream_seed777,cas-multistream,placebo,777,1120,na,hokkaido_iburi_tobu,Hokkaido0426,0.5,97,289,774,15224,67.17886572427373,0.025454545454281628,0.08197191172232222
E1,q2_x3_bottleneckliteask_cas-multistream_seed777,cas-multistream,placebo,777,1120,na,hokkaido_iburi_tobu,Hokkaido0427,0.5,237,1578,828,13741,58.87782550927839,0.21919524033153553,0.3237940647160803
E1,q2_x3_bottleneckliteask_cas-multistream_seed777,cas-multistream,placebo,777,1120,na,hokkaido_iburi_tobu,Hokkaido0428,0.5,325,2521,790,12748,36.33452271311392,0.17900552486142135,0.2756892230572289
E1,q2_x3_bottleneckliteask_cas-multistream_seed777,cas-multistream,placebo,777,1120,na,hokkaido_iburi_tobu,Hokkaido0429,0.5,446,2055,1303,12580,44.55558219099415,0.16672107834695385,0.2717211441339191
E1,q2_x3_bottleneckliteask_cas-multistream_seed777,cas-multistream,placebo,777,1120,na,hokkaido_iburi_tobu,Hokkaido0430,0.5,628,2650,996,12110,37.16382545829171,0.19107184739230546,0.27700503107387836
E1,q2_x3_bottleneckliteask_cas-multistream_seed777,cas-multistream,placebo,777,1120,na,hokkaido_iburi_tobu,Hokkaido0431,0.5,255,1853,1251,13025,46.83267978944644,0.16231975415606864,0.2171603918324599
E1,q2_x3_bottleneckliteask_cas-multistream_seed777,cas-multistream,placebo,777,1120,na,hokkaido_iburi_tobu,Hokkaido0432,0.5,9,555,1309,14511,69.70359425926281,0.02818476680424527,0.046519918010395435
E1,q2_x3_bottleneckliteask_cas-multistream_seed777,cas-multistream,placebo,777,1120,na,hokkaido_iburi_tobu,Hokkaido0433,0.5,39,2955,390,13000,51.7571085864187,0.03100775193748597,0.0530658880279482
E1,q2_x3_bottleneckliteask_cas-multistream_seed777,cas-multistream,placebo,777,1120,na,hokkaido_iburi_tobu,Hokkaido0434,0.5,44,1069,117,15154,41.12661527901509,0.162162162161754,0.24489795918330365
E1,q2_x3_bottleneckliteask_cas-multistream_seed777,cas-multistream,placebo,777,1120,na,hokkaido_iburi_tobu,Hokkaido0435,0.5,136,1761,25,14462,48.02447041418293,0.185717175803845,0.27792343995773655
E1,q2_x3_bottleneckliteask_cas-multistream_seed777,cas-multistream,placebo,777,1120,na,hokkaido_iburi_tobu,Hokkaido0438,0.5,411,2197,870,12906,48.52316823252422,0.19780628369541312,0.29260627013390034
E1,q2_x3_bottleneckliteask_cas-multistream_seed777,cas-multistream,placebo,777,1120,na,hokkaido_iburi_tobu,Hokkaido0439,0.5,805,1620,1446,12513,58.752012270592395,0.2558410924887301,0.3811149975958686
E1,q2_x3_bottleneckliteask_cas-multistream_seed777,cas-multistream,placebo,777,1120,na,hokkaido_iburi_tobu,Hokkaido0440,0.5,534,607,3436,11807,67.44478744702991,0.11582707533768195,0.17463652644767422
E1,q2_x3_bottleneckliteask_cas-multistream_seed777,cas-multistream,placebo,777,1120,na,hokkaido_iburi_tobu,Hokkaido0441,0.5,1232,472,5446,9234,50.59891285090055,0.11233257377854805,0.19032539751064423
E1,q2_x3_bottleneckliteask_cas-multistream_seed777,cas-multistream,placebo,777,1120,na,hokkaido_iburi_tobu,Hokkaido0442,0.5,420,97,6924,8943,60.12984276898011,0.08737488889737967,0.1390603350546625
E1,q2_x3_bottleneckliteask_cas-multistream_seed777,cas-multistream,placebo,777,1120,na,hokkaido_iburi_tobu,Hokkaido0443,0.5,586,357,6087,9354,62.45555064670749,0.11832166191916985,0.17466431709966704
E1,q2_x3_bottleneckliteask_cas-multistream_seed777,cas-multistream,placebo,777,1120,na,hokkaido_iburi_tobu,Hokkaido0444,0.5,146,264,4456,11518,68.00735254367721,0.031439192777400024,0.05946831755269679
E1,q2_x3_bottleneckliteask_cas-multistream_seed777,cas-multistream,placebo,777,1120,na,hokkaido_iburi_tobu,Hokkaido0445,0.5,366,473,2766,12779,62.26556030423239,0.1712522823142079,0.2413903857818615
E1,q2_x3_bottleneckliteask_cas-multistream_seed777,cas-multistream,placebo,777,1120,na,hokkaido_iburi_tobu,Hokkaido0446,0.5,697,780,1984,12923,40.92666530556682,0.2416072893295939,0.3379894163348097
E1,q2_x3_bottleneckliteask_cas-multistream_seed777,cas-multistream,placebo,777,1120,na,hokkaido_iburi_tobu,Hokkaido0447,0.5,325,1396,1415,13248,53.049023088601345,0.07659500391649791,0.13085267484589225
E1,q2_x3_bottleneckliteask_cas-multistream_seed777,cas-multistream,placebo,777,1120,na,hokkaido_iburi_tobu,Hokkaido0448,0.5,39,1879,787,13679,57.8221076647356,0.09212481426403375,0.13670539986281466
E1,q2_x3_bottleneckliteask_cas-multistream_seed777,cas-multistream,placebo,777,1120,na,hokkaido_iburi_tobu,Hokkaido0449,0.5,254,3160,1250,11720,38.989709864793845,0.11277672987153624,0.17369569869420523
E1,q2_x3_bottleneckliteask_cas-multistream_seed777,cas-multistream,placebo,777,1120,na,hokkaido_iburi_tobu,Hokkaido0450,0.5,1542,2579,1676,10587,42.039251638231576,0.22877782281697806,0.36323595429447647
E1,q2_x3_bottleneckliteask_cas-multistream_seed777,cas-multistream,placebo,777,1120,na,hokkaido_iburi_tobu,Hokkaido0451,0.5,527,953,3008,11896,45.303958357574594,0.17595990425176622,0.29571900710983695
E1,q2_x3_bottleneckliteask_cas-multistream_seed777,cas-multistream,placebo,777,1120,na,hokkaido_iburi_tobu,Hokkaido0452,0.5,520,1176,2912,11776,53.28460805176001,0.08679346618244602,0.1643003958584811
E1,q2_x3_bottleneckliteask_cas-multistream_seed777,cas-multistream,placebo,777,1120,na,hokkaido_iburi_tobu,Hokkaido0453,0.5,875,1750,2383,11376,42.42637561505447,0.185295800703642,0.30510713237420295
E1,q2_x3_bottleneckliteask_cas-multistream_seed777,cas-multistream,placebo,777,1120,na,hokkaido_iburi_tobu,Hokkaido0454,0.5,267,2005,1668,12444,50.599893422568776,0.1519103354778616,0.1951565687923495
E1,q2_x3_bottleneckliteask_cas-multistream_seed777,cas-multistream,placebo,777,1120,na,hokkaido_iburi_tobu,Hokkaido0455,0.5,384,1931,901,13168,41.34693060733449,0.18108343494121631,0.285989634402139
E1,q2_x3_bottleneckliteask_cas-multistream_seed777,cas-multistream,placebo,777,1120,na,hokkaido_iburi_tobu,Hokkaido0456,0.5,582,1540,972,13290,35.05709628591621,0.20784597734993587,0.3394799599647875
E1,q2_x3_bottleneckliteask_cas-multistream_seed777,cas-multistream,placebo,777,1120,na,hokkaido_iburi_tobu,Hokkaido0457,0.5,483,2327,1482,12092,39.61690503154382,0.14329207315678263,0.24559408754933532
E1,q2_x3_bottleneckliteask_cas-multistream_seed777,cas-multistream,placebo,777,1120,na,hokkaido_iburi_tobu,Hokkaido0458,0.5,483,1222,1808,12871,49.18327373920202,0.23675064494423828,0.35718299050268665
E1,q2_x3_bottleneckliteask_cas-multistream_seed777,cas-multistream,placebo,777,1120,na,hokkaido_iburi_tobu,Hokkaido0459,0.5,994,1975,1777,11638,34.82239755358015,0.2040380323843305,0.3322543336536931
E1,q2_x3_bottleneckliteask_cas-multistream_seed777,cas-multistream,placebo,777,1120,na,hokkaido_iburi_tobu,Hokkaido0460,0.5,875,672,2592,12245,48.51699936037479,0.18603471238590027,0.2685232234372372
E1,q2_x3_bottleneckliteask_cas-multistream_seed777,cas-multistream,placebo,777,1120,na,hokkaido_iburi_tobu,Hokkaido0461,0.5,966,695,2712,12011,53.00424490525743,0.16312056737561353,0.2743661335353331
E1,q2_x3_bottleneckliteask_cas-multistream_seed777,cas-multistream,placebo,777,1120,na,hokkaido_iburi_tobu,Hokkaido0462,0.5,332,1745,2516,11791,50.20956084253277,0.07994034302730835,0.1689321995320787
E1,q2_x3_bottleneckliteask_cas-multistream_seed777,cas-multistream,placebo,777,1120,na,hokkaido_iburi_tobu,Hokkaido0463,0.5,46,23,2749,13566,77.09215156822036,0.05784225878398933,0.0892608089259956
E1,q2_x3_bottleneckliteask_cas-multistream_seed777,cas-multistream,placebo,777,1120,na,hokkaido_iburi_tobu,Hokkaido0464,0.5,478,223,1879,13804,65.89509654299965,0.19860768021534947,0.2745523602819028
E1,q2_x3_bottleneckliteask_cas-multistream_seed777,cas-multistream,placebo,777,1120,na,hokkaido_iburi_tobu,Hokkaido0465,0.5,33,1146,660,14545,56.568542494923804,0.0726610732937924,0.09705496601834283
E1,q2_x3_bottleneckliteask_cas-multistream_seed777,cas-multistream,placebo,777,1120,na,hokkaido_iburi_tobu,Hokkaido0466,0.5,202,1579,673,13930,50.82306149241916,0.05400645729333341,0.1371614553058123
E1,q2_x3_bottleneckliteask_cas-multistream_seed777,cas-multistream,placebo,777,1120,na,hokkaido_iburi_tobu,Hokkaido0467,0.5,452,1718,1194,13020,54.08927172193537,0.14477279414816255,0.19692454404539478
E1,q2_x3_bottleneckliteask_cas-multistream_seed777,cas-multistream,placebo,777,1120,na,hokkaido_iburi_tobu,Hokkaido0468,0.5,794,2324,1521,11745,42.941821107167776,0.1990287768745267,0.342032939476845
E1,q2_x3_bottleneckliteask_cas-multistream_seed777,cas-multistream,placebo,777,1120,na,hokkaido_iburi_tobu,Hokkaido0469,0.5,648,1173,1682,12881,55.55893303728817,0.16655989750132308,0.3033333333330194
E1,q2_x3_bottleneckliteask_cas-multistream_seed777,cas-multistream,placebo,777,1120,na,hokkaido_iburi_tobu,Hokkaido0470,0.5,911,1349,1162,12962,42.15447781671598,0.36521610512135355,0.4925974410810345
E1,q2_x3_bottleneckliteask_cas-multistream_seed777,cas-multistream,placebo,777,1120,na,hokkaido_iburi_tobu,Hokkaido0471,0.5,515,2601,978,12290,35.05281493732691,0.2563098733572261,0.3944090185374845
E1,q2_x3_bottleneckliteask_cas-multistream_seed777,cas-multistream,placebo,777,1120,na,hokkaido_iburi_tobu,Hokkaido0472,0.5,277,3261,81,12765,47.53314535183326,0.1346742457363021,0.25235376973785645
E1,q2_x3_bottleneckliteask_cas-multistream_seed777,cas-multistream,placebo,777,1120,na,hokkaido_iburi_tobu,Hokkaido0473,0.5,0,3118,75,13191,103.72270682335707,0.0,0.0
E1,q2_x3_bottleneckliteask_cas-multistream_seed777,cas-multistream,placebo,777,1120,na,hokkaido_iburi_tobu,Hokkaido0474,0.5,0,120,75,16189,61.29966938534518,0.0,0.0
E1,q2_x3_bottleneckliteask_cas-multistream_seed777,cas-multistream,placebo,777,1120,na,hokkaido_iburi_tobu,Hokkaido0478,0.5,0,3580,15,12789,101.57507673615353,0.0,0.0
E1,q2_x3_bottleneckliteask_cas-multistream_seed777,cas-multistream,placebo,777,1120,na,hokkaido_iburi_tobu,Hokkaido0479,0.5,279,4457,643,11005,47.10762164777713,0.14835316911105287,0.2540443379264055
E1,q2_x3_bottleneckliteask_cas-multistream_seed777,cas-multistream,placebo,777,1120,na,hokkaido_iburi_tobu,Hokkaido0480,0.5,573,2033,1893,11885,46.35995129605743,0.23512615581642896,0.3570564516125037
E1,q2_x3_bottleneckliteask_cas-multistream_seed777,cas-multistream,placebo,777,1120,na,hokkaido_iburi_tobu,Hokkaido0481,0.5,923,982,1530,12949,65.47327290131862,0.22958034874962843,0.3354786871186466
E1,q2_x3_bottleneckliteask_cas-multistream_seed777,cas-multistream,placebo,777,1120,na,hokkaido_iburi_tobu,Hokkaido0482,0.5,16,1,2713,13654,106.36889431928036,0.041947565543030085,0.057949479940508364
E1,q2_x3_bottleneckliteask_cas-multistream_seed777,cas-multistream,placebo,777,1120,na,hokkaido_iburi_tobu,Hokkaido0483,0.5,528,158,4948,10750,68.00404389902246,0.12469037565598098,0.19472163432285616
E1,q2_x3_bottleneckliteask_cas-multistream_seed777,cas-multistream,placebo,777,1120,na,hokkaido_iburi_tobu,Hokkaido0484,0.5,75,0,8685,7624,102.93808335260167,0.014973958333303835,0.02472750935412607
E1,q2_x3_bottleneckliteask_cas-multistream_seed777,cas-multistream,placebo,777,1120,na,hokkaido_iburi_tobu,Hokkaido0485,0.5,122,1,9353,6908,66.59391602220578,0.025689644626535047,0.05060000350361637
E1,q2_x3_bottleneckliteask_cas-multistream_seed777,cas-multistream,placebo,777,1120,na,hokkaido_iburi_tobu,Hokkaido0486,0.5,103,0,6557,9724,80.27295833421701,0.010858324715579766,0.03174295945026595
E1,q2_x3_bottleneckliteask_cas-multistream_seed777,cas-multistream,placebo,777,1120,na,hokkaido_iburi_tobu,Hokkaido0487,0.5,830,253,3679,11622,58.01292815366343,0.24580754547384742,0.32659144330389916
E1,q2_x3_bottleneckliteask_cas-multistream_seed777,cas-multistream,placebo,777,1120,na,hokkaido_iburi_tobu,Hokkaido0488,0.5,1457,1521,2319,11087,41.710904053539906,0.23853011002779964,0.3548145156634331
E1,q2_x3_bottleneckliteask_cas-multistream_seed777,cas-multistream,placebo,777,1120,na,hokkaido_iburi_tobu,Hokkaido0489,0.5,355,1665,1325,13039,50.0,0.1298587694170256,0.19990173505028488
E1,q2_x3_bottleneckliteask_cas-multistream_seed777,cas-multistream,placebo,777,1120,na,hokkaido_iburi_tobu,Hokkaido0490,0.5,0,1222,589,14573,60.44873745524346,0.0,0.0
E1,q2_x3_bottleneckliteask_cas-multistream_seed777,cas-multistream,placebo,777,1120,na,hokkaido_iburi_tobu,Hokkaido0491,0.5,282,642,1841,13619,57.3149195236284,0.06604949933850861,0.1446675458743207
E1,q2_x3_bottleneckliteask_cas-multistream_seed777,cas-multistream,placebo,777,1120,na,hokkaido_iburi_tobu,Hokkaido0492,0.5,308,1071,3040,11965,54.41690839202737,0.11762046213274192,0.1847243723735092
E1,q2_x3_bottleneckliteask_cas-multistream_seed777,cas-multistream,placebo,777,1120,na,hokkaido_iburi_tobu,Hokkaido0493,0.5,1379,1193,2729,11083,45.688070166213926,0.22969567004988528,0.3379646033321914
E1,q2_x3_bottleneckliteask_cas-multistream_seed777,cas-multistream,placebo,777,1120,na,hokkaido_iburi_tobu,Hokkaido0494,0.5,350,124,4080,11830,70.52800571485388,0.11356578830614468,0.1805661820962397
E1,q2_x3_bottleneckliteask_cas-multistream_seed777,cas-multistream,placebo,777,1120,na,hokkaido_iburi_tobu,Hokkaido0495,0.5,580,542,3732,11530,51.19762693912603,0.20859561614269007,0.2990405591912147
E1,q2_x3_bottleneckliteask_cas-multistream_seed777,cas-multistream,placebo,777,1120,na,hokkaido_iburi_tobu,Hokkaido0496,0.5,604,2187,2867,10726,42.572269703852406,0.20262880168827482,0.3289340202656158
E1,q2_x3_bottleneckliteask_cas-multistream_seed777,cas-multistream,placebo,777,1120,na,hokkaido_iburi_tobu,Hokkaido0497,0.5,414,772,2032,13166,55.30628754762626,0.12769545222253156,0.21894496617821396
E1,q2_x3_bottleneckliteask_cas-multistream_seed777,cas-multistream,placebo,777,1120,na,hokkaido_iburi_tobu,Hokkaido0498,0.5,746,2628,1181,11829,34.736117839242844,0.21644680644245579,0.33563005490502107
E1,q2_x3_bottleneckliteask_cas-multistream_seed777,cas-multistream,placebo,777,1120,na,hokkaido_iburi_tobu,Hokkaido0499,0.5,243,1940,1467,12734,59.453760165603576,0.11240621343145728,0.19239876509863096
E1,q2_x3_bottleneckliteask_cas-multistream_seed777,cas-multistream,placebo,777,1120,na,hokkaido_iburi_tobu,Hokkaido0500,0.5,307,574,1709,13794,53.83911039267597,0.11874461773970764,0.16748239226429018
E1,q2_x3_bottleneckliteask_cas-multistream_seed777,cas-multistream,placebo,777,1120,na,hokkaido_iburi_tobu,Hokkaido0501,0.5,1012,2358,1579,11435,38.87347365653718,0.17612977983747904,0.2951799042721786
E1,q2_x3_bottleneckliteask_cas-multistream_seed777,cas-multistream,placebo,777,1120,na,hokkaido_iburi_tobu,Hokkaido0502,0.5,451,1915,2563,11455,54.400366527411435,0.1489882259651725,0.20230696325508496
E1,q2_x3_bottleneckliteask_cas-multistream_seed777,cas-multistream,placebo,777,1120,na,hokkaido_iburi_tobu,Hokkaido0503,0.5,0,1078,2728,12578,56.43037388779692,0.0,0.0
E1,q2_x3_bottleneckliteask_cas-multistream_seed777,cas-multistream,placebo,777,1120,na,hokkaido_iburi_tobu,Hokkaido0504,0.5,152,630,2344,13258,62.46278449041268,0.12039558549490773,0.15237704076365116
E1,q2_x3_bottleneckliteask_cas-multistream_seed777,cas-multistream,placebo,777,1120,na,hokkaido_iburi_tobu,Hokkaido0505,0.5,603,941,2310,12530,53.64605396190533,0.15142159446614334,0.24493767643088418
E1,q2_x3_bottleneckliteask_cas-multistream_seed777,cas-multistream,placebo,777,1120,na,hokkaido_iburi_tobu,Hokkaido0506,0.5,152,325,2468,13439,68.46349034186598,0.08479438954400031,0.145611329220226
E1,q2_x3_bottleneckliteask_cas-multistream_seed777,cas-multistream,placebo,777,1120,na,hokkaido_iburi_tobu,Hokkaido0507,0.5,368,567,930,14519,57.22576542417436,0.232615083251338,0.3858287000605682
E1,q2_x3_bottleneckliteask_cas-multistream_seed777,cas-multistream,placebo,777,1120,na,hokkaido_iburi_tobu,Hokkaido0508,0.5,163,856,1026,14339,51.44800229447122,0.17286095055516634,0.27136315604046635
E1,q2_x3_bottleneckliteask_cas-multistream_seed777,cas-multistream,placebo,777,1120,na,hokkaido_iburi_tobu,Hokkaido0509,0.5,266,1180,1418,13520,59.79378819181558,0.16617560400672307,0.25002185505689106
E1,q2_x3_bottleneckliteask_cas-multistream_seed777,cas-multistream,placebo,777,1120,na,hokkaido_iburi_tobu,Hokkaido0510,0.5,811,1106,1528,12939,49.66990848021551,0.24535308213508905,0.3802864579411878
E1,q2_x3_bottleneckliteask_cas-multistream_seed777,cas-multistream,placebo,777,1120,na,hokkaido_iburi_tobu,Hokkaido0511,0.5,671,954,2007,12752,44.79061934674233,0.20008972912989326,0.2740736293775637
E1,q2_x3_bottleneckliteask_cas-multistream_seed777,cas-multistream,placebo,777,1120,na,hokkaido_iburi_tobu,Hokkaido0512,0.5,448,1803,1511,12622,51.62363799656123,0.21394933195162488,0.3117817884809683
E1,q2_x3_bottleneckliteask_cas-multistream_seed777,cas-multistream,placebo,777,1120,na,hokkaido_iburi_tobu,Hokkaido0513,0.5,427,2082,401,13474,56.19427686423386,0.2647672847839846,0.3490892753509714
E1,q2_x3_bottleneckliteask_cas-multistream_seed777,cas-multistream,placebo,777,1120,na,hokkaido_iburi_tobu,Hokkaido0514,0.5,0,2367,182,13835,55.72359450159308,0.0,0.0
E1,q2_x3_bottleneckliteask_cas-multistream_seed777,cas-multistream,placebo,777,1120,na,hokkaido_iburi_tobu,Hokkaido0515,0.5,110,3263,161,12850,62.878006098720164,0.17175971731405248,0.25238820949294466
E1,q2_x3_bottleneckliteask_cas-multistream_seed777,cas-multistream,placebo,777,1120,na,hokkaido_iburi_tobu,Hokkaido0516,0.5,111,3194,108,12971,47.8121277798991,0.06551623281612207,0.12377105403503222
E1,q2_x3_bottleneckliteask_cas-multistream_seed777,cas-multistream,placebo,777,1120,na,hokkaido_iburi_tobu,Hokkaido0517,0.5,0,923,23,15438,66.31892086077507,0.0,0.0
E1,q2_x3_bottleneckliteask_cas-multistream_seed777,cas-multistream,placebo,777,1120,na,hokkaido_iburi_tobu,Hokkaido0518,0.5,3,1091,33,15257,47.57834878827524,0.0,0.04979253111992686
E1,q2_x3_bottleneckliteask_cas-multistream_seed777,cas-multistream,placebo,777,1120,na,hokkaido_iburi_tobu,Hokkaido0520,0.5,59,1479,14,14832,63.598678859166675,0.16662983425394914,0.25322434150747725
E1,q2_x3_bottleneckliteask_cas-multistream_seed777,cas-multistream,placebo,777,1120,na,hokkaido_iburi_tobu,Hokkaido0521,0.5,0,1552,741,14091,47.152265639254985,0.0,0.0
E1,q2_x3_bottleneckliteask_cas-multistream_seed777,cas-multistream,placebo,777,1120,na,hokkaido_iburi_tobu,Hokkaido0522,0.5,281,2801,2271,11031,38.18376618407357,0.14677577432155123,0.2068697342834608
E1,q2_x3_bottleneckliteask_cas-multistream_seed777,cas-multistream,placebo,777,1120,na,hokkaido_iburi_tobu,Hokkaido0523,0.5,2119,1676,1699,10890,32.750212305722684,0.29097097333157135,0.43312490468166365
E1,q2_x3_bottleneckliteask_cas-multistream_seed777,cas-multistream,placebo,777,1120,na,hokkaido_iburi_tobu,Hokkaido0524,0.5,260,26,4482,11616,65.18741332547661,0.10231698992078796,0.12441679626737943
E1,q2_x3_bottleneckliteask_cas-multistream_seed777,cas-multistream,placebo,777,1120,na,hokkaido_iburi_tobu,Hokkaido0525,0.5,1435,1336,4318,9295,42.720018726587654,0.2085546966985054,0.303613466504877
E1,q2_x3_bottleneckliteask_cas-multistream_seed777,cas-multistream,placebo,777,1120,na,hokkaido_iburi_tobu,Hokkaido0526,0.5,502,245,5487,10150,60.41522986797286,0.09796162397461,0.16484631515394899
E1,q2_x3_bottleneckliteask_cas-multistream_seed777,cas-multistream,placebo,777,1120,na,hokkaido_iburi_tobu,Hokkaido0527,0.5,329,463,7309,8283,64.52750747523241,0.050297505198198166,0.09657586336428553
E1,q2_x3_bottleneckliteask_cas-multistream_seed777,cas-multistream,placebo,777,1120,na,hokkaido_iburi_tobu,Hokkaido0528,0.5,0,0,9274,7110,181.01933598375618,0.0,0.0
E1,q2_x3_bottleneckliteask_cas-multistream_seed777,cas-multistream,placebo,777,1120,na,hokkaido_iburi_tobu,Hokkaido0529,0.5,399,203,7335,8447,56.863863879368466,0.09146241813773182,0.14447345517828195
E1,q2_x3_bottleneckliteask_cas-multistream_seed777,cas-multistream,placebo,777,1120,na,hokkaido_iburi_tobu,Hokkaido0530,0.5,28,428,4353,11575,66.66445052424103,0.027636107830929697,0.0323480200779575
E1,q2_x3_bottleneckliteask_cas-multistream_seed777,cas-multistream,placebo,777,1120,na,hokkaido_iburi_tobu,Hokkaido0531,0.5,213,580,3279,12312,63.4000775641587,0.10145792634373572,0.13795353389388515
E1,q2_x3_bottleneckliteask_cas-multistream_seed777,cas-multistream,placebo,777,1120,na,hokkaido_iburi_tobu,Hokkaido0532,0.5,644,812,2856,12072,50.23594111116394,0.16527835745753647,0.2544493789446047
E1,q2_x3_bottleneckliteask_cas-multistream_seed777,cas-multistream,placebo,777,1120,na,hokkaido_iburi_tobu,Hokkaido0533,0.5,512,337,2631,12904,57.197878247886734,0.22271062692534813,0.31423281313843976
E1,q2_x3_bottleneckliteask_cas-multistream_seed777,cas-multistream,placebo,777,1120,na,hokkaido_iburi_tobu,Hokkaido0534,0.5,1107,1023,3456,10798,44.204072210600685,0.18833060035707608,0.2921566079205342
E1,q2_x3_bottleneckliteask_cas-multistream_seed777,cas-multistream,placebo,777,1120,na,hokkaido_iburi_tobu,Hokkaido0535,0.5,923,908,3600,10953,48.83646178829912,0.18131538404828107,0.2627159267449294
E1,q2_x3_bottleneckliteask_cas-multistream_seed777,cas-multistream,placebo,777,1120,na,hokkaido_iburi_tobu,Hokkaido0536,0.5,864,2381,3615,9524,45.27692569068709,0.16074425177354182,0.27437839611310827
E1,q2_x3_bottleneckliteask_cas-multistream_seed777,cas-multistream,placebo,777,1120,na,hokkaido_iburi_tobu,Hokkaido0537,0.5,1911,1098,3931,9444,47.853944456021594,0.2111321469137941,0.3604478138338215
E1,q2_x3_bottleneckliteask_cas-multistream_seed777,cas-multistream,placebo,777,1120,na,hokkaido_iburi_tobu,Hokkaido0538,0.5,673,535,5030,10146,58.28459194442602,0.11775758105377272,0.18442332781379686
E1,q2_x3_bottleneckliteask_cas-multistream_seed777,cas-multistream,placebo,777,1120,na,hokkaido_iburi_tobu,Hokkaido0539,0.5,642,192,3634,11916,57.06399618966467,0.20355120339760657,0.24593914998919605
E1,q2_x3_bottleneckliteask_cas-multistream_seed777,cas-multistream,placebo,777,1120,na,hokkaido_iburi_tobu,Hokkaido0540,0.5,479,1017,2631,12257,49.51811072407526,0.20505405671818835,0.29623045717639496
E1,q2_x3_bottleneckliteask_cas-multistream_seed777,cas-multistream,placebo,777,1120,na,hokkaido_iburi_tobu,Hokkaido0541,0.5,341,908,2214,12921,57.77802297900281,0.16364763413430355,0.23991879025453394
E1,q2_x3_bottleneckliteask_cas-multistream_seed777,cas-multistream,placebo,777,1120,na,hokkaido_iburi_tobu,Hokkaido0542,0.5,451,971,1005,13957,58.04821859524809,0.19672131147498093,0.323894211259466
E1,q2_x3_bottleneckliteask_cas-multistream_seed777,cas-multistream,placebo,777,1120,na,hokkaido_iburi_tobu,Hokkaido0543,0.5,138,2079,688,13479,51.213253961286036,0.002758620689209509,0.020154759762036952
E1,q2_x3_bottleneckliteask_cas-multistream_seed777,cas-multistream,placebo,777,1120,na,hokkaido_iburi_tobu,Hokkaido0544,0.5,123,856,2094,13311,69.82333676768683,0.05594405594378601,0.07863618446956112
E1,q2_x3_bottleneckliteask_cas-multistream_seed777,cas-multistream,placebo,777,1120,na,hokkaido_iburi_tobu,Hokkaido0545,0.5,431,343,2435,13175,41.90045116661226,0.1955461167749586,0.2893991114158242
E1,q2_x3_bottleneckliteask_cas-multistream_seed777,cas-multistream,placebo,777,1120,na,hokkaido_iburi_tobu,Hokkaido0546,0.5,913,606,2148,12717,46.75467891024384,0.2964965997245647,0.40959184357881
E1,q2_x3_bottleneckliteask_cas-multistream_seed777,cas-multistream,placebo,777,1120,na,hokkaido_iburi_tobu,Hokkaido0547,0.5,246,255,4067,11816,57.978444109919934,0.07959247777322855,0.13042063172237503
E1,q2_x3_bottleneckliteask_cas-multistream_seed777,cas-multistream,placebo,777,1120,na,hokkaido_iburi_tobu,Hokkaido0548,0.5,176,32,4841,11335,63.077726959463156,0.10079522990003514,0.11889132020411866
E1,q2_x3_bottleneckliteask_cas-multistream_seed777,cas-multistream,placebo,777,1120,na,hokkaido_iburi_tobu,Hokkaido0549,0.5,303,315,3410,12356,57.69878673270773,0.09183961277044378,0.1461472785484087
E1,q2_x3_bottleneckliteask_cas-multistream_seed777,cas-multistream,placebo,777,1120,na,hokkaido_iburi_tobu,Hokkaido0550,0.5,375,317,1709,13983,67.4529423704322,0.20388349514537202,0.31448199167715396
E1,q2_x3_bottleneckliteask_cas-multistream_seed777,cas-multistream,placebo,777,1120,na,hokkaido_iburi_tobu,Hokkaido0551,0.5,77,206,1624,14477,73.13958750003039,0.04929527586927353,0.06971141524412106
E1,q2_x3_bottleneckliteask_cas-multistream_seed777,cas-multistream,placebo,777,1120,na,hokkaido_iburi_tobu,Hokkaido0552,0.5,166,1945,1242,13031,49.47521249748372,0.0826361743319432,0.15235705323495957
E1,q2_x3_bottleneckliteask_cas-multistream_seed777,cas-multistream,placebo,777,1120,na,hokkaido_iburi_tobu,Hokkaido0553,0.5,148,1427,1979,12830,56.80138412855107,0.11787102750538095,0.18747563783366025
E1,q2_x3_bottleneckliteask_cas-multistream_seed777,cas-multistream,placebo,777,1120,na,hokkaido_iburi_tobu,Hokkaido0554,0.5,682,1591,2335,11776,50.99019513592785,0.17080610021758977,0.3045481712839423
E1,q2_x3_bottleneckliteask_cas-multistream_seed777,cas-multistream,placebo,777,1120,na,hokkaido_iburi_tobu,Hokkaido0555,0.5,588,2398,1951,11447,45.152359690907154,0.23213493769184854,0.3333407172758299
E1,q2_x3_bottleneckliteask_cas-multistream_seed777,cas-multistream,placebo,777,1120,na,hokkaido_iburi_tobu,Hokkaido0556,0.5,507,992,993,13892,35.32983722898531,0.3290814259451885,0.47387999353024157
E1,q2_x3_bottleneckliteask_cas-multistream_seed777,cas-multistream,placebo,777,1120,na,hokkaido_iburi_tobu,Hokkaido0557,0.5,47,1704,921,13712,50.2125480251606,0.06282722513045914,0.09340252038503535
E1,q2_x3_bottleneckliteask_cas-multistream_seed777,cas-multistream,placebo,777,1120,na,hokkaido_iburi_tobu,Hokkaido0558,0.5,298,460,683,14943,42.313963212975544,0.18943556840165443,0.28737238954512956
E1,q2_x3_bottleneckliteask_cas-multistream_seed777,cas-multistream,placebo,777,1120,na,hokkaido_iburi_tobu,Hokkaido0559,0.5,192,1864,538,13790,41.75403924652379,0.16459830176308074,0.2699099920241368
E1,q2_x3_bottleneckliteask_cas-multistream_seed777,cas-multistream,placebo,777,1120,na,hokkaido_iburi_tobu,Hokkaido0560,0.5,62,662,129,15531,40.0,0.3246833107853924,0.4004563605243486
E1,q2_x3_bottleneckliteask_cas-multistream_seed777,cas-multistream,placebo,777,1120,na,hokkaido_iburi_tobu,Hokkaido0561,0.5,29,663,32,15660,35.20125689498408,0.15265131226525935,0.2387224234437966
E1,q2_x3_bottleneckliteask_cas-multistream_seed777,cas-multistream,placebo,777,1120,na,hokkaido_iburi_tobu,Hokkaido0562,0.5,15,1959,101,14309,47.57878974324629,0.09599999999967523,0.13640935378391142
E1,q2_x3_bottleneckliteask_cas-multistream_seed777,cas-multistream,placebo,777,1120,na,hokkaido_iburi_tobu,Hokkaido0563,0.5,0,1184,78,15122,42.427209685670505,0.0,0.0
E1,q2_x3_bottleneckliteask_cas-multistream_seed777,cas-multistream,placebo,777,1120,na,hokkaido_iburi_tobu,Hokkaido0564,0.5,0,1072,23,15289,59.5335852012244,0.0,0.0
E1,q2_x3_bottleneckliteask_cas-multistream_seed777,cas-multistream,placebo,777,1120,na,hokkaido_iburi_tobu,Hokkaido0565,0.5,0,524,70,15790,56.09408515339889,0.0,0.0
E1,q2_x3_bottleneckliteask_cas-multistream_seed777,cas-multistream,placebo,777,1120,na,hokkaido_iburi_tobu,Hokkaido0566,0.5,0,1254,143,14987,59.955323211957165,0.0,0.0
E1,q2_x3_bottleneckliteask_cas-multistream_seed777,cas-multistream,placebo,777,1120,na,hokkaido_iburi_tobu,Hokkaido0567,0.5,85,1153,646,14500,37.49460108535252,0.10365763364381943,0.18512861736287212
E1,q2_x3_bottleneckliteask_cas-multistream_seed777,cas-multistream,placebo,777,1120,na,hokkaido_iburi_tobu,Hokkaido0568,0.5,273,1132,1888,13091,66.70832032063167,0.07912158889035359,0.1200017303779195
E1,q2_x3_bottleneckliteask_cas-multistream_seed777,cas-multistream,placebo,777,1120,na,hokkaido_iburi_tobu,Hokkaido0569,0.5,499,315,3219,12351,50.08991914547278,0.13476233284619776,0.216577854399913
E1,q2_x3_bottleneckliteask_cas-multistream_seed777,cas-multistream,placebo,777,1120,na,hokkaido_iburi_tobu,Hokkaido0570,0.5,1055,225,6319,8785,58.09473425489725,0.16163939884656944,0.21450549450530298
E1,q2_x3_bottleneckliteask_cas-multistream_seed777,cas-multistream,placebo,777,1120,na,hokkaido_iburi_tobu,Hokkaido0571,0.5,1183,59,8797,6345,51.65266181769745,0.17303454280882336,0.22797920514279835
E1,q2_x3_bottleneckliteask_cas-multistream_seed777,cas-multistream,placebo,777,1120,na,hokkaido_iburi_tobu,Hokkaido0572,0.5,415,38,8334,7597,63.59834845781395,0.09878362701202661,0.14663713994628963
E1,q2_x3_bottleneckliteask_cas-multistream_seed777,cas-multistream,placebo,777,1120,na,hokkaido_iburi_tobu,Hokkaido0573,0.5,545,548,5993,9298,54.037024344425184,0.10507893455057775,0.17456190024908005
E1,q2_x3_bottleneckliteask_cas-multistream_seed777,cas-multistream,placebo,777,1120,na,hokkaido_iburi_tobu,Hokkaido0574,0.5,95,44,5703,10542,74.51845409024533,0.05154811715475927,0.07547169811313491
E1,q2_x3_bottleneckliteask_cas-multistream_seed777,cas-multistream,placebo,777,1120,na,hokkaido_iburi_tobu,Hokkaido0575,0.5,1159,695,4098,10432,48.767816384354134,0.16156538910310525,0.27272118610630314
E1,q2_x3_bottleneckliteask_cas-multistream_seed777,cas-multistream,placebo,777,1120,na,hokkaido_iburi_tobu,Hokkaido0576,0.5,13,1256,2080,13035,53.968907323239165,0.019300879261940577,0.028195488721444995
E1,q2_x3_bottleneckliteask_cas-multistream_seed777,cas-multistream,placebo,777,1120,na,hokkaido_iburi_tobu,Hokkaido0577,0.5,0,288,2970,13126,87.00201142781869,0.0,0.0
E1,q2_x3_bottleneckliteask_cas-multistream_seed777,cas-multistream,placebo,777,1120,na,hokkaido_iburi_tobu,Hokkaido0578,0.5,949,294,4324,10817,62.625873247404705,0.14838643616549874,0.23326512715558784
E1,q2_x3_bottleneckliteask_cas-multistream_seed777,cas-multistream,placebo,777,1120,na,hokkaido_iburi_tobu,Hokkaido0579,0.5,201,109,3992,12082,72.89718787443039,0.08824270947129233,0.1170263788967723
E1,q2_x3_bottleneckliteask_cas-multistream_seed777,cas-multistream,placebo,777,1120,na,hokkaido_iburi_tobu,Hokkaido0580,0.5,2174,1607,2260,10343,39.61311275686341,0.20741515400486846,0.3062709535583723
E1,q2_x3_bottleneckliteask_cas-multistream_seed777,cas-multistream,placebo,777,1120,na,hokkaido_iburi_tobu,Hokkaido0581,0.5,969,2662,3589,9164,45.560893715612046,0.18244487319876357,0.27927048399855287
E1,q2_x3_bottleneckliteask_cas-multistream_seed777,cas-multistream,placebo,777,1120,na,hokkaido_iburi_tobu,Hokkaido0582,0.5,708,858,4450,10368,55.86591089385369,0.14475831997895752,0.23856950409299735
E1,q2_x3_bottleneckliteask_cas-multistream_seed777,cas-multistream,placebo,777,1120,na,hokkaido_iburi_tobu,Hokkaido0583,0.5,456,269,6725,8934,47.65918031321419,0.11589636984560166,0.18355914021196865
E1,q2_x3_bottleneckliteask_cas-multistream_seed777,cas-multistream,placebo,777,1120,na,hokkaido_iburi_tobu,Hokkaido0584,0.5,1051,532,5561,9240,39.44616584663204,0.14730220130783972,0.23676466480956265
E1,q2_x3_bottleneckliteask_cas-multistream_seed777,cas-multistream,placebo,777,1120,na,hokkaido_iburi_tobu,Hokkaido0585,0.5,652,655,4611,10466,51.103815304933875,0.18141429100311426,0.2505420380628783
E1,q2_x3_bottleneckliteask_cas-multistream_seed777,cas-multistream,placebo,777,1120,na,hokkaido_iburi_tobu,Hokkaido0586,0.5,382,225,3611,12166,52.37365402027632,0.16311999352680218,0.21831004114756536
E1,q2_x3_bottleneckliteask_cas-multistream_seed777,cas-multistream,placebo,777,1120,na,hokkaido_iburi_tobu,Hokkaido0587,0.5,619,227,2061,13477,61.827161201150844,0.20766650167713163,0.3179513184581466
E1,q2_x3_bottleneckliteask_cas-multistream_seed777,cas-multistream,placebo,777,1120,na,hokkaido_iburi_tobu,Hokkaido0588,0.5,0,854,1604,13926,59.93621596471041,0.0,0.0
E1,q2_x3_bottleneckliteask_cas-multistream_seed777,cas-multistream,placebo,777,1120,na,hokkaido_iburi_tobu,Hokkaido0589,0.5,0,1316,779,14289,66.99250517348521,0.0,0.0
E1,q2_x3_bottleneckliteask_cas-multistream_seed777,cas-multistream,placebo,777,1120,na,hokkaido_iburi_tobu,Hokkaido0590,0.5,309,211,1737,14127,57.5108316849987,0.13450259732988662,0.20255706059912756
E1,q2_x3_bottleneckliteask_cas-multistream_seed777,cas-multistream,placebo,777,1120,na,hokkaido_iburi_tobu,Hokkaido0591,0.5,752,1360,2295,11977,45.94764662468925,0.23550885266717322,0.3481331845339929
E1,q2_x3_bottleneckliteask_cas-multistream_seed777,cas-multistream,placebo,777,1120,na,hokkaido_iburi_tobu,Hokkaido0592,0.5,202,73,3865,12244,71.15053787435583,0.08677834819409586,0.09659613615446187
E1,q2_x3_bottleneckliteask_cas-multistream_seed777,cas-multistream,placebo,777,1120,na,hokkaido_iburi_tobu,Hokkaido0593,0.5,415,162,4739,11068,61.25030142091928,0.1135720894733085,0.17320983508017349
E1,q2_x3_bottleneckliteask_cas-multistream_seed777,cas-multistream,placebo,777,1120,na,hokkaido_iburi_tobu,Hokkaido0594,0.5,274,78,5566,10466,59.413793582106415,0.09128182995241947,0.1384538162893913
E1,q2_x3_bottleneckliteask_cas-multistream_seed777,cas-multistream,placebo,777,1120,na,hokkaido_iburi_tobu,Hokkaido0595,0.5,1141,672,3761,10810,55.86591089385369,0.18749405259075771,0.2671461597737169
E1,q2_x3_bottleneckliteask_cas-multistream_seed777,cas-multistream,placebo,777,1120,na,hokkaido_iburi_tobu,Hokkaido0596,0.5,403,121,2246,13614,51.653154676986816,0.20873233135540303,0.32811536088805676
E1,q2_x3_bottleneckliteask_cas-multistream_seed777,cas-multistream,placebo,777,1120,na,hokkaido_iburi_tobu,Hokkaido0597,0.5,369,568,1321,14126,56.639209034025185,0.21984050477574912,0.29332618600876176
E1,q2_x3_bottleneckliteask_cas-multistream_seed777,cas-multistream,placebo,777,1120,na,hokkaido_iburi_tobu,Hokkaido0598,0.5,260,2272,728,13124,50.23942378983653,0.11798699735087814,0.16828112118669764
E1,q2_x3_bottleneckliteask_cas-multistream_seed777,cas-multistream,placebo,777,1120,na,hokkaido_iburi_tobu,Hokkaido0599,0.5,406,2627,1227,12124,43.505803013756704,0.188585930890482,0.25445473984280215
E1,q2_x3_bottleneckliteask_cas-multistream_seed777,cas-multistream,placebo,777,1120,na,hokkaido_iburi_tobu,Hokkaido0600,0.5,921,1803,1731,11929,40.277152910919646,0.2259505129749336,0.3093170001693695
E1,q2_x3_bottleneckliteask_cas-multistream_seed777,cas-multistream,placebo,777,1120,na,hokkaido_iburi_tobu,Hokkaido0601,0.5,733,1116,1632,12903,44.78169068523159,0.20879737673892892,0.3237250554320497
E1,q2_x3_bottleneckliteask_cas-multistream_seed777,cas-multistream,placebo,777,1120,na,hokkaido_iburi_tobu,Hokkaido0602,0.5,593,2273,1300,12218,34.34808957361161,0.25776763571519035,0.35265148949717184
E1,q2_x3_bottleneckliteask_cas-multistream_seed777,cas-multistream,placebo,777,1120,na,hokkaido_iburi_tobu,Hokkaido0603,0.5,482,1564,1418,12920,47.01063709417264,0.19751344678562016,0.30205421713432923
E1,q2_x3_bottleneckliteask_cas-multistream_seed777,cas-multistream,placebo,777,1120,na,hokkaido_iburi_tobu,Hokkaido0604,0.5,562,1334,1233,13255,35.788263615972504,0.22916791227151304,0.34603707989716387
E1,q2_x3_bottleneckliteask_cas-multistream_seed777,cas-multistream,placebo,777,1120,na,hokkaido_iburi_tobu,Hokkaido0605,0.5,183,2054,734,13413,34.438350715445125,0.18806105095425965,0.29410166941721433
E1,q2_x3_bottleneckliteask_cas-multistream_seed777,cas-multistream,placebo,777,1120,na,hokkaido_iburi_tobu,Hokkaido0606,0.5,0,2156,204,14024,72.7288707799909,0.0,0.0
E1,q2_x3_bottleneckliteask_cas-multistream_seed777,cas-multistream,placebo,777,1120,na,hokkaido_iburi_tobu,Hokkaido0610,0.5,165,2526,266,13427,30.16270304096336,0.1297591591359558,0.1941870474449437
E1,q2_x3_bottleneckliteask_cas-multistream_seed777,cas-multistream,placebo,777,1120,na,hokkaido_iburi_tobu,Hokkaido0611,0.5,0,1124,547,14713,39.59797974644666,0.0,0.0
E1,q2_x3_bottleneckliteask_cas-multistream_seed777,cas-multistream,placebo,777,1120,na,hokkaido_iburi_tobu,Hokkaido0612,0.5,0,1666,168,14550,66.21631208633889,0.0,0.0
E1,q2_x3_bottleneckliteask_cas-multistream_seed777,cas-multistream,placebo,777,1120,na,hokkaido_iburi_tobu,Hokkaido0613,0.5,0,854,252,15278,64.11210556188063,0.0,0.0
E1,q2_x3_bottleneckliteask_cas-multistream_seed777,cas-multistream,placebo,777,1120,na,hokkaido_iburi_tobu,Hokkaido0614,0.5,98,609,280,15397,60.118214940522286,0.16063185967743393,0.24960485553472228
E1,q2_x3_bottleneckliteask_cas-multistream_seed777,cas-multistream,placebo,777,1120,na,hokkaido_iburi_tobu,Hokkaido0615,0.5,0,896,227,15261,48.71753427951724,0.0,0.0
E1,q2_x3_bottleneckliteask_cas-multistream_seed777,cas-multistream,placebo,777,1120,na,hokkaido_iburi_tobu,Hokkaido0616,0.5,75,1385,323,14601,60.685330866256244,0.12901185770700993,0.18386740331441914
E1,q2_x3_bottleneckliteask_cas-multistream_seed777,cas-multistream,placebo,777,1120,na,hokkaido_iburi_tobu,Hokkaido0617,0.5,187,263,1073,14861,78.7575369714223,0.17236848508411404,0.23412197321825226
E1,q2_x3_bottleneckliteask_cas-multistream_seed777,cas-multistream,placebo,777,1120,na,hokkaido_iburi_tobu,Hokkaido0618,0.5,837,1624,1466,12457,50.98616231638838,0.2601424185009836,0.3795786374766697
E1,q2_x3_bottleneckliteask_cas-multistream_seed777,cas-multistream,placebo,777,1120,na,hokkaido_iburi_tobu,Hokkaido0619,0.5,97,14,5963,10310,64.03124237432849,0.0453108535299451,0.0989504046149085
E1,q2_x3_bottleneckliteask_cas-multistream_seed777,cas-multistream,placebo,777,1120,na,hokkaido_iburi_tobu,Hokkaido0620,0.5,369,114,8134,7767,70.9365914038728,0.09401990545366516,0.13662815214627186
E1,q2_x3_bottleneckliteask_cas-multistream_seed777,cas-multistream,placebo,777,1120,na,hokkaido_iburi_tobu,Hokkaido0621,0.5,430,91,6507,9356,59.0,0.07445791758320804,0.13086454453879057
E1,q2_x3_bottleneckliteask_cas-multistream_seed777,cas-multistream,placebo,777,1120,na,hokkaido_iburi_tobu,Hokkaido0622,0.5,739,1152,3456,11037,49.79354090933157,0.1615920186402193,0.25955786367967976
E1,q2_x3_bottleneckliteask_cas-multistream_seed777,cas-multistream,placebo,777,1120,na,hokkaido_iburi_tobu,Hokkaido0623,0.5,0,854,2285,13245,79.09992221368016,0.0,0.0
E1,q2_x3_bottleneckliteask_cas-multistream_seed777,cas-multistream,placebo,777,1120,na,hokkaido_iburi_tobu,Hokkaido0624,0.5,41,948,1775,13620,60.00155784780821,0.04681200829748799,0.07977441962295373
E1,q2_x3_bottleneckliteask_cas-multistream_seed777,cas-multistream,placebo,777,1120,na,hokkaido_iburi_tobu,Hokkaido0625,0.5,0,681,1252,14451,68.80294574121473,0.0,0.0
E1,q2_x3_bottleneckliteask_cas-multistream_seed777,cas-multistream,placebo,777,1120,na,hokkaido_iburi_tobu,Hokkaido0626,0.5,0,968,2689,12727,59.92661056240051,0.0,0.0
E1,q2_x3_bottleneckliteask_cas-multistream_seed777,cas-multistream,placebo,777,1120,na,hokkaido_iburi_tobu,Hokkaido0627,0.5,1257,1441,2368,11318,44.82186966202994,0.18927856938688878,0.3188663487698569
E1,q2_x3_bottleneckliteask_cas-multistream_seed777,cas-multistream,placebo,777,1120,na,hokkaido_iburi_tobu,Hokkaido0628,0.5,223,251,2244,13666,71.8679344353238,0.152268874286707,0.21651933412332078
E1,q2_x3_bottleneckliteask_cas-multistream_seed777,cas-multistream,placebo,777,1120,na,hokkaido_iburi_tobu,Hokkaido0629,0.5,450,1212,2142,12580,47.41307836451879,0.15388944723586132,0.23827620278144895
E1,q2_x3_bottleneckliteask_cas-multistream_seed777,cas-multistream,placebo,777,1120,na,hokkaido_iburi_tobu,Hokkaido0630,0.5,262,493,2839,12790,65.71906343168061,0.10353783621161648,0.17390505247271193
E1,q2_x3_bottleneckliteask_cas-multistream_seed777,cas-multistream,placebo,777,1120,na,hokkaido_iburi_tobu,Hokkaido0631,0.5,612,875,4026,10871,55.0,0.138078976874013,0.20717134628495068
E1,q2_x3_bottleneckliteask_cas-multistream_seed777,cas-multistream,placebo,777,1120,na,hokkaido_iburi_tobu,Hokkaido0632,0.5,439,115,6460,9370,55.797848816427994,0.1528138574633914,0.20450936805316666
E1,q2_x3_bottleneckliteask_cas-multistream_seed777,cas-multistream,placebo,777,1120,na,hokkaido_iburi_tobu,Hokkaido0633,0.5,755,220,5276,10133,71.39117069474867,0.10020509436268413,0.17022990205542338
E1,q2_x3_bottleneckliteask_cas-multistream_seed777,cas-multistream,placebo,777,1120,na,hokkaido_iburi_tobu,Hokkaido0634,0.5,688,113,4306,11277,58.83026432033091,0.18046121230458573,0.2509025270755928
E1,q2_x3_bottleneckliteask_cas-multistream_seed777,cas-multistream,placebo,777,1120,na,hokkaido_iburi_tobu,Hokkaido0635,0.5,464,174,2913,12833,62.07088650852052,0.11887030102184712,0.19273927392721854
E1,q2_x3_bottleneckliteask_cas-multistream_seed777,cas-multistream,placebo,777,1120,na,hokkaido_iburi_tobu,Hokkaido0636,0.5,149,1422,1162,13651,49.022439637526304,0.14933636520879964,0.19255158738309655
E1,q2_x3_bottleneckliteask_cas-multistream_seed777,cas-multistream,placebo,777,1120,na,hokkaido_iburi_tobu,Hokkaido0637,0.5,396,104,748,15136,67.71257009076129,0.3158418449468211,0.3993091700573659
E1,q2_x3_bottleneckliteask_cas-multistream_seed777,cas-multistream,placebo,777,1120,na,hokkaido_iburi_tobu,Hokkaido0638,0.5,79,1121,1109,14075,64.35060217278468,0.13110467830752232,0.20440369730175495
E1,q2_x3_bottleneckliteask_cas-multistream_seed777,cas-multistream,placebo,777,1120,na,hokkaido_iburi_tobu,Hokkaido0639,0.5,575,1815,1449,12545,44.03406016259805,0.1481276695737657,0.2231618510684657
E1,q2_x3_bottleneckliteask_cas-multistream_seed777,cas-multistream,placebo,777,1120,na,hokkaido_iburi_tobu,Hokkaido0640,0.5,748,1033,2790,11813,40.28025616824448,0.23781264257964738,0.33850258462530297
E1,q2_x3_bottleneckliteask_cas-multistream_seed777,cas-multistream,placebo,777,1120,na,hokkaido_iburi_tobu,Hokkaido0641,0.5,438,608,4204,11134,56.08029957123981,0.10449304111455282,0.17130144605099945
E1,q2_x3_bottleneckliteask_cas-multistream_seed777,cas-multistream,placebo,777,1120,na,hokkaido_iburi_tobu,Hokkaido0642,0.5,663,361,4398,10962,58.32995945072697,0.13481969958637077,0.18657837260253274
E1,q2_x3_bottleneckliteask_cas-multistream_seed777,cas-multistream,placebo,777,1120,na,hokkaido_iburi_tobu,Hokkaido0643,0.5,4,0,5549,10831,153.95844378202798,0.006562756357663679,0.009828009828000047
E1,q2_x3_bottleneckliteask_cas-multistream_seed777,cas-multistream,placebo,777,1120,na,hokkaido_iburi_tobu,Hokkaido0644,0.5,322,19,5313,10730,57.52543594404079,0.06118095776227568,0.10436006468213344
E1,q2_x3_bottleneckliteask_cas-multistream_seed777,cas-multistream,placebo,777,1120,na,hokkaido_iburi_tobu,Hokkaido0645,0.5,559,29,2981,12815,47.516290397918574,0.14927804516827028,0.2404886117824226
E1,q2_x3_bottleneckliteask_cas-multistream_seed777,cas-multistream,placebo,777,1120,na,hokkaido_iburi_tobu,Hokkaido0646,0.5,253,157,1625,14349,62.00967490312499,0.1806511845020617,0.2552342971084513
E1,q2_x3_bottleneckliteask_cas-multistream_seed777,cas-multistream,placebo,777,1120,na,hokkaido_iburi_tobu,Hokkaido0647,0.5,509,1586,1171,13118,55.774856365245874,0.18955512572490674,0.30019226210810607
E1,q2_x3_bottleneckliteask_cas-multistream_seed777,cas-multistream,placebo,777,1120,na,hokkaido_iburi_tobu,Hokkaido0648,0.5,449,1323,979,13633,52.06718991041418,0.2509165902837217,0.31472903796844165
E1,q2_x3_bottleneckliteask_cas-multistream_seed777,cas-multistream,placebo,777,1120,na,hokkaido_iburi_tobu,Hokkaido0649,0.5,516,3369,1088,11411,43.88050961743636,0.16841572281890854,0.3021656522772354
E1,q2_x3_bottleneckliteask_cas-multistream_seed777,cas-multistream,placebo,777,1120,na,hokkaido_iburi_tobu,Hokkaido0650,0.5,255,96,1705,14328,58.63316466951825,0.17705811137995706,0.21588594704665057
E1,q2_x3_bottleneckliteask_cas-multistream_seed777,cas-multistream,placebo,777,1120,na,hokkaido_iburi_tobu,Hokkaido0651,0.5,97,1593,1502,13192,61.36052315324173,0.09054304059164708,0.11742693076935279
E1,q2_x3_bottleneckliteask_cas-multistream_seed777,cas-multistream,placebo,777,1120,na,hokkaido_iburi_tobu,Hokkaido0652,0.5,223,3268,1277,11616,39.63581824500415,0.10780838896220041,0.21371220882169256
E1,q2_x3_bottleneckliteask_cas-multistream_seed777,cas-multistream,placebo,777,1120,na,hokkaido_iburi_tobu,Hokkaido0653,0.5,557,2910,1142,11775,33.24154027718932,0.22965767322291403,0.33060853769261933
E1,q2_x3_bottleneckliteask_cas-multistream_seed777,cas-multistream,placebo,777,1120,na,hokkaido_iburi_tobu,Hokkaido0654,0.5,60,1788,705,13831,54.38519888170302,0.0,0.012543116964125077
E1,q2_x3_bottleneckliteask_cas-multistream_seed777,cas-multistream,placebo,777,1120,na,hokkaido_iburi_tobu,Hokkaido0655,0.5,0,3814,24,12546,91.01126269976407,0.0,0.0
E1,q2_x3_bottleneckliteask_cas-multistream_seed777,cas-multistream,placebo,777,1120,na,hokkaido_iburi_tobu,Hokkaido0657,0.5,0,175,149,16060,53.02782116903591,0.0,0.0
E1,q2_x3_bottleneckliteask_cas-multistream_seed777,cas-multistream,placebo,777,1120,na,hokkaido_iburi_tobu,Hokkaido0658,0.5,42,793,37,15512,35.29584841953358,0.2308701355483477,0.37695536054902296
E1,q2_x3_bottleneckliteask_cas-multistream_seed777,cas-multistream,placebo,777,1120,na,hokkaido_iburi_tobu,Hokkaido0659,0.5,0,2064,16,14304,54.57556567543077,0.0,0.0
E1,q2_x3_bottleneckliteask_cas-multistream_seed777,cas-multistream,placebo,777,1120,na,hokkaido_iburi_tobu,Hokkaido0660,0.5,187,3197,183,12817,46.676453551122215,0.12765771665528525,0.21818181818135804
E1,q2_x3_bottleneckliteask_cas-multistream_seed777,cas-multistream,placebo,777,1120,na,hokkaido_iburi_tobu,Hokkaido0661,0.5,215,2668,216,13285,43.00581316760657,0.09696969696920148,0.22291487532194199
E1,q2_x3_bottleneckliteask_cas-multistream_seed777,cas-multistream,placebo,777,1120,na,hokkaido_iburi_tobu,Hokkaido0662,0.5,0,638,147,15599,56.75133756150213,0.0,0.0
E1,q2_x3_bottleneckliteask_cas-multistream_seed777,cas-multistream,placebo,777,1120,na,hokkaido_iburi_tobu,Hokkaido0663,0.5,87,449,621,15227,66.37770539205157,0.14603607512511987,0.26281497240836404
E1,q2_x3_bottleneckliteask_cas-multistream_seed777,cas-multistream,placebo,777,1120,na,hokkaido_iburi_tobu,Hokkaido0664,0.5,11,971,731,14671,53.25410782277739,0.0467107824051874,0.05887785730731244
E1,q2_x3_bottleneckliteask_cas-multistream_seed777,cas-multistream,placebo,777,1120,na,hokkaido_iburi_tobu,Hokkaido0665,0.5,0,622,302,15460,73.64434625280764,0.0,0.0
E1,q2_x3_bottleneckliteask_cas-multistream_seed777,cas-multistream,placebo,777,1120,na,hokkaido_iburi_tobu,Hokkaido0666,0.5,0,837,531,15016,55.80322571321482,0.0,0.0
E1,q2_x3_bottleneckliteask_cas-multistream_seed777,cas-multistream,placebo,777,1120,na,hokkaido_iburi_tobu,Hokkaido0667,0.5,765,1511,448,13660,51.84977688141916,0.2984126984122039,0.4590055431450327
E1,q2_x3_bottleneckliteask_cas-multistream_seed777,cas-multistream,placebo,777,1120,na,hokkaido_iburi_tobu,Hokkaido0668,0.5,139,1063,1349,13833,53.587305557883006,0.11187771505523741,0.1775613190936027
E1,q2_x3_bottleneckliteask_cas-multistream_seed777,cas-multistream,placebo,777,1120,na,hokkaido_iburi_tobu,Hokkaido0669,0.5,244,672,2985,12483,61.22897328183299,0.16425949094459344,0.22350846445348496
E1,q2_x3_bottleneckliteask_cas-multistream_seed777,cas-multistream,placebo,777,1120,na,hokkaido_iburi_tobu,Hokkaido0670,0.5,1177,446,4125,10636,49.061179938387866,0.25583103147430847,0.3362670531802373
E1,q2_x3_bottleneckliteask_cas-multistream_seed777,cas-multistream,placebo,777,1120,na,hokkaido_iburi_tobu,Hokkaido0671,0.5,932,576,3193,11683,54.339991877298125,0.17169345865739133,0.24967847193479262
E1,q2_x3_bottleneckliteask_cas-multistream_seed777,cas-multistream,placebo,777,1120,na,hokkaido_iburi_tobu,Hokkaido0672,0.5,393,1841,1735,12415,44.82186966202994,0.148526015634003,0.2529562121425301
E1,q2_x3_bottleneckliteask_cas-multistream_seed777,cas-multistream,placebo,777,1120,na,hokkaido_iburi_tobu,Hokkaido0673,0.5,10,1071,934,14369,49.91731375795575,0.04323677689432298,0.0576542026201565
E1,q2_x3_bottleneckliteask_cas-multistream_seed777,cas-multistream,placebo,777,1120,na,hokkaido_iburi_tobu,Hokkaido0674,0.5,611,248,1186,14339,47.031794873971165,0.1613555759881852,0.24923059705640366
E1,q2_x3_bottleneckliteask_cas-multistream_seed777,cas-multistream,placebo,777,1120,na,hokkaido_iburi_tobu,Hokkaido0675,0.5,1110,1370,2007,11897,41.68452598660451,0.34615768024121246,0.4989385527510403
E1,q2_x3_bottleneckliteask_cas-multistream_seed777,cas-multistream,placebo,777,1120,na,hokkaido_iburi_tobu,Hokkaido0676,0.5,626,2124,1549,12085,49.12736146919568,0.20542966211789151,0.29652523830613253
E1,q2_x3_bottleneckliteask_cas-multistream_seed777,cas-multistream,placebo,777,1120,na,hokkaido_iburi_tobu,Hokkaido0677,0.5,137,392,937,14918,50.25930885145011,0.18158795041506035,0.27582748244692373
E1,q2_x3_bottleneckliteask_cas-multistream_seed777,cas-multistream,placebo,777,1120,na,hokkaido_iburi_tobu,Hokkaido0678,0.5,358,1699,744,13583,41.876604059604325,0.19099335268189538,0.3202908382981629
E1,q2_x3_bottleneckliteask_cas-multistream_seed777,cas-multistream,placebo,777,1120,na,hokkaido_iburi_tobu,Hokkaido0679,0.5,764,2513,1216,11891,31.622776601683793,0.2593789431566071,0.4110810613255021
E1,q2_x3_bottleneckliteask_cas-multistream_seed777,cas-multistream,placebo,777,1120,na,hokkaido_iburi_tobu,Hokkaido0680,0.5,895,1315,1871,12303,47.60501137473126,0.2637422604677222,0.36302161179525483
E1,q2_x3_bottleneckliteask_cas-multistream_seed777,cas-multistream,placebo,777,1120,na,hokkaido_iburi_tobu,Hokkaido0681,0.5,636,893,2552,12303,36.002777242147644,0.23622647260503415,0.3190646638358242
E1,q2_x3_bottleneckliteask_cas-multistream_seed777,cas-multistream,placebo,777,1120,na,hokkaido_iburi_tobu,Hokkaido0682,0.5,387,65,2987,12945,58.137767414994535,0.14400725351322669,0.21324951644079432
E1,q2_x3_bottleneckliteask_cas-multistream_seed777,cas-multistream,placebo,777,1120,na,hokkaido_iburi_tobu,Hokkaido0683,0.5,324,945,2635,12480,58.506334380987695,0.06918183889087175,0.12317673328342386
E1,q2_x3_bottleneckliteask_cas-multistream_seed777,cas-multistream,placebo,777,1120,na,hokkaido_iburi_tobu,Hokkaido0684,0.5,254,1055,3452,11623,59.95579314830363,0.12321704415480592,0.16912846347575128
E1,q2_x3_bottleneckliteask_cas-multistream_seed777,cas-multistream,placebo,777,1120,na,hokkaido_iburi_tobu,Hokkaido0685,0.5,464,334,2896,12690,51.25133735541524,0.15251817522875272,0.2486736214602608
E1,q2_x3_bottleneckliteask_cas-multistream_seed777,cas-multistream,placebo,777,1120,na,hokkaido_iburi_tobu,Hokkaido0686,0.5,4,70,1249,15061,72.12232949752413,0.027422873168888907,0.041293126867275404
E1,q2_x3_bottleneckliteask_cas-multistream_seed777,cas-multistream,placebo,777,1120,na,hokkaido_iburi_tobu,Hokkaido0687,0.5,46,1355,676,14307,53.566546077616565,0.10540441624935919,0.1367463792517738
E1,q2_x3_bottleneckliteask_cas-multistream_seed777,cas-multistream,placebo,777,1120,na,hokkaido_iburi_tobu,Hokkaido0688,0.5,3,1651,881,13849,59.309701498926714,0.027056044663489577,0.039151712887020004
E1,q2_x3_bottleneckliteask_cas-multistream_seed777,cas-multistream,placebo,777,1120,na,hokkaido_iburi_tobu,Hokkaido0689,0.5,371,732,979,14302,54.75214259768102,0.1923809731186029,0.2778011334013611
E1,q2_x3_bottleneckliteask_cas-multistream_seed777,cas-multistream,placebo,777,1120,na,hokkaido_iburi_tobu,Hokkaido0690,0.5,742,1104,2110,12428,38.590153836767094,0.204248837396871,0.29747260120746777
E1,q2_x3_bottleneckliteask_cas-multistream_seed777,cas-multistream,placebo,777,1120,na,hokkaido_iburi_tobu,Hokkaido0691,0.5,1563,1156,2804,10861,40.22437072223753,0.23559553315292192,0.32533710935259
E1,q2_x3_bottleneckliteask_cas-multistream_seed777,cas-multistream,placebo,777,1120,na,hokkaido_iburi_tobu,Hokkaido0692,0.5,1075,511,3971,10827,47.01063709417264,0.1593586098501661,0.2893543244531528
E1,q2_x3_bottleneckliteask_cas-multistream_seed777,cas-multistream,placebo,777,1120,na,hokkaido_iburi_tobu,Hokkaido0693,0.5,1526,391,3023,11444,53.0,0.25437642507989827,0.3624743742882007
E1,q2_x3_bottleneckliteask_cas-multistream_seed777,cas-multistream,placebo,777,1120,na,hokkaido_iburi_tobu,Hokkaido0694,0.5,1275,355,2746,12008,64.07612651044373,0.1529124487326317,0.24445465558271234
E1,q2_x3_bottleneckliteask_cas-multistream_seed777,cas-multistream,placebo,777,1120,na,hokkaido_iburi_tobu,Hokkaido0695,0.5,1246,262,2344,12532,49.24530425049237,0.30065520533990847,0.4047706660313999
E1,q2_x3_bottleneckliteask_cas-multistream_seed777,cas-multistream,placebo,777,1120,na,hokkaido_iburi_tobu,Hokkaido0696,0.5,795,333,2276,12980,51.478150704935004,0.26960702633883155,0.33915087325030524
E1,q2_x3_bottleneckliteask_cas-multistream_seed777,cas-multistream,placebo,777,1120,na,hokkaido_iburi_tobu,Hokkaido0697,0.5,475,276,2565,13068,58.56106936475771,0.19204745217638686,0.30483620354758184
E1,q2_x3_bottleneckliteask_cas-multistream_seed777,cas-multistream,placebo,777,1120,na,hokkaido_iburi_tobu,Hokkaido0698,0.5,76,1838,1725,12745,46.70381799010403,0.10463528566255438,0.14343571764912266
E1,q2_x3_bottleneckliteask_cas-multistream_seed777,cas-multistream,placebo,777,1120,na,hokkaido_iburi_tobu,Hokkaido0699,0.5,315,2324,768,12977,44.78169068523159,0.18571804623845278,0.2921478849172185
E1,q2_x3_bottleneckliteask_cas-multistream_seed777,cas-multistream,placebo,777,1120,na,hokkaido_iburi_tobu,Hokkaido0700,0.5,656,1736,1510,12482,45.668352145818055,0.20501617493436786,0.3047111581800765
E1,q2_x3_bottleneckliteask_cas-multistream_seed777,cas-multistream,placebo,777,1120,na,hokkaido_iburi_tobu,Hokkaido0701,0.5,452,2184,1374,12374,52.630789467763066,0.16231213872800315,0.26421192244747665
E1,q2_x3_bottleneckliteask_cas-multistream_seed777,cas-multistream,placebo,777,1120,na,hokkaido_iburi_tobu,Hokkaido0702,0.5,110,3479,688,12107,41.926066928629986,0.046526596477895414,0.08882109017429586
E1,q2_x3_bottleneckliteask_cas-multistream_seed777,cas-multistream,placebo,777,1120,na,hokkaido_iburi_tobu,Hokkaido0703,0.5,307,1280,839,13958,47.81603105979137,0.1545135302619586,0.27181620775452753
E1,q2_x3_bottleneckliteask_cas-multistream_seed777,cas-multistream,placebo,777,1120,na,hokkaido_iburi_tobu,Hokkaido0704,0.5,360,2640,757,12627,36.224286051225874,0.2111291429993979,0.34163581285719785
E1,q2_x3_bottleneckliteask_cas-multistream_seed777,cas-multistream,placebo,777,1120,na,hokkaido_iburi_tobu,Hokkaido0705,0.5,0,2003,320,14061,60.089511265999676,0.0,0.0
E1,q2_x3_bottleneckliteask_cas-multistream_seed777,cas-multistream,placebo,777,1120,na,hokkaido_iburi_tobu,Hokkaido0707,0.5,9,183,261,15931,61.30250247912992,0.07209062821786774,0.09142359599427842
E1,q2_x3_bottleneckliteask_cas-multistream_seed777,cas-multistream,placebo,777,1120,na,hokkaido_iburi_tobu,Hokkaido0708,0.5,375,1572,250,14187,61.68468205316454,0.2415245133841104,0.41272420473670846
E1,q2_x3_bottleneckliteask_cas-multistream_seed777,cas-multistream,placebo,777,1120,na,hokkaido_iburi_tobu,Hokkaido0709,0.5,220,2200,342,13622,53.315990868026105,0.10979738528000008,0.22508792497020694
E1,q2_x3_bottleneckliteask_cas-multistream_seed777,cas-multistream,placebo,777,1120,na,hokkaido_iburi_tobu,Hokkaido0710,0.5,93,4066,309,11916,78.53788498255322,0.10440775600435033,0.15564282055622142
E1,q2_x3_bottleneckliteask_cas-multistream_seed777,cas-multistream,placebo,777,1120,na,hokkaido_iburi_tobu,Hokkaido0711,0.5,139,3477,1090,11678,58.69412236331676,0.034433866720210954,0.04616388177985223
E1,q2_x3_bottleneckliteask_cas-multistream_seed777,cas-multistream,placebo,777,1120,na,hokkaido_iburi_tobu,Hokkaido0712,0.5,0,660,1723,14001,63.02340732706321,0.0,0.0
E1,q2_x3_bottleneckliteask_cas-multistream_seed777,cas-multistream,placebo,777,1120,na,hokkaido_iburi_tobu,Hokkaido0713,0.5,114,914,1417,13939,58.755415817805016,0.17410349348308082,0.2346531650291309
E1,q2_x3_bottleneckliteask_cas-multistream_seed777,cas-multistream,placebo,777,1120,na,hokkaido_iburi_tobu,Hokkaido0714,0.5,293,1395,616,14080,59.73352813011658,0.17720568516983118,0.2246661429688936
E1,q2_x3_bottleneckliteask_cas-multistream_seed777,cas-multistream,placebo,777,1120,na,hokkaido_iburi_tobu,Hokkaido0715,0.5,79,1471,377,14457,47.09723932299278,0.18740337433572737,0.2514046281301826
E1,q2_x3_bottleneckliteask_cas-multistream_seed777,cas-multistream,placebo,777,1120,na,hokkaido_iburi_tobu,Hokkaido0716,0.5,180,1589,587,14028,58.69412236331676,0.06844106463831015,0.1750605978988157
E1,q2_x3_bottleneckliteask_cas-multistream_seed777,cas-multistream,placebo,777,1120,na,hokkaido_iburi_tobu,Hokkaido0717,0.5,375,1128,1085,13796,42.97669544464484,0.16709346990990578,0.24811407543651898
E1,q2_x3_bottleneckliteask_cas-multistream_seed777,cas-multistream,placebo,777,1120,na,hokkaido_iburi_tobu,Hokkaido0718,0.5,50,1044,1318,13972,67.2283412793058,0.03155818540390297,0.06272634096302322
E1,q2_x3_bottleneckliteask_cas-multistream_seed777,cas-multistream,placebo,777,1120,na,hokkaido_iburi_tobu,Hokkaido0719,0.5,175,2955,1078,12176,49.47219504752221,0.08025343188970774,0.13622074746721724
E1,q2_x3_bottleneckliteask_cas-multistream_seed777,cas-multistream,placebo,777,1120,na,hokkaido_iburi_tobu,Hokkaido0720,0.5,511,3073,1684,11116,40.30504786810867,0.14563928873789428,0.24864541272866497
E1,q2_x3_bottleneckliteask_cas-multistream_seed777,cas-multistream,placebo,777,1120,na,hokkaido_iburi_tobu,Hokkaido0721,0.5,454,1840,1982,12108,45.779897611523914,0.1457739569215407,0.2515339373704505
E1,q2_x3_bottleneckliteask_cas-multistream_seed777,cas-multistream,placebo,777,1120,na,hokkaido_iburi_tobu,Hokkaido0722,0.5,112,1971,1354,12947,48.86460384528351,0.06927473393738919,0.11064375400651169
E1,q2_x3_bottleneckliteask_cas-multistream_seed777,cas-multistream,placebo,777,1120,na,hokkaido_iburi_tobu,Hokkaido0723,0.5,151,2019,412,13802,59.560043307524374,0.1757877280260357,0.26877194423291484
E1,q2_x3_bottleneckliteask_cas-multistream_seed777,cas-multistream,placebo,777,1120,na,hokkaido_iburi_tobu,Hokkaido0724,0.5,0,1101,1727,13556,48.223410691349905,0.0,0.0
E1,q2_x3_bottleneckliteask_cas-multistream_seed777,cas-multistream,placebo,777,1120,na,hokkaido_iburi_tobu,Hokkaido0725,0.5,471,156,3541,12216,50.60137880568668,0.139105964671903,0.18660360145163452
E1,q2_x3_bottleneckliteask_cas-multistream_seed777,cas-multistream,placebo,777,1120,na,hokkaido_iburi_tobu,Hokkaido0726,0.5,1609,484,1789,12502,51.86135341167853,0.2611909987893836,0.40278970196314406
E1,q2_x3_bottleneckliteask_cas-multistream_seed777,cas-multistream,placebo,777,1120,na,hokkaido_iburi_tobu,Hokkaido0727,0.5,0,2094,874,13416,64.66065264130884,0.0,0.0
E1,q2_x3_bottleneckliteask_cas-multistream_seed777,cas-multistream,placebo,777,1120,na,hokkaido_iburi_tobu,Hokkaido0728,0.5,0,2206,215,13963,70.34698227884374,0.0,0.0
E1,q2_x3_bottleneckliteask_cas-multistream_seed777,cas-multistream,placebo,777,1120,na,hokkaido_iburi_tobu,Hokkaido0729,0.5,0,1522,735,14127,61.46695992191522,0.0,0.0
E1,q2_x3_bottleneckliteask_cas-multistream_seed777,cas-multistream,placebo,777,1120,na,hokkaido_iburi_tobu,Hokkaido0730,0.5,492,536,1319,14037,46.81018967472244,0.21765112603682726,0.2586782231849399
E1,q2_x3_bottleneckliteask_cas-multistream_seed777,cas-multistream,placebo,777,1120,na,hokkaido_iburi_tobu,Hokkaido0731,0.5,508,1047,943,13886,50.55195129652762,0.3076397780618838,0.37970508342989356
E1,q2_x3_bottleneckliteask_cas-multistream_seed777,cas-multistream,placebo,777,1120,na,hokkaido_iburi_tobu,Hokkaido0732,0.5,0,1077,183,15124,80.58184535136321,0.0,0.0
E1,q2_x3_bottleneckliteask_cas-multistream_seed777,cas-multistream,placebo,777,1120,na,hokkaido_iburi_tobu,Hokkaido0733,0.5,181,1755,760,13688,46.22642074345109,0.08647972680437703,0.1213818860872735
E1,q2_x3_bottleneckliteask_cas-multistream_seed777,cas-multistream,placebo,777,1120,na,hokkaido_iburi_tobu,Hokkaido0734,0.5,997,1480,2863,11044,33.266341799537756,0.21943343222423192,0.30634319160725776
E1,q2_x3_bottleneckliteask_cas-multistream_seed777,cas-multistream,placebo,777,1120,na,hokkaido_iburi_tobu,Hokkaido0735,0.5,1040,1488,4087,9769,47.853944456021594,0.1290070256947155,0.23620384619051635
E1,q2_x3_bottleneckliteask_cas-multistream_seed777,cas-multistream,placebo,777,1120,na,hokkaido_iburi_tobu,Hokkaido0736,0.5,872,1516,2126,11870,40.556072482421754,0.21651928745324628,0.3218862250435104
E1,q2_x3_bottleneckliteask_cas-multistream_seed777,cas-multistream,placebo,777,1120,na,hokkaido_iburi_tobu,Hokkaido0737,0.5,237,966,1384,13797,59.3927573683686,0.08451921691629918,0.16139240506296718
E1,q2_x3_bottleneckliteask_cas-multistream_seed777,cas-multistream,placebo,777,1120,na,hokkaido_iburi_tobu,Hokkaido0738,0.5,4,2,1693,14685,162.00555510291525,0.010362694300507826,0.028747433264858725
E1,q2_x3_bottleneckliteask_cas-multistream_seed777,cas-multistream,placebo,777,1120,na,hokkaido_iburi_tobu,Hokkaido0739,0.5,0,1036,1490,13858,63.888753666475004,0.0,0.0
E1,q2_x3_bottleneckliteask_cas-multistream_seed777,cas-multistream,placebo,777,1120,na,hokkaido_iburi_tobu,Hokkaido0740,0.5,302,1779,1567,12736,57.28001396647874,0.12772751463510024,0.18417905347649102
E1,q2_x3_bottleneckliteask_cas-multistream_seed777,cas-multistream,placebo,777,1120,na,hokkaido_iburi_tobu,Hokkaido0741,0.5,183,890,2650,12661,56.61183615621934,0.12176292632688834,0.18158420317033014
E1,q2_x3_bottleneckliteask_cas-multistream_seed777,cas-multistream,placebo,777,1120,na,hokkaido_iburi_tobu,Hokkaido0742,0.5,413,701,3103,12167,59.31821971723719,0.15939704354455644,0.23704380042638507
E1,q2_x3_bottleneckliteask_cas-multistream_seed777,cas-multistream,placebo,777,1120,na,hokkaido_iburi_tobu,Hokkaido0743,0.5,943,805,3088,11548,49.64876634922564,0.1647695970864525,0.25316169878330985
E1,q2_x3_bottleneckliteask_cas-multistream_seed777,cas-multistream,placebo,777,1120,na,hokkaido_iburi_tobu,Hokkaido0744,0.5,379,828,3549,11628,58.60673360314293,0.13458558427415518,0.22003030627338588
E1,q2_x3_bottleneckliteask_cas-multistream_seed777,cas-multistream,placebo,777,1120,na,hokkaido_iburi_tobu,Hokkaido0745,0.5,518,941,3067,11858,43.717245945646845,0.14281897452062098,0.2540427159172567
E1,q2_x3_bottleneckliteask_cas-multistream_seed777,cas-multistream,placebo,777,1120,na,hokkaido_iburi_tobu,Hokkaido0746,0.5,968,1393,2403,11620,46.69368055924145,0.2006551654197725,0.29766636569237886
E1,q2_x3_bottleneckliteask_cas-multistream_seed777,cas-multistream,placebo,777,1120,na,hokkaido_iburi_tobu,Hokkaido0747,0.5,570,512,3007,12295,59.858144710111674,0.13713896322359004,0.1908212139682824
E1,q2_x3_bottleneckliteask_cas-multistream_seed777,cas-multistream,placebo,777,1120,na,hokkaido_iburi_tobu,Hokkaido0748,0.5,234,463,2568,13119,64.77650442962361,0.11588751794840273,0.14946230026107984
E1,q2_x3_bottleneckliteask_cas-multistream_seed777,cas-multistream,placebo,777,1120,na,hokkaido_iburi_tobu,Hokkaido0749,0.5,277,2255,941,12911,44.24137047806683,0.1662235392011919,0.3106873261815432
E1,q2_x3_bottleneckliteask_cas-multistream_seed777,cas-multistream,placebo,777,1120,na,hokkaido_iburi_tobu,Hokkaido0750,0.5,218,1623,1504,13039,47.50470694886845,0.11051113247989731,0.2164414910923541
E1,q2_x3_bottleneckliteask_cas-multistream_seed777,cas-multistream,placebo,777,1120,na,hokkaido_iburi_tobu,Hokkaido0751,0.5,519,1544,1520,12801,47.45628365603162,0.14717847867503667,0.2216605889144095
E1,q2_x3_bottleneckliteask_cas-multistream_seed777,cas-multistream,placebo,777,1120,na,hokkaido_iburi_tobu,Hokkaido0752,0.5,477,1692,565,13650,44.553338819890925,0.19926509775279386,0.31556014218511663
E1,q2_x3_bottleneckliteask_cas-multistream_seed777,cas-multistream,placebo,777,1120,na,hokkaido_iburi_tobu,Hokkaido0753,0.5,107,2180,872,13225,51.26789348162229,0.07382321283205887,0.08989865969236058
E1,q2_x3_bottleneckliteask_cas-multistream_seed777,cas-multistream,placebo,777,1120,na,hokkaido_iburi_tobu,Hokkaido0754,0.5,566,2706,833,12279,40.22437072223753,0.1559969937121033,0.266598342393356
E1,q2_x3_bottleneckliteask_cas-multistream_seed777,cas-multistream,placebo,777,1120,na,hokkaido_iburi_tobu,Hokkaido0755,0.5,125,2848,642,12769,48.491232111207985,0.14570579601140202,0.22494566959941925
E1,q2_x3_bottleneckliteask_cas-multistream_seed777,cas-multistream,placebo,777,1120,na,hokkaido_iburi_tobu,Hokkaido0758,0.5,435,69,601,15279,73.59347797189639,0.4068958132558463,0.5236485076180589
E1,q2_x3_bottleneckliteask_cas-multistream_seed777,cas-multistream,placebo,777,1120,na,hokkaido_iburi_tobu,Hokkaido0759,0.5,214,592,457,15121,54.54338607133199,0.16176156963063634,0.36980995662007343
E1,q2_x3_bottleneckliteask_cas-multistream_seed777,cas-multistream,placebo,777,1120,na,hokkaido_iburi_tobu,Hokkaido0760,0.5,137,1817,403,14027,47.0249519575411,0.14587332053693083,0.1913822048120532
E1,q2_x3_bottleneckliteask_cas-multistream_seed777,cas-multistream,placebo,777,1120,na,hokkaido_iburi_tobu,Hokkaido0761,0.5,710,1848,1288,12538,33.83784863137726,0.1994343772909092,0.3319115587119708
E1,q2_x3_bottleneckliteask_cas-multistream_seed777,cas-multistream,placebo,777,1120,na,hokkaido_iburi_tobu,Hokkaido0762,0.5,1588,1936,2532,10328,41.7947266666715,0.23498083891925706,0.3721826184985931
E1,q2_x3_bottleneckliteask_cas-multistream_seed777,cas-multistream,placebo,777,1120,na,hokkaido_iburi_tobu,Hokkaido0763,0.5,160,433,2718,13073,58.85727569607229,0.07216566727076681,0.11550632911371972
E1,q2_x3_bottleneckliteask_cas-multistream_seed777,cas-multistream,placebo,777,1120,na,hokkaido_iburi_tobu,Hokkaido0764,0.5,5,1341,1386,13652,60.108235708594876,0.018566271273408517,0.028108922072542338
E1,q2_x3_bottleneckliteask_cas-multistream_seed777,cas-multistream,placebo,777,1120,na,hokkaido_iburi_tobu,Hokkaido0765,0.5,296,619,1031,14438,49.31205936606002,0.2568370986916317,0.35726430479849347
E1,q2_x3_bottleneckliteask_cas-multistream_seed777,cas-multistream,placebo,777,1120,na,hokkaido_iburi_tobu,Hokkaido0766,0.5,12,1592,769,14011,38.95124997888585,0.06779982907556206,0.07919042647127629
E1,q2_x3_bottleneckliteask_cas-multistream_seed777,cas-multistream,placebo,777,1120,na,hokkaido_iburi_tobu,Hokkaido0767,0.5,1300,359,1331,13394,43.34909956820719,0.35814606741535154,0.5760091885808581
E1,q2_x3_bottleneckliteask_cas-multistream_seed777,cas-multistream,placebo,777,1120,na,hokkaido_iburi_tobu,Hokkaido0768,0.5,19,1723,2353,12289,62.57023897909094,0.03764705882315737,0.05387205387159678
E1,q2_x3_bottleneckliteask_cas-multistream_seed777,cas-multistream,placebo,777,1120,na,hokkaido_iburi_tobu,Hokkaido0769,0.5,0,1026,395,14963,70.21217800176399,0.0,0.0
E1,q2_x3_bottleneckliteask_cas-multistream_seed777,cas-multistream,placebo,777,1120,na,hokkaido_iburi_tobu,Hokkaido0770,0.5,0,999,1592,13793,52.907455442575895,0.0,0.0
E1,q2_x3_bottleneckliteask_cas-multistream_seed777,cas-multistream,placebo,777,1120,na,hokkaido_iburi_tobu,Hokkaido0771,0.5,806,138,1548,13892,59.196282123959804,0.2747819191114775,0.46849231395666235
E1,q2_x3_bottleneckliteask_cas-multistream_seed777,cas-multistream,placebo,777,1120,na,hokkaido_iburi_tobu,Hokkaido0772,0.5,0,978,981,14425,56.387051590496455,0.0,0.0
E1,q2_x3_bottleneckliteask_cas-multistream_seed777,cas-multistream,placebo,777,1120,na,hokkaido_iburi_tobu,Hokkaido0774,0.5,0,1341,194,14849,82.83959621904062,0.0,0.0
E1,q2_x3_bottleneckliteask_cas-multistream_seed777,cas-multistream,placebo,777,1120,na,hokkaido_iburi_tobu,Hokkaido0775,0.5,0,764,2070,13550,64.35837023240838,0.0,0.0
E1,q2_x3_bottleneckliteask_cas-multistream_seed777,cas-multistream,placebo,777,1120,na,hokkaido_iburi_tobu,Hokkaido0776,0.5,44,1238,3557,11545,50.24937810560445,0.06473466315364473,0.09631521342547579
E1,q2_x3_bottleneckliteask_cas-multistream_seed777,cas-multistream,placebo,777,1120,na,hokkaido_iburi_tobu,Hokkaido0777,0.5,484,53,1301,14546,61.098240432435205,0.3092858003128609,0.35428571428542277
E1,q2_x3_bottleneckliteask_cas-multistream_seed777,cas-multistream,placebo,777,1120,na,hokkaido_iburi_tobu,Hokkaido0778,0.5,0,931,60,15393,77.13591353965515,0.0,0.0
E1,q2_x3_bottleneckliteask_cas-multistream_seed777,cas-multistream,placebo,777,1120,na,hokkaido_iburi_tobu,Hokkaido0779,0.5,0,2279,328,13777,72.9348669607817,0.0,0.0
E1,q2_x3_bottleneckliteask_cas-multistream_seed777,cas-multistream,placebo,777,1120,na,hokkaido_iburi_tobu,Hokkaido0780,0.5,0,1218,328,14838,60.986371644303425,0.0,0.0
E1,q2_x3_bottleneckliteask_cas-multistream_seed777,cas-multistream,placebo,777,1120,na,hokkaido_iburi_tobu,Hokkaido0781,0.5,0,1353,114,14917,72.85253641804786,0.0,0.0
E1,q2_x3_bottleneckliteask_cas-multistream_seed777,cas-multistream,placebo,777,1120,na,hokkaido_iburi_tobu,Hokkaido0782,0.5,56,1544,1165,13619,53.879454512307056,0.09766606822219322,0.17472698907914735
E1,q2_x3_bottleneckliteask_cas-multistream_seed777,cas-multistream,placebo,777,1120,na,hokkaido_iburi_tobu,Hokkaido0783,0.5,661,208,3059,12456,55.477919324890706,0.1740572340826832,0.2300185142152251
E1,q2_x3_bottleneckliteask_cas-multistream_seed777,cas-multistream,placebo,777,1120,na,hokkaido_iburi_tobu,Hokkaido0784,0.5,287,237,4813,11047,45.799563004405584,0.09289577613789791,0.1375483568440062
E1,q2_x3_bottleneckliteask_cas-multistream_seed777,cas-multistream,placebo,777,1120,na,hokkaido_iburi_tobu,Hokkaido0785,0.5,394,463,3548,11979,54.378304497290095,0.1469231688371717,0.23461549610109883
E1,q2_x3_bottleneckliteask_cas-multistream_seed777,cas-multistream,placebo,777,1120,na,hokkaido_iburi_tobu,Hokkaido0786,0.5,994,1455,2648,11287,48.37147836002064,0.17226545714942262,0.28377438072994887
E1,q2_x3_bottleneckliteask_cas-multistream_seed777,cas-multistream,placebo,777,1120,na,hokkaido_iburi_tobu,Hokkaido0787,0.5,576,589,3536,11683,49.56075120961961,0.1731359574320675,0.24620714964487153
E1,q2_x3_bottleneckliteask_cas-multistream_seed777,cas-multistream,placebo,777,1120,na,hokkaido_iburi_tobu,Hokkaido0788,0.5,783,1184,2087,12330,46.37862891091612,0.22070990654917824,0.3493710314151798
E1,q2_x3_bottleneckliteask_cas-multistream_seed777,cas-multistream,placebo,777,1120,na,hokkaido_iburi_tobu,Hokkaido0789,0.5,311,431,1815,13827,52.50332733153859,0.17931164131372226,0.2514434534774369
E1,q2_x3_bottleneckliteask_cas-multistream_seed777,cas-multistream,placebo,777,1120,na,hokkaido_iburi_tobu,Hokkaido0790,0.5,558,559,1609,13658,56.61183615621934,0.1379192370604428,0.21192132948906928
E1,q2_x3_bottleneckliteask_cas-multistream_seed777,cas-multistream,placebo,777,1120,na,hokkaido_iburi_tobu,Hokkaido0791,0.5,371,720,2020,13273,55.64347832019329,0.13369607462081315,0.19723599043648157
E1,q2_x3_bottleneckliteask_cas-multistream_seed777,cas-multistream,placebo,777,1120,na,hokkaido_iburi_tobu,Hokkaido0792,0.5,471,429,3141,12343,62.62826796573506,0.13653509892116023,0.23769752655247872
E1,q2_x3_bottleneckliteask_cas-multistream_seed777,cas-multistream,placebo,777,1120,na,hokkaido_iburi_tobu,Hokkaido0793,0.5,1028,1087,4004,10265,41.63531245586356,0.15396226415076036,0.22807872685411146
E1,q2_x3_bottleneckliteask_cas-multistream_seed777,cas-multistream,placebo,777,1120,na,hokkaido_iburi_tobu,Hokkaido0794,0.5,615,608,4655,10506,55.551738256072674,0.12456860355208264,0.20170616947343967
E1,q2_x3_bottleneckliteask_cas-multistream_seed777,cas-multistream,placebo,777,1120,na,hokkaido_iburi_tobu,Hokkaido0795,0.5,1035,1097,3903,10349,44.41396142635499,0.18178349992719012,0.32405152334942283
E1,q2_x3_bottleneckliteask_cas-multistream_seed777,cas-multistream,placebo,777,1120,na,hokkaido_iburi_tobu,Hokkaido0796,0.5,823,1416,3674,10471,37.65368470390786,0.20269379172167706,0.29375669769662766
E1,q2_x3_bottleneckliteask_cas-multistream_seed777,cas-multistream,placebo,777,1120,na,hokkaido_iburi_tobu,Hokkaido0797,0.5,1007,1417,2794,11166,41.012193308819754,0.2470035175003228,0.3599647093419074
E1,q2_x3_bottleneckliteask_cas-multistream_seed777,cas-multistream,placebo,777,1120,na,hokkaido_iburi_tobu,Hokkaido0798,0.5,692,2303,1569,11820,38.948684188300895,0.2439520340083487,0.3553172603299839
E1,q2_x3_bottleneckliteask_cas-multistream_seed777,cas-multistream,placebo,777,1120,na,hokkaido_iburi_tobu,Hokkaido0799,0.5,286,2791,1073,12234,46.89132586318646,0.11108671789205521,0.1981064579089474
E1,q2_x3_bottleneckliteask_cas-multistream_seed777,cas-multistream,placebo,777,1120,na,hokkaido_iburi_tobu,Hokkaido0800,0.5,484,2121,1170,12609,48.371470177009996,0.10077068489130482,0.15872692448717649
E1,q2_x3_bottleneckliteask_cas-multistream_seed777,cas-multistream,placebo,777,1120,na,hokkaido_iburi_tobu,Hokkaido0801,0.5,497,2999,1296,11592,39.15920994930247,0.17443616488650615,0.2606702950440179
E1,q2_x3_bottleneckliteask_cas-multistream_seed777,cas-multistream,placebo,777,1120,na,hokkaido_iburi_tobu,Hokkaido0802,0.5,201,2048,1095,13040,50.99019513592785,0.1540077003846085,0.2201647838269742
E1,q2_x3_bottleneckliteask_cas-multistream_seed777,cas-multistream,placebo,777,1120,na,hokkaido_iburi_tobu,Hokkaido0803,0.5,336,3466,425,12157,39.638360919432294,0.16881768663841104,0.26745055945826696
E1,q2_x3_bottleneckliteask_cas-multistream_seed777,cas-multistream,placebo,777,1120,na,hokkaido_iburi_tobu,Hokkaido0804,0.5,79,2499,420,13386,42.301125636643924,0.07514761137899666,0.1550122094309031
E1,q2_x3_bottleneckliteask_cas-multistream_seed777,cas-multistream,placebo,777,1120,na,hokkaido_iburi_tobu,Hokkaido0806,0.5,12,6,573,15793,123.47327079051166,0.20370370370352073,0.28318584070772146
E1,q2_x3_bottleneckliteask_cas-multistream_seed777,cas-multistream,placebo,777,1120,na,hokkaido_iburi_tobu,Hokkaido0807,0.5,26,44,180,16134,49.981996398559275,0.3282051282047188,0.5282485875702182
E1,q2_x3_bottleneckliteask_cas-multistream_seed777,cas-multistream,placebo,777,1120,na,hokkaido_iburi_tobu,Hokkaido0808,0.5,0,3565,402,12417,56.586217403180434,0.0,0.0
E1,q2_x3_bottleneckliteask_cas-multistream_seed777,cas-multistream,placebo,777,1120,na,hokkaido_iburi_tobu,Hokkaido0809,0.5,380,2050,1336,12618,61.68468205316454,0.08677030057152993,0.15725652044380267
E1,q2_x3_bottleneckliteask_cas-multistream_seed777,cas-multistream,placebo,777,1120,na,hokkaido_iburi_tobu,Hokkaido0810,0.5,355,205,3117,12707,52.31626157165245,0.18815498102913325,0.29761581414682736
E1,q2_x3_bottleneckliteask_cas-multistream_seed777,cas-multistream,placebo,777,1120,na,hokkaido_iburi_tobu,Hokkaido0811,0.5,410,1080,2489,12405,53.33103686537481,0.16306274370758042,0.23157540251606226
E1,q2_x3_bottleneckliteask_cas-multistream_seed777,cas-multistream,placebo,777,1120,na,hokkaido_iburi_tobu,Hokkaido0812,0.5,179,1422,1926,12857,58.70688659492617,0.10443712233197659,0.1619548021668995
E1,q2_x3_bottleneckliteask_cas-multistream_seed777,cas-multistream,placebo,777,1120,na,hokkaido_iburi_tobu,Hokkaido0813,0.5,265,1916,1405,12798,42.42640687119285,0.08410813903551916,0.15994978028839693
E1,q2_x3_bottleneckliteask_cas-multistream_seed777,cas-multistream,placebo,777,1120,na,hokkaido_iburi_tobu,Hokkaido0814,0.5,47,1534,360,14443,59.6807411546948,0.07085178431833447,0.10837189734910771
E1,q2_x3_bottleneckliteask_cas-multistream_seed777,cas-multistream,placebo,777,1120,na,hokkaido_iburi_tobu,Hokkaido0815,0.5,595,1268,1222,13299,43.85314884119566,0.17621378023399822,0.3494742542528586
E1,q2_x3_bottleneckliteask_cas-multistream_seed777,cas-multistream,placebo,777,1120,na,hokkaido_iburi_tobu,Hokkaido0816,0.5,1178,1324,972,12910,43.623334242027184,0.2634942671800696,0.43114178568534317
E1,q2_x3_bottleneckliteask_cas-multistream_seed777,cas-multistream,placebo,777,1120,na,hokkaido_iburi_tobu,Hokkaido0817,0.5,0,130,1502,14752,64.93843238021688,0.0,0.0
E1,q2_x3_bottleneckliteask_cas-multistream_seed777,cas-multistream,placebo,777,1120,na,hokkaido_iburi_tobu,Hokkaido0818,0.5,787,1093,1562,12942,49.15279763681095,0.16331360946701573,0.3284184090861514
E1,q2_x3_bottleneckliteask_cas-multistream_seed777,cas-multistream,placebo,777,1120,na,hokkaido_iburi_tobu,Hokkaido0819,0.5,0,859,1759,13766,48.76474136094644,0.0,0.0
E1,q2_x3_bottleneckliteask_cas-multistream_seed777,cas-multistream,placebo,777,1120,na,hokkaido_iburi_tobu,Hokkaido0820,0.5,10,1595,574,14205,54.819949442210465,0.0,0.0
E1,q2_x3_bottleneckliteask_cas-multistream_seed777,cas-multistream,placebo,777,1120,na,hokkaido_iburi_tobu,Hokkaido0821,0.5,0,2436,304,13644,62.71759720553059,0.016666666666229384,0.04292682926787074
E1,q2_x3_bottleneckliteask_cas-multistream_seed777,cas-multistream,placebo,777,1120,na,hokkaido_iburi_tobu,Hokkaido0822,0.5,7,1120,419,14838,57.47480680319157,0.04522096608378878,0.06492589978780533
E1,q2_x3_bottleneckliteask_cas-multistream_seed777,cas-multistream,placebo,777,1120,na,hokkaido_iburi_tobu,Hokkaido0823,0.5,182,259,2202,13741,54.037024344425184,0.1288343558280304,0.22514158271916218
E1,q2_x3_bottleneckliteask_cas-multistream_seed777,cas-multistream,placebo,777,1120,na,hokkaido_iburi_tobu,Hokkaido0824,0.5,633,944,4728,10079,54.120236510939236,0.1539751564904538,0.2327124546620854
E1,q2_x3_bottleneckliteask_cas-multistream_seed777,cas-multistream,placebo,777,1120,na,hokkaido_iburi_tobu,Hokkaido0825,0.5,43,17,3852,12472,109.75153062578498,0.039754400963700406,0.056253740275229586
E1,q2_x3_bottleneckliteask_cas-multistream_seed777,cas-multistream,placebo,777,1120,na,hokkaido_iburi_tobu,Hokkaido0826,0.5,0,0,1324,15060,181.01933598375618,0.0,0.0
E1,q2_x3_bottleneckliteask_cas-multistream_seed777,cas-multistream,placebo,777,1120,na,hokkaido_iburi_tobu,Hokkaido0827,0.5,0,0,1146,15238,181.01933598375618,0.0,0.0
E1,q2_x3_bottleneckliteask_cas-multistream_seed777,cas-multistream,placebo,777,1120,na,hokkaido_iburi_tobu,Hokkaido0828,0.5,39,2237,1716,12392,57.41875141230286,0.07649253731303225,0.10881630424847517
E1,q2_x3_bottleneckliteask_cas-multistream_seed777,cas-multistream,placebo,777,1120,na,hokkaido_iburi_tobu,Hokkaido0829,0.5,0,0,2006,14378,181.01933598375618,0.0,0.0
E1,q2_x3_bottleneckliteask_cas-multistream_seed777,cas-multistream,placebo,777,1120,na,hokkaido_iburi_tobu,Hokkaido0830,0.5,0,732,1409,14243,70.9365914038728,0.0,0.0
E1,q2_x3_bottleneckliteask_cas-multistream_seed777,cas-multistream,placebo,777,1120,na,hokkaido_iburi_tobu,Hokkaido0831,0.5,414,637,2162,13171,50.960693071634886,0.11199281836710777,0.20075757575729714
E1,q2_x3_bottleneckliteask_cas-multistream_seed777,cas-multistream,placebo,777,1120,na,hokkaido_iburi_tobu,Hokkaido0832,0.5,549,595,4108,11132,55.86948974821779,0.11227063869209075,0.19768033558390005
E1,q2_x3_bottleneckliteask_cas-multistream_seed777,cas-multistream,placebo,777,1120,na,hokkaido_iburi_tobu,Hokkaido0833,0.5,1364,259,4220,10541,48.16637831516918,0.2157385890923556,0.2997568494193181
E1,q2_x3_bottleneckliteask_cas-multistream_seed777,cas-multistream,placebo,777,1120,na,hokkaido_iburi_tobu,Hokkaido0834,0.5,689,483,3581,11631,61.561350140969914,0.15198123044816944,0.2632491123537316
E1,q2_x3_bottleneckliteask_cas-multistream_seed777,cas-multistream,placebo,777,1120,na,hokkaido_iburi_tobu,Hokkaido0835,0.5,274,420,3586,12104,57.271284253105414,0.06806705583377173,0.13276066795249825
E1,q2_x3_bottleneckliteask_cas-multistream_seed777,cas-multistream,placebo,777,1120,na,hokkaido_iburi_tobu,Hokkaido0836,0.5,648,1142,4656,9938,54.2539612073384,0.1210564930298679,0.20140934597301915
E1,q2_x3_bottleneckliteask_cas-multistream_seed777,cas-multistream,placebo,777,1120,na,hokkaido_iburi_tobu,Hokkaido0837,0.5,191,370,3909,11914,59.20304046246274,0.1273109480281382,0.16289316757207167
E1,q2_x3_bottleneckliteask_cas-multistream_seed777,cas-multistream,placebo,777,1120,na,hokkaido_iburi_tobu,Hokkaido0838,0.5,280,96,2147,13861,71.36522462512059,0.1085386378995938,0.15012510425340575
E1,q2_x3_bottleneckliteask_cas-multistream_seed777,cas-multistream,placebo,777,1120,na,hokkaido_iburi_tobu,Hokkaido0839,0.5,77,1671,2074,12562,60.76593397120787,0.07376384760840202,0.09422557246444334
E1,q2_x3_bottleneckliteask_cas-multistream_seed777,cas-multistream,placebo,777,1120,na,hokkaido_iburi_tobu,Hokkaido0840,0.5,239,468,1872,13805,62.37306954790576,0.07483471655623011,0.13965276897710782
E1,q2_x3_bottleneckliteask_cas-multistream_seed777,cas-multistream,placebo,777,1120,na,hokkaido_iburi_tobu,Hokkaido0841,0.5,823,420,2407,12734,60.171412700543435,0.2746185852978874,0.38700947225947746
E1,q2_x3_bottleneckliteask_cas-multistream_seed777,cas-multistream,placebo,777,1120,na,hokkaido_iburi_tobu,Hokkaido0842,0.5,871,497,3629,11387,56.51544719219021,0.1539414214564231,0.22517154152566088
E1,q2_x3_bottleneckliteask_cas-multistream_seed777,cas-multistream,placebo,777,1120,na,hokkaido_iburi_tobu,Hokkaido0843,0.5,1189,804,4154,10237,49.040799340956916,0.2886753425834913,0.38680272493594037
E1,q2_x3_bottleneckliteask_cas-multistream_seed777,cas-multistream,placebo,777,1120,na,hokkaido_iburi_tobu,Hokkaido0844,0.5,318,647,5366,10053,62.186808581875994,0.09868579373763192,0.16059897051922775
E1,q2_x3_bottleneckliteask_cas-multistream_seed777,cas-multistream,placebo,777,1120,na,hokkaido_iburi_tobu,Hokkaido0845,0.5,1676,2251,2671,9786,43.84176063183378,0.23525127705960278,0.3326513557902568
E1,q2_x3_bottleneckliteask_cas-multistream_seed777,cas-multistream,placebo,777,1120,na,hokkaido_iburi_tobu,Hokkaido0846,0.5,591,1631,2526,11636,45.54667308169832,0.2070392254142747,0.29102167182631133
E1,q2_x3_bottleneckliteask_cas-multistream_seed777,cas-multistream,placebo,777,1120,na,hokkaido_iburi_tobu,Hokkaido0847,0.5,628,2788,1862,11106,40.929080595774366,0.1583088885781549,0.28761181829304
E1,q2_x3_bottleneckliteask_cas-multistream_seed777,cas-multistream,placebo,777,1120,na,hokkaido_iburi_tobu,Hokkaido0848,0.5,369,2543,1180,12292,44.13138185519372,0.11963406052037087,0.1970443349749803
E1,q2_x3_bottleneckliteask_cas-multistream_seed777,cas-multistream,placebo,777,1120,na,hokkaido_iburi_tobu,Hokkaido0849,0.5,319,2928,948,12189,44.284853428785176,0.20196089644566784,0.3172739151827253
E1,q2_x3_bottleneckliteask_cas-multistream_seed777,cas-multistream,placebo,777,1120,na,hokkaido_iburi_tobu,Hokkaido0850,0.5,1043,2837,1336,11168,41.32424101421236,0.22675689744890473,0.34493024186118565
E1,q2_x3_bottleneckliteask_cas-multistream_seed777,cas-multistream,placebo,777,1120,na,hokkaido_iburi_tobu,Hokkaido0851,0.5,595,3459,1504,10826,37.1709845808411,0.20450098553783408,0.2733245502996775
E1,q2_x3_bottleneckliteask_cas-multistream_seed777,cas-multistream,placebo,777,1120,na,hokkaido_iburi_tobu,Hokkaido0852,0.5,0,3993,468,11923,49.28329256051313,0.0,0.028257456828385406
E1,q2_x3_bottleneckliteask_cas-multistream_seed777,cas-multistream,placebo,777,1120,na,hokkaido_iburi_tobu,Hokkaido0853,0.5,0,3464,50,12870,69.42621983083913,0.0,0.0
E1,q2_x3_bottleneckliteask_cas-multistream_seed777,cas-multistream,placebo,777,1120,na,hokkaido_iburi_tobu,Hokkaido0856,0.5,11,11,84,16278,12.779260906898543,0.4888888888885195,0.6666666666662222
E1,q2_x3_bottleneckliteask_cas-multistream_seed777,cas-multistream,placebo,777,1120,na,hokkaido_iburi_tobu,Hokkaido0857,0.5,0,765,267,15352,87.0,0.0,0.0
E1,q2_x3_bottleneckliteask_cas-multistream_seed777,cas-multistream,placebo,777,1120,na,hokkaido_iburi_tobu,Hokkaido0858,0.5,451,928,1438,13567,51.37118710002709,0.13521485345219655,0.1804670912947499
E1,q2_x3_bottleneckliteask_cas-multistream_seed777,cas-multistream,placebo,777,1120,na,hokkaido_iburi_tobu,Hokkaido0859,0.5,607,2487,1434,11856,40.308185484167915,0.12426532325739906,0.21241056611948525
E1,q2_x3_bottleneckliteask_cas-multistream_seed777,cas-multistream,placebo,777,1120,na,hokkaido_iburi_tobu,Hokkaido0860,0.5,217,272,1464,14431,59.033888572581766,0.1226704575002206,0.20009968734396552
E1,q2_x3_bottleneckliteask_cas-multistream_seed777,cas-multistream,placebo,777,1120,na,hokkaido_iburi_tobu,Hokkaido0861,0.5,824,1163,1496,12901,42.720018726587654,0.1603197425172857,0.2915485694408479
E1,q2_x3_bottleneckliteask_cas-multistream_seed777,cas-multistream,placebo,777,1120,na,hokkaido_iburi_tobu,Hokkaido0862,0.5,0,701,1561,14122,58.053176698107904,0.0,0.0
E1,q2_x3_bottleneckliteask_cas-multistream_seed777,cas-multistream,placebo,777,1120,na,hokkaido_iburi_tobu,Hokkaido0863,0.5,178,1544,432,14230,47.49509668392689,0.12599877074321034,0.18410958904059968
E1,q2_x3_bottleneckliteask_cas-multistream_seed777,cas-multistream,placebo,777,1120,na,hokkaido_iburi_tobu,Hokkaido0864,0.5,0,1920,273,14191,65.91187065326116,0.0,0.0
E1,q2_x3_bottleneckliteask_cas-multistream_seed777,cas-multistream,placebo,777,1120,na,hokkaido_iburi_tobu,Hokkaido0865,0.5,45,1778,816,13745,41.773197148410844,0.01868659903851464,0.030631780471789036
E1,q2_x3_bottleneckliteask_cas-multistream_seed777,cas-multistream,placebo,777,1120,na,hokkaido_iburi_tobu,Hokkaido0866,0.5,253,762,1415,13954,68.62215385719105,0.07860262008699491,0.16103741081324513
E1,q2_x3_bottleneckliteask_cas-multistream_seed777,cas-multistream,placebo,777,1120,na,hokkaido_iburi_tobu,Hokkaido0867,0.5,0,1241,973,14170,54.72426489148126,0.0,0.0
E1,q2_x3_bottleneckliteask_cas-multistream_seed777,cas-multistream,placebo,777,1120,na,hokkaido_iburi_tobu,Hokkaido0868,0.5,0,896,502,14986,56.90254128911698,0.0,0.0
E1,q2_x3_bottleneckliteask_cas-multistream_seed777,cas-multistream,placebo,777,1120,na,hokkaido_iburi_tobu,Hokkaido0869,0.5,436,923,527,14498,63.19225825515267,0.2446530161545991,0.3651256792564854
E1,q2_x3_bottleneckliteask_cas-multistream_seed777,cas-multistream,placebo,777,1120,na,hokkaido_iburi_tobu,Hokkaido0870,0.5,115,3457,675,12137,44.659263946453684,0.08948004836712563,0.16864317802325354
E1,q2_x3_bottleneckliteask_cas-multistream_seed777,cas-multistream,placebo,777,1120,na,hokkaido_iburi_tobu,Hokkaido0871,0.5,567,1036,916,13865,54.378304497290095,0.25101214574857567,0.3610956766401891
E1,q2_x3_bottleneckliteask_cas-multistream_seed777,cas-multistream,placebo,777,1120,na,hokkaido_iburi_tobu,Hokkaido0872,0.5,53,1,5332,10998,71.09289288125025,0.0433206613031103,0.06821163095752046
E1,q2_x3_bottleneckliteask_cas-multistream_seed777,cas-multistream,placebo,777,1120,na,hokkaido_iburi_tobu,Hokkaido0873,0.5,1200,330,7605,7249,53.79497460039348,0.12172566503665608,0.18158976701673063
E1,q2_x3_bottleneckliteask_cas-multistream_seed777,cas-multistream,placebo,777,1120,na,hokkaido_iburi_tobu,Hokkaido0874,0.5,988,260,5456,9680,67.73662161665686,0.14610426325890377,0.24557965148459418
E1,q2_x3_bottleneckliteask_cas-multistream_seed777,cas-multistream,placebo,777,1120,na,hokkaido_iburi_tobu,Hokkaido0875,0.5,348,193,3882,11961,62.78056840418617,0.1260504201679098,0.22859787135565124
E1,q2_x3_bottleneckliteask_cas-multistream_seed777,cas-multistream,placebo,777,1120,na,hokkaido_iburi_tobu,Hokkaido0876,0.5,943,964,3592,10885,42.529987859509276,0.1848431458912154,0.2721580988870389
E1,q2_x3_bottleneckliteask_cas-multistream_seed777,cas-multistream,placebo,777,1120,na,hokkaido_iburi_tobu,Hokkaido0877,0.5,1436,1835,2607,10506,32.588327046769514,0.2248822621533745,0.33459375041917555
E1,q2_x3_bottleneckliteask_cas-multistream_seed777,cas-multistream,placebo,777,1120,na,hokkaido_iburi_tobu,Hokkaido0878,0.5,856,776,3205,11547,49.130371823744206,0.17638300977936508,0.24993231699890953
E1,q2_x3_bottleneckliteask_cas-multistream_seed777,cas-multistream,placebo,777,1120,na,hokkaido_iburi_tobu,Hokkaido0879,0.5,895,732,2901,11856,48.02447041418293,0.17838645674949244,0.27244549158931525
E1,q2_x3_bottleneckliteask_cas-multistream_seed777,cas-multistream,placebo,777,1120,na,hokkaido_iburi_tobu,Hokkaido0880,0.5,457,758,3094,12075,53.26629105549076,0.09902006244374098,0.15856700426860537
E1,q2_x3_bottleneckliteask_cas-multistream_seed777,cas-multistream,placebo,777,1120,na,hokkaido_iburi_tobu,Hokkaido0881,0.5,282,362,4047,11693,72.91776189653656,0.07184717682845865,0.1055166513513022
E1,q2_x3_bottleneckliteask_cas-multistream_seed777,cas-multistream,placebo,777,1120,na,hokkaido_iburi_tobu,Hokkaido0882,0.5,569,854,4195,10766,47.22536004469956,0.17247945430205797,0.2698779569940894
E1,q2_x3_bottleneckliteask_cas-multistream_seed777,cas-multistream,placebo,777,1120,na,hokkaido_iburi_tobu,Hokkaido0883,0.5,410,1947,2840,11187,43.07434924488973,0.17896908622739918,0.252458288878587
E1,q2_x3_bottleneckliteask_cas-multistream_seed777,cas-multistream,placebo,777,1120,na,hokkaido_iburi_tobu,Hokkaido0884,0.5,35,765,4577,11007,61.84658438426491,0.039384966643872144,0.0723642691857045
E1,q2_x3_bottleneckliteask_cas-multistream_seed777,cas-multistream,placebo,777,1120,na,hokkaido_iburi_tobu,Hokkaido0885,0.5,441,22,7492,8429,72.42089444690052,0.0862493839327755,0.17483443708581112
E1,q2_x3_bottleneckliteask_cas-multistream_seed777,cas-multistream,placebo,777,1120,na,hokkaido_iburi_tobu,Hokkaido0886,0.5,407,40,5860,10077,60.428882560363256,0.05995328315587468,0.09648539954525832
E1,q2_x3_bottleneckliteask_cas-multistream_seed777,cas-multistream,placebo,777,1120,na,hokkaido_iburi_tobu,Hokkaido0887,0.5,579,902,3648,11255,51.62363799656123,0.1089278026965869,0.17499109022154888
E1,q2_x3_bottleneckliteask_cas-multistream_seed777,cas-multistream,placebo,777,1120,na,hokkaido_iburi_tobu,Hokkaido0888,0.5,851,632,2443,12458,55.28560516351995,0.16038838975122946,0.2828233573080247
E1,q2_x3_bottleneckliteask_cas-multistream_seed777,cas-multistream,placebo,777,1120,na,hokkaido_iburi_tobu,Hokkaido0889,0.5,351,1192,1866,12975,51.72231898842438,0.1667056591018164,0.2707868748005406
E1,q2_x3_bottleneckliteask_cas-multistream_seed777,cas-multistream,placebo,777,1120,na,hokkaido_iburi_tobu,Hokkaido0890,0.5,347,1013,2492,12532,55.51833032701975,0.18881922722846337,0.28060364539063626
E1,q2_x3_bottleneckliteask_cas-multistream_seed777,cas-multistream,placebo,777,1120,na,hokkaido_iburi_tobu,Hokkaido0891,0.5,288,681,3348,12067,65.05382386916237,0.10596429794823928,0.16864240575263117
E1,q2_x3_bottleneckliteask_cas-multistream_seed777,cas-multistream,placebo,777,1120,na,hokkaido_iburi_tobu,Hokkaido0892,0.5,42,0,4262,12080,75.37073403922578,0.03908878738845412,0.07779419005408575
E1,q2_x3_bottleneckliteask_cas-multistream_seed777,cas-multistream,placebo,777,1120,na,hokkaido_iburi_tobu,Hokkaido0893,0.5,235,76,4108,11965,48.79856468181455,0.13071041757351975,0.22830310880808202
E1,q2_x3_bottleneckliteask_cas-multistream_seed777,cas-multistream,placebo,777,1120,na,hokkaido_iburi_tobu,Hokkaido0894,0.5,1302,3360,2146,9576,31.766334030097603,0.2965752669610636,0.44473060168600975
E1,q2_x3_bottleneckliteask_cas-multistream_seed777,cas-multistream,placebo,777,1120,na,hokkaido_iburi_tobu,Hokkaido0895,0.5,179,1541,1851,12813,55.154328932550705,0.0315087112316042,0.052761807728374986
E1,q2_x3_bottleneckliteask_cas-multistream_seed777,cas-multistream,placebo,777,1120,na,hokkaido_iburi_tobu,Hokkaido0896,0.5,264,2984,1220,11916,45.18988934585264,0.07806533729279566,0.1350107930135779
E1,q2_x3_bottleneckliteask_cas-multistream_seed777,cas-multistream,placebo,777,1120,na,hokkaido_iburi_tobu,Hokkaido0897,0.5,643,1629,1201,12911,44.17345276059429,0.26606890502374353,0.41907912875614695
E1,q2_x3_bottleneckliteask_cas-multistream_seed777,cas-multistream,placebo,777,1120,na,hokkaido_iburi_tobu,Hokkaido0898,0.5,169,1909,1200,13106,57.23807737444739,0.1106373170447268,0.16727272727238002
E1,q2_x3_bottleneckliteask_cas-multistream_seed777,cas-multistream,placebo,777,1120,na,hokkaido_iburi_tobu,Hokkaido0899,0.5,967,4002,767,10648,23.845321660178744,0.26639165725722075,0.39658409719294097
E1,q2_x3_bottleneckliteask_cas-multistream_seed777,cas-multistream,placebo,777,1120,na,hokkaido_iburi_tobu,Hokkaido0900,0.5,1194,2341,820,12029,24.86418013170561,0.30617819516578443,0.46308760214353384
E1,q2_x3_bottleneckliteask_cas-multistream_seed777,cas-multistream,placebo,777,1120,na,hokkaido_iburi_tobu,Hokkaido0901,0.5,50,2027,750,13557,44.427386882266525,0.031848805669351506,0.058788598574366815
E1,q2_x3_bottleneckliteask_cas-multistream_seed777,cas-multistream,placebo,777,1120,na,hokkaido_iburi_tobu,Hokkaido0902,0.5,59,2441,24,13860,57.102146098590005,0.02373887240317495,0.06673407482268395
E1,q2_x3_bottleneckliteask_cas-multistream_seed777,cas-multistream,placebo,777,1120,na,hokkaido_iburi_tobu,Hokkaido0903,0.5,0,2430,83,13871,70.7832834026454,0.0,0.0
E1,q2_x3_bottleneckliteask_cas-multistream_seed777,cas-multistream,placebo,777,1120,na,hokkaido_iburi_tobu,Hokkaido0906,0.5,0,360,1302,14722,75.85872473905468,0.0,0.0
E1,q2_x3_bottleneckliteask_cas-multistream_seed777,cas-multistream,placebo,777,1120,na,hokkaido_iburi_tobu,Hokkaido0907,0.5,361,809,1128,14086,39.07683480020631,0.20405033602415398,0.30994291667529084
E1,q2_x3_bottleneckliteask_cas-multistream_seed777,cas-multistream,placebo,777,1120,na,hokkaido_iburi_tobu,Hokkaido0908,0.5,0,1298,714,14372,64.1599385490411,0.0,0.0
E1,q2_x3_bottleneckliteask_cas-multistream_seed777,cas-multistream,placebo,777,1120,na,hokkaido_iburi_tobu,Hokkaido0909,0.5,0,1535,1256,13593,59.033888572581766,0.0,0.0
E1,q2_x3_bottleneckliteask_cas-multistream_seed777,cas-multistream,placebo,777,1120,na,hokkaido_iburi_tobu,Hokkaido0910,0.5,81,1477,951,13875,50.12573650551966,0.09051829587910652,0.13811473388208517
E1,q2_x3_bottleneckliteask_cas-multistream_seed777,cas-multistream,placebo,777,1120,na,hokkaido_iburi_tobu,Hokkaido0911,0.5,0,897,350,15137,68.8025439722153,0.0,0.0
E1,q2_x3_bottleneckliteask_cas-multistream_seed777,cas-multistream,placebo,777,1120,na,hokkaido_iburi_tobu,Hokkaido0912,0.5,0,944,106,15334,69.49239688905581,0.0,0.0
E1,q2_x3_bottleneckliteask_cas-multistream_seed777,cas-multistream,placebo,777,1120,na,hokkaido_iburi_tobu,Hokkaido0913,0.5,123,835,449,14977,53.82343640407038,0.13119875048759777,0.2392980590263649
E1,q2_x3_bottleneckliteask_cas-multistream_seed777,cas-multistream,placebo,777,1120,na,hokkaido_iburi_tobu,Hokkaido0914,0.5,307,734,299,15044,55.11606395854102,0.1740692357930996,0.2524038461533465
E1,q2_x3_bottleneckliteask_cas-multistream_seed777,cas-multistream,placebo,777,1120,na,hokkaido_iburi_tobu,Hokkaido0915,0.5,0,1612,132,14640,54.33455860583523,0.0,0.0
E1,q2_x3_bottleneckliteask_cas-multistream_seed777,cas-multistream,placebo,777,1120,na,hokkaido_iburi_tobu,Hokkaido0916,0.5,0,635,1240,14509,64.48407422159752,0.0,0.0
E1,q2_x3_bottleneckliteask_cas-multistream_seed777,cas-multistream,placebo,777,1120,na,hokkaido_iburi_tobu,Hokkaido0917,0.5,724,883,1754,13023,44.460577592240284,0.13923375363698678,0.25493109137811043
E1,q2_x3_bottleneckliteask_cas-multistream_seed777,cas-multistream,placebo,777,1120,na,hokkaido_iburi_tobu,Hokkaido0918,0.5,549,1541,2941,11353,51.71066622173264,0.1159792201287097,0.18526315789449757
E1,q2_x3_bottleneckliteask_cas-multistream_seed777,cas-multistream,placebo,777,1120,na,hokkaido_iburi_tobu,Hokkaido0919,0.5,482,807,4817,10278,63.8200595424354,0.09872340425512102,0.180220933365247
E1,q2_x3_bottleneckliteask_cas-multistream_seed777,cas-multistream,placebo,777,1120,na,hokkaido_iburi_tobu,Hokkaido0920,0.5,687,331,7196,8170,60.21627686929839,0.16195100145263244,0.21742954247812424
E1,q2_x3_bottleneckliteask_cas-multistream_seed777,cas-multistream,placebo,777,1120,na,hokkaido_iburi_tobu,Hokkaido0921,0.5,177,40,9572,6595,57.27652208112941,0.05816019352612807,0.08627685052489877
E1,q2_x3_bottleneckliteask_cas-multistream_seed777,cas-multistream,placebo,777,1120,na,hokkaido_iburi_tobu,Hokkaido0922,0.5,432,40,7347,8565,50.32891812864648,0.1037572489451997,0.18392384051341157
E1,q2_x3_bottleneckliteask_cas-multistream_seed777,cas-multistream,placebo,777,1120,na,hokkaido_iburi_tobu,Hokkaido0923,0.5,68,8,5565,10743,70.00999876143095,0.04247660187180868,0.052292263610264254
E1,q2_x3_bottleneckliteask_cas-multistream_seed777,cas-multistream,placebo,777,1120,na,hokkaido_iburi_tobu,Hokkaido0924,0.5,1218,969,4213,9984,45.64920534554204,0.15789879865181125,0.24078778749497828
E1,q2_x3_bottleneckliteask_cas-multistream_seed777,cas-multistream,placebo,777,1120,na,hokkaido_iburi_tobu,Hokkaido0925,0.5,606,1281,3167,11330,52.28859102882897,0.10434284589274272,0.17483002636302858
E1,q2_x3_bottleneckliteask_cas-multistream_seed777,cas-multistream,placebo,777,1120,na,hokkaido_iburi_tobu,Hokkaido0926,0.5,365,2153,3079,10787,45.62673897345592,0.1479449630577148,0.22316158959567095
E1,q2_x3_bottleneckliteask_cas-multistream_seed777,cas-multistream,placebo,777,1120,na,hokkaido_iburi_tobu,Hokkaido0927,0.5,351,256,3670,12107,59.84394896136709,0.10723156957382211,0.17938087526774701
E1,q2_x3_bottleneckliteask_cas-multistream_seed777,cas-multistream,placebo,777,1120,na,hokkaido_iburi_tobu,Hokkaido0928,0.5,637,270,2873,12604,55.78146173558622,0.18727777595792675,0.31175836030178644
E1,q2_x3_bottleneckliteask_cas-multistream_seed777,cas-multistream,placebo,777,1120,na,hokkaido_iburi_tobu,Hokkaido0929,0.5,690,260,3851,11583,59.033888572581766,0.1347091807954663,0.2257907036661637
E1,q2_x3_bottleneckliteask_cas-multistream_seed777,cas-multistream,placebo,777,1120,na,hokkaido_iburi_tobu,Hokkaido0930,0.5,688,612,3696,11388,53.150729063673246,0.16678553022669348,0.27248720481919597
E1,q2_x3_bottleneckliteask_cas-multistream_seed777,cas-multistream,placebo,777,1120,na,hokkaido_iburi_tobu,Hokkaido0931,0.5,253,589,2597,12945,70.30291412523262,0.10640980461233522,0.13754075011846176
E1,q2_x3_bottleneckliteask_cas-multistream_seed777,cas-multistream,placebo,777,1120,na,hokkaido_iburi_tobu,Hokkaido0932,0.5,273,58,5698,10355,72.23556419916771,0.07970950314391256,0.16363438480635073
E1,q2_x3_bottleneckliteask_cas-multistream_seed777,cas-multistream,placebo,777,1120,na,hokkaido_iburi_tobu,Hokkaido0933,0.5,388,0,8198,7798,66.50337958617207,0.03302789934341063,0.05037508722945771
E1,q2_x3_bottleneckliteask_cas-multistream_seed777,cas-multistream,placebo,777,1120,na,hokkaido_iburi_tobu,Hokkaido0934,0.5,777,871,5417,9319,35.01642347431785,0.24846083837433752,0.3757756923293537
E1,q2_x3_bottleneckliteask_cas-multistream_seed777,cas-multistream,placebo,777,1120,na,hokkaido_iburi_tobu,Hokkaido0935,0.5,826,390,3720,11448,56.79788728465171,0.1573854046201426,0.23260418715225864
E1,q2_x3_bottleneckliteask_cas-multistream_seed777,cas-multistream,placebo,777,1120,na,hokkaido_iburi_tobu,Hokkaido0936,0.5,334,312,3446,12292,67.09134337051242,0.13149686800994367,0.1873264996642047
E1,q2_x3_bottleneckliteask_cas-multistream_seed777,cas-multistream,placebo,777,1120,na,hokkaido_iburi_tobu,Hokkaido0937,0.5,799,2364,1819,11402,42.435244478682634,0.12036597763440492,0.18065593155464987
E1,q2_x3_bottleneckliteask_cas-multistream_seed777,cas-multistream,placebo,777,1120,na,hokkaido_iburi_tobu,Hokkaido0938,0.5,518,1584,1863,12419,56.60079351181115,0.12755358698423092,0.21835058381493624
E1,q2_x3_bottleneckliteask_cas-multistream_seed777,cas-multistream,placebo,777,1120,na,hokkaido_iburi_tobu,Hokkaido0939,0.5,200,634,2669,12881,62.48674659160453,0.06617474687695223,0.10959913538984349
E1,q2_x3_bottleneckliteask_cas-multistream_seed777,cas-multistream,placebo,777,1120,na,hokkaido_iburi_tobu,Hokkaido0940,0.5,1638,1913,2250,10583,38.449959043844444,0.2884684901792157,0.44191109021920183
E1,q2_x3_bottleneckliteask_cas-multistream_seed777,cas-multistream,placebo,777,1120,na,hokkaido_iburi_tobu,Hokkaido0941,0.5,296,92,4432,11564,59.498738360628806,0.1725964849017667,0.20369609856244536
E1,q2_x3_bottleneckliteask_cas-multistream_seed777,cas-multistream,placebo,777,1120,na,hokkaido_iburi_tobu,Hokkaido0942,0.5,1688,1199,2295,11202,45.48626166217664,0.20376555980602712,0.2975803436805529
E1,q2_x3_bottleneckliteask_cas-multistream_seed777,cas-multistream,placebo,777,1120,na,hokkaido_iburi_tobu,Hokkaido0943,0.5,552,1334,1788,12710,46.52526165729723,0.1556695028264154,0.30167990225981445
E1,q2_x3_bottleneckliteask_cas-multistream_seed777,cas-multistream,placebo,777,1120,na,hokkaido_iburi_tobu,Hokkaido0944,0.5,258,2535,1045,12546,49.50151446895862,0.12671111286401532,0.21465562532793606
E1,q2_x3_bottleneckliteask_cas-multistream_seed777,cas-multistream,placebo,777,1120,na,hokkaido_iburi_tobu,Hokkaido0945,0.5,645,1704,2144,11891,39.99062060134404,0.1890191526404279,0.3061274073110679
E1,q2_x3_bottleneckliteask_cas-multistream_seed777,cas-multistream,placebo,777,1120,na,hokkaido_iburi_tobu,Hokkaido0946,0.5,311,1792,2467,11814,47.98745194254182,0.07005253940425846,0.12749288881087117
E1,q2_x3_bottleneckliteask_cas-multistream_seed777,cas-multistream,placebo,777,1120,na,hokkaido_iburi_tobu,Hokkaido0947,0.5,43,980,848,14513,56.85068161420758,0.09973680565133185,0.11745513866185912
E1,q2_x3_bottleneckliteask_cas-multistream_seed777,cas-multistream,placebo,777,1120,na,hokkaido_iburi_tobu,Hokkaido0948,0.5,105,2647,616,13016,30.668370887585503,0.1531604538082571,0.24421064350875282
E1,q2_x3_bottleneckliteask_cas-multistream_seed777,cas-multistream,placebo,777,1120,na,hokkaido_iburi_tobu,Hokkaido0949,0.5,36,3008,371,12969,47.554078834165196,0.06039255158480592,0.08139046418770503
E1,q2_x3_bottleneckliteask_cas-multistream_seed777,cas-multistream,placebo,777,1120,na,hokkaido_iburi_tobu,Hokkaido0950,0.5,0,3181,113,13090,67.73551212225927,0.0,0.0
E1,q2_x3_bottleneckliteask_cas-multistream_seed777,cas-multistream,placebo,777,1120,na,hokkaido_iburi_tobu,Hokkaido0951,0.5,48,2998,65,13273,39.20459156782532,0.04780196329465159,0.10795527567114106
E1,q2_x3_bottleneckliteask_cas-multistream_seed777,cas-multistream,placebo,777,1120,na,hokkaido_iburi_tobu,Hokkaido0953,0.5,0,38,360,15986,85.88271945767534,0.0,0.0
E1,q2_x3_bottleneckliteask_cas-multistream_seed777,cas-multistream,placebo,777,1120,na,hokkaido_iburi_tobu,Hokkaido0954,0.5,0,1350,489,14545,55.53050754413759,0.0,0.0
E1,q2_x3_bottleneckliteask_cas-multistream_seed777,cas-multistream,placebo,777,1120,na,hokkaido_iburi_tobu,Hokkaido0955,0.5,0,1017,129,15238,91.98802787889096,0.0,0.0
E1,q2_x3_bottleneckliteask_cas-multistream_seed777,cas-multistream,placebo,777,1120,na,hokkaido_iburi_tobu,Hokkaido0956,0.5,0,23,125,16236,65.06688842936565,0.0,0.0
E1,q2_x3_bottleneckliteask_cas-multistream_seed777,cas-multistream,placebo,777,1120,na,hokkaido_iburi_tobu,Hokkaido0957,0.5,0,990,125,15269,79.55651451127518,0.0,0.0
E1,q2_x3_bottleneckliteask_cas-multistream_seed777,cas-multistream,placebo,777,1120,na,hokkaido_iburi_tobu,Hokkaido0958,0.5,0,866,45,15473,75.1065909225016,0.0,0.0
E1,q2_x3_bottleneckliteask_cas-multistream_seed777,cas-multistream,placebo,777,1120,na,hokkaido_iburi_tobu,Hokkaido0959,0.5,0,725,45,15614,77.3117055040812,0.0,0.0
E1,q2_x3_bottleneckliteask_cas-multistream_seed777,cas-multistream,placebo,777,1120,na,hokkaido_iburi_tobu,Hokkaido0960,0.5,0,446,42,15896,86.1044979439398,0.0,0.0
E1,q2_x3_bottleneckliteask_cas-multistream_seed777,cas-multistream,placebo,777,1120,na,hokkaido_iburi_tobu,Hokkaido0961,0.5,4,411,772,15197,52.29328229300097,0.041710554033829055,0.0890607459145543
E1,q2_x3_bottleneckliteask_cas-multistream_seed777,cas-multistream,placebo,777,1120,na,hokkaido_iburi_tobu,Hokkaido0962,0.5,63,230,2263,13828,86.65493575022938,0.031086082059417965,0.05733394132826826
E1,q2_x3_bottleneckliteask_cas-multistream_seed777,cas-multistream,placebo,777,1120,na,hokkaido_iburi_tobu,Hokkaido0963,0.5,382,253,5894,9855,56.293871780150276,0.12644497974658603,0.18911638918290796
E1,q2_x3_bottleneckliteask_cas-multistream_seed777,cas-multistream,placebo,777,1120,na,hokkaido_iburi_tobu,Hokkaido0964,0.5,217,14,8903,7250,69.8927750200262,0.041348158443286404,0.06922975610331272
E1,q2_x3_bottleneckliteask_cas-multistream_seed777,cas-multistream,placebo,777,1120,na,hokkaido_iburi_tobu,Hokkaido0965,0.5,598,420,7887,7479,60.90975605914366,0.06978474970733661,0.12879282282717588
E1,q2_x3_bottleneckliteask_cas-multistream_seed777,cas-multistream,placebo,777,1120,na,hokkaido_iburi_tobu,Hokkaido0966,0.5,399,63,8805,7117,55.226805085936306,0.03940020543359425,0.09053859527761254
E1,q2_x3_bottleneckliteask_cas-multistream_seed777,cas-multistream,placebo,777,1120,na,hokkaido_iburi_tobu,Hokkaido0967,0.5,77,11,8310,7986,68.82840587546656,0.028161742273081738,0.06293511556663356
E1,q2_x3_bottleneckliteask_cas-multistream_seed777,cas-multistream,placebo,777,1120,na,hokkaido_iburi_tobu,Hokkaido0968,0.5,32,0,5725,10627,88.1419129283594,0.017223533308460968,0.048546191513739324
E1,q2_x3_bottleneckliteask_cas-multistream_seed777,cas-multistream,placebo,777,1120,na,hokkaido_iburi_tobu,Hokkaido0969,0.5,599,685,3884,11216,56.35822838414112,0.1125384294760596,0.19026246892374007
E1,q2_x3_bottleneckliteask_cas-multistream_seed777,cas-multistream,placebo,777,1120,na,hokkaido_iburi_tobu,Hokkaido0970,0.5,551,297,3142,12394,45.42573858084517,0.21380790575278721,0.29653752573434544
E1,q2_x3_bottleneckliteask_cas-multistream_seed777,cas-multistream,placebo,777,1120,na,hokkaido_iburi_tobu,Hokkaido0971,0.5,839,524,2469,12552,53.38568863407217,0.18306341758718853,0.31976166832147906
E1,q2_x3_bottleneckliteask_cas-multistream_seed777,cas-multistream,placebo,777,1120,na,hokkaido_iburi_tobu,Hokkaido0972,0.5,573,2642,1785,11384,39.77244127750813,0.2118441032559161,0.29382716049346036
E1,q2_x3_bottleneckliteask_cas-multistream_seed777,cas-multistream,placebo,777,1120,na,hokkaido_iburi_tobu,Hokkaido0973,0.5,381,2356,1948,11699,43.856583209315616,0.19429622815049583,0.27043673012277986
E1,q2_x3_bottleneckliteask_cas-multistream_seed777,cas-multistream,placebo,777,1120,na,hokkaido_iburi_tobu,Hokkaido0974,0.5,836,1724,3184,10640,46.16871089112726,0.20128226121320097,0.2885379730022633
E1,q2_x3_bottleneckliteask_cas-multistream_seed777,cas-multistream,placebo,777,1120,na,hokkaido_iburi_tobu,Hokkaido0975,0.5,935,1041,3542,10866,37.48332962798263,0.2545583021031316,0.3573826035797118
E1,q2_x3_bottleneckliteask_cas-multistream_seed777,cas-multistream,placebo,777,1120,na,hokkaido_iburi_tobu,Hokkaido0976,0.5,682,1134,3211,11357,49.457002395837755,0.19764540368898756,0.29958952959275126
E1,q2_x3_bottleneckliteask_cas-multistream_seed777,cas-multistream,placebo,777,1120,na,hokkaido_iburi_tobu,Hokkaido0977,0.5,659,1181,4430,10114,53.51225073299041,0.19452207030514887,0.2805473331469141
E1,q2_x3_bottleneckliteask_cas-multistream_seed777,cas-multistream,placebo,777,1120,na,hokkaido_iburi_tobu,Hokkaido0978,0.5,1198,962,4470,9754,36.76955262170047,0.29845477718174335,0.41667944667635437
E1,q2_x3_bottleneckliteask_cas-multistream_seed777,cas-multistream,placebo,777,1120,na,hokkaido_iburi_tobu,Hokkaido0979,0.5,327,348,3809,11900,58.689010005751506,0.11462292805678721,0.1841347294227484
E1,q2_x3_bottleneckliteask_cas-multistream_seed777,cas-multistream,placebo,777,1120,na,hokkaido_iburi_tobu,Hokkaido0980,0.5,650,1290,2284,12160,51.44315798432776,0.14101694915227453,0.21413427561808135
E1,q2_x3_bottleneckliteask_cas-multistream_seed777,cas-multistream,placebo,777,1120,na,hokkaido_iburi_tobu,Hokkaido0981,0.5,352,692,2795,12545,47.853944456021594,0.22055489505927622,0.33232932711925306
E1,q2_x3_bottleneckliteask_cas-multistream_seed777,cas-multistream,placebo,777,1120,na,hokkaido_iburi_tobu,Hokkaido0982,0.5,626,1675,2290,11793,51.87966779310848,0.11380406185192471,0.24313528098276804
E1,q2_x3_bottleneckliteask_cas-multistream_seed777,cas-multistream,placebo,777,1120,na,hokkaido_iburi_tobu,Hokkaido0983,0.5,205,848,2163,13168,68.78080975636959,0.10408569532632446,0.15145569284589963
E1,q2_x3_bottleneckliteask_cas-multistream_seed777,cas-multistream,placebo,777,1120,na,hokkaido_iburi_tobu,Hokkaido0984,0.5,584,1401,1795,12604,42.720018726587654,0.2087979122585654,0.31578756329325197
E1,q2_x3_bottleneckliteask_cas-multistream_seed777,cas-multistream,placebo,777,1120,na,hokkaido_iburi_tobu,Hokkaido0985,0.5,436,640,3364,11944,46.9787113541664,0.224950433021104,0.30741582580955973
E1,q2_x3_bottleneckliteask_cas-multistream_seed777,cas-multistream,placebo,777,1120,na,hokkaido_iburi_tobu,Hokkaido0986,0.5,1625,2033,3628,9098,36.78450512203671,0.2397883449648763,0.36081437015553464
E1,q2_x3_bottleneckliteask_cas-multistream_seed777,cas-multistream,placebo,777,1120,na,hokkaido_iburi_tobu,Hokkaido0987,0.5,1188,2072,2379,10745,40.01312275472981,0.2139618468943209,0.3214614777629051
E1,q2_x3_bottleneckliteask_cas-multistream_seed777,cas-multistream,placebo,777,1120,na,hokkaido_iburi_tobu,Hokkaido0988,0.5,765,3358,1480,10781,39.05124837953327,0.14016687277871417,0.22507307567354592
E1,q2_x3_bottleneckliteask_cas-multistream_seed777,cas-multistream,placebo,777,1120,na,hokkaido_iburi_tobu,Hokkaido0989,0.5,605,2702,1126,11951,49.49747468305833,0.14745370370333408,0.22291102767796878
E1,q2_x3_bottleneckliteask_cas-multistream_seed777,cas-multistream,placebo,777,1120,na,hokkaido_iburi_tobu,Hokkaido0990,0.5,413,2621,2350,11000,35.0,0.09652222884211097,0.19310867095763218
E1,q2_x3_bottleneckliteask_cas-multistream_seed777,cas-multistream,placebo,777,1120,na,hokkaido_iburi_tobu,Hokkaido0991,0.5,1199,1670,2387,11128,41.23105625617661,0.1343216306903962,0.23619426559935786
E1,q2_x3_bottleneckliteask_cas-multistream_seed777,cas-multistream,placebo,777,1120,na,hokkaido_iburi_tobu,Hokkaido0992,0.5,196,1946,1510,12732,40.04809525192575,0.09284117810392781,0.12724643668627847
E1,q2_x3_bottleneckliteask_cas-multistream_seed777,cas-multistream,placebo,777,1120,na,hokkaido_iburi_tobu,Hokkaido0993,0.5,137,2395,225,13627,46.17893949525064,0.0,0.0
E1,q2_x3_bottleneckliteask_cas-multistream_seed777,cas-multistream,placebo,777,1120,na,hokkaido_iburi_tobu,Hokkaido0994,0.5,14,3041,69,13260,56.51853147888967,0.04312668463578033,0.07642242284241933
E1,q2_x3_bottleneckliteask_cas-multistream_seed777,cas-multistream,placebo,777,1120,na,hokkaido_iburi_tobu,Hokkaido0995,0.5,17,2635,105,13627,45.997810936101025,0.0,0.03642987249496897
E1,q2_x3_bottleneckliteask_cas-multistream_seed777,cas-multistream,placebo,777,1120,na,hokkaido_iburi_tobu,Hokkaido0996,0.5,0,2499,113,13772,53.600373133029585,0.0,0.0
E1,q2_x3_bottleneckliteask_cas-multistream_seed777,cas-multistream,placebo,777,1120,na,hokkaido_iburi_tobu,Hokkaido0997,0.5,0,2867,63,13454,66.11807462267518,0.0,0.0
E1,q2_x3_bottleneckliteask_cas-multistream_seed777,cas-multistream,placebo,777,1120,na,hokkaido_iburi_tobu,Hokkaido0998,0.5,0,1116,19,15249,62.94918393243282,0.0,0.0
E1,q2_x3_bottleneckliteask_cas-multistream_seed777,cas-multistream,placebo,777,1120,na,hokkaido_iburi_tobu,Hokkaido1001,0.5,117,131,29,16107,18.17616789533459,0.49546279491783396,0.7761941448377175
E1,q2_x3_bottleneckliteask_cas-multistream_seed777,cas-multistream,placebo,777,1120,na,hokkaido_iburi_tobu,Hokkaido1002,0.5,0,1322,310,14752,72.21485438809802,0.0,0.0
E1,q2_x3_bottleneckliteask_cas-multistream_seed777,cas-multistream,placebo,777,1120,na,hokkaido_iburi_tobu,Hokkaido1003,0.5,368,829,1798,13389,41.012193308819754,0.15418137265108023,0.2437061300885595
E1,q2_x3_bottleneckliteask_cas-multistream_seed777,cas-multistream,placebo,777,1120,na,hokkaido_iburi_tobu,Hokkaido1004,0.5,643,190,6471,9080,52.00048072478916,0.1437032872222468,0.20857325655771464
E1,q2_x3_bottleneckliteask_cas-multistream_seed777,cas-multistream,placebo,777,1120,na,hokkaido_iburi_tobu,Hokkaido1005,0.5,42,2,9565,6775,118.35032711961996,0.012204983069675384,0.028315515746866048
E1,q2_x3_bottleneckliteask_cas-multistream_seed777,cas-multistream,placebo,777,1120,na,hokkaido_iburi_tobu,Hokkaido1006,0.5,116,1,7272,8995,66.61080993352356,0.03240548400493843,0.05093050539434766
E1,q2_x3_bottleneckliteask_cas-multistream_seed777,cas-multistream,placebo,777,1120,na,hokkaido_iburi_tobu,Hokkaido1007,0.5,268,63,6931,9122,54.08326913195984,0.03201772049932398,0.07806551648316644
E1,q2_x3_bottleneckliteask_cas-multistream_seed777,cas-multistream,placebo,777,1120,na,hokkaido_iburi_tobu,Hokkaido1008,0.5,23,15,7934,8412,74.15521773624435,0.012053033346706495,0.023431298881323885
E1,q2_x3_bottleneckliteask_cas-multistream_seed777,cas-multistream,placebo,777,1120,na,hokkaido_iburi_tobu,Hokkaido1009,0.5,76,6,6087,10215,138.71462438085723,0.020029376418721406,0.03522765038215216
E1,q2_x3_bottleneckliteask_cas-multistream_seed777,cas-multistream,placebo,777,1120,na,hokkaido_iburi_tobu,Hokkaido1010,0.5,475,662,4034,11213,49.040799340956916,0.13655566600379196,0.22114410326424064
E1,q2_x3_bottleneckliteask_cas-multistream_seed777,cas-multistream,placebo,777,1120,na,hokkaido_iburi_tobu,Hokkaido1011,0.5,367,493,3022,12502,57.66086946980918,0.10651415591772648,0.17336282098518782
E1,q2_x3_bottleneckliteask_cas-multistream_seed777,cas-multistream,placebo,777,1120,na,hokkaido_iburi_tobu,Hokkaido1012,0.5,408,1686,1981,12309,43.37163853594742,0.11907930043273274,0.19123941353216722
E1,q2_x3_bottleneckliteask_cas-multistream_seed777,cas-multistream,placebo,777,1120,na,hokkaido_iburi_tobu,Hokkaido1013,0.5,709,3286,779,11610,43.76854641373615,0.13910355486822282,0.29356798006499285
E1,q2_x3_bottleneckliteask_cas-multistream_seed777,cas-multistream,placebo,777,1120,na,hokkaido_iburi_tobu,Hokkaido1014,0.5,72,1877,781,13654,42.131292181033665,0.047690014902678164,0.07694694384070848
E1,q2_x3_bottleneckliteask_cas-multistream_seed777,cas-multistream,placebo,777,1120,na,hokkaido_iburi_tobu,Hokkaido1015,0.5,9,1501,1001,13873,64.12745101530702,0.03709949409736406,0.05904242123497532
E1,q2_x3_bottleneckliteask_cas-multistream_seed777,cas-multistream,placebo,777,1120,na,hokkaido_iburi_tobu,Hokkaido1016,0.5,854,2939,1226,11365,37.70661550487062,0.15035355414922147,0.2706595905985323
E1,q2_x3_bottleneckliteask_cas-multistream_seed777,cas-multistream,placebo,777,1120,na,hokkaido_iburi_tobu,Hokkaido1017,0.5,673,1976,2465,11270,39.00256241897666,0.18623833297121084,0.30860636582176487
E1,q2_x3_bottleneckliteask_cas-multistream_seed777,cas-multistream,placebo,777,1120,na,hokkaido_iburi_tobu,Hokkaido1018,0.5,594,2087,2622,11081,51.88392176339405,0.1436342685636172,0.2124073185039642
E1,q2_x3_bottleneckliteask_cas-multistream_seed777,cas-multistream,placebo,777,1120,na,hokkaido_iburi_tobu,Hokkaido1019,0.5,643,2055,2624,11062,44.14701263685048,0.17335839075628282,0.28160838833463064
E1,q2_x3_bottleneckliteask_cas-multistream_seed777,cas-multistream,placebo,777,1120,na,hokkaido_iburi_tobu,Hokkaido1020,0.5,784,2584,2153,10863,41.844931410290194,0.17965269050579125,0.2607728186910798
E1,q2_x3_bottleneckliteask_cas-multistream_seed777,cas-multistream,placebo,777,1120,na,hokkaido_iburi_tobu,Hokkaido1021,0.5,425,2253,1851,11855,47.68269028788141,0.07094018807744401,0.1369689283446659
E1,q2_x3_bottleneckliteask_cas-multistream_seed777,cas-multistream,placebo,777,1120,na,hokkaido_iburi_tobu,Hokkaido1022,0.5,940,2033,1671,11740,45.0,0.20483094689228723,0.32893377184329214
E1,q2_x3_bottleneckliteask_cas-multistream_seed777,cas-multistream,placebo,777,1120,na,hokkaido_iburi_tobu,Hokkaido1023,0.5,847,1432,1534,12571,42.86359531497134,0.24208685370802768,0.4086839749324538
E1,q2_x3_bottleneckliteask_cas-multistream_seed777,cas-multistream,placebo,777,1120,na,hokkaido_iburi_tobu,Hokkaido1024,0.5,355,718,1346,13965,59.89237756603986,0.19477006311963568,0.28035107525066366
E1,q2_x3_bottleneckliteask_cas-multistream_seed777,cas-multistream,placebo,777,1120,na,hokkaido_iburi_tobu,Hokkaido1025,0.5,809,2038,1197,12340,42.42640687119285,0.12194548369823756,0.25685269354498186
E1,q2_x3_bottleneckliteask_cas-multistream_seed777,cas-multistream,placebo,777,1120,na,hokkaido_iburi_tobu,Hokkaido1026,0.5,574,809,2579,12422,63.604244048847164,0.19192570140550605,0.275994821968832
E1,q2_x3_bottleneckliteask_cas-multistream_seed777,cas-multistream,placebo,777,1120,na,hokkaido_iburi_tobu,Hokkaido1027,0.5,829,798,2794,11963,53.034893494513454,0.11886964115056985,0.22082189941913521
E1,q2_x3_bottleneckliteask_cas-multistream_seed777,cas-multistream,placebo,777,1120,na,hokkaido_iburi_tobu,Hokkaido1028,0.5,861,1931,1463,12129,45.187377762144166,0.1996999190043649,0.31316853396155764
E1,q2_x3_bottleneckliteask_cas-multistream_seed777,cas-multistream,placebo,777,1120,na,hokkaido_iburi_tobu,Hokkaido1029,0.5,405,2129,975,12875,43.829214001622255,0.10897161996353051,0.20009487665996556
E1,q2_x3_bottleneckliteask_cas-multistream_seed777,cas-multistream,placebo,777,1120,na,hokkaido_iburi_tobu,Hokkaido1030,0.5,363,3583,723,11715,30.007299976200706,0.19534234429628136,0.2719852357458244
E1,q2_x3_bottleneckliteask_cas-multistream_seed777,cas-multistream,placebo,777,1120,na,hokkaido_iburi_tobu,Hokkaido1031,0.5,583,3694,1134,10973,35.22782990761707,0.16907697772324273,0.2358424296469546
E1,q2_x3_bottleneckliteask_cas-multistream_seed777,cas-multistream,placebo,777,1120,na,hokkaido_iburi_tobu,Hokkaido1032,0.5,570,2212,2045,11557,42.474684997656965,0.14623200149566218,0.2747097285308845
E1,q2_x3_bottleneckliteask_cas-multistream_seed777,cas-multistream,placebo,777,1120,na,hokkaido_iburi_tobu,Hokkaido1033,0.5,463,2813,1396,11712,45.76675751908227,0.13861386138577114,0.21542738012469495
E1,q2_x3_bottleneckliteask_cas-multistream_seed777,cas-multistream,placebo,777,1120,na,hokkaido_iburi_tobu,Hokkaido1034,0.5,166,3521,605,12092,41.418310686931896,0.06616025483901364,0.1555438780867708
E1,q2_x3_bottleneckliteask_cas-multistream_seed777,cas-multistream,placebo,777,1120,na,hokkaido_iburi_tobu,Hokkaido1035,0.5,11,2756,276,13341,47.885279575251516,0.05581395348798243,0.10154193305715832
E1,q2_x3_bottleneckliteask_cas-multistream_seed777,cas-multistream,placebo,777,1120,na,hokkaido_iburi_tobu,Hokkaido1036,0.5,70,3247,71,12996,24.911716583211643,0.0,0.025445292620438955
E1,q2_x3_bottleneckliteask_cas-multistream_seed777,cas-multistream,placebo,777,1120,na,hokkaido_iburi_tobu,Hokkaido1037,0.5,0,2411,104,13869,63.6451093473884,0.0,0.0
E1,q2_x3_bottleneckliteask_cas-multistream_seed777,cas-multistream,placebo,777,1120,na,hokkaido_iburi_tobu,Hokkaido1038,0.5,128,2298,119,13839,28.296637891804643,0.1876812830570563,0.27510917030524573
E1,q2_x3_bottleneckliteask_cas-multistream_seed777,cas-multistream,placebo,777,1120,na,hokkaido_iburi_tobu,Hokkaido1039,0.5,19,1907,187,14271,32.01562118716424,0.09630005068377849,0.11648745519664215
E1,q2_x3_bottleneckliteask_cas-multistream_seed777,cas-multistream,placebo,777,1120,na,hokkaido_iburi_tobu,Hokkaido1040,0.5,11,1503,177,14693,35.23552568435425,0.10167677488360242,0.13142174432448278
E1,q2_x3_bottleneckliteask_cas-multistream_seed777,cas-multistream,placebo,777,1120,na,hokkaido_iburi_tobu,Hokkaido1041,0.5,0,185,102,16097,48.572957139422115,0.0,0.0
E1,q2_x3_bottleneckliteask_cas-multistream_seed777,cas-multistream,placebo,777,1120,na,hokkaido_iburi_tobu,Hokkaido1042,0.5,0,1658,167,14559,57.35965053690575,0.0,0.0
E1,q2_x3_bottleneckliteask_cas-multistream_seed777,cas-multistream,placebo,777,1120,na,hokkaido_iburi_tobu,Hokkaido1043,0.5,3,2431,108,13842,60.61102086895269,0.034553681612135435,0.06396779243979786
E1,q2_x3_bottleneckliteask_cas-multistream_seed777,cas-multistream,placebo,777,1120,na,hokkaido_iburi_tobu,Hokkaido1044,0.5,0,1096,46,15242,53.004716561397146,0.0,0.0
E1,q2_x3_bottleneckliteask_cas-multistream_seed777,cas-multistream,placebo,777,1120,na,hokkaido_iburi_tobu,Hokkaido1045,0.5,23,1006,120,15235,49.02536874163444,0.09459459459418233,0.1428571428567053
E1,q2_x3_bottleneckliteask_cas-multistream_seed777,cas-multistream,placebo,777,1120,na,hokkaido_iburi_tobu,Hokkaido1046,0.5,0,865,150,15369,58.03870699817771,0.0,0.0
E1,q2_x3_bottleneckliteask_cas-multistream_seed777,cas-multistream,placebo,777,1120,na,hokkaido_iburi_tobu,Hokkaido1047,0.5,0,540,146,15698,56.088323141692555,0.0,0.0
E1,q2_x3_bottleneckliteask_cas-multistream_seed777,cas-multistream,placebo,777,1120,na,hokkaido_iburi_tobu,Hokkaido1048,0.5,0,648,797,14939,54.51508863445301,0.0,0.0
E1,q2_x3_bottleneckliteask_cas-multistream_seed777,cas-multistream,placebo,777,1120,na,hokkaido_iburi_tobu,Hokkaido1049,0.5,754,1479,2321,11830,43.8428981605424,0.24075306308913788,0.36316422992847835
E1,q2_x3_bottleneckliteask_cas-multistream_seed777,cas-multistream,placebo,777,1120,na,hokkaido_iburi_tobu,Hokkaido1050,0.5,772,84,6564,8964,58.987268342873634,0.16116345076810784,0.23492542161854743
E1,q2_x3_bottleneckliteask_cas-multistream_seed777,cas-multistream,placebo,777,1120,na,hokkaido_iburi_tobu,Hokkaido1051,0.5,410,84,8393,7497,85.57860411881508,0.08669774823916539,0.127130428706075
E1,q2_x3_bottleneckliteask_cas-multistream_seed777,cas-multistream,placebo,777,1120,na,hokkaido_iburi_tobu,Hokkaido1052,0.5,276,398,5950,9760,57.0087712549569,0.0814114030373109,0.13524137262487823
E1,q2_x3_bottleneckliteask_cas-multistream_seed777,cas-multistream,placebo,777,1120,na,hokkaido_iburi_tobu,Hokkaido1053,0.5,733,928,4760,9963,51.23182520009735,0.13458676305300066,0.22367194780965882
E1,q2_x3_bottleneckliteask_cas-multistream_seed777,cas-multistream,placebo,777,1120,na,hokkaido_iburi_tobu,Hokkaido1054,0.5,563,46,6250,9525,64.8517525638748,0.08314013221940908,0.10607866507737272
E1,q2_x3_bottleneckliteask_cas-multistream_seed777,cas-multistream,placebo,777,1120,na,hokkaido_iburi_tobu,Hokkaido1055,0.5,275,80,5809,10220,64.11003284612516,0.09110255736411345,0.13962635201560095
E1,q2_x3_bottleneckliteask_cas-multistream_seed777,cas-multistream,placebo,777,1120,na,hokkaido_iburi_tobu,Hokkaido1056,0.5,259,138,4113,11874,64.7958303276009,0.15464896286806945,0.20443453081334728
E1,q2_x3_bottleneckliteask_cas-multistream_seed777,cas-multistream,placebo,777,1120,na,hokkaido_iburi_tobu,Hokkaido1057,0.5,315,990,1937,13142,56.40212709027807,0.14209763170586814,0.2076727580778915
E1,q2_x3_bottleneckliteask_cas-multistream_seed777,cas-multistream,placebo,777,1120,na,hokkaido_iburi_tobu,Hokkaido1058,0.5,0,1864,620,13900,57.001306487374954,0.0,0.0
E1,q2_x3_bottleneckliteask_cas-multistream_seed777,cas-multistream,placebo,777,1120,na,hokkaido_iburi_tobu,Hokkaido1059,0.5,68,1758,582,13976,63.644294374806535,0.11134067089845094,0.15885039545456162
E1,q2_x3_bottleneckliteask_cas-multistream_seed777,cas-multistream,placebo,777,1120,na,hokkaido_iburi_tobu,Hokkaido1060,0.5,105,4494,248,11537,71.54189901516017,0.04271291742119789,0.09029566924254163
E1,q2_x3_bottleneckliteask_cas-multistream_seed777,cas-multistream,placebo,777,1120,na,hokkaido_iburi_tobu,Hokkaido1061,0.5,13,2826,142,13403,62.71559981206423,0.08114374033976268,0.10570469798632431
E1,q2_x3_bottleneckliteask_cas-multistream_seed777,cas-multistream,placebo,777,1120,na,hokkaido_iburi_tobu,Hokkaido1062,0.5,15,2017,549,13803,46.29576669891278,0.03114186851161937,0.059438850327023306
E1,q2_x3_bottleneckliteask_cas-multistream_seed777,cas-multistream,placebo,777,1120,na,hokkaido_iburi_tobu,Hokkaido1063,0.5,665,2579,802,12338,38.736166925309256,0.18647274156654567,0.29043065385680966
E1,q2_x3_bottleneckliteask_cas-multistream_seed777,cas-multistream,placebo,777,1120,na,hokkaido_iburi_tobu,Hokkaido1064,0.5,575,2284,1530,11995,46.099333764925035,0.1469118638095978,0.2713866130773916
E1,q2_x3_bottleneckliteask_cas-multistream_seed777,cas-multistream,placebo,777,1120,na,hokkaido_iburi_tobu,Hokkaido1065,0.5,696,1957,1465,12266,44.533107691261115,0.20631957565925496,0.2915895797658811
E1,q2_x3_bottleneckliteask_cas-multistream_seed777,cas-multistream,placebo,777,1120,na,hokkaido_iburi_tobu,Hokkaido1066,0.5,709,1791,1259,12625,46.861498055439924,0.23455786887816313,0.3720414900165511
E1,q2_x3_bottleneckliteask_cas-multistream_seed777,cas-multistream,placebo,777,1120,na,hokkaido_iburi_tobu,Hokkaido1067,0.5,206,2082,1376,12720,39.54995673212424,0.13424827063877603,0.20244891779491272
E1,q2_x3_bottleneckliteask_cas-multistream_seed777,cas-multistream,placebo,777,1120,na,hokkaido_iburi_tobu,Hokkaido1068,0.5,378,1911,1192,12903,57.38550873459136,0.07888268582171173,0.1499423777730171
E1,q2_x3_bottleneckliteask_cas-multistream_seed777,cas-multistream,placebo,777,1120,na,hokkaido_iburi_tobu,Hokkaido1069,0.5,152,2515,1401,12316,44.679373504306874,0.13884297520617356,0.21000236276240278
E1,q2_x3_bottleneckliteask_cas-multistream_seed777,cas-multistream,placebo,777,1120,na,hokkaido_iburi_tobu,Hokkaido1070,0.5,365,2700,1365,11954,50.75423831652161,0.1259465637944264,0.19089975612842938
E1,q2_x3_bottleneckliteask_cas-multistream_seed777,cas-multistream,placebo,777,1120,na,hokkaido_iburi_tobu,Hokkaido1071,0.5,254,1697,1449,12984,61.85846586512392,0.072982997791272,0.12913068083917006
E1,q2_x3_bottleneckliteask_cas-multistream_seed777,cas-multistream,placebo,777,1120,na,hokkaido_iburi_tobu,Hokkaido1072,0.5,544,2143,754,12943,49.48968809655276,0.23168187338416765,0.39361158059268386
E1,q2_x3_bottleneckliteask_cas-multistream_seed777,cas-multistream,placebo,777,1120,na,hokkaido_iburi_tobu,Hokkaido1073,0.5,29,1672,1291,13392,55.30667214013976,0.0520843270052564,0.07560337307315666
E1,q2_x3_bottleneckliteask_cas-multistream_seed777,cas-multistream,placebo,777,1120,na,hokkaido_iburi_tobu,Hokkaido1074,0.5,172,2413,952,12847,52.34117945150273,0.07574604341054354,0.11907164480282899
E1,q2_x3_bottleneckliteask_cas-multistream_seed777,cas-multistream,placebo,777,1120,na,hokkaido_iburi_tobu,Hokkaido1075,0.5,137,1773,479,13995,48.00300028805295,0.17368040174511737,0.2863886703378567
E1,q2_x3_bottleneckliteask_cas-multistream_seed777,cas-multistream,placebo,777,1120,na,hokkaido_iburi_tobu,Hokkaido1076,0.5,10,3097,245,13032,59.665735560705194,0.04495441684962786,0.06441511965960386
E1,q2_x3_bottleneckliteask_cas-multistream_seed777,cas-multistream,placebo,777,1120,na,hokkaido_iburi_tobu,Hokkaido1077,0.5,426,3016,462,12480,39.43855687540084,0.10460105643542222,0.17688757006214628
E1,q2_x3_bottleneckliteask_cas-multistream_seed777,cas-multistream,placebo,777,1120,na,hokkaido_iburi_tobu,Hokkaido1078,0.5,387,2941,905,12151,42.43819034784589,0.145520950736443,0.25337355135691464
E1,q2_x3_bottleneckliteask_cas-multistream_seed777,cas-multistream,placebo,777,1120,na,hokkaido_iburi_tobu,Hokkaido1079,0.5,318,2231,698,13137,46.08035148543342,0.11815675462737786,0.21532258064472742
E1,q2_x3_bottleneckliteask_cas-multistream_seed777,cas-multistream,placebo,777,1120,na,hokkaido_iburi_tobu,Hokkaido1080,0.5,313,3107,502,12462,31.110944339616694,0.2007043132940536,0.30700263553240786
E1,q2_x3_bottleneckliteask_cas-multistream_seed777,cas-multistream,placebo,777,1120,na,hokkaido_iburi_tobu,Hokkaido1081,0.5,150,4140,159,11935,46.14108798023731,0.07770817202738785,0.13970218526349232
E1,q2_x3_bottleneckliteask_cas-multistream_seed777,cas-multistream,placebo,777,1120,na,hokkaido_iburi_tobu,Hokkaido1082,0.5,29,2740,29,13586,46.40418949562856,0.0,0.03827751196141297
E1,q2_x3_bottleneckliteask_cas-multistream_seed777,cas-multistream,placebo,777,1120,na,hokkaido_iburi_tobu,Hokkaido1083,0.5,0,1373,30,14981,78.92907900505351,0.0,0.0
E1,q2_x3_bottleneckliteask_cas-multistream_seed777,cas-multistream,placebo,777,1120,na,hokkaido_iburi_tobu,Hokkaido1084,0.5,0,1132,184,15068,59.499498141487265,0.0,0.0
E1,q2_x3_bottleneckliteask_cas-multistream_seed777,cas-multistream,placebo,777,1120,na,hokkaido_iburi_tobu,Hokkaido1085,0.5,7,1452,180,14745,52.84429842076813,0.043465989274246206,0.04946996466405324
E1,q2_x3_bottleneckliteask_cas-multistream_seed777,cas-multistream,placebo,777,1120,na,hokkaido_iburi_tobu,Hokkaido1086,0.5,0,360,169,15855,50.92347108596499,0.0,0.0
E1,q2_x3_bottleneckliteask_cas-multistream_seed777,cas-multistream,placebo,777,1120,na,hokkaido_iburi_tobu,Hokkaido1087,0.5,0,639,116,15629,69.77984174631356,0.0,0.0
E1,q2_x3_bottleneckliteask_cas-multistream_seed777,cas-multistream,placebo,777,1120,na,hokkaido_iburi_tobu,Hokkaido1088,0.5,0,1070,374,14940,57.76373624927558,0.029247910863027686,0.06628425748834646
E1,q2_x3_bottleneckliteask_cas-multistream_seed777,cas-multistream,placebo,777,1120,na,hokkaido_iburi_tobu,Hokkaido1089,0.5,0,238,553,15593,60.901242699970396,0.0,0.0
E1,q2_x3_bottleneckliteask_cas-multistream_seed777,cas-multistream,placebo,777,1120,na,hokkaido_iburi_tobu,Hokkaido1090,0.5,0,1412,372,14600,37.608501125279346,0.0,0.0
E1,q2_x3_bottleneckliteask_cas-multistream_seed777,cas-multistream,placebo,777,1120,na,hokkaido_iburi_tobu,Hokkaido1091,0.5,5,981,118,15280,69.28382459716808,0.0,0.0
E1,q2_x3_bottleneckliteask_cas-multistream_seed777,cas-multistream,placebo,777,1120,na,hokkaido_iburi_tobu,Hokkaido1092,0.5,0,1075,46,15263,61.39869696816467,0.0,0.0
E1,q2_x3_bottleneckliteask_cas-multistream_seed777,cas-multistream,placebo,777,1120,na,hokkaido_iburi_tobu,Hokkaido1093,0.5,0,2381,166,13837,56.956107231801255,0.0,0.01133144475880073
E1,q2_x3_bottleneckliteask_cas-multistream_seed777,cas-multistream,placebo,777,1120,na,hokkaido_iburi_tobu,Hokkaido1094,0.5,61,1464,227,14632,50.32877693252526,0.07724137930984626,0.1156626506019128
E1,q2_x3_bottleneckliteask_cas-multistream_seed777,cas-multistream,placebo,777,1120,na,hokkaido_iburi_tobu,Hokkaido1095,0.5,0,1254,122,15008,59.176801227533005,0.0,0.0
E1,q2_x3_bottleneckliteask_cas-multistream_seed777,cas-multistream,placebo,777,1120,na,hokkaido_iburi_tobu,Hokkaido1096,0.5,0,1177,525,14682,63.35084253367215,0.0,0.0
E1,q2_x3_bottleneckliteask_cas-multistream_seed777,cas-multistream,placebo,777,1120,na,hokkaido_iburi_tobu,Hokkaido1097,0.5,47,706,1714,13917,48.92741176897491,0.06588898225464065,0.09970339949769447
E1,q2_x3_bottleneckliteask_cas-multistream_seed777,cas-multistream,placebo,777,1120,na,hokkaido_iburi_tobu,Hokkaido1098,0.5,115,8,4182,12079,67.01641350819521,0.039331921900673666,0.06167853733747513
E1,q2_x3_bottleneckliteask_cas-multistream_seed777,cas-multistream,placebo,777,1120,na,hokkaido_iburi_tobu,Hokkaido1099,0.5,1006,332,5177,9869,49.451975995600414,0.17394717557824796,0.26017270419407634
E1,q2_x3_bottleneckliteask_cas-multistream_seed777,cas-multistream,placebo,777,1120,na,hokkaido_iburi_tobu,Hokkaido1100,0.5,1500,1405,4353,9126,39.8189648405688,0.2338599678882905,0.34054625728116156
E1,q2_x3_bottleneckliteask_cas-multistream_seed777,cas-multistream,placebo,777,1120,na,hokkaido_iburi_tobu,Hokkaido1101,0.5,1842,2428,3128,8986,33.24379496103917,0.18921275297519055,0.2978678617895032
E1,q2_x3_bottleneckliteask_cas-multistream_seed777,cas-multistream,placebo,777,1120,na,hokkaido_iburi_tobu,Hokkaido1102,0.5,647,2256,3785,9696,47.73886615402542,0.13818217304078212,0.22448574439138738
E1,q2_x3_bottleneckliteask_cas-multistream_seed777,cas-multistream,placebo,777,1120,na,hokkaido_iburi_tobu,Hokkaido1103,0.5,87,0,4452,11845,80.44874144447506,0.044086213038775364,0.06446042733367457
E1,q2_x3_bottleneckliteask_cas-multistream_seed777,cas-multistream,placebo,777,1120,na,hokkaido_iburi_tobu,Hokkaido1104,0.5,1156,1381,3223,10624,34.20526275297414,0.17285943302844234,0.30180176127054736
E1,q2_x3_bottleneckliteask_cas-multistream_seed777,cas-multistream,placebo,777,1120,na,hokkaido_iburi_tobu,Hokkaido1105,0.5,375,1704,1930,12375,42.29170016368814,0.1569752335814112,0.2575002285043871
E1,q2_x3_bottleneckliteask_cas-multistream_seed777,cas-multistream,placebo,777,1120,na,hokkaido_iburi_tobu,Hokkaido1106,0.5,0,1576,272,14536,67.56181128896458,0.0,0.0
E1,q2_x3_bottleneckliteask_cas-multistream_seed777,cas-multistream,placebo,777,1120,na,hokkaido_iburi_tobu,Hokkaido1108,0.5,0,2311,58,14015,52.16474906187818,0.0,0.0
E1,q2_x3_bottleneckliteask_cas-multistream_seed777,cas-multistream,placebo,777,1120,na,hokkaido_iburi_tobu,Hokkaido1109,0.5,82,3953,433,11916,47.0,0.07103588856581079,0.1099759378323331
E1,q2_x3_bottleneckliteask_cas-multistream_seed777,cas-multistream,placebo,777,1120,na,hokkaido_iburi_tobu,Hokkaido1110,0.5,302,2617,1124,12341,47.2888223192922,0.1037032689707741,0.16914046435071656
E1,q2_x3_bottleneckliteask_cas-multistream_seed777,cas-multistream,placebo,777,1120,na,hokkaido_iburi_tobu,Hokkaido1111,0.5,446,2371,1851,11716,46.85080391060606,0.18046798374634865,0.2575436471890912
E1,q2_x3_bottleneckliteask_cas-multistream_seed777,cas-multistream,placebo,777,1120,na,hokkaido_iburi_tobu,Hokkaido1112,0.5,482,3008,1640,11254,41.494484075040106,0.18944260060791307,0.27878695349600896
E1,q2_x3_bottleneckliteask_cas-multistream_seed777,cas-multistream,placebo,777,1120,na,hokkaido_iburi_tobu,Hokkaido1113,0.5,255,3011,932,12186,50.18860475827949,0.045267776307101944,0.07444315422736626
E1,q2_x3_bottleneckliteask_cas-multistream_seed777,cas-multistream,placebo,777,1120,na,hokkaido_iburi_tobu,Hokkaido1114,0.5,337,1298,583,14166,47.35230514167313,0.1762991142270259,0.2928945156825481
E1,q2_x3_bottleneckliteask_cas-multistream_seed777,cas-multistream,placebo,777,1120,na,hokkaido_iburi_tobu,Hokkaido1115,0.5,106,1482,1262,13534,60.4066281974549,0.04630584478198957,0.07588169354112892
E1,q2_x3_bottleneckliteask_cas-multistream_seed777,cas-multistream,placebo,777,1120,na,hokkaido_iburi_tobu,Hokkaido1116,0.5,641,1818,1376,12549,56.58886781155431,0.11866859623702813,0.21378340365648524
E1,q2_x3_bottleneckliteask_cas-multistream_seed777,cas-multistream,placebo,777,1120,na,hokkaido_iburi_tobu,Hokkaido1117,0.5,221,2717,1077,12369,41.03617764393565,0.10155518827491833,0.1613504556747779
E1,q2_x3_bottleneckliteask_cas-multistream_seed777,cas-multistream,placebo,777,1120,na,hokkaido_iburi_tobu,Hokkaido1118,0.5,196,3541,588,12059,40.019830643300175,0.10874403815531213,0.13931515731571872
E1,q2_x3_bottleneckliteask_cas-multistream_seed777,cas-multistream,placebo,777,1120,na,hokkaido_iburi_tobu,Hokkaido1119,0.5,147,2513,610,13114,48.06244134869733,0.07931147183740431,0.1511177007294418
E1,q2_x3_bottleneckliteask_cas-multistream_seed777,cas-multistream,placebo,777,1120,na,hokkaido_iburi_tobu,Hokkaido1120,0.5,47,3701,104,12532,60.47298935532129,0.016494845360357956,0.08248017303483833
E1,q2_x3_bottleneckliteask_cas-multistream_seed777,cas-multistream,placebo,777,1120,na,hokkaido_iburi_tobu,Hokkaido1121,0.5,34,3404,54,12892,56.33204503639846,0.13172746042643504,0.16444444444415213
E1,q2_x3_bottleneckliteask_cas-multistream_seed777,cas-multistream,placebo,777,1120,na,hokkaido_iburi_tobu,Hokkaido1122,0.5,52,3178,43,13111,57.28001396647874,0.0,0.0
E1,q2_x3_bottleneckliteask_cas-multistream_seed777,cas-multistream,placebo,777,1120,na,hokkaido_iburi_tobu,Hokkaido1123,0.5,113,3959,167,12145,42.02616957536931,0.03653894950473208,0.06934507429781057
E1,q2_x3_bottleneckliteask_cas-multistream_seed777,cas-multistream,placebo,777,1120,na,hokkaido_iburi_tobu,Hokkaido1124,0.5,43,4043,344,11954,40.80194569578023,0.0,0.0
E1,q2_x3_bottleneckliteask_cas-multistream_seed777,cas-multistream,placebo,777,1120,na,hokkaido_iburi_tobu,Hokkaido1125,0.5,21,3597,666,12100,43.50901211740921,0.037197768133412586,0.07479708209135323
E1,q2_x3_bottleneckliteask_cas-multistream_seed777,cas-multistream,placebo,777,1120,na,hokkaido_iburi_tobu,Hokkaido1126,0.5,627,3521,882,11354,32.449961479175904,0.12633162050339375,0.2089691684828979
E1,q2_x3_bottleneckliteask_cas-multistream_seed777,cas-multistream,placebo,777,1120,na,hokkaido_iburi_tobu,Hokkaido1127,0.5,280,3000,876,12228,32.562998791028356,0.13699047619001398,0.22586672202569594
E1,q2_x3_bottleneckliteask_cas-multistream_seed777,cas-multistream,placebo,777,1120,na,hokkaido_iburi_tobu,Hokkaido1128,0.5,11,2621,183,13569,48.09053858757337,0.0,0.0
E1,q2_x3_bottleneckliteask_cas-multistream_seed777,cas-multistream,placebo,777,1120,na,hokkaido_iburi_tobu,Hokkaido1129,0.5,0,2127,19,14238,91.53141488303626,0.0,0.0
E1,q2_x3_bottleneckliteask_cas-multistream_seed777,cas-multistream,placebo,777,1120,na,hokkaido_iburi_tobu,Hokkaido1132,0.5,68,855,374,15087,47.1619422319775,0.08124480342037627,0.1430085406142522
E1,q2_x3_bottleneckliteask_cas-multistream_seed777,cas-multistream,placebo,777,1120,na,hokkaido_iburi_tobu,Hokkaido1133,0.5,128,1403,343,14510,44.163304983320366,0.0802377414556671,0.1441909147996034
E1,q2_x3_bottleneckliteask_cas-multistream_seed777,cas-multistream,placebo,777,1120,na,hokkaido_iburi_tobu,Hokkaido1134,0.5,0,2182,211,13991,50.06617414235695,0.0,0.0
E1,q2_x3_bottleneckliteask_cas-multistream_seed777,cas-multistream,placebo,777,1120,na,hokkaido_iburi_tobu,Hokkaido1135,0.5,0,2240,18,14126,64.10146921922632,0.0,0.0
E1,q2_x3_bottleneckliteask_cas-multistream_seed777,cas-multistream,placebo,777,1120,na,hokkaido_iburi_tobu,Hokkaido1136,0.5,0,2097,23,14264,111.85636383033282,0.0,0.0
E1,q2_x3_bottleneckliteask_cas-multistream_seed777,cas-multistream,placebo,777,1120,na,hokkaido_iburi_tobu,Hokkaido1137,0.5,0,1638,145,14601,67.11929677819934,0.0,0.0
E1,q2_x3_bottleneckliteask_cas-multistream_seed777,cas-multistream,placebo,777,1120,na,hokkaido_iburi_tobu,Hokkaido1138,0.5,0,0,122,16262,181.01933598375618,0.0,0.0
E1,q2_x3_bottleneckliteask_cas-multistream_seed777,cas-multistream,placebo,777,1120,na,hokkaido_iburi_tobu,Hokkaido1139,0.5,0,2016,113,14255,65.84313922685216,0.0,0.0
E1,q2_x3_bottleneckliteask_cas-multistream_seed777,cas-multistream,placebo,777,1120,na,hokkaido_iburi_tobu,Hokkaido1140,0.5,0,1092,900,14392,59.51889106674036,0.0,0.0
E1,q2_x3_bottleneckliteask_cas-multistream_seed777,cas-multistream,placebo,777,1120,na,hokkaido_iburi_tobu,Hokkaido1141,0.5,0,1210,2181,12993,61.08844449057447,0.0,0.0
E1,q2_x3_bottleneckliteask_cas-multistream_seed777,cas-multistream,placebo,777,1120,na,hokkaido_iburi_tobu,Hokkaido1142,0.5,150,885,3571,11778,54.93621569317099,0.07728065078424427,0.12248617777483432
E1,q2_x3_bottleneckliteask_cas-multistream_seed777,cas-multistream,placebo,777,1120,na,hokkaido_iburi_tobu,Hokkaido1143,0.5,1056,1263,3602,10463,40.36087214122113,0.19327951143060496,0.2977176905795303
E1,q2_x3_bottleneckliteask_cas-multistream_seed777,cas-multistream,placebo,777,1120,na,hokkaido_iburi_tobu,Hokkaido1144,0.5,833,2313,2246,10992,51.84535972113184,0.09151637686982313,0.15143925550045692
E1,q2_x3_bottleneckliteask_cas-multistream_seed777,cas-multistream,placebo,777,1120,na,hokkaido_iburi_tobu,Hokkaido1145,0.5,228,1848,1679,12629,48.81393011577025,0.16794961511511777,0.23431673005171677
E1,q2_x3_bottleneckliteask_cas-multistream_seed777,cas-multistream,placebo,777,1120,na,hokkaido_iburi_tobu,Hokkaido1146,0.5,753,2213,1921,11497,43.139309220245984,0.11951156977089085,0.20926656319826345
E1,q2_x3_bottleneckliteask_cas-multistream_seed777,cas-multistream,placebo,777,1120,na,hokkaido_iburi_tobu,Hokkaido1147,0.5,242,2616,1413,12113,46.61544808322666,0.08507954708291644,0.14735302185203294
E1,q2_x3_bottleneckliteask_cas-multistream_seed777,cas-multistream,placebo,777,1120,na,hokkaido_iburi_tobu,Hokkaido1148,0.5,51,2637,183,13513,67.68109106272135,0.014167650530844301,0.01746724890800862
E1,q2_x3_bottleneckliteask_cas-multistream_seed777,cas-multistream,placebo,777,1120,na,hokkaido_iburi_tobu,Hokkaido1149,0.5,13,2966,225,13180,52.852478688307706,0.05417607223429325,0.0808922662085992
E1,q2_x3_bottleneckliteask_cas-multistream_seed777,cas-multistream,placebo,777,1120,na,hokkaido_iburi_tobu,Hokkaido1150,0.5,0,2390,173,13821,65.90513776259114,0.0,0.0
E1,q2_x3_bottleneckliteask_cas-multistream_seed777,cas-multistream,placebo,777,1120,na,hokkaido_iburi_tobu,Hokkaido1151,0.5,0,3563,138,12683,54.00231461639078,0.0,0.0
E1,q2_x3_bottleneckliteask_cas-multistream_seed777,cas-multistream,placebo,777,1120,na,hokkaido_iburi_tobu,Hokkaido1152,0.5,152,3234,3,12995,29.08177266990347,0.0,0.0
E1,q2_x3_bottleneckliteask_cas-multistream_seed777,cas-multistream,placebo,777,1120,na,hokkaido_iburi_tobu,Hokkaido1153,0.5,6,3237,286,12855,50.918561569076005,0.04497751124391503,0.07168965923783328
E1,q2_x3_bottleneckliteask_cas-multistream_seed777,cas-multistream,placebo,777,1120,na,hokkaido_iburi_tobu,Hokkaido1154,0.5,57,2203,449,13675,60.198001932120185,0.13765848839074282,0.1742993401706641
E1,q2_x3_bottleneckliteask_cas-multistream_seed777,cas-multistream,placebo,777,1120,na,hokkaido_iburi_tobu,Hokkaido1155,0.5,72,1703,1258,13351,47.01063709417264,0.0845292476853069,0.11693684307259994
E1,q2_x3_bottleneckliteask_cas-multistream_seed777,cas-multistream,placebo,777,1120,na,hokkaido_iburi_tobu,Hokkaido1156,0.5,390,3279,1126,11589,37.03237498952678,0.07462455051786059,0.18286214316071908
E1,q2_x3_bottleneckliteask_cas-multistream_seed777,cas-multistream,placebo,777,1120,na,hokkaido_iburi_tobu,Hokkaido1157,0.5,318,3281,365,12420,29.908186672718397,0.19158977248665823,0.34873379206991123
E1,q2_x3_bottleneckliteask_cas-multistream_seed777,cas-multistream,placebo,777,1120,na,hokkaido_iburi_tobu,Hokkaido1158,0.5,499,2917,883,12085,37.42978132875745,0.17629090909044434,0.2421211634255208
E1,q2_x3_bottleneckliteask_cas-multistream_seed777,cas-multistream,placebo,777,1120,na,hokkaido_iburi_tobu,Hokkaido1159,0.5,334,855,2531,12664,46.06842633125812,0.17116545994430635,0.29757345278824243
E1,q2_x3_bottleneckliteask_cas-multistream_seed777,cas-multistream,placebo,777,1120,na,hokkaido_iburi_tobu,Hokkaido1160,0.5,1080,2053,2262,10989,43.43153220512472,0.09386780713929917,0.17676066452785072
E1,q2_x3_bottleneckliteask_cas-multistream_seed777,cas-multistream,placebo,777,1120,na,hokkaido_iburi_tobu,Hokkaido1161,0.5,841,2145,1479,11919,44.27414572407966,0.17020185368318583,0.2236494451441475
E1,q2_x3_bottleneckliteask_cas-multistream_seed777,cas-multistream,placebo,777,1120,na,hokkaido_iburi_tobu,Hokkaido1162,0.5,757,2650,571,12406,41.36724665948983,0.16441441441396998,0.2840408343121165
E1,q2_x3_bottleneckliteask_cas-multistream_seed777,cas-multistream,placebo,777,1120,na,hokkaido_iburi_tobu,Hokkaido1163,0.5,228,2127,686,13343,38.90115634929364,0.11435178493957031,0.1831649831645168
E1,q2_x3_bottleneckliteask_cas-multistream_seed777,cas-multistream,placebo,777,1120,na,hokkaido_iburi_tobu,Hokkaido1164,0.5,30,2849,470,13035,63.61192228731106,0.06715506715457815,0.0807140085365605
E1,q2_x3_bottleneckliteask_cas-multistream_seed777,cas-multistream,placebo,777,1120,na,hokkaido_iburi_tobu,Hokkaido1165,0.5,35,3915,358,12076,57.48912940721924,0.01373626373576374,0.027885027884552386
E1,q2_x3_bottleneckliteask_cas-multistream_seed777,cas-multistream,placebo,777,1120,na,hokkaido_iburi_tobu,Hokkaido1166,0.5,132,3657,118,12477,29.024983374654333,0.09422321929291695,0.18965517241336183
E1,q2_x3_bottleneckliteask_cas-multistream_seed777,cas-multistream,placebo,777,1120,na,hokkaido_iburi_tobu,Hokkaido1167,0.5,21,3600,194,12569,40.48346655611956,0.0,0.03380714560073342
E1,q2_x3_bottleneckliteask_cas-multistream_seed777,cas-multistream,placebo,777,1120,na,hokkaido_iburi_tobu,Hokkaido1168,0.5,0,3263,161,12960,43.14097582484329,0.0,0.0
E1,q2_x3_bottleneckliteask_cas-multistream_seed777,cas-multistream,placebo,777,1120,na,hokkaido_iburi_tobu,Hokkaido1169,0.5,25,3269,229,12861,54.69231419208404,0.0,0.0
E1,q2_x3_bottleneckliteask_cas-multistream_seed777,cas-multistream,placebo,777,1120,na,hokkaido_iburi_tobu,Hokkaido1170,0.5,517,2935,733,12199,30.30998812603751,0.11089264648006777,0.24526465523647678
E1,q2_x3_bottleneckliteask_cas-multistream_seed777,cas-multistream,placebo,777,1120,na,hokkaido_iburi_tobu,Hokkaido1171,0.5,519,3110,1028,11727,27.860177186284737,0.20022985570124882,0.3215887850462666
E1,q2_x3_bottleneckliteask_cas-multistream_seed777,cas-multistream,placebo,777,1120,na,hokkaido_iburi_tobu,Hokkaido1172,0.5,156,1899,570,13759,48.79549159502341,0.22283133227762728,0.3225018323962792
E1,q2_x3_bottleneckliteask_cas-multistream_seed777,cas-multistream,placebo,777,1120,na,hokkaido_iburi_tobu,Hokkaido1173,0.5,7,2285,234,13858,43.88544273296902,0.017341040461928164,0.035002692514339115
E1,q2_x3_bottleneckliteask_cas-multistream_seed777,cas-multistream,placebo,777,1120,na,hokkaido_iburi_tobu,Hokkaido1174,0.5,0,1253,87,15044,54.435696602780396,0.0,0.0
E1,q2_x3_bottleneckliteask_cas-multistream_seed777,cas-multistream,placebo,777,1120,na,hokkaido_iburi_tobu,Hokkaido1175,0.5,0,647,40,15697,79.06358149059307,0.0,0.0
E1,q2_x3_bottleneckliteask_cas-multistream_seed777,cas-multistream,placebo,777,1120,na,hokkaido_iburi_tobu,Hokkaido1178,0.5,0,845,61,15478,80.55884995786526,0.0,0.0
E1,q2_x3_bottleneckliteask_cas-multistream_seed777,cas-multistream,placebo,777,1120,na,hokkaido_iburi_tobu,Hokkaido1179,0.5,0,3491,68,12825,71.52480967128352,0.0,0.025996533795117634
E1,q2_x3_bottleneckliteask_cas-multistream_seed777,cas-multistream,placebo,777,1120,na,hokkaido_iburi_tobu,Hokkaido1180,0.5,0,206,20,16158,94.08948067110751,0.0,0.0
E1,q2_x3_bottleneckliteask_cas-multistream_seed777,cas-multistream,placebo,777,1120,na,hokkaido_iburi_tobu,Hokkaido1183,0.5,0,393,94,15897,46.09772228646444,0.0,0.0
E1,q2_x3_bottleneckliteask_cas-multistream_seed777,cas-multistream,placebo,777,1120,na,hokkaido_iburi_tobu,Hokkaido1184,0.5,0,1880,94,14410,80.61628874320556,0.0,0.0
E1,q2_x3_bottleneckliteask_cas-multistream_seed777,cas-multistream,placebo,777,1120,na,hokkaido_iburi_tobu,Hokkaido1186,0.5,37,1160,106,15081,48.06546265969213,0.16935684132067594,0.2098251457114843
E1,q2_x3_bottleneckliteask_cas-multistream_seed777,cas-multistream,placebo,777,1120,na,hokkaido_iburi_tobu,Hokkaido1187,0.5,9,2053,168,14154,64.137212885336,0.09509245099356012,0.14733969986310622
E1,q2_x3_bottleneckliteask_cas-multistream_seed777,cas-multistream,placebo,777,1120,na,hokkaido_iburi_tobu,Hokkaido1188,0.5,0,890,657,14837,51.05386467836128,0.0,0.0
E1,q2_x3_bottleneckliteask_cas-multistream_seed777,cas-multistream,placebo,777,1120,na,hokkaido_iburi_tobu,Hokkaido1189,0.5,34,1609,2229,12512,60.88677698610041,0.03872190630891608,0.0685732511160143
E1,q2_x3_bottleneckliteask_cas-multistream_seed777,cas-multistream,placebo,777,1120,na,hokkaido_iburi_tobu,Hokkaido1190,0.5,498,3910,1550,10426,42.73658952082342,0.12969634585650144,0.24914223963215698
E1,q2_x3_bottleneckliteask_cas-multistream_seed777,cas-multistream,placebo,777,1120,na,hokkaido_iburi_tobu,Hokkaido1191,0.5,55,3092,858,12379,53.611020021686414,0.08466888418456658,0.14757775119567412
E1,q2_x3_bottleneckliteask_cas-multistream_seed777,cas-multistream,placebo,777,1120,na,hokkaido_iburi_tobu,Hokkaido1192,0.5,392,3960,686,11346,40.8166632639171,0.12865411918843092,0.18108346002991954
E1,q2_x3_bottleneckliteask_cas-multistream_seed777,cas-multistream,placebo,777,1120,na,hokkaido_iburi_tobu,Hokkaido1193,0.5,179,3219,448,12538,45.721930704737275,0.06581112207913188,0.1018914230097003
E1,q2_x3_bottleneckliteask_cas-multistream_seed777,cas-multistream,placebo,777,1120,na,hokkaido_iburi_tobu,Hokkaido1194,0.5,26,4401,132,11825,54.29447342803263,0.06690718268249415,0.1009708737860442
E1,q2_x3_bottleneckliteask_cas-multistream_seed777,cas-multistream,placebo,777,1120,na,hokkaido_iburi_tobu,Hokkaido1195,0.5,173,3186,74,12951,40.46912085187416,0.11374488403770758,0.2031249999995035
E1,q2_x3_bottleneckliteask_cas-multistream_seed777,cas-multistream,placebo,777,1120,na,hokkaido_iburi_tobu,Hokkaido1196,0.5,37,3131,145,13071,35.14326020556806,0.061772964299589686,0.1442629038242439
E1,q2_x3_bottleneckliteask_cas-multistream_seed777,cas-multistream,placebo,777,1120,na,hokkaido_iburi_tobu,Hokkaido1197,0.5,0,3656,137,12591,56.61077274407474,0.0,0.0
E1,q2_x3_bottleneckliteask_cas-multistream_seed777,cas-multistream,placebo,777,1120,na,hokkaido_iburi_tobu,Hokkaido1198,0.5,34,3237,158,12955,44.978249621926494,0.07716338644147185,0.10967777350799665
E1,q2_x3_bottleneckliteask_cas-multistream_seed777,cas-multistream,placebo,777,1120,na,hokkaido_iburi_tobu,Hokkaido1199,0.5,58,3396,129,12801,53.274412121642676,0.1474291470167247,0.20131043031660933
E1,q2_x3_bottleneckliteask_cas-multistream_seed777,cas-multistream,placebo,777,1120,na,hokkaido_iburi_tobu,Hokkaido1200,0.5,34,4968,187,11195,46.09772228646444,0.043134435657413046,0.06470165348631313
E1,q2_x3_bottleneckliteask_cas-multistream_seed777,cas-multistream,placebo,777,1120,na,hokkaido_iburi_tobu,Hokkaido1201,0.5,93,4630,331,11330,32.449961479175904,0.10798765855280953,0.14520261934087356
E1,q2_x3_bottleneckliteask_cas-multistream_seed777,cas-multistream,placebo,777,1120,na,hokkaido_iburi_tobu,Hokkaido1202,0.5,156,1952,474,13802,61.54184333127359,0.08528784648138478,0.17904124860598045
E1,q2_x3_bottleneckliteask_cas-multistream_seed777,cas-multistream,placebo,777,1120,na,hokkaido_iburi_tobu,Hokkaido1203,0.5,240,2425,480,13239,47.32581188176514,0.15284622834343387,0.21537660268636377
E1,q2_x3_bottleneckliteask_cas-multistream_seed777,cas-multistream,placebo,777,1120,na,hokkaido_iburi_tobu,Hokkaido1204,0.5,169,1516,1240,13459,54.12947441089743,0.18422730815521435,0.2698131858087005
E1,q2_x3_bottleneckliteask_cas-multistream_seed777,cas-multistream,placebo,777,1120,na,hokkaido_iburi_tobu,Hokkaido1205,0.5,257,1283,2832,12012,56.26938502056739,0.08544901815769093,0.1524936623892031
E1,q2_x3_bottleneckliteask_cas-multistream_seed777,cas-multistream,placebo,777,1120,na,hokkaido_iburi_tobu,Hokkaido1206,0.5,1352,2652,2313,10067,37.20215047547655,0.14051434461859644,0.25427346000006706
E1,q2_x3_bottleneckliteask_cas-multistream_seed777,cas-multistream,placebo,777,1120,na,hokkaido_iburi_tobu,Hokkaido1207,0.5,350,3217,1881,10936,46.75467891024384,0.17121269361502092,0.29525784993880244
E1,q2_x3_bottleneckliteask_cas-multistream_seed777,cas-multistream,placebo,777,1120,na,hokkaido_iburi_tobu,Hokkaido1208,0.5,75,2507,968,12834,59.755727537854696,0.0,0.0
E1,q2_x3_bottleneckliteask_cas-multistream_seed777,cas-multistream,placebo,777,1120,na,hokkaido_iburi_tobu,Hokkaido1209,0.5,582,2536,598,12668,52.32876793361528,0.16048348188169076,0.3079076277112217
E1,q2_x3_bottleneckliteask_cas-multistream_seed777,cas-multistream,placebo,777,1120,na,hokkaido_iburi_tobu,Hokkaido1210,0.5,379,2706,837,12462,51.330290974853106,0.09271227991932815,0.17006756295594627
E1,q2_x3_bottleneckliteask_cas-multistream_seed777,cas-multistream,placebo,777,1120,na,hokkaido_iburi_tobu,Hokkaido1211,0.5,175,3753,529,11927,43.81206859204864,0.1118867804780294,0.19711299153757905
E1,q2_x3_bottleneckliteask_cas-multistream_seed777,cas-multistream,placebo,777,1120,na,hokkaido_iburi_tobu,Hokkaido1212,0.5,107,4657,436,11184,31.000974162105507,0.055641421946949966,0.08285576192727867
E1,q2_x3_bottleneckliteask_cas-multistream_seed777,cas-multistream,placebo,777,1120,na,hokkaido_iburi_tobu,Hokkaido1213,0.5,252,4966,51,11115,28.635642126552707,0.15724447772326616,0.32870308889493194
E1,q2_x3_bottleneckliteask_cas-multistream_seed777,cas-multistream,placebo,777,1120,na,hokkaido_iburi_tobu,Hokkaido1214,0.5,27,4926,0,11431,66.74569222106786,0.07141455758276366,0.09793566970700969
E1,q2_x3_bottleneckliteask_cas-multistream_seed777,cas-multistream,placebo,777,1120,na,hokkaido_iburi_tobu,Hokkaido1216,0.5,0,4580,115,11689,85.86617494683223,0.0,0.0
E1,q2_x3_bottleneckliteask_cas-multistream_seed777,cas-multistream,placebo,777,1120,na,hokkaido_iburi_tobu,Hokkaido1217,0.5,56,4079,442,11807,48.26282189701484,0.0,0.0
E1,q2_x3_bottleneckliteask_cas-multistream_seed777,cas-multistream,placebo,777,1120,na,hokkaido_iburi_tobu,Hokkaido1218,0.5,119,3416,729,12120,30.518787634787813,0.10660486674342741,0.16788549284280407
E1,q2_x3_bottleneckliteask_cas-multistream_seed777,cas-multistream,placebo,777,1120,na,hokkaido_iburi_tobu,Hokkaido1219,0.5,695,3789,135,11765,25.94503503471725,0.2160295664836242,0.3331058975834325
E1,q2_x3_bottleneckliteask_cas-multistream_seed777,cas-multistream,placebo,777,1120,na,hokkaido_iburi_tobu,Hokkaido1220,0.5,60,2133,351,13840,34.23448553724738,0.19706672175122508,0.30616198104764103
E1,q2_x3_bottleneckliteask_cas-multistream_seed777,cas-multistream,placebo,777,1120,na,hokkaido_iburi_tobu,Hokkaido1221,0.5,0,965,40,15379,77.89730067755345,0.0,0.0
E1,q2_x3_bottleneckliteask_cas-multistream_seed777,cas-multistream,placebo,777,1120,na,hokkaido_iburi_tobu,Hokkaido1223,0.5,60,1298,42,14984,21.36934058189017,0.07879656160417875,0.11251004553934701
E1,q2_x3_bottleneckliteask_cas-multistream_seed777,cas-multistream,placebo,777,1120,na,hokkaido_iburi_tobu,Hokkaido1224,0.5,17,1508,85,14774,46.61330188350433,0.09302325581356634,0.128957973517125
E1,q2_x3_bottleneckliteask_cas-multistream_seed777,cas-multistream,placebo,777,1120,na,hokkaido_iburi_tobu,Hokkaido1225,0.5,3,3510,91,12780,58.11367420216729,0.04456824512510844,0.0919629057184272
E1,q2_x3_bottleneckliteask_cas-multistream_seed777,cas-multistream,placebo,777,1120,na,hokkaido_iburi_tobu,Hokkaido1226,0.5,0,1596,130,14658,50.34212339752224,0.0,0.10273972602698454
E1,q2_x3_bottleneckliteask_cas-multistream_seed777,cas-multistream,placebo,777,1120,na,hokkaido_iburi_tobu,Hokkaido1227,0.5,103,3826,0,12455,49.560422776316514,0.0,0.0
E1,q2_x3_bottleneckliteask_cas-multistream_seed777,cas-multistream,placebo,777,1120,na,hokkaido_iburi_tobu,Hokkaido1228,0.5,0,3412,67,12905,92.0,0.0,0.0
E1,q2_x3_bottleneckliteask_cas-multistream_seed777,cas-multistream,placebo,777,1120,na,hokkaido_iburi_tobu,Hokkaido1230,0.5,0,1819,36,14529,83.0367302022711,0.0,0.0
E1,q2_x3_bottleneckliteask_cas-multistream_seed777,cas-multistream,placebo,777,1120,na,hokkaido_iburi_tobu,Hokkaido1231,0.5,0,1807,44,14533,85.53649739853768,0.0,0.0
E1,q2_x3_bottleneckliteask_cas-multistream_seed777,cas-multistream,placebo,777,1120,na,hokkaido_iburi_tobu,Hokkaido1232,0.5,0,1982,124,14278,55.01430974737456,0.0,0.0
E1,q2_x3_bottleneckliteask_cas-multistream_seed777,cas-multistream,placebo,777,1120,na,hokkaido_iburi_tobu,Hokkaido1233,0.5,79,555,847,14903,52.808143133163405,0.1928277896802406,0.2528854882630478
E1,q2_x3_bottleneckliteask_cas-multistream_seed777,cas-multistream,placebo,777,1120,na,hokkaido_iburi_tobu,Hokkaido1234,0.5,280,1253,1177,13674,47.853944456021594,0.07333333333291876,0.12086846951588519
E1,q2_x3_bottleneckliteask_cas-multistream_seed777,cas-multistream,placebo,777,1120,na,hokkaido_iburi_tobu,Hokkaido1235,0.5,11,931,1000,14442,63.78753790643919,0.0522041763336949,0.07452681387972651
E1,q2_x3_bottleneckliteask_cas-multistream_seed777,cas-multistream,placebo,777,1120,na,hokkaido_iburi_tobu,Hokkaido1236,0.5,352,2273,182,13577,37.02566212083979,0.13621262458421868,0.2925528277366265
E1,q2_x3_bottleneckliteask_cas-multistream_seed777,cas-multistream,placebo,777,1120,na,hokkaido_iburi_tobu,Hokkaido1237,0.5,0,3764,160,12460,85.1692012568726,0.0,0.0
E1,q2_x3_bottleneckliteask_cas-multistream_seed777,cas-multistream,placebo,777,1120,na,hokkaido_iburi_tobu,Hokkaido1238,0.5,8,4683,27,11666,78.42161133721729,0.0650063317854501,0.09472793910335733
E1,q2_x3_bottleneckliteask_cas-multistream_seed777,cas-multistream,placebo,777,1120,na,hokkaido_iburi_tobu,Hokkaido1239,0.5,0,3323,82,12979,52.34687277673403,0.02446483180406662,0.06340057636859006
E1,q2_x3_bottleneckliteask_cas-multistream_seed777,cas-multistream,placebo,777,1120,na,hokkaido_iburi_tobu,Hokkaido1240,0.5,7,3992,55,12330,39.380193647634194,0.06077348066281773,0.13036264517633814
E1,q2_x3_bottleneckliteask_cas-multistream_seed777,cas-multistream,placebo,777,1120,na,hokkaido_iburi_tobu,Hokkaido1241,0.5,15,2608,10,13751,46.236334010663676,0.0,0.0
E1,q2_x3_bottleneckliteask_cas-multistream_seed777,cas-multistream,placebo,777,1120,na,hokkaido_iburi_tobu,Hokkaido1242,0.5,27,2529,47,13781,43.03925936668781,0.09656559850525002,0.15333202280291722
E1,q2_x3_bottleneckliteask_cas-multistream_seed777,cas-multistream,placebo,777,1120,na,hokkaido_iburi_tobu,Hokkaido1243,0.5,17,3635,202,12530,32.93619286833638,0.09935419771438721,0.17014838521920067
E1,q2_x3_bottleneckliteask_cas-multistream_seed777,cas-multistream,placebo,777,1120,na,hokkaido_iburi_tobu,Hokkaido1244,0.5,169,4961,86,11168,46.17358552246078,0.05906406178966841,0.09250175192673304
E1,q2_x3_bottleneckliteask_cas-multistream_seed777,cas-multistream,placebo,777,1120,na,hokkaido_iburi_tobu,Hokkaido1245,0.5,112,4077,90,12105,36.49634171478625,0.0,0.014184397162627007
E1,q2_x3_bottleneckliteask_cas-multistream_seed777,cas-multistream,placebo,777,1120,na,hokkaido_iburi_tobu,Hokkaido1246,0.5,88,2423,210,13663,47.09027137722783,0.0,0.05056179775231165
E1,q2_x3_bottleneckliteask_cas-multistream_seed777,cas-multistream,placebo,777,1120,na,hokkaido_iburi_tobu,Hokkaido1247,0.5,205,2984,514,12681,36.24637870942435,0.11939926776371712,0.24193548387048278
E1,q2_x3_bottleneckliteask_cas-multistream_seed777,cas-multistream,placebo,777,1120,na,hokkaido_iburi_tobu,Hokkaido1248,0.5,144,3316,779,12145,45.967379738244816,0.09615288658205119,0.16112987411681703
E1,q2_x3_bottleneckliteask_cas-multistream_seed777,cas-multistream,placebo,777,1120,na,hokkaido_iburi_tobu,Hokkaido1249,0.5,442,2370,1504,12068,47.38143096192854,0.16878879285308132,0.2872838600396817
E1,q2_x3_bottleneckliteask_cas-multistream_seed777,cas-multistream,placebo,777,1120,na,hokkaido_iburi_tobu,Hokkaido1250,0.5,691,2087,1742,11864,42.00831748546267,0.15255901485053583,0.2509152688374593
E1,q2_x3_bottleneckliteask_cas-multistream_seed777,cas-multistream,placebo,777,1120,na,hokkaido_iburi_tobu,Hokkaido1251,0.5,9,2841,1303,12231,44.97664646712972,0.03253380964490995,0.0597744090806903
E1,q2_x3_bottleneckliteask_cas-multistream_seed777,cas-multistream,placebo,777,1120,na,hokkaido_iburi_tobu,Hokkaido1252,0.5,488,3528,548,11820,41.840149126164896,0.1400484783189342,0.20692871053522613
E1,q2_x3_bottleneckliteask_cas-multistream_seed777,cas-multistream,placebo,777,1120,na,hokkaido_iburi_tobu,Hokkaido1253,0.5,526,3089,817,11952,32.00458074426075,0.1693925233640621,0.2535433070861628
E1,q2_x3_bottleneckliteask_cas-multistream_seed777,cas-multistream,placebo,777,1120,na,hokkaido_iburi_tobu,Hokkaido1254,0.5,44,4033,932,11375,34.74541818707852,0.06175663311937069,0.10569980027607752
E1,q2_x3_bottleneckliteask_cas-multistream_seed777,cas-multistream,placebo,777,1120,na,hokkaido_iburi_tobu,Hokkaido1255,0.5,309,2565,588,12922,36.93907777703392,0.12063120981832863,0.240774907748609
E1,q2_x3_bottleneckliteask_cas-multistream_seed777,cas-multistream,placebo,777,1120,na,hokkaido_iburi_tobu,Hokkaido1256,0.5,131,2463,1073,12717,37.406474727965836,0.059679059280725096,0.11290474841828857
E1,q2_x3_bottleneckliteask_cas-multistream_seed777,cas-multistream,placebo,777,1120,na,hokkaido_iburi_tobu,Hokkaido1257,0.5,420,3690,259,12015,25.3711137320302,0.06363636363589661,0.17421082671066204
E1,q2_x3_bottleneckliteask_cas-multistream_seed777,cas-multistream,placebo,777,1120,na,hokkaido_iburi_tobu,Hokkaido1258,0.5,17,3900,147,12320,46.553082471701,0.03782505910128643,0.06970954356808338
E1,q2_x3_bottleneckliteask_cas-multistream_seed777,cas-multistream,placebo,777,1120,na,hokkaido_iburi_tobu,Hokkaido1259,0.5,36,4069,31,12248,57.76805290796282,0.0,0.062052505966247076
E1,q2_x3_bottleneckliteask_cas-multistream_seed777,cas-multistream,placebo,777,1120,na,hokkaido_iburi_tobu,Hokkaido1260,0.5,30,4372,1,11981,63.77767249266042,0.0,0.0
E1,q2_x3_bottleneckliteask_cas-multistream_seed777,cas-multistream,placebo,777,1120,na,hokkaido_iburi_tobu,Hokkaido1261,0.5,0,3619,33,12732,89.42537728125475,0.0,0.0
E1,q2_x3_bottleneckliteask_cas-multistream_seed777,cas-multistream,placebo,777,1120,na,hokkaido_iburi_tobu,Hokkaido1262,0.5,53,3083,316,12932,46.16920855782668,0.0,0.0
E1,q2_x3_bottleneckliteask_cas-multistream_seed777,cas-multistream,placebo,777,1120,na,hokkaido_iburi_tobu,Hokkaido1263,0.5,329,3275,331,12449,43.41658669218482,0.2092562744641561,0.3356125028724028
E1,q2_x3_bottleneckliteask_cas-multistream_seed777,cas-multistream,placebo,777,1120,na,hokkaido_iburi_tobu,Hokkaido1264,0.5,0,1886,324,14174,69.83015046146193,0.0,0.012474012473596346
E1,q2_x3_bottleneckliteask_cas-multistream_seed777,cas-multistream,placebo,777,1120,na,hokkaido_iburi_tobu,Hokkaido1265,0.5,0,1651,102,14631,53.959083447182714,0.0,0.0
E1,q2_x3_bottleneckliteask_cas-multistream_seed777,cas-multistream,placebo,777,1120,na,hokkaido_iburi_tobu,Hokkaido1266,0.5,0,1478,102,14804,67.93010845115705,0.0,0.0
E1,q2_x3_bottleneckliteask_cas-multistream_seed777,cas-multistream,placebo,777,1120,na,hokkaido_iburi_tobu,Hokkaido1267,0.5,0,1207,36,15141,102.65603938439794,0.0,0.0
E1,q2_x3_bottleneckliteask_cas-multistream_seed777,cas-multistream,placebo,777,1120,na,hokkaido_iburi_tobu,Hokkaido1268,0.5,85,1919,18,14362,43.26777077668757,0.07956938918769987,0.13532802635168403
E1,q2_x3_bottleneckliteask_cas-multistream_seed777,cas-multistream,placebo,777,1120,na,hokkaido_iburi_tobu,Hokkaido1269,0.5,0,483,67,15834,56.862552002303644,0.0,0.0
E1,q2_x3_bottleneckliteask_cas-multistream_seed777,cas-multistream,placebo,777,1120,na,hokkaido_iburi_tobu,Hokkaido1270,0.5,0,3058,106,13220,95.35577874706392,0.0,0.0
E1,q2_x3_bottleneckliteask_cas-multistream_seed777,cas-multistream,placebo,777,1120,na,hokkaido_iburi_tobu,Hokkaido1271,0.5,0,4313,726,11345,63.24593368783776,0.0,0.023529411764229142
E1,q2_x3_bottleneckliteask_cas-multistream_seed777,cas-multistream,placebo,777,1120,na,hokkaido_iburi_tobu,Hokkaido1272,0.5,282,1254,871,13977,54.017569875927535,0.15057915057868632,0.3006411632967646
E1,q2_x3_bottleneckliteask_cas-multistream_seed777,cas-multistream,placebo,777,1120,na,hokkaido_iburi_tobu,Hokkaido1273,0.5,0,1265,683,14436,59.59772821454993,0.0,0.0
E1,q2_x3_bottleneckliteask_cas-multistream_seed777,cas-multistream,placebo,777,1120,na,hokkaido_iburi_tobu,Hokkaido1274,0.5,112,1547,55,14670,59.30957706780492,0.24271844660150627,0.3541666666662155
E1,q2_x3_bottleneckliteask_cas-multistream_seed777,cas-multistream,placebo,777,1120,na,hokkaido_iburi_tobu,Hokkaido1275,0.5,42,2688,51,13603,53.7028830983855,0.10147570883741787,0.1591393860704439
E1,q2_x3_bottleneckliteask_cas-multistream_seed777,cas-multistream,placebo,777,1120,na,hokkaido_iburi_tobu,Hokkaido1276,0.5,0,1242,111,15031,53.570826132517816,0.0,0.0
E1,q2_x3_bottleneckliteask_cas-multistream_seed777,cas-multistream,placebo,777,1120,na,hokkaido_iburi_tobu,Hokkaido1277,0.5,3,1408,70,14903,67.74989934622539,0.056074766354872914,0.09837505489652963
E1,q2_x3_bottleneckliteask_cas-multistream_seed777,cas-multistream,placebo,777,1120,na,hokkaido_iburi_tobu,Hokkaido1278,0.5,2,2473,62,13847,45.072569944588146,0.062088428974357804,0.14154411764678887
E1,q2_x3_bottleneckliteask_cas-multistream_seed777,cas-multistream,placebo,777,1120,na,hokkaido_iburi_tobu,Hokkaido1279,0.5,8,3550,26,12800,38.805092814900895,0.032407407407266296,0.10972798524646712
E1,q2_x3_bottleneckliteask_cas-multistream_seed777,cas-multistream,placebo,777,1120,na,hokkaido_iburi_tobu,Hokkaido1280,0.5,15,2092,37,14240,46.02716300709736,0.09345014601559964,0.12304371289771539
E1,q2_x3_bottleneckliteask_cas-multistream_seed777,cas-multistream,placebo,777,1120,na,hokkaido_iburi_tobu,Hokkaido1281,0.5,39,3407,156,12782,33.32036294917406,0.03625377643457675,0.059715639809942246
E1,q2_x3_bottleneckliteask_cas-multistream_seed777,cas-multistream,placebo,777,1120,na,hokkaido_iburi_tobu,Hokkaido1282,0.5,20,3803,131,12430,80.74921462297593,0.09973753280806416,0.12904871206298257
E1,q2_x3_bottleneckliteask_cas-multistream_seed777,cas-multistream,placebo,777,1120,na,hokkaido_iburi_tobu,Hokkaido1283,0.5,0,2620,62,13702,86.76779352066858,0.0,0.0
E1,q2_x3_bottleneckliteask_cas-multistream_seed777,cas-multistream,placebo,777,1120,na,hokkaido_iburi_tobu,Hokkaido1284,0.5,0,2485,153,13746,47.662163025431205,0.0,0.0
E1,q2_x3_bottleneckliteask_cas-multistream_seed777,cas-multistream,placebo,777,1120,na,hokkaido_iburi_tobu,Hokkaido1285,0.5,34,2905,296,13149,44.50308576781013,0.021074815594871406,0.04862065320745059
E1,q2_x3_bottleneckliteask_cas-multistream_seed777,cas-multistream,placebo,777,1120,na,hokkaido_iburi_tobu,Hokkaido1286,0.5,152,2680,612,12940,45.26307940615273,0.024539877300152974,0.10073939620384358
E1,q2_x3_bottleneckliteask_cas-multistream_seed777,cas-multistream,placebo,777,1120,na,hokkaido_iburi_tobu,Hokkaido1287,0.5,589,3411,1095,11289,37.83648191997707,0.1348242250383948,0.24081188005235957
E1,q2_x3_bottleneckliteask_cas-multistream_seed777,cas-multistream,placebo,777,1120,na,hokkaido_iburi_tobu,Hokkaido1288,0.5,380,3059,1169,11776,39.43665463259305,0.13885678064016946,0.20676838810597759
E1,q2_x3_bottleneckliteask_cas-multistream_seed777,cas-multistream,placebo,777,1120,na,hokkaido_iburi_tobu,Hokkaido1289,0.5,17,2754,756,12857,55.86591089385369,0.06838534599678646,0.09320944944103773
E1,q2_x3_bottleneckliteask_cas-multistream_seed777,cas-multistream,placebo,777,1120,na,hokkaido_iburi_tobu,Hokkaido1290,0.5,327,2458,586,13013,45.221676218380054,0.09492808478378059,0.16452374704754455
E1,q2_x3_bottleneckliteask_cas-multistream_seed777,cas-multistream,placebo,777,1120,na,hokkaido_iburi_tobu,Hokkaido1291,0.5,214,3453,873,11844,47.597318051230395,0.13121272365761222,0.18007903154947785
E1,q2_x3_bottleneckliteask_cas-multistream_seed777,cas-multistream,placebo,777,1120,na,hokkaido_iburi_tobu,Hokkaido1292,0.5,420,2863,628,12473,40.61770753437952,0.16470173687026704,0.2518337160947694
E1,q2_x3_bottleneckliteask_cas-multistream_seed777,cas-multistream,placebo,777,1120,na,hokkaido_iburi_tobu,Hokkaido1293,0.5,483,3437,1295,11169,33.884664334840195,0.22247484494502748,0.3778185293277536
E1,q2_x3_bottleneckliteask_cas-multistream_seed777,cas-multistream,placebo,777,1120,na,hokkaido_iburi_tobu,Hokkaido1294,0.5,584,2661,1134,12005,37.18399651996794,0.10648723762119491,0.21256738025524474
E1,q2_x3_bottleneckliteask_cas-multistream_seed777,cas-multistream,placebo,777,1120,na,hokkaido_iburi_tobu,Hokkaido1295,0.5,300,2199,242,13643,48.264888783117705,0.210473233006378,0.3134301595835065
E1,q2_x3_bottleneckliteask_cas-multistream_seed777,cas-multistream,placebo,777,1120,na,hokkaido_iburi_tobu,Hokkaido1296,0.5,0,2613,147,13624,60.42764140650958,0.0,0.0
E1,q2_x3_bottleneckliteask_cas-multistream_seed777,cas-multistream,placebo,777,1120,na,hokkaido_iburi_tobu,Hokkaido1297,0.5,36,3685,194,12469,40.41761721858368,0.015408320492569107,0.11307972902507142
E1,q2_x3_bottleneckliteask_cas-multistream_seed777,cas-multistream,placebo,777,1120,na,hokkaido_iburi_tobu,Hokkaido1298,0.5,149,3231,128,12876,27.829721743758153,0.1811846689890719,0.255030938178915
E1,q2_x3_bottleneckliteask_cas-multistream_seed777,cas-multistream,placebo,777,1120,na,hokkaido_iburi_tobu,Hokkaido1299,0.5,0,2958,84,13342,63.1552494453217,0.0,0.0
E1,q2_x3_bottleneckliteask_cas-multistream_seed777,cas-multistream,placebo,777,1120,na,hokkaido_iburi_tobu,Hokkaido1300,0.5,0,2213,53,14118,61.68468205316454,0.0,0.0
E1,q2_x3_bottleneckliteask_cas-multistream_seed777,cas-multistream,placebo,777,1120,na,hokkaido_iburi_tobu,Hokkaido1301,0.5,0,1937,52,14395,93.34238036634245,0.0,0.0
E1,q2_x3_bottleneckliteask_cas-multistream_seed777,cas-multistream,placebo,777,1120,na,hokkaido_iburi_tobu,Hokkaido1302,0.5,0,3105,370,12909,65.99388392869601,0.0,0.0
E1,q2_x3_bottleneckliteask_cas-multistream_seed777,cas-multistream,placebo,777,1120,na,hokkaido_iburi_tobu,Hokkaido1303,0.5,173,2859,382,12970,50.32891812864648,0.09433863266649152,0.15937001968639186
E1,q2_x3_bottleneckliteask_cas-multistream_seed777,cas-multistream,placebo,777,1120,na,hokkaido_iburi_tobu,Hokkaido1304,0.5,47,2419,369,13549,65.35900490472775,0.07213396307378178,0.10860957121796869
E1,q2_x3_bottleneckliteask_cas-multistream_seed777,cas-multistream,placebo,777,1120,na,hokkaido_iburi_tobu,Hokkaido1305,0.5,122,1736,392,14134,35.53864166573305,0.10853545109773297,0.17339372141507212
E1,q2_x3_bottleneckliteask_cas-multistream_seed777,cas-multistream,placebo,777,1120,na,hokkaido_iburi_tobu,Hokkaido1306,0.5,180,3219,194,12791,45.65291899446983,0.14526129317932537,0.19932432432383493
E1,q2_x3_bottleneckliteask_cas-multistream_seed777,cas-multistream,placebo,777,1120,na,hokkaido_iburi_tobu,Hokkaido1307,0.5,0,3513,91,12780,74.6658248995351,0.0,0.0
E1,q2_x3_bottleneckliteask_cas-multistream_seed777,cas-multistream,placebo,777,1120,na,hokkaido_iburi_tobu,Hokkaido1309,0.5,0,2004,19,14361,83.27513949024295,0.0,0.0
E1,q2_x3_bottleneckliteask_cas-multistream_seed777,cas-multistream,placebo,777,1120,na,hokkaido_iburi_tobu,Hokkaido1310,0.5,0,2185,26,14173,89.32299857519115,0.0,0.0
E1,q2_x3_bottleneckliteask_cas-multistream_seed777,cas-multistream,placebo,777,1120,na,hokkaido_iburi_tobu,Hokkaido1311,0.5,0,3685,18,12681,85.70297544426332,0.0,0.0
E1,q2_x3_bottleneckliteask_cas-multistream_seed777,cas-multistream,placebo,777,1120,na,hokkaido_iburi_tobu,Hokkaido1312,0.5,65,3022,35,13262,37.11924003419348,0.0,0.028037383177133154
E1,q2_x3_bottleneckliteask_cas-multistream_seed777,cas-multistream,placebo,777,1120,na,hokkaido_iburi_tobu,Hokkaido1313,0.5,53,1794,185,14352,37.98156617270719,0.06138555977735379,0.10439367311022064
E1,q2_x3_bottleneckliteask_cas-multistream_seed777,cas-multistream,placebo,777,1120,na,hokkaido_iburi_tobu,Hokkaido1314,0.5,17,1248,708,14411,58.69412236331676,0.03619909502225516,0.04961240310042835
E1,q2_x3_bottleneckliteask_cas-multistream_seed777,cas-multistream,placebo,777,1120,na,hokkaido_iburi_tobu,Hokkaido1315,0.5,224,2965,1179,12016,48.21560081621227,0.15753517775774,0.23061849060670297
E1,q2_x3_bottleneckliteask_cas-multistream_seed777,cas-multistream,placebo,777,1120,na,hokkaido_iburi_tobu,Hokkaido1316,0.5,287,2636,590,12871,39.00256241897666,0.07180439492373206,0.1416464891036635
E1,q2_x3_bottleneckliteask_cas-multistream_seed777,cas-multistream,placebo,777,1120,na,hokkaido_iburi_tobu,Hokkaido1317,0.5,0,1614,165,14605,66.56574636765322,0.011428571428138303,0.04571428571385258
E1,q2_x3_bottleneckliteask_cas-multistream_seed777,cas-multistream,placebo,777,1120,na,hokkaido_iburi_tobu,Hokkaido1318,0.5,24,3706,455,12199,39.21260625855538,0.02598808879213946,0.04427415921618839
E1,q2_x3_bottleneckliteask_cas-multistream_seed777,cas-multistream,placebo,777,1120,na,hokkaido_iburi_tobu,Hokkaido1319,0.5,137,3375,664,12208,46.75467891024384,0.12398438999377256,0.19795589026310967
E1,q2_x3_bottleneckliteask_cas-multistream_seed777,cas-multistream,placebo,777,1120,na,hokkaido_iburi_tobu,Hokkaido1320,0.5,370,3420,634,11960,34.010291892372926,0.15118142805390167,0.21276447418824804
E1,q2_x3_bottleneckliteask_cas-multistream_seed777,cas-multistream,placebo,777,1120,na,hokkaido_iburi_tobu,Hokkaido1321,0.5,473,2997,992,11922,43.86342439892262,0.14584268222279909,0.20716994945321243
E1,q2_x3_bottleneckliteask_cas-multistream_seed777,cas-multistream,placebo,777,1120,na,hokkaido_iburi_tobu,Hokkaido1322,0.5,274,2899,748,12463,43.99996476384532,0.07457550202275273,0.12137404580107547
E1,q2_x3_bottleneckliteask_cas-multistream_seed777,cas-multistream,placebo,777,1120,na,hokkaido_iburi_tobu,Hokkaido1323,0.5,0,3398,135,12851,75.16115919361162,0.0,0.0
E1,q2_x3_bottleneckliteask_cas-multistream_seed777,cas-multistream,placebo,777,1120,na,hokkaido_iburi_tobu,Hokkaido1324,0.5,0,4573,163,11648,90.04442475153525,0.0,0.0
E1,q2_x3_bottleneckliteask_cas-multistream_seed777,cas-multistream,placebo,777,1120,na,hokkaido_iburi_tobu,Hokkaido1325,0.5,87,1850,181,14266,33.964682954159436,0.13468433359264448,0.23874789990223302
E1,q2_x3_bottleneckliteask_cas-multistream_seed777,cas-multistream,placebo,777,1120,na,hokkaido_iburi_tobu,Hokkaido1326,0.5,1,1458,104,14821,66.72660536384193,0.05090137857852369,0.07920792079158159
E1,q2_x3_bottleneckliteask_cas-multistream_seed777,cas-multistream,placebo,777,1120,na,hokkaido_iburi_tobu,Hokkaido1327,0.5,80,1712,292,14300,48.84278541150515,0.10693990012004505,0.1841473178537839
E1,q2_x3_bottleneckliteask_cas-multistream_seed777,cas-multistream,placebo,777,1120,na,hokkaido_iburi_tobu,Hokkaido1328,0.5,85,2777,361,13161,44.349999999999966,0.10407016852221702,0.17294215464969623
E1,q2_x3_bottleneckliteask_cas-multistream_seed777,cas-multistream,placebo,777,1120,na,hokkaido_iburi_tobu,Hokkaido1329,0.5,329,1667,428,13960,39.04740538220617,0.16070814712910816,0.25660432282899187
E1,q2_x3_bottleneckliteask_cas-multistream_seed777,cas-multistream,placebo,777,1120,na,hokkaido_iburi_tobu,Hokkaido1330,0.5,281,881,754,14468,59.92328303425233,0.04826546002977735,0.12462067570266834
E1,q2_x3_bottleneckliteask_cas-multistream_seed777,cas-multistream,placebo,777,1120,na,hokkaido_iburi_tobu,Hokkaido1331,0.5,54,1833,447,14050,51.22499389946279,0.17502315120999618,0.21463389066466138
E1,q2_x3_bottleneckliteask_cas-multistream_seed777,cas-multistream,placebo,777,1120,na,hokkaido_iburi_tobu,Hokkaido1332,0.5,32,1957,187,14208,43.829214001622255,0.05530934231471678,0.11317788839354732
E1,q2_x3_bottleneckliteask_cas-multistream_seed777,cas-multistream,placebo,777,1120,na,hokkaido_iburi_tobu,Hokkaido1333,0.5,42,2906,55,13381,57.361990403912515,0.14634146341436732,0.29220065909891113
E1,q2_x3_bottleneckliteask_cas-multistream_seed777,cas-multistream,placebo,777,1120,na,hokkaido_iburi_tobu,Hokkaido1334,0.5,0,2822,27,13535,86.82367146193026,0.0,0.0
E1,q2_x3_bottleneckliteask_cas-multistream_seed777,cas-multistream,placebo,777,1120,na,hokkaido_iburi_tobu,Hokkaido1335,0.5,90,3201,11,13082,67.51367767933124,0.11349736879512543,0.16003386960181232
E1,q2_x3_bottleneckliteask_cas-multistream_seed777,cas-multistream,placebo,777,1120,na,hokkaido_iburi_tobu,Hokkaido1336,0.5,0,3039,101,13244,91.83191048755867,0.0,0.0
E1,q2_x3_bottleneckliteask_cas-multistream_seed777,cas-multistream,placebo,777,1120,na,hokkaido_iburi_tobu,Hokkaido1337,0.5,1,2027,36,14320,60.42555782608538,0.03814713896434628,0.06477732793497942
E1,q2_x3_bottleneckliteask_cas-multistream_seed777,cas-multistream,placebo,777,1120,na,hokkaido_iburi_tobu,Hokkaido1338,0.5,73,2869,50,13392,36.04298849590471,0.0,0.04545454545407127
E1,q2_x3_bottleneckliteask_cas-multistream_seed777,cas-multistream,placebo,777,1120,na,hokkaido_iburi_tobu,Hokkaido1339,0.5,103,1467,508,14306,42.04759208325728,0.05912863070494229,0.12777178472926223
E1,q2_x3_bottleneckliteask_cas-multistream_seed777,cas-multistream,placebo,777,1120,na,hokkaido_iburi_tobu,Hokkaido1340,0.5,44,1173,911,14256,43.88050961743636,0.11804799545559484,0.13896457765622067
E1,q2_x3_bottleneckliteask_cas-multistream_seed777,cas-multistream,placebo,777,1120,na,hokkaido_iburi_tobu,Hokkaido1341,0.5,49,1951,504,13880,41.12419177854074,0.08242074927909585,0.169073247571068
E1,q2_x3_bottleneckliteask_cas-multistream_seed777,cas-multistream,placebo,777,1120,na,hokkaido_iburi_tobu,Hokkaido1342,0.5,0,2198,315,13871,48.40763373748821,0.0,0.0
E1,q2_x3_bottleneckliteask_cas-multistream_seed777,cas-multistream,placebo,777,1120,na,hokkaido_iburi_tobu,Hokkaido1343,0.5,368,1783,205,14028,27.838769670431155,0.13185571724403386,0.2536700103765383
E1,q2_x3_bottleneckliteask_cas-multistream_seed777,cas-multistream,placebo,777,1120,na,hokkaido_iburi_tobu,Hokkaido1344,0.5,128,3258,342,12656,49.2162590472069,0.0627674750351656,0.10520991401063493
E1,q2_x3_bottleneckliteask_cas-multistream_seed777,cas-multistream,placebo,777,1120,na,hokkaido_iburi_tobu,Hokkaido1345,0.5,51,3315,148,12870,38.670255395234854,0.035027973728628654,0.10466637592631454
E1,q2_x3_bottleneckliteask_cas-multistream_seed777,cas-multistream,placebo,777,1120,na,hokkaido_iburi_tobu,Hokkaido1346,0.5,0,3320,268,12796,73.04758522468458,0.0,0.0
E1,q2_x3_bottleneckliteask_cas-multistream_seed777,cas-multistream,placebo,777,1120,na,hokkaido_iburi_tobu,Hokkaido1347,0.5,0,3979,221,12184,78.71470108937494,0.0,0.0
E1,q2_x3_bottleneckliteask_cas-multistream_seed777,cas-multistream,placebo,777,1120,na,hokkaido_iburi_tobu,Hokkaido1348,0.5,0,2219,90,14075,88.23745608895595,0.0,0.0
E1,q2_x3_bottleneckliteask_cas-multistream_seed777,cas-multistream,placebo,777,1120,na,hokkaido_iburi_tobu,Hokkaido1349,0.5,0,3153,27,13204,125.87632816877974,0.0,0.0
E1,q2_x3_bottleneckliteask_cas-multistream_seed777,cas-multistream,placebo,777,1120,na,hokkaido_iburi_tobu,Hokkaido1350,0.5,0,1550,22,14812,81.85074103204572,0.0,0.0
E1,q2_x3_bottleneckliteask_cas-multistream_seed777,cas-multistream,placebo,777,1120,na,hokkaido_iburi_tobu,Hokkaido1351,0.5,0,550,22,15812,84.17125384105435,0.0,0.0
E1,q2_x3_bottleneckliteask_cas-multistream_seed777,cas-multistream,placebo,777,1120,na,hokkaido_iburi_tobu,Hokkaido1352,0.5,0,1723,45,14616,64.43756398971284,0.0,0.0
E1,q2_x3_bottleneckliteask_cas-multistream_seed777,cas-multistream,placebo,777,1120,na,hokkaido_iburi_tobu,Hokkaido1353,0.5,6,2743,94,13541,55.00363606316011,0.043572984749142736,0.06885593220302953
E1,q2_x3_bottleneckliteask_cas-multistream_seed777,cas-multistream,placebo,777,1120,na,hokkaido_iburi_tobu,Hokkaido1354,0.5,54,3462,566,12302,54.00921790346316,0.021160822248599987,0.05352112676007913
E1,q2_x3_bottleneckliteask_cas-multistream_seed777,cas-multistream,placebo,777,1120,na,hokkaido_iburi_tobu,Hokkaido1355,0.5,105,2063,623,13593,44.935633669194225,0.0874250893886323,0.1894210976704787
E1,q2_x3_bottleneckliteask_cas-multistream_seed777,cas-multistream,placebo,777,1120,na,hokkaido_iburi_tobu,Hokkaido1356,0.5,118,1738,346,14182,48.29054580187359,0.16206849687365285,0.2759003428928916
E1,q2_x3_bottleneckliteask_cas-multistream_seed777,cas-multistream,placebo,777,1120,na,hokkaido_iburi_tobu,Hokkaido1357,0.5,86,3583,293,12422,37.717234553657704,0.06976935073415791,0.10558652861481921
E1,q2_x3_bottleneckliteask_cas-multistream_seed777,cas-multistream,placebo,777,1120,na,hokkaido_iburi_tobu,Hokkaido1358,0.5,78,3359,27,12920,58.48460639759236,0.01052631578912349,0.0631578947364919
E1,q2_x3_bottleneckliteask_cas-multistream_seed777,cas-multistream,placebo,777,1120,na,hokkaido_iburi_tobu,Hokkaido1359,0.5,0,1644,27,14713,86.75540199749811,0.0,0.0
E1,q2_x3_bottleneckliteask_cas-multistream_seed777,cas-multistream,placebo,777,1120,na,hokkaido_iburi_tobu,Hokkaido1360,0.5,0,2784,101,13499,70.99576395394301,0.0,0.0
E1,q2_x3_bottleneckliteask_cas-multistream_seed777,cas-multistream,placebo,777,1120,na,hokkaido_iburi_tobu,Hokkaido1361,0.5,0,3703,101,12580,86.12545187908806,0.0,0.0
E1,q2_x3_bottleneckliteask_cas-multistream_seed777,cas-multistream,placebo,777,1120,na,hokkaido_iburi_tobu,Hokkaido1363,0.5,0,3889,28,12467,87.01435597161374,0.0,0.0
E1,q2_x3_bottleneckliteask_cas-multistream_seed777,cas-multistream,placebo,777,1120,na,hokkaido_iburi_tobu,Hokkaido1364,0.5,7,2282,592,13503,70.1872478601102,0.02891234511196167,0.03423540919425296
E1,q2_x3_bottleneckliteask_cas-multistream_seed777,cas-multistream,placebo,777,1120,na,hokkaido_iburi_tobu,Hokkaido1365,0.5,297,1920,1125,13042,40.87468532382472,0.1865346453628001,0.2882371277932261
E1,q2_x3_bottleneckliteask_cas-multistream_seed777,cas-multistream,placebo,777,1120,na,hokkaido_iburi_tobu,Hokkaido1366,0.5,328,2424,1277,12355,52.20153254455275,0.12870597816765564,0.2364837614479645
E1,q2_x3_bottleneckliteask_cas-multistream_seed777,cas-multistream,placebo,777,1120,na,hokkaido_iburi_tobu,Hokkaido1367,0.5,0,1528,913,13943,53.92262151525187,0.0,0.0
E1,q2_x3_bottleneckliteask_cas-multistream_seed777,cas-multistream,placebo,777,1120,na,hokkaido_iburi_tobu,Hokkaido1368,0.5,0,1387,307,14690,69.11398240718275,0.0,0.0
E1,q2_x3_bottleneckliteask_cas-multistream_seed777,cas-multistream,placebo,777,1120,na,hokkaido_iburi_tobu,Hokkaido1369,0.5,0,2381,156,13847,72.23918181141185,0.0,0.0
E1,q2_x3_bottleneckliteask_cas-multistream_seed777,cas-multistream,placebo,777,1120,na,hokkaido_iburi_tobu,Hokkaido1370,0.5,0,2463,17,13904,91.1399654086862,0.0,0.0
E1,q2_x3_bottleneckliteask_cas-multistream_seed777,cas-multistream,placebo,777,1120,na,hokkaido_iburi_tobu,Hokkaido1371,0.5,0,2497,31,13856,76.02039146328683,0.0,0.0
E1,q2_x3_bottleneckliteask_cas-multistream_seed777,cas-multistream,placebo,777,1120,na,hokkaido_iburi_tobu,Hokkaido1372,0.5,0,3411,77,12896,64.86907564536982,0.0,0.0
E1,q2_x3_bottleneckliteask_cas-multistream_seed777,cas-multistream,placebo,777,1120,na,hokkaido_iburi_tobu,Hokkaido1373,0.5,119,1716,0,14549,23.571547793395826,0.0,0.0
E1,q2_x3_bottleneckliteask_cas-multistream_seed777,cas-multistream,placebo,777,1120,na,hokkaido_iburi_tobu,Hokkaido1374,0.5,0,1187,56,15141,69.01050601014619,0.0,0.0
E1,q2_x3_bottleneckliteask_cas-multistream_seed777,cas-multistream,placebo,777,1120,na,hokkaido_iburi_tobu,Hokkaido1375,0.5,0,1744,36,14604,69.94282394242715,0.0,0.0
E1,q2_x3_bottleneckliteask_cas-multistream_seed777,cas-multistream,placebo,777,1120,na,hokkaido_iburi_tobu,Hokkaido1376,0.5,40,2529,23,13792,31.10827104214384,0.0822884012536585,0.1104651162787972
E1,q2_x3_bottleneckliteask_cas-multistream_seed777,cas-multistream,placebo,777,1120,na,hokkaido_iburi_tobu,Hokkaido1377,0.5,43,2531,134,13676,30.590812566762192,0.09677822698256902,0.14430172178161335
E1,q2_x3_bottleneckliteask_cas-multistream_seed777,cas-multistream,placebo,777,1120,na,hokkaido_iburi_tobu,Hokkaido1378,0.5,66,1692,343,14283,40.45985664828782,0.20080716605915772,0.27345178036069084
E1,q2_x3_bottleneckliteask_cas-multistream_seed777,cas-multistream,placebo,777,1120,na,hokkaido_iburi_tobu,Hokkaido1379,0.5,47,3979,220,12138,46.64048129471975,0.05685279187774818,0.11069212991080701
E1,q2_x3_bottleneckliteask_cas-multistream_seed777,cas-multistream,placebo,777,1120,na,hokkaido_iburi_tobu,Hokkaido1382,0.5,81,2146,56,14101,33.28663395418648,0.07365557648013187,0.10774410774381023
E1,q2_x3_bottleneckliteask_cas-multistream_seed777,cas-multistream,placebo,777,1120,na,hokkaido_iburi_tobu,Hokkaido1383,0.5,158,1511,929,13786,55.919576547277586,0.07142857142815823,0.11904761904720586
E1,q2_x3_bottleneckliteask_cas-multistream_seed777,cas-multistream,placebo,777,1120,na,hokkaido_iburi_tobu,Hokkaido1384,0.5,655,1637,1667,12425,43.576366889063735,0.16205864412033147,0.2671048427583004
E1,q2_x3_bottleneckliteask_cas-multistream_seed777,cas-multistream,placebo,777,1120,na,hokkaido_iburi_tobu,Hokkaido1385,0.5,711,2975,1709,10989,36.05551275463989,0.17467982364017756,0.2830699774262462
E1,q2_x3_bottleneckliteask_cas-multistream_seed777,cas-multistream,placebo,777,1120,na,hokkaido_iburi_tobu,Hokkaido1386,0.5,508,2692,568,12616,37.32481347144182,0.1716655148578323,0.2543434248311776
E1,q2_x3_bottleneckliteask_cas-multistream_seed777,cas-multistream,placebo,777,1120,na,hokkaido_iburi_tobu,Hokkaido1387,0.5,0,2093,28,14263,94.85462507894073,0.0,0.0
E1,q2_x3_bottleneckliteask_cas-multistream_seed777,cas-multistream,placebo,777,1120,na,hokkaido_iburi_tobu,Hokkaido1388,0.5,0,2284,64,14036,76.44832052218997,0.0,0.0
E1,q2_x3_bottleneckliteask_cas-multistream_seed777,cas-multistream,placebo,777,1120,na,hokkaido_iburi_tobu,Hokkaido1389,0.5,146,2034,59,14145,19.134610295995277,0.289949998537543,0.40523776705676345
E1,q2_x3_bottleneckliteask_cas-multistream_seed777,cas-multistream,placebo,777,1120,na,hokkaido_iburi_tobu,Hokkaido1390,0.5,37,2727,399,13221,51.30884174403297,0.05886909372531535,0.08319999999951633
E1,q2_x3_bottleneckliteask_cas-multistream_seed777,cas-multistream,placebo,777,1120,na,hokkaido_iburi_tobu,Hokkaido1391,0.5,96,1292,228,14768,43.00290658380328,0.11931818181768182,0.23647186147136598
E1,q2_x3_bottleneckliteask_cas-multistream_seed777,cas-multistream,placebo,777,1120,na,hokkaido_iburi_tobu,Hokkaido1392,0.5,0,529,29,15826,72.48034096773154,0.0,0.0
E1,q2_x3_bottleneckliteask_cas-multistream_seed777,cas-multistream,placebo,777,1120,na,hokkaido_iburi_tobu,Hokkaido1393,0.5,3,3102,19,13260,84.23418310808806,0.04845222072669843,0.07393865529137163
E1,q2_x3_bottleneckliteask_cas-multistream_seed777,cas-multistream,placebo,777,1120,na,hokkaido_iburi_tobu,Hokkaido1394,0.5,36,3264,59,13025,36.097865596789795,0.06967485069649682,0.097833682739095
E1,q2_x3_bottleneckliteask_cas-multistream_seed777,cas-multistream,placebo,777,1120,na,hokkaido_iburi_tobu,Hokkaido1395,0.5,85,3068,80,13151,50.99019513592785,0.08858207587483045,0.13515115589774843
E1,q2_x3_bottleneckliteask_cas-multistream_seed777,cas-multistream,placebo,777,1120,na,hokkaido_iburi_tobu,Hokkaido1396,0.5,92,3392,0,12900,74.22364481551996,0.03625064733267766,0.11988348919178561
E1,q2_x3_bottleneckliteask_cas-multistream_seed777,cas-multistream,placebo,777,1120,na,hokkaido_iburi_tobu,Hokkaido1397,0.5,29,3197,0,13158,58.70261821127016,0.0,0.01290322580630333
E1,q2_x3_bottleneckliteask_cas-multistream_seed777,cas-multistream,placebo,777,1120,na,hokkaido_iburi_tobu,Hokkaido1398,0.5,0,2086,29,14269,69.2770179121187,0.0,0.0
E1,q2_x3_bottleneckliteask_cas-multistream_seed777,cas-multistream,placebo,777,1120,na,hokkaido_iburi_tobu,Hokkaido1400,0.5,24,3013,0,13347,55.90169943749474,0.025252525252411385,0.0598802395208247
E1,q2_x3_bottleneckliteask_cas-multistream_seed777,cas-multistream,placebo,777,1120,na,hokkaido_iburi_tobu,Hokkaido1401,0.5,0,3075,23,13286,85.78160701164836,0.0,0.0
E1,q2_x3_bottleneckliteask_cas-multistream_seed777,cas-multistream,placebo,777,1120,na,hokkaido_iburi_tobu,Hokkaido1403,0.5,0,2517,349,13518,56.106408108105924,0.0,0.0
E1,q2_x3_bottleneckliteask_cas-multistream_seed777,cas-multistream,placebo,777,1120,na,hokkaido_iburi_tobu,Hokkaido1404,0.5,274,3762,1371,10977,38.13124400652798,0.10527357930126552,0.15822419533807733
E1,q2_x3_bottleneckliteask_cas-multistream_seed777,cas-multistream,placebo,777,1120,na,hokkaido_iburi_tobu,Hokkaido1405,0.5,860,3689,1257,10578,37.90719041959364,0.10533484676461288,0.18064338171873226
E1,q2_x3_bottleneckliteask_cas-multistream_seed777,cas-multistream,placebo,777,1120,na,hokkaido_iburi_tobu,Hokkaido1406,0.5,180,3787,1063,11354,27.202941017470888,0.16380441522063258,0.24559464960695124
E1,q2_x3_bottleneckliteask_cas-multistream_seed777,cas-multistream,placebo,777,1120,na,hokkaido_iburi_tobu,Hokkaido1407,0.5,136,3738,286,12224,61.85586764890583,0.08100618205027438,0.1285140562244403
E1,q2_x3_bottleneckliteask_cas-multistream_seed777,cas-multistream,placebo,777,1120,na,hokkaido_iburi_tobu,Hokkaido1408,0.5,0,1430,47,14907,99.76557727682199,0.0,0.0
E1,q2_x3_bottleneckliteask_cas-multistream_seed777,cas-multistream,placebo,777,1120,na,hokkaido_iburi_tobu,Hokkaido1409,0.5,0,759,174,15451,45.767210560616945,0.0,0.0
E1,q2_x3_bottleneckliteask_cas-multistream_seed777,cas-multistream,placebo,777,1120,na,hokkaido_iburi_tobu,Hokkaido1410,0.5,0,1745,422,14217,47.83511871382492,0.034188034187534924,0.05982905982856057
E1,q2_x3_bottleneckliteask_cas-multistream_seed777,cas-multistream,placebo,777,1120,na,hokkaido_iburi_tobu,Hokkaido1411,0.5,26,1963,269,14126,60.10319459746317,0.10522341094981916,0.1450151057397549
E1,q2_x3_bottleneckliteask_cas-multistream_seed777,cas-multistream,placebo,777,1120,na,hokkaido_iburi_tobu,Hokkaido1414,0.5,0,3649,29,12706,92.0461836992336,0.0,0.0
E1,q2_x3_bottleneckliteask_cas-multistream_seed777,cas-multistream,placebo,777,1120,na,hokkaido_iburi_tobu,Hokkaido1415,0.5,0,3146,29,13209,113.84638773364749,0.0,0.0
E1,q2_x3_bottleneckliteask_cas-multistream_seed777,cas-multistream,placebo,777,1120,na,hokkaido_iburi_tobu,Hokkaido1417,0.5,0,2876,61,13447,78.09433055888726,0.0,0.0
E1,q2_x3_bottleneckliteask_cas-multistream_seed777,cas-multistream,placebo,777,1120,na,hokkaido_iburi_tobu,Hokkaido1418,0.5,89,3330,632,12333,53.03065009922693,0.1786840754048415,0.21408118081139815
E1,q2_x3_bottleneckliteask_cas-multistream_seed777,cas-multistream,placebo,777,1120,na,hokkaido_iburi_tobu,Hokkaido1419,0.5,31,2909,1264,12180,59.30430001273095,0.08583921964295814,0.15053195502855862
E1,q2_x3_bottleneckliteask_cas-multistream_seed777,cas-multistream,placebo,777,1120,na,hokkaido_iburi_tobu,Hokkaido1420,0.5,222,1681,1011,13470,29.33590633800236,0.12041284403622612,0.21221975012786307
E1,q2_x3_bottleneckliteask_cas-multistream_seed777,cas-multistream,placebo,777,1120,na,hokkaido_iburi_tobu,Hokkaido1421,0.5,616,4203,749,10816,29.276226793333525,0.11865509358169209,0.19961429283363943
E1,q2_x3_bottleneckliteask_cas-multistream_seed777,cas-multistream,placebo,777,1120,na,hokkaido_iburi_tobu,Hokkaido1422,0.5,399,2855,536,12594,38.8329756778952,0.15574302400990853,0.2641252552752155
E1,q2_x3_bottleneckliteask_cas-multistream_seed777,cas-multistream,placebo,777,1120,na,hokkaido_iburi_tobu,Hokkaido1423,0.5,59,3409,169,12747,47.67593449416078,0.09482418016552369,0.1804577464784295
E1,q2_x3_bottleneckliteask_cas-multistream_seed777,cas-multistream,placebo,777,1120,na,hokkaido_iburi_tobu,Hokkaido1424,0.5,18,4078,93,12195,46.44952758085213,0.0,0.03803486529280688
E1,q2_x3_bottleneckliteask_cas-multistream_seed777,cas-multistream,placebo,777,1120,na,hokkaido_iburi_tobu,Hokkaido1425,0.5,34,2720,18,13612,45.617978911828175,0.0,0.0
E1,q2_x3_bottleneckliteask_cas-multistream_seed777,cas-multistream,placebo,777,1120,na,hokkaido_iburi_tobu,Hokkaido1426,0.5,0,4286,115,11983,89.27401635414627,0.0,0.0
E1,q2_x3_bottleneckliteask_cas-multistream_seed777,cas-multistream,placebo,777,1120,na,hokkaido_iburi_tobu,Hokkaido1427,0.5,195,3805,43,12341,37.0,0.0919566720438018,0.16944093674623098
E1,q2_x3_bottleneckliteask_cas-multistream_seed777,cas-multistream,placebo,777,1120,na,hokkaido_iburi_tobu,Hokkaido1428,0.5,90,3112,33,13149,60.67446835268893,0.06869220607627141,0.11055034847361991
E1,q2_x3_bottleneckliteask_cas-multistream_seed777,cas-multistream,placebo,777,1120,na,hokkaido_iburi_tobu,Hokkaido1429,0.5,0,2822,39,13523,78.71467461661771,0.0,0.0
E1,q2_x3_bottleneckliteask_cas-multistream_seed777,cas-multistream,placebo,777,1120,na,hokkaido_iburi_tobu,Hokkaido1430,0.5,0,2563,39,13782,84.15343076573173,0.0,0.0
E1,q2_x3_bottleneckliteask_cas-multistream_seed777,cas-multistream,placebo,777,1120,na,hokkaido_iburi_tobu,Hokkaido1431,0.5,10,3492,103,12779,87.746199404511,0.04709800190270999,0.06800618237989527
E1,q2_x3_bottleneckliteask_cas-multistream_seed777,cas-multistream,placebo,777,1120,na,hokkaido_iburi_tobu,Hokkaido1432,0.5,227,3349,631,12177,27.12625782585063,0.21627719580933535,0.3758445552392394
E1,q2_x3_bottleneckliteask_cas-multistream_seed777,cas-multistream,placebo,777,1120,na,hokkaido_iburi_tobu,Hokkaido1433,0.5,1230,3303,289,11562,26.68332812825267,0.17252579711375896,0.2799520331402392
E1,q2_x3_bottleneckliteask_cas-multistream_seed777,cas-multistream,placebo,777,1120,na,hokkaido_iburi_tobu,Hokkaido1434,0.5,229,3445,1024,11686,31.14862502686075,0.08388202399156496,0.19813921433444226
E1,q2_x3_bottleneckliteask_cas-multistream_seed777,cas-multistream,placebo,777,1120,na,hokkaido_iburi_tobu,Hokkaido1435,0.5,186,3089,483,12626,37.499325367061914,0.09953434225794755,0.153414917617628
E1,q2_x3_bottleneckliteask_cas-multistream_seed777,cas-multistream,placebo,777,1120,na,hokkaido_iburi_tobu,Hokkaido1436,0.5,62,2827,160,13335,42.09617420778284,0.010869565216917357,0.04117922320964383
E1,q2_x3_bottleneckliteask_cas-multistream_seed777,cas-multistream,placebo,777,1120,na,hokkaido_iburi_tobu,Hokkaido1437,0.5,17,2764,33,13570,51.966333250969484,0.053932584269491976,0.07595643674933181
E1,q2_x3_bottleneckliteask_cas-multistream_seed777,cas-multistream,placebo,777,1120,na,hokkaido_iburi_tobu,Hokkaido1438,0.5,18,3907,52,12407,63.065010677282125,0.0,0.009324009323796284
E1,q2_x3_bottleneckliteask_cas-multistream_seed777,cas-multistream,placebo,777,1120,na,hokkaido_iburi_tobu,Hokkaido1439,0.5,0,3875,52,12457,91.14163753710166,0.0,0.0
E1,q2_x3_bottleneckliteask_cas-multistream_seed777,cas-multistream,placebo,777,1120,na,hokkaido_iburi_tobu,Hokkaido1440,0.5,0,3239,115,13030,103.66878799262358,0.0,0.0
E1,q2_x3_bottleneckliteask_cas-multistream_seed777,cas-multistream,placebo,777,1120,na,hokkaido_iburi_tobu,Hokkaido1441,0.5,0,4368,238,11778,77.3464856633563,0.0,0.004246284500643794
E1,q2_x3_bottleneckliteask_cas-multistream_seed777,cas-multistream,placebo,777,1120,na,hokkaido_iburi_tobu,Hokkaido1442,0.5,0,4587,166,11631,61.0,0.0,0.0
E1,q2_x3_bottleneckliteask_cas-multistream_seed777,cas-multistream,placebo,777,1120,na,hokkaido_iburi_tobu,Hokkaido1443,0.5,2,1881,80,14421,39.81582558339606,0.022727272727077162,0.08317781924789823
E1,q2_x3_bottleneckliteask_cas-multistream_seed777,cas-multistream,placebo,777,1120,na,hokkaido_iburi_tobu,Hokkaido1444,0.5,0,1977,39,14368,65.29776712660463,0.0,0.0
E1,q2_x3_bottleneckliteask_cas-multistream_seed777,cas-multistream,placebo,777,1120,na,hokkaido_iburi_tobu,Hokkaido1445,0.5,9,3455,76,12844,48.9836087454119,0.0,0.0
E1,q2_x3_bottleneckliteask_cas-multistream_seed777,cas-multistream,placebo,777,1120,na,hokkaido_iburi_tobu,Hokkaido1446,0.5,0,4016,169,12199,69.11040967163393,0.0,0.0
E1,q2_x3_bottleneckliteask_cas-multistream_seed777,cas-multistream,placebo,777,1120,na,hokkaido_iburi_tobu,Hokkaido1447,0.5,0,2307,224,13853,78.18311800567841,0.0,0.0
E1,q2_x3_bottleneckliteask_cas-multistream_seed777,cas-multistream,placebo,777,1120,na,hokkaido_iburi_tobu,Hokkaido1448,0.5,180,3389,52,12763,62.38108489980577,0.0620842572058584,0.11361791916863785
E1,q2_x3_bottleneckliteask_cas-multistream_seed777,cas-multistream,placebo,777,1120,na,hokkaido_iburi_tobu,Hokkaido1449,0.5,0,135,154,16095,62.62964909386809,0.0,0.0
E1,q2_x3_bottleneckliteask_cas-multistream_seed777,cas-multistream,placebo,777,1120,na,hokkaido_iburi_tobu,Hokkaido1450,0.5,0,2589,95,13700,67.89686328710391,0.0,0.0
E1,q2_x3_bottleneckliteask_cas-multistream_seed777,cas-multistream,placebo,777,1120,na,hokkaido_iburi_tobu,Hokkaido1451,0.5,131,3260,20,12973,30.484418681925455,0.0,0.0
E1,q2_x3_bottleneckliteask_cas-multistream_seed777,cas-multistream,placebo,777,1120,na,hokkaido_iburi_tobu,Hokkaido1452,0.5,0,3383,118,12883,91.9314044653036,0.0,0.0
E1,q2_x3_bottleneckliteask_cas-multistream_seed777,cas-multistream,placebo,777,1120,na,hokkaido_iburi_tobu,Hokkaido1453,0.5,0,2650,43,13691,57.767614968758735,0.007092198581459559,0.00739827373610388
E1,q2_x3_bottleneckliteask_cas-multistream_seed777,cas-multistream,placebo,777,1120,na,hokkaido_iburi_tobu,Hokkaido1454,0.5,0,1336,43,15005,67.53255570332216,0.0,0.0
E1,q2_x3_bottleneckliteask_cas-multistream_seed777,cas-multistream,placebo,777,1120,na,hokkaido_iburi_tobu,Hokkaido1455,0.5,0,611,65,15708,105.71895319886761,0.0,0.0
E1,q2_x3_bottleneckliteask_cas-multistream_seed777,cas-multistream,placebo,777,1120,na,hokkaido_iburi_tobu,Hokkaido1456,0.5,70,4248,0,12066,70.29181648763006,0.07163850110196578,0.1285386381023193
E1,q2_x3_bottleneckliteask_cas-multistream_seed777,cas-multistream,placebo,777,1120,na,hokkaido_iburi_tobu,Hokkaido1460,0.5,0,3004,277,13103,78.59071056725847,0.0,0.0
E1,q2_x3_bottleneckliteask_cas-multistream_seed777,cas-multistream,placebo,777,1120,na,hokkaido_iburi_tobu,Hokkaido1461,0.5,222,2497,294,13371,48.16627665269537,0.07533703409953427,0.14022363251696573
E1,q2_x3_bottleneckliteask_cas-multistream_seed777,cas-multistream,placebo,777,1120,na,hokkaido_iburi_tobu,Hokkaido1462,0.5,0,2211,339,13834,58.64280560392326,0.0,0.0
E1,q2_x3_bottleneckliteask_cas-multistream_seed777,cas-multistream,placebo,777,1120,na,hokkaido_iburi_tobu,Hokkaido1463,0.5,0,1933,100,14351,95.38603335613787,0.0,0.0
E1,q2_x3_bottleneckliteask_cas-multistream_seed777,cas-multistream,placebo,777,1120,na,hokkaido_iburi_tobu,Hokkaido1464,0.5,0,0,65,16319,181.01933598375618,0.0,0.0
E1,q2_x3_bottleneckliteask_cas-multistream_seed777,cas-multistream,placebo,777,1120,na,hokkaido_iburi_tobu,Hokkaido1465,0.5,67,83,3,16231,9.899494936611665,0.6470588235289442,0.7692307692302958
E1,q2_x3_bottleneckliteask_cas-multistream_seed777,cas-multistream,placebo,777,1120,na,hokkaido_iburi_tobu,Hokkaido1467,0.5,0,3321,277,12786,94.1604581735602,0.0,0.0
E1,q2_x3_bottleneckliteask_cas-multistream_seed777,cas-multistream,placebo,777,1120,na,hokkaido_iburi_tobu,Hokkaido1468,0.5,314,3071,171,12828,50.445920552440036,0.0944633954338869,0.17589175891721842
E1,q2_x3_bottleneckliteask_cas-multistream_seed777,cas-multistream,placebo,777,1120,na,hokkaido_iburi_tobu,Hokkaido1469,0.5,0,2298,208,13878,74.36362448305478,0.0,0.0
E1,q2_x3_bottleneckliteask_cas-multistream_seed777,cas-multistream,placebo,777,1120,na,hokkaido_iburi_tobu,Hokkaido1471,0.5,0,2578,140,13666,84.67376512309004,0.0,0.0
E1,q2_x3_bottleneckliteask_cas-multistream_seed777,cas-multistream,placebo,777,1120,na,hokkaido_iburi_tobu,Hokkaido1472,0.5,17,4855,158,11354,66.81302000326191,0.0,0.0
E1,q2_x3_bottleneckliteask_cas-multistream_seed777,cas-multistream,placebo,777,1120,na,hokkaido_iburi_tobu,Hokkaido1473,0.5,0,4162,84,12138,84.20748145723714,0.0,0.0
E1,q2_x3_bottleneckliteask_cas-multistream_seed777,cas-multistream,placebo,777,1120,na,hokkaido_iburi_tobu,Hokkaido1474,0.5,0,3712,23,12649,89.73731179650908,0.0,0.0
E1,q2_x3_bottleneckliteask_cas-multistream_seed777,cas-multistream,placebo,777,1120,na,hokkaido_iburi_tobu,Hokkaido1475,0.5,0,2613,23,13748,95.44881749898714,0.0,0.0
E1,q2_x3_bottleneckliteask_cas-multistream_seed777,cas-multistream,placebo,777,1120,na,hokkaido_iburi_tobu,Hokkaido1481,0.5,0,1543,154,14687,54.66625905892866,0.0,0.0
E1,q2_x3_bottleneckliteask_cas-multistream_seed777,cas-multistream,placebo,777,1120,na,hokkaido_iburi_tobu,Hokkaido1482,0.5,226,726,107,15325,28.583066796690478,0.19861328561793584,0.303072211794423
E1,q2_x3_bottleneckliteask_cas-multistream_seed777,cas-multistream,placebo,777,1120,na,hokkaido_iburi_tobu,Hokkaido1483,0.5,0,3321,263,12800,50.9843082536338,0.0,0.0
E1,q2_x3_bottleneckliteask_cas-multistream_seed777,cas-multistream,placebo,777,1120,na,hokkaido_iburi_tobu,Hokkaido1484,0.5,49,3541,35,12759,53.075418038862395,0.06425012884362864,0.092613564867021
E1,q2_x3_bottleneckliteask_cas-multistream_seed777,cas-multistream,placebo,777,1120,na,hokkaido_iburi_tobu,Hokkaido1485,0.5,22,3809,1,12552,62.34980989093546,0.03370786516838499,0.06936416184960206
E1,q2_x3_bottleneckliteask_cas-multistream_seed777,cas-multistream,placebo,777,1120,na,hokkaido_iburi_tobu,Hokkaido1486,0.5,20,2851,3,13510,67.1863081289633,0.07656441717780325,0.1019681349577129
E1,q2_x3_bottleneckliteask_cas-multistream_seed777,cas-multistream,placebo,777,1120,na,hokkaido_iburi_tobu,Hokkaido1487,0.5,0,3983,82,12319,71.86480323803687,0.0,0.03196347031939826
E1,q2_x3_bottleneckliteask_cas-multistream_seed777,cas-multistream,placebo,777,1120,na,hokkaido_iburi_tobu,Hokkaido1488,0.5,85,3150,64,13085,45.425616591889785,0.0,0.03952569169913102
E1,q2_x3_bottleneckliteask_cas-multistream_seed777,cas-multistream,placebo,777,1120,na,hokkaido_iburi_tobu,Hokkaido1489,0.5,56,3542,187,12599,53.322085997899144,0.08824093612079063,0.1806722689070992
E1,q2_x3_bottleneckliteask_cas-multistream_seed777,cas-multistream,placebo,777,1120,na,hokkaido_iburi_tobu,Hokkaido1490,0.5,25,1196,245,14918,32.56224731948099,0.05586592178720975,0.10892933925706057
E1,q2_x3_bottleneckliteask_cas-multistream_seed777,cas-multistream,placebo,777,1120,na,hokkaido_iburi_tobu,Hokkaido1492,0.5,0,817,135,15432,84.50798736570069,0.0,0.0
E1,q2_x3_bottleneckliteask_cas-multistream_seed777,cas-multistream,placebo,777,1120,na,hokkaido_iburi_tobu,Hokkaido1493,0.5,47,1851,260,14226,37.501817268603766,0.12375690607685645,0.2081743440457899
E1,q2_x3_bottleneckliteask_cas-multistream_seed777,cas-multistream,placebo,777,1120,na,hokkaido_iburi_tobu,Hokkaido1494,0.5,0,1935,378,14071,69.21270464890361,0.0,0.0
E1,q2_x3_bottleneckliteask_cas-multistream_seed777,cas-multistream,placebo,777,1120,na,hokkaido_iburi_tobu,Hokkaido1495,0.5,0,1851,238,14295,67.92383385840641,0.0,0.0
E1,q2_x3_bottleneckliteask_cas-multistream_seed777,cas-multistream,placebo,777,1120,na,hokkaido_iburi_tobu,Hokkaido1496,0.5,0,1828,51,14505,83.71571660924833,0.0,0.0
E1,q2_x3_bottleneckliteask_cas-multistream_seed777,cas-multistream,placebo,777,1120,na,hokkaido_iburi_tobu,Hokkaido1497,0.5,0,3314,143,12927,73.87487680713593,0.0,0.0
E1,q2_x3_bottleneckliteask_cas-multistream_seed777,cas-multistream,placebo,777,1120,na,hokkaido_iburi_tobu,Hokkaido1498,0.5,0,1964,124,14296,67.96800629304376,0.0,0.0
E1,q2_x3_bottleneckliteask_cas-multistream_seed777,cas-multistream,placebo,777,1120,na,hokkaido_iburi_tobu,Hokkaido1499,0.5,0,1872,79,14433,95.08931787286276,0.0,0.0
E1,q2_x3_bottleneckliteask_cas-multistream_seed777,cas-multistream,placebo,777,1120,na,hokkaido_iburi_tobu,Hokkaido1500,0.5,31,3483,115,12755,51.66236541235796,0.0,0.0048192771080352555
E1,q2_x3_bottleneckliteask_cas-multistream_seed777,cas-multistream,placebo,777,1120,na,hokkaido_iburi_tobu,Hokkaido1501,0.5,0,2926,291,13167,46.6250878377677,0.0,0.0
E1,q2_x3_bottleneckliteask_cas-multistream_seed777,cas-multistream,placebo,777,1120,na,hokkaido_iburi_tobu,Hokkaido1502,0.5,285,1938,130,14031,23.312884440516015,0.20182563070459617,0.2848726478574969
E1,q2_x3_bottleneckliteask_cas-multistream_seed777,cas-multistream,placebo,777,1120,na,hokkaido_iburi_tobu,Hokkaido1503,0.5,0,1235,208,14941,52.83275124982597,0.0,0.0
E1,q2_x3_bottleneckliteask_cas-multistream_seed777,cas-multistream,placebo,777,1120,na,hokkaido_iburi_tobu,Hokkaido1504,0.5,245,350,28,15761,42.982465574350584,0.4540404040399228,0.5579902160614875
E1,q2_x3_bottleneckliteask_cas-multistream_seed777,cas-multistream,placebo,777,1120,na,hokkaido_iburi_tobu,Hokkaido1506,0.5,0,2355,31,13998,79.65714900188853,0.0,0.0
E1,q2_x3_bottleneckliteask_cas-multistream_seed777,cas-multistream,placebo,777,1120,na,hokkaido_iburi_tobu,Hokkaido1507,0.5,150,2820,208,13206,33.13895541444083,0.036217303822490096,0.07243460764542772
E1,q2_x3_bottleneckliteask_cas-multistream_seed777,cas-multistream,placebo,777,1120,na,hokkaido_iburi_tobu,Hokkaido1508,0.5,35,2154,850,13345,48.41487374764082,0.06626579948410503,0.10172232554328589
E1,q2_x3_bottleneckliteask_cas-multistream_seed777,cas-multistream,placebo,777,1120,na,hokkaido_iburi_tobu,Hokkaido1509,0.5,205,2919,513,12747,35.08050275799361,0.08908702380025162,0.18302130406664013
E1,q2_x3_bottleneckliteask_cas-multistream_seed777,cas-multistream,placebo,777,1120,na,hokkaido_iburi_tobu,Hokkaido1510,0.5,135,3040,164,13045,41.31291011521113,0.08403699235979778,0.16750629722872423
E1,q2_x3_bottleneckliteask_cas-multistream_seed777,cas-multistream,placebo,777,1120,na,hokkaido_iburi_tobu,Hokkaido1511,0.5,135,2741,221,13287,52.20775100771534,0.0,0.03554301833518776
E1,q2_x3_bottleneckliteask_cas-multistream_seed777,cas-multistream,placebo,777,1120,na,hokkaido_iburi_tobu,Hokkaido1512,0.5,46,2678,171,13489,60.821048454606554,0.07947019867506303,0.16973125883977408
E1,q2_x3_bottleneckliteask_cas-multistream_seed777,cas-multistream,placebo,777,1120,na,hokkaido_iburi_tobu,Hokkaido1513,0.5,0,3013,37,13334,96.89685237405806,0.0,0.0
E1,q2_x3_bottleneckliteask_cas-multistream_seed777,cas-multistream,placebo,777,1120,na,hokkaido_iburi_tobu,Hokkaido1514,0.5,0,2152,37,14195,71.65611114559951,0.0,0.0
E1,q2_x3_bottleneckliteask_cas-multistream_seed777,cas-multistream,placebo,777,1120,na,hokkaido_iburi_tobu,Hokkaido1515,0.5,0,4512,127,11745,61.515769253381364,0.0,0.05352547606761164
E1,q2_x3_bottleneckliteask_cas-multistream_seed777,cas-multistream,placebo,777,1120,na,hokkaido_iburi_tobu,Hokkaido1516,0.5,0,2734,254,13396,58.98470611816583,0.0,0.0
E1,q2_x3_bottleneckliteask_cas-multistream_seed777,cas-multistream,placebo,777,1120,na,hokkaido_iburi_tobu,Hokkaido1517,0.5,0,2407,144,13833,82.7248065909618,0.0,0.0
E1,q2_x3_bottleneckliteask_cas-multistream_seed777,cas-multistream,placebo,777,1120,na,hokkaido_iburi_tobu,Hokkaido1518,0.5,76,2449,201,13658,69.6419413859206,0.14357546221051162,0.21347675440828398
E1,q2_x3_bottleneckliteask_cas-multistream_seed777,cas-multistream,placebo,777,1120,na,hokkaido_iburi_tobu,Hokkaido1519,0.5,11,1035,249,15089,45.28573976561687,0.09890355784252054,0.12358905681993132
E1,q2_x3_bottleneckliteask_cas-multistream_seed777,cas-multistream,placebo,777,1120,na,hokkaido_iburi_tobu,Hokkaido1521,0.5,15,2405,49,13915,62.94759542965849,0.0,0.0
E1,q2_x3_bottleneckliteask_cas-multistream_seed777,cas-multistream,placebo,777,1120,na,hokkaido_iburi_tobu,Hokkaido1522,0.5,16,989,744,14635,58.00517202945562,0.03655193420608601,0.05694612449944884
E1,q2_x3_bottleneckliteask_cas-multistream_seed777,cas-multistream,placebo,777,1120,na,hokkaido_iburi_tobu,Hokkaido1523,0.5,810,2475,506,12593,42.471402809954384,0.21606387975535404,0.35445544554414177
E1,q2_x3_bottleneckliteask_cas-multistream_seed777,cas-multistream,placebo,777,1120,na,hokkaido_iburi_tobu,Hokkaido1524,0.5,383,3794,544,11663,28.284271247461902,0.07339449541240588,0.18622225220926095
E1,q2_x3_bottleneckliteask_cas-multistream_seed777,cas-multistream,placebo,777,1120,na,hokkaido_iburi_tobu,Hokkaido1525,0.5,74,3221,368,12721,41.23105625617661,0.08733624454098472,0.16718266253819972
E1,q2_x3_bottleneckliteask_cas-multistream_seed777,cas-multistream,placebo,777,1120,na,hokkaido_iburi_tobu,Hokkaido1526,0.5,5,3868,229,12282,72.56980827742318,0.04695837780110894,0.07660325059809199
E1,q2_x3_bottleneckliteask_cas-multistream_seed777,cas-multistream,placebo,777,1120,na,hokkaido_iburi_tobu,Hokkaido1527,0.5,98,3611,16,12659,47.36399769649714,0.12625800548915808,0.19729179821761186
E1,q2_x3_bottleneckliteask_cas-multistream_seed777,cas-multistream,placebo,777,1120,na,hokkaido_iburi_tobu,Hokkaido1528,0.5,0,2361,37,13986,70.83073248708034,0.0,0.0
E1,q2_x3_bottleneckliteask_cas-multistream_seed777,cas-multistream,placebo,777,1120,na,hokkaido_iburi_tobu,Hokkaido1529,0.5,37,3964,0,12383,56.64538801735949,0.0,0.0
E1,q2_x3_bottleneckliteask_cas-multistream_seed777,cas-multistream,placebo,777,1120,na,hokkaido_iburi_tobu,Hokkaido1530,0.5,66,2627,33,13658,46.795248636079535,0.1902478017582767,0.2799855491326323
E1,q2_x3_bottleneckliteask_cas-multistream_seed777,cas-multistream,placebo,777,1120,na,hokkaido_iburi_tobu,Hokkaido1531,0.5,52,1352,47,14933,39.824615503479755,0.0479862896311153,0.12299741602024052
E1,q2_x3_bottleneckliteask_cas-multistream_seed777,cas-multistream,placebo,777,1120,na,hokkaido_iburi_tobu,Hokkaido1534,0.5,0,1620,33,14731,70.22179113215029,0.0,0.0
E1,q2_x3_bottleneckliteask_cas-multistream_seed777,cas-multistream,placebo,777,1120,na,hokkaido_iburi_tobu,Hokkaido1535,0.5,11,2420,159,13794,37.20179537991487,0.019339242545865408,0.08272313477093106
E1,q2_x3_bottleneckliteask_cas-multistream_seed777,cas-multistream,placebo,777,1120,na,hokkaido_iburi_tobu,Hokkaido1536,0.5,275,2812,410,12887,35.38078472925017,0.0912224651079633,0.16015266437942263
E1,q2_x3_bottleneckliteask_cas-multistream_seed777,cas-multistream,placebo,777,1120,na,hokkaido_iburi_tobu,Hokkaido1537,0.5,451,3914,390,11629,34.20526275297414,0.17154763282740063,0.3214100414315376
E1,q2_x3_bottleneckliteask_cas-multistream_seed777,cas-multistream,placebo,777,1120,na,hokkaido_iburi_tobu,Hokkaido1538,0.5,115,3687,434,12148,32.78907341473335,0.13623978201585074,0.2346831316084388
E1,q2_x3_bottleneckliteask_cas-multistream_seed777,cas-multistream,placebo,777,1120,na,hokkaido_iburi_tobu,Hokkaido1539,0.5,26,2656,230,13472,67.14309274799896,0.08149405772449218,0.10060142154135042
E1,q2_x3_bottleneckliteask_cas-multistream_seed777,cas-multistream,placebo,777,1120,na,hokkaido_iburi_tobu,Hokkaido1540,0.5,0,2614,21,13749,110.13985148032734,0.0,0.0
E1,q2_x3_bottleneckliteask_cas-multistream_seed777,cas-multistream,placebo,777,1120,na,hokkaido_iburi_tobu,Hokkaido1541,0.5,0,2392,21,13971,96.27355900795322,0.0,0.0
E1,q2_x3_bottleneckliteask_cas-multistream_seed777,cas-multistream,placebo,777,1120,na,hokkaido_iburi_tobu,Hokkaido1542,0.5,0,1263,35,15086,92.12055286862835,0.0,0.0
E1,q2_x3_bottleneckliteask_cas-multistream_seed777,cas-multistream,placebo,777,1120,na,hokkaido_iburi_tobu,Hokkaido1543,0.5,0,1050,35,15299,80.54868005410505,0.0,0.0
E1,q2_x3_bottleneckliteask_cas-multistream_seed777,cas-multistream,placebo,777,1120,na,hokkaido_iburi_tobu,Hokkaido1544,0.5,0,0,27,16357,181.01933598375618,0.0,0.0
E1,q2_x3_bottleneckliteask_cas-multistream_seed777,cas-multistream,placebo,777,1120,na,hokkaido_iburi_tobu,Hokkaido1545,0.5,44,2158,255,13927,48.0373977877525,0.08212560386425113,0.12419439122059378
E1,q2_x3_bottleneckliteask_cas-multistream_seed777,cas-multistream,placebo,777,1120,na,hokkaido_iburi_tobu,Hokkaido1546,0.5,24,1978,248,14134,57.32058435051922,0.08473080317693457,0.10682492581557045
E1,q2_x3_bottleneckliteask_cas-multistream_seed777,cas-multistream,placebo,777,1120,na,hokkaido_iburi_tobu,Hokkaido1547,0.5,0,1347,18,15019,62.285228017127054,0.0,0.0
E1,q2_x3_bottleneckliteask_cas-multistream_seed777,cas-multistream,placebo,777,1120,na,hokkaido_iburi_tobu,Hokkaido1548,0.5,2,3039,105,13238,72.88757956372456,0.041075794620704556,0.06431852986177941
E1,q2_x3_bottleneckliteask_cas-multistream_seed777,cas-multistream,placebo,777,1120,na,hokkaido_iburi_tobu,Hokkaido1549,0.5,0,2858,211,13315,57.15066937032663,0.0,0.0
E1,q2_x3_bottleneckliteask_cas-multistream_seed777,cas-multistream,placebo,777,1120,na,hokkaido_iburi_tobu,Hokkaido1550,0.5,15,2375,454,13540,52.251749413582644,0.01931745009608731,0.037926675094334915
E1,q2_x3_bottleneckliteask_cas-multistream_seed777,cas-multistream,placebo,777,1120,na,hokkaido_iburi_tobu,Hokkaido1551,0.5,217,3706,292,12169,50.20904216207093,0.021149101162760593,0.04201480066802265
E1,q2_x3_bottleneckliteask_cas-multistream_seed777,cas-multistream,placebo,777,1120,na,hokkaido_iburi_tobu,Hokkaido1552,0.5,18,2417,144,13805,59.135091375348765,0.06894722885137348,0.09755134281159544
E1,q2_x3_bottleneckliteask_cas-multistream_seed777,cas-multistream,placebo,777,1120,na,hokkaido_iburi_tobu,Hokkaido1554,0.5,37,700,297,15350,49.533810536915055,0.04851004850960315,0.1141552511411209
E1,q2_x3_bottleneckliteask_cas-multistream_seed777,cas-multistream,placebo,777,1120,na,hokkaido_iburi_tobu,Hokkaido1555,0.5,0,618,272,15494,54.4049321122585,0.0,0.0
E1,q2_x3_bottleneckliteask_cas-multistream_seed777,cas-multistream,placebo,777,1120,na,hokkaido_iburi_tobu,Hokkaido1556,0.5,0,2053,21,14310,61.998383111597846,0.0,0.0
E1,q2_x3_bottleneckliteask_cas-multistream_seed777,cas-multistream,placebo,777,1120,na,hokkaido_iburi_tobu,Hokkaido1557,0.5,15,2476,300,13593,42.47820388005301,0.026119402984574654,0.03403141361210842
E1,q2_x3_bottleneckliteask_cas-multistream_seed777,cas-multistream,placebo,777,1120,na,hokkaido_iburi_tobu,Hokkaido1558,0.5,435,2532,430,12987,60.20506031115657,0.15956785862167683,0.2482316325563548
E1,q2_x3_bottleneckliteask_cas-multistream_seed777,cas-multistream,placebo,777,1120,na,hokkaido_iburi_tobu,Hokkaido1559,0.5,247,3277,424,12436,34.38889723665086,0.1166306695459374,0.18398013850727485
E1,q2_x3_bottleneckliteask_cas-multistream_seed777,cas-multistream,placebo,777,1120,na,hokkaido_iburi_tobu,Hokkaido1560,0.5,0,3250,100,13034,77.90314378115075,0.0,0.0
E1,q2_x3_bottleneckliteask_cas-multistream_seed777,cas-multistream,placebo,777,1120,na,hokkaido_iburi_tobu,Hokkaido1562,0.5,0,506,35,15843,75.41816518563895,0.0,0.0
E1,q2_x3_bottleneckliteask_cas-multistream_seed777,cas-multistream,placebo,777,1120,na,hokkaido_iburi_tobu,Hokkaido1563,0.5,0,1978,27,14379,68.0,0.0,0.0
E1,q2_x3_bottleneckliteask_cas-multistream_seed777,cas-multistream,placebo,777,1120,na,hokkaido_iburi_tobu,Hokkaido1564,0.5,12,2303,267,13802,55.18990803061584,0.0,0.009501187647984835
E1,q2_x3_bottleneckliteask_cas-multistream_seed777,cas-multistream,placebo,777,1120,na,hokkaido_iburi_tobu,Hokkaido1565,0.5,0,1395,516,14473,64.19189836264012,0.0,0.0
E1,q2_x3_bottleneckliteask_cas-multistream_seed777,cas-multistream,placebo,777,1120,na,hokkaido_iburi_tobu,Hokkaido1566,0.5,1,3086,290,13007,40.71547582577731,0.04016064256979217,0.08100775193750856
E1,q2_x3_bottleneckliteask_cas-multistream_seed777,cas-multistream,placebo,777,1120,na,hokkaido_iburi_tobu,Hokkaido1567,0.5,0,1697,27,14660,65.0768096208106,0.0,0.0
E1,q2_x3_bottleneckliteask_cas-multistream_seed777,cas-multistream,placebo,777,1120,na,hokkaido_iburi_tobu,Hokkaido1570,0.5,0,925,27,15432,49.76393692847838,0.0,0.0
E1,q2_x3_bottleneckliteask_cas-multistream_seed777,cas-multistream,placebo,777,1120,na,hokkaido_iburi_tobu,Hokkaido1571,0.5,0,563,27,15794,65.79513659838392,0.0,0.0
E1,q2_x3_bottleneckliteask_cas-multistream_seed777,cas-multistream,placebo,777,1120,na,lombok,Lombok003,0.5,43,10696,7,5638,61.06881318385541,0.029813664596158966,0.08244807356886866
E1,q2_x3_bottleneckliteask_cas-multistream_seed777,cas-multistream,placebo,777,1120,na,lombok,Lombok005,0.5,50,7391,0,8943,30.737293365890093,0.0,0.010810810810646861
E1,q2_x3_bottleneckliteask_cas-multistream_seed777,cas-multistream,placebo,777,1120,na,lombok,Lombok006,0.5,50,7123,9,9202,38.28707333613889,0.009677419354430743,0.10124141255843727
E1,q2_x3_bottleneckliteask_cas-multistream_seed777,cas-multistream,placebo,777,1120,na,lombok,Lombok009,0.5,88,2926,35,13335,92.00543462209176,0.004228329809344412,0.02162162162116909
E1,q2_x3_bottleneckliteask_cas-multistream_seed777,cas-multistream,placebo,777,1120,na,lombok,Lombok010,0.5,0,632,40,15712,102.96333842260839,0.0,0.0
E1,q2_x3_bottleneckliteask_cas-multistream_seed777,cas-multistream,placebo,777,1120,na,lombok,Lombok013,0.5,65,661,37,15621,95.22666887655346,0.207011686143075,0.28179909382202856
E1,q2_x3_bottleneckliteask_cas-multistream_seed777,cas-multistream,placebo,777,1120,na,lombok,Lombok014,0.5,0,162,33,16189,92.40554769798295,0.0,0.0
E1,q2_x3_bottleneckliteask_cas-multistream_seed777,cas-multistream,placebo,777,1120,na,lombok,Lombok016,0.5,58,902,88,15336,16.76305461424021,0.22579453067209965,0.46290801186894254
E1,q2_x3_bottleneckliteask_cas-multistream_seed777,cas-multistream,placebo,777,1120,na,lombok,Lombok017,0.5,90,1819,6,14469,27.060107599074474,0.11416973233498429,0.2757648079839436
E1,q2_x3_bottleneckliteask_cas-multistream_seed777,cas-multistream,placebo,777,1120,na,lombok,Lombok029,0.5,60,1353,33,14938,21.16113051602511,0.21961266523170042,0.3478260869561153
E1,q2_x3_bottleneckliteask_cas-multistream_seed777,cas-multistream,placebo,777,1120,na,lombok,Lombok030,0.5,74,1687,4,14619,127.1278883188028,0.09979035639372855,0.13085676037441252
E1,q2_x3_bottleneckliteask_cas-multistream_seed777,cas-multistream,placebo,777,1120,na,lombok,Lombok033,0.5,0,0,61,16323,181.01933598375618,0.0,0.0
E1,q2_x3_bottleneckliteask_cas-multistream_seed777,cas-multistream,placebo,777,1120,na,lombok,Lombok034,0.5,0,0,306,16078,181.01933598375618,0.0,0.0
E1,q2_x3_bottleneckliteask_cas-multistream_seed777,cas-multistream,placebo,777,1120,na,lombok,Lombok035,0.5,147,584,99,15554,29.98457797530431,0.28317189599994513,0.494883571025272
E1,q2_x3_bottleneckliteask_cas-multistream_seed777,cas-multistream,placebo,777,1120,na,lombok,Lombok036,0.5,17,260,57,16050,60.438811791192634,0.14227642276382946,0.1650868878353439
E1,q2_x3_bottleneckliteask_cas-multistream_seed777,cas-multistream,placebo,777,1120,na,lombok,Lombok037,0.5,96,80,68,16140,47.44802886970495,0.6467948175116255,0.7477477477472796
E1,q2_x3_bottleneckliteask_cas-multistream_seed777,cas-multistream,placebo,777,1120,na,lombok,Lombok038,0.5,0,14,182,16188,68.20371696363205,0.0,0.0
E1,q2_x3_bottleneckliteask_cas-multistream_seed777,cas-multistream,placebo,777,1120,na,lombok,Lombok039,0.5,36,186,273,15889,67.98398360329948,0.09099598547094531,0.1624799572418803
E1,q2_x3_bottleneckliteask_cas-multistream_seed777,cas-multistream,placebo,777,1120,na,lombok,Lombok040,0.5,0,0,257,16127,181.01933598375618,0.0,0.0
E1,q2_x3_bottleneckliteask_cas-multistream_seed777,cas-multistream,placebo,777,1120,na,lombok,Lombok041,0.5,122,362,206,15694,45.08479044038785,0.40122075279705927,0.5079092269004255
E1,q2_x3_bottleneckliteask_cas-multistream_seed777,cas-multistream,placebo,777,1120,na,lombok,Lombok042,0.5,0,0,288,16096,181.01933598375618,0.0,0.0
E1,q2_x3_bottleneckliteask_cas-multistream_seed777,cas-multistream,placebo,777,1120,na,lombok,Lombok043,0.5,0,725,22,15637,50.393580636861365,0.0,0.0
E1,q2_x3_bottleneckliteask_cas-multistream_seed777,cas-multistream,placebo,777,1120,na,lombok,Lombok044,0.5,6,507,125,15746,26.92582403567252,0.06138107416835408,0.11904761904719162
E1,q2_x3_bottleneckliteask_cas-multistream_seed777,cas-multistream,placebo,777,1120,na,lombok,Lombok045,0.5,78,883,403,15020,35.174409563951,0.22132139142934484,0.32453306918135233
E1,q2_x3_bottleneckliteask_cas-multistream_seed777,cas-multistream,placebo,777,1120,na,lombok,Lombok046,0.5,94,523,279,15488,24.012494579357178,0.3505027905485129,0.4609362077516175
E1,q2_x3_bottleneckliteask_cas-multistream_seed777,cas-multistream,placebo,777,1120,na,lombok,Lombok047,0.5,0,0,17,16367,181.01933598375618,0.0,0.0
E1,q2_x3_bottleneckliteask_cas-multistream_seed777,cas-multistream,placebo,777,1120,na,lombok,Lombok048,0.5,0,0,85,16299,181.01933598375618,0.0,0.0
E1,q2_x3_bottleneckliteask_cas-multistream_seed777,cas-multistream,placebo,777,1120,na,lombok,Lombok049,0.5,0,0,92,16292,181.01933598375618,0.0,0.0
E1,q2_x3_bottleneckliteask_cas-multistream_seed777,cas-multistream,placebo,777,1120,na,lombok,Lombok050,0.5,0,0,59,16325,181.01933598375618,0.0,0.0
E1,q2_x3_bottleneckliteask_cas-multistream_seed777,cas-multistream,placebo,777,1120,na,lombok,Lombok051,0.5,0,0,82,16302,181.01933598375618,0.0,0.0
E1,q2_x3_bottleneckliteask_cas-multistream_seed777,cas-multistream,placebo,777,1120,na,lombok,Lombok052,0.5,0,797,78,15509,62.63085540588272,0.0,0.0
E1,q2_x3_bottleneckliteask_cas-multistream_seed777,cas-multistream,placebo,777,1120,na,lombok,Lombok053,0.5,0,409,41,15934,67.497503093142,0.0,0.0
E1,q2_x3_bottleneckliteask_cas-multistream_seed777,cas-multistream,placebo,777,1120,na,lombok,Lombok055,0.5,30,140,132,16082,42.67078279213762,0.22501545435764625,0.26937466595353565
E1,q2_x3_bottleneckliteask_cas-multistream_seed777,cas-multistream,placebo,777,1120,na,lombok,Lombok056,0.5,0,176,307,15901,78.6446601629571,0.0,0.0
E1,q2_x3_bottleneckliteask_cas-multistream_seed777,cas-multistream,placebo,777,1120,na,lombok,Lombok057,0.5,259,258,225,15642,48.32799362580953,0.47929531989549096,0.666373368528636
E1,q2_x3_bottleneckliteask_cas-multistream_seed777,cas-multistream,placebo,777,1120,na,lombok,Lombok058,0.5,0,129,298,15957,90.05830926442394,0.0,0.0
E1,q2_x3_bottleneckliteask_cas-multistream_seed777,cas-multistream,placebo,777,1120,na,lombok,Lombok059,0.5,0,267,255,15862,52.63411241962599,0.0,0.0
E1,q2_x3_bottleneckliteask_cas-multistream_seed777,cas-multistream,placebo,777,1120,na,lombok,Lombok060,0.5,0,1127,223,15034,101.10929134229049,0.0,0.0
E1,q2_x3_bottleneckliteask_cas-multistream_seed777,cas-multistream,placebo,777,1120,na,lombok,Lombok061,0.5,0,0,63,16321,181.01933598375618,0.0,0.0
E1,q2_x3_bottleneckliteask_cas-multistream_seed777,cas-multistream,placebo,777,1120,na,lombok,Lombok062,0.5,0,214,100,16070,124.05571420010256,0.0,0.0
E1,q2_x3_bottleneckliteask_cas-multistream_seed777,cas-multistream,placebo,777,1120,na,lombok,Lombok063,0.5,6,803,241,15334,106.0014150628553,0.07547746371232422,0.14424816889225128
E1,q2_x3_bottleneckliteask_cas-multistream_seed777,cas-multistream,placebo,777,1120,na,lombok,Lombok064,0.5,121,1113,740,14410,40.06284182174319,0.24740598268926497,0.4081635953452785
E1,q2_x3_bottleneckliteask_cas-multistream_seed777,cas-multistream,placebo,777,1120,na,lombok,Lombok065,0.5,41,51,617,15675,60.29012564344895,0.19513207742979563,0.3091853035140436
E1,q2_x3_bottleneckliteask_cas-multistream_seed777,cas-multistream,placebo,777,1120,na,lombok,Lombok066,0.5,0,109,117,16158,100.48819190372369,0.0,0.0
E1,q2_x3_bottleneckliteask_cas-multistream_seed777,cas-multistream,placebo,777,1120,na,lombok,Lombok067,0.5,77,38,364,15905,100.10863477231854,0.29120154415282046,0.2944234101261092
E1,q2_x3_bottleneckliteask_cas-multistream_seed777,cas-multistream,placebo,777,1120,na,lombok,Lombok068,0.5,56,13,522,15793,110.20611128430329,0.17253521126744797,0.1947826086954763
E1,q2_x3_bottleneckliteask_cas-multistream_seed777,cas-multistream,placebo,777,1120,na,lombok,Lombok069,0.5,0,0,511,15873,181.01933598375618,0.0,0.0
E1,q2_x3_bottleneckliteask_cas-multistream_seed777,cas-multistream,placebo,777,1120,na,lombok,Lombok070,0.5,10,0,305,16069,105.27308677933189,0.11650485436882231,0.16981132075456157
E1,q2_x3_bottleneckliteask_cas-multistream_seed777,cas-multistream,placebo,777,1120,na,lombok,Lombok076,0.5,0,1029,289,15066,38.27531841800928,0.0,0.0
E1,q2_x3_bottleneckliteask_cas-multistream_seed777,cas-multistream,placebo,777,1120,na,lombok,Lombok077,0.5,0,563,157,15664,63.7691086301265,0.0,0.0
E1,q2_x3_bottleneckliteask_cas-multistream_seed777,cas-multistream,placebo,777,1120,na,lombok,Lombok078,0.5,0,0,114,16270,181.01933598375618,0.0,0.0
E1,q2_x3_bottleneckliteask_cas-multistream_seed777,cas-multistream,placebo,777,1120,na,lombok,Lombok079,0.5,1,110,146,16127,77.80038438521488,0.04535147392256189,0.10752688172004718
E1,q2_x3_bottleneckliteask_cas-multistream_seed777,cas-multistream,placebo,777,1120,na,lombok,Lombok080,0.5,0,77,126,16181,119.90725352910826,0.0,0.0
E1,q2_x3_bottleneckliteask_cas-multistream_seed777,cas-multistream,placebo,777,1120,na,lombok,Lombok081,0.5,22,996,113,15253,63.67300809491836,0.042011457669891034,0.10591514400696325
E1,q2_x3_bottleneckliteask_cas-multistream_seed777,cas-multistream,placebo,777,1120,na,lombok,Lombok082,0.5,94,839,491,14960,74.0767557690788,0.10762795912167736,0.17038496352658183
E1,q2_x3_bottleneckliteask_cas-multistream_seed777,cas-multistream,placebo,777,1120,na,lombok,Lombok083,0.5,126,591,697,14970,59.44739641752437,0.28232999684474136,0.3450980392152679
E1,q2_x3_bottleneckliteask_cas-multistream_seed777,cas-multistream,placebo,777,1120,na,lombok,Lombok084,0.5,0,1131,305,14948,55.83143404450231,0.0,0.0
E1,q2_x3_bottleneckliteask_cas-multistream_seed777,cas-multistream,placebo,777,1120,na,lombok,Lombok085,0.5,0,948,43,15393,89.43852450539504,0.0,0.0
E1,q2_x3_bottleneckliteask_cas-multistream_seed777,cas-multistream,placebo,777,1120,na,lombok,Lombok092,0.5,0,103,19,16262,72.99212445116406,0.0,0.0
E1,q2_x3_bottleneckliteask_cas-multistream_seed777,cas-multistream,placebo,777,1120,na,lombok,Lombok093,0.5,47,82,258,15997,41.94292843876235,0.2463966502935087,0.34189682484972655
E1,q2_x3_bottleneckliteask_cas-multistream_seed777,cas-multistream,placebo,777,1120,na,lombok,Lombok094,0.5,29,1,667,15687,96.26707156186029,0.09239940387472559,0.1422351233670667
E1,q2_x3_bottleneckliteask_cas-multistream_seed777,cas-multistream,placebo,777,1120,na,lombok,Lombok095,0.5,335,96,1170,14783,74.51836678956712,0.3963618464067088,0.4648711943790343
E1,q2_x3_bottleneckliteask_cas-multistream_seed777,cas-multistream,placebo,777,1120,na,lombok,Lombok096,0.5,102,31,1724,14527,87.84787569871723,0.1489361702126281,0.1885482938112809
E1,q2_x3_bottleneckliteask_cas-multistream_seed777,cas-multistream,placebo,777,1120,na,lombok,Lombok097,0.5,120,28,1097,15139,65.1690069758179,0.2733877162817243,0.3569277108430802
E1,q2_x3_bottleneckliteask_cas-multistream_seed777,cas-multistream,placebo,777,1120,na,lombok,Lombok098,0.5,28,3,546,15807,91.99937917972375,0.090415913200637,0.13427561837443303
E1,q2_x3_bottleneckliteask_cas-multistream_seed777,cas-multistream,placebo,777,1120,na,lombok,Lombok099,0.5,0,0,81,16303,181.01933598375618,0.0,0.0
E1,q2_x3_bottleneckliteask_cas-multistream_seed777,cas-multistream,placebo,777,1120,na,lombok,Lombok100,0.5,39,106,21,16218,97.98158240339406,0.40291970802870714,0.7093318297147525
E1,q2_x3_bottleneckliteask_cas-multistream_seed777,cas-multistream,placebo,777,1120,na,lombok,Lombok101,0.5,31,189,100,16064,59.7297429243893,0.23963133640503081,0.34423313722758536
E1,q2_x3_bottleneckliteask_cas-multistream_seed777,cas-multistream,placebo,777,1120,na,lombok,Lombok102,0.5,0,0,125,16259,181.01933598375618,0.0,0.0
E1,q2_x3_bottleneckliteask_cas-multistream_seed777,cas-multistream,placebo,777,1120,na,lombok,Lombok103,0.5,0,1018,79,15287,72.53101007729003,0.0,0.0
E1,q2_x3_bottleneckliteask_cas-multistream_seed777,cas-multistream,placebo,777,1120,na,lombok,Lombok104,0.5,0,1491,101,14792,86.6121618905801,0.0,0.0
E1,q2_x3_bottleneckliteask_cas-multistream_seed777,cas-multistream,placebo,777,1120,na,lombok,Lombok105,0.5,16,2317,90,13961,95.29424401811492,0.0,0.0
E1,q2_x3_bottleneckliteask_cas-multistream_seed777,cas-multistream,placebo,777,1120,na,lombok,Lombok106,0.5,136,5746,129,10373,32.35709402475998,0.16243987041419683,0.2354937068704416
E1,q2_x3_bottleneckliteask_cas-multistream_seed777,cas-multistream,placebo,777,1120,na,lombok,Lombok107,0.5,189,5237,601,10357,41.7630217025575,0.11574324165580023,0.23818007400252156
E1,q2_x3_bottleneckliteask_cas-multistream_seed777,cas-multistream,placebo,777,1120,na,lombok,Lombok108,0.5,35,1474,543,14332,54.41874611820831,0.035552044242178144,0.1157184185146563
E1,q2_x3_bottleneckliteask_cas-multistream_seed777,cas-multistream,placebo,777,1120,na,lombok,Lombok109,0.5,0,708,19,15657,74.5531011511867,0.0,0.0
E1,q2_x3_bottleneckliteask_cas-multistream_seed777,cas-multistream,placebo,777,1120,na,lombok,Lombok110,0.5,0,1180,54,15150,76.85017890668286,0.0,0.0
E1,q2_x3_bottleneckliteask_cas-multistream_seed777,cas-multistream,placebo,777,1120,na,lombok,Lombok111,0.5,0,1365,54,14965,50.5509079729692,0.0,0.0
E1,q2_x3_bottleneckliteask_cas-multistream_seed777,cas-multistream,placebo,777,1120,na,lombok,Lombok112,0.5,0,1822,87,14475,68.89121248546276,0.0,0.0
E1,q2_x3_bottleneckliteask_cas-multistream_seed777,cas-multistream,placebo,777,1120,na,lombok,Lombok113,0.5,72,1037,116,15159,36.01041465805366,0.011661807579675443,0.1276755538861245
E1,q2_x3_bottleneckliteask_cas-multistream_seed777,cas-multistream,placebo,777,1120,na,lombok,Lombok114,0.5,14,1303,87,14980,54.03053952159264,0.0,0.0
E1,q2_x3_bottleneckliteask_cas-multistream_seed777,cas-multistream,placebo,777,1120,na,lombok,Lombok115,0.5,0,994,220,15170,59.99708191412914,0.0,0.0
E1,q2_x3_bottleneckliteask_cas-multistream_seed777,cas-multistream,placebo,777,1120,na,lombok,Lombok116,0.5,168,1802,586,13828,39.698866482558415,0.1438664097619153,0.233328743861114
E1,q2_x3_bottleneckliteask_cas-multistream_seed777,cas-multistream,placebo,777,1120,na,lombok,Lombok117,0.5,242,1234,490,14418,50.91953893448106,0.0700466977981114,0.10956164231302318
E1,q2_x3_bottleneckliteask_cas-multistream_seed777,cas-multistream,placebo,777,1120,na,lombok,Lombok119,0.5,0,0,183,16201,181.01933598375618,0.0,0.0
E1,q2_x3_bottleneckliteask_cas-multistream_seed777,cas-multistream,placebo,777,1120,na,lombok,Lombok120,0.5,0,0,140,16244,181.01933598375618,0.0,0.0
E1,q2_x3_bottleneckliteask_cas-multistream_seed777,cas-multistream,placebo,777,1120,na,lombok,Lombok121,0.5,0,4,19,16361,88.23486610166333,0.0,0.0
E1,q2_x3_bottleneckliteask_cas-multistream_seed777,cas-multistream,placebo,777,1120,na,lombok,Lombok122,0.5,0,19,31,16334,85.09130660660753,0.0,0.0
E1,q2_x3_bottleneckliteask_cas-multistream_seed777,cas-multistream,placebo,777,1120,na,lombok,Lombok123,0.5,73,43,502,15766,60.11156211923735,0.21853318318843554,0.32580645161263044
E1,q2_x3_bottleneckliteask_cas-multistream_seed777,cas-multistream,placebo,777,1120,na,lombok,Lombok124,0.5,188,61,1214,14921,75.33720961617318,0.26773761713497557,0.33139909735626766
E1,q2_x3_bottleneckliteask_cas-multistream_seed777,cas-multistream,placebo,777,1120,na,lombok,Lombok125,0.5,542,337,1818,13687,64.51356446515724,0.36617864444955056,0.46921675774098875
E1,q2_x3_bottleneckliteask_cas-multistream_seed777,cas-multistream,placebo,777,1120,na,lombok,Lombok126,0.5,477,106,2165,13636,23.259406699226016,0.4569138276549581,0.5731933292151562
E1,q2_x3_bottleneckliteask_cas-multistream_seed777,cas-multistream,placebo,777,1120,na,lombok,Lombok127,0.5,94,17,1521,14752,70.6792044562035,0.24544349939225127,0.3674392312037701
E1,q2_x3_bottleneckliteask_cas-multistream_seed777,cas-multistream,placebo,777,1120,na,lombok,Lombok128,0.5,33,7,595,15749,112.34589037316604,0.1516587677723717,0.1603773584904185
E1,q2_x3_bottleneckliteask_cas-multistream_seed777,cas-multistream,placebo,777,1120,na,lombok,Lombok129,0.5,7,253,312,15812,69.81940432826727,0.02259887005626276,0.06116207951035996
E1,q2_x3_bottleneckliteask_cas-multistream_seed777,cas-multistream,placebo,777,1120,na,lombok,Lombok132,0.5,168,1399,16,14801,12.132449830450222,0.24456086286552461,0.5372442326572411
E1,q2_x3_bottleneckliteask_cas-multistream_seed777,cas-multistream,placebo,777,1120,na,lombok,Lombok133,0.5,61,1121,85,15117,95.51514437526023,0.1664887940230261,0.24323025156175276
E1,q2_x3_bottleneckliteask_cas-multistream_seed777,cas-multistream,placebo,777,1120,na,lombok,Lombok134,0.5,0,539,73,15772,118.42505017369248,0.0,0.0
E1,q2_x3_bottleneckliteask_cas-multistream_seed777,cas-multistream,placebo,777,1120,na,lombok,Lombok135,0.5,0,1697,107,14580,76.9064303263735,0.0,0.0
E1,q2_x3_bottleneckliteask_cas-multistream_seed777,cas-multistream,placebo,777,1120,na,lombok,Lombok136,0.5,51,6538,79,9716,54.99450723755195,0.0,0.0
E1,q2_x3_bottleneckliteask_cas-multistream_seed777,cas-multistream,placebo,777,1120,na,lombok,Lombok137,0.5,94,9215,23,7052,35.698853202081494,0.0,0.013675213674779961
E1,q2_x3_bottleneckliteask_cas-multistream_seed777,cas-multistream,placebo,777,1120,na,lombok,Lombok138,0.5,163,11607,77,4537,40.32359265607742,0.1896863691190276,0.3223007712078192
E1,q2_x3_bottleneckliteask_cas-multistream_seed777,cas-multistream,placebo,777,1120,na,lombok,Lombok139,0.5,243,8600,306,7235,48.08064429657489,0.16300671140891218,0.2768184703434582
E1,q2_x3_bottleneckliteask_cas-multistream_seed777,cas-multistream,placebo,777,1120,na,lombok,Lombok140,0.5,142,3147,311,12784,88.14999999999998,0.04708926261277774,0.08593350383594048
E1,q2_x3_bottleneckliteask_cas-multistream_seed777,cas-multistream,placebo,777,1120,na,lombok,Lombok141,0.5,0,2376,99,13909,55.000454507895014,0.0,0.0
E1,q2_x3_bottleneckliteask_cas-multistream_seed777,cas-multistream,placebo,777,1120,na,lombok,Lombok142,0.5,0,1233,51,15100,68.99234504325571,0.0,0.0
E1,q2_x3_bottleneckliteask_cas-multistream_seed777,cas-multistream,placebo,777,1120,na,lombok,Lombok143,0.5,0,421,51,15912,47.39295630100148,0.0,0.0
E1,q2_x3_bottleneckliteask_cas-multistream_seed777,cas-multistream,placebo,777,1120,na,lombok,Lombok144,0.5,0,0,27,16357,181.01933598375618,0.0,0.0
E1,q2_x3_bottleneckliteask_cas-multistream_seed777,cas-multistream,placebo,777,1120,na,lombok,Lombok145,0.5,0,0,27,16357,181.01933598375618,0.0,0.0
E1,q2_x3_bottleneckliteask_cas-multistream_seed777,cas-multistream,placebo,777,1120,na,lombok,Lombok146,0.5,4,945,28,15407,46.59668482186545,0.0,0.06239168110868599
E1,q2_x3_bottleneckliteask_cas-multistream_seed777,cas-multistream,placebo,777,1120,na,lombok,Lombok147,0.5,17,1185,47,15135,67.20119046564577,0.0,0.018181818181417397
E1,q2_x3_bottleneckliteask_cas-multistream_seed777,cas-multistream,placebo,777,1120,na,lombok,Lombok148,0.5,0,1585,57,14742,48.507731342539614,0.0,0.0
E1,q2_x3_bottleneckliteask_cas-multistream_seed777,cas-multistream,placebo,777,1120,na,lombok,Lombok149,0.5,95,1759,580,13950,44.835740668380495,0.16639032999902553,0.2448490656440199
E1,q2_x3_bottleneckliteask_cas-multistream_seed777,cas-multistream,placebo,777,1120,na,lombok,Lombok150,0.5,61,1473,1013,13837,48.54894437575342,0.05816240516964695,0.09207749856100975
E1,q2_x3_bottleneckliteask_cas-multistream_seed777,cas-multistream,placebo,777,1120,na,lombok,Lombok153,0.5,0,11,183,16190,74.81310045707235,0.0,0.0
E1,q2_x3_bottleneckliteask_cas-multistream_seed777,cas-multistream,placebo,777,1120,na,lombok,Lombok154,0.5,0,0,130,16254,181.01933598375618,0.0,0.0
E1,q2_x3_bottleneckliteask_cas-multistream_seed777,cas-multistream,placebo,777,1120,na,lombok,Lombok155,0.5,0,9,20,16355,97.37352705382567,0.0,0.0
E1,q2_x3_bottleneckliteask_cas-multistream_seed777,cas-multistream,placebo,777,1120,na,lombok,Lombok156,0.5,0,50,21,16313,97.86725703727473,0.0,0.0
E1,q2_x3_bottleneckliteask_cas-multistream_seed777,cas-multistream,placebo,777,1120,na,lombok,Lombok157,0.5,10,1,277,16096,53.68746403243766,0.14329580347989573,0.19801980198000388
E1,q2_x3_bottleneckliteask_cas-multistream_seed777,cas-multistream,placebo,777,1120,na,lombok,Lombok158,0.5,25,2,1048,15309,75.88573751980141,0.07219512195114992,0.10909090909080595
E1,q2_x3_bottleneckliteask_cas-multistream_seed777,cas-multistream,placebo,777,1120,na,lombok,Lombok159,0.5,94,22,2361,13907,78.73847003126144,0.16050955413997975,0.22966898242725892
E1,q2_x3_bottleneckliteask_cas-multistream_seed777,cas-multistream,placebo,777,1120,na,lombok,Lombok160,0.5,539,349,2255,13241,28.442925306655784,0.43179105396698186,0.5597667638479933
E1,q2_x3_bottleneckliteask_cas-multistream_seed777,cas-multistream,placebo,777,1120,na,lombok,Lombok161,0.5,189,229,1369,14597,27.202941017470888,0.33057506914915663,0.4196765759655416
E1,q2_x3_bottleneckliteask_cas-multistream_seed777,cas-multistream,placebo,777,1120,na,lombok,Lombok162,0.5,34,7,509,15834,112.44554237496477,0.17486338797798248,0.1880650994573341
E1,q2_x3_bottleneckliteask_cas-multistream_seed777,cas-multistream,placebo,777,1120,na,lombok,Lombok163,0.5,31,10,475,15868,75.49408474082735,0.14257425742561017,0.18568665377159171
E1,q2_x3_bottleneckliteask_cas-multistream_seed777,cas-multistream,placebo,777,1120,na,lombok,Lombok164,0.5,0,0,559,15825,181.01933598375618,0.0,0.0
E1,q2_x3_bottleneckliteask_cas-multistream_seed777,cas-multistream,placebo,777,1120,na,lombok,Lombok166,0.5,56,389,383,15556,113.3269265899124,0.005776173285109097,0.06741573033694324
E1,q2_x3_bottleneckliteask_cas-multistream_seed777,cas-multistream,placebo,777,1120,na,lombok,Lombok167,0.5,110,981,558,14735,91.63628498682608,0.1477866320962692,0.21678994328133927
E1,q2_x3_bottleneckliteask_cas-multistream_seed777,cas-multistream,placebo,777,1120,na,lombok,Lombok168,0.5,59,1965,300,14060,69.84999999999997,0.08554522400629622,0.1111770994175574
E1,q2_x3_bottleneckliteask_cas-multistream_seed777,cas-multistream,placebo,777,1120,na,lombok,Lombok169,0.5,182,4162,146,11894,47.20802707312417,0.28372054153385756,0.41834257974984734
E1,q2_x3_bottleneckliteask_cas-multistream_seed777,cas-multistream,placebo,777,1120,na,lombok,Lombok170,0.5,570,6359,184,9271,50.08492563220422,0.13928120802588495,0.234511434510939
E1,q2_x3_bottleneckliteask_cas-multistream_seed777,cas-multistream,placebo,777,1120,na,lombok,Lombok171,0.5,1429,7728,204,7023,44.687793336764,0.06370370370321557,0.1184769403183931
E1,q2_x3_bottleneckliteask_cas-multistream_seed777,cas-multistream,placebo,777,1120,na,lombok,Lombok172,0.5,1158,11630,7,3589,30.831704154750657,0.029984566766672438,0.0840771981542186
E1,q2_x3_bottleneckliteask_cas-multistream_seed777,cas-multistream,placebo,777,1120,na,lombok,Lombok173,0.5,87,15178,33,1086,36.0216970006225,0.009685230023817786,0.035529237601333176
E1,q2_x3_bottleneckliteask_cas-multistream_seed777,cas-multistream,placebo,777,1120,na,lombok,Lombok174,0.5,151,7300,477,8456,65.85665934010879,0.07303481800529163,0.15513515562752186
E1,q2_x3_bottleneckliteask_cas-multistream_seed777,cas-multistream,placebo,777,1120,na,lombok,Lombok175,0.5,164,2310,850,13060,101.52832081362283,0.1369731417360448,0.2104128237766519
E1,q2_x3_bottleneckliteask_cas-multistream_seed777,cas-multistream,placebo,777,1120,na,lombok,Lombok176,0.5,19,6926,443,8996,60.82006748552967,0.06843772849089368,0.09284332688539118
E1,q2_x3_bottleneckliteask_cas-multistream_seed777,cas-multistream,placebo,777,1120,na,lombok,Lombok177,0.5,0,3511,67,12806,91.86260793506123,0.0,0.0
E1,q2_x3_bottleneckliteask_cas-multistream_seed777,cas-multistream,placebo,777,1120,na,lombok,Lombok178,0.5,6,2256,67,14055,34.18443138880949,0.0,0.0
E1,q2_x3_bottleneckliteask_cas-multistream_seed777,cas-multistream,placebo,777,1120,na,lombok,Lombok179,0.5,39,3319,90,12936,33.49992438101195,0.029045643153044403,0.06884057970964558
E1,q2_x3_bottleneckliteask_cas-multistream_seed777,cas-multistream,placebo,777,1120,na,lombok,Lombok180,0.5,0,76,123,16185,52.90269656693505,0.0,0.0
E1,q2_x3_bottleneckliteask_cas-multistream_seed777,cas-multistream,placebo,777,1120,na,lombok,Lombok181,0.5,12,2230,25,14117,53.46020436647832,0.0,0.0
E1,q2_x3_bottleneckliteask_cas-multistream_seed777,cas-multistream,placebo,777,1120,na,lombok,Lombok182,0.5,0,1478,168,14738,48.68819755425084,0.0,0.0
E1,q2_x3_bottleneckliteask_cas-multistream_seed777,cas-multistream,placebo,777,1120,na,lombok,Lombok183,0.5,82,1496,430,14376,49.91639518830275,0.12283464566880117,0.15662219038187908
E1,q2_x3_bottleneckliteask_cas-multistream_seed777,cas-multistream,placebo,777,1120,na,lombok,Lombok184,0.5,60,1551,936,13837,53.1130068662967,0.04371584699421683,0.1065482796889308
E1,q2_x3_bottleneckliteask_cas-multistream_seed777,cas-multistream,placebo,777,1120,na,lombok,Lombok185,0.5,71,1211,904,14198,54.89016503377068,0.07731518125661246,0.11962707349527162
E1,q2_x3_bottleneckliteask_cas-multistream_seed777,cas-multistream,placebo,777,1120,na,lombok,Lombok186,0.5,12,938,873,14561,55.0289819914779,0.010278372590795355,0.049896049895801195
E1,q2_x3_bottleneckliteask_cas-multistream_seed777,cas-multistream,placebo,777,1120,na,lombok,Lombok187,0.5,0,0,25,16359,181.01933598375618,0.0,0.0
E1,q2_x3_bottleneckliteask_cas-multistream_seed777,cas-multistream,placebo,777,1120,na,lombok,Lombok188,0.5,0,0,32,16352,181.01933598375618,0.0,0.0
E1,q2_x3_bottleneckliteask_cas-multistream_seed777,cas-multistream,placebo,777,1120,na,lombok,Lombok189,0.5,49,9,243,16083,93.05777632641917,0.34838709677390584,0.39498432601849176
E1,q2_x3_bottleneckliteask_cas-multistream_seed777,cas-multistream,placebo,777,1120,na,lombok,Lombok190,0.5,78,4,1152,15150,21.13638622378258,0.25250196006065134,0.4030888030884812
E1,q2_x3_bottleneckliteask_cas-multistream_seed777,cas-multistream,placebo,777,1120,na,lombok,Lombok191,0.5,191,58,1319,14816,22.0,0.35700817096136606,0.5020057306586498
E1,q2_x3_bottleneckliteask_cas-multistream_seed777,cas-multistream,placebo,777,1120,na,lombok,Lombok192,0.5,93,15,694,15582,35.96172416446746,0.3499999999997112,0.45859872611429625
E1,q2_x3_bottleneckliteask_cas-multistream_seed777,cas-multistream,placebo,777,1120,na,lombok,Lombok193,0.5,27,2,278,16077,87.81058281620152,0.23676012461038315,0.2638036809813661
E1,q2_x3_bottleneckliteask_cas-multistream_seed777,cas-multistream,placebo,777,1120,na,lombok,Lombok194,0.5,0,0,318,16066,181.01933598375618,0.0,0.0
E1,q2_x3_bottleneckliteask_cas-multistream_seed777,cas-multistream,placebo,777,1120,na,lombok,Lombok195,0.5,36,19,906,15423,75.8148968787813,0.077028885832113,0.077028885832113
E1,q2_x3_bottleneckliteask_cas-multistream_seed777,cas-multistream,placebo,777,1120,na,lombok,Lombok196,0.5,31,0,935,15418,69.8904284302644,0.10743801652882394,0.1655540720959763
E1,q2_x3_bottleneckliteask_cas-multistream_seed777,cas-multistream,placebo,777,1120,na,lombok,Lombok197,0.5,0,0,751,15633,181.01933598375618,0.0,0.0
E1,q2_x3_bottleneckliteask_cas-multistream_seed777,cas-multistream,placebo,777,1120,na,lombok,Lombok198,0.5,4,17,802,15561,113.240873687652,0.03592814371244147,0.05738255033545108
E1,q2_x3_bottleneckliteask_cas-multistream_seed777,cas-multistream,placebo,777,1120,na,lombok,Lombok199,0.5,523,3769,433,11659,77.37311832023076,0.06099349011749251,0.14616075437769044
E1,q2_x3_bottleneckliteask_cas-multistream_seed777,cas-multistream,placebo,777,1120,na,lombok,Lombok200,0.5,541,6010,360,9473,25.79803902718558,0.08554329325160931,0.17721132565016962
E1,q2_x3_bottleneckliteask_cas-multistream_seed777,cas-multistream,placebo,777,1120,na,lombok,Lombok201,0.5,435,5215,444,10290,28.59519675659605,0.170935843682813,0.2721308819951783
E1,q2_x3_bottleneckliteask_cas-multistream_seed777,cas-multistream,placebo,777,1120,na,lombok,Lombok202,0.5,950,3973,723,10738,49.51767361255979,0.24571394672799377,0.38463915090012024
E1,q2_x3_bottleneckliteask_cas-multistream_seed777,cas-multistream,placebo,777,1120,na,lombok,Lombok203,0.5,543,8079,544,7218,74.89221367993942,0.21282349611598106,0.3178734597807553
E1,q2_x3_bottleneckliteask_cas-multistream_seed777,cas-multistream,placebo,777,1120,na,lombok,Lombok204,0.5,1524,9805,169,4886,51.705833750728715,0.06596815330481406,0.12586504387786512
E1,q2_x3_bottleneckliteask_cas-multistream_seed777,cas-multistream,placebo,777,1120,na,lombok,Lombok205,0.5,1802,3408,1753,9421,47.89356658620446,0.11516817170494723,0.2085335383428683
E1,q2_x3_bottleneckliteask_cas-multistream_seed777,cas-multistream,placebo,777,1120,na,lombok,Lombok206,0.5,176,135,2757,13316,99.0,0.05372287107624627,0.08931419457717722
E1,q2_x3_bottleneckliteask_cas-multistream_seed777,cas-multistream,placebo,777,1120,na,lombok,Lombok207,0.5,0,34,1645,14705,122.61259847370773,0.0,0.0
E1,q2_x3_bottleneckliteask_cas-multistream_seed777,cas-multistream,placebo,777,1120,na,lombok,Lombok208,0.5,4,1913,784,13683,68.63861556831462,0.03493449781611869,0.042593172564487275
E1,q2_x3_bottleneckliteask_cas-multistream_seed777,cas-multistream,placebo,777,1120,na,lombok,Lombok209,0.5,19,1840,194,14331,66.12866246946176,0.004524886877364908,0.052558232131718535
E1,q2_x3_bottleneckliteask_cas-multistream_seed777,cas-multistream,placebo,777,1120,na,lombok,Lombok210,0.5,5,3394,45,12940,41.048751503547585,0.041420118342866845,0.06185567010266554
E1,q2_x3_bottleneckliteask_cas-multistream_seed777,cas-multistream,placebo,777,1120,na,lombok,Lombok211,0.5,0,2733,120,13531,45.17189086214685,0.0,0.0
E1,q2_x3_bottleneckliteask_cas-multistream_seed777,cas-multistream,placebo,777,1120,na,lombok,Lombok212,0.5,0,1541,96,14747,53.03960720541237,0.0,0.0
E1,q2_x3_bottleneckliteask_cas-multistream_seed777,cas-multistream,placebo,777,1120,na,lombok,Lombok213,0.5,0,1551,387,14446,63.04357858738457,0.0,0.0
E1,q2_x3_bottleneckliteask_cas-multistream_seed777,cas-multistream,placebo,777,1120,na,lombok,Lombok214,0.5,133,1201,1148,13902,43.46262762420146,0.08920959147388327,0.15817671570670838
E1,q2_x3_bottleneckliteask_cas-multistream_seed777,cas-multistream,placebo,777,1120,na,lombok,Lombok215,0.5,177,1828,1343,13036,48.918196809362236,0.14121457137857504,0.2561852456579921
E1,q2_x3_bottleneckliteask_cas-multistream_seed777,cas-multistream,placebo,777,1120,na,lombok,Lombok216,0.5,328,1235,674,14147,42.42640687119285,0.13958810068617045,0.2695457784629506
E1,q2_x3_bottleneckliteask_cas-multistream_seed777,cas-multistream,placebo,777,1120,na,lombok,Lombok217,0.5,235,878,615,14656,48.749337121283546,0.17713601791406558,0.29356857113517004
E1,q2_x3_bottleneckliteask_cas-multistream_seed777,cas-multistream,placebo,777,1120,na,lombok,Lombok218,0.5,0,466,30,15888,62.07948118202433,0.0,0.0
E1,q2_x3_bottleneckliteask_cas-multistream_seed777,cas-multistream,placebo,777,1120,na,lombok,Lombok219,0.5,0,44,57,16283,96.08352049632933,0.0,0.0
E1,q2_x3_bottleneckliteask_cas-multistream_seed777,cas-multistream,placebo,777,1120,na,lombok,Lombok220,0.5,0,6,31,16347,102.5414219785485,0.0,0.0
E1,q2_x3_bottleneckliteask_cas-multistream_seed777,cas-multistream,placebo,777,1120,na,lombok,Lombok221,0.5,0,227,47,16110,59.11926203499011,0.0,0.0
E1,q2_x3_bottleneckliteask_cas-multistream_seed777,cas-multistream,placebo,777,1120,na,lombok,Lombok222,0.5,0,0,71,16313,181.01933598375618,0.0,0.0
E1,q2_x3_bottleneckliteask_cas-multistream_seed777,cas-multistream,placebo,777,1120,na,lombok,Lombok223,0.5,0,0,25,16359,181.01933598375618,0.0,0.0
E1,q2_x3_bottleneckliteask_cas-multistream_seed777,cas-multistream,placebo,777,1120,na,lombok,Lombok224,0.5,0,0,25,16359,181.01933598375618,0.0,0.0
E1,q2_x3_bottleneckliteask_cas-multistream_seed777,cas-multistream,placebo,777,1120,na,lombok,Lombok230,0.5,104,3,686,15591,38.49132519613198,0.26342415904830924,0.4017467248905086
E1,q2_x3_bottleneckliteask_cas-multistream_seed777,cas-multistream,placebo,777,1120,na,lombok,Lombok231,0.5,0,0,418,15966,181.01933598375618,0.0,0.0
E1,q2_x3_bottleneckliteask_cas-multistream_seed777,cas-multistream,placebo,777,1120,na,lombok,Lombok232,0.5,18,1440,307,14619,89.1130984806242,0.05586392121705044,0.06457268078842868
E1,q2_x3_bottleneckliteask_cas-multistream_seed777,cas-multistream,placebo,777,1120,na,lombok,Lombok233,0.5,1786,5106,247,9245,50.47956768029937,0.2602184087358582,0.3621267372174097
E1,q2_x3_bottleneckliteask_cas-multistream_seed777,cas-multistream,placebo,777,1120,na,lombok,Lombok234,0.5,1816,3768,130,10670,23.338806815714612,0.30988772332364745,0.38395717452178396
E1,q2_x3_bottleneckliteask_cas-multistream_seed777,cas-multistream,placebo,777,1120,na,lombok,Lombok235,0.5,148,2928,58,13250,86.54101488588533,0.17813413381735554,0.3430671839897185
E1,q2_x3_bottleneckliteask_cas-multistream_seed777,cas-multistream,placebo,777,1120,na,lombok,Lombok236,0.5,79,6147,118,10040,73.17436691437675,0.11087498845007514,0.16715371127947973
E1,q2_x3_bottleneckliteask_cas-multistream_seed777,cas-multistream,placebo,777,1120,na,lombok,Lombok237,0.5,76,10611,0,5697,89.20560531700087,0.0,0.0
E1,q2_x3_bottleneckliteask_cas-multistream_seed777,cas-multistream,placebo,777,1120,na,lombok,Lombok238,0.5,1637,13566,270,911,59.48528858826069,0.13898434516953734,0.2409010324325969
E1,q2_x3_bottleneckliteask_cas-multistream_seed777,cas-multistream,placebo,777,1120,na,lombok,Lombok239,0.5,1761,5086,3698,5839,47.9545731161533,0.12992079903214532,0.22898561813723725
E1,q2_x3_bottleneckliteask_cas-multistream_seed777,cas-multistream,placebo,777,1120,na,lombok,Lombok240,0.5,35,15,6583,9751,123.1235136758094,0.012723228207292105,0.01573599496446229
E1,q2_x3_bottleneckliteask_cas-multistream_seed777,cas-multistream,placebo,777,1120,na,lombok,Lombok241,0.5,0,0,4269,12115,181.01933598375618,0.0,0.0
E1,q2_x3_bottleneckliteask_cas-multistream_seed777,cas-multistream,placebo,777,1120,na,lombok,Lombok242,0.5,166,452,1699,14067,64.97998459167036,0.09263854425121298,0.1372505045971796
E1,q2_x3_bottleneckliteask_cas-multistream_seed777,cas-multistream,placebo,777,1120,na,lombok,Lombok243,0.5,115,3091,726,12452,45.78875007877022,0.022628372497469306,0.039221602051271634
E1,q2_x3_bottleneckliteask_cas-multistream_seed777,cas-multistream,placebo,777,1120,na,lombok,Lombok244,0.5,20,1243,220,14901,65.9969569962021,0.06451612903178357,0.10518500185574887
E1,q2_x3_bottleneckliteask_cas-multistream_seed777,cas-multistream,placebo,777,1120,na,lombok,Lombok245,0.5,1,2046,36,14301,53.74011537017761,0.05405405405367906,0.11351351351309352
E1,q2_x3_bottleneckliteask_cas-multistream_seed777,cas-multistream,placebo,777,1120,na,lombok,Lombok246,0.5,0,1376,528,14480,59.0592922409336,0.0,0.0
E1,q2_x3_bottleneckliteask_cas-multistream_seed777,cas-multistream,placebo,777,1120,na,lombok,Lombok247,0.5,519,1166,608,14091,55.86591089385369,0.21130335116217225,0.29319215250905073
E1,q2_x3_bottleneckliteask_cas-multistream_seed777,cas-multistream,placebo,777,1120,na,lombok,Lombok248,0.5,3,1706,1169,13506,50.21552870683845,0.017543859648845025,0.022328548644080997
E1,q2_x3_bottleneckliteask_cas-multistream_seed777,cas-multistream,placebo,777,1120,na,lombok,Lombok249,0.5,32,1572,720,14060,46.363714109771905,0.04753102719794081,0.08305804624794208
E1,q2_x3_bottleneckliteask_cas-multistream_seed777,cas-multistream,placebo,777,1120,na,lombok,Lombok250,0.5,19,794,616,14955,48.176104216195654,0.033707865168240835,0.0668244466098169
E1,q2_x3_bottleneckliteask_cas-multistream_seed777,cas-multistream,placebo,777,1120,na,lombok,Lombok251,0.5,0,0,33,16351,181.01933598375618,0.0,0.0
E1,q2_x3_bottleneckliteask_cas-multistream_seed777,cas-multistream,placebo,777,1120,na,lombok,Lombok252,0.5,0,0,62,16322,181.01933598375618,0.0,0.0
E1,q2_x3_bottleneckliteask_cas-multistream_seed777,cas-multistream,placebo,777,1120,na,lombok,Lombok253,0.5,0,4,30,16350,50.87133317576255,0.0,0.0
E1,q2_x3_bottleneckliteask_cas-multistream_seed777,cas-multistream,placebo,777,1120,na,lombok,Lombok254,0.5,0,175,99,16110,80.22049701881811,0.0,0.0
E1,q2_x3_bottleneckliteask_cas-multistream_seed777,cas-multistream,placebo,777,1120,na,lombok,Lombok255,0.5,41,577,203,15563,75.6451813613186,0.10401255323884831,0.23305684806763546
E1,q2_x3_bottleneckliteask_cas-multistream_seed777,cas-multistream,placebo,777,1120,na,lombok,Lombok256,0.5,0,0,147,16237,181.01933598375618,0.0,0.0
E1,q2_x3_bottleneckliteask_cas-multistream_seed777,cas-multistream,placebo,777,1120,na,lombok,Lombok260,0.5,77,3273,340,12694,51.34978021271101,0.10357119709590537,0.16872427983490318
E1,q2_x3_bottleneckliteask_cas-multistream_seed777,cas-multistream,placebo,777,1120,na,lombok,Lombok261,0.5,2154,2308,924,10998,38.55507495457745,0.2806049789983234,0.39797126821434425
E1,q2_x3_bottleneckliteask_cas-multistream_seed777,cas-multistream,placebo,777,1120,na,lombok,Lombok262,0.5,2573,1895,260,11656,22.0,0.32399382366360974,0.4341053637943719
E1,q2_x3_bottleneckliteask_cas-multistream_seed777,cas-multistream,placebo,777,1120,na,lombok,Lombok263,0.5,25,3529,41,12789,141.474091101834,0.11868597668646118,0.1914492836346792
E1,q2_x3_bottleneckliteask_cas-multistream_seed777,cas-multistream,placebo,777,1120,na,lombok,Lombok264,0.5,81,11009,0,5294,84.11480157567108,0.0,0.0
E1,q2_x3_bottleneckliteask_cas-multistream_seed777,cas-multistream,placebo,777,1120,na,lombok,Lombok265,0.5,109,14701,0,1574,58.80304923154959,0.04852686308458854,0.07982261640774835
E1,q2_x3_bottleneckliteask_cas-multistream_seed777,cas-multistream,placebo,777,1120,na,lombok,Lombok266,0.5,865,15487,0,32,99.177601694437,0.0,0.0
E1,q2_x3_bottleneckliteask_cas-multistream_seed777,cas-multistream,placebo,777,1120,na,lombok,Lombok267,0.5,1094,5912,5059,4319,64.0,0.050944946589607215,0.0889393079973382
E1,q2_x3_bottleneckliteask_cas-multistream_seed777,cas-multistream,placebo,777,1120,na,lombok,Lombok268,0.5,0,10,9917,6457,153.48289807011074,0.0,0.0009350163627770423
E1,q2_x3_bottleneckliteask_cas-multistream_seed777,cas-multistream,placebo,777,1120,na,lombok,Lombok269,0.5,243,67,5506,10568,82.88908026711344,0.08710413501683469,0.14455538268643564
E1,q2_x3_bottleneckliteask_cas-multistream_seed777,cas-multistream,placebo,777,1120,na,lombok,Lombok270,0.5,189,332,2367,13496,55.56166994494609,0.08323281061504141,0.1356360572870884
E1,q2_x3_bottleneckliteask_cas-multistream_seed777,cas-multistream,placebo,777,1120,na,lombok,Lombok271,0.5,132,858,1498,13896,58.69752887099549,0.10401761144715171,0.16246397694494938
E1,q2_x3_bottleneckliteask_cas-multistream_seed777,cas-multistream,placebo,777,1120,na,lombok,Lombok272,0.5,44,1815,256,14269,52.79142682144308,0.03813559321984875,0.07876751998096823
E1,q2_x3_bottleneckliteask_cas-multistream_seed777,cas-multistream,placebo,777,1120,na,lombok,Lombok273,0.5,10,2222,263,13889,46.7129431964001,0.03614457831276723,0.07119741100276893
E1,q2_x3_bottleneckliteask_cas-multistream_seed777,cas-multistream,placebo,777,1120,na,lombok,Lombok274,0.5,11,1127,200,15046,42.61449350024281,0.09199178644714741,0.11893988364526617
E1,q2_x3_bottleneckliteask_cas-multistream_seed777,cas-multistream,placebo,777,1120,na,lombok,Lombok275,0.5,0,1430,16,14938,78.99236855147099,0.0,0.0
E1,q2_x3_bottleneckliteask_cas-multistream_seed777,cas-multistream,placebo,777,1120,na,lombok,Lombok276,0.5,0,1442,294,14648,72.10478333092416,0.0,0.0
E1,q2_x3_bottleneckliteask_cas-multistream_seed777,cas-multistream,placebo,777,1120,na,lombok,Lombok277,0.5,0,1654,379,14351,44.040320752826524,0.0,0.0
E1,q2_x3_bottleneckliteask_cas-multistream_seed777,cas-multistream,placebo,777,1120,na,lombok,Lombok278,0.5,3,1241,210,14930,65.32410215571433,0.06853582554470163,0.10165745856307254
E1,q2_x3_bottleneckliteask_cas-multistream_seed777,cas-multistream,placebo,777,1120,na,lombok,Lombok279,0.5,43,1487,128,14726,46.95843843061619,0.15294117647009162,0.1927570093452972
E1,q2_x3_bottleneckliteask_cas-multistream_seed777,cas-multistream,placebo,777,1120,na,lombok,Lombok280,0.5,0,722,144,15518,51.03920062069938,0.0,0.0
E1,q2_x3_bottleneckliteask_cas-multistream_seed777,cas-multistream,placebo,777,1120,na,lombok,Lombok281,0.5,0,16,17,16351,66.75471063344898,0.0,0.0
E1,q2_x3_bottleneckliteask_cas-multistream_seed777,cas-multistream,placebo,777,1120,na,lombok,Lombok282,0.5,0,11,23,16350,107.55401651752827,0.0,0.0
E1,q2_x3_bottleneckliteask_cas-multistream_seed777,cas-multistream,placebo,777,1120,na,lombok,Lombok283,0.5,0,0,63,16321,181.01933598375618,0.0,0.0
E1,q2_x3_bottleneckliteask_cas-multistream_seed777,cas-multistream,placebo,777,1120,na,lombok,Lombok284,0.5,19,1568,177,14620,41.742058860476384,0.060722891565812766,0.10785498489388211
E1,q2_x3_bottleneckliteask_cas-multistream_seed777,cas-multistream,placebo,777,1120,na,lombok,Lombok285,0.5,31,62,126,16165,66.0395435423361,0.23601532567021777,0.3229813664593509
E1,q2_x3_bottleneckliteask_cas-multistream_seed777,cas-multistream,placebo,777,1120,na,lombok,Lombok286,0.5,0,174,51,16159,55.52289779969104,0.0,0.0
E1,q2_x3_bottleneckliteask_cas-multistream_seed777,cas-multistream,placebo,777,1120,na,lombok,Lombok287,0.5,0,0,60,16324,181.01933598375618,0.0,0.0
E1,q2_x3_bottleneckliteask_cas-multistream_seed777,cas-multistream,placebo,777,1120,na,lombok,Lombok288,0.5,0,0,33,16351,181.01933598375618,0.0,0.0
E1,q2_x3_bottleneckliteask_cas-multistream_seed777,cas-multistream,placebo,777,1120,na,lombok,Lombok290,0.5,16,6306,351,9711,84.15105057934646,0.07168458781314396,0.14705929551423816
E1,q2_x3_bottleneckliteask_cas-multistream_seed777,cas-multistream,placebo,777,1120,na,lombok,Lombok291,0.5,1706,4662,326,9690,61.35264640991877,0.10515456666188674,0.17336667215896806
E1,q2_x3_bottleneckliteask_cas-multistream_seed777,cas-multistream,placebo,777,1120,na,lombok,Lombok292,0.5,1726,6080,241,8337,28.614577839334117,0.06801265960883253,0.12844483058163572
E1,q2_x3_bottleneckliteask_cas-multistream_seed777,cas-multistream,placebo,777,1120,na,lombok,Lombok293,0.5,23,3467,235,12659,81.5820011901975,0.0,0.014925373133856874
E1,q2_x3_bottleneckliteask_cas-multistream_seed777,cas-multistream,placebo,777,1120,na,lombok,Lombok294,0.5,145,6161,20,10058,72.54063539489975,0.07251908396912518,0.11766619672452185
E1,q2_x3_bottleneckliteask_cas-multistream_seed777,cas-multistream,placebo,777,1120,na,lombok,Lombok295,0.5,133,11496,13,4742,70.24559948882064,0.04107424960476199,0.06917293233054496
E1,q2_x3_bottleneckliteask_cas-multistream_seed777,cas-multistream,placebo,777,1120,na,lombok,Lombok296,0.5,683,15205,0,496,71.73135508285661,0.0,0.0
E1,q2_x3_bottleneckliteask_cas-multistream_seed777,cas-multistream,placebo,777,1120,na,lombok,Lombok297,0.5,1332,7469,4103,3480,49.00867256646568,0.07639118913510066,0.13740854378059295
E1,q2_x3_bottleneckliteask_cas-multistream_seed777,cas-multistream,placebo,777,1120,na,lombok,Lombok298,0.5,61,220,7699,8404,57.87054518492115,0.019805015635433347,0.0361908776935405
E1,q2_x3_bottleneckliteask_cas-multistream_seed777,cas-multistream,placebo,777,1120,na,lombok,Lombok299,0.5,727,55,2932,12670,100.63778665304818,0.05862869760520546,0.11137633316384643
E1,q2_x3_bottleneckliteask_cas-multistream_seed777,cas-multistream,placebo,777,1120,na,lombok,Lombok300,0.5,3,133,1995,14253,74.73285756613352,0.01451905626122404,0.034331204908965074
E1,q2_x3_bottleneckliteask_cas-multistream_seed777,cas-multistream,placebo,777,1120,na,lombok,Lombok301,0.5,202,2568,1248,12366,38.55521043480411,0.06028929135737053,0.10596403368957288
E1,q2_x3_bottleneckliteask_cas-multistream_seed777,cas-multistream,placebo,777,1120,na,lombok,Lombok302,0.5,6,2281,160,13937,60.108235708594876,0.0,0.007812499999505982
E1,q2_x3_bottleneckliteask_cas-multistream_seed777,cas-multistream,placebo,777,1120,na,lombok,Lombok303,0.5,0,2032,254,14098,50.69380470448263,0.0,0.0
E1,q2_x3_bottleneckliteask_cas-multistream_seed777,cas-multistream,placebo,777,1120,na,lombok,Lombok304,0.5,114,2256,93,13921,43.4096741391414,0.1557780417440281,0.21581738528898045
E1,q2_x3_bottleneckliteask_cas-multistream_seed777,cas-multistream,placebo,777,1120,na,lombok,Lombok305,0.5,0,1402,16,14966,85.11000936329383,0.0,0.0
E1,q2_x3_bottleneckliteask_cas-multistream_seed777,cas-multistream,placebo,777,1120,na,lombok,Lombok306,0.5,0,1947,19,14418,89.17083694384571,0.0,0.0
E1,q2_x3_bottleneckliteask_cas-multistream_seed777,cas-multistream,placebo,777,1120,na,lombok,Lombok307,0.5,36,2247,138,13963,44.77722635447622,0.12259731868799943,0.17102876392810357
E1,q2_x3_bottleneckliteask_cas-multistream_seed777,cas-multistream,placebo,777,1120,na,lombok,Lombok308,0.5,72,1833,350,14129,45.21725139577266,0.03032092931637428,0.05149079067837328
E1,q2_x3_bottleneckliteask_cas-multistream_seed777,cas-multistream,placebo,777,1120,na,lombok,Lombok309,0.5,8,1814,612,13950,52.833699635784335,0.02147239263765426,0.027586206896275483
E1,q2_x3_bottleneckliteask_cas-multistream_seed777,cas-multistream,placebo,777,1120,na,lombok,Lombok310,0.5,19,1151,596,14618,44.98332303254654,0.052155874944108796,0.07708279262869636
E1,q2_x3_bottleneckliteask_cas-multistream_seed777,cas-multistream,placebo,777,1120,na,lombok,Lombok311,0.5,0,368,567,15449,48.865582923333,0.0,0.0
E1,q2_x3_bottleneckliteask_cas-multistream_seed777,cas-multistream,placebo,777,1120,na,lombok,Lombok313,0.5,0,0,47,16337,181.01933598375618,0.0,0.0
E1,q2_x3_bottleneckliteask_cas-multistream_seed777,cas-multistream,placebo,777,1120,na,lombok,Lombok314,0.5,0,0,17,16367,181.01933598375618,0.0,0.0
E1,q2_x3_bottleneckliteask_cas-multistream_seed777,cas-multistream,placebo,777,1120,na,lombok,Lombok315,0.5,20,4890,35,11439,40.55408239646924,0.02268431001847435,0.033008252062520005
E1,q2_x3_bottleneckliteask_cas-multistream_seed777,cas-multistream,placebo,777,1120,na,lombok,Lombok316,0.5,12,2478,81,13813,62.26871750342185,0.06263173742802236,0.10666666666618169
E1,q2_x3_bottleneckliteask_cas-multistream_seed777,cas-multistream,placebo,777,1120,na,lombok,Lombok317,0.5,0,0,75,16309,181.01933598375618,0.0,0.0
E1,q2_x3_bottleneckliteask_cas-multistream_seed777,cas-multistream,placebo,777,1120,na,lombok,Lombok318,0.5,0,0,28,16356,181.01933598375618,0.0,0.0
E1,q2_x3_bottleneckliteask_cas-multistream_seed777,cas-multistream,placebo,777,1120,na,lombok,Lombok321,0.5,301,2470,79,13534,83.4628148467133,0.19453380703228115,0.2698795180718142
E1,q2_x3_bottleneckliteask_cas-multistream_seed777,cas-multistream,placebo,777,1120,na,lombok,Lombok322,0.5,282,5409,241,10452,65.90135596061046,0.0856065495799669,0.13538823331745362
E1,q2_x3_bottleneckliteask_cas-multistream_seed777,cas-multistream,placebo,777,1120,na,lombok,Lombok323,0.5,23,7111,169,9081,64.11312887857231,0.009090909090500374,0.02826855123625512
E1,q2_x3_bottleneckliteask_cas-multistream_seed777,cas-multistream,placebo,777,1120,na,lombok,Lombok324,0.5,71,1107,88,15118,44.72676646689932,0.09153650562980097,0.20601585668414826
E1,q2_x3_bottleneckliteask_cas-multistream_seed777,cas-multistream,placebo,777,1120,na,lombok,Lombok325,0.5,64,6553,92,9675,49.065228199898904,0.07461430574996661,0.1481905306819169
E1,q2_x3_bottleneckliteask_cas-multistream_seed777,cas-multistream,placebo,777,1120,na,lombok,Lombok326,0.5,186,11205,28,4965,69.97858629112852,0.10780870035079314,0.18005540166160916
E1,q2_x3_bottleneckliteask_cas-multistream_seed777,cas-multistream,placebo,777,1120,na,lombok,Lombok327,0.5,264,6308,1453,8359,50.30307784279468,0.08790573266786227,0.2013356904336899
E1,q2_x3_bottleneckliteask_cas-multistream_seed777,cas-multistream,placebo,777,1120,na,lombok,Lombok328,0.5,127,302,2233,13722,106.97536811516704,0.025641025640891563,0.07827881867244113
E1,q2_x3_bottleneckliteask_cas-multistream_seed777,cas-multistream,placebo,777,1120,na,lombok,Lombok329,0.5,75,830,1207,14272,63.292506347873044,0.10397185152281514,0.15843270868794396
E1,q2_x3_bottleneckliteask_cas-multistream_seed777,cas-multistream,placebo,777,1120,na,lombok,Lombok330,0.5,349,1495,647,13893,43.289721643826724,0.1418719211818774,0.21578897845207165
E1,q2_x3_bottleneckliteask_cas-multistream_seed777,cas-multistream,placebo,777,1120,na,lombok,Lombok331,0.5,434,1099,216,14635,42.469383866746725,0.14264980302671942,0.20721690364200174
E1,q2_x3_bottleneckliteask_cas-multistream_seed777,cas-multistream,placebo,777,1120,na,lombok,Lombok332,0.5,0,1764,97,14523,64.11108232394253,0.0,0.0
E1,q2_x3_bottleneckliteask_cas-multistream_seed777,cas-multistream,placebo,777,1120,na,lombok,Lombok333,0.5,0,1906,14,14464,89.6964208107904,0.0,0.0
E1,q2_x3_bottleneckliteask_cas-multistream_seed777,cas-multistream,placebo,777,1120,na,lombok,Lombok334,0.5,28,1389,75,14892,41.470737050261064,0.07034372501949357,0.10731194108314783
E1,q2_x3_bottleneckliteask_cas-multistream_seed777,cas-multistream,placebo,777,1120,na,lombok,Lombok335,0.5,7,1210,91,15076,60.39173318295269,0.07395234182368367,0.0896797153019931
E1,q2_x3_bottleneckliteask_cas-multistream_seed777,cas-multistream,placebo,777,1120,na,lombok,Lombok336,0.5,5,2608,130,13641,49.51262388018442,0.060747663550913045,0.10389610389560601
E1,q2_x3_bottleneckliteask_cas-multistream_seed777,cas-multistream,placebo,777,1120,na,lombok,Lombok337,0.5,39,2018,322,14005,43.91466013644192,0.09360534887660031,0.17889908256833686
E1,q2_x3_bottleneckliteask_cas-multistream_seed777,cas-multistream,placebo,777,1120,na,lombok,Lombok338,0.5,12,1283,593,14496,47.15149153879378,0.014513788098264412,0.05905430518224091
E1,q2_x3_bottleneckliteask_cas-multistream_seed777,cas-multistream,placebo,777,1120,na,lombok,Lombok339,0.5,224,1187,650,14323,39.94345376005369,0.1912185699992941,0.30168464792569244
E1,q2_x3_bottleneckliteask_cas-multistream_seed777,cas-multistream,placebo,777,1120,na,lombok,Lombok340,0.5,149,520,675,15040,39.97745765355138,0.14157061625911108,0.29550353028575815
E1,q2_x3_bottleneckliteask_cas-multistream_seed777,cas-multistream,placebo,777,1120,na,lombok,Lombok342,0.5,0,0,159,16225,181.01933598375618,0.0,0.0
E1,q2_x3_bottleneckliteask_cas-multistream_seed777,cas-multistream,placebo,777,1120,na,lombok,Lombok343,0.5,0,0,119,16265,181.01933598375618,0.0,0.0
E1,q2_x3_bottleneckliteask_cas-multistream_seed777,cas-multistream,placebo,777,1120,na,lombok,Lombok344,0.5,0,0,31,16353,181.01933598375618,0.0,0.0
E1,q2_x3_bottleneckliteask_cas-multistream_seed777,cas-multistream,placebo,777,1120,na,lombok,Lombok345,0.5,0,0,18,16366,181.01933598375618,0.0,0.0
E1,q2_x3_bottleneckliteask_cas-multistream_seed777,cas-multistream,placebo,777,1120,na,lombok,Lombok346,0.5,0,0,56,16328,181.01933598375618,0.0,0.0
E1,q2_x3_bottleneckliteask_cas-multistream_seed777,cas-multistream,placebo,777,1120,na,lombok,Lombok347,0.5,9,3335,145,12895,45.967379738244816,0.031484794275012815,0.05461496449985017
E1,q2_x3_bottleneckliteask_cas-multistream_seed777,cas-multistream,placebo,777,1120,na,lombok,Lombok348,0.5,59,224,167,15934,71.48015679630929,0.36350522899341225,0.5785954227226909
E1,q2_x3_bottleneckliteask_cas-multistream_seed777,cas-multistream,placebo,777,1120,na,lombok,Lombok349,0.5,0,0,164,16220,181.01933598375618,0.0,0.0
E1,q2_x3_bottleneckliteask_cas-multistream_seed777,cas-multistream,placebo,777,1120,na,lombok,Lombok352,0.5,0,0,19,16365,181.01933598375618,0.0,0.0
E1,q2_x3_bottleneckliteask_cas-multistream_seed777,cas-multistream,placebo,777,1120,na,lombok,Lombok354,0.5,40,16,61,16267,97.52220364645251,0.6515151515147122,0.7101449275357739
E1,q2_x3_bottleneckliteask_cas-multistream_seed777,cas-multistream,placebo,777,1120,na,lombok,Lombok355,0.5,41,243,155,15945,30.629002147981428,0.2889220785904255,0.35305934544187406
E1,q2_x3_bottleneckliteask_cas-multistream_seed777,cas-multistream,placebo,777,1120,na,lombok,Lombok356,0.5,3,605,196,15580,40.52142790494843,0.035885167463622566,0.05219552609726713
E1,q2_x3_bottleneckliteask_cas-multistream_seed777,cas-multistream,placebo,777,1120,na,lombok,Lombok357,0.5,0,4560,92,11732,75.77689399815566,0.0,0.0
E1,q2_x3_bottleneckliteask_cas-multistream_seed777,cas-multistream,placebo,777,1120,na,lombok,Lombok358,0.5,0,6824,93,9467,82.71270131582958,0.0,0.0
E1,q2_x3_bottleneckliteask_cas-multistream_seed777,cas-multistream,placebo,777,1120,na,lombok,Lombok359,0.5,0,1727,181,14476,99.7466771475122,0.0,0.0
E1,q2_x3_bottleneckliteask_cas-multistream_seed777,cas-multistream,placebo,777,1120,na,lombok,Lombok360,0.5,0,2166,198,14020,88.02487896839185,0.0,0.0
E1,q2_x3_bottleneckliteask_cas-multistream_seed777,cas-multistream,placebo,777,1120,na,lombok,Lombok361,0.5,38,2741,246,13359,96.0973061695962,0.15273358403190013,0.1789238780059468
E1,q2_x3_bottleneckliteask_cas-multistream_seed777,cas-multistream,placebo,777,1120,na,lombok,Lombok362,0.5,5,1966,236,14177,93.34090091919349,0.06984126984078623,0.20005748778338603
E1,q2_x3_bottleneckliteask_cas-multistream_seed777,cas-multistream,placebo,777,1120,na,lombok,Lombok363,0.5,0,1351,135,14898,56.52534870917465,0.0,0.0
E1,q2_x3_bottleneckliteask_cas-multistream_seed777,cas-multistream,placebo,777,1120,na,lombok,Lombok364,0.5,5,2180,373,13826,53.646416346241274,0.023188405796673535,0.026329113923711133
E1,q2_x3_bottleneckliteask_cas-multistream_seed777,cas-multistream,placebo,777,1120,na,lombok,Lombok365,0.5,52,1844,494,13994,60.108235708594876,0.07193825542406836,0.14506809739951207
E1,q2_x3_bottleneckliteask_cas-multistream_seed777,cas-multistream,placebo,777,1120,na,lombok,Lombok366,0.5,16,1666,233,14469,48.03329105069272,0.0,0.04794520547902046
E1,q2_x3_bottleneckliteask_cas-multistream_seed777,cas-multistream,placebo,777,1120,na,lombok,Lombok367,0.5,0,1638,21,14725,50.49503891341892,0.0,0.0
E1,q2_x3_bottleneckliteask_cas-multistream_seed777,cas-multistream,placebo,777,1120,na,lombok,Lombok368,0.5,1,1400,17,14966,44.18496508956974,0.04975124378084057,0.13888888888855905
E1,q2_x3_bottleneckliteask_cas-multistream_seed777,cas-multistream,placebo,777,1120,na,lombok,Lombok369,0.5,0,1711,62,14611,52.73322486497103,0.0,0.0
E1,q2_x3_bottleneckliteask_cas-multistream_seed777,cas-multistream,placebo,777,1120,na,lombok,Lombok370,0.5,57,1061,99,15167,45.17742799230607,0.05045045044995058,0.1390440720044913
E1,q2_x3_bottleneckliteask_cas-multistream_seed777,cas-multistream,placebo,777,1120,na,lombok,Lombok371,0.5,12,1761,129,14482,48.701447323703185,0.07556427870415686,0.11352253756213869
E1,q2_x3_bottleneckliteask_cas-multistream_seed777,cas-multistream,placebo,777,1120,na,lombok,Lombok372,0.5,0,1587,65,14732,57.20532935340928,0.0,0.0
E1,q2_x3_bottleneckliteask_cas-multistream_seed777,cas-multistream,placebo,777,1120,na,lombok,Lombok373,0.5,0,1574,73,14737,61.97053025062648,0.0,0.0
E1,q2_x3_bottleneckliteask_cas-multistream_seed777,cas-multistream,placebo,777,1120,na,lombok,Lombok374,0.5,2,1509,70,14803,46.6502427139181,0.008474576270783539,0.034912718204000354
E1,q2_x3_bottleneckliteask_cas-multistream_seed777,cas-multistream,placebo,777,1120,na,lombok,Lombok375,0.5,5,937,267,15175,46.88227871116823,0.0,0.009638554216428511
E1,q2_x3_bottleneckliteask_cas-multistream_seed777,cas-multistream,placebo,777,1120,na,lombok,Lombok376,0.5,3,437,267,15677,49.03213218638983,0.04908835904584627,0.057675244010322875
E1,q2_x3_bottleneckliteask_cas-multistream_seed777,cas-multistream,placebo,777,1120,na,lombok,Lombok377,0.5,0,0,295,16089,181.01933598375618,0.0,0.0
E1,q2_x3_bottleneckliteask_cas-multistream_seed777,cas-multistream,placebo,777,1120,na,lombok,Lombok378,0.5,0,0,309,16075,181.01933598375618,0.0,0.0
E1,q2_x3_bottleneckliteask_cas-multistream_seed777,cas-multistream,placebo,777,1120,na,lombok,Lombok379,0.5,0,0,42,16342,181.01933598375618,0.0,0.0
E1,q2_x3_bottleneckliteask_cas-multistream_seed777,cas-multistream,placebo,777,1120,na,lombok,Lombok380,0.5,0,18,20,16346,52.245945511913845,0.0,0.0
E1,q2_x3_bottleneckliteask_cas-multistream_seed777,cas-multistream,placebo,777,1120,na,lombok,Lombok381,0.5,0,0,83,16301,181.01933598375618,0.0,0.0
E1,q2_x3_bottleneckliteask_cas-multistream_seed777,cas-multistream,placebo,777,1120,na,lombok,Lombok382,0.5,62,4319,162,11841,38.207328332584396,0.025510204081142143,0.08833895762979688
E1,q2_x3_bottleneckliteask_cas-multistream_seed777,cas-multistream,placebo,777,1120,na,lombok,Lombok383,0.5,0,590,299,15495,59.881092901131545,0.0,0.0
E1,q2_x3_bottleneckliteask_cas-multistream_seed777,cas-multistream,placebo,777,1120,na,lombok,Lombok384,0.5,0,0,246,16138,181.01933598375618,0.0,0.0
E1,q2_x3_bottleneckliteask_cas-multistream_seed777,cas-multistream,placebo,777,1120,na,lombok,Lombok385,0.5,0,32,103,16249,82.29823813423954,0.0,0.0
E1,q2_x3_bottleneckliteask_cas-multistream_seed777,cas-multistream,placebo,777,1120,na,lombok,Lombok386,0.5,0,15,16,16353,79.4426544885869,0.0,0.0
E1,q2_x3_bottleneckliteask_cas-multistream_seed777,cas-multistream,placebo,777,1120,na,lombok,Lombok387,0.5,0,293,19,16072,62.721460673796784,0.0,0.0
E1,q2_x3_bottleneckliteask_cas-multistream_seed777,cas-multistream,placebo,777,1120,na,lombok,Lombok388,0.5,73,109,14,16188,28.040114223195534,0.7219343696022645,0.8366533864536831
E1,q2_x3_bottleneckliteask_cas-multistream_seed777,cas-multistream,placebo,777,1120,na,lombok,Lombok389,0.5,87,498,94,15705,87.1,0.3578972927031638,0.5566993981623151
E1,q2_x3_bottleneckliteask_cas-multistream_seed777,cas-multistream,placebo,777,1120,na,lombok,Lombok390,0.5,0,1248,178,14958,84.45865788443615,0.0,0.0
E1,q2_x3_bottleneckliteask_cas-multistream_seed777,cas-multistream,placebo,777,1120,na,lombok,Lombok391,0.5,40,3970,98,12276,61.7887308618721,0.05074762120476458,0.0950457407622594
E1,q2_x3_bottleneckliteask_cas-multistream_seed777,cas-multistream,placebo,777,1120,na,lombok,Lombok392,0.5,67,2753,147,13417,51.58377358685138,0.17951856385099002,0.28568293218181184
E1,q2_x3_bottleneckliteask_cas-multistream_seed777,cas-multistream,placebo,777,1120,na,lombok,Lombok393,0.5,34,901,266,15183,72.16404578399681,0.12465644117336386,0.23913645170168846
E1,q2_x3_bottleneckliteask_cas-multistream_seed777,cas-multistream,placebo,777,1120,na,lombok,Lombok394,0.5,0,94,398,15892,148.01351093128855,0.0,0.0
E1,q2_x3_bottleneckliteask_cas-multistream_seed777,cas-multistream,placebo,777,1120,na,lombok,Lombok395,0.5,0,0,649,15735,181.01933598375618,0.0,0.0
E1,q2_x3_bottleneckliteask_cas-multistream_seed777,cas-multistream,placebo,777,1120,na,lombok,Lombok396,0.5,0,39,423,15922,93.36748800980163,0.0,0.0
E1,q2_x3_bottleneckliteask_cas-multistream_seed777,cas-multistream,placebo,777,1120,na,lombok,Lombok397,0.5,0,1176,39,15169,49.659337414720575,0.028169014084207893,0.07667731629365265
E1,q2_x3_bottleneckliteask_cas-multistream_seed777,cas-multistream,placebo,777,1120,na,lombok,Lombok398,0.5,0,1313,19,15052,53.96544818932691,0.0,0.0
E1,q2_x3_bottleneckliteask_cas-multistream_seed777,cas-multistream,placebo,777,1120,na,lombok,Lombok399,0.5,9,1428,70,14877,44.98062253159066,0.08882907133200162,0.14552238805920817
E1,q2_x3_bottleneckliteask_cas-multistream_seed777,cas-multistream,placebo,777,1120,na,lombok,Lombok400,0.5,1,1470,67,14846,48.7136234712052,0.013245033112087716,0.023136246786296708
E1,q2_x3_bottleneckliteask_cas-multistream_seed777,cas-multistream,placebo,777,1120,na,lombok,Lombok401,0.5,0,1204,21,15159,53.823786563191554,0.0,0.0
E1,q2_x3_bottleneckliteask_cas-multistream_seed777,cas-multistream,placebo,777,1120,na,lombok,Lombok402,0.5,0,1332,18,15034,61.01758446487288,0.0,0.0
E1,q2_x3_bottleneckliteask_cas-multistream_seed777,cas-multistream,placebo,777,1120,na,lombok,Lombok403,0.5,0,1482,75,14827,66.670327019144,0.0,0.0
E1,q2_x3_bottleneckliteask_cas-multistream_seed777,cas-multistream,placebo,777,1120,na,lombok,Lombok404,0.5,0,1289,90,15005,49.040799340956916,0.0,0.0
E1,q2_x3_bottleneckliteask_cas-multistream_seed777,cas-multistream,placebo,777,1120,na,lombok,Lombok405,0.5,5,1588,57,14734,38.66193454932597,0.0,0.0
E1,q2_x3_bottleneckliteask_cas-multistream_seed777,cas-multistream,placebo,777,1120,na,lombok,Lombok406,0.5,0,1328,65,14991,31.858775953353927,0.0,0.0
E1,q2_x3_bottleneckliteask_cas-multistream_seed777,cas-multistream,placebo,777,1120,na,lombok,Lombok407,0.5,0,1236,106,15042,47.0,0.0,0.0
E1,q2_x3_bottleneckliteask_cas-multistream_seed777,cas-multistream,placebo,777,1120,na,lombok,Lombok408,0.5,90,970,62,15262,46.58200656249448,0.13207547169761483,0.20523138832948434
E1,q2_x3_bottleneckliteask_cas-multistream_seed777,cas-multistream,placebo,777,1120,na,lombok,Lombok409,0.5,0,1135,67,15182,53.205069224658786,0.0,0.0
E1,q2_x3_bottleneckliteask_cas-multistream_seed777,cas-multistream,placebo,777,1120,na,lombok,Lombok410,0.5,0,589,38,15757,55.48450920167858,0.0,0.0
E1,q2_x3_bottleneckliteask_cas-multistream_seed777,cas-multistream,placebo,777,1120,na,lombok,Lombok411,0.5,0,0,194,16190,181.01933598375618,0.0,0.0
E1,q2_x3_bottleneckliteask_cas-multistream_seed777,cas-multistream,placebo,777,1120,na,lombok,Lombok412,0.5,0,0,212,16172,181.01933598375618,0.0,0.0
E1,q2_x3_bottleneckliteask_cas-multistream_seed777,cas-multistream,placebo,777,1120,na,lombok,Lombok413,0.5,0,130,25,16229,70.53789144731466,0.0,0.0
E1,q2_x3_bottleneckliteask_cas-multistream_seed777,cas-multistream,placebo,777,1120,na,lombok,Lombok414,0.5,0,0,19,16365,181.01933598375618,0.0,0.0
E1,q2_x3_bottleneckliteask_cas-multistream_seed777,cas-multistream,placebo,777,1120,na,lombok,Lombok415,0.5,5,960,89,15330,55.76941488701608,0.06165919282462478,0.08768267223339028
E1,q2_x3_bottleneckliteask_cas-multistream_seed777,cas-multistream,placebo,777,1120,na,lombok,Lombok416,0.5,42,3509,154,12679,39.288436284649954,0.07348438456778003,0.1729010806312557
E1,q2_x3_bottleneckliteask_cas-multistream_seed777,cas-multistream,placebo,777,1120,na,lombok,Lombok417,0.5,21,736,137,15490,67.89403099629727,0.14365522745364215,0.23618673569536547
E1,q2_x3_bottleneckliteask_cas-multistream_seed777,cas-multistream,placebo,777,1120,na,lombok,Lombok418,0.5,0,399,94,15891,59.57489063933856,0.0,0.0
E1,q2_x3_bottleneckliteask_cas-multistream_seed777,cas-multistream,placebo,777,1120,na,lombok,Lombok419,0.5,0,357,57,15970,81.16649181227271,0.0,0.0
E1,q2_x3_bottleneckliteask_cas-multistream_seed777,cas-multistream,placebo,777,1120,na,lombok,Lombok420,0.5,5,1116,14,15249,32.57754494381131,0.07667031763392415,0.13384321223671442
E1,q2_x3_bottleneckliteask_cas-multistream_seed777,cas-multistream,placebo,777,1120,na,lombok,Lombok421,0.5,0,0,37,16347,181.01933598375618,0.0,0.0
E1,q2_x3_bottleneckliteask_cas-multistream_seed777,cas-multistream,placebo,777,1120,na,lombok,Lombok422,0.5,0,0,59,16325,181.01933598375618,0.0,0.0
E1,q2_x3_bottleneckliteask_cas-multistream_seed777,cas-multistream,placebo,777,1120,na,lombok,Lombok423,0.5,0,0,184,16200,181.01933598375618,0.0,0.0
E1,q2_x3_bottleneckliteask_cas-multistream_seed777,cas-multistream,placebo,777,1120,na,lombok,Lombok424,0.5,77,619,166,15522,103.05900021075462,0.18487949818372046,0.25262903420716437
E1,q2_x3_bottleneckliteask_cas-multistream_seed777,cas-multistream,placebo,777,1120,na,lombok,Lombok425,0.5,86,728,249,15321,73.4057115434976,0.1798252417140248,0.312046616719714
E1,q2_x3_bottleneckliteask_cas-multistream_seed777,cas-multistream,placebo,777,1120,na,lombok,Lombok426,0.5,44,317,478,15545,67.57945217739389,0.1303599872568029,0.19287953065954244
E1,q2_x3_bottleneckliteask_cas-multistream_seed777,cas-multistream,placebo,777,1120,na,lombok,Lombok427,0.5,24,73,558,15729,70.29889805532697,0.13738959764449318,0.19493640793982814
E1,q2_x3_bottleneckliteask_cas-multistream_seed777,cas-multistream,placebo,777,1120,na,lombok,Lombok428,0.5,0,25,595,15764,126.71044890626352,0.0,0.0
E1,q2_x3_bottleneckliteask_cas-multistream_seed777,cas-multistream,placebo,777,1120,na,lombok,Lombok429,0.5,0,0,389,15995,181.01933598375618,0.0,0.0
E1,q2_x3_bottleneckliteask_cas-multistream_seed777,cas-multistream,placebo,777,1120,na,lombok,Lombok430,0.5,0,999,78,15307,55.757989669981384,0.0,0.0
E1,q2_x3_bottleneckliteask_cas-multistream_seed777,cas-multistream,placebo,777,1120,na,lombok,Lombok431,0.5,0,1186,27,15171,82.0015243335709,0.0,0.0
E1,q2_x3_bottleneckliteask_cas-multistream_seed777,cas-multistream,placebo,777,1120,na,lombok,Lombok432,0.5,27,1283,0,15074,29.12470295587127,0.0,0.0
E1,q2_x3_bottleneckliteask_cas-multistream_seed777,cas-multistream,placebo,777,1120,na,lombok,Lombok433,0.5,0,1406,40,14938,103.57684139116593,0.0,0.0
E1,q2_x3_bottleneckliteask_cas-multistream_seed777,cas-multistream,placebo,777,1120,na,lombok,Lombok434,0.5,0,888,94,15402,50.24937810560445,0.0,0.0
E1,q2_x3_bottleneckliteask_cas-multistream_seed777,cas-multistream,placebo,777,1120,na,lombok,Lombok435,0.5,0,551,54,15779,59.59866621179126,0.0,0.0
E1,q2_x3_bottleneckliteask_cas-multistream_seed777,cas-multistream,placebo,777,1120,na,lombok,Lombok436,0.5,0,21,25,16338,69.17314581516128,0.0,0.0
E1,q2_x3_bottleneckliteask_cas-multistream_seed777,cas-multistream,placebo,777,1120,na,lombok,Lombok437,0.5,0,0,36,16348,181.01933598375618,0.0,0.0
E1,q2_x3_bottleneckliteask_cas-multistream_seed777,cas-multistream,placebo,777,1120,na,lombok,Lombok438,0.5,0,0,43,16341,181.01933598375618,0.0,0.0
E1,q2_x3_bottleneckliteask_cas-multistream_seed777,cas-multistream,placebo,777,1120,na,lombok,Lombok439,0.5,0,0,20,16364,181.01933598375618,0.0,0.0
E1,q2_x3_bottleneckliteask_cas-multistream_seed777,cas-multistream,placebo,777,1120,na,lombok,Lombok440,0.5,0,18,25,16341,77.54726511770247,0.0,0.0
E1,q2_x3_bottleneckliteask_cas-multistream_seed777,cas-multistream,placebo,777,1120,na,lombok,Lombok441,0.5,2,1666,32,14684,40.872954365543706,0.0,0.0
E1,q2_x3_bottleneckliteask_cas-multistream_seed777,cas-multistream,placebo,777,1120,na,lombok,Lombok442,0.5,11,3357,44,12972,45.027589941455936,0.016643550623780194,0.03425309229255591
E1,q2_x3_bottleneckliteask_cas-multistream_seed777,cas-multistream,placebo,777,1120,na,lombok,Lombok443,0.5,10,1712,79,14583,45.43518139930173,0.10080183276011265,0.16825733474676294
E1,q2_x3_bottleneckliteask_cas-multistream_seed777,cas-multistream,placebo,777,1120,na,lombok,Lombok444,0.5,6,3132,57,13189,54.367303789452066,0.028542303771166663,0.0856269113144898
E1,q2_x3_bottleneckliteask_cas-multistream_seed777,cas-multistream,placebo,777,1120,na,lombok,Lombok445,0.5,0,566,17,15801,76.90741140282333,0.0,0.0
E1,q2_x3_bottleneckliteask_cas-multistream_seed777,cas-multistream,placebo,777,1120,na,lombok,Lombok446,0.5,0,0,35,16349,181.01933598375618,0.0,0.0
E1,q2_x3_bottleneckliteask_cas-multistream_seed777,cas-multistream,placebo,777,1120,na,lombok,Lombok447,0.5,0,0,23,16361,181.01933598375618,0.0,0.0
E1,q2_x3_bottleneckliteask_cas-multistream_seed777,cas-multistream,placebo,777,1120,na,lombok,Lombok448,0.5,13,4,200,16167,48.8209732136342,0.2953586497887778,0.3775100401603363
E1,q2_x3_bottleneckliteask_cas-multistream_seed777,cas-multistream,placebo,777,1120,na,lombok,Lombok449,0.5,156,378,219,15631,50.15974481593781,0.49846046592647486,0.6957295953263081
E1,q2_x3_bottleneckliteask_cas-multistream_seed777,cas-multistream,placebo,777,1120,na,lombok,Lombok450,0.5,44,1,206,16133,77.15924985590986,0.3432835820892678,0.4086021505373092
E1,q2_x3_bottleneckliteask_cas-multistream_seed777,cas-multistream,placebo,777,1120,na,lombok,Lombok451,0.5,73,4,220,16087,71.54659682418978,0.4373425466058529,0.5399999999996058
E1,q2_x3_bottleneckliteask_cas-multistream_seed777,cas-multistream,placebo,777,1120,na,lombok,Lombok452,0.5,107,124,431,15722,78.46718140962832,0.34662045060620106,0.44339723679945486
E1,q2_x3_bottleneckliteask_cas-multistream_seed777,cas-multistream,placebo,777,1120,na,lombok,Lombok453,0.5,68,222,481,15613,114.81710542575304,0.16654898499526122,0.17796712350758062
E1,q2_x3_bottleneckliteask_cas-multistream_seed777,cas-multistream,placebo,777,1120,na,lombok,Lombok454,0.5,11,9,348,16016,100.23819120274598,0.13440860215041225,0.15915119363380575
E1,q2_x3_bottleneckliteask_cas-multistream_seed777,cas-multistream,placebo,777,1120,na,lombok,Lombok455,0.5,0,0,209,16175,181.01933598375618,0.0,0.0
E1,q2_x3_bottleneckliteask_cas-multistream_seed777,cas-multistream,placebo,777,1120,na,lombok,Lombok456,0.5,6,437,67,15874,47.6335765512925,0.16153028692830168,0.18542635658864742
E1,q2_x3_bottleneckliteask_cas-multistream_seed777,cas-multistream,placebo,777,1120,na,lombok,Lombok457,0.5,0,0,26,16358,181.01933598375618,0.0,0.0
E1,q2_x3_bottleneckliteask_cas-multistream_seed777,cas-multistream,placebo,777,1120,na,lombok,Lombok458,0.5,0,0,31,16353,181.01933598375618,0.0,0.0
E1,q2_x3_bottleneckliteask_cas-multistream_seed777,cas-multistream,placebo,777,1120,na,lombok,Lombok459,0.5,0,0,16,16368,181.01933598375618,0.0,0.0
E1,q2_x3_bottleneckliteask_cas-multistream_seed777,cas-multistream,placebo,777,1120,na,lombok,Lombok460,0.5,0,219,20,16145,72.45536090041834,0.0,0.0
E1,q2_x3_bottleneckliteask_cas-multistream_seed777,cas-multistream,placebo,777,1120,na,lombok,Lombok461,0.5,1,4021,23,12339,71.41253230458204,0.0,0.0
E1,q2_x3_bottleneckliteask_cas-multistream_seed777,cas-multistream,placebo,777,1120,na,lombok,Lombok462,0.5,13,3978,5,12388,34.313748098999916,0.0,0.13152251608266421
E1,q2_x3_bottleneckliteask_cas-multistream_seed777,cas-multistream,placebo,777,1120,na,lombok,Lombok463,0.5,0,0,195,16189,181.01933598375618,0.0,0.0
E1,q2_x3_bottleneckliteask_cas-multistream_seed777,cas-multistream,placebo,777,1120,na,lombok,Lombok464,0.5,26,8,238,16112,48.79549159502341,0.1666666666665139,0.2056737588650637
E1,q2_x3_bottleneckliteask_cas-multistream_seed777,cas-multistream,placebo,777,1120,na,lombok,Lombok465,0.5,0,0,96,16288,181.01933598375618,0.0,0.0
E1,q2_x3_bottleneckliteask_cas-multistream_seed777,cas-multistream,placebo,777,1120,na,lombok,Lombok466,0.5,0,0,119,16265,181.01933598375618,0.0,0.0
E1,q2_x3_bottleneckliteask_cas-multistream_seed777,cas-multistream,placebo,777,1120,na,lombok,Lombok467,0.5,8,9,283,16084,70.22036673350094,0.13559322033885662,0.20261437908478522
E1,q2_x3_bottleneckliteask_cas-multistream_seed777,cas-multistream,placebo,777,1120,na,lombok,Lombok468,0.5,33,18,305,16028,69.35485319806295,0.24987066735621322,0.3023872679042526
E1,q2_x3_bottleneckliteask_cas-multistream_seed777,cas-multistream,placebo,777,1120,na,lombok,Lombok469,0.5,130,644,138,15472,41.782761716661426,0.36070740675844243,0.5772214164087089
E1,q2_x3_bottleneckliteask_cas-multistream_seed777,cas-multistream,placebo,777,1120,na,lombok,Lombok470,0.5,0,0,121,16263,181.01933598375618,0.0,0.0
E1,q2_x3_bottleneckliteask_cas-multistream_seed777,cas-multistream,placebo,777,1120,na,lombok,Lombok471,0.5,0,1569,16,14799,50.06025616528533,0.0,0.0
E1,q2_x3_bottleneckliteask_cas-multistream_seed777,cas-multistream,placebo,777,1120,na,lombok,Lombok472,0.5,0,391,35,15958,59.32138323935272,0.0,0.0
E1,q2_x3_bottleneckliteask_cas-multistream_seed777,cas-multistream,placebo,777,1120,na,lombok,Lombok473,0.5,7,197,62,16118,78.67772423881131,0.10506798516647392,0.17908538535302215
E1,q2_x3_bottleneckliteask_cas-multistream_seed777,cas-multistream,placebo,777,1120,na,lombok,Lombok474,0.5,0,0,34,16350,181.01933598375618,0.0,0.0
E1,q2_x3_bottleneckliteask_cas-multistream_seed777,cas-multistream,placebo,777,1120,na,lombok,Lombok475,0.5,0,236,41,16107,79.90619500389191,0.0,0.0
E1,q2_x3_bottleneckliteask_cas-multistream_seed777,cas-multistream,placebo,777,1120,na,lombok,Lombok476,0.5,13,297,166,15908,60.62504831363044,0.13365236711631512,0.1882500260875053
E1,q2_x3_bottleneckliteask_cas-multistream_seed777,cas-multistream,placebo,777,1120,na,lombok,Lombok477,0.5,13,13,164,16194,75.27657356390155,0.1658031088081381,0.18461538461521704
E1,q2_x3_bottleneckliteask_cas-multistream_seed777,cas-multistream,placebo,777,1120,na,lombok,Lombok478,0.5,11,10,34,16329,47.382067102493814,0.5333333333329422,0.5806451612899105
E1,q2_x3_bottleneckliteask_cas-multistream_seed777,cas-multistream,placebo,777,1120,na,lombok,Lombok479,0.5,2,238,49,16095,60.94248769643859,0.059322033897805125,0.10958904109539275
E1,q2_x3_bottleneckliteask_cas-multistream_seed777,cas-multistream,placebo,777,1120,na,lombok,Lombok480,0.5,0,504,61,15819,56.1105989459015,0.0,0.0
E1,q2_x3_bottleneckliteask_cas-multistream_seed777,cas-multistream,placebo,777,1120,na,lombok,Lombok481,0.5,0,74,50,16260,86.58266103440614,0.0,0.0
E1,q2_x3_bottleneckliteask_cas-multistream_seed777,cas-multistream,placebo,777,1120,na,lombok,Lombok483,0.5,16,2490,5,13873,48.54632356750115,0.09714285714268174,0.17843866170982758
E1,q2_x3_bottleneckliteask_cas-multistream_seed777,cas-multistream,placebo,777,1120,na,lombok,Lombok484,0.5,5,333,54,15992,57.348829944444326,0.16483516483468663,0.24489795918323362
E1,q2_x3_bottleneckliteask_cas-multistream_seed777,cas-multistream,placebo,777,1120,na,lombok,Lombok485,0.5,2,2500,36,13846,51.93505141742779,0.0,0.025641025640731094
E1,q2_x3_bottleneckliteask_cas-multistream_seed777,cas-multistream,placebo,777,1120,na,lombok,Lombok486,0.5,11,1048,29,15296,48.48088344964979,0.09388335704096867,0.13463751438402138
E1,q2_x3_bottleneckliteask_cas-multistream_seed777,cas-multistream,placebo,777,1120,na,lombok,Lombok487,0.5,14,598,46,15726,62.312158107030555,0.040697674418180514,0.22517785338644775
E1,q2_x3_bottleneckliteask_cas-multistream_seed777,cas-multistream,placebo,777,1120,na,lombok,Lombok488,0.5,0,66,36,16282,80.4404963334228,0.0,0.0
E1,q2_x3_bottleneckliteask_cas-multistream_seed777,cas-multistream,placebo,777,1120,na,lombok,Lombok489,0.5,0,569,43,15772,48.53622551254564,0.0,0.0
E1,q2_x3_bottleneckliteask_cas-multistream_seed777,cas-multistream,placebo,777,1120,na,lombok,Lombok490,0.5,0,0,39,16345,181.01933598375618,0.0,0.0
E1,q2_x3_bottleneckliteask_cas-multistream_seed777,cas-multistream,placebo,777,1120,na,lombok,Lombok494,0.5,0,638,43,15703,49.11202072476518,0.0,0.0
E1,q2_x3_bottleneckliteask_cas-multistream_seed777,cas-multistream,placebo,777,1120,na,lombok,Lombok495,0.5,0,0,39,16345,181.01933598375618,0.0,0.0
E1,q2_x3_bottleneckliteask_cas-multistream_seed777,cas-multistream,placebo,777,1120,na,palu,Palu0001,0.5,55,643,223,15463,51.0612319353853,0.16157228948327254,0.3137020861021957
E1,q2_x3_bottleneckliteask_cas-multistream_seed777,cas-multistream,placebo,777,1120,na,palu,Palu0002,0.5,0,556,181,15647,61.989637520630744,0.0,0.0
E1,q2_x3_bottleneckliteask_cas-multistream_seed777,cas-multistream,placebo,777,1120,na,palu,Palu0003,0.5,0,297,535,15552,55.00409057105512,0.0,0.0
E1,q2_x3_bottleneckliteask_cas-multistream_seed777,cas-multistream,placebo,777,1120,na,palu,Palu0004,0.5,0,0,376,16008,181.01933598375618,0.0,0.0
E1,q2_x3_bottleneckliteask_cas-multistream_seed777,cas-multistream,placebo,777,1120,na,palu,Palu0005,0.5,0,289,106,15989,53.25410782277739,0.0,0.0
E1,q2_x3_bottleneckliteask_cas-multistream_seed777,cas-multistream,placebo,777,1120,na,palu,Palu0006,0.5,12,39,188,16145,34.05436572900651,0.1572052401742622,0.19123505976050081
E1,q2_x3_bottleneckliteask_cas-multistream_seed777,cas-multistream,placebo,777,1120,na,palu,Palu0007,0.5,47,26,305,16006,68.0142974671642,0.3420314858741873,0.39478435305885484
E1,q2_x3_bottleneckliteask_cas-multistream_seed777,cas-multistream,placebo,777,1120,na,palu,Palu0008,0.5,0,467,282,15635,64.4127241770758,0.0,0.0
E1,q2_x3_bottleneckliteask_cas-multistream_seed777,cas-multistream,placebo,777,1120,na,palu,Palu0009,0.5,0,362,125,15897,108.39740958590193,0.0,0.0
E1,q2_x3_bottleneckliteask_cas-multistream_seed777,cas-multistream,placebo,777,1120,na,palu,Palu0011,0.5,0,695,34,15655,53.0122620529853,0.0,0.0
E1,q2_x3_bottleneckliteask_cas-multistream_seed777,cas-multistream,placebo,777,1120,na,palu,Palu0012,0.5,0,334,41,16009,42.86922901230645,0.0,0.0
E1,q2_x3_bottleneckliteask_cas-multistream_seed777,cas-multistream,placebo,777,1120,na,palu,Palu0013,0.5,33,83,135,16133,64.28218159052703,0.38628293776824085,0.4602045353486655
E1,q2_x3_bottleneckliteask_cas-multistream_seed777,cas-multistream,placebo,777,1120,na,palu,Palu0014,0.5,0,390,127,15867,44.063467183936076,0.0,0.0
E1,q2_x3_bottleneckliteask_cas-multistream_seed777,cas-multistream,placebo,777,1120,na,palu,Palu0015,0.5,0,533,34,15817,67.9790407175579,0.0,0.0
E1,q2_x3_bottleneckliteask_cas-multistream_seed777,cas-multistream,placebo,777,1120,na,palu,Palu0016,0.5,0,516,34,15834,99.20181449953424,0.0,0.0
E1,q2_x3_bottleneckliteask_cas-multistream_seed777,cas-multistream,placebo,777,1120,na,palu,Palu0017,0.5,0,189,41,16154,68.93033727424445,0.0,0.0
E1,q2_x3_bottleneckliteask_cas-multistream_seed777,cas-multistream,placebo,777,1120,na,palu,Palu0018,0.5,0,163,99,16122,63.69163947935426,0.0,0.0
E1,q2_x3_bottleneckliteask_cas-multistream_seed777,cas-multistream,placebo,777,1120,na,palu,Palu0019,0.5,8,470,95,15811,67.61061729664397,0.10871302957591349,0.11686586985353772
E1,q2_x3_bottleneckliteask_cas-multistream_seed777,cas-multistream,placebo,777,1120,na,palu,Palu0020,0.5,0,220,47,16117,37.19620337174901,0.0,0.0
E1,q2_x3_bottleneckliteask_cas-multistream_seed777,cas-multistream,placebo,777,1120,na,palu,Palu0021,0.5,0,1055,26,15303,64.12760334904749,0.0,0.0
E1,q2_x3_bottleneckliteask_cas-multistream_seed777,cas-multistream,placebo,777,1120,na,palu,Palu0022,0.5,0,0,30,16354,181.01933598375618,0.0,0.0
E1,q2_x3_bottleneckliteask_cas-multistream_seed777,cas-multistream,placebo,777,1120,na,palu,Palu0023,0.5,0,265,20,16099,41.350283905052855,0.0,0.0
E1,q2_x3_bottleneckliteask_cas-multistream_seed777,cas-multistream,placebo,777,1120,na,palu,Palu0024,0.5,0,204,85,16095,89.98081970801479,0.0,0.0
E1,q2_x3_bottleneckliteask_cas-multistream_seed777,cas-multistream,placebo,777,1120,na,palu,Palu0025,0.5,18,172,78,16116,37.61245801426077,0.22727272727223657,0.2657873042039522
E1,q2_x3_bottleneckliteask_cas-multistream_seed777,cas-multistream,placebo,777,1120,na,palu,Palu0026,0.5,15,55,64,16250,90.86169542414389,0.3219624377151222,0.3446153846149285
E1,q2_x3_bottleneckliteask_cas-multistream_seed777,cas-multistream,placebo,777,1120,na,palu,Palu0027,0.5,0,58,74,16252,59.06943079093968,0.0,0.0
E1,q2_x3_bottleneckliteask_cas-multistream_seed777,cas-multistream,placebo,777,1120,na,palu,Palu0028,0.5,0,0,28,16356,181.01933598375618,0.0,0.0
E1,q2_x3_bottleneckliteask_cas-multistream_seed777,cas-multistream,placebo,777,1120,na,palu,Palu0029,0.5,0,97,22,16265,47.5864470547785,0.0,0.0
E1,q2_x3_bottleneckliteask_cas-multistream_seed777,cas-multistream,placebo,777,1120,na,palu,Palu0031,0.5,0,1003,53,15328,57.434283125471964,0.0,0.0
E1,q2_x3_bottleneckliteask_cas-multistream_seed777,cas-multistream,placebo,777,1120,na,palu,Palu0032,0.5,26,1183,72,15103,36.96838664645681,0.08941176470553264,0.19427148194235097
E1,q2_x3_bottleneckliteask_cas-multistream_seed777,cas-multistream,placebo,777,1120,na,palu,Palu0033,0.5,26,569,84,15705,53.61508896988178,0.10438908659499288,0.23177036904924153
E1,q2_x3_bottleneckliteask_cas-multistream_seed777,cas-multistream,placebo,777,1120,na,palu,Palu0034,0.5,0,62,57,16265,70.75144800422326,0.0,0.0
E1,q2_x3_bottleneckliteask_cas-multistream_seed777,cas-multistream,placebo,777,1120,na,palu,Palu0037,0.5,0,0,53,16331,181.01933598375618,0.0,0.0
E1,q2_x3_bottleneckliteask_cas-multistream_seed777,cas-multistream,placebo,777,1120,na,palu,Palu0038,0.5,47,40,69,16228,36.35106538462177,0.33846153846105553,0.37980311209858686
E1,q2_x3_bottleneckliteask_cas-multistream_seed777,cas-multistream,placebo,777,1120,na,palu,Palu0039,0.5,0,41,137,16206,112.38238478258168,0.0,0.0
E1,q2_x3_bottleneckliteask_cas-multistream_seed777,cas-multistream,placebo,777,1120,na,palu,Palu0040,0.5,71,1144,54,15115,62.172340992422626,0.1989890928433988,0.3640938355653009
E1,q2_x3_bottleneckliteask_cas-multistream_seed777,cas-multistream,placebo,777,1120,na,palu,Palu0041,0.5,5,1456,145,14778,60.920028613768565,0.026402640263527063,0.037485582467785904
E1,q2_x3_bottleneckliteask_cas-multistream_seed777,cas-multistream,placebo,777,1120,na,palu,Palu0042,0.5,4,667,132,15581,43.32435804486894,0.044991965719907066,0.044991965719907066
E1,q2_x3_bottleneckliteask_cas-multistream_seed777,cas-multistream,placebo,777,1120,na,palu,Palu0043,0.5,0,440,37,15907,77.97002670529102,0.0,0.0
E1,q2_x3_bottleneckliteask_cas-multistream_seed777,cas-multistream,placebo,777,1120,na,palu,Palu0044,0.5,0,0,53,16331,181.01933598375618,0.0,0.0
E1,q2_x3_bottleneckliteask_cas-multistream_seed777,cas-multistream,placebo,777,1120,na,palu,Palu0045,0.5,40,4,237,16103,70.67239069579618,0.32110091743092306,0.3287671232873965
E1,q2_x3_bottleneckliteask_cas-multistream_seed777,cas-multistream,placebo,777,1120,na,palu,Palu0046,0.5,47,286,250,15801,119.50313803411188,0.21826182618216203,0.2571428571424209
E1,q2_x3_bottleneckliteask_cas-multistream_seed777,cas-multistream,placebo,777,1120,na,palu,Palu0047,0.5,10,710,140,15524,55.47071299343465,0.08424599831458542,0.13091299293529807
E1,q2_x3_bottleneckliteask_cas-multistream_seed777,cas-multistream,placebo,777,1120,na,palu,Palu0048,0.5,0,0,266,16118,181.01933598375618,0.0,0.0
E1,q2_x3_bottleneckliteask_cas-multistream_seed777,cas-multistream,placebo,777,1120,na,palu,Palu0049,0.5,0,158,214,16012,69.43150274455631,0.0,0.0
E1,q2_x3_bottleneckliteask_cas-multistream_seed777,cas-multistream,placebo,777,1120,na,palu,Palu0050,0.5,0,0,25,16359,181.01933598375618,0.0,0.0
E1,q2_x3_bottleneckliteask_cas-multistream_seed777,cas-multistream,placebo,777,1120,na,palu,Palu0051,0.5,0,0,36,16348,181.01933598375618,0.0,0.0
E1,q2_x3_bottleneckliteask_cas-multistream_seed777,cas-multistream,placebo,777,1120,na,palu,Palu0053,0.5,58,811,149,15366,45.835496794066266,0.12232415902091182,0.1803833145429115
E1,q2_x3_bottleneckliteask_cas-multistream_seed777,cas-multistream,placebo,777,1120,na,palu,Palu0054,0.5,67,1212,147,14958,83.68482003515376,0.1463014260794496,0.21182266009818826
E1,q2_x3_bottleneckliteask_cas-multistream_seed777,cas-multistream,placebo,777,1120,na,palu,Palu0055,0.5,0,612,83,15689,109.53821341721405,0.0,0.0
E1,q2_x3_bottleneckliteask_cas-multistream_seed777,cas-multistream,placebo,777,1120,na,palu,Palu0056,0.5,14,680,196,15494,59.98069945415842,0.09411764705834354,0.10519031141824332
E1,q2_x3_bottleneckliteask_cas-multistream_seed777,cas-multistream,placebo,777,1120,na,palu,Palu0057,0.5,0,0,135,16249,181.01933598375618,0.0,0.0
E1,q2_x3_bottleneckliteask_cas-multistream_seed777,cas-multistream,placebo,777,1120,na,palu,Palu0058,0.5,0,901,17,15466,70.9077130679701,0.0,0.0
E1,q2_x3_bottleneckliteask_cas-multistream_seed777,cas-multistream,placebo,777,1120,na,palu,Palu0059,0.5,0,242,58,16084,42.54406884288202,0.0,0.0
E1,q2_x3_bottleneckliteask_cas-multistream_seed777,cas-multistream,placebo,777,1120,na,palu,Palu0060,0.5,0,160,42,16182,81.6333265278342,0.0,0.0
E1,q2_x3_bottleneckliteask_cas-multistream_seed777,cas-multistream,placebo,777,1120,na,palu,Palu0061,0.5,0,136,46,16202,93.65492138139379,0.0,0.0
E1,q2_x3_bottleneckliteask_cas-multistream_seed777,cas-multistream,placebo,777,1120,na,palu,Palu0062,0.5,0,2187,46,14151,124.1004695656541,0.0,0.0
E1,q2_x3_bottleneckliteask_cas-multistream_seed777,cas-multistream,placebo,777,1120,na,palu,Palu0063,0.5,0,1012,60,15312,103.9471019317037,0.0,0.0
E1,q2_x3_bottleneckliteask_cas-multistream_seed777,cas-multistream,placebo,777,1120,na,palu,Palu0064,0.5,0,433,61,15890,77.1964759392474,0.0,0.00992555831240515
E1,q2_x3_bottleneckliteask_cas-multistream_seed777,cas-multistream,placebo,777,1120,na,palu,Palu0066,0.5,0,2075,34,14275,56.96839915321233,0.0,0.0
E1,q2_x3_bottleneckliteask_cas-multistream_seed777,cas-multistream,placebo,777,1120,na,palu,Palu0067,0.5,0,829,31,15524,61.98821621068137,0.0,0.0
E1,q2_x3_bottleneckliteask_cas-multistream_seed777,cas-multistream,placebo,777,1120,na,palu,Palu0070,0.5,0,10,23,16351,104.14607827467572,0.0,0.0
E1,q2_x3_bottleneckliteask_cas-multistream_seed777,cas-multistream,placebo,777,1120,na,palu,Palu0071,0.5,0,15,24,16345,75.24084479940667,0.0,0.0
E1,q2_x3_bottleneckliteask_cas-multistream_seed777,cas-multistream,placebo,777,1120,na,palu,Palu0072,0.5,0,2171,34,14179,63.84506707675575,0.0,0.0
E1,q2_x3_bottleneckliteask_cas-multistream_seed777,cas-multistream,placebo,777,1120,na,palu,Palu0073,0.5,0,2629,34,13721,68.56670501915015,0.0,0.0
E1,q2_x3_bottleneckliteask_cas-multistream_seed777,cas-multistream,placebo,777,1120,na,palu,Palu0078,0.5,0,0,31,16353,181.01933598375618,0.0,0.0
E1,q2_x3_bottleneckliteask_cas-multistream_seed777,cas-multistream,placebo,777,1120,na,palu,Palu0079,0.5,0,0,25,16359,181.01933598375618,0.0,0.0
E1,q2_x3_bottleneckliteask_cas-multistream_seed777,cas-multistream,placebo,777,1120,na,palu,Palu0083,0.5,0,193,24,16167,101.83663602537527,0.0,0.0
E1,q2_x3_bottleneckliteask_cas-multistream_seed777,cas-multistream,placebo,777,1120,na,palu,Palu0084,0.5,0,66,47,16271,71.01683846777941,0.0,0.0
E1,q2_x3_bottleneckliteask_cas-multistream_seed777,cas-multistream,placebo,777,1120,na,palu,Palu0085,0.5,0,0,30,16354,181.01933598375618,0.0,0.0
E1,q2_x3_bottleneckliteask_cas-multistream_seed777,cas-multistream,placebo,777,1120,na,palu,Palu0086,0.5,0,147,38,16199,75.46772323151814,0.0,0.0
E1,q2_x3_bottleneckliteask_cas-multistream_seed777,cas-multistream,placebo,777,1120,na,palu,Palu0087,0.5,0,360,143,15881,95.21233575118477,0.0,0.0
E1,q2_x3_bottleneckliteask_cas-multistream_seed777,cas-multistream,placebo,777,1120,na,palu,Palu0088,0.5,0,0,112,16272,181.01933598375618,0.0,0.0
E1,q2_x3_bottleneckliteask_cas-multistream_seed777,cas-multistream,placebo,777,1120,na,palu,Palu0089,0.5,0,98,29,16257,131.170659331997,0.0,0.0
E1,q2_x3_bottleneckliteask_cas-multistream_seed777,cas-multistream,placebo,777,1120,na,palu,Palu0090,0.5,0,1364,29,14991,62.222020629494764,0.0,0.0
E1,q2_x3_bottleneckliteask_cas-multistream_seed777,cas-multistream,placebo,777,1120,na,palu,Palu0091,0.5,0,88,24,16272,66.95462525924098,0.0,0.0
E1,q2_x3_bottleneckliteask_cas-multistream_seed777,cas-multistream,placebo,777,1120,na,palu,Palu0092,0.5,0,461,41,15882,67.85053401627822,0.0,0.0
E1,q2_x3_bottleneckliteask_cas-multistream_seed777,cas-multistream,placebo,777,1120,na,palu,Palu0093,0.5,0,165,30,16189,71.44116894524082,0.0,0.0
E1,q2_x3_bottleneckliteask_cas-multistream_seed777,cas-multistream,placebo,777,1120,na,palu,Palu0094,0.5,0,757,44,15583,61.73413659604273,0.0,0.0
E1,q2_x3_bottleneckliteask_cas-multistream_seed777,cas-multistream,placebo,777,1120,na,palu,Palu0095,0.5,0,710,154,15520,94.11771628343273,0.0,0.0
E1,q2_x3_bottleneckliteask_cas-multistream_seed777,cas-multistream,placebo,777,1120,na,palu,Palu0096,0.5,0,0,123,16261,181.01933598375618,0.0,0.0
E1,q2_x3_bottleneckliteask_cas-multistream_seed777,cas-multistream,placebo,777,1120,na,palu,Palu0097,0.5,0,1444,411,14529,64.40962518635331,0.0,0.0
E1,q2_x3_bottleneckliteask_cas-multistream_seed777,cas-multistream,placebo,777,1120,na,palu,Palu0098,0.5,0,1666,411,14307,56.113596647934884,0.0,0.0
E1,q2_x3_bottleneckliteask_cas-multistream_seed777,cas-multistream,placebo,777,1120,na,palu,Palu0104,0.5,0,469,382,15533,128.69343417595164,0.0,0.0
E1,q2_x3_bottleneckliteask_cas-multistream_seed777,cas-multistream,placebo,777,1120,na,palu,Palu0105,0.5,0,0,382,16002,181.01933598375618,0.0,0.0
E1,q2_x3_bottleneckliteask_cas-multistream_seed777,cas-multistream,placebo,777,1120,na,palu,Palu0106,0.5,0,0,37,16347,181.01933598375618,0.0,0.0
E1,q2_x3_bottleneckliteask_cas-multistream_seed777,cas-multistream,placebo,777,1120,na,palu,Palu0107,0.5,0,0,157,16227,181.01933598375618,0.0,0.0
E1,q2_x3_bottleneckliteask_cas-multistream_seed777,cas-multistream,placebo,777,1120,na,palu,Palu0108,0.5,0,429,120,15835,125.88367590532584,0.0,0.0
E1,q2_x3_bottleneckliteask_cas-multistream_seed777,cas-multistream,placebo,777,1120,na,palu,Palu0110,0.5,0,400,53,15931,71.69008557522415,0.0,0.0
E1,q2_x3_bottleneckliteask_cas-multistream_seed777,cas-multistream,placebo,777,1120,na,palu,Palu0111,0.5,0,383,157,15844,111.3579694383144,0.0,0.0
E1,q2_x3_bottleneckliteask_cas-multistream_seed777,cas-multistream,placebo,777,1120,na,palu,Palu0112,0.5,0,4,120,16260,70.81525120051623,0.0,0.0
E1,q2_x3_bottleneckliteask_cas-multistream_seed777,cas-multistream,placebo,777,1120,na,palu,Palu0113,0.5,0,91,30,16263,64.69638825044241,0.0,0.0
E1,q2_x3_bottleneckliteask_cas-multistream_seed777,cas-multistream,placebo,777,1120,na,palu,Palu0114,0.5,0,0,32,16352,181.01933598375618,0.0,0.0
E1,q2_x3_bottleneckliteask_cas-multistream_seed777,cas-multistream,placebo,777,1120,na,palu,Palu0117,0.5,0,0,67,16317,181.01933598375618,0.0,0.0
E1,q2_x3_bottleneckliteask_cas-multistream_seed777,cas-multistream,placebo,777,1120,na,palu,Palu0118,0.5,37,77,42,16228,136.6344737696201,0.47524752475198123,0.595890410958404
E1,q2_x3_bottleneckliteask_cas-multistream_seed777,cas-multistream,placebo,777,1120,na,palu,Palu0120,0.5,0,0,30,16354,181.01933598375618,0.0,0.0
E1,q2_x3_bottleneckliteask_cas-multistream_seed777,cas-multistream,placebo,777,1120,na,palu,Palu0121,0.5,0,24,32,16328,26.190913918583135,0.0,0.0
E1,q2_x3_bottleneckliteask_cas-multistream_seed777,cas-multistream,placebo,777,1120,na,palu,Palu0125,0.5,0,23,67,16294,28.844410203711913,0.0,0.0
E1,q2_x3_bottleneckliteask_cas-multistream_seed777,cas-multistream,placebo,777,1120,na,palu,Palu0126,0.5,0,562,87,15735,78.919868873356,0.0,0.0
E1,q2_x3_bottleneckliteask_cas-multistream_seed777,cas-multistream,placebo,777,1120,na,palu,Palu0127,0.5,0,0,34,16350,181.01933598375618,0.0,0.0
E1,q2_x3_bottleneckliteask_cas-multistream_seed777,cas-multistream,placebo,777,1120,na,palu,Palu0130,0.5,15,796,11,15562,66.75851803061705,0.08264462809883615,0.22996515679402924
E1,q2_x3_bottleneckliteask_cas-multistream_seed777,cas-multistream,placebo,777,1120,na,palu,Palu0131,0.5,0,1456,18,14910,75.89069423126767,0.0,0.0
E1,q2_x3_bottleneckliteask_cas-multistream_seed777,cas-multistream,placebo,777,1120,na,palu,Palu0132,0.5,0,548,24,15812,115.32345467082139,0.0,0.0
E1,q2_x3_bottleneckliteask_cas-multistream_seed777,cas-multistream,placebo,777,1120,na,palu,Palu0133,0.5,0,0,45,16339,181.01933598375618,0.0,0.0
E1,q2_x3_bottleneckliteask_cas-multistream_seed777,cas-multistream,placebo,777,1120,na,palu,Palu0134,0.5,0,0,29,16355,181.01933598375618,0.0,0.0
E1,q2_x3_bottleneckliteask_cas-multistream_seed777,cas-multistream,placebo,777,1120,na,palu,Palu0138,0.5,0,1432,16,14936,62.43996645685413,0.0,0.0
E1,q2_x3_bottleneckliteask_cas-multistream_seed777,cas-multistream,placebo,777,1120,na,palu,Palu0140,0.5,0,311,54,16019,131.03549133043003,0.0,0.0
E1,q2_x3_bottleneckliteask_cas-multistream_seed777,cas-multistream,placebo,777,1120,na,palu,Palu0141,0.5,0,334,407,15643,100.41611263029502,0.0,0.0
E1,q2_x3_bottleneckliteask_cas-multistream_seed777,cas-multistream,placebo,777,1120,na,palu,Palu0142,0.5,173,103,241,15867,30.571127114320564,0.5091245091240593,0.677190213101361
E1,q2_x3_bottleneckliteask_cas-multistream_seed777,cas-multistream,placebo,777,1120,na,palu,Palu0146,0.5,0,20,33,16331,78.44698626675184,0.0,0.0
E1,q2_x3_bottleneckliteask_cas-multistream_seed777,cas-multistream,placebo,777,1120,na,palu,Palu0147,0.5,0,0,162,16222,181.01933598375618,0.0,0.0
E1,q2_x3_bottleneckliteask_cas-multistream_seed777,cas-multistream,placebo,777,1120,na,palu,Palu0151,0.5,0,0,444,15940,181.01933598375618,0.0,0.0
E1,q2_x3_bottleneckliteask_cas-multistream_seed777,cas-multistream,placebo,777,1120,na,palu,Palu0152,0.5,0,0,461,15923,181.01933598375618,0.0,0.0
E1,q2_x3_bottleneckliteask_cas-multistream_seed777,cas-multistream,placebo,777,1120,na,palu,Palu0157,0.5,83,1247,123,14931,41.98491777613019,0.14330218068489844,0.278481012657774
E1,q2_x3_bottleneckliteask_cas-multistream_seed777,cas-multistream,placebo,777,1120,na,palu,Palu0158,0.5,43,791,150,15400,49.17345312790552,0.1700523945211021,0.2972399150738744
E1,q2_x3_bottleneckliteask_cas-multistream_seed777,cas-multistream,placebo,777,1120,na,palu,Palu0163,0.5,0,9,76,16299,122.22386159784521,0.0,0.0
E1,q2_x3_bottleneckliteask_cas-multistream_seed777,cas-multistream,placebo,777,1120,na,palu,Palu0167,0.5,0,1591,49,14744,61.08108521449218,0.0,0.0
E1,q2_x3_bottleneckliteask_cas-multistream_seed777,cas-multistream,placebo,777,1120,na,palu,Palu0168,0.5,0,125,65,16194,87.38571134551565,0.0,0.0
E1,q2_x3_bottleneckliteask_cas-multistream_seed777,cas-multistream,placebo,777,1120,na,palu,Palu0172,0.5,0,4,20,16360,95.70438453039817,0.0,0.0
E1,q2_x3_bottleneckliteask_cas-multistream_seed777,cas-multistream,placebo,777,1120,na,palu,Palu0175,0.5,2,415,27,15940,57.28001396647874,0.0947368421047667,0.11748251748202669
E1,q2_x3_bottleneckliteask_cas-multistream_seed777,cas-multistream,placebo,777,1120,na,palu,Palu0176,0.5,9,1409,21,14945,54.885242323524956,0.07964601769879612,0.11155378486015557
E1,q2_x3_bottleneckliteask_cas-multistream_seed777,cas-multistream,placebo,777,1120,na,palu,Palu0177,0.5,0,506,42,15836,52.81475616494863,0.0,0.0
E1,q2_x3_bottleneckliteask_cas-multistream_seed777,cas-multistream,placebo,777,1120,na,palu,Palu0178,0.5,0,337,35,16012,71.00840058843485,0.0,0.0
E1,q2_x3_bottleneckliteask_cas-multistream_seed777,cas-multistream,placebo,777,1120,na,palu,Palu0181,0.5,10,2563,15,13796,67.00970008030167,0.07609756097549097,0.09760765550224292
E1,q2_x3_bottleneckliteask_cas-multistream_seed777,cas-multistream,placebo,777,1120,na,palu,Palu0182,0.5,33,2638,3,13710,49.10846677427925,0.11382113821113227,0.2206235011987551
E1,q2_x3_bottleneckliteask_cas-multistream_seed777,cas-multistream,placebo,777,1120,na,palu,Palu0183,0.5,0,1045,21,15318,81.96582010144894,0.0,0.0
E1,q2_x3_bottleneckliteask_cas-multistream_seed777,cas-multistream,placebo,777,1120,na,palu,Palu0184,0.5,0,3355,188,12841,104.5780484728665,0.0,0.0
E1,q2_x3_bottleneckliteask_cas-multistream_seed777,cas-multistream,placebo,777,1120,na,palu,Palu0185,0.5,0,10,754,15620,86.82683708774671,0.0,0.0
E1,q2_x3_bottleneckliteask_cas-multistream_seed777,cas-multistream,placebo,777,1120,na,palu,Palu0186,0.5,0,331,566,15487,136.3586241218933,0.0,0.0
E1,q2_x3_bottleneckliteask_cas-multistream_seed777,cas-multistream,placebo,777,1120,na,palu,Palu0194,0.5,0,817,26,15541,68.67450552057858,0.0,0.0
E1,q2_x3_bottleneckliteask_cas-multistream_seed777,cas-multistream,placebo,777,1120,na,palu,Palu0195,0.5,7,3118,20,13239,47.432583587974456,0.0,0.0
E1,q2_x3_bottleneckliteask_cas-multistream_seed777,cas-multistream,placebo,777,1120,na,palu,Palu0196,0.5,27,2426,10,13921,46.010868281309364,0.0,0.0
E1,q2_x3_bottleneckliteask_cas-multistream_seed777,cas-multistream,placebo,777,1120,na,palu,Palu0197,0.5,0,689,30,15665,37.002702209328696,0.0,0.0
E1,q2_x3_bottleneckliteask_cas-multistream_seed777,cas-multistream,placebo,777,1120,na,palu,Palu0200,0.5,0,1818,25,14541,74.72510514297969,0.0,0.0
E1,q2_x3_bottleneckliteask_cas-multistream_seed777,cas-multistream,placebo,777,1120,na,palu,Palu0201,0.5,0,3405,42,12937,64.16228865910544,0.0,0.0
E1,q2_x3_bottleneckliteask_cas-multistream_seed777,cas-multistream,placebo,777,1120,na,palu,Palu0202,0.5,9,3033,18,13324,60.24655310346272,0.02680965147431865,0.12649945474332236
E1,q2_x3_bottleneckliteask_cas-multistream_seed777,cas-multistream,placebo,777,1120,na,palu,Palu0203,0.5,0,2286,408,13690,78.0,0.0,0.0
E1,q2_x3_bottleneckliteask_cas-multistream_seed777,cas-multistream,placebo,777,1120,na,palu,Palu0204,0.5,43,62,1054,15225,56.15353600979241,0.0,0.05907172995743623
E1,q2_x3_bottleneckliteask_cas-multistream_seed777,cas-multistream,placebo,777,1120,na,palu,Palu0205,0.5,0,0,689,15695,181.01933598375618,0.0,0.0
E1,q2_x3_bottleneckliteask_cas-multistream_seed777,cas-multistream,placebo,777,1120,na,palu,Palu0206,0.5,65,3569,143,12607,68.37904235200531,0.10607399924194366,0.16551107134833698
E1,q2_x3_bottleneckliteask_cas-multistream_seed777,cas-multistream,placebo,777,1120,na,palu,Palu0207,0.5,179,2979,29,13197,55.393807244815996,0.16716035545556437,0.22099447513781412
E1,q2_x3_bottleneckliteask_cas-multistream_seed777,cas-multistream,placebo,777,1120,na,palu,Palu0210,0.5,0,0,17,16367,181.01933598375618,0.0,0.0
E1,q2_x3_bottleneckliteask_cas-multistream_seed777,cas-multistream,placebo,777,1120,na,palu,Palu0211,0.5,0,0,23,16361,181.01933598375618,0.0,0.0
E1,q2_x3_bottleneckliteask_cas-multistream_seed777,cas-multistream,placebo,777,1120,na,palu,Palu0212,0.5,0,1820,33,14531,50.08972878231158,0.0,0.0
E1,q2_x3_bottleneckliteask_cas-multistream_seed777,cas-multistream,placebo,777,1120,na,palu,Palu0213,0.5,17,2109,10,14248,35.554731674750435,0.07922803453514611,0.12518054886833424
E1,q2_x3_bottleneckliteask_cas-multistream_seed777,cas-multistream,placebo,777,1120,na,palu,Palu0215,0.5,0,722,22,15640,45.116843753598374,0.0,0.0
E1,q2_x3_bottleneckliteask_cas-multistream_seed777,cas-multistream,placebo,777,1120,na,palu,Palu0216,0.5,0,0,21,16363,181.01933598375618,0.0,0.0
E1,q2_x3_bottleneckliteask_cas-multistream_seed777,cas-multistream,placebo,777,1120,na,palu,Palu0217,0.5,0,1388,37,14959,50.60039502382443,0.0,0.0
E1,q2_x3_bottleneckliteask_cas-multistream_seed777,cas-multistream,placebo,777,1120,na,palu,Palu0219,0.5,0,3449,19,12916,88.62713838195512,0.0,0.0
E1,q2_x3_bottleneckliteask_cas-multistream_seed777,cas-multistream,placebo,777,1120,na,palu,Palu0220,0.5,6,2918,13,13447,53.53025807007231,0.04637681159400687,0.08946877912370835
E1,q2_x3_bottleneckliteask_cas-multistream_seed777,cas-multistream,placebo,777,1120,na,palu,Palu0221,0.5,0,2558,220,13606,94.29846148268813,0.0,0.0
E1,q2_x3_bottleneckliteask_cas-multistream_seed777,cas-multistream,placebo,777,1120,na,palu,Palu0222,0.5,0,736,343,15305,81.2219182240853,0.0,0.0
E1,q2_x3_bottleneckliteask_cas-multistream_seed777,cas-multistream,placebo,777,1120,na,palu,Palu0223,0.5,0,313,123,15948,85.92724918608323,0.0,0.0
E1,q2_x3_bottleneckliteask_cas-multistream_seed777,cas-multistream,placebo,777,1120,na,palu,Palu0224,0.5,0,6168,203,10013,125.30362207379554,0.0,0.0
E1,q2_x3_bottleneckliteask_cas-multistream_seed777,cas-multistream,placebo,777,1120,na,palu,Palu0225,0.5,0,2140,203,14041,66.75549316230635,0.0,0.0
E1,q2_x3_bottleneckliteask_cas-multistream_seed777,cas-multistream,placebo,777,1120,na,palu,Palu0226,0.5,0,0,17,16367,181.01933598375618,0.0,0.0
E1,q2_x3_bottleneckliteask_cas-multistream_seed777,cas-multistream,placebo,777,1120,na,palu,Palu0227,0.5,0,174,17,16193,29.42021215899855,0.0,0.0
E1,q2_x3_bottleneckliteask_cas-multistream_seed777,cas-multistream,placebo,777,1120,na,palu,Palu0228,0.5,0,385,36,15963,64.70388368371643,0.0,0.0
E1,q2_x3_bottleneckliteask_cas-multistream_seed777,cas-multistream,placebo,777,1120,na,palu,Palu0229,0.5,13,2410,29,13932,39.02242589958006,0.006711409395731003,0.051355206846967066
E1,q2_x3_bottleneckliteask_cas-multistream_seed777,cas-multistream,placebo,777,1120,na,palu,Palu0231,0.5,0,1512,55,14817,61.42350491013719,0.0,0.0
E1,q2_x3_bottleneckliteask_cas-multistream_seed777,cas-multistream,placebo,777,1120,na,palu,Palu0232,0.5,42,466,30,15846,57.046360823622635,0.19870410367132646,0.3081003425788988
E1,q2_x3_bottleneckliteask_cas-multistream_seed777,cas-multistream,placebo,777,1120,na,palu,Palu0233,0.5,0,803,37,15544,63.18028632475628,0.0,0.0
E1,q2_x3_bottleneckliteask_cas-multistream_seed777,cas-multistream,placebo,777,1120,na,palu,Palu0235,0.5,16,2087,22,14259,43.91570083740954,0.030487804877637283,0.10891763104119662
E1,q2_x3_bottleneckliteask_cas-multistream_seed777,cas-multistream,placebo,777,1120,na,palu,Palu0236,0.5,26,2275,16,14067,30.167006618984733,0.1148023549197988,0.13612565444991873
E1,q2_x3_bottleneckliteask_cas-multistream_seed777,cas-multistream,placebo,777,1120,na,palu,Palu0238,0.5,0,1196,445,14743,76.4427827001734,0.013698630136667953,0.06920415224895442
E1,q2_x3_bottleneckliteask_cas-multistream_seed777,cas-multistream,placebo,777,1120,na,palu,Palu0239,0.5,0,481,1712,14191,85.7356153447771,0.0,0.0
E1,q2_x3_bottleneckliteask_cas-multistream_seed777,cas-multistream,placebo,777,1120,na,palu,Palu0240,0.5,0,5118,1430,9836,90.17842709888309,0.0,0.0
E1,q2_x3_bottleneckliteask_cas-multistream_seed777,cas-multistream,placebo,777,1120,na,palu,Palu0241,0.5,0,1610,163,14611,117.97711124441904,0.0,0.0
E1,q2_x3_bottleneckliteask_cas-multistream_seed777,cas-multistream,placebo,777,1120,na,palu,Palu0243,0.5,0,902,16,15466,47.44891073819631,0.0,0.0
E1,q2_x3_bottleneckliteask_cas-multistream_seed777,cas-multistream,placebo,777,1120,na,palu,Palu0250,0.5,0,458,78,15848,42.21489505822284,0.0,0.0
E1,q2_x3_bottleneckliteask_cas-multistream_seed777,cas-multistream,placebo,777,1120,na,palu,Palu0251,0.5,0,491,84,15809,43.4096741391414,0.0,0.0
E1,q2_x3_bottleneckliteask_cas-multistream_seed777,cas-multistream,placebo,777,1120,na,palu,Palu0253,0.5,138,2526,29,13691,61.07477108731259,0.09114336091105513,0.21385291671578072
E1,q2_x3_bottleneckliteask_cas-multistream_seed777,cas-multistream,placebo,777,1120,na,palu,Palu0254,0.5,0,1303,142,14939,60.737137998352836,0.0,0.0
E1,q2_x3_bottleneckliteask_cas-multistream_seed777,cas-multistream,placebo,777,1120,na,palu,Palu0255,0.5,50,1445,835,14054,59.40201966678453,0.08339538346947448,0.17603474706142827
E1,q2_x3_bottleneckliteask_cas-multistream_seed777,cas-multistream,placebo,777,1120,na,palu,Palu0256,0.5,716,1283,2378,12007,52.163201902207504,0.1365705614562534,0.24957107277876475
E1,q2_x3_bottleneckliteask_cas-multistream_seed777,cas-multistream,placebo,777,1120,na,palu,Palu0257,0.5,0,884,2977,12523,99.66908287560268,0.0,0.0
E1,q2_x3_bottleneckliteask_cas-multistream_seed777,cas-multistream,placebo,777,1120,na,palu,Palu0258,0.5,0,39,768,15577,126.72304472368235,0.0,0.0
E1,q2_x3_bottleneckliteask_cas-multistream_seed777,cas-multistream,placebo,777,1120,na,palu,Palu0259,0.5,0,580,16,15788,107.54448210966262,0.0,0.0
E1,q2_x3_bottleneckliteask_cas-multistream_seed777,cas-multistream,placebo,777,1120,na,palu,Palu0260,0.5,0,74,23,16287,90.08369825970978,0.0,0.0
E1,q2_x3_bottleneckliteask_cas-multistream_seed777,cas-multistream,placebo,777,1120,na,palu,Palu0263,0.5,0,42,27,16315,61.77446877193331,0.0,0.0
E1,q2_x3_bottleneckliteask_cas-multistream_seed777,cas-multistream,placebo,777,1120,na,palu,Palu0267,0.5,0,1076,36,15272,50.788139649691956,0.0,0.0
E1,q2_x3_bottleneckliteask_cas-multistream_seed777,cas-multistream,placebo,777,1120,na,palu,Palu0268,0.5,4,1277,59,15044,65.19202405202648,0.04854368931997148,0.06656426011216486
E1,q2_x3_bottleneckliteask_cas-multistream_seed777,cas-multistream,placebo,777,1120,na,palu,Palu0269,0.5,0,0,61,16323,181.01933598375618,0.0,0.0
E1,q2_x3_bottleneckliteask_cas-multistream_seed777,cas-multistream,placebo,777,1120,na,palu,Palu0270,0.5,0,2212,138,14034,73.54797499945936,0.0,0.0
E1,q2_x3_bottleneckliteask_cas-multistream_seed777,cas-multistream,placebo,777,1120,na,palu,Palu0271,0.5,0,626,138,15620,81.56665188405151,0.0,0.0
E1,q2_x3_bottleneckliteask_cas-multistream_seed777,cas-multistream,placebo,777,1120,na,palu,Palu0272,0.5,0,2591,440,13353,105.18317138290658,0.0,0.0
E1,q2_x3_bottleneckliteask_cas-multistream_seed777,cas-multistream,placebo,777,1120,na,palu,Palu0273,0.5,0,1642,1382,13360,76.90413384976202,0.0,0.0
E1,q2_x3_bottleneckliteask_cas-multistream_seed777,cas-multistream,placebo,777,1120,na,palu,Palu0274,0.5,0,61,1547,14776,73.98512766262098,0.0,0.0
E1,q2_x3_bottleneckliteask_cas-multistream_seed777,cas-multistream,placebo,777,1120,na,palu,Palu0275,0.5,0,317,605,15462,104.43809469694156,0.0,0.0
E1,q2_x3_bottleneckliteask_cas-multistream_seed777,cas-multistream,placebo,777,1120,na,palu,Palu0279,0.5,0,307,52,16025,46.04626908656663,0.0,0.0
E1,q2_x3_bottleneckliteask_cas-multistream_seed777,cas-multistream,placebo,777,1120,na,palu,Palu0280,0.5,0,15,106,16263,57.606162920654924,0.0,0.0
E1,q2_x3_bottleneckliteask_cas-multistream_seed777,cas-multistream,placebo,777,1120,na,palu,Palu0281,0.5,0,1002,67,15315,54.28632048879923,0.0,0.0
E1,q2_x3_bottleneckliteask_cas-multistream_seed777,cas-multistream,placebo,777,1120,na,palu,Palu0284,0.5,7,1321,49,15007,67.3770355471168,0.10754294249395355,0.1504477611935319
E1,q2_x3_bottleneckliteask_cas-multistream_seed777,cas-multistream,placebo,777,1120,na,palu,Palu0285,0.5,21,276,72,16015,52.394620983677605,0.1736252545820942,0.3986988847579551
E1,q2_x3_bottleneckliteask_cas-multistream_seed777,cas-multistream,placebo,777,1120,na,palu,Palu0286,0.5,0,2125,104,14155,75.59100475585703,0.0,0.0
E1,q2_x3_bottleneckliteask_cas-multistream_seed777,cas-multistream,placebo,777,1120,na,palu,Palu0287,0.5,28,1671,218,14467,29.654923703527093,0.10150250417313807,0.1695167286240438
E1,q2_x3_bottleneckliteask_cas-multistream_seed777,cas-multistream,placebo,777,1120,na,palu,Palu0288,0.5,25,934,154,15271,57.853946873574685,0.16473677927610722,0.20705235242067668
E1,q2_x3_bottleneckliteask_cas-multistream_seed777,cas-multistream,placebo,777,1120,na,palu,Palu0289,0.5,0,2830,50,13504,51.94029386511637,0.0,0.0
E1,q2_x3_bottleneckliteask_cas-multistream_seed777,cas-multistream,placebo,777,1120,na,palu,Palu0290,0.5,13,1478,14,14879,47.37915292274234,0.0,0.03404255319128598
E1,q2_x3_bottleneckliteask_cas-multistream_seed777,cas-multistream,placebo,777,1120,na,palu,Palu0291,0.5,0,2649,18,13717,72.12003852091603,0.0,0.0
E1,q2_x3_bottleneckliteask_cas-multistream_seed777,cas-multistream,placebo,777,1120,na,palu,Palu0293,0.5,0,449,41,15894,50.635955604688654,0.0,0.0
E1,q2_x3_bottleneckliteask_cas-multistream_seed777,cas-multistream,placebo,777,1120,na,palu,Palu0294,0.5,36,2336,88,13924,42.20868854357317,0.1843069478045828,0.27383863080635845
E1,q2_x3_bottleneckliteask_cas-multistream_seed777,cas-multistream,placebo,777,1120,na,palu,Palu0295,0.5,30,539,148,15667,53.31387311494703,0.037942356803816586,0.102414896711959
E1,q2_x3_bottleneckliteask_cas-multistream_seed777,cas-multistream,placebo,777,1120,na,palu,Palu0296,0.5,3,2041,174,14166,58.19191304241643,0.08140926971051408,0.12078510317011909
E1,q2_x3_bottleneckliteask_cas-multistream_seed777,cas-multistream,placebo,777,1120,na,palu,Palu0297,0.5,282,1483,108,14511,45.26367067383826,0.4951077659933542,0.664097753890911
E1,q2_x3_bottleneckliteask_cas-multistream_seed777,cas-multistream,placebo,777,1120,na,palu,Palu0298,0.5,9,548,204,15623,43.65033797176044,0.009756097560686067,0.06381039197776826
E1,q2_x3_bottleneckliteask_cas-multistream_seed777,cas-multistream,placebo,777,1120,na,palu,Palu0299,0.5,24,1521,46,14793,56.31784740319843,0.13891285590995195,0.16430828410460294
E1,q2_x3_bottleneckliteask_cas-multistream_seed777,cas-multistream,placebo,777,1120,na,palu,Palu0300,0.5,8,877,83,15416,74.39085145100503,0.04693611473222494,0.09876543209826733
E1,q2_x3_bottleneckliteask_cas-multistream_seed777,cas-multistream,placebo,777,1120,na,palu,Palu0301,0.5,0,1667,21,14696,80.1623306912219,0.0,0.0
E1,q2_x3_bottleneckliteask_cas-multistream_seed777,cas-multistream,placebo,777,1120,na,palu,Palu0302,0.5,2,772,16,15594,21.999964709024255,0.06936416184944756,0.11253196930908475
E1,q2_x3_bottleneckliteask_cas-multistream_seed777,cas-multistream,placebo,777,1120,na,palu,Palu0303,0.5,6,1477,62,14839,40.51490147068248,0.061224489795465215,0.07984790874475166
E1,q2_x3_bottleneckliteask_cas-multistream_seed777,cas-multistream,placebo,777,1120,na,palu,Palu0304,0.5,0,1624,130,14630,70.0614502061964,0.0,0.02150537634365684
E1,q2_x3_bottleneckliteask_cas-multistream_seed777,cas-multistream,placebo,777,1120,na,palu,Palu0305,0.5,2,988,172,15222,68.64837332210207,0.04733727810600903,0.09905660377310845
E1,q2_x3_bottleneckliteask_cas-multistream_seed777,cas-multistream,placebo,777,1120,na,palu,Palu0306,0.5,0,1383,212,14789,80.74894269892332,0.0,0.0
E1,q2_x3_bottleneckliteask_cas-multistream_seed777,cas-multistream,placebo,777,1120,na,palu,Palu0307,0.5,0,1671,215,14498,61.969165305970414,0.0,0.0
E1,q2_x3_bottleneckliteask_cas-multistream_seed777,cas-multistream,placebo,777,1120,na,palu,Palu0309,0.5,0,1455,79,14850,78.14685652506682,0.0,0.0
E1,q2_x3_bottleneckliteask_cas-multistream_seed777,cas-multistream,placebo,777,1120,na,palu,Palu0310,0.5,0,1429,212,14743,47.31109185059624,0.0,0.0
E1,q2_x3_bottleneckliteask_cas-multistream_seed777,cas-multistream,placebo,777,1120,na,palu,Palu0311,0.5,6,625,127,15626,58.87895604686873,0.099943214082442,0.12922239854860135
E1,q2_x3_bottleneckliteask_cas-multistream_seed777,cas-multistream,placebo,777,1120,na,palu,Palu0312,0.5,0,2118,27,14239,61.7365362287536,0.0,0.0
E1,q2_x3_bottleneckliteask_cas-multistream_seed777,cas-multistream,placebo,777,1120,na,palu,Palu0313,0.5,0,505,94,15785,56.52208410503192,0.0,0.0
E1,q2_x3_bottleneckliteask_cas-multistream_seed777,cas-multistream,placebo,777,1120,na,palu,Palu0314,0.5,22,1496,233,14633,47.9751678239762,0.17206673100736009,0.23171773064130155
E1,q2_x3_bottleneckliteask_cas-multistream_seed777,cas-multistream,placebo,777,1120,na,palu,Palu0315,0.5,49,1805,139,14391,57.2672737895457,0.08290924512255239,0.11976047904147444
E1,q2_x3_bottleneckliteask_cas-multistream_seed777,cas-multistream,placebo,777,1120,na,palu,Palu0316,0.5,6,976,61,15341,84.052760681604,0.06493171862885272,0.1065028161798373
E1,q2_x3_bottleneckliteask_cas-multistream_seed777,cas-multistream,placebo,777,1120,na,palu,Palu0317,0.5,75,2380,55,13874,33.41767970610928,0.1860521675680968,0.3314096673400705
E1,q2_x3_bottleneckliteask_cas-multistream_seed777,cas-multistream,placebo,777,1120,na,palu,Palu0318,0.5,43,2304,103,13934,48.99015683694493,0.13064733647963853,0.2226562499995122
E1,q2_x3_bottleneckliteask_cas-multistream_seed777,cas-multistream,placebo,777,1120,na,palu,Palu0319,0.5,47,1417,110,14810,43.56604182158393,0.09282337773909866,0.25356914553541676
E1,q2_x3_bottleneckliteask_cas-multistream_seed777,cas-multistream,placebo,777,1120,na,palu,Palu0320,0.5,16,675,98,15595,67.12585814124913,0.13684210526267393,0.18226804123663357
E1,q2_x3_bottleneckliteask_cas-multistream_seed777,cas-multistream,placebo,777,1120,na,palu,Palu0321,0.5,171,1892,150,14171,51.41205885514942,0.10483255910651236,0.13923421183446072
E1,q2_x3_bottleneckliteask_cas-multistream_seed777,cas-multistream,placebo,777,1120,na,palu,Palu0322,0.5,106,712,218,15348,30.369388876389266,0.1400233372224478,0.24906672888432765
E1,q2_x3_bottleneckliteask_cas-multistream_seed777,cas-multistream,placebo,777,1120,na,palu,Palu0325,0.5,2,1391,25,14966,30.004165509901817,0.014814814814494814,0.039215686274011535
E1,q2_x3_bottleneckliteask_cas-multistream_seed777,cas-multistream,placebo,777,1120,na,palu,Palu0326,0.5,0,1674,192,14518,53.86174000001946,0.0,0.0
E1,q2_x3_bottleneckliteask_cas-multistream_seed777,cas-multistream,placebo,777,1120,na,palu,Palu0327,0.5,77,126,280,15901,52.32590180780452,0.18570375829007868,0.3292610250295095
E1,q2_x3_bottleneckliteask_cas-multistream_seed777,cas-multistream,placebo,777,1120,na,palu,Palu0328,0.5,4,1667,193,14520,41.07005183107206,0.02205679624995669,0.04640697510856975
E1,q2_x3_bottleneckliteask_cas-multistream_seed777,cas-multistream,placebo,777,1120,na,palu,Palu0329,0.5,79,1205,180,14920,47.12906359362391,0.2154129708554273,0.3061484613668048
E1,q2_x3_bottleneckliteask_cas-multistream_seed777,cas-multistream,placebo,777,1120,na,palu,Palu0330,0.5,2,868,249,15265,52.8820640609988,0.013513513513145363,0.03289473684171745
E1,q2_x3_bottleneckliteask_cas-multistream_seed777,cas-multistream,placebo,777,1120,na,palu,Palu0331,0.5,5,2394,65,13920,62.46275133498978,0.05543710021290685,0.07241153342039383
E1,q2_x3_bottleneckliteask_cas-multistream_seed777,cas-multistream,placebo,777,1120,na,palu,Palu0332,0.5,66,2645,80,13593,34.40054017815542,0.10384615384575167,0.3331240616891467
E1,q2_x3_bottleneckliteask_cas-multistream_seed777,cas-multistream,placebo,777,1120,na,palu,Palu0333,0.5,75,2543,87,13679,40.20509179733402,0.22569302477669212,0.29970995810456047
E1,q2_x3_bottleneckliteask_cas-multistream_seed777,cas-multistream,placebo,777,1120,na,palu,Palu0334,0.5,36,2402,144,13802,47.55196101037726,0.03912295786708385,0.0863864249898635
E1,q2_x3_bottleneckliteask_cas-multistream_seed777,cas-multistream,placebo,777,1120,na,palu,Palu0335,0.5,30,1566,95,14693,57.00303380278172,0.14031805425586225,0.18224805437838432
E1,q2_x3_bottleneckliteask_cas-multistream_seed777,cas-multistream,placebo,777,1120,na,palu,Palu0336,0.5,0,1140,28,15216,59.12060842999097,0.0,0.0
E1,q2_x3_bottleneckliteask_cas-multistream_seed777,cas-multistream,placebo,777,1120,na,palu,Palu0337,0.5,0,970,109,15305,69.04386837015882,0.0,0.0
E1,q2_x3_bottleneckliteask_cas-multistream_seed777,cas-multistream,placebo,777,1120,na,palu,Palu0338,0.5,0,779,164,15441,67.72521162969993,0.0,0.0
E1,q2_x3_bottleneckliteask_cas-multistream_seed777,cas-multistream,placebo,777,1120,na,palu,Palu0339,0.5,35,2034,24,14291,55.326304774492215,0.14267596702568097,0.1941584366460677
E1,q2_x3_bottleneckliteask_cas-multistream_seed777,cas-multistream,placebo,777,1120,na,palu,Palu0342,0.5,17,1945,165,14257,53.065873985585775,0.03582089552193351,0.06459731543578087
E1,q2_x3_bottleneckliteask_cas-multistream_seed777,cas-multistream,placebo,777,1120,na,palu,Palu0343,0.5,92,998,282,15012,48.79095879892976,0.24038461538412065,0.3883729569088648
E1,q2_x3_bottleneckliteask_cas-multistream_seed777,cas-multistream,placebo,777,1120,na,palu,Palu0344,0.5,15,131,191,16047,47.80167361086848,0.15641663704189565,0.2700729927003391
E1,q2_x3_bottleneckliteask_cas-multistream_seed777,cas-multistream,placebo,777,1120,na,palu,Palu0345,0.5,81,1754,91,14458,46.86629219749246,0.17709704439345217,0.35589848694870824
E1,q2_x3_bottleneckliteask_cas-multistream_seed777,cas-multistream,placebo,777,1120,na,palu,Palu0346,0.5,1,1164,179,15040,51.84011459186903,0.009990009989720171,0.010952902518993387
E1,q2_x3_bottleneckliteask_cas-multistream_seed777,cas-multistream,placebo,777,1120,na,palu,Palu0347,0.5,0,1617,29,14738,56.517155254346385,0.0,0.0
E1,q2_x3_bottleneckliteask_cas-multistream_seed777,cas-multistream,placebo,777,1120,na,palu,Palu0348,0.5,6,1665,55,14658,44.35520253170047,0.0,0.0
E1,q2_x3_bottleneckliteask_cas-multistream_seed777,cas-multistream,placebo,777,1120,na,palu,Palu0349,0.5,0,32,73,16279,76.65952856549696,0.0,0.0
E1,q2_x3_bottleneckliteask_cas-multistream_seed777,cas-multistream,placebo,777,1120,na,palu,Palu0350,0.5,19,2658,105,13602,46.94961648800344,0.018957345971077743,0.04115226337398567
E1,q2_x3_bottleneckliteask_cas-multistream_seed777,cas-multistream,placebo,777,1120,na,palu,Palu0351,0.5,36,1013,95,15240,81.824341843961,0.08338158656581554,0.17956740579463976
E1,q2_x3_bottleneckliteask_cas-multistream_seed777,cas-multistream,placebo,777,1120,na,palu,Palu0352,0.5,0,0,90,16294,181.01933598375618,0.0,0.0
E1,q2_x3_bottleneckliteask_cas-multistream_seed777,cas-multistream,placebo,777,1120,na,palu,Palu0353,0.5,0,1469,55,14860,81.34494452638098,0.0,0.0
E1,q2_x3_bottleneckliteask_cas-multistream_seed777,cas-multistream,placebo,777,1120,na,palu,Palu0354,0.5,50,3039,9,13286,53.844675468176945,0.09893686265978656,0.1523282226005669
E1,q2_x3_bottleneckliteask_cas-multistream_seed777,cas-multistream,placebo,777,1120,na,palu,Palu0357,0.5,0,1946,21,14417,83.2634285692876,0.0,0.0
E1,q2_x3_bottleneckliteask_cas-multistream_seed777,cas-multistream,placebo,777,1120,na,palu,Palu0359,0.5,0,280,52,16052,51.3228044367952,0.0,0.0
E1,q2_x3_bottleneckliteask_cas-multistream_seed777,cas-multistream,placebo,777,1120,na,palu,Palu0360,0.5,25,245,59,16055,88.4951779249752,0.2724673202609392,0.31855955678620945
E1,q2_x3_bottleneckliteask_cas-multistream_seed777,cas-multistream,placebo,777,1120,na,palu,Palu0361,0.5,55,459,69,15801,13.94785991648873,0.3381364073001754,0.5512649800261319
E1,q2_x3_bottleneckliteask_cas-multistream_seed777,cas-multistream,placebo,777,1120,na,palu,Palu0362,0.5,0,0,105,16279,181.01933598375618,0.0,0.0
E1,q2_x3_bottleneckliteask_cas-multistream_seed777,cas-multistream,placebo,777,1120,na,palu,Palu0363,0.5,0,0,33,16351,181.01933598375618,0.0,0.0
E1,q2_x3_bottleneckliteask_cas-multistream_seed777,cas-multistream,placebo,777,1120,na,palu,Palu0364,0.5,0,319,29,16036,68.400170809606,0.0,0.0
E1,q2_x3_bottleneckliteask_cas-multistream_seed777,cas-multistream,placebo,777,1120,na,palu,Palu0365,0.5,0,1095,24,15265,56.237173986298636,0.0,0.0
E1,q2_x3_bottleneckliteask_cas-multistream_seed777,cas-multistream,placebo,777,1120,na,palu,Palu0366,0.5,0,0,68,16316,181.01933598375618,0.0,0.0
E1,q2_x3_bottleneckliteask_cas-multistream_seed777,cas-multistream,placebo,777,1120,na,palu,Palu0367,0.5,1,1403,101,14879,54.699067669602385,0.0454545454540806,0.13870541611575368
E1,q2_x3_bottleneckliteask_cas-multistream_seed777,cas-multistream,placebo,777,1120,na,palu,Palu0368,0.5,0,200,102,16082,48.805734143342335,0.0,0.01581027667947595
E1,q2_x3_bottleneckliteask_cas-multistream_seed777,cas-multistream,placebo,777,1120,na,palu,Palu0370,0.5,23,1633,13,14715,18.740255586951996,0.03333333333291333,0.12785388127809746
E1,q2_x3_bottleneckliteask_cas-multistream_seed777,cas-multistream,placebo,777,1120,na,palu,Palu0371,0.5,3,1313,37,15031,45.0226636354727,0.0,0.0
E1,q2_x3_bottleneckliteask_cas-multistream_seed777,cas-multistream,placebo,777,1120,na,palu,Palu0372,0.5,11,1292,64,15017,46.41382913759365,0.01646090534938407,0.07326007325960901
E1,q2_x3_bottleneckliteask_cas-multistream_seed777,cas-multistream,placebo,777,1120,na,palu,Palu0373,0.5,15,737,49,15583,39.28912928994294,0.09329027628234235,0.12956298200474445
E1,q2_x3_bottleneckliteask_cas-multistream_seed777,cas-multistream,placebo,777,1120,na,palu,Palu0374,0.5,8,1501,29,14846,47.23340240677803,0.0,0.03488372092992245
E1,q2_x3_bottleneckliteask_cas-multistream_seed777,cas-multistream,placebo,777,1120,na,palu,Palu0375,0.5,0,1139,29,15216,86.06275419392794,0.0,0.0
E1,q2_x3_bottleneckliteask_cas-multistream_seed777,cas-multistream,placebo,777,1120,na,palu,Palu0377,0.5,0,1113,30,15241,47.599999999999994,0.0,0.0
E1,q2_x3_bottleneckliteask_cas-multistream_seed777,cas-multistream,placebo,777,1120,na,palu,Palu0378,0.5,0,0,25,16359,181.01933598375618,0.0,0.0
E1,q2_x3_bottleneckliteask_cas-multistream_seed777,cas-multistream,placebo,777,1120,na,palu,Palu0379,0.5,0,315,45,16024,71.3857549814753,0.0,0.0
E1,q2_x3_bottleneckliteask_cas-multistream_seed777,cas-multistream,placebo,777,1120,na,palu,Palu0380,0.5,0,297,45,16042,69.44490118901207,0.0,0.0
E1,q2_x3_bottleneckliteask_cas-multistream_seed777,cas-multistream,placebo,777,1120,na,palu,Palu0384,0.5,0,1546,36,14802,68.9793449842193,0.0,0.0
E1,q2_x3_bottleneckliteask_cas-multistream_seed777,cas-multistream,placebo,777,1120,na,palu,Palu0385,0.5,5,1565,154,14660,51.714454929177364,0.04508856682719736,0.05761316872381343
E1,q2_x3_bottleneckliteask_cas-multistream_seed777,cas-multistream,placebo,777,1120,na,palu,Palu0386,0.5,50,1264,124,14946,49.19497629650337,0.15043362241445438,0.23726851851807254
E1,q2_x3_bottleneckliteask_cas-multistream_seed777,cas-multistream,placebo,777,1120,na,palu,Palu0387,0.5,0,661,42,15681,62.52078953226899,0.0,0.0
E1,q2_x3_bottleneckliteask_cas-multistream_seed777,cas-multistream,placebo,777,1120,na,palu,Palu0390,0.5,0,506,30,15848,40.67026150912369,0.0,0.0
E1,q2_x3_bottleneckliteask_cas-multistream_seed777,cas-multistream,placebo,777,1120,na,palu,Palu0391,0.5,0,71,23,16290,68.11883874906064,0.0,0.0
E1,q2_x3_bottleneckliteask_cas-multistream_seed777,cas-multistream,placebo,777,1120,na,palu,Palu0392,0.5,0,1326,87,14971,49.03315026056053,0.0,0.011976047903691634
E1,q2_x3_bottleneckliteask_cas-multistream_seed777,cas-multistream,placebo,777,1120,na,palu,Palu0393,0.5,0,259,87,16038,52.59508318605645,0.0,0.0
E1,q2_x3_bottleneckliteask_cas-multistream_seed777,cas-multistream,placebo,777,1120,na,palu,Palu0394,0.5,43,879,0,15462,41.317047441534214,0.1367130008174307,0.2703414377246738
E1,q2_x3_bottleneckliteask_cas-multistream_seed777,cas-multistream,placebo,777,1120,na,palu,Palu0395,0.5,0,2385,43,13956,91.29046766305932,0.0,0.0
E1,q2_x3_bottleneckliteask_cas-multistream_seed777,cas-multistream,placebo,777,1120,na,palu,Palu0400,0.5,0,1501,16,14867,84.16976867914603,0.0,0.0
E1,q2_x3_bottleneckliteask_cas-multistream_seed777,cas-multistream,placebo,777,1120,na,palu,Palu0401,0.5,13,1339,230,14802,46.378778467768925,0.029821073558246383,0.07514450867009978
E1,q2_x3_bottleneckliteask_cas-multistream_seed777,cas-multistream,placebo,777,1120,na,palu,Palu0402,0.5,193,2049,195,13947,33.25576872475388,0.24489013796582318,0.3984734044674296
E1,q2_x3_bottleneckliteask_cas-multistream_seed777,cas-multistream,placebo,777,1120,na,palu,Palu0403,0.5,6,1075,165,15138,55.55491651314453,0.0,0.0
E1,q2_x3_bottleneckliteask_cas-multistream_seed777,cas-multistream,placebo,777,1120,na,palu,Palu0407,0.5,0,353,58,15973,49.17345312790552,0.0,0.0
E1,q2_x3_bottleneckliteask_cas-multistream_seed777,cas-multistream,placebo,777,1120,na,palu,Palu0408,0.5,0,0,58,16326,181.01933598375618,0.0,0.0
E1,q2_x3_bottleneckliteask_cas-multistream_seed777,cas-multistream,placebo,777,1120,na,palu,Palu0409,0.5,0,938,43,15403,65.32341785858362,0.0,0.0
E1,q2_x3_bottleneckliteask_cas-multistream_seed777,cas-multistream,placebo,777,1120,na,palu,Palu0410,0.5,0,365,43,15976,55.70613444187434,0.0,0.0
E1,q2_x3_bottleneckliteask_cas-multistream_seed777,cas-multistream,placebo,777,1120,na,palu,Palu0414,0.5,0,980,18,15386,74.8898798565188,0.0,0.0
E1,q2_x3_bottleneckliteask_cas-multistream_seed777,cas-multistream,placebo,777,1120,na,palu,Palu0415,0.5,2,944,31,15407,72.03958854522332,0.0401875418617927,0.07077205882325144
E1,q2_x3_bottleneckliteask_cas-multistream_seed777,cas-multistream,placebo,777,1120,na,palu,Palu0416,0.5,0,1537,21,14826,65.22075990627556,0.0,0.0
E1,q2_x3_bottleneckliteask_cas-multistream_seed777,cas-multistream,placebo,777,1120,na,palu,Palu0418,0.5,3,1486,58,14837,49.52070098317991,0.0,0.0
E1,q2_x3_bottleneckliteask_cas-multistream_seed777,cas-multistream,placebo,777,1120,na,palu,Palu0419,0.5,44,1592,212,14536,41.19708127161658,0.18484658735079176,0.23466049892565805
E1,q2_x3_bottleneckliteask_cas-multistream_seed777,cas-multistream,placebo,777,1120,na,palu,Palu0420,0.5,143,2053,193,13995,35.096891021711485,0.2633960466772851,0.4227070055220377
E1,q2_x3_bottleneckliteask_cas-multistream_seed777,cas-multistream,placebo,777,1120,na,palu,Palu0421,0.5,18,967,124,15275,59.38704403820973,0.10865191146831311,0.14567526555339577
E1,q2_x3_bottleneckliteask_cas-multistream_seed777,cas-multistream,placebo,777,1120,na,palu,Palu0424,0.5,0,2842,24,13518,74.48954323276627,0.0,0.0
E1,q2_x3_bottleneckliteask_cas-multistream_seed777,cas-multistream,placebo,777,1120,na,palu,Palu0425,0.5,0,2513,24,13847,64.45924280616485,0.0,0.0
E1,q2_x3_bottleneckliteask_cas-multistream_seed777,cas-multistream,placebo,777,1120,na,palu,Palu0427,0.5,32,666,39,15647,32.56830055201576,0.14685022945304418,0.24522457408318057
E1,q2_x3_bottleneckliteask_cas-multistream_seed777,cas-multistream,placebo,777,1120,na,palu,Palu0428,0.5,14,1561,55,14754,42.07253814260936,0.0,0.0
E1,q2_x3_bottleneckliteask_cas-multistream_seed777,cas-multistream,placebo,777,1120,na,palu,Palu0431,0.5,15,812,36,15521,69.68733742133846,0.11622276029005738,0.20796758946607813
E1,q2_x3_bottleneckliteask_cas-multistream_seed777,cas-multistream,placebo,777,1120,na,palu,Palu0432,0.5,0,1366,140,14878,55.34044358942012,0.0,0.0
E1,q2_x3_bottleneckliteask_cas-multistream_seed777,cas-multistream,placebo,777,1120,na,palu,Palu0433,0.5,57,1449,76,14802,45.22220195657753,0.19760621811026785,0.2725832012673422
E1,q2_x3_bottleneckliteask_cas-multistream_seed777,cas-multistream,placebo,777,1120,na,palu,Palu0434,0.5,0,360,41,15983,70.43436661176133,0.0,0.0
E1,q2_x3_bottleneckliteask_cas-multistream_seed777,cas-multistream,placebo,777,1120,na,palu,Palu0439,0.5,11,2997,7,13369,43.06376473983743,0.10847457627103696,0.24025974025952887
E1,q2_x3_bottleneckliteask_cas-multistream_seed777,cas-multistream,placebo,777,1120,na,palu,Palu0442,0.5,0,1150,53,15181,54.477383152370315,0.0,0.0
E1,q2_x3_bottleneckliteask_cas-multistream_seed777,cas-multistream,placebo,777,1120,na,palu,Palu0443,0.5,0,1427,47,14910,73.71966045709623,0.0,0.0
E1,q2_x3_bottleneckliteask_cas-multistream_seed777,cas-multistream,placebo,777,1120,na,palu,Palu0446,0.5,0,1766,18,14600,83.80990240062971,0.0,0.0
E1,q2_x3_bottleneckliteask_cas-multistream_seed777,cas-multistream,placebo,777,1120,na,palu,Palu0447,0.5,0,1451,36,14897,47.32662216799076,0.0,0.0
E1,q2_x3_bottleneckliteask_cas-multistream_seed777,cas-multistream,placebo,777,1120,na,palu,Palu0448,0.5,0,1789,57,14538,61.6448602710175,0.0,0.0
E1,q2_x3_bottleneckliteask_cas-multistream_seed777,cas-multistream,placebo,777,1120,na,palu,Palu0449,0.5,34,2327,33,13990,42.684833935743185,0.005115089513785886,0.09006211180074226
E1,q2_x3_bottleneckliteask_cas-multistream_seed777,cas-multistream,placebo,777,1120,na,palu,Palu0450,0.5,6,1942,22,14414,51.30297955697732,0.08488458674577316,0.09530685920543032
E1,q2_x3_bottleneckliteask_cas-multistream_seed777,cas-multistream,placebo,777,1120,na,palu,Palu0452,0.5,3,1018,17,15346,35.01642347431785,0.0,0.02238805970129372
E1,q2_x3_bottleneckliteask_cas-multistream_seed777,cas-multistream,placebo,777,1120,na,palu,Palu0453,0.5,4,2268,24,14088,42.74985196392246,0.03184713375761532,0.05928853754900685
E1,q2_x3_bottleneckliteask_cas-multistream_seed777,cas-multistream,placebo,777,1120,na,palu,Palu0455,0.5,0,2390,33,13961,67.50109233000393,0.0,0.0
E1,q2_x3_bottleneckliteask_cas-multistream_seed777,cas-multistream,placebo,777,1120,na,palu,Palu0456,0.5,13,2216,20,14135,59.50498048554663,0.09352517985594554,0.12751677852329824
E1,q2_x3_bottleneckliteask_cas-multistream_seed777,cas-multistream,placebo,777,1120,na,palu,Palu0458,0.5,0,48,21,16315,68.06922400329053,0.0,0.0
E1,q2_x3_bottleneckliteask_cas-multistream_seed777,cas-multistream,placebo,777,1120,na,palu,Palu0459,0.5,0,766,18,15600,77.16701270729057,0.0,0.0
E1,q2_x3_bottleneckliteask_cas-multistream_seed777,cas-multistream,placebo,777,1120,na,palu,Palu0460,0.5,0,1782,37,14565,86.76712466823645,0.0,0.0
E1,q2_x3_bottleneckliteask_cas-multistream_seed777,cas-multistream,placebo,777,1120,na,palu,Palu0461,0.5,0,318,75,15991,73.77097188049207,0.0,0.0
E1,q2_x3_bottleneckliteask_cas-multistream_seed777,cas-multistream,placebo,777,1120,na,palu,Palu0462,0.5,0,1332,38,15014,58.45615312537403,0.0,0.0
E1,q2_x3_bottleneckliteask_cas-multistream_seed777,cas-multistream,placebo,777,1120,na,palu,Palu0463,0.5,0,1450,38,14896,75.67826106599485,0.0,0.0
E1,q2_x3_bottleneckliteask_cas-multistream_seed777,cas-multistream,placebo,777,1120,na,palu,Palu0464,0.5,196,1557,0,14631,32.85267014390943,0.03356643356597466,0.1174825174820586
E1,q2_x3_bottleneckliteask_cas-multistream_seed777,cas-multistream,placebo,777,1120,na,palu,Palu0465,0.5,0,2345,158,13881,69.97570932742207,0.0,0.0
E1,q2_x3_bottleneckliteask_cas-multistream_seed777,cas-multistream,placebo,777,1120,na,palu,Palu0467,0.5,13,1019,52,15300,62.96972973202458,0.11754537597191556,0.18337251549427008
E1,q2_x3_bottleneckliteask_cas-multistream_seed777,cas-multistream,placebo,777,1120,na,palu,Palu0468,0.5,59,1392,51,14882,41.53846919458151,0.08747514910488415,0.24053452115763257
E1,q2_x3_bottleneckliteask_cas-multistream_seed777,cas-multistream,placebo,777,1120,na,palu,Palu0469,0.5,0,2350,47,13987,73.9888498239997,0.0,0.0
E1,q2_x3_bottleneckliteask_cas-multistream_seed777,cas-multistream,placebo,777,1120,na,palu,Palu0474,0.5,5,143,22,16214,43.41635636485402,0.20183486238489892,0.26591458501164733
E1,q2_x3_bottleneckliteask_cas-multistream_seed777,cas-multistream,placebo,777,1120,na,palu,Palu0479,0.5,0,3121,34,13229,79.00443020229031,0.0,0.0
E1,q2_x3_bottleneckliteask_cas-multistream_seed777,cas-multistream,placebo,777,1120,na,palu,Palu0480,0.5,23,2665,17,13679,44.91380608193653,0.045818181818007085,0.08352455254683892
E1,q2_x3_bottleneckliteask_cas-multistream_seed777,cas-multistream,placebo,777,1120,na,palu,Palu0481,0.5,19,3269,83,13013,60.946555713252884,0.08607594936680359,0.11106875079392364
E1,q2_x3_bottleneckliteask_cas-multistream_seed777,cas-multistream,placebo,777,1120,na,palu,Palu0482,0.5,23,2000,102,14259,37.97520321748579,0.057377049179831226,0.16547958214575098
E1,q2_x3_bottleneckliteask_cas-multistream_seed777,cas-multistream,placebo,777,1120,na,palu,Palu0483,0.5,0,401,43,15940,64.24138914569458,0.0,0.0
E1,q2_x3_bottleneckliteask_cas-multistream_seed777,cas-multistream,placebo,777,1120,na,palu,Palu0484,0.5,0,321,42,16021,45.01055425272222,0.0,0.0
E1,q2_x3_bottleneckliteask_cas-multistream_seed777,cas-multistream,placebo,777,1120,na,palu,Palu0485,0.5,37,911,52,15384,45.10186768720099,0.26604068857544594,0.3898305084741065
E1,q2_x3_bottleneckliteask_cas-multistream_seed777,cas-multistream,placebo,777,1120,na,palu,Palu0486,0.5,39,1842,8,14495,45.14653711941557,0.0,0.08396770472870824
E1,q2_x3_bottleneckliteask_cas-multistream_seed777,cas-multistream,placebo,777,1120,na,palu,Palu0487,0.5,0,2520,38,13826,111.5042599397913,0.0,0.0
E1,q2_x3_bottleneckliteask_cas-multistream_seed777,cas-multistream,placebo,777,1120,na,palu,Palu0488,0.5,0,2659,196,13529,83.36571951633469,0.0,0.0
E1,q2_x3_bottleneckliteask_cas-multistream_seed777,cas-multistream,placebo,777,1120,na,palu,Palu0489,0.5,0,2184,158,14042,83.50448639032355,0.0,0.0
E1,q2_x3_bottleneckliteask_cas-multistream_seed777,cas-multistream,placebo,777,1120,na,palu,Palu0491,0.5,2,1103,17,15262,60.349155805766884,0.0563380281686221,0.09244992295790494
E1,q2_x3_bottleneckliteask_cas-multistream_seed777,cas-multistream,placebo,777,1120,na,palu,Palu0492,0.5,0,1174,66,15144,56.51352816004082,0.0,0.0
E1,q2_x3_bottleneckliteask_cas-multistream_seed777,cas-multistream,placebo,777,1120,na,palu,Palu0493,0.5,15,1390,84,14895,43.14625970171584,0.0,0.03220858895655657
E1,q2_x3_bottleneckliteask_cas-multistream_seed777,cas-multistream,placebo,777,1120,na,palu,Palu0494,0.5,11,1762,44,14567,49.03476565672688,0.08131655372654112,0.10281517747808182
E1,q2_x3_bottleneckliteask_cas-multistream_seed777,cas-multistream,placebo,777,1120,na,palu,Palu0495,0.5,0,1003,39,15342,59.86899545801305,0.0,0.0
E1,q2_x3_bottleneckliteask_cas-multistream_seed777,cas-multistream,placebo,777,1120,na,palu,Palu0496,0.5,14,1000,11,15359,38.403311544468544,0.049689440993526485,0.1151079136688184
E1,q2_x3_bottleneckliteask_cas-multistream_seed777,cas-multistream,placebo,777,1120,na,palu,Palu0499,0.5,14,946,11,15413,42.73985934789981,0.0992587818238797,0.1640140275152878
E1,q2_x3_bottleneckliteask_cas-multistream_seed777,cas-multistream,placebo,777,1120,na,palu,Palu0500,0.5,0,1774,31,14579,65.94921900836452,0.0,0.0
E1,q2_x3_bottleneckliteask_cas-multistream_seed777,cas-multistream,placebo,777,1120,na,palu,Palu0501,0.5,0,306,28,16050,79.65627744246613,0.0,0.0
E1,q2_x3_bottleneckliteask_cas-multistream_seed777,cas-multistream,placebo,777,1120,na,palu,Palu0502,0.5,22,2417,0,13945,37.20215047547655,0.0,0.0
E1,q2_x3_bottleneckliteask_cas-multistream_seed777,cas-multistream,placebo,777,1120,na,palu,Palu0503,0.5,18,3076,2,13288,78.60660623289425,0.11650485436882231,0.14649681528648842
E1,q2_x3_bottleneckliteask_cas-multistream_seed777,cas-multistream,placebo,777,1120,na,palu,Palu0504,0.5,77,2239,51,14017,53.441551948814606,0.14799600310841513,0.24091444195465175
E1,q2_x3_bottleneckliteask_cas-multistream_seed777,cas-multistream,placebo,777,1120,na,palu,Palu0505,0.5,135,2622,5,13622,24.778998778897034,0.060606060605638196,0.22030237580945367
E1,q2_x3_bottleneckliteask_cas-multistream_seed777,cas-multistream,placebo,777,1120,na,palu,Palu0506,0.5,0,2081,32,14271,85.15984088879995,0.0,0.0
E1,q2_x3_bottleneckliteask_cas-multistream_seed777,cas-multistream,placebo,777,1120,na,palu,Palu0508,0.5,0,1616,21,14747,68.94583602104362,0.0,0.0
E1,q2_x3_bottleneckliteask_cas-multistream_seed777,cas-multistream,placebo,777,1120,na,palu,Palu0509,0.5,0,2517,25,13842,88.04485953847502,0.0,0.0
E1,q2_x3_bottleneckliteask_cas-multistream_seed777,cas-multistream,placebo,777,1120,na,palu,Palu0510,0.5,0,1677,20,14687,82.44830297674665,0.0,0.0
E1,q2_x3_bottleneckliteask_cas-multistream_seed777,cas-multistream,placebo,777,1120,na,palu,Palu0512,0.5,12,1030,11,15331,55.91395514949839,0.18112729575653902,0.18112729575653902
E1,q2_x3_bottleneckliteask_cas-multistream_seed777,cas-multistream,placebo,777,1120,na,palu,Palu0513,0.5,0,597,49,15738,60.559086700966695,0.0,0.0
E1,q2_x3_bottleneckliteask_cas-multistream_seed777,cas-multistream,placebo,777,1120,na,palu,Palu0514,0.5,3,1506,66,14809,50.82281963472641,0.018072289156200825,0.059829059828559975
E1,q2_x3_bottleneckliteask_cas-multistream_seed777,cas-multistream,placebo,777,1120,na,palu,Palu0515,0.5,17,940,41,15386,39.46893793160424,0.09225700164700128,0.1835999999995698
E1,q2_x3_bottleneckliteask_cas-multistream_seed777,cas-multistream,placebo,777,1120,na,palu,Palu0516,0.5,7,3381,33,12963,45.67536079896251,0.02083333333318056,0.06927083333301584
E1,q2_x3_bottleneckliteask_cas-multistream_seed777,cas-multistream,placebo,777,1120,na,palu,Palu0521,0.5,12,1638,92,14642,50.57864025890123,0.12509442513932198,0.15837587557834737
E1,q2_x3_bottleneckliteask_cas-multistream_seed777,cas-multistream,placebo,777,1120,na,palu,Palu0522,0.5,0,2432,98,13854,60.83334267170562,0.0,0.0
E1,q2_x3_bottleneckliteask_cas-multistream_seed777,cas-multistream,placebo,777,1120,na,palu,Palu0524,0.5,0,2994,29,13361,105.60769313424824,0.0,0.0
E1,q2_x3_bottleneckliteask_cas-multistream_seed777,cas-multistream,placebo,777,1120,na,palu,Palu0525,0.5,0,3372,36,12976,81.71838423642063,0.0,0.0
E1,q2_x3_bottleneckliteask_cas-multistream_seed777,cas-multistream,placebo,777,1120,na,palu,Palu0526,0.5,0,930,73,15381,79.91745644724716,0.0,0.0
E1,q2_x3_bottleneckliteask_cas-multistream_seed777,cas-multistream,placebo,777,1120,na,palu,Palu0527,0.5,0,1034,130,15220,44.031803522386596,0.0,0.005847953215904432
E1,q2_x3_bottleneckliteask_cas-multistream_seed777,cas-multistream,placebo,777,1120,na,palu,Palu0528,0.5,8,2169,59,14148,55.01454245097383,0.048338368579737535,0.07098491570499481
E1,q2_x3_bottleneckliteask_cas-multistream_seed777,cas-multistream,placebo,777,1120,na,palu,Palu0530,0.5,25,1994,77,14288,64.74111376126248,0.14041404140379463,0.14800759013253179
E1,q2_x3_bottleneckliteask_cas-multistream_seed777,cas-multistream,placebo,777,1120,na,palu,Palu0531,0.5,0,2432,101,13851,85.35089932973078,0.0,0.0
E1,q2_x3_bottleneckliteask_cas-multistream_seed777,cas-multistream,placebo,777,1120,na,palu,Palu0532,0.5,43,2013,188,14140,64.52983718028233,0.14285714285680615,0.20451353122919633
E1,q2_x3_bottleneckliteask_cas-multistream_seed777,cas-multistream,placebo,777,1120,na,palu,Palu0533,0.5,0,2590,225,13569,82.18400606628978,0.0,0.0
E1,q2_x3_bottleneckliteask_cas-multistream_seed777,cas-multistream,placebo,777,1120,na,palu,Palu0534,0.5,0,1471,39,14874,61.71709649683789,0.0,0.0
E1,q2_x3_bottleneckliteask_cas-multistream_seed777,cas-multistream,placebo,777,1120,na,palu,Palu0535,0.5,51,1302,54,14977,49.523183706928805,0.2600311041986085,0.4132853056462883
E1,q2_x3_bottleneckliteask_cas-multistream_seed777,cas-multistream,placebo,777,1120,na,palu,Palu0536,0.5,13,460,78,15833,48.62506099689971,0.11579395487397542,0.13285883748470395
E1,q2_x3_bottleneckliteask_cas-multistream_seed777,cas-multistream,placebo,777,1120,na,palu,Palu0537,0.5,6,1400,31,14947,35.98672277896655,0.0,0.0
E1,q2_x3_bottleneckliteask_cas-multistream_seed777,cas-multistream,placebo,777,1120,na,palu,Palu0538,0.5,0,1740,28,14616,70.70214274782457,0.0,0.0
E1,q2_x3_bottleneckliteask_cas-multistream_seed777,cas-multistream,placebo,777,1120,na,palu,Palu0539,0.5,7,4938,30,11409,61.990047292333095,0.0,0.0
E1,q2_x3_bottleneckliteask_cas-multistream_seed777,cas-multistream,placebo,777,1120,na,palu,Palu0540,0.5,0,4001,21,12362,96.00677048017657,0.0,0.0
E1,q2_x3_bottleneckliteask_cas-multistream_seed777,cas-multistream,placebo,777,1120,na,palu,Palu0541,0.5,0,300,96,15988,59.33370799334885,0.0,0.0
E1,q2_x3_bottleneckliteask_cas-multistream_seed777,cas-multistream,placebo,777,1120,na,palu,Palu0542,0.5,54,1244,51,15035,48.12299352028515,0.12399708242124334,0.21191265188171787
E1,q2_x3_bottleneckliteask_cas-multistream_seed777,cas-multistream,placebo,777,1120,na,palu,Palu0544,0.5,0,1814,109,14461,41.68641655336301,0.0,0.0
E1,q2_x3_bottleneckliteask_cas-multistream_seed777,cas-multistream,placebo,777,1120,na,palu,Palu0545,0.5,11,302,158,15913,43.16942797328203,0.15180467091246386,0.18652849740883934
E1,q2_x3_bottleneckliteask_cas-multistream_seed777,cas-multistream,placebo,777,1120,na,palu,Palu0546,0.5,0,482,63,15839,61.50210633824454,0.0,0.0
E1,q2_x3_bottleneckliteask_cas-multistream_seed777,cas-multistream,placebo,777,1120,na,palu,Palu0547,0.5,4,1884,34,14462,39.508325021307044,0.006896551723946992,0.05519779208790875
E1,q2_x3_bottleneckliteask_cas-multistream_seed777,cas-multistream,placebo,777,1120,na,palu,Palu0548,0.5,116,1478,14,14776,20.02248595505071,0.25297016861179156,0.38268515387177293
E1,q2_x3_bottleneckliteask_cas-multistream_seed777,cas-multistream,placebo,777,1120,na,palu,Palu0549,0.5,0,1916,101,14367,72.84641253422734,0.0,0.0
E1,q2_x3_bottleneckliteask_cas-multistream_seed777,cas-multistream,placebo,777,1120,na,palu,Palu0550,0.5,227,1345,4,14808,59.490970289376826,0.08653846153804504,0.2229378251172636
E1,q2_x3_bottleneckliteask_cas-multistream_seed777,cas-multistream,placebo,777,1120,na,palu,Palu0551,0.5,0,861,225,15298,74.7020745058535,0.0,0.0
E1,q2_x3_bottleneckliteask_cas-multistream_seed777,cas-multistream,placebo,777,1120,na,palu,Palu0552,0.5,0,2163,507,13714,88.07461309374868,0.0,0.0
E1,q2_x3_bottleneckliteask_cas-multistream_seed777,cas-multistream,placebo,777,1120,na,palu,Palu0553,0.5,0,2426,802,13156,66.50097061249583,0.0,0.0
E1,q2_x3_bottleneckliteask_cas-multistream_seed777,cas-multistream,placebo,777,1120,na,palu,Palu0554,0.5,0,2702,377,13305,86.16012557264504,0.0,0.0
E1,q2_x3_bottleneckliteask_cas-multistream_seed777,cas-multistream,placebo,777,1120,na,palu,Palu0555,0.5,0,407,265,15712,65.73229887996747,0.0,0.0
E1,q2_x3_bottleneckliteask_cas-multistream_seed777,cas-multistream,placebo,777,1120,na,palu,Palu0556,0.5,16,1765,207,14396,57.76129380616461,0.010554089709280082,0.08843319448845494
E1,q2_x3_bottleneckliteask_cas-multistream_seed777,cas-multistream,placebo,777,1120,na,palu,Palu0557,0.5,16,1531,67,14770,38.573219897461165,0.09017713365500282,0.14116251482754358
E1,q2_x3_bottleneckliteask_cas-multistream_seed777,cas-multistream,placebo,777,1120,na,palu,Palu0558,0.5,0,0,45,16339,181.01933598375618,0.0,0.0
E1,q2_x3_bottleneckliteask_cas-multistream_seed777,cas-multistream,placebo,777,1120,na,palu,Palu0560,0.5,0,0,95,16289,181.01933598375618,0.0,0.0
E1,q2_x3_bottleneckliteask_cas-multistream_seed777,cas-multistream,placebo,777,1120,na,palu,Palu0561,0.5,48,407,220,15709,36.534952003458905,0.21160992266697665,0.3083298798171599
E1,q2_x3_bottleneckliteask_cas-multistream_seed777,cas-multistream,placebo,777,1120,na,palu,Palu0562,0.5,42,1036,146,15160,26.71025456379902,0.16883393732634502,0.23150396632622622
E1,q2_x3_bottleneckliteask_cas-multistream_seed777,cas-multistream,placebo,777,1120,na,palu,Palu0566,0.5,0,39,43,16302,138.00047148774306,0.0,0.0
E1,q2_x3_bottleneckliteask_cas-multistream_seed777,cas-multistream,placebo,777,1120,na,palu,Palu0567,0.5,0,139,55,16190,86.80432155702087,0.0,0.0
E1,q2_x3_bottleneckliteask_cas-multistream_seed777,cas-multistream,placebo,777,1120,na,palu,Palu0569,0.5,0,2,28,16354,144.40221604947757,0.0,0.0
E1,q2_x3_bottleneckliteask_cas-multistream_seed777,cas-multistream,placebo,777,1120,na,palu,Palu0570,0.5,0,528,28,15828,98.36766755378741,0.0,0.0
E1,q2_x3_bottleneckliteask_cas-multistream_seed777,cas-multistream,placebo,777,1120,na,palu,Palu0571,0.5,0,1545,724,14115,62.36184731067546,0.0,0.0
E1,q2_x3_bottleneckliteask_cas-multistream_seed777,cas-multistream,placebo,777,1120,na,palu,Palu0572,0.5,1394,1318,56,13616,19.08737249404695,0.2204842332967885,0.37994439838022903
E1,q2_x3_bottleneckliteask_cas-multistream_seed777,cas-multistream,placebo,777,1120,na,palu,Palu0573,0.5,0,833,808,14743,52.43803119533712,0.0,0.0
E1,q2_x3_bottleneckliteask_cas-multistream_seed777,cas-multistream,placebo,777,1120,na,palu,Palu0574,0.5,266,800,150,15168,39.98686884188166,0.2402253147775173,0.44559748427624524
E1,q2_x3_bottleneckliteask_cas-multistream_seed777,cas-multistream,placebo,777,1120,na,palu,Palu0575,0.5,2,839,339,15204,45.98532088221017,0.020066889631751992,0.022684310018676747
E1,q2_x3_bottleneckliteask_cas-multistream_seed777,cas-multistream,placebo,777,1120,na,palu,Palu0578,0.5,0,165,31,16188,71.31910929409584,0.0,0.0
E1,q2_x3_bottleneckliteask_cas-multistream_seed777,cas-multistream,placebo,777,1120,na,palu,Palu0579,0.5,0,0,97,16287,181.01933598375618,0.0,0.0
E1,q2_x3_bottleneckliteask_cas-multistream_seed777,cas-multistream,placebo,777,1120,na,palu,Palu0580,0.5,118,1312,126,14828,23.0,0.19950567699031832,0.34522592971026855
E1,q2_x3_bottleneckliteask_cas-multistream_seed777,cas-multistream,placebo,777,1120,na,palu,Palu0581,0.5,96,1800,91,14397,22.825424421026653,0.060851926977191086,0.25197685631580835
E1,q2_x3_bottleneckliteask_cas-multistream_seed777,cas-multistream,placebo,777,1120,na,palu,Palu0582,0.5,0,1808,18,14558,66.27705353675316,0.0,0.0
E1,q2_x3_bottleneckliteask_cas-multistream_seed777,cas-multistream,placebo,777,1120,na,palu,Palu0583,0.5,0,39,43,16302,94.22575186724639,0.0,0.0
E1,q2_x3_bottleneckliteask_cas-multistream_seed777,cas-multistream,placebo,777,1120,na,palu,Palu0584,0.5,0,170,69,16145,40.95101551261108,0.0,0.0
E1,q2_x3_bottleneckliteask_cas-multistream_seed777,cas-multistream,placebo,777,1120,na,palu,Palu0585,0.5,0,43,58,16283,81.43153230275556,0.0,0.0
E1,q2_x3_bottleneckliteask_cas-multistream_seed777,cas-multistream,placebo,777,1120,na,palu,Palu0586,0.5,0,0,63,16321,181.01933598375618,0.0,0.0
E1,q2_x3_bottleneckliteask_cas-multistream_seed777,cas-multistream,placebo,777,1120,na,palu,Palu0587,0.5,0,1320,38,15026,70.61909945420435,0.0,0.0
E1,q2_x3_bottleneckliteask_cas-multistream_seed777,cas-multistream,placebo,777,1120,na,palu,Palu0591,0.5,0,875,217,15292,105.03854776456488,0.0,0.0
E1,q2_x3_bottleneckliteask_cas-multistream_seed777,cas-multistream,placebo,777,1120,na,palu,Palu0592,0.5,0,1756,648,13980,75.86610553532667,0.0,0.0
E1,q2_x3_bottleneckliteask_cas-multistream_seed777,cas-multistream,placebo,777,1120,na,palu,Palu0593,0.5,0,679,431,15274,75.87081714046698,0.0,0.0
E1,q2_x3_bottleneckliteask_cas-multistream_seed777,cas-multistream,placebo,777,1120,na,palu,Palu0594,0.5,3,952,205,15224,48.104053883222775,0.056823700825143646,0.05986645176095587
E1,q2_x3_bottleneckliteask_cas-multistream_seed777,cas-multistream,placebo,777,1120,na,palu,Palu0595,0.5,32,1322,201,14829,43.03777145884961,0.0992836072477094,0.18198495688814598
E1,q2_x3_bottleneckliteask_cas-multistream_seed777,cas-multistream,placebo,777,1120,na,palu,Palu0596,0.5,0,0,26,16358,181.01933598375618,0.0,0.0
E1,q2_x3_bottleneckliteask_cas-multistream_seed777,cas-multistream,placebo,777,1120,na,palu,Palu0598,0.5,0,0,30,16354,181.01933598375618,0.0,0.0
E1,q2_x3_bottleneckliteask_cas-multistream_seed777,cas-multistream,placebo,777,1120,na,palu,Palu0599,0.5,20,172,32,16160,58.805757072207065,0.360360360359875,0.546536039187786
E1,q2_x3_bottleneckliteask_cas-multistream_seed777,cas-multistream,placebo,777,1120,na,palu,Palu0600,0.5,10,263,81,16030,57.38020683016232,0.20852803738268433,0.25785123966892837
E1,q2_x3_bottleneckliteask_cas-multistream_seed777,cas-multistream,placebo,777,1120,na,palu,Palu0601,0.5,25,689,88,15582,59.438622029709016,0.12938005390790383,0.1794258373200874
E1,q2_x3_bottleneckliteask_cas-multistream_seed777,cas-multistream,placebo,777,1120,na,palu,Palu0602,0.5,23,1240,68,15053,57.442121297697014,0.1694915254233048,0.29347716503636134
E1,q2_x3_bottleneckliteask_cas-multistream_seed777,cas-multistream,placebo,777,1120,na,palu,Palu0603,0.5,0,1264,47,15073,66.2072404199802,0.0,0.0
E1,q2_x3_bottleneckliteask_cas-multistream_seed777,cas-multistream,placebo,777,1120,na,palu,Palu0607,0.5,0,410,49,15925,51.49451180759309,0.0,0.0
E1,q2_x3_bottleneckliteask_cas-multistream_seed777,cas-multistream,placebo,777,1120,na,palu,Palu0608,0.5,0,9,100,16275,60.679064251195655,0.0,0.03669724770627052
E1,q2_x3_bottleneckliteask_cas-multistream_seed777,cas-multistream,placebo,777,1120,na,palu,Palu0609,0.5,44,347,65,15928,58.064706147874446,0.3699210635641041,0.5003661215518594
E1,q2_x3_bottleneckliteask_cas-multistream_seed777,cas-multistream,placebo,777,1120,na,palu,Palu0610,0.5,13,338,74,15959,77.07773913661829,0.23773239865846638,0.3320550417319658
E1,q2_x3_bottleneckliteask_cas-multistream_seed777,cas-multistream,placebo,777,1120,na,palu,Palu0611,0.5,0,23,42,16319,67.67901954049843,0.0,0.0
E1,q2_x3_bottleneckliteask_cas-multistream_seed777,cas-multistream,placebo,777,1120,na,palu,Palu0613,0.5,0,36,34,16314,69.03119348595138,0.0,0.0
E1,q2_x3_bottleneckliteask_cas-multistream_seed777,cas-multistream,placebo,777,1120,na,palu,Palu0614,0.5,0,30,25,16329,94.72985207966478,0.0,0.0
E1,q2_x3_bottleneckliteask_cas-multistream_seed777,cas-multistream,placebo,777,1120,na,palu,Palu0615,0.5,0,1273,65,15046,55.049973360992134,0.0,0.0
E1,q2_x3_bottleneckliteask_cas-multistream_seed777,cas-multistream,placebo,777,1120,na,palu,Palu0616,0.5,36,1848,74,14426,44.893516614092164,0.10004547521566398,0.21804628047790928
E1,q2_x3_bottleneckliteask_cas-multistream_seed777,cas-multistream,placebo,777,1120,na,palu,Palu0617,0.5,16,257,48,16063,64.6544605692959,0.13114754098310671,0.2655330281224717
E1,q2_x3_bottleneckliteask_cas-multistream_seed777,cas-multistream,placebo,777,1120,na,palu,Palu0618,0.5,0,3,20,16361,69.59205753867201,0.0,0.0
E1,q2_x3_bottleneckliteask_cas-multistream_seed777,cas-multistream,placebo,777,1120,na,palu,Palu0619,0.5,0,1,63,16320,58.728187440104094,0.0,0.0
E1,q2_x3_bottleneckliteask_cas-multistream_seed777,cas-multistream,placebo,777,1120,na,palu,Palu0620,0.5,0,347,128,15909,58.147517681148734,0.0,0.0
E1,q2_x3_bottleneckliteask_cas-multistream_seed777,cas-multistream,placebo,777,1120,na,palu,Palu0621,0.5,49,910,118,15307,34.51231089202489,0.21188934667401457,0.37159920371549787
E1,q2_x3_bottleneckliteask_cas-multistream_seed777,cas-multistream,placebo,777,1120,na,palu,Palu0622,0.5,2,510,133,15739,67.5036810050378,0.021374045801343063,0.02205071664815424
E1,q2_x3_bottleneckliteask_cas-multistream_seed777,cas-multistream,placebo,777,1120,na,palu,Palu0623,0.5,7,513,151,15713,72.87545567520579,0.0600858369094509,0.06496519721540872
E1,q2_x3_bottleneckliteask_cas-multistream_seed777,cas-multistream,placebo,777,1120,na,palu,Palu0624,0.5,28,1014,162,15180,55.726535847130954,0.11271094596639206,0.1575694564772949
E1,q2_x3_bottleneckliteask_cas-multistream_seed777,cas-multistream,placebo,777,1120,na,palu,Palu0625,0.5,0,672,66,15646,64.90758974946989,0.0,0.0
E1,q2_x3_bottleneckliteask_cas-multistream_seed777,cas-multistream,placebo,777,1120,na,palu,Palu0630,0.5,0,2230,37,14117,84.1486779456457,0.0,0.0
E1,q2_x3_bottleneckliteask_cas-multistream_seed777,cas-multistream,placebo,777,1120,na,palu,Palu0631,0.5,20,889,92,15383,53.10266452421757,0.04301075268769291,0.10890609874109264
E1,q2_x3_bottleneckliteask_cas-multistream_seed777,cas-multistream,placebo,777,1120,na,palu,Palu0632,0.5,9,1317,83,14975,47.0014024987111,0.048672566371188546,0.09876543209830986
E1,q2_x3_bottleneckliteask_cas-multistream_seed777,cas-multistream,placebo,777,1120,na,palu,Palu0633,0.5,5,1487,17,14875,45.38821896657607,0.0153846153843342,0.06779661016918817
E1,q2_x3_bottleneckliteask_cas-multistream_seed777,cas-multistream,placebo,777,1120,na,palu,Palu0634,0.5,0,983,15,15386,58.30662937058913,0.0,0.0
E1,q2_x3_bottleneckliteask_cas-multistream_seed777,cas-multistream,placebo,777,1120,na,palu,Palu0635,0.5,28,1452,16,14888,22.02271554554524,0.25970359915284713,0.421009437833033
E1,q2_x3_bottleneckliteask_cas-multistream_seed777,cas-multistream,placebo,777,1120,na,palu,Palu0636,0.5,0,698,34,15652,52.31606134770233,0.0,0.0
E1,q2_x3_bottleneckliteask_cas-multistream_seed777,cas-multistream,placebo,777,1120,na,palu,Palu0638,0.5,10,2602,18,13754,64.40062121416358,0.06899856252975567,0.11320754716958205
E1,q2_x3_bottleneckliteask_cas-multistream_seed777,cas-multistream,placebo,777,1120,na,palu,Palu0639,0.5,9,1226,30,15119,37.00675552332174,0.04657179818862856,0.08447871270498337
E1,q2_x3_bottleneckliteask_cas-multistream_seed777,cas-multistream,placebo,777,1120,na,palu,Palu0640,0.5,0,1101,20,15263,59.57035129742327,0.0,0.0
E1,q2_x3_bottleneckliteask_cas-multistream_seed777,cas-multistream,placebo,777,1120,na,palu,Palu0641,0.5,66,4,425,15889,53.17328243940722,0.19745222929916495,0.22686567164158988
E1,q2_x3_bottleneckliteask_cas-multistream_seed777,cas-multistream,placebo,777,1120,na,palu,Palu0642,0.5,377,606,284,15117,56.614141934014704,0.2312056012669631,0.42182723876324496
E1,q2_x3_bottleneckliteask_cas-multistream_seed777,cas-multistream,placebo,777,1120,na,palu,Palu0643,0.5,108,1666,187,14423,52.952809179494906,0.24883658492880115,0.4716451431774953
E1,q2_x3_bottleneckliteask_cas-multistream_seed777,cas-multistream,placebo,777,1120,na,palu,Palu0644,0.5,0,620,128,15636,79.07681848481752,0.0,0.0
E1,q2_x3_bottleneckliteask_cas-multistream_seed777,cas-multistream,placebo,777,1120,na,palu,Palu0645,0.5,24,312,97,15951,61.59869933862879,0.1821444593983336,0.1976935749583157
E1,q2_x3_bottleneckliteask_cas-multistream_seed777,cas-multistream,placebo,777,1120,na,palu,Palu0646,0.5,121,1789,139,14335,42.623923744912126,0.20717695980237105,0.3574336251300903
E1,q2_x3_bottleneckliteask_cas-multistream_seed777,cas-multistream,placebo,777,1120,na,palu,Palu0647,0.5,9,1250,136,14989,59.16331791147607,0.04382227632354587,0.04515805318593741
E1,q2_x3_bottleneckliteask_cas-multistream_seed777,cas-multistream,placebo,777,1120,na,palu,Palu0652,0.5,0,256,252,15876,61.94922745077774,0.0,0.011695906432355256
E1,q2_x3_bottleneckliteask_cas-multistream_seed777,cas-multistream,placebo,777,1120,na,palu,Palu0653,0.5,137,1840,410,13997,34.2984191736031,0.291798627352771,0.4235648539049429
E1,q2_x3_bottleneckliteask_cas-multistream_seed777,cas-multistream,placebo,777,1120,na,palu,Palu0654,0.5,157,895,230,15102,32.56838882252308,0.23131672597819453,0.3902602199390485
E1,q2_x3_bottleneckliteask_cas-multistream_seed777,cas-multistream,placebo,777,1120,na,palu,Palu0655,0.5,0,926,88,15370,57.36590296564583,0.0,0.0
E1,q2_x3_bottleneckliteask_cas-multistream_seed777,cas-multistream,placebo,777,1120,na,palu,Palu0656,0.5,0,1119,17,15248,52.680597876788255,0.0,0.0
E1,q2_x3_bottleneckliteask_cas-multistream_seed777,cas-multistream,placebo,777,1120,na,palu,Palu0660,0.5,32,80,516,15756,67.98156254401918,0.17411764705853594,0.27438102684364746
E1,q2_x3_bottleneckliteask_cas-multistream_seed777,cas-multistream,placebo,777,1120,na,palu,Palu0661,0.5,503,2088,200,13593,54.76311715317873,0.19300574060112455,0.34327044242246063
E1,q2_x3_bottleneckliteask_cas-multistream_seed777,cas-multistream,placebo,777,1120,na,palu,Palu0662,0.5,140,707,162,15375,59.33456568658773,0.3014256619140238,0.48296495298526526
E1,q2_x3_bottleneckliteask_cas-multistream_seed777,cas-multistream,placebo,777,1120,na,palu,Palu0663,0.5,9,211,171,15993,62.84260629956295,0.04652966265965512,0.08681672025698493
E1,q2_x3_bottleneckliteask_cas-multistream_seed777,cas-multistream,placebo,777,1120,na,palu,Palu0664,0.5,9,616,194,15565,68.14168276774882,0.0,0.007984031935666235
E1,q2_x3_bottleneckliteask_cas-multistream_seed777,cas-multistream,placebo,777,1120,na,palu,Palu0665,0.5,94,1568,223,14499,41.80364513469382,0.1279868731407168,0.26174895895253014
E1,q2_x3_bottleneckliteask_cas-multistream_seed777,cas-multistream,placebo,777,1120,na,palu,Palu0666,0.5,86,2963,76,13259,38.81401103424256,0.13389592123729255,0.2703137570389922
E1,q2_x3_bottleneckliteask_cas-multistream_seed777,cas-multistream,placebo,777,1120,na,palu,Palu0673,0.5,21,892,247,15224,50.835347112953556,0.12051069130115755,0.17987255019797177
E1,q2_x3_bottleneckliteask_cas-multistream_seed777,cas-multistream,placebo,777,1120,na,palu,Palu0674,0.5,215,2171,452,13546,42.118788961754795,0.21975227001004602,0.3633850880499518
E1,q2_x3_bottleneckliteask_cas-multistream_seed777,cas-multistream,placebo,777,1120,na,palu,Palu0675,0.5,195,1382,317,14490,37.37663427780335,0.18331114070092688,0.31953720938684244
E1,q2_x3_bottleneckliteask_cas-multistream_seed777,cas-multistream,placebo,777,1120,na,palu,Palu0676,0.5,0,562,102,15720,73.60464901893383,0.0,0.0
E1,q2_x3_bottleneckliteask_cas-multistream_seed777,cas-multistream,placebo,777,1120,na,palu,Palu0678,0.5,8,947,16,15413,36.849999999999994,0.05882352941147404,0.14399999999966132
E1,q2_x3_bottleneckliteask_cas-multistream_seed777,cas-multistream,placebo,777,1120,na,palu,Palu0679,0.5,0,506,16,15862,80.31313663583038,0.0,0.0
E1,q2_x3_bottleneckliteask_cas-multistream_seed777,cas-multistream,placebo,777,1120,na,palu,Palu0681,0.5,0,1825,19,14540,97.56177301148496,0.0,0.0
E1,q2_x3_bottleneckliteask_cas-multistream_seed777,cas-multistream,placebo,777,1120,na,palu,Palu0682,0.5,0,1843,26,14515,88.83557534456016,0.0,0.0
E1,q2_x3_bottleneckliteask_cas-multistream_seed777,cas-multistream,placebo,777,1120,na,palu,Palu0683,0.5,0,558,215,15611,75.14318579802186,0.0,0.0
E1,q2_x3_bottleneckliteask_cas-multistream_seed777,cas-multistream,placebo,777,1120,na,palu,Palu0684,0.5,204,302,222,15656,45.235386837084015,0.5123066869958544,0.7043141216382252
E1,q2_x3_bottleneckliteask_cas-multistream_seed777,cas-multistream,placebo,777,1120,na,palu,Palu0685,0.5,88,1835,214,14247,53.506942513844756,0.12017392215362488,0.2540991031791831
E1,q2_x3_bottleneckliteask_cas-multistream_seed777,cas-multistream,placebo,777,1120,na,palu,Palu0686,0.5,0,0,189,16195,181.01933598375618,0.0,0.0
E1,q2_x3_bottleneckliteask_cas-multistream_seed777,cas-multistream,placebo,777,1120,na,palu,Palu0687,0.5,75,1004,155,15150,51.32998216565002,0.18104840469595815,0.2777185201814201
E1,q2_x3_bottleneckliteask_cas-multistream_seed777,cas-multistream,placebo,777,1120,na,palu,Palu0688,0.5,58,230,302,15794,51.731480663254,0.21623902768361888,0.29284488960178895
E1,q2_x3_bottleneckliteask_cas-multistream_seed777,cas-multistream,placebo,777,1120,na,palu,Palu0689,0.5,246,1426,92,14620,26.935092849326526,0.3392451956466469,0.5028790786943176
E1,q2_x3_bottleneckliteask_cas-multistream_seed777,cas-multistream,placebo,777,1120,na,palu,Palu0690,0.5,3,2348,162,13871,57.32828258861568,0.026058631921326025,0.04585243851559973
E1,q2_x3_bottleneckliteask_cas-multistream_seed777,cas-multistream,placebo,777,1120,na,palu,Palu0691,0.5,17,1821,48,14498,51.07531946898799,0.032992930086149536,0.08680213059740678
E1,q2_x3_bottleneckliteask_cas-multistream_seed777,cas-multistream,placebo,777,1120,na,palu,Palu0692,0.5,4,1260,14,15106,59.12866562080028,0.07100591715949484,0.09431345353642016
E1,q2_x3_bottleneckliteask_cas-multistream_seed777,cas-multistream,placebo,777,1120,na,palu,Palu0693,0.5,10,479,19,15876,46.639458046928645,0.13819577735090147,0.18047579983554468
E1,q2_x3_bottleneckliteask_cas-multistream_seed777,cas-multistream,placebo,777,1120,na,palu,Palu0694,0.5,11,504,34,15835,22.27488625989058,0.16276537833383592,0.2588863776448808
E1,q2_x3_bottleneckliteask_cas-multistream_seed777,cas-multistream,placebo,777,1120,na,palu,Palu0695,0.5,0,557,37,15790,43.032264288370065,0.0,0.015325670497678015
E1,q2_x3_bottleneckliteask_cas-multistream_seed777,cas-multistream,placebo,777,1120,na,palu,Palu0699,0.5,25,1576,52,14731,49.08957646813186,0.148883374689441,0.25031969309417007
E1,q2_x3_bottleneckliteask_cas-multistream_seed777,cas-multistream,placebo,777,1120,na,palu,Palu0700,0.5,32,1665,161,14526,67.13265643141189,0.06837606837557335,0.15339348764175387
E1,q2_x3_bottleneckliteask_cas-multistream_seed777,cas-multistream,placebo,777,1120,na,palu,Palu0701,0.5,45,1632,129,14578,39.495647333085635,0.15805471124571124,0.26761792721289196
E1,q2_x3_bottleneckliteask_cas-multistream_seed777,cas-multistream,placebo,777,1120,na,palu,Palu0702,0.5,0,645,52,15687,73.19165179763648,0.0,0.0
E1,q2_x3_bottleneckliteask_cas-multistream_seed777,cas-multistream,placebo,777,1120,na,palu,Palu0704,0.5,0,233,20,16131,52.0408482874003,0.0,0.0
E1,q2_x3_bottleneckliteask_cas-multistream_seed777,cas-multistream,placebo,777,1120,na,palu,Palu0706,0.5,0,4046,24,12314,81.41865996725323,0.0,0.0
E1,q2_x3_bottleneckliteask_cas-multistream_seed777,cas-multistream,placebo,777,1120,na,palu,Palu0707,0.5,0,2688,61,13635,50.24788510622217,0.0,0.0
E1,q2_x3_bottleneckliteask_cas-multistream_seed777,cas-multistream,placebo,777,1120,na,palu,Palu0708,0.5,18,801,138,15427,63.89053137985315,0.0,0.0
E1,q2_x3_bottleneckliteask_cas-multistream_seed777,cas-multistream,placebo,777,1120,na,palu,Palu0709,0.5,187,791,387,15019,60.38046077903449,0.21627774615778214,0.37508655843614774
E1,q2_x3_bottleneckliteask_cas-multistream_seed777,cas-multistream,placebo,777,1120,na,palu,Palu0710,0.5,347,1532,286,14219,16.74204368854087,0.2355601037620986,0.4236756896770282
E1,q2_x3_bottleneckliteask_cas-multistream_seed777,cas-multistream,placebo,777,1120,na,palu,Palu0711,0.5,29,933,207,15215,59.530084789092314,0.12108980827398343,0.17439446366733927
E1,q2_x3_bottleneckliteask_cas-multistream_seed777,cas-multistream,placebo,777,1120,na,palu,Palu0712,0.5,4,250,136,15994,62.42875820341437,0.09401709401664401,0.15681818181768287
E1,q2_x3_bottleneckliteask_cas-multistream_seed777,cas-multistream,placebo,777,1120,na,palu,Palu0713,0.5,94,1004,117,15169,48.55949718227432,0.19855014095804355,0.348830959419066
E1,q2_x3_bottleneckliteask_cas-multistream_seed777,cas-multistream,placebo,777,1120,na,palu,Palu0714,0.5,20,1014,263,15087,60.63597881472375,0.09094442285224419,0.13744493392031348
E1,q2_x3_bottleneckliteask_cas-multistream_seed777,cas-multistream,placebo,777,1120,na,palu,Palu0715,0.5,113,2022,91,14158,31.93715796565715,0.08264462809867375,0.2208306834298625
E1,q2_x3_bottleneckliteask_cas-multistream_seed777,cas-multistream,placebo,777,1120,na,palu,Palu0716,0.5,21,1388,153,14822,50.413721786833925,0.12152479220360012,0.1947126229355542
E1,q2_x3_bottleneckliteask_cas-multistream_seed777,cas-multistream,placebo,777,1120,na,palu,Palu0717,0.5,49,498,77,15760,42.618791867793504,0.19497784342639085,0.3010752688167045
E1,q2_x3_bottleneckliteask_cas-multistream_seed777,cas-multistream,placebo,777,1120,na,palu,Palu0719,0.5,0,756,33,15595,49.06882266242448,0.0,0.0
E1,q2_x3_bottleneckliteask_cas-multistream_seed777,cas-multistream,placebo,777,1120,na,palu,Palu0720,0.5,31,54,44,16255,33.54382240052743,0.47700170357702276,0.4837001950399136
E1,q2_x3_bottleneckliteask_cas-multistream_seed777,cas-multistream,placebo,777,1120,na,palu,Palu0721,0.5,0,0,67,16317,181.01933598375618,0.0,0.0
E1,q2_x3_bottleneckliteask_cas-multistream_seed777,cas-multistream,placebo,777,1120,na,palu,Palu0722,0.5,18,100,54,16212,40.52646761038056,0.3265306122444448,0.49624060150337873
E1,q2_x3_bottleneckliteask_cas-multistream_seed777,cas-multistream,placebo,777,1120,na,palu,Palu0725,0.5,0,1290,32,15062,63.34803632152743,0.0,0.0
E1,q2_x3_bottleneckliteask_cas-multistream_seed777,cas-multistream,placebo,777,1120,na,palu,Palu0726,0.5,73,888,161,15262,40.55785013384954,0.1276337115067976,0.28691983122317355
E1,q2_x3_bottleneckliteask_cas-multistream_seed777,cas-multistream,placebo,777,1120,na,palu,Palu0727,0.5,11,589,217,15567,73.20925181322222,0.06790123456747685,0.08682170542605373
E1,q2_x3_bottleneckliteask_cas-multistream_seed777,cas-multistream,placebo,777,1120,na,palu,Palu0728,0.5,2,368,42,15972,41.23105625617661,0.09670920080556651,0.14992791926920088
E1,q2_x3_bottleneckliteask_cas-multistream_seed777,cas-multistream,placebo,777,1120,na,palu,Palu0729,0.5,17,732,9,15626,35.616672774949144,0.1042442293370207,0.23035439137101604
E1,q2_x3_bottleneckliteask_cas-multistream_seed777,cas-multistream,placebo,777,1120,na,palu,Palu0730,0.5,0,2682,23,13679,83.02409288875127,0.0,0.0
E1,q2_x3_bottleneckliteask_cas-multistream_seed777,cas-multistream,placebo,777,1120,na,palu,Palu0731,0.5,61,2193,13,14117,36.2374112725064,0.1503051065193617,0.2593186629880952
E1,q2_x3_bottleneckliteask_cas-multistream_seed777,cas-multistream,placebo,777,1120,na,palu,Palu0732,0.5,55,1854,133,14342,45.04358763363495,0.11010406176530696,0.1868999359927559
E1,q2_x3_bottleneckliteask_cas-multistream_seed777,cas-multistream,placebo,777,1120,na,palu,Palu0733,0.5,156,1001,245,14982,29.894469683442242,0.2904020257374733,0.452850175445845
E1,q2_x3_bottleneckliteask_cas-multistream_seed777,cas-multistream,placebo,777,1120,na,palu,Palu0734,0.5,63,326,275,15720,94.98735765343262,0.10656716417875484,0.15774647887286372
E1,q2_x3_bottleneckliteask_cas-multistream_seed777,cas-multistream,placebo,777,1120,na,palu,Palu0735,0.5,0,585,89,15710,67.89698078707183,0.0,0.0
E1,q2_x3_bottleneckliteask_cas-multistream_seed777,cas-multistream,placebo,777,1120,na,palu,Palu0736,0.5,0,65,55,16264,101.21096518807387,0.0,0.0
E1,q2_x3_bottleneckliteask_cas-multistream_seed777,cas-multistream,placebo,777,1120,na,palu,Palu0737,0.5,0,2119,88,14177,50.95185679325273,0.0,0.0
E1,q2_x3_bottleneckliteask_cas-multistream_seed777,cas-multistream,placebo,777,1120,na,palu,Palu0738,0.5,6,11,98,16269,77.63391625300387,0.26412429378500035,0.2809917355369485
E1,q2_x3_bottleneckliteask_cas-multistream_seed777,cas-multistream,placebo,777,1120,na,palu,Palu0739,0.5,0,436,75,15873,66.91438437414823,0.0,0.0
E1,q2_x3_bottleneckliteask_cas-multistream_seed777,cas-multistream,placebo,777,1120,na,palu,Palu0740,0.5,16,1047,79,15242,48.1227512128067,0.09497841399633505,0.17106918238945468
E1,q2_x3_bottleneckliteask_cas-multistream_seed777,cas-multistream,placebo,777,1120,na,palu,Palu0741,0.5,9,939,67,15369,54.70828087217568,0.05681818181768498,0.18874172185382374
E1,q2_x3_bottleneckliteask_cas-multistream_seed777,cas-multistream,placebo,777,1120,na,palu,Palu0742,0.5,0,962,21,15401,65.9552356824174,0.0,0.0
E1,q2_x3_bottleneckliteask_cas-multistream_seed777,cas-multistream,placebo,777,1120,na,palu,Palu0743,0.5,43,479,33,15829,28.0178514522438,0.181818181817719,0.43364623596492174
E1,q2_x3_bottleneckliteask_cas-multistream_seed777,cas-multistream,placebo,777,1120,na,palu,Palu0744,0.5,12,535,51,15786,53.99841520471662,0.21034180543333061,0.24095472627342093
E1,q2_x3_bottleneckliteask_cas-multistream_seed777,cas-multistream,placebo,777,1120,na,palu,Palu0745,0.5,0,0,45,16339,181.01933598375618,0.0,0.0
E1,q2_x3_bottleneckliteask_cas-multistream_seed777,cas-multistream,placebo,777,1120,na,palu,Palu0750,0.5,20,1917,32,14415,45.69562783525885,0.18880647336437573,0.27605926696078903
E1,q2_x3_bottleneckliteask_cas-multistream_seed777,cas-multistream,placebo,777,1120,na,palu,Palu0751,0.5,95,1079,163,15047,29.300169340120274,0.21035058430672132,0.3115264797503365
E1,q2_x3_bottleneckliteask_cas-multistream_seed777,cas-multistream,placebo,777,1120,na,palu,Palu0752,0.5,0,769,233,15382,60.043294283437945,0.0,0.0
E1,q2_x3_bottleneckliteask_cas-multistream_seed777,cas-multistream,placebo,777,1120,na,palu,Palu0753,0.5,0,538,45,15801,65.11297796217838,0.0,0.0
E1,q2_x3_bottleneckliteask_cas-multistream_seed777,cas-multistream,placebo,777,1120,na,palu,Palu0754,0.5,0,293,26,16065,71.55346797040521,0.0,0.0
E1,q2_x3_bottleneckliteask_cas-multistream_seed777,cas-multistream,placebo,777,1120,na,palu,Palu0755,0.5,0,2686,32,13666,100.62305898749054,0.0,0.0
E1,q2_x3_bottleneckliteask_cas-multistream_seed777,cas-multistream,placebo,777,1120,na,palu,Palu0756,0.5,0,1610,58,14716,74.8264551803858,0.0,0.0
E1,q2_x3_bottleneckliteask_cas-multistream_seed777,cas-multistream,placebo,777,1120,na,palu,Palu0757,0.5,19,1001,22,15342,34.20526275297414,0.10778443113735409,0.169431279620421
E1,q2_x3_bottleneckliteask_cas-multistream_seed777,cas-multistream,placebo,777,1120,na,palu,Palu0758,0.5,0,404,40,15940,57.40420495966443,0.0,0.0
E1,q2_x3_bottleneckliteask_cas-multistream_seed777,cas-multistream,placebo,777,1120,na,palu,Palu0759,0.5,0,491,48,15845,81.53157553290664,0.0,0.0
E1,q2_x3_bottleneckliteask_cas-multistream_seed777,cas-multistream,placebo,777,1120,na,palu,Palu0760,0.5,0,0,23,16361,181.01933598375618,0.0,0.0
E1,q2_x3_bottleneckliteask_cas-multistream_seed777,cas-multistream,placebo,777,1120,na,palu,Palu0761,0.5,0,0,21,16363,181.01933598375618,0.0,0.0
E1,q2_x3_bottleneckliteask_cas-multistream_seed777,cas-multistream,placebo,777,1120,na,palu,Palu0762,0.5,0,0,31,16353,181.01933598375618,0.0,0.0
E1,q2_x3_bottleneckliteask_cas-multistream_seed777,cas-multistream,placebo,777,1120,na,palu,Palu0763,0.5,3,475,69,15837,45.53014485670978,0.11392405063241653,0.14082145850747704
E1,q2_x3_bottleneckliteask_cas-multistream_seed777,cas-multistream,placebo,777,1120,na,palu,Palu0764,0.5,0,655,68,15661,43.82204823755949,0.0,0.0
E1,q2_x3_bottleneckliteask_cas-multistream_seed777,cas-multistream,placebo,777,1120,na,palu,Palu0772,0.5,0,1776,41,14567,52.3450093132096,0.0,0.0
E1,q2_x3_bottleneckliteask_cas-multistream_seed777,cas-multistream,placebo,777,1120,na,palu,Palu0773,0.5,11,661,81,15631,60.274668663251035,0.10344827586157013,0.15251299826643575
E1,q2_x3_bottleneckliteask_cas-multistream_seed777,cas-multistream,placebo,777,1120,na,palu,Palu0774,0.5,0,174,74,16136,83.32080424905143,0.0,0.0
E1,q2_x3_bottleneckliteask_cas-multistream_seed777,cas-multistream,placebo,777,1120,na,palu,Palu0776,0.5,0,502,20,15862,55.91064013455529,0.0,0.0
E1,q2_x3_bottleneckliteask_cas-multistream_seed777,cas-multistream,placebo,777,1120,na,palu,Palu0777,0.5,13,1242,7,15122,47.97338658054975,0.17518860016747714,0.22568093385193985
E1,q2_x3_bottleneckliteask_cas-multistream_seed777,cas-multistream,placebo,777,1120,na,palu,Palu0782,0.5,7,72,19,16286,40.733708439332155,0.2335456475579094,0.38052095130196373
E1,q2_x3_bottleneckliteask_cas-multistream_seed777,cas-multistream,placebo,777,1120,na,palu,Palu0783,0.5,0,0,24,16360,181.01933598375618,0.0,0.0
E1,q2_x3_bottleneckliteask_cas-multistream_seed777,cas-multistream,placebo,777,1120,na,palu,Palu0784,0.5,0,0,45,16339,181.01933598375618,0.0,0.0
E1,q2_x3_bottleneckliteask_cas-multistream_seed777,cas-multistream,placebo,777,1120,na,palu,Palu0785,0.5,15,407,113,15849,61.0,0.05741626794208786,0.11027568922255877
E1,q2_x3_bottleneckliteask_cas-multistream_seed777,cas-multistream,placebo,777,1120,na,palu,Palu0786,0.5,0,252,157,15975,57.19176721783319,0.0,0.0
E1,q2_x3_bottleneckliteask_cas-multistream_seed777,cas-multistream,placebo,777,1120,na,palu,Palu0787,0.5,0,0,65,16319,181.01933598375618,0.0,0.0
E1,q2_x3_bottleneckliteask_cas-multistream_seed777,cas-multistream,placebo,777,1120,na,palu,Palu0792,0.5,0,1147,37,15200,63.02662846474025,0.0,0.0
E1,q2_x3_bottleneckliteask_cas-multistream_seed777,cas-multistream,placebo,777,1120,na,palu,Palu0793,0.5,10,1722,105,14547,52.126840889170545,0.0,0.0
E1,q2_x3_bottleneckliteask_cas-multistream_seed777,cas-multistream,placebo,777,1120,na,palu,Palu0794,0.5,26,776,143,15439,55.46169849544819,0.11452062839476923,0.1482154209423144
E1,q2_x3_bottleneckliteask_cas-multistream_seed777,cas-multistream,placebo,777,1120,na,palu,Palu0795,0.5,0,945,82,15357,68.73119987860035,0.0,0.0
E1,q2_x3_bottleneckliteask_cas-multistream_seed777,cas-multistream,placebo,777,1120,na,palu,Palu0797,0.5,0,1211,20,15153,58.213380672814296,0.0,0.0
E1,q2_x3_bottleneckliteask_cas-multistream_seed777,cas-multistream,placebo,777,1120,na,palu,Palu0798,0.5,10,2325,10,14039,71.12306934368924,0.15248618784512122,0.22588741484381064
E1,q2_x3_bottleneckliteask_cas-multistream_seed777,cas-multistream,placebo,777,1120,na,palu,Palu0802,0.5,0,2459,22,13903,102.7861858422619,0.0,0.0
E1,q2_x3_bottleneckliteask_cas-multistream_seed777,cas-multistream,placebo,777,1120,na,palu,Palu0803,0.5,0,579,62,15743,63.31142708943637,0.0,0.0
E1,q2_x3_bottleneckliteask_cas-multistream_seed777,cas-multistream,placebo,777,1120,na,palu,Palu0804,0.5,18,476,49,15841,45.21282657316526,0.20081671871201934,0.29366909026374793
E1,q2_x3_bottleneckliteask_cas-multistream_seed777,cas-multistream,placebo,777,1120,na,palu,Palu0805,0.5,10,307,27,16040,64.52801463441149,0.1016949152537788,0.2589928057549001
E1,q2_x3_bottleneckliteask_cas-multistream_seed777,cas-multistream,placebo,777,1120,na,palu,Palu0806,0.5,0,1189,17,15178,67.34630047596333,0.0,0.0
E1,q2_x3_bottleneckliteask_cas-multistream_seed777,cas-multistream,placebo,777,1120,na,palu,Palu0807,0.5,0,1140,114,15130,53.15025866160687,0.0,0.0
E1,q2_x3_bottleneckliteask_cas-multistream_seed777,cas-multistream,placebo,777,1120,na,palu,Palu0808,0.5,0,31,174,16179,88.151287590749,0.0,0.0
E1,q2_x3_bottleneckliteask_cas-multistream_seed777,cas-multistream,placebo,777,1120,na,palu,Palu0809,0.5,17,188,145,16034,76.34409456417818,0.15949960906916114,0.23277094652525349
E1,q2_x3_bottleneckliteask_cas-multistream_seed777,cas-multistream,placebo,777,1120,na,palu,Palu0810,0.5,0,536,95,15753,61.220911460055866,0.0,0.0
E1,q2_x3_bottleneckliteask_cas-multistream_seed777,cas-multistream,placebo,777,1120,na,palu,Palu0814,0.5,0,673,27,15684,50.25721843369437,0.0,0.0
E1,q2_x3_bottleneckliteask_cas-multistream_seed777,cas-multistream,placebo,777,1120,na,palu,Palu0815,0.5,63,1448,41,14832,44.58841357869333,0.11104639875703344,0.20365535247993494
E1,q2_x3_bottleneckliteask_cas-multistream_seed777,cas-multistream,placebo,777,1120,na,palu,Palu0816,0.5,48,1856,229,14251,50.20956084253277,0.20229090123139973,0.2616140971104802
E1,q2_x3_bottleneckliteask_cas-multistream_seed777,cas-multistream,placebo,777,1120,na,palu,Palu0817,0.5,63,268,248,15805,59.98665925101736,0.34766817994176813,0.49680365296759876
E1,q2_x3_bottleneckliteask_cas-multistream_seed777,cas-multistream,placebo,777,1120,na,palu,Palu0818,0.5,0,442,146,15796,89.75325421636995,0.0,0.0
E1,q2_x3_bottleneckliteask_cas-multistream_seed777,cas-multistream,placebo,777,1120,na,palu,Palu0819,0.5,0,765,69,15550,108.11996122012013,0.0,0.0
E1,q2_x3_bottleneckliteask_cas-multistream_seed777,cas-multistream,placebo,777,1120,na,palu,Palu0820,0.5,0,0,73,16311,181.01933598375618,0.0,0.0
E1,q2_x3_bottleneckliteask_cas-multistream_seed777,cas-multistream,placebo,777,1120,na,palu,Palu0827,0.5,0,1751,20,14613,54.82289232347903,0.0,0.0
E1,q2_x3_bottleneckliteask_cas-multistream_seed777,cas-multistream,placebo,777,1120,na,palu,Palu0828,0.5,2,1502,49,14831,52.629839281968096,0.022684310018502265,0.06930320150610274
E1,q2_x3_bottleneckliteask_cas-multistream_seed777,cas-multistream,placebo,777,1120,na,palu,Palu0829,0.5,43,1666,15,14660,42.71122252887653,0.0,0.1153054220998555
E1,q2_x3_bottleneckliteask_cas-multistream_seed777,cas-multistream,placebo,777,1120,na,palu,Palu0830,0.5,4,53,60,16267,56.01026661199808,0.1102362204721545,0.14084507042227334
E1,q2_x3_bottleneckliteask_cas-multistream_seed777,cas-multistream,placebo,777,1120,na,palu,Palu0831,0.5,32,5,143,16204,65.9797661175,0.3186695278967085,0.46153846153810646
E1,q2_x3_bottleneckliteask_cas-multistream_seed777,cas-multistream,placebo,777,1120,na,palu,Palu0832,0.5,82,745,205,15352,63.033324140499325,0.21108742004218597,0.29003021147991676
E1,q2_x3_bottleneckliteask_cas-multistream_seed777,cas-multistream,placebo,777,1120,na,palu,Palu0833,0.5,6,26,205,16147,108.00440093490792,0.13033359193159746,0.209424083769446
E1,q2_x3_bottleneckliteask_cas-multistream_seed777,cas-multistream,placebo,777,1120,na,palu,Palu0834,0.5,32,1288,39,15025,61.541853616064984,0.09962640099577391,0.24906600249016994
E1,q2_x3_bottleneckliteask_cas-multistream_seed777,cas-multistream,placebo,777,1120,na,palu,Palu0837,0.5,10,1053,13,15308,65.75477427185595,0.02272727272704552,0.10452961672441828
E1,q2_x3_bottleneckliteask_cas-multistream_seed777,cas-multistream,placebo,777,1120,na,palu,Palu0838,0.5,0,480,25,15879,74.9436266078849,0.0,0.0
E1,q2_x3_bottleneckliteask_cas-multistream_seed777,cas-multistream,placebo,777,1120,na,palu,Palu0839,0.5,11,969,88,15316,50.94939560684366,0.10888423571610366,0.14647993943954707
E1,q2_x3_bottleneckliteask_cas-multistream_seed777,cas-multistream,placebo,777,1120,na,palu,Palu0840,0.5,15,724,175,15470,65.49999591153073,0.06451612903188306,0.07339449541259356
E1,q2_x3_bottleneckliteask_cas-multistream_seed777,cas-multistream,placebo,777,1120,na,palu,Palu0841,0.5,0,0,236,16148,181.01933598375618,0.0,0.0
E1,q2_x3_bottleneckliteask_cas-multistream_seed777,cas-multistream,placebo,777,1120,na,palu,Palu0842,0.5,0,1250,179,14955,63.66935897408102,0.0,0.0
E1,q2_x3_bottleneckliteask_cas-multistream_seed777,cas-multistream,placebo,777,1120,na,palu,Palu0843,0.5,7,315,182,15880,71.8546480932507,0.0722021660645484,0.1647058823525575
E1,q2_x3_bottleneckliteask_cas-multistream_seed777,cas-multistream,placebo,777,1120,na,palu,Palu0844,0.5,94,1352,119,14819,47.398307699364125,0.20466662844647165,0.33360334380930695
E1,q2_x3_bottleneckliteask_cas-multistream_seed777,cas-multistream,placebo,777,1120,na,palu,Palu0845,0.5,38,1308,122,14916,52.79583194538808,0.1428571428566837,0.20571428571382655
E1,q2_x3_bottleneckliteask_cas-multistream_seed777,cas-multistream,placebo,777,1120,na,palu,Palu0846,0.5,50,683,40,15611,39.00705012344427,0.27098718914807324,0.37546777546741056
E1,q2_x3_bottleneckliteask_cas-multistream_seed777,cas-multistream,placebo,777,1120,na,palu,Palu0847,0.5,13,1412,41,14918,37.656340767525464,0.0,0.0
E1,q2_x3_bottleneckliteask_cas-multistream_seed777,cas-multistream,placebo,777,1120,na,palu,Palu0848,0.5,0,940,54,15390,68.87633043280711,0.0,0.0
E1,q2_x3_bottleneckliteask_cas-multistream_seed777,cas-multistream,placebo,777,1120,na,palu,Palu0849,0.5,1,2078,53,14252,65.59910976361076,0.024793388429405365,0.04509582863559311
E1,q2_x3_bottleneckliteask_cas-multistream_seed777,cas-multistream,placebo,777,1120,na,palu,Palu0850,0.5,44,2850,101,13389,59.16205442945099,0.17957870393601583,0.27826890090996514
E1,q2_x3_bottleneckliteask_cas-multistream_seed777,cas-multistream,placebo,777,1120,na,palu,Palu0851,0.5,0,2690,91,13603,109.63302408510941,0.0,0.0
E1,q2_x3_bottleneckliteask_cas-multistream_seed777,cas-multistream,placebo,777,1120,na,palu,Palu0852,0.5,0,3002,341,13041,115.65847317012009,0.0,0.0
E1,q2_x3_bottleneckliteask_cas-multistream_seed777,cas-multistream,placebo,777,1120,na,palu,Palu0853,0.5,0,1200,619,14565,67.07756379438295,0.0,0.0
E1,q2_x3_bottleneckliteask_cas-multistream_seed777,cas-multistream,placebo,777,1120,na,palu,Palu0854,0.5,17,288,450,15629,56.569928997569164,0.09169054441213179,0.12131219726948993
E1,q2_x3_bottleneckliteask_cas-multistream_seed777,cas-multistream,placebo,777,1120,na,palu,Palu0855,0.5,291,1762,38,14293,41.00742693694421,0.08657595289203783,0.26803956542841373
E1,q2_x3_bottleneckliteask_cas-multistream_seed777,cas-multistream,placebo,777,1120,na,palu,Palu0856,0.5,8,69,212,16095,68.01102662819403,0.10482846251565281,0.1710213776719749
E1,q2_x3_bottleneckliteask_cas-multistream_seed777,cas-multistream,placebo,777,1120,na,palu,Palu0857,0.5,35,1275,136,14938,55.292387750096516,0.059894921190398645,0.1171490988527087
E1,q2_x3_bottleneckliteask_cas-multistream_seed777,cas-multistream,placebo,777,1120,na,palu,Palu0858,0.5,19,646,74,15645,48.00226119823387,0.05882352941126643,0.21518987341723123
E1,q2_x3_bottleneckliteask_cas-multistream_seed777,cas-multistream,placebo,777,1120,na,palu,Palu0862,0.5,0,422,33,15929,81.82724222032387,0.0,0.0
E1,q2_x3_bottleneckliteask_cas-multistream_seed777,cas-multistream,placebo,777,1120,na,palu,Palu0863,0.5,13,678,87,15606,52.80834320769897,0.13903743315458264,0.21226415094291232
E1,q2_x3_bottleneckliteask_cas-multistream_seed777,cas-multistream,placebo,777,1120,na,palu,Palu0864,0.5,10,579,86,15709,64.40210275782357,0.0989847715731056,0.13341067285336772
E1,q2_x3_bottleneckliteask_cas-multistream_seed777,cas-multistream,placebo,777,1120,na,palu,Palu0865,0.5,0,646,117,15621,55.67388466282459,0.0,0.0
E1,q2_x3_bottleneckliteask_cas-multistream_seed777,cas-multistream,placebo,777,1120,na,palu,Palu0866,0.5,0,233,251,15900,64.35370939663416,0.0,0.0
E1,q2_x3_bottleneckliteask_cas-multistream_seed777,cas-multistream,placebo,777,1120,na,palu,Palu0867,0.5,72,808,225,15279,66.03786792439622,0.12713936430271666,0.23473994111829896
E1,q2_x3_bottleneckliteask_cas-multistream_seed777,cas-multistream,placebo,777,1120,na,palu,Palu0868,0.5,72,921,230,15161,64.74976429662603,0.21764971102963168,0.3176864141573673
E1,q2_x3_bottleneckliteask_cas-multistream_seed777,cas-multistream,placebo,777,1120,na,palu,Palu0869,0.5,53,1620,207,14504,53.104928709919015,0.1076003415878941,0.17967939107319475
E1,q2_x3_bottleneckliteask_cas-multistream_seed777,cas-multistream,placebo,777,1120,na,palu,Palu0870,0.5,0,625,168,15591,58.70763374203482,0.0,0.0
E1,q2_x3_bottleneckliteask_cas-multistream_seed777,cas-multistream,placebo,777,1120,na,palu,Palu0871,0.5,37,1376,84,14887,57.102146098590005,0.19282830681501972,0.2617847351193685
E1,q2_x3_bottleneckliteask_cas-multistream_seed777,cas-multistream,placebo,777,1120,na,palu,Palu0872,0.5,0,1506,51,14827,48.13729043935919,0.0,0.0
E1,q2_x3_bottleneckliteask_cas-multistream_seed777,cas-multistream,placebo,777,1120,na,palu,Palu0873,0.5,25,1660,116,14583,55.17245689653489,0.11290322580598088,0.1630321187203316
E1,q2_x3_bottleneckliteask_cas-multistream_seed777,cas-multistream,placebo,777,1120,na,palu,Palu0874,0.5,107,1553,154,14570,46.898557533325786,0.2097378277148574,0.3518873960327694
E1,q2_x3_bottleneckliteask_cas-multistream_seed777,cas-multistream,placebo,777,1120,na,palu,Palu0875,0.5,59,2900,61,13364,52.30293820650012,0.1527165932448874,0.22791730736334637
E1,q2_x3_bottleneckliteask_cas-multistream_seed777,cas-multistream,placebo,777,1120,na,palu,Palu0876,0.5,0,1386,601,14397,62.26114060036273,0.0,0.0
E1,q2_x3_bottleneckliteask_cas-multistream_seed777,cas-multistream,placebo,777,1120,na,palu,Palu0877,0.5,841,238,83,15222,69.93491354598989,0.7155766406862746,0.8242068708425629
E1,q2_x3_bottleneckliteask_cas-multistream_seed777,cas-multistream,placebo,777,1120,na,palu,Palu0878,0.5,64,254,628,15438,74.87298267675334,0.21706476599975982,0.304072977514319
E1,q2_x3_bottleneckliteask_cas-multistream_seed777,cas-multistream,placebo,777,1120,na,palu,Palu0879,0.5,179,500,450,15255,56.87203265049312,0.28724721419685156,0.41025790640640797
E1,q2_x3_bottleneckliteask_cas-multistream_seed777,cas-multistream,placebo,777,1120,na,palu,Palu0880,0.5,59,946,298,15081,44.84025072899872,0.13522129142216124,0.24096385542120632
E1,q2_x3_bottleneckliteask_cas-multistream_seed777,cas-multistream,placebo,777,1120,na,palu,Palu0881,0.5,244,1323,172,14645,62.123997292885555,0.2708108939832209,0.4456252863027929
E1,q2_x3_bottleneckliteask_cas-multistream_seed777,cas-multistream,placebo,777,1120,na,palu,Palu0882,0.5,12,15,309,16048,60.52575184203248,0.10204081632643378,0.10847457627108383
E1,q2_x3_bottleneckliteask_cas-multistream_seed777,cas-multistream,placebo,777,1120,na,palu,Palu0887,0.5,5,1152,22,15205,65.87880042442447,0.06369426751563877,0.11289364230498322
E1,q2_x3_bottleneckliteask_cas-multistream_seed777,cas-multistream,placebo,777,1120,na,palu,Palu0888,0.5,8,1695,141,14540,50.91168824543142,0.04343891402670035,0.05820895522338447
E1,q2_x3_bottleneckliteask_cas-multistream_seed777,cas-multistream,placebo,777,1120,na,palu,Palu0889,0.5,23,262,447,15652,42.44997055358225,0.14302937308158398,0.20469998807068343
E1,q2_x3_bottleneckliteask_cas-multistream_seed777,cas-multistream,placebo,777,1120,na,palu,Palu0890,0.5,38,345,448,15553,43.86342439892262,0.12963047549405157,0.23008456706511238
E1,q2_x3_bottleneckliteask_cas-multistream_seed777,cas-multistream,placebo,777,1120,na,palu,Palu0891,0.5,0,1446,295,14643,57.764067265970816,0.0,0.0
E1,q2_x3_bottleneckliteask_cas-multistream_seed777,cas-multistream,placebo,777,1120,na,palu,Palu0892,0.5,4,128,284,15968,46.92635360170284,0.03088803088786273,0.06800151114449289
E1,q2_x3_bottleneckliteask_cas-multistream_seed777,cas-multistream,placebo,777,1120,na,palu,Palu0893,0.5,6,1510,271,14597,51.512013550073405,0.0,0.0
E1,q2_x3_bottleneckliteask_cas-multistream_seed777,cas-multistream,placebo,777,1120,na,palu,Palu0894,0.5,2,673,183,15526,55.772272211136844,0.0,0.0
E1,q2_x3_bottleneckliteask_cas-multistream_seed777,cas-multistream,placebo,777,1120,na,palu,Palu0895,0.5,75,1530,39,14740,54.62122186545231,0.1377459749548219,0.27922814982929967
E1,q2_x3_bottleneckliteask_cas-multistream_seed777,cas-multistream,placebo,777,1120,na,palu,Palu0896,0.5,0,1960,79,14345,63.21417919833078,0.0,0.0
E1,q2_x3_bottleneckliteask_cas-multistream_seed777,cas-multistream,placebo,777,1120,na,palu,Palu0898,0.5,53,1958,84,14289,39.366220162141175,0.2061023033199216,0.29336266959982293
E1,q2_x3_bottleneckliteask_cas-multistream_seed777,cas-multistream,placebo,777,1120,na,palu,Palu0899,0.5,31,1238,151,14964,43.80572389275991,0.0729300729295848,0.12556962025266857
E1,q2_x3_bottleneckliteask_cas-multistream_seed777,cas-multistream,placebo,777,1120,na,palu,Palu0900,0.5,8,3147,37,13192,79.55590083646021,0.04319654427624853,0.06329113924026664
E1,q2_x3_bottleneckliteask_cas-multistream_seed777,cas-multistream,placebo,777,1120,na,palu,Palu0901,0.5,10,2678,263,13433,51.113476142779795,0.0,0.0
E1,q2_x3_bottleneckliteask_cas-multistream_seed777,cas-multistream,placebo,777,1120,na,palu,Palu0902,0.5,19,1641,396,14328,46.01299963012168,0.07600778827382139,0.13132947976832546
E1,q2_x3_bottleneckliteask_cas-multistream_seed777,cas-multistream,placebo,777,1120,na,palu,Palu0903,0.5,181,1448,230,14525,40.23640420148713,0.25839373354521433,0.3656431425350354
E1,q2_x3_bottleneckliteask_cas-multistream_seed777,cas-multistream,placebo,777,1120,na,palu,Palu0904,0.5,347,3246,573,12218,41.88078318274385,0.2084632516699679,0.3932350699355321
E1,q2_x3_bottleneckliteask_cas-multistream_seed777,cas-multistream,placebo,777,1120,na,palu,Palu0905,0.5,282,3018,677,12407,38.64953643054875,0.12146529562942682,0.2884166498005929
E1,q2_x3_bottleneckliteask_cas-multistream_seed777,cas-multistream,placebo,777,1120,na,palu,Palu0906,0.5,112,580,444,15248,51.91517876820959,0.301392141555613,0.3786813727389315
E1,q2_x3_bottleneckliteask_cas-multistream_seed777,cas-multistream,placebo,777,1120,na,palu,Palu0907,0.5,0,1756,248,14380,54.81949748643616,0.0,0.011310084825150744
E1,q2_x3_bottleneckliteask_cas-multistream_seed777,cas-multistream,placebo,777,1120,na,palu,Palu0911,0.5,9,1429,16,14930,67.99999363519267,0.10794602698625184,0.1635620172645285
E1,q2_x3_bottleneckliteask_cas-multistream_seed777,cas-multistream,placebo,777,1120,na,palu,Palu0912,0.5,3,151,38,16192,79.90619500389191,0.11299435028198856,0.1265822784805134
E1,q2_x3_bottleneckliteask_cas-multistream_seed777,cas-multistream,placebo,777,1120,na,palu,Palu0913,0.5,3,31,139,16211,77.90460530006939,0.05506883604491317,0.0842373962985482
E1,q2_x3_bottleneckliteask_cas-multistream_seed777,cas-multistream,placebo,777,1120,na,palu,Palu0914,0.5,34,81,442,15827,61.0,0.06499661475953589,0.13306451612890802
E1,q2_x3_bottleneckliteask_cas-multistream_seed777,cas-multistream,placebo,777,1120,na,palu,Palu0915,0.5,0,0,489,15895,181.01933598375618,0.0,0.0
E1,q2_x3_bottleneckliteask_cas-multistream_seed777,cas-multistream,placebo,777,1120,na,palu,Palu0916,0.5,0,0,148,16236,181.01933598375618,0.0,0.0
E1,q2_x3_bottleneckliteask_cas-multistream_seed777,cas-multistream,placebo,777,1120,na,palu,Palu0917,0.5,0,0,111,16273,181.01933598375618,0.0,0.0
E1,q2_x3_bottleneckliteask_cas-multistream_seed777,cas-multistream,placebo,777,1120,na,palu,Palu0918,0.5,0,0,115,16269,181.01933598375618,0.0,0.0
E1,q2_x3_bottleneckliteask_cas-multistream_seed777,cas-multistream,placebo,777,1120,na,palu,Palu0919,0.5,12,1505,46,14821,46.81169589338327,0.08177172061303542,0.11359839625766002
E1,q2_x3_bottleneckliteask_cas-multistream_seed777,cas-multistream,placebo,777,1120,na,palu,Palu0920,0.5,0,1130,65,15189,66.89953257003441,0.0,0.047244094487782745
E1,q2_x3_bottleneckliteask_cas-multistream_seed777,cas-multistream,placebo,777,1120,na,palu,Palu0921,0.5,15,2468,55,13846,75.14261930833348,0.09708737864055614,0.14074895504539797
E1,q2_x3_bottleneckliteask_cas-multistream_seed777,cas-multistream,placebo,777,1120,na,palu,Palu0922,0.5,39,2838,376,13131,73.29658810714633,0.14519402985028765,0.19448649144487454
E1,q2_x3_bottleneckliteask_cas-multistream_seed777,cas-multistream,placebo,777,1120,na,palu,Palu0923,0.5,0,1118,418,14848,84.57272719057991,0.0,0.0
E1,q2_x3_bottleneckliteask_cas-multistream_seed777,cas-multistream,placebo,777,1120,na,palu,Palu0924,0.5,31,1029,70,15254,65.69391380453658,0.08239700374494618,0.17651052274226844
E1,q2_x3_bottleneckliteask_cas-multistream_seed777,cas-multistream,placebo,777,1120,na,palu,Palu0925,0.5,13,1274,77,15020,43.265398129450226,0.07920792079168142,0.12015018773423931
E1,q2_x3_bottleneckliteask_cas-multistream_seed777,cas-multistream,placebo,777,1120,na,palu,Palu0926,0.5,0,1711,33,14640,81.1923336298453,0.0,0.0
E1,q2_x3_bottleneckliteask_cas-multistream_seed777,cas-multistream,placebo,777,1120,na,palu,Palu0928,0.5,12,343,215,15814,52.32590180780452,0.149839457723414,0.17992710463111597
E1,q2_x3_bottleneckliteask_cas-multistream_seed777,cas-multistream,placebo,777,1120,na,palu,Palu0929,0.5,167,255,194,15768,57.89304268994449,0.3364629920322956,0.546106308694347
E1,q2_x3_bottleneckliteask_cas-multistream_seed777,cas-multistream,placebo,777,1120,na,palu,Palu0930,0.5,1,249,871,15263,86.27282287262538,0.004498425550997822,0.004580152671730108
E1,q2_x3_bottleneckliteask_cas-multistream_seed777,cas-multistream,placebo,777,1120,na,palu,Palu0931,0.5,804,564,625,14391,48.696972551568415,0.25339771488758994,0.40666496091534554
E1,q2_x3_bottleneckliteask_cas-multistream_seed777,cas-multistream,placebo,777,1120,na,palu,Palu0932,0.5,0,294,760,15330,79.74635934207333,0.0,0.0
E1,q2_x3_bottleneckliteask_cas-multistream_seed777,cas-multistream,placebo,777,1120,na,palu,Palu0933,0.5,0,7,59,16318,82.02558492388009,0.0,0.0
E1,q2_x3_bottleneckliteask_cas-multistream_seed777,cas-multistream,placebo,777,1120,na,palu,Palu0937,0.5,0,2135,57,14192,86.818015702116,0.0,0.0
E1,q2_x3_bottleneckliteask_cas-multistream_seed777,cas-multistream,placebo,777,1120,na,palu,Palu0938,0.5,151,2306,339,13588,49.51767361255979,0.12259657174598974,0.22037752192542626
E1,q2_x3_bottleneckliteask_cas-multistream_seed777,cas-multistream,placebo,777,1120,na,palu,Palu0939,0.5,999,1997,1974,11414,49.982931146358304,0.21237201500167943,0.3324787849438577
E1,q2_x3_bottleneckliteask_cas-multistream_seed777,cas-multistream,placebo,777,1120,na,palu,Palu0940,0.5,1495,1810,1344,11735,33.559632903858436,0.28698617655432845,0.3726920725489275
E1,q2_x3_bottleneckliteask_cas-multistream_seed777,cas-multistream,placebo,777,1120,na,palu,Palu0941,0.5,12,1318,313,14741,59.53989725038126,0.01913875598048986,0.07948405089723219
E1,q2_x3_bottleneckliteask_cas-multistream_seed777,cas-multistream,placebo,777,1120,na,palu,Palu0942,0.5,31,445,30,15878,26.881923567684453,0.11304347826047983,0.2590393955743557
E1,q2_x3_bottleneckliteask_cas-multistream_seed777,cas-multistream,placebo,777,1120,na,palu,Palu0943,0.5,0,4631,35,11718,97.16480844420988,0.0,0.0
E1,q2_x3_bottleneckliteask_cas-multistream_seed777,cas-multistream,placebo,777,1120,na,palu,Palu0945,0.5,6,870,155,15353,62.26073757086494,0.03163305654360114,0.046408839778505934
E1,q2_x3_bottleneckliteask_cas-multistream_seed777,cas-multistream,placebo,777,1120,na,palu,Palu0946,0.5,137,1516,306,14425,42.95346318982906,0.19523331981942904,0.3294359694896815
E1,q2_x3_bottleneckliteask_cas-multistream_seed777,cas-multistream,placebo,777,1120,na,palu,Palu0947,0.5,160,1131,751,14342,63.6996126369765,0.119229593396145,0.22870047990929288
E1,q2_x3_bottleneckliteask_cas-multistream_seed777,cas-multistream,placebo,777,1120,na,palu,Palu0948,0.5,377,2143,840,13024,32.16159564004624,0.239169278713587,0.3459423055333468
E1,q2_x3_bottleneckliteask_cas-multistream_seed777,cas-multistream,placebo,777,1120,na,palu,Palu0949,0.5,13,1062,666,14643,71.45269928910363,0.035028629167721315,0.05135299651349931
E1,q2_x3_bottleneckliteask_cas-multistream_seed777,cas-multistream,placebo,777,1120,na,palu,Palu0950,0.5,0,0,93,16291,181.01933598375618,0.0,0.0
E1,q2_x3_bottleneckliteask_cas-multistream_seed777,cas-multistream,placebo,777,1120,na,palu,Palu0952,0.5,0,391,40,15953,87.0898956438155,0.0,0.0
E1,q2_x3_bottleneckliteask_cas-multistream_seed777,cas-multistream,placebo,777,1120,na,palu,Palu0953,0.5,200,1468,482,14234,28.073905406482233,0.25560724686969866,0.4274438658902498
E1,q2_x3_bottleneckliteask_cas-multistream_seed777,cas-multistream,placebo,777,1120,na,palu,Palu0954,0.5,329,2360,2515,11180,38.897300677553446,0.19826809294265865,0.31746807211277206
E1,q2_x3_bottleneckliteask_cas-multistream_seed777,cas-multistream,placebo,777,1120,na,palu,Palu0955,0.5,185,2548,2312,11339,48.61634101603911,0.18226678565755874,0.31806936193490487
E1,q2_x3_bottleneckliteask_cas-multistream_seed777,cas-multistream,placebo,777,1120,na,palu,Palu0956,0.5,0,1388,336,14660,58.302870895005825,0.0,0.0
E1,q2_x3_bottleneckliteask_cas-multistream_seed777,cas-multistream,placebo,777,1120,na,palu,Palu0957,0.5,21,697,46,15620,41.721213920784955,0.15125605993803887,0.15125605993803887
E1,q2_x3_bottleneckliteask_cas-multistream_seed777,cas-multistream,placebo,777,1120,na,palu,Palu0958,0.5,0,2391,26,13967,76.98959299436186,0.0,0.0
E1,q2_x3_bottleneckliteask_cas-multistream_seed777,cas-multistream,placebo,777,1120,na,palu,Palu0959,0.5,0,903,33,15448,93.47218836980824,0.0,0.0
E1,q2_x3_bottleneckliteask_cas-multistream_seed777,cas-multistream,placebo,777,1120,na,palu,Palu0960,0.5,64,403,542,15375,42.7977765984915,0.19551103691292807,0.2341582088413152
E1,q2_x3_bottleneckliteask_cas-multistream_seed777,cas-multistream,placebo,777,1120,na,palu,Palu0961,0.5,461,1555,571,13797,41.54502579154985,0.24549721646067976,0.418801102758844
E1,q2_x3_bottleneckliteask_cas-multistream_seed777,cas-multistream,placebo,777,1120,na,palu,Palu0962,0.5,282,2721,777,12604,34.47745126874863,0.22234473114476563,0.34127932391038823
E1,q2_x3_bottleneckliteask_cas-multistream_seed777,cas-multistream,placebo,777,1120,na,palu,Palu0963,0.5,296,1797,486,13805,38.16726932922991,0.24665903016377919,0.37471433797950615
E1,q2_x3_bottleneckliteask_cas-multistream_seed777,cas-multistream,placebo,777,1120,na,palu,Palu0964,0.5,26,433,189,15736,67.85600126802291,0.13745227351564965,0.19373219373175715
E1,q2_x3_bottleneckliteask_cas-multistream_seed777,cas-multistream,placebo,777,1120,na,palu,Palu0965,0.5,0,733,34,15617,78.56184778193959,0.0,0.0
E1,q2_x3_bottleneckliteask_cas-multistream_seed777,cas-multistream,placebo,777,1120,na,palu,Palu0967,0.5,59,1402,344,14579,54.53988329496081,0.03650442477831431,0.08679245282971604
E1,q2_x3_bottleneckliteask_cas-multistream_seed777,cas-multistream,placebo,777,1120,na,palu,Palu0968,0.5,265,2360,317,13442,34.05781522171641,0.12922738520710653,0.25375634267651265
E1,q2_x3_bottleneckliteask_cas-multistream_seed777,cas-multistream,placebo,777,1120,na,palu,Palu0969,0.5,51,3272,185,12876,55.36279099233301,0.11678832116739352,0.18812717505109827
E1,q2_x3_bottleneckliteask_cas-multistream_seed777,cas-multistream,placebo,777,1120,na,palu,Palu0970,0.5,33,668,36,15647,43.654541216248454,0.28297119757413397,0.34562567504970054
E1,q2_x3_bottleneckliteask_cas-multistream_seed777,cas-multistream,placebo,777,1120,na,palu,Palu0971,0.5,10,1283,92,14999,33.0,0.09299704100281067,0.12375483417273384
E1,q2_x3_bottleneckliteask_cas-multistream_seed777,cas-multistream,placebo,777,1120,na,palu,Palu0972,0.5,6,1179,159,15040,53.05461182160035,0.011571841850998892,0.052423548990570154
E1,q2_x3_bottleneckliteask_cas-multistream_seed777,cas-multistream,placebo,777,1120,na,palu,Palu0973,0.5,37,2493,127,13727,42.93152450033672,0.10006000600020669,0.12149777428604555
E1,q2_x3_bottleneckliteask_cas-multistream_seed777,cas-multistream,placebo,777,1120,na,palu,Palu0974,0.5,459,2308,461,13156,32.26297819866888,0.18246260721582439,0.2898789878983448
E1,q2_x3_bottleneckliteask_cas-multistream_seed777,cas-multistream,placebo,777,1120,na,palu,Palu0975,0.5,416,2491,753,12724,29.37244938759836,0.2851719758986133,0.4116868013191805
E1,q2_x3_bottleneckliteask_cas-multistream_seed777,cas-multistream,placebo,777,1120,na,palu,Palu0976,0.5,255,2057,452,13620,42.579337712087536,0.17089309933791458,0.31833708924783793
E1,q2_x3_bottleneckliteask_cas-multistream_seed777,cas-multistream,placebo,777,1120,na,palu,Palu0977,0.5,229,2476,235,13444,31.968631121792956,0.1408098313000825,0.226648351647993
E1,q2_x3_bottleneckliteask_cas-multistream_seed777,cas-multistream,placebo,777,1120,na,palu,Palu0978,0.5,0,375,89,15920,72.9998765188504,0.0,0.0
E1,q2_x3_bottleneckliteask_cas-multistream_seed777,cas-multistream,placebo,777,1120,na,palu,Palu0980,0.5,5,1115,136,15128,56.72741841473134,0.05728727885381436,0.0658905127565513
E1,q2_x3_bottleneckliteask_cas-multistream_seed777,cas-multistream,placebo,777,1120,na,palu,Palu0981,0.5,130,2186,166,13902,37.211899196901534,0.16617038875055387,0.28024809160258646
E1,q2_x3_bottleneckliteask_cas-multistream_seed777,cas-multistream,placebo,777,1120,na,palu,Palu0982,0.5,9,2790,151,13434,53.291510473385515,0.04725472547205046,0.056254367574663136
E1,q2_x3_bottleneckliteask_cas-multistream_seed777,cas-multistream,placebo,777,1120,na,palu,Palu0984,0.5,28,1680,139,14537,67.77674320346333,0.035377358490066575,0.11913104414806368
E1,q2_x3_bottleneckliteask_cas-multistream_seed777,cas-multistream,placebo,777,1120,na,palu,Palu0985,0.5,116,1890,235,14143,33.12701782104994,0.1849535382411685,0.327181208053308
E1,q2_x3_bottleneckliteask_cas-multistream_seed777,cas-multistream,placebo,777,1120,na,palu,Palu0986,0.5,53,2169,303,13859,55.21222116937043,0.029158567064251666,0.07476731103567773
E1,q2_x3_bottleneckliteask_cas-multistream_seed777,cas-multistream,placebo,777,1120,na,palu,Palu0987,0.5,113,875,436,14960,39.164371856351075,0.20107684777239584,0.31538461538412726
E1,q2_x3_bottleneckliteask_cas-multistream_seed777,cas-multistream,placebo,777,1120,na,palu,Palu0988,0.5,107,1926,403,13948,42.42640687119285,0.20011083296661422,0.2847024944541606
E1,q2_x3_bottleneckliteask_cas-multistream_seed777,cas-multistream,placebo,777,1120,na,palu,Palu0989,0.5,39,871,201,15273,61.32551085938082,0.13389121338871304,0.23856101403044455
E1,q2_x3_bottleneckliteask_cas-multistream_seed777,cas-multistream,placebo,777,1120,na,palu,Palu0990,0.5,7,108,126,16143,79.94965968976308,0.11797752808959998,0.13172338089982738
E1,q2_x3_bottleneckliteask_cas-multistream_seed777,cas-multistream,placebo,777,1120,na,palu,Palu0991,0.5,0,1239,30,15115,62.47818291498312,0.0,0.0
E1,q2_x3_bottleneckliteask_cas-multistream_seed777,cas-multistream,placebo,777,1120,na,palu,Palu0993,0.5,0,826,19,15539,95.46203433826454,0.0,0.0
E1,q2_x3_bottleneckliteask_cas-multistream_seed777,cas-multistream,placebo,777,1120,na,palu,Palu0994,0.5,16,596,220,15552,57.00371619060504,0.09128367670319554,0.13474494706410137
E1,q2_x3_bottleneckliteask_cas-multistream_seed777,cas-multistream,placebo,777,1120,na,palu,Palu0995,0.5,199,2095,331,13759,34.98714023216462,0.14607752238304875,0.29074386568482274
E1,q2_x3_bottleneckliteask_cas-multistream_seed777,cas-multistream,placebo,777,1120,na,palu,Palu0996,0.5,142,3457,556,12229,36.18559070656237,0.1488472845423177,0.20475645427908712
E1,q2_x3_bottleneckliteask_cas-multistream_seed777,cas-multistream,placebo,777,1120,na,palu,Palu0997,0.5,187,1239,377,14581,56.79209200869675,0.18766836276517346,0.36558266740692263
E1,q2_x3_bottleneckliteask_cas-multistream_seed777,cas-multistream,placebo,777,1120,na,palu,Palu0998,0.5,73,1037,198,15076,69.33974329343886,0.19254588447197518,0.3256515545122294
E1,q2_x3_bottleneckliteask_cas-multistream_seed777,cas-multistream,placebo,777,1120,na,palu,Palu0999,0.5,5,220,130,16029,51.083754524198405,0.02439024390211035,0.07792207792181481
E1,q2_x3_bottleneckliteask_cas-multistream_seed777,cas-multistream,placebo,777,1120,na,palu,Palu1000,0.5,0,116,59,16209,61.56935051188146,0.0,0.0
E1,q2_x3_bottleneckliteask_cas-multistream_seed777,cas-multistream,placebo,777,1120,na,palu,Palu1001,0.5,7,1624,12,14741,56.07360473881769,0.080275229357604,0.11419249592143466
E1,q2_x3_bottleneckliteask_cas-multistream_seed777,cas-multistream,placebo,777,1120,na,palu,Palu1004,0.5,0,1384,18,14982,92.2970142666916,0.0,0.0
E1,q2_x3_bottleneckliteask_cas-multistream_seed777,cas-multistream,placebo,777,1120,na,palu,Palu1005,0.5,0,725,61,15598,67.1511203007056,0.0,0.0
E1,q2_x3_bottleneckliteask_cas-multistream_seed777,cas-multistream,placebo,777,1120,na,palu,Palu1006,0.5,79,1270,350,14685,59.099490454343645,0.21972599181823613,0.33835025084543574
E1,q2_x3_bottleneckliteask_cas-multistream_seed777,cas-multistream,placebo,777,1120,na,palu,Palu1007,0.5,260,2303,1014,12807,35.35533905932738,0.21706432300076173,0.32090434707102555
E1,q2_x3_bottleneckliteask_cas-multistream_seed777,cas-multistream,placebo,777,1120,na,palu,Palu1008,0.5,608,4357,676,10743,32.92377488748602,0.22876214514837506,0.3565579431318514
E1,q2_x3_bottleneckliteask_cas-multistream_seed777,cas-multistream,placebo,777,1120,na,palu,Palu1009,0.5,262,2432,318,13372,45.418003305700644,0.2801746345956122,0.43007243264862377
E1,q2_x3_bottleneckliteask_cas-multistream_seed777,cas-multistream,placebo,777,1120,na,palu,Palu1010,0.5,15,130,227,16012,62.16912416947821,0.08132295719818886,0.10818181818162026
E1,q2_x3_bottleneckliteask_cas-multistream_seed777,cas-multistream,placebo,777,1120,na,palu,Palu1011,0.5,6,658,62,15658,53.43759614311951,0.0,0.07425742574210868
E1,q2_x3_bottleneckliteask_cas-multistream_seed777,cas-multistream,placebo,777,1120,na,palu,Palu1012,0.5,1,238,43,16102,71.12408044771131,0.055555555555080245,0.107317073170248
E1,q2_x3_bottleneckliteask_cas-multistream_seed777,cas-multistream,placebo,777,1120,na,palu,Palu1013,0.5,3,548,16,15817,56.63735445130036,0.07355516637442375,0.11931818181771167
E1,q2_x3_bottleneckliteask_cas-multistream_seed777,cas-multistream,placebo,777,1120,na,palu,Palu1016,0.5,0,175,19,16190,42.512769512759945,0.0,0.0
E1,q2_x3_bottleneckliteask_cas-multistream_seed777,cas-multistream,placebo,777,1120,na,palu,Palu1017,0.5,18,2215,54,14097,35.73511211757307,0.09147161689490715,0.19267188143221717
E1,q2_x3_bottleneckliteask_cas-multistream_seed777,cas-multistream,placebo,777,1120,na,palu,Palu1018,0.5,256,2415,250,13463,31.879083086443764,0.2106896284224356,0.35740298124795505
E1,q2_x3_bottleneckliteask_cas-multistream_seed777,cas-multistream,placebo,777,1120,na,palu,Palu1019,0.5,829,2628,829,12098,24.758836806279895,0.292251941652569,0.4204785810755218
E1,q2_x3_bottleneckliteask_cas-multistream_seed777,cas-multistream,placebo,777,1120,na,palu,Palu1020,0.5,664,2352,864,12504,31.0,0.22964430128988225,0.3639610738583798
E1,q2_x3_bottleneckliteask_cas-multistream_seed777,cas-multistream,placebo,777,1120,na,palu,Palu1021,0.5,73,1681,354,14276,42.52528555522394,0.08920564497050291,0.20967071188190622
E1,q2_x3_bottleneckliteask_cas-multistream_seed777,cas-multistream,placebo,777,1120,na,palu,Palu1022,0.5,24,176,112,16072,63.76710667056448,0.049689440993448554,0.23469387755072701
E1,q2_x3_bottleneckliteask_cas-multistream_seed777,cas-multistream,placebo,777,1120,na,palu,Palu1023,0.5,4,428,20,15932,51.9254262378765,0.07142857142816326,0.19230769230719527
E1,q2_x3_bottleneckliteask_cas-multistream_seed777,cas-multistream,placebo,777,1120,na,palu,Palu1028,0.5,0,1773,59,14552,62.2823007936144,0.0,0.02507836990548996
E1,q2_x3_bottleneckliteask_cas-multistream_seed777,cas-multistream,placebo,777,1120,na,palu,Palu1029,0.5,78,166,287,15853,54.34784955964008,0.26974475694968303,0.33638825244700105
E1,q2_x3_bottleneckliteask_cas-multistream_seed777,cas-multistream,placebo,777,1120,na,palu,Palu1030,0.5,420,1890,737,13337,50.727680150839056,0.1742414851647697,0.28413041435650416
E1,q2_x3_bottleneckliteask_cas-multistream_seed777,cas-multistream,placebo,777,1120,na,palu,Palu1031,0.5,344,2476,943,12621,35.4682957019364,0.18224299065385305,0.34114190124705385
E1,q2_x3_bottleneckliteask_cas-multistream_seed777,cas-multistream,placebo,777,1120,na,palu,Palu1032,0.5,46,1300,428,14610,65.43010850959787,0.0833174451854954,0.16258552394634027
E1,q2_x3_bottleneckliteask_cas-multistream_seed777,cas-multistream,placebo,777,1120,na,palu,Palu1033,0.5,2,1226,36,15120,59.428944673818464,0.0,0.058869093725294405
E1,q2_x3_bottleneckliteask_cas-multistream_seed777,cas-multistream,placebo,777,1120,na,palu,Palu1034,0.5,0,637,19,15728,46.10065676791948,0.0,0.025157232704038763
E1,q2_x3_bottleneckliteask_cas-multistream_seed777,cas-multistream,placebo,777,1120,na,palu,Palu1035,0.5,0,755,22,15607,74.80507185538654,0.0,0.0
E1,q2_x3_bottleneckliteask_cas-multistream_seed777,cas-multistream,placebo,777,1120,na,palu,Palu1037,0.5,0,767,49,15568,65.68789337281733,0.0,0.0
E1,q2_x3_bottleneckliteask_cas-multistream_seed777,cas-multistream,placebo,777,1120,na,palu,Palu1038,0.5,5,30,236,16113,62.15654014347741,0.06944444444430728,0.06944444444430728
E1,q2_x3_bottleneckliteask_cas-multistream_seed777,cas-multistream,placebo,777,1120,na,palu,Palu1039,0.5,97,1085,499,14703,60.0607973844061,0.15399422521620015,0.23255342854220817
E1,q2_x3_bottleneckliteask_cas-multistream_seed777,cas-multistream,placebo,777,1120,na,palu,Palu1040,0.5,358,1464,474,14088,51.62121639798486,0.1726944993600408,0.3031583580936316
E1,q2_x3_bottleneckliteask_cas-multistream_seed777,cas-multistream,placebo,777,1120,na,palu,Palu1041,0.5,59,1909,393,14023,48.41266822335923,0.12387020299257193,0.20590006020427806
E1,q2_x3_bottleneckliteask_cas-multistream_seed777,cas-multistream,placebo,777,1120,na,palu,Palu1042,0.5,0,1723,26,14635,44.511709908899405,0.0,0.0
E1,q2_x3_bottleneckliteask_cas-multistream_seed777,cas-multistream,placebo,777,1120,na,palu,Palu1045,0.5,0,238,39,16107,68.1982882442147,0.0,0.0
E1,q2_x3_bottleneckliteask_cas-multistream_seed777,cas-multistream,placebo,777,1120,na,palu,Palu1046,0.5,3,549,48,15784,63.02973806497643,0.0648748841515687,0.1259842519680377
E1,q2_x3_bottleneckliteask_cas-multistream_seed777,cas-multistream,placebo,777,1120,na,palu,Palu1047,0.5,0,274,30,16080,69.52867304095966,0.0,0.09917355371854109
E1,q2_x3_bottleneckliteask_cas-multistream_seed777,cas-multistream,placebo,777,1120,na,palu,Palu1049,0.5,0,0,20,16364,181.01933598375618,0.0,0.0
E1,q2_x3_bottleneckliteask_cas-multistream_seed777,cas-multistream,placebo,777,1120,na,palu,Palu1050,0.5,5,5,94,16280,87.26607712594294,0.13207547169798983,0.13207547169798983
E1,q2_x3_bottleneckliteask_cas-multistream_seed777,cas-multistream,placebo,777,1120,na,palu,Palu1051,0.5,61,655,163,15505,60.02162768692984,0.2728528030925793,0.379961464354053
E1,q2_x3_bottleneckliteask_cas-multistream_seed777,cas-multistream,placebo,777,1120,na,palu,Palu1052,0.5,152,1549,325,14358,38.869193373745304,0.0916808149400858,0.13917884481512932
E1,q2_x3_bottleneckliteask_cas-multistream_seed777,cas-multistream,placebo,777,1120,na,palu,Palu1053,0.5,26,1195,325,14838,55.226805085936306,0.048411497730211375,0.10001322926264862
E1,q2_x3_bottleneckliteask_cas-multistream_seed777,cas-multistream,placebo,777,1120,na,palu,Palu1054,0.5,0,1475,21,14888,73.20516428796506,0.0,0.0
E1,q2_x3_bottleneckliteask_cas-multistream_seed777,cas-multistream,placebo,777,1120,na,palu,Palu1056,0.5,17,54,9,16304,42.61061008196617,0.5591397849457435,0.8695652173908129
E1,q2_x3_bottleneckliteask_cas-multistream_seed777,cas-multistream,placebo,777,1120,na,palu,Palu1057,0.5,4,1388,46,14946,53.57394103734881,0.03401360544170056,0.07570977917931909
E1,q2_x3_bottleneckliteask_cas-multistream_seed777,cas-multistream,placebo,777,1120,na,palu,Palu1058,0.5,0,542,32,15810,58.14378137697071,0.0,0.0
E1,q2_x3_bottleneckliteask_cas-multistream_seed777,cas-multistream,placebo,777,1120,na,palu,Palu1059,0.5,7,297,10,16070,40.86040585968124,0.11686143572589197,0.30291627469379645
E1,q2_x3_bottleneckliteask_cas-multistream_seed777,cas-multistream,placebo,777,1120,na,palu,Palu1060,0.5,0,469,22,15893,51.00343528222943,0.0,0.02857142857099755
E1,q2_x3_bottleneckliteask_cas-multistream_seed777,cas-multistream,placebo,777,1120,na,palu,Palu1062,0.5,5,129,95,16155,85.61336484008457,0.1055276381905836,0.11650485436853618
E1,q2_x3_bottleneckliteask_cas-multistream_seed777,cas-multistream,placebo,777,1120,na,palu,Palu1063,0.5,133,2004,119,14128,32.69556544854363,0.1755002805306422,0.30528274131391203
E1,q2_x3_bottleneckliteask_cas-multistream_seed777,cas-multistream,placebo,777,1120,na,palu,Palu1064,0.5,94,4088,63,12139,66.99986493530537,0.1079084033317561,0.13379924777906463
E1,q2_x3_bottleneckliteask_cas-multistream_seed777,cas-multistream,placebo,777,1120,na,palu,Palu1069,0.5,0,118,26,16240,60.94316884582543,0.0,0.0
E1,q2_x3_bottleneckliteask_cas-multistream_seed777,cas-multistream,placebo,777,1120,na,palu,Palu1070,0.5,0,0,42,16342,181.01933598375618,0.0,0.0
E1,q2_x3_bottleneckliteask_cas-multistream_seed777,cas-multistream,placebo,777,1120,na,palu,Palu1071,0.5,9,96,48,16231,46.77604273928306,0.2178217821777261,0.2178217821777261
E1,q2_x3_bottleneckliteask_cas-multistream_seed777,cas-multistream,placebo,777,1120,na,palu,Palu1072,0.5,31,910,72,15371,31.853972005673906,0.1565703634665051,0.22370794863584836
E1,q2_x3_bottleneckliteask_cas-multistream_seed777,cas-multistream,placebo,777,1120,na,palu,Palu1073,0.5,0,3859,68,12457,63.58177252221334,0.0,0.0
E1,q2_x3_bottleneckliteask_cas-multistream_seed777,cas-multistream,placebo,777,1120,na,palu,Palu1074,0.5,0,4214,24,12146,71.88645287960325,0.0,0.0
E1,q2_x3_bottleneckliteask_cas-multistream_seed777,cas-multistream,placebo,777,1120,na,palu,Palu1075,0.5,2,824,26,15532,49.9799959983992,0.05911330049228265,0.0659340659338618
E1,q2_x3_bottleneckliteask_cas-multistream_seed777,cas-multistream,placebo,777,1120,na,palu,Palu1076,0.5,19,58,11,16296,45.68059411552934,0.7862407862402877,0.8863636363631366
E1,q2_x3_bottleneckliteask_cas-multistream_seed777,cas-multistream,placebo,777,1120,na,palu,Palu1078,0.5,0,0,20,16364,181.01933598375618,0.0,0.0
E1,q2_x3_bottleneckliteask_cas-multistream_seed777,cas-multistream,placebo,777,1120,na,palu,Palu1079,0.5,0,0,25,16359,181.01933598375618,0.0,0.0
E1,q2_x3_bottleneckliteask_cas-multistream_seed777,cas-multistream,placebo,777,1120,na,palu,Palu1080,0.5,0,0,25,16359,181.01933598375618,0.0,0.0
E1,q2_x3_bottleneckliteask_cas-multistream_seed777,cas-multistream,placebo,777,1120,na,palu,Palu1081,0.5,41,1131,28,15184,53.45727265770293,0.12761020881622526,0.24552590266825985
E1,q2_x3_bottleneckliteask_cas-multistream_seed777,cas-multistream,placebo,777,1120,na,palu,Palu1082,0.5,26,859,53,15446,34.76363638180812,0.14443236527363956,0.28735632183858467
E1,q2_x3_bottleneckliteask_cas-multistream_seed777,cas-multistream,placebo,777,1120,na,palu,Palu1083,0.5,33,4604,258,11489,41.909599892694004,0.0788405797097412,0.1523023539337233
E1,q2_x3_bottleneckliteask_cas-multistream_seed777,cas-multistream,placebo,777,1120,na,palu,Palu1084,0.5,528,2395,41,13420,47.10198933743417,0.3488587864163338,0.4663703131035427
E1,q2_x3_bottleneckliteask_cas-multistream_seed777,cas-multistream,placebo,777,1120,na,palu,Palu1085,0.5,24,92,289,15979,55.681698966471465,0.2942779291549323,0.44009779951064837
E1,q2_x3_bottleneckliteask_cas-multistream_seed777,cas-multistream,placebo,777,1120,na,palu,Palu1087,0.5,0,0,26,16358,181.01933598375618,0.0,0.0
E1,q2_x3_bottleneckliteask_cas-multistream_seed777,cas-multistream,placebo,777,1120,na,palu,Palu1088,0.5,0,26,47,16311,86.65898760121445,0.0,0.0
E1,q2_x3_bottleneckliteask_cas-multistream_seed777,cas-multistream,placebo,777,1120,na,palu,Palu1089,0.5,0,895,281,15208,37.42629936490924,0.0,0.0
E1,q2_x3_bottleneckliteask_cas-multistream_seed777,cas-multistream,placebo,777,1120,na,palu,Palu1090,0.5,522,191,26,15645,57.96369032402352,0.6972104193602987,0.8442004118045799
E1,q2_x3_bottleneckliteask_cas-multistream_seed777,cas-multistream,placebo,777,1120,na,palu,Palu1091,0.5,0,0,290,16094,181.01933598375618,0.0,0.0
