experiment,run_id,regime,role,seed,step,buffer_m,region,id,threshold,tp,fp,fn,tn,hd95,f1_2,f1_4
E1,q2_x3_resunet_cas-multistream_seed2026,cas-multistream,placebo,2026,1120,na,hokkaido_iburi_tobu,Hokkaido0001,0.5,0,2284,50,14050,72.05136607292788,0.0,0.0
E1,q2_x3_resunet_cas-multistream_seed2026,cas-multistream,placebo,2026,1120,na,hokkaido_iburi_tobu,Hokkaido0002,0.5,0,2005,67,14312,84.2071285554052,0.0,0.0
E1,q2_x3_resunet_cas-multistream_seed2026,cas-multistream,placebo,2026,1120,na,hokkaido_iburi_tobu,Hokkaido0003,0.5,0,99,254,16031,77.37795444930919,0.0,0.0
E1,q2_x3_resunet_cas-multistream_seed2026,cas-multistream,placebo,2026,1120,na,hokkaido_iburi_tobu,Hokkaido0004,0.5,0,0,237,16147,181.01933598375618,0.0,0.0
E1,q2_x3_resunet_cas-multistream_seed2026,cas-multistream,placebo,2026,1120,na,hokkaido_iburi_tobu,Hokkaido0005,0.5,0,0,46,16338,181.01933598375618,0.0,0.0
E1,q2_x3_resunet_cas-multistream_seed2026,cas-multistream,placebo,2026,1120,na,hokkaido_iburi_tobu,Hokkaido0008,0.5,0,0,70,16314,181.01933598375618,0.0,0.0
E1,q2_x3_resunet_cas-multistream_seed2026,cas-multistream,placebo,2026,1120,na,hokkaido_iburi_tobu,Hokkaido0009,0.5,0,104,154,16126,76.66284074130176,0.0,0.0
E1,q2_x3_resunet_cas-multistream_seed2026,cas-multistream,placebo,2026,1120,na,hokkaido_iburi_tobu,Hokkaido0010,0.5,32,1669,512,14171,53.664610049609166,0.06768189509258288,0.09510745313168907
E1,q2_x3_resunet_cas-multistream_seed2026,cas-multistream,placebo,2026,1120,na,hokkaido_iburi_tobu,Hokkaido0011,0.5,6,2017,568,13793,45.70392065281517,0.034437086092215775,0.04777727885000166
E1,q2_x3_resunet_cas-multistream_seed2026,cas-multistream,placebo,2026,1120,na,hokkaido_iburi_tobu,Hokkaido0012,0.5,31,1128,580,14645,60.38779795011517,0.012012012011536703,0.026050146531627152
E1,q2_x3_resunet_cas-multistream_seed2026,cas-multistream,placebo,2026,1120,na,hokkaido_iburi_tobu,Hokkaido0013,0.5,77,1393,742,14172,57.40839474457725,0.06593728631389764,0.11793777378365265
E1,q2_x3_resunet_cas-multistream_seed2026,cas-multistream,placebo,2026,1120,na,hokkaido_iburi_tobu,Hokkaido0014,0.5,29,775,434,15146,51.422713992883146,0.11998103066659199,0.15006941814919522
E1,q2_x3_resunet_cas-multistream_seed2026,cas-multistream,placebo,2026,1120,na,hokkaido_iburi_tobu,Hokkaido0015,0.5,0,423,127,15834,58.651920882994716,0.0,0.0
E1,q2_x3_resunet_cas-multistream_seed2026,cas-multistream,placebo,2026,1120,na,hokkaido_iburi_tobu,Hokkaido0017,0.5,0,0,276,16108,181.01933598375618,0.0,0.0
E1,q2_x3_resunet_cas-multistream_seed2026,cas-multistream,placebo,2026,1120,na,hokkaido_iburi_tobu,Hokkaido0018,0.5,0,0,671,15713,181.01933598375618,0.0,0.0
E1,q2_x3_resunet_cas-multistream_seed2026,cas-multistream,placebo,2026,1120,na,hokkaido_iburi_tobu,Hokkaido0019,0.5,13,26,1295,15050,75.02198925494815,0.052870669366678745,0.0953088931490846
E1,q2_x3_resunet_cas-multistream_seed2026,cas-multistream,placebo,2026,1120,na,hokkaido_iburi_tobu,Hokkaido0020,0.5,183,548,1162,14491,58.71796791706789,0.10885160372296906,0.18527246665503871
E1,q2_x3_resunet_cas-multistream_seed2026,cas-multistream,placebo,2026,1120,na,hokkaido_iburi_tobu,Hokkaido0021,0.5,114,1240,802,14228,55.47071299343465,0.11220196353396703,0.17714656587596345
E1,q2_x3_resunet_cas-multistream_seed2026,cas-multistream,placebo,2026,1120,na,hokkaido_iburi_tobu,Hokkaido0022,0.5,167,1063,790,14364,55.90169943749474,0.0902268366997777,0.17302039386470475
E1,q2_x3_resunet_cas-multistream_seed2026,cas-multistream,placebo,2026,1120,na,hokkaido_iburi_tobu,Hokkaido0023,0.5,190,1546,528,14120,50.36464059680786,0.18043282236204886,0.26874999999955906
E1,q2_x3_resunet_cas-multistream_seed2026,cas-multistream,placebo,2026,1120,na,hokkaido_iburi_tobu,Hokkaido0024,0.5,53,1925,203,14203,37.12142238654117,0.03382663847736509,0.05469366289727376
E1,q2_x3_resunet_cas-multistream_seed2026,cas-multistream,placebo,2026,1120,na,hokkaido_iburi_tobu,Hokkaido0025,0.5,0,875,25,15484,58.05170109479997,0.0,0.0
E1,q2_x3_resunet_cas-multistream_seed2026,cas-multistream,placebo,2026,1120,na,hokkaido_iburi_tobu,Hokkaido0027,0.5,0,185,631,15568,51.7571085864187,0.0,0.0
E1,q2_x3_resunet_cas-multistream_seed2026,cas-multistream,placebo,2026,1120,na,hokkaido_iburi_tobu,Hokkaido0028,0.5,0,0,825,15559,181.01933598375618,0.0,0.0
E1,q2_x3_resunet_cas-multistream_seed2026,cas-multistream,placebo,2026,1120,na,hokkaido_iburi_tobu,Hokkaido0029,0.5,0,0,1683,14701,181.01933598375618,0.0,0.0
E1,q2_x3_resunet_cas-multistream_seed2026,cas-multistream,placebo,2026,1120,na,hokkaido_iburi_tobu,Hokkaido0030,0.5,0,0,1956,14428,181.01933598375618,0.0,0.0
E1,q2_x3_resunet_cas-multistream_seed2026,cas-multistream,placebo,2026,1120,na,hokkaido_iburi_tobu,Hokkaido0031,0.5,380,1344,879,13781,53.735458115422794,0.28127350213039115,0.3845396585603822
E1,q2_x3_resunet_cas-multistream_seed2026,cas-multistream,placebo,2026,1120,na,hokkaido_iburi_tobu,Hokkaido0032,0.5,95,2343,605,13341,44.82799668435286,0.13639047431558293,0.24529580825285635
E1,q2_x3_resunet_cas-multistream_seed2026,cas-multistream,placebo,2026,1120,na,hokkaido_iburi_tobu,Hokkaido0033,0.5,30,1260,423,14671,50.1387971147983,0.018671645771805016,0.056923509034305576
E1,q2_x3_resunet_cas-multistream_seed2026,cas-multistream,placebo,2026,1120,na,hokkaido_iburi_tobu,Hokkaido0034,0.5,35,668,384,15297,62.13613846185671,0.05685856432078794,0.07996446023948642
E1,q2_x3_resunet_cas-multistream_seed2026,cas-multistream,placebo,2026,1120,na,hokkaido_iburi_tobu,Hokkaido0035,0.5,20,834,371,15159,49.759856860639964,0.11528268551186759,0.17392577410095675
E1,q2_x3_resunet_cas-multistream_seed2026,cas-multistream,placebo,2026,1120,na,hokkaido_iburi_tobu,Hokkaido0036,0.5,7,1139,172,15066,60.427914199158934,0.0683111954454819,0.10600706713734245
E1,q2_x3_resunet_cas-multistream_seed2026,cas-multistream,placebo,2026,1120,na,hokkaido_iburi_tobu,Hokkaido0037,0.5,0,469,39,15876,79.1580697086532,0.0,0.0
E1,q2_x3_resunet_cas-multistream_seed2026,cas-multistream,placebo,2026,1120,na,hokkaido_iburi_tobu,Hokkaido0038,0.5,0,824,39,15521,70.0785230215183,0.0,0.0
E1,q2_x3_resunet_cas-multistream_seed2026,cas-multistream,placebo,2026,1120,na,hokkaido_iburi_tobu,Hokkaido0039,0.5,0,0,515,15869,181.01933598375618,0.0,0.0
E1,q2_x3_resunet_cas-multistream_seed2026,cas-multistream,placebo,2026,1120,na,hokkaido_iburi_tobu,Hokkaido0040,0.5,0,0,2298,14086,181.01933598375618,0.0,0.0
E1,q2_x3_resunet_cas-multistream_seed2026,cas-multistream,placebo,2026,1120,na,hokkaido_iburi_tobu,Hokkaido0041,0.5,0,0,3071,13313,181.01933598375618,0.0,0.0
E1,q2_x3_resunet_cas-multistream_seed2026,cas-multistream,placebo,2026,1120,na,hokkaido_iburi_tobu,Hokkaido0042,0.5,0,0,2965,13419,181.01933598375618,0.0,0.0
E1,q2_x3_resunet_cas-multistream_seed2026,cas-multistream,placebo,2026,1120,na,hokkaido_iburi_tobu,Hokkaido0043,0.5,0,0,2531,13853,181.01933598375618,0.0,0.0
E1,q2_x3_resunet_cas-multistream_seed2026,cas-multistream,placebo,2026,1120,na,hokkaido_iburi_tobu,Hokkaido0044,0.5,192,503,1467,14222,67.85154445598158,0.1157035473516379,0.1927193689935068
E1,q2_x3_resunet_cas-multistream_seed2026,cas-multistream,placebo,2026,1120,na,hokkaido_iburi_tobu,Hokkaido0045,0.5,317,2510,1347,12210,38.480511940528174,0.18833972299897075,0.29654088802709366
E1,q2_x3_resunet_cas-multistream_seed2026,cas-multistream,placebo,2026,1120,na,hokkaido_iburi_tobu,Hokkaido0046,0.5,69,2512,1157,12646,46.18220606171072,0.11721611721566123,0.1724215146217645
E1,q2_x3_resunet_cas-multistream_seed2026,cas-multistream,placebo,2026,1120,na,hokkaido_iburi_tobu,Hokkaido0047,0.5,0,2082,440,13862,52.20153254455275,0.0,0.0
E1,q2_x3_resunet_cas-multistream_seed2026,cas-multistream,placebo,2026,1120,na,hokkaido_iburi_tobu,Hokkaido0048,0.5,40,358,573,15413,63.47749110508897,0.10291978968519697,0.1669971961973241
E1,q2_x3_resunet_cas-multistream_seed2026,cas-multistream,placebo,2026,1120,na,hokkaido_iburi_tobu,Hokkaido0049,0.5,0,793,540,15051,51.97037472535614,0.0,0.0
E1,q2_x3_resunet_cas-multistream_seed2026,cas-multistream,placebo,2026,1120,na,hokkaido_iburi_tobu,Hokkaido0050,0.5,0,761,39,15584,51.65074718761894,0.0,0.0
E1,q2_x3_resunet_cas-multistream_seed2026,cas-multistream,placebo,2026,1120,na,hokkaido_iburi_tobu,Hokkaido0051,0.5,1,769,38,15576,30.262186002324995,0.03806502775558105,0.11396011395981219
E1,q2_x3_resunet_cas-multistream_seed2026,cas-multistream,placebo,2026,1120,na,hokkaido_iburi_tobu,Hokkaido0053,0.5,0,757,29,15598,60.19301541786751,0.0,0.0
E1,q2_x3_resunet_cas-multistream_seed2026,cas-multistream,placebo,2026,1120,na,hokkaido_iburi_tobu,Hokkaido0054,0.5,0,0,593,15791,181.01933598375618,0.0,0.0
E1,q2_x3_resunet_cas-multistream_seed2026,cas-multistream,placebo,2026,1120,na,hokkaido_iburi_tobu,Hokkaido0055,0.5,0,0,3240,13144,181.01933598375618,0.0,0.0
E1,q2_x3_resunet_cas-multistream_seed2026,cas-multistream,placebo,2026,1120,na,hokkaido_iburi_tobu,Hokkaido0056,0.5,0,0,5182,11202,181.01933598375618,0.0,0.0
E1,q2_x3_resunet_cas-multistream_seed2026,cas-multistream,placebo,2026,1120,na,hokkaido_iburi_tobu,Hokkaido0057,0.5,0,0,4764,11620,181.01933598375618,0.0,0.0
E1,q2_x3_resunet_cas-multistream_seed2026,cas-multistream,placebo,2026,1120,na,hokkaido_iburi_tobu,Hokkaido0058,0.5,0,0,3426,12958,181.01933598375618,0.0,0.0
E1,q2_x3_resunet_cas-multistream_seed2026,cas-multistream,placebo,2026,1120,na,hokkaido_iburi_tobu,Hokkaido0059,0.5,0,0,2762,13622,181.01933598375618,0.0,0.0
E1,q2_x3_resunet_cas-multistream_seed2026,cas-multistream,placebo,2026,1120,na,hokkaido_iburi_tobu,Hokkaido0060,0.5,0,0,3937,12447,181.01933598375618,0.0,0.0
E1,q2_x3_resunet_cas-multistream_seed2026,cas-multistream,placebo,2026,1120,na,hokkaido_iburi_tobu,Hokkaido0061,0.5,0,0,4094,12290,181.01933598375618,0.0,0.0
E1,q2_x3_resunet_cas-multistream_seed2026,cas-multistream,placebo,2026,1120,na,hokkaido_iburi_tobu,Hokkaido0062,0.5,101,1239,2264,12780,55.58776552781529,0.07594170847953374,0.11907306645913401
E1,q2_x3_resunet_cas-multistream_seed2026,cas-multistream,placebo,2026,1120,na,hokkaido_iburi_tobu,Hokkaido0063,0.5,27,987,1088,14282,48.89776305409645,0.04974765681280721,0.05822887181520695
E1,q2_x3_resunet_cas-multistream_seed2026,cas-multistream,placebo,2026,1120,na,hokkaido_iburi_tobu,Hokkaido0064,0.5,7,1437,465,14475,58.692029963984304,0.04236880115504668,0.06477732793472334
E1,q2_x3_resunet_cas-multistream_seed2026,cas-multistream,placebo,2026,1120,na,hokkaido_iburi_tobu,Hokkaido0067,0.5,0,1794,22,14568,65.20006695897308,0.0,0.0
E1,q2_x3_resunet_cas-multistream_seed2026,cas-multistream,placebo,2026,1120,na,hokkaido_iburi_tobu,Hokkaido0068,0.5,0,1810,22,14552,66.04644256911773,0.0,0.0
E1,q2_x3_resunet_cas-multistream_seed2026,cas-multistream,placebo,2026,1120,na,hokkaido_iburi_tobu,Hokkaido0071,0.5,0,0,21,16363,181.01933598375618,0.0,0.0
E1,q2_x3_resunet_cas-multistream_seed2026,cas-multistream,placebo,2026,1120,na,hokkaido_iburi_tobu,Hokkaido0072,0.5,0,0,45,16339,181.01933598375618,0.0,0.0
E1,q2_x3_resunet_cas-multistream_seed2026,cas-multistream,placebo,2026,1120,na,hokkaido_iburi_tobu,Hokkaido0073,0.5,0,193,24,16167,37.55383015263334,0.0,0.0
E1,q2_x3_resunet_cas-multistream_seed2026,cas-multistream,placebo,2026,1120,na,hokkaido_iburi_tobu,Hokkaido0076,0.5,0,686,105,15593,55.638441623757934,0.0,0.0
E1,q2_x3_resunet_cas-multistream_seed2026,cas-multistream,placebo,2026,1120,na,hokkaido_iburi_tobu,Hokkaido0077,0.5,114,3065,212,12993,43.26571598638587,0.09747150530549736,0.17455391776527382
E1,q2_x3_resunet_cas-multistream_seed2026,cas-multistream,placebo,2026,1120,na,hokkaido_iburi_tobu,Hokkaido0078,0.5,0,0,861,15523,181.01933598375618,0.0,0.0
E1,q2_x3_resunet_cas-multistream_seed2026,cas-multistream,placebo,2026,1120,na,hokkaido_iburi_tobu,Hokkaido0079,0.5,0,0,3055,13329,181.01933598375618,0.0,0.0
E1,q2_x3_resunet_cas-multistream_seed2026,cas-multistream,placebo,2026,1120,na,hokkaido_iburi_tobu,Hokkaido0080,0.5,0,0,5128,11256,181.01933598375618,0.0,0.0
E1,q2_x3_resunet_cas-multistream_seed2026,cas-multistream,placebo,2026,1120,na,hokkaido_iburi_tobu,Hokkaido0081,0.5,0,0,5127,11257,181.01933598375618,0.0,0.0
E1,q2_x3_resunet_cas-multistream_seed2026,cas-multistream,placebo,2026,1120,na,hokkaido_iburi_tobu,Hokkaido0082,0.5,0,0,4055,12329,181.01933598375618,0.0,0.0
E1,q2_x3_resunet_cas-multistream_seed2026,cas-multistream,placebo,2026,1120,na,hokkaido_iburi_tobu,Hokkaido0083,0.5,477,324,3090,12493,78.74324849492481,0.14551485659724198,0.20599158743228227
E1,q2_x3_resunet_cas-multistream_seed2026,cas-multistream,placebo,2026,1120,na,hokkaido_iburi_tobu,Hokkaido0084,0.5,607,264,3668,11845,50.23146211301711,0.24148344931018742,0.3197173993209958
E1,q2_x3_resunet_cas-multistream_seed2026,cas-multistream,placebo,2026,1120,na,hokkaido_iburi_tobu,Hokkaido0085,0.5,0,0,5002,11382,181.01933598375618,0.0,0.0
E1,q2_x3_resunet_cas-multistream_seed2026,cas-multistream,placebo,2026,1120,na,hokkaido_iburi_tobu,Hokkaido0086,0.5,0,0,4884,11500,181.01933598375618,0.0,0.0
E1,q2_x3_resunet_cas-multistream_seed2026,cas-multistream,placebo,2026,1120,na,hokkaido_iburi_tobu,Hokkaido0087,0.5,168,300,3467,12449,61.39706820429433,0.11681174434305569,0.1484522169424882
E1,q2_x3_resunet_cas-multistream_seed2026,cas-multistream,placebo,2026,1120,na,hokkaido_iburi_tobu,Hokkaido0088,0.5,83,2331,1865,12105,50.303542131740166,0.07176979584432865,0.09310058187817882
E1,q2_x3_resunet_cas-multistream_seed2026,cas-multistream,placebo,2026,1120,na,hokkaido_iburi_tobu,Hokkaido0089,0.5,0,3655,557,12172,87.14026063220832,0.0,0.0
E1,q2_x3_resunet_cas-multistream_seed2026,cas-multistream,placebo,2026,1120,na,hokkaido_iburi_tobu,Hokkaido0090,0.5,0,468,93,15823,63.893445431171166,0.0,0.0
E1,q2_x3_resunet_cas-multistream_seed2026,cas-multistream,placebo,2026,1120,na,hokkaido_iburi_tobu,Hokkaido0091,0.5,0,251,80,16053,57.02816409426525,0.0,0.0
E1,q2_x3_resunet_cas-multistream_seed2026,cas-multistream,placebo,2026,1120,na,hokkaido_iburi_tobu,Hokkaido0092,0.5,0,2099,22,14263,62.35098556829885,0.0,0.0
E1,q2_x3_resunet_cas-multistream_seed2026,cas-multistream,placebo,2026,1120,na,hokkaido_iburi_tobu,Hokkaido0093,0.5,0,2612,22,13750,72.1151853608042,0.0,0.0
E1,q2_x3_resunet_cas-multistream_seed2026,cas-multistream,placebo,2026,1120,na,hokkaido_iburi_tobu,Hokkaido0095,0.5,0,1861,94,14429,34.36178711952185,0.0,0.0
E1,q2_x3_resunet_cas-multistream_seed2026,cas-multistream,placebo,2026,1120,na,hokkaido_iburi_tobu,Hokkaido0096,0.5,0,0,102,16282,181.01933598375618,0.0,0.0
E1,q2_x3_resunet_cas-multistream_seed2026,cas-multistream,placebo,2026,1120,na,hokkaido_iburi_tobu,Hokkaido0097,0.5,0,0,92,16292,181.01933598375618,0.0,0.0
E1,q2_x3_resunet_cas-multistream_seed2026,cas-multistream,placebo,2026,1120,na,hokkaido_iburi_tobu,Hokkaido0098,0.5,0,844,71,15469,60.648019355213975,0.0,0.0
E1,q2_x3_resunet_cas-multistream_seed2026,cas-multistream,placebo,2026,1120,na,hokkaido_iburi_tobu,Hokkaido0099,0.5,6,4006,41,12331,65.7358346417617,0.07476635513998776,0.1436293436291329
E1,q2_x3_resunet_cas-multistream_seed2026,cas-multistream,placebo,2026,1120,na,hokkaido_iburi_tobu,Hokkaido0100,0.5,0,0,47,16337,181.01933598375618,0.0,0.0
E1,q2_x3_resunet_cas-multistream_seed2026,cas-multistream,placebo,2026,1120,na,hokkaido_iburi_tobu,Hokkaido0101,0.5,0,4,223,16157,70.28903225439696,0.0,0.0
E1,q2_x3_resunet_cas-multistream_seed2026,cas-multistream,placebo,2026,1120,na,hokkaido_iburi_tobu,Hokkaido0102,0.5,223,2283,249,13629,33.79332428604519,0.21299614578354736,0.30257689110508457
E1,q2_x3_resunet_cas-multistream_seed2026,cas-multistream,placebo,2026,1120,na,hokkaido_iburi_tobu,Hokkaido0103,0.5,0,820,494,15070,53.00188662455886,0.0,0.01977261492787961
E1,q2_x3_resunet_cas-multistream_seed2026,cas-multistream,placebo,2026,1120,na,hokkaido_iburi_tobu,Hokkaido0104,0.5,44,234,1580,14526,72.91087520306185,0.05084432392440024,0.08677953557206719
E1,q2_x3_resunet_cas-multistream_seed2026,cas-multistream,placebo,2026,1120,na,hokkaido_iburi_tobu,Hokkaido0105,0.5,0,0,2818,13566,181.01933598375618,0.0,0.0
E1,q2_x3_resunet_cas-multistream_seed2026,cas-multistream,placebo,2026,1120,na,hokkaido_iburi_tobu,Hokkaido0106,0.5,128,0,3845,12411,130.46450849595035,0.026815642458061145,0.04238262869885237
E1,q2_x3_resunet_cas-multistream_seed2026,cas-multistream,placebo,2026,1120,na,hokkaido_iburi_tobu,Hokkaido0107,0.5,114,8,5298,10964,110.02658768391801,0.020258424777564083,0.045735646242040254
E1,q2_x3_resunet_cas-multistream_seed2026,cas-multistream,placebo,2026,1120,na,hokkaido_iburi_tobu,Hokkaido0108,0.5,0,0,5718,10666,181.01933598375618,0.0,0.0
E1,q2_x3_resunet_cas-multistream_seed2026,cas-multistream,placebo,2026,1120,na,hokkaido_iburi_tobu,Hokkaido0109,0.5,0,0,5400,10984,181.01933598375618,0.0,0.0
E1,q2_x3_resunet_cas-multistream_seed2026,cas-multistream,placebo,2026,1120,na,hokkaido_iburi_tobu,Hokkaido0110,0.5,0,0,4990,11394,181.01933598375618,0.0,0.0
E1,q2_x3_resunet_cas-multistream_seed2026,cas-multistream,placebo,2026,1120,na,hokkaido_iburi_tobu,Hokkaido0111,0.5,0,0,5485,10899,181.01933598375618,0.0,0.0
E1,q2_x3_resunet_cas-multistream_seed2026,cas-multistream,placebo,2026,1120,na,hokkaido_iburi_tobu,Hokkaido0112,0.5,0,0,6103,10281,181.01933598375618,0.0,0.0
E1,q2_x3_resunet_cas-multistream_seed2026,cas-multistream,placebo,2026,1120,na,hokkaido_iburi_tobu,Hokkaido0113,0.5,235,16,4685,11448,100.65609740614468,0.053833327310497225,0.07171853856556008
E1,q2_x3_resunet_cas-multistream_seed2026,cas-multistream,placebo,2026,1120,na,hokkaido_iburi_tobu,Hokkaido0114,0.5,8,70,2652,13654,78.20983699087094,0.0293012772350955,0.04975249390651588
E1,q2_x3_resunet_cas-multistream_seed2026,cas-multistream,placebo,2026,1120,na,hokkaido_iburi_tobu,Hokkaido0115,0.5,59,838,856,14631,57.36896899534396,0.11477176070277569,0.17664148750684477
E1,q2_x3_resunet_cas-multistream_seed2026,cas-multistream,placebo,2026,1120,na,hokkaido_iburi_tobu,Hokkaido0116,0.5,0,0,130,16254,181.01933598375618,0.0,0.0
E1,q2_x3_resunet_cas-multistream_seed2026,cas-multistream,placebo,2026,1120,na,hokkaido_iburi_tobu,Hokkaido0117,0.5,0,175,24,16185,78.55793149009446,0.0,0.0
E1,q2_x3_resunet_cas-multistream_seed2026,cas-multistream,placebo,2026,1120,na,hokkaido_iburi_tobu,Hokkaido0118,0.5,0,1208,21,15155,84.42627228228736,0.0,0.0
E1,q2_x3_resunet_cas-multistream_seed2026,cas-multistream,placebo,2026,1120,na,hokkaido_iburi_tobu,Hokkaido0119,0.5,0,3920,118,12346,82.00609529435903,0.0,0.0
E1,q2_x3_resunet_cas-multistream_seed2026,cas-multistream,placebo,2026,1120,na,hokkaido_iburi_tobu,Hokkaido0120,0.5,0,2636,199,13549,54.34848009632779,0.0,0.0
E1,q2_x3_resunet_cas-multistream_seed2026,cas-multistream,placebo,2026,1120,na,hokkaido_iburi_tobu,Hokkaido0121,0.5,0,659,81,15644,74.98466245745941,0.0,0.0
E1,q2_x3_resunet_cas-multistream_seed2026,cas-multistream,placebo,2026,1120,na,hokkaido_iburi_tobu,Hokkaido0122,0.5,0,364,101,15919,30.603908008939353,0.0,0.0
E1,q2_x3_resunet_cas-multistream_seed2026,cas-multistream,placebo,2026,1120,na,hokkaido_iburi_tobu,Hokkaido0123,0.5,22,1940,79,14343,55.20321027591269,0.10079575596789496,0.14168937329675949
E1,q2_x3_resunet_cas-multistream_seed2026,cas-multistream,placebo,2026,1120,na,hokkaido_iburi_tobu,Hokkaido0125,0.5,8,1982,17,14377,41.54854993984195,0.01398601398586608,0.10901803607187997
E1,q2_x3_resunet_cas-multistream_seed2026,cas-multistream,placebo,2026,1120,na,hokkaido_iburi_tobu,Hokkaido0126,0.5,0,2308,24,14052,83.01325017182792,0.0,0.0
E1,q2_x3_resunet_cas-multistream_seed2026,cas-multistream,placebo,2026,1120,na,hokkaido_iburi_tobu,Hokkaido0127,0.5,0,0,23,16361,181.01933598375618,0.0,0.0
E1,q2_x3_resunet_cas-multistream_seed2026,cas-multistream,placebo,2026,1120,na,hokkaido_iburi_tobu,Hokkaido0128,0.5,0,200,170,16014,67.93063054749605,0.0,0.0
E1,q2_x3_resunet_cas-multistream_seed2026,cas-multistream,placebo,2026,1120,na,hokkaido_iburi_tobu,Hokkaido0129,0.5,0,766,175,15443,53.15214002012347,0.0,0.0
E1,q2_x3_resunet_cas-multistream_seed2026,cas-multistream,placebo,2026,1120,na,hokkaido_iburi_tobu,Hokkaido0130,0.5,0,125,49,16210,84.21995013059554,0.0,0.0
E1,q2_x3_resunet_cas-multistream_seed2026,cas-multistream,placebo,2026,1120,na,hokkaido_iburi_tobu,Hokkaido0131,0.5,0,0,378,16006,181.01933598375618,0.0,0.0
E1,q2_x3_resunet_cas-multistream_seed2026,cas-multistream,placebo,2026,1120,na,hokkaido_iburi_tobu,Hokkaido0132,0.5,0,2,1744,14638,81.38918713508677,0.0,0.011013215859019883
E1,q2_x3_resunet_cas-multistream_seed2026,cas-multistream,placebo,2026,1120,na,hokkaido_iburi_tobu,Hokkaido0133,0.5,1101,408,3882,10993,40.51166517435993,0.2476945512964893,0.36304380372646555
E1,q2_x3_resunet_cas-multistream_seed2026,cas-multistream,placebo,2026,1120,na,hokkaido_iburi_tobu,Hokkaido0134,0.5,977,286,6664,8457,56.85067957266387,0.12794431535603878,0.19491402714913184
E1,q2_x3_resunet_cas-multistream_seed2026,cas-multistream,placebo,2026,1120,na,hokkaido_iburi_tobu,Hokkaido0135,0.5,0,0,8062,8322,181.01933598375618,0.0,0.0
E1,q2_x3_resunet_cas-multistream_seed2026,cas-multistream,placebo,2026,1120,na,hokkaido_iburi_tobu,Hokkaido0136,0.5,0,0,7102,9282,181.01933598375618,0.0,0.0
E1,q2_x3_resunet_cas-multistream_seed2026,cas-multistream,placebo,2026,1120,na,hokkaido_iburi_tobu,Hokkaido0137,0.5,0,0,5305,11079,181.01933598375618,0.0,0.0
E1,q2_x3_resunet_cas-multistream_seed2026,cas-multistream,placebo,2026,1120,na,hokkaido_iburi_tobu,Hokkaido0138,0.5,10,0,4887,11487,144.0373107607161,0.0033692722371900497,0.008751262201270316
E1,q2_x3_resunet_cas-multistream_seed2026,cas-multistream,placebo,2026,1120,na,hokkaido_iburi_tobu,Hokkaido0139,0.5,0,0,5648,10736,181.01933598375618,0.0,0.0
E1,q2_x3_resunet_cas-multistream_seed2026,cas-multistream,placebo,2026,1120,na,hokkaido_iburi_tobu,Hokkaido0140,0.5,37,2,5239,11106,120.5472934647563,0.015376833586221753,0.029964934650910865
E1,q2_x3_resunet_cas-multistream_seed2026,cas-multistream,placebo,2026,1120,na,hokkaido_iburi_tobu,Hokkaido0141,0.5,0,0,4803,11581,181.01933598375618,0.0,0.0
E1,q2_x3_resunet_cas-multistream_seed2026,cas-multistream,placebo,2026,1120,na,hokkaido_iburi_tobu,Hokkaido0142,0.5,89,71,3896,12328,68.37250402992511,0.04216612256077358,0.07830983322326697
E1,q2_x3_resunet_cas-multistream_seed2026,cas-multistream,placebo,2026,1120,na,hokkaido_iburi_tobu,Hokkaido0143,0.5,22,885,1566,13911,54.07012406180722,0.021045058008563655,0.05783906814800543
E1,q2_x3_resunet_cas-multistream_seed2026,cas-multistream,placebo,2026,1120,na,hokkaido_iburi_tobu,Hokkaido0144,0.5,44,4624,101,11615,46.79206561106246,0.0,0.015238095237720715
E1,q2_x3_resunet_cas-multistream_seed2026,cas-multistream,placebo,2026,1120,na,hokkaido_iburi_tobu,Hokkaido0145,0.5,26,5141,18,11199,76.82733561535196,0.04233301975523877,0.14845242644224863
E1,q2_x3_resunet_cas-multistream_seed2026,cas-multistream,placebo,2026,1120,na,hokkaido_iburi_tobu,Hokkaido0146,0.5,90,4944,15,11335,71.75963142384808,0.060952380952199424,0.0921441228586603
E1,q2_x3_resunet_cas-multistream_seed2026,cas-multistream,placebo,2026,1120,na,hokkaido_iburi_tobu,Hokkaido0147,0.5,102,4561,3,11718,59.63174444512687,0.04259954011846984,0.0900562851780573
E1,q2_x3_resunet_cas-multistream_seed2026,cas-multistream,placebo,2026,1120,na,hokkaido_iburi_tobu,Hokkaido0148,0.5,0,5321,54,11009,87.20665112249179,0.0,0.0237060450413706
E1,q2_x3_resunet_cas-multistream_seed2026,cas-multistream,placebo,2026,1120,na,hokkaido_iburi_tobu,Hokkaido0149,0.5,9,3429,45,12901,64.35370939663416,0.06151592823127077,0.11193731510342575
E1,q2_x3_resunet_cas-multistream_seed2026,cas-multistream,placebo,2026,1120,na,hokkaido_iburi_tobu,Hokkaido0155,0.5,0,0,23,16361,181.01933598375618,0.0,0.0
E1,q2_x3_resunet_cas-multistream_seed2026,cas-multistream,placebo,2026,1120,na,hokkaido_iburi_tobu,Hokkaido0156,0.5,0,863,23,15498,73.36688344339873,0.0,0.0
E1,q2_x3_resunet_cas-multistream_seed2026,cas-multistream,placebo,2026,1120,na,hokkaido_iburi_tobu,Hokkaido0157,0.5,10,229,228,15917,51.048992316115346,0.12464589235078222,0.16262975778507463
E1,q2_x3_resunet_cas-multistream_seed2026,cas-multistream,placebo,2026,1120,na,hokkaido_iburi_tobu,Hokkaido0158,0.5,0,113,318,15953,76.40181984064617,0.0,0.0
E1,q2_x3_resunet_cas-multistream_seed2026,cas-multistream,placebo,2026,1120,na,hokkaido_iburi_tobu,Hokkaido0159,0.5,0,2369,316,13699,63.27914191031405,0.0,0.0
E1,q2_x3_resunet_cas-multistream_seed2026,cas-multistream,placebo,2026,1120,na,hokkaido_iburi_tobu,Hokkaido0160,0.5,1,1336,1561,13486,56.08029957123981,0.004201680671818559,0.00544464609775156
E1,q2_x3_resunet_cas-multistream_seed2026,cas-multistream,placebo,2026,1120,na,hokkaido_iburi_tobu,Hokkaido0161,0.5,744,227,3893,11520,72.61542535852834,0.16989745525193473,0.24412476704452724
E1,q2_x3_resunet_cas-multistream_seed2026,cas-multistream,placebo,2026,1120,na,hokkaido_iburi_tobu,Hokkaido0162,0.5,1065,432,5513,9374,75.58736659766885,0.11343141227205762,0.18116805721080065
E1,q2_x3_resunet_cas-multistream_seed2026,cas-multistream,placebo,2026,1120,na,hokkaido_iburi_tobu,Hokkaido0163,0.5,0,0,7280,9104,181.01933598375618,0.0,0.0
E1,q2_x3_resunet_cas-multistream_seed2026,cas-multistream,placebo,2026,1120,na,hokkaido_iburi_tobu,Hokkaido0164,0.5,70,8,7052,9254,105.98702166101215,0.029440892029647153,0.05171062940710554
E1,q2_x3_resunet_cas-multistream_seed2026,cas-multistream,placebo,2026,1120,na,hokkaido_iburi_tobu,Hokkaido0165,0.5,286,41,5464,10593,79.83602479891451,0.09973067580547226,0.16815355501471485
E1,q2_x3_resunet_cas-multistream_seed2026,cas-multistream,placebo,2026,1120,na,hokkaido_iburi_tobu,Hokkaido0166,0.5,225,112,4513,11534,122.46039914659848,0.09827892037000556,0.13290322580632752
E1,q2_x3_resunet_cas-multistream_seed2026,cas-multistream,placebo,2026,1120,na,hokkaido_iburi_tobu,Hokkaido0167,0.5,115,7,3978,12284,65.79931599726939,0.05985179555380766,0.08208366219408071
E1,q2_x3_resunet_cas-multistream_seed2026,cas-multistream,placebo,2026,1120,na,hokkaido_iburi_tobu,Hokkaido0168,0.5,186,137,3466,12595,74.11071795511869,0.07370576191858888,0.12177305623336457
E1,q2_x3_resunet_cas-multistream_seed2026,cas-multistream,placebo,2026,1120,na,hokkaido_iburi_tobu,Hokkaido0169,0.5,108,6,4513,11757,65.0411398144791,0.040534521158079054,0.0672941507838938
E1,q2_x3_resunet_cas-multistream_seed2026,cas-multistream,placebo,2026,1120,na,hokkaido_iburi_tobu,Hokkaido0170,0.5,597,138,5026,10623,41.03535026993905,0.17001985820602092,0.2849637966639058
E1,q2_x3_resunet_cas-multistream_seed2026,cas-multistream,placebo,2026,1120,na,hokkaido_iburi_tobu,Hokkaido0171,0.5,40,103,2992,13249,59.48403008958043,0.042895442359124264,0.07765793528493826
E1,q2_x3_resunet_cas-multistream_seed2026,cas-multistream,placebo,2026,1120,na,hokkaido_iburi_tobu,Hokkaido0172,0.5,114,2665,380,13225,35.99982773171123,0.06560383747130044,0.10049449672946312
E1,q2_x3_resunet_cas-multistream_seed2026,cas-multistream,placebo,2026,1120,na,hokkaido_iburi_tobu,Hokkaido0173,0.5,0,2153,120,14111,74.34883304018267,0.0,0.0
E1,q2_x3_resunet_cas-multistream_seed2026,cas-multistream,placebo,2026,1120,na,hokkaido_iburi_tobu,Hokkaido0174,0.5,0,4499,22,11863,103.61105050142457,0.0,0.0
E1,q2_x3_resunet_cas-multistream_seed2026,cas-multistream,placebo,2026,1120,na,hokkaido_iburi_tobu,Hokkaido0175,0.5,0,4025,22,12337,101.31633629380802,0.0,0.0
E1,q2_x3_resunet_cas-multistream_seed2026,cas-multistream,placebo,2026,1120,na,hokkaido_iburi_tobu,Hokkaido0176,0.5,0,4425,28,11931,92.94324527157922,0.0,0.0
E1,q2_x3_resunet_cas-multistream_seed2026,cas-multistream,placebo,2026,1120,na,hokkaido_iburi_tobu,Hokkaido0177,0.5,0,4013,36,12335,89.37437488595731,0.0,0.0
E1,q2_x3_resunet_cas-multistream_seed2026,cas-multistream,placebo,2026,1120,na,hokkaido_iburi_tobu,Hokkaido0179,0.5,23,3519,1,12841,59.92826045356006,0.11283497884332504,0.14849187935021055
E1,q2_x3_resunet_cas-multistream_seed2026,cas-multistream,placebo,2026,1120,na,hokkaido_iburi_tobu,Hokkaido0180,0.5,0,3076,24,13284,85.90692637965812,0.0,0.0
E1,q2_x3_resunet_cas-multistream_seed2026,cas-multistream,placebo,2026,1120,na,hokkaido_iburi_tobu,Hokkaido0183,0.5,0,1742,335,14307,75.79444949279387,0.0,0.0
E1,q2_x3_resunet_cas-multistream_seed2026,cas-multistream,placebo,2026,1120,na,hokkaido_iburi_tobu,Hokkaido0184,0.5,316,2254,1091,12723,40.33103754812285,0.21234119782167912,0.3422833480695927
E1,q2_x3_resunet_cas-multistream_seed2026,cas-multistream,placebo,2026,1120,na,hokkaido_iburi_tobu,Hokkaido0185,0.5,74,645,2074,13591,49.12227423567263,0.09953395871496787,0.15125142548435547
E1,q2_x3_resunet_cas-multistream_seed2026,cas-multistream,placebo,2026,1120,na,hokkaido_iburi_tobu,Hokkaido0186,0.5,312,2746,924,12402,48.291819155429906,0.17311985536775312,0.24765308148227894
E1,q2_x3_resunet_cas-multistream_seed2026,cas-multistream,placebo,2026,1120,na,hokkaido_iburi_tobu,Hokkaido0187,0.5,115,4105,334,11830,50.05685741687812,0.13066785794011315,0.22344956081932205
E1,q2_x3_resunet_cas-multistream_seed2026,cas-multistream,placebo,2026,1120,na,hokkaido_iburi_tobu,Hokkaido0188,0.5,283,1775,1509,12817,42.1070065428546,0.1812421123254388,0.24375294475700748
E1,q2_x3_resunet_cas-multistream_seed2026,cas-multistream,placebo,2026,1120,na,hokkaido_iburi_tobu,Hokkaido0189,0.5,459,1048,3019,11858,56.40567205320563,0.09595314526016707,0.15759871700939662
E1,q2_x3_resunet_cas-multistream_seed2026,cas-multistream,placebo,2026,1120,na,hokkaido_iburi_tobu,Hokkaido0190,0.5,224,337,4592,11231,59.79378819181558,0.08948356715188725,0.1595235729932462
E1,q2_x3_resunet_cas-multistream_seed2026,cas-multistream,placebo,2026,1120,na,hokkaido_iburi_tobu,Hokkaido0191,0.5,58,0,5359,10967,66.6303218887532,0.017687074829897228,0.05325244354561718
E1,q2_x3_resunet_cas-multistream_seed2026,cas-multistream,placebo,2026,1120,na,hokkaido_iburi_tobu,Hokkaido0192,0.5,1575,910,4288,9611,38.897300677553446,0.3395155074276731,0.4741455629613915
E1,q2_x3_resunet_cas-multistream_seed2026,cas-multistream,placebo,2026,1120,na,hokkaido_iburi_tobu,Hokkaido0193,0.5,1493,862,3455,10574,30.00583171386254,0.4315121271048769,0.6356340150090137
E1,q2_x3_resunet_cas-multistream_seed2026,cas-multistream,placebo,2026,1120,na,hokkaido_iburi_tobu,Hokkaido0194,0.5,817,2021,1691,11855,35.37300754296734,0.1744084365493384,0.31478940926116733
E1,q2_x3_resunet_cas-multistream_seed2026,cas-multistream,placebo,2026,1120,na,hokkaido_iburi_tobu,Hokkaido0195,0.5,243,283,1749,14109,63.64275261570306,0.03424924106781004,0.0740540631805093
E1,q2_x3_resunet_cas-multistream_seed2026,cas-multistream,placebo,2026,1120,na,hokkaido_iburi_tobu,Hokkaido0196,0.5,698,1350,2360,11976,49.4064773081425,0.19381271895938823,0.2895707827240187
E1,q2_x3_resunet_cas-multistream_seed2026,cas-multistream,placebo,2026,1120,na,hokkaido_iburi_tobu,Hokkaido0197,0.5,701,315,2760,12608,48.877380511419574,0.26408917656970055,0.3912822612670742
E1,q2_x3_resunet_cas-multistream_seed2026,cas-multistream,placebo,2026,1120,na,hokkaido_iburi_tobu,Hokkaido0198,0.5,296,635,1764,13689,51.73973328110612,0.15447262352975635,0.22744503411649789
E1,q2_x3_resunet_cas-multistream_seed2026,cas-multistream,placebo,2026,1120,na,hokkaido_iburi_tobu,Hokkaido0199,0.5,113,4277,496,11498,35.03836120259081,0.09126984126934526,0.16195161951570303
E1,q2_x3_resunet_cas-multistream_seed2026,cas-multistream,placebo,2026,1120,na,hokkaido_iburi_tobu,Hokkaido0200,0.5,0,2426,107,13851,59.07198861312912,0.0,0.0
E1,q2_x3_resunet_cas-multistream_seed2026,cas-multistream,placebo,2026,1120,na,hokkaido_iburi_tobu,Hokkaido0201,0.5,0,2900,84,13400,70.0,0.0,0.0
E1,q2_x3_resunet_cas-multistream_seed2026,cas-multistream,placebo,2026,1120,na,hokkaido_iburi_tobu,Hokkaido0202,0.5,39,3664,74,12607,50.740435583216254,0.0,0.0
E1,q2_x3_resunet_cas-multistream_seed2026,cas-multistream,placebo,2026,1120,na,hokkaido_iburi_tobu,Hokkaido0203,0.5,0,3781,39,12564,74.06078584514209,0.005221932114725031,0.031331592689137565
E1,q2_x3_resunet_cas-multistream_seed2026,cas-multistream,placebo,2026,1120,na,hokkaido_iburi_tobu,Hokkaido0204,0.5,0,2428,48,13908,103.4204128005191,0.0,0.0
E1,q2_x3_resunet_cas-multistream_seed2026,cas-multistream,placebo,2026,1120,na,hokkaido_iburi_tobu,Hokkaido0205,0.5,63,3013,44,13264,52.25870679831155,0.10016835016808492,0.1383592017735464
E1,q2_x3_resunet_cas-multistream_seed2026,cas-multistream,placebo,2026,1120,na,hokkaido_iburi_tobu,Hokkaido0206,0.5,0,3984,59,12341,97.04792619372165,0.0,0.0
E1,q2_x3_resunet_cas-multistream_seed2026,cas-multistream,placebo,2026,1120,na,hokkaido_iburi_tobu,Hokkaido0207,0.5,16,4242,12,12114,50.82123793987824,0.0,0.0
E1,q2_x3_resunet_cas-multistream_seed2026,cas-multistream,placebo,2026,1120,na,hokkaido_iburi_tobu,Hokkaido0208,0.5,32,3137,18,13197,34.773732992629895,0.05433130699070769,0.07645051194517286
E1,q2_x3_resunet_cas-multistream_seed2026,cas-multistream,placebo,2026,1120,na,hokkaido_iburi_tobu,Hokkaido0209,0.5,0,3565,55,12764,57.980014601573124,0.0,0.0
E1,q2_x3_resunet_cas-multistream_seed2026,cas-multistream,placebo,2026,1120,na,hokkaido_iburi_tobu,Hokkaido0210,0.5,33,4928,24,11399,59.05153320099764,0.05853658536566207,0.07555089192006566
E1,q2_x3_resunet_cas-multistream_seed2026,cas-multistream,placebo,2026,1120,na,hokkaido_iburi_tobu,Hokkaido0211,0.5,67,3001,24,13292,44.92103923458641,0.0,0.0
E1,q2_x3_resunet_cas-multistream_seed2026,cas-multistream,placebo,2026,1120,na,hokkaido_iburi_tobu,Hokkaido0212,0.5,0,3553,67,12764,87.05313413504778,0.0,0.0
E1,q2_x3_resunet_cas-multistream_seed2026,cas-multistream,placebo,2026,1120,na,hokkaido_iburi_tobu,Hokkaido0213,0.5,0,2949,39,13396,92.97634057288924,0.0,0.0
E1,q2_x3_resunet_cas-multistream_seed2026,cas-multistream,placebo,2026,1120,na,hokkaido_iburi_tobu,Hokkaido0214,0.5,39,3729,0,12616,58.204801571146,0.004938271604796904,0.048455481526177534
E1,q2_x3_resunet_cas-multistream_seed2026,cas-multistream,placebo,2026,1120,na,hokkaido_iburi_tobu,Hokkaido0215,0.5,54,2709,16,13605,54.18531316154399,0.06422018348602845,0.09174311926584497
E1,q2_x3_resunet_cas-multistream_seed2026,cas-multistream,placebo,2026,1120,na,hokkaido_iburi_tobu,Hokkaido0216,0.5,0,641,70,15673,44.91603243086876,0.0,0.0
E1,q2_x3_resunet_cas-multistream_seed2026,cas-multistream,placebo,2026,1120,na,hokkaido_iburi_tobu,Hokkaido0217,0.5,0,313,362,15709,67.45844152822137,0.0,0.0
E1,q2_x3_resunet_cas-multistream_seed2026,cas-multistream,placebo,2026,1120,na,hokkaido_iburi_tobu,Hokkaido0218,0.5,644,1416,1091,13233,47.95985819739672,0.23332499021248496,0.37289862455384504
E1,q2_x3_resunet_cas-multistream_seed2026,cas-multistream,placebo,2026,1120,na,hokkaido_iburi_tobu,Hokkaido0219,0.5,710,570,3247,11857,45.721930704737275,0.2628999841198585,0.3940585742102279
E1,q2_x3_resunet_cas-multistream_seed2026,cas-multistream,placebo,2026,1120,na,hokkaido_iburi_tobu,Hokkaido0220,0.5,657,681,2603,12443,38.948684188300895,0.18404621018165615,0.2752554650106215
E1,q2_x3_resunet_cas-multistream_seed2026,cas-multistream,placebo,2026,1120,na,hokkaido_iburi_tobu,Hokkaido0221,0.5,51,3788,837,11708,47.853944456021594,0.09589685044607892,0.13991295737624737
E1,q2_x3_resunet_cas-multistream_seed2026,cas-multistream,placebo,2026,1120,na,hokkaido_iburi_tobu,Hokkaido0222,0.5,0,4114,871,11399,41.44139544878941,0.0,0.009669621272727672
E1,q2_x3_resunet_cas-multistream_seed2026,cas-multistream,placebo,2026,1120,na,hokkaido_iburi_tobu,Hokkaido0223,0.5,681,2507,1716,11480,37.672261709714675,0.2528978442201534,0.3735814203662481
E1,q2_x3_resunet_cas-multistream_seed2026,cas-multistream,placebo,2026,1120,na,hokkaido_iburi_tobu,Hokkaido0224,0.5,421,928,2623,12412,57.84630248011857,0.1671436748709928,0.2725111752303526
E1,q2_x3_resunet_cas-multistream_seed2026,cas-multistream,placebo,2026,1120,na,hokkaido_iburi_tobu,Hokkaido0225,0.5,295,745,2689,12655,53.88872332596103,0.15204525614651837,0.23363670308147266
E1,q2_x3_resunet_cas-multistream_seed2026,cas-multistream,placebo,2026,1120,na,hokkaido_iburi_tobu,Hokkaido0226,0.5,762,412,3303,11907,44.41283562568733,0.19680303989843775,0.3147784326563523
E1,q2_x3_resunet_cas-multistream_seed2026,cas-multistream,placebo,2026,1120,na,hokkaido_iburi_tobu,Hokkaido0227,0.5,515,203,2659,13007,37.9010581714358,0.27482979075860187,0.4122648863896353
E1,q2_x3_resunet_cas-multistream_seed2026,cas-multistream,placebo,2026,1120,na,hokkaido_iburi_tobu,Hokkaido0228,0.5,56,1989,823,13516,43.913310788972886,0.09483340078198634,0.14610389610346047
E1,q2_x3_resunet_cas-multistream_seed2026,cas-multistream,placebo,2026,1120,na,hokkaido_iburi_tobu,Hokkaido0229,0.5,215,2531,461,13177,41.03654737716205,0.15381426202273474,0.21111089978840303
E1,q2_x3_resunet_cas-multistream_seed2026,cas-multistream,placebo,2026,1120,na,hokkaido_iburi_tobu,Hokkaido0230,0.5,14,977,1286,14107,60.46189654883885,0.021690013555932877,0.045676998368307326
E1,q2_x3_resunet_cas-multistream_seed2026,cas-multistream,placebo,2026,1120,na,hokkaido_iburi_tobu,Hokkaido0231,0.5,100,2039,971,13274,51.739646707357444,0.06486563546893649,0.10867417506380013
E1,q2_x3_resunet_cas-multistream_seed2026,cas-multistream,placebo,2026,1120,na,hokkaido_iburi_tobu,Hokkaido0232,0.5,208,4520,498,11158,31.287780121084385,0.10067892035055158,0.19777403666242635
E1,q2_x3_resunet_cas-multistream_seed2026,cas-multistream,placebo,2026,1120,na,hokkaido_iburi_tobu,Hokkaido0233,0.5,116,4003,235,12030,48.71331699191314,0.04133654839773061,0.07210031347912886
E1,q2_x3_resunet_cas-multistream_seed2026,cas-multistream,placebo,2026,1120,na,hokkaido_iburi_tobu,Hokkaido0235,0.5,84,2542,0,13758,46.50375057509828,0.0,0.0
E1,q2_x3_resunet_cas-multistream_seed2026,cas-multistream,placebo,2026,1120,na,hokkaido_iburi_tobu,Hokkaido0236,0.5,0,3047,91,13246,82.41599423456215,0.0,0.0
E1,q2_x3_resunet_cas-multistream_seed2026,cas-multistream,placebo,2026,1120,na,hokkaido_iburi_tobu,Hokkaido0237,0.5,0,4317,72,11995,67.21085854877103,0.0419727177332407,0.07129798903090656
E1,q2_x3_resunet_cas-multistream_seed2026,cas-multistream,placebo,2026,1120,na,hokkaido_iburi_tobu,Hokkaido0238,0.5,15,3347,149,12873,62.67241127264733,0.035046728971487515,0.06079797340043983
E1,q2_x3_resunet_cas-multistream_seed2026,cas-multistream,placebo,2026,1120,na,hokkaido_iburi_tobu,Hokkaido0239,0.5,100,2599,207,13478,36.0,0.0,0.02134959969450837
E1,q2_x3_resunet_cas-multistream_seed2026,cas-multistream,placebo,2026,1120,na,hokkaido_iburi_tobu,Hokkaido0240,0.5,196,4416,149,11623,43.55109630864401,0.061109862951692066,0.11945192645462631
E1,q2_x3_resunet_cas-multistream_seed2026,cas-multistream,placebo,2026,1120,na,hokkaido_iburi_tobu,Hokkaido0241,0.5,72,2882,75,13355,66.83336141545026,0.13153456998285842,0.1910828025475297
E1,q2_x3_resunet_cas-multistream_seed2026,cas-multistream,placebo,2026,1120,na,hokkaido_iburi_tobu,Hokkaido0242,0.5,0,1841,27,14516,53.89524306638525,0.0,0.0
E1,q2_x3_resunet_cas-multistream_seed2026,cas-multistream,placebo,2026,1120,na,hokkaido_iburi_tobu,Hokkaido0243,0.5,0,2530,60,13794,46.81021699556018,0.0,0.0
E1,q2_x3_resunet_cas-multistream_seed2026,cas-multistream,placebo,2026,1120,na,hokkaido_iburi_tobu,Hokkaido0244,0.5,31,4634,2,11717,85.14164356324427,0.05894800483667665,0.0859913793102588
E1,q2_x3_resunet_cas-multistream_seed2026,cas-multistream,placebo,2026,1120,na,hokkaido_iburi_tobu,Hokkaido0245,0.5,22,2866,67,13429,46.582783061187044,0.0187061574431916,0.10727023319585614
E1,q2_x3_resunet_cas-multistream_seed2026,cas-multistream,placebo,2026,1120,na,hokkaido_iburi_tobu,Hokkaido0246,0.5,0,4263,89,12032,87.68921858460156,0.0,0.0
E1,q2_x3_resunet_cas-multistream_seed2026,cas-multistream,placebo,2026,1120,na,hokkaido_iburi_tobu,Hokkaido0247,0.5,0,4403,39,11942,113.42573792688778,0.0,0.0
E1,q2_x3_resunet_cas-multistream_seed2026,cas-multistream,placebo,2026,1120,na,hokkaido_iburi_tobu,Hokkaido0248,0.5,16,4653,37,11678,43.4511173911973,0.030018761725924204,0.05481402384749906
E1,q2_x3_resunet_cas-multistream_seed2026,cas-multistream,placebo,2026,1120,na,hokkaido_iburi_tobu,Hokkaido0250,0.5,0,4267,70,12047,89.17733086327166,0.0,0.0
E1,q2_x3_resunet_cas-multistream_seed2026,cas-multistream,placebo,2026,1120,na,hokkaido_iburi_tobu,Hokkaido0251,0.5,0,2578,70,13736,82.63047126258363,0.0,0.0
E1,q2_x3_resunet_cas-multistream_seed2026,cas-multistream,placebo,2026,1120,na,hokkaido_iburi_tobu,Hokkaido0252,0.5,0,394,27,15963,94.31197464233227,0.0,0.0
E1,q2_x3_resunet_cas-multistream_seed2026,cas-multistream,placebo,2026,1120,na,hokkaido_iburi_tobu,Hokkaido0253,0.5,0,867,654,14863,61.91122676865643,0.0,0.0
E1,q2_x3_resunet_cas-multistream_seed2026,cas-multistream,placebo,2026,1120,na,hokkaido_iburi_tobu,Hokkaido0254,0.5,10,81,2619,13674,78.48343507152393,0.025618945102169867,0.03436041083089363
E1,q2_x3_resunet_cas-multistream_seed2026,cas-multistream,placebo,2026,1120,na,hokkaido_iburi_tobu,Hokkaido0255,0.5,601,386,2716,12681,48.059826132375484,0.22437249944039642,0.3779027167420847
E1,q2_x3_resunet_cas-multistream_seed2026,cas-multistream,placebo,2026,1120,na,hokkaido_iburi_tobu,Hokkaido0256,0.5,527,1286,1475,13096,38.003282063175035,0.19104734431500434,0.29829039993771117
E1,q2_x3_resunet_cas-multistream_seed2026,cas-multistream,placebo,2026,1120,na,hokkaido_iburi_tobu,Hokkaido0257,0.5,126,1989,1369,12900,54.70831746635972,0.03896555723031912,0.07102043451558306
E1,q2_x3_resunet_cas-multistream_seed2026,cas-multistream,placebo,2026,1120,na,hokkaido_iburi_tobu,Hokkaido0258,0.5,147,188,2710,13339,64.35060217278468,0.11494602546840381,0.17734928460995372
E1,q2_x3_resunet_cas-multistream_seed2026,cas-multistream,placebo,2026,1120,na,hokkaido_iburi_tobu,Hokkaido0259,0.5,198,31,3128,13027,84.49260239763217,0.1388382087002054,0.219336219336024
E1,q2_x3_resunet_cas-multistream_seed2026,cas-multistream,placebo,2026,1120,na,hokkaido_iburi_tobu,Hokkaido0260,0.5,365,261,2790,12968,64.29148277451003,0.10001736412555429,0.17193896010823118
E1,q2_x3_resunet_cas-multistream_seed2026,cas-multistream,placebo,2026,1120,na,hokkaido_iburi_tobu,Hokkaido0261,0.5,149,133,3186,12916,63.7808748764079,0.06551791549130319,0.1043233082705778
E1,q2_x3_resunet_cas-multistream_seed2026,cas-multistream,placebo,2026,1120,na,hokkaido_iburi_tobu,Hokkaido0262,0.5,105,441,1668,14170,62.455943706156944,0.12483921943299375,0.17952008124412003
E1,q2_x3_resunet_cas-multistream_seed2026,cas-multistream,placebo,2026,1120,na,hokkaido_iburi_tobu,Hokkaido0263,0.5,8,1374,308,14694,58.55807833764947,0.035455278001154854,0.06175992570188653
E1,q2_x3_resunet_cas-multistream_seed2026,cas-multistream,placebo,2026,1120,na,hokkaido_iburi_tobu,Hokkaido0264,0.5,0,1149,118,15117,60.36054825797356,0.0,0.0
E1,q2_x3_resunet_cas-multistream_seed2026,cas-multistream,placebo,2026,1120,na,hokkaido_iburi_tobu,Hokkaido0265,0.5,0,2650,234,13500,57.050412472120385,0.0,0.0
E1,q2_x3_resunet_cas-multistream_seed2026,cas-multistream,placebo,2026,1120,na,hokkaido_iburi_tobu,Hokkaido0266,0.5,36,3985,121,12242,49.451562540360534,0.05118110236185018,0.09815950920217757
E1,q2_x3_resunet_cas-multistream_seed2026,cas-multistream,placebo,2026,1120,na,hokkaido_iburi_tobu,Hokkaido0267,0.5,5,2608,302,13469,45.17229926307728,0.04383925606061103,0.06758080313372916
E1,q2_x3_resunet_cas-multistream_seed2026,cas-multistream,placebo,2026,1120,na,hokkaido_iburi_tobu,Hokkaido0268,0.5,176,2158,137,13913,39.04612016997165,0.181185519809059,0.32209764405287133
E1,q2_x3_resunet_cas-multistream_seed2026,cas-multistream,placebo,2026,1120,na,hokkaido_iburi_tobu,Hokkaido0269,0.5,0,3623,47,12714,88.93480220861251,0.0,0.0
E1,q2_x3_resunet_cas-multistream_seed2026,cas-multistream,placebo,2026,1120,na,hokkaido_iburi_tobu,Hokkaido0270,0.5,40,5299,113,10932,69.55283836027422,0.0,0.0
E1,q2_x3_resunet_cas-multistream_seed2026,cas-multistream,placebo,2026,1120,na,hokkaido_iburi_tobu,Hokkaido0271,0.5,94,4367,184,11739,28.68055943372014,0.024734982331710637,0.04330708661370597
E1,q2_x3_resunet_cas-multistream_seed2026,cas-multistream,placebo,2026,1120,na,hokkaido_iburi_tobu,Hokkaido0272,0.5,76,4632,297,11379,41.264941622735066,0.02335766423312408,0.06871932173089511
E1,q2_x3_resunet_cas-multistream_seed2026,cas-multistream,placebo,2026,1120,na,hokkaido_iburi_tobu,Hokkaido0273,0.5,129,2533,577,13145,40.8875242392517,0.10597826086906752,0.15071073813959546
E1,q2_x3_resunet_cas-multistream_seed2026,cas-multistream,placebo,2026,1120,na,hokkaido_iburi_tobu,Hokkaido0274,0.5,0,2953,518,12913,62.94491781663264,0.0,0.0
E1,q2_x3_resunet_cas-multistream_seed2026,cas-multistream,placebo,2026,1120,na,hokkaido_iburi_tobu,Hokkaido0275,0.5,5,2149,89,14141,53.32707564468092,0.06358381502855569,0.09248554913260194
E1,q2_x3_resunet_cas-multistream_seed2026,cas-multistream,placebo,2026,1120,na,hokkaido_iburi_tobu,Hokkaido0276,0.5,33,2946,1,13404,54.40770997275571,0.0792733278280679,0.17544231380423167
E1,q2_x3_resunet_cas-multistream_seed2026,cas-multistream,placebo,2026,1120,na,hokkaido_iburi_tobu,Hokkaido0277,0.5,74,4243,6,12061,42.97905843542308,0.05970149253712631,0.09982486865125786
E1,q2_x3_resunet_cas-multistream_seed2026,cas-multistream,placebo,2026,1120,na,hokkaido_iburi_tobu,Hokkaido0278,0.5,0,5278,80,11026,91.19155483070656,0.0,0.0
E1,q2_x3_resunet_cas-multistream_seed2026,cas-multistream,placebo,2026,1120,na,hokkaido_iburi_tobu,Hokkaido0279,0.5,0,1912,46,14426,78.24001527217442,0.0,0.0
E1,q2_x3_resunet_cas-multistream_seed2026,cas-multistream,placebo,2026,1120,na,hokkaido_iburi_tobu,Hokkaido0280,0.5,7,2144,154,14079,50.25335667931607,0.058944765044917344,0.07399640503256631
E1,q2_x3_resunet_cas-multistream_seed2026,cas-multistream,placebo,2026,1120,na,hokkaido_iburi_tobu,Hokkaido0281,0.5,0,2894,168,13322,70.95450484561891,0.0,0.0
E1,q2_x3_resunet_cas-multistream_seed2026,cas-multistream,placebo,2026,1120,na,hokkaido_iburi_tobu,Hokkaido0282,0.5,11,3790,42,12541,65.33140839589302,0.05076142131961858,0.0725513905680763
E1,q2_x3_resunet_cas-multistream_seed2026,cas-multistream,placebo,2026,1120,na,hokkaido_iburi_tobu,Hokkaido0283,0.5,0,393,158,15833,47.914308614795175,0.0,0.0
E1,q2_x3_resunet_cas-multistream_seed2026,cas-multistream,placebo,2026,1120,na,hokkaido_iburi_tobu,Hokkaido0284,0.5,133,1561,515,14175,48.696748344394265,0.1252649226579493,0.23433777154823662
E1,q2_x3_resunet_cas-multistream_seed2026,cas-multistream,placebo,2026,1120,na,hokkaido_iburi_tobu,Hokkaido0285,0.5,366,2615,1265,12138,40.237408425125814,0.20974543108759172,0.34410992780219296
E1,q2_x3_resunet_cas-multistream_seed2026,cas-multistream,placebo,2026,1120,na,hokkaido_iburi_tobu,Hokkaido0286,0.5,339,541,2483,13021,51.80874543225561,0.15770733551779065,0.27650680330615784
E1,q2_x3_resunet_cas-multistream_seed2026,cas-multistream,placebo,2026,1120,na,hokkaido_iburi_tobu,Hokkaido0287,0.5,453,557,2492,12882,39.988744721612846,0.17643577288843193,0.30978853350475727
E1,q2_x3_resunet_cas-multistream_seed2026,cas-multistream,placebo,2026,1120,na,hokkaido_iburi_tobu,Hokkaido0288,0.5,430,688,2831,12435,52.37842523856465,0.16671978816759997,0.2670548849221208
E1,q2_x3_resunet_cas-multistream_seed2026,cas-multistream,placebo,2026,1120,na,hokkaido_iburi_tobu,Hokkaido0289,0.5,651,649,2945,12139,47.88109927703235,0.2007849617845049,0.31948328720662694
E1,q2_x3_resunet_cas-multistream_seed2026,cas-multistream,placebo,2026,1120,na,hokkaido_iburi_tobu,Hokkaido0290,0.5,50,12,3547,12775,114.60061007860776,0.035533938473881255,0.062052505966526984
E1,q2_x3_resunet_cas-multistream_seed2026,cas-multistream,placebo,2026,1120,na,hokkaido_iburi_tobu,Hokkaido0291,0.5,779,606,3272,11727,49.98299659863932,0.23977578534179186,0.32688176776097166
E1,q2_x3_resunet_cas-multistream_seed2026,cas-multistream,placebo,2026,1120,na,hokkaido_iburi_tobu,Hokkaido0292,0.5,635,1309,2358,12082,44.60268622700817,0.25163439003296856,0.372991074692427
E1,q2_x3_resunet_cas-multistream_seed2026,cas-multistream,placebo,2026,1120,na,hokkaido_iburi_tobu,Hokkaido0293,0.5,130,2932,868,12454,52.53757013586764,0.1056138431699154,0.19620489555669618
E1,q2_x3_resunet_cas-multistream_seed2026,cas-multistream,placebo,2026,1120,na,hokkaido_iburi_tobu,Hokkaido0294,0.5,0,3195,218,12971,74.33975355358916,0.0,0.0
E1,q2_x3_resunet_cas-multistream_seed2026,cas-multistream,placebo,2026,1120,na,hokkaido_iburi_tobu,Hokkaido0295,0.5,85,1603,185,14511,56.3914754377477,0.16132046091517396,0.27861715748994037
E1,q2_x3_resunet_cas-multistream_seed2026,cas-multistream,placebo,2026,1120,na,hokkaido_iburi_tobu,Hokkaido0296,0.5,71,3019,69,13225,39.37366005305539,0.0,0.05026656511769116
E1,q2_x3_resunet_cas-multistream_seed2026,cas-multistream,placebo,2026,1120,na,hokkaido_iburi_tobu,Hokkaido0297,0.5,41,3507,192,12644,54.70831746635972,0.07246376811556343,0.13653013652970572
E1,q2_x3_resunet_cas-multistream_seed2026,cas-multistream,placebo,2026,1120,na,hokkaido_iburi_tobu,Hokkaido0298,0.5,42,1699,459,14184,53.33478913887659,0.045889101337933655,0.07224563515904825
E1,q2_x3_resunet_cas-multistream_seed2026,cas-multistream,placebo,2026,1120,na,hokkaido_iburi_tobu,Hokkaido0299,0.5,16,2806,484,13078,53.47489153225065,0.056899004266948994,0.06888068880638946
E1,q2_x3_resunet_cas-multistream_seed2026,cas-multistream,placebo,2026,1120,na,hokkaido_iburi_tobu,Hokkaido0300,0.5,18,3361,202,12803,55.60575509783138,0.0,0.007874015747594273
E1,q2_x3_resunet_cas-multistream_seed2026,cas-multistream,placebo,2026,1120,na,hokkaido_iburi_tobu,Hokkaido0301,0.5,0,4199,18,12167,118.18120980771778,0.0,0.0
E1,q2_x3_resunet_cas-multistream_seed2026,cas-multistream,placebo,2026,1120,na,hokkaido_iburi_tobu,Hokkaido0302,0.5,0,2912,98,13374,79.12707433310453,0.0,0.0
E1,q2_x3_resunet_cas-multistream_seed2026,cas-multistream,placebo,2026,1120,na,hokkaido_iburi_tobu,Hokkaido0303,0.5,55,3898,426,12005,39.8596924027838,0.0,0.0
E1,q2_x3_resunet_cas-multistream_seed2026,cas-multistream,placebo,2026,1120,na,hokkaido_iburi_tobu,Hokkaido0304,0.5,136,4671,730,10847,37.10223900769461,0.11483812366134429,0.167450006650502
E1,q2_x3_resunet_cas-multistream_seed2026,cas-multistream,placebo,2026,1120,na,hokkaido_iburi_tobu,Hokkaido0305,0.5,490,1568,1226,13100,42.0571037683524,0.19698065660183445,0.32510458327551556
E1,q2_x3_resunet_cas-multistream_seed2026,cas-multistream,placebo,2026,1120,na,hokkaido_iburi_tobu,Hokkaido0306,0.5,388,2312,1130,12554,37.28802089585607,0.11993198793554417,0.19845696169241114
E1,q2_x3_resunet_cas-multistream_seed2026,cas-multistream,placebo,2026,1120,na,hokkaido_iburi_tobu,Hokkaido0307,0.5,0,2150,362,13872,45.35416188179427,0.0,0.0
E1,q2_x3_resunet_cas-multistream_seed2026,cas-multistream,placebo,2026,1120,na,hokkaido_iburi_tobu,Hokkaido0308,0.5,0,2381,77,13926,85.43180110853486,0.0,0.0
E1,q2_x3_resunet_cas-multistream_seed2026,cas-multistream,placebo,2026,1120,na,hokkaido_iburi_tobu,Hokkaido0309,0.5,0,4420,17,11947,98.12746812182611,0.0,0.0
E1,q2_x3_resunet_cas-multistream_seed2026,cas-multistream,placebo,2026,1120,na,hokkaido_iburi_tobu,Hokkaido0310,0.5,19,4423,58,11884,50.119829569737774,0.0,0.022740193291395074
E1,q2_x3_resunet_cas-multistream_seed2026,cas-multistream,placebo,2026,1120,na,hokkaido_iburi_tobu,Hokkaido0311,0.5,0,3957,60,12367,92.13169918371105,0.0,0.0
E1,q2_x3_resunet_cas-multistream_seed2026,cas-multistream,placebo,2026,1120,na,hokkaido_iburi_tobu,Hokkaido0312,0.5,0,3314,104,12966,86.97813333882004,0.0,0.0
E1,q2_x3_resunet_cas-multistream_seed2026,cas-multistream,placebo,2026,1120,na,hokkaido_iburi_tobu,Hokkaido0313,0.5,46,3665,106,12567,47.84305730880219,0.0,0.025134649909752543
E1,q2_x3_resunet_cas-multistream_seed2026,cas-multistream,placebo,2026,1120,na,hokkaido_iburi_tobu,Hokkaido0314,0.5,133,4376,419,11456,35.35390425492376,0.11428081163351315,0.18081877102257005
E1,q2_x3_resunet_cas-multistream_seed2026,cas-multistream,placebo,2026,1120,na,hokkaido_iburi_tobu,Hokkaido0315,0.5,220,1565,337,14262,37.04861316456803,0.003992015967565117,0.04737452376959327
E1,q2_x3_resunet_cas-multistream_seed2026,cas-multistream,placebo,2026,1120,na,hokkaido_iburi_tobu,Hokkaido0316,0.5,0,1887,53,14444,48.15582842883277,0.0336862367659512,0.07053542802156461
E1,q2_x3_resunet_cas-multistream_seed2026,cas-multistream,placebo,2026,1120,na,hokkaido_iburi_tobu,Hokkaido0319,0.5,0,2365,84,13935,73.20534332165933,0.0,0.0
E1,q2_x3_resunet_cas-multistream_seed2026,cas-multistream,placebo,2026,1120,na,hokkaido_iburi_tobu,Hokkaido0320,0.5,0,1907,163,14314,69.926743484373,0.0,0.0
E1,q2_x3_resunet_cas-multistream_seed2026,cas-multistream,placebo,2026,1120,na,hokkaido_iburi_tobu,Hokkaido0321,0.5,217,1831,223,14113,34.613421352204526,0.21130960234271481,0.33499084009374586
E1,q2_x3_resunet_cas-multistream_seed2026,cas-multistream,placebo,2026,1120,na,hokkaido_iburi_tobu,Hokkaido0322,0.5,62,1017,1911,13394,65.13060899600812,0.012834536570968566,0.02900706582356463
E1,q2_x3_resunet_cas-multistream_seed2026,cas-multistream,placebo,2026,1120,na,hokkaido_iburi_tobu,Hokkaido0323,0.5,118,209,2872,13185,61.721956429816814,0.07469957778488276,0.11409241177815135
E1,q2_x3_resunet_cas-multistream_seed2026,cas-multistream,placebo,2026,1120,na,hokkaido_iburi_tobu,Hokkaido0324,0.5,150,98,3256,12880,60.39363693482933,0.09675194105632078,0.14450471767357873
E1,q2_x3_resunet_cas-multistream_seed2026,cas-multistream,placebo,2026,1120,na,hokkaido_iburi_tobu,Hokkaido0325,0.5,568,392,3292,12132,57.26080540204198,0.21219772222865313,0.29708044681514917
E1,q2_x3_resunet_cas-multistream_seed2026,cas-multistream,placebo,2026,1120,na,hokkaido_iburi_tobu,Hokkaido0326,0.5,508,209,3771,11896,60.37383539249432,0.18679137579776092,0.2802083553226289
E1,q2_x3_resunet_cas-multistream_seed2026,cas-multistream,placebo,2026,1120,na,hokkaido_iburi_tobu,Hokkaido0327,0.5,276,44,4442,11622,78.06374812635862,0.10006583278460954,0.16147929319876952
E1,q2_x3_resunet_cas-multistream_seed2026,cas-multistream,placebo,2026,1120,na,hokkaido_iburi_tobu,Hokkaido0328,0.5,874,2062,2122,11326,34.0147027033899,0.2324839846710736,0.3955554776158156
E1,q2_x3_resunet_cas-multistream_seed2026,cas-multistream,placebo,2026,1120,na,hokkaido_iburi_tobu,Hokkaido0329,0.5,225,3230,754,12175,44.40720662234904,0.19994545337818276,0.30858657964462555
E1,q2_x3_resunet_cas-multistream_seed2026,cas-multistream,placebo,2026,1120,na,hokkaido_iburi_tobu,Hokkaido0330,0.5,0,2050,420,13914,51.733360989878584,0.0,0.0
E1,q2_x3_resunet_cas-multistream_seed2026,cas-multistream,placebo,2026,1120,na,hokkaido_iburi_tobu,Hokkaido0331,0.5,111,1554,282,14437,41.74643470115478,0.05380677486064886,0.20043363045000226
E1,q2_x3_resunet_cas-multistream_seed2026,cas-multistream,placebo,2026,1120,na,hokkaido_iburi_tobu,Hokkaido0332,0.5,232,3587,108,12457,43.899882319944766,0.14234875444794012,0.30457116712370924
E1,q2_x3_resunet_cas-multistream_seed2026,cas-multistream,placebo,2026,1120,na,hokkaido_iburi_tobu,Hokkaido0333,0.5,86,4321,306,11671,34.48187929913333,0.10963172804484225,0.1765922155819683
E1,q2_x3_resunet_cas-multistream_seed2026,cas-multistream,placebo,2026,1120,na,hokkaido_iburi_tobu,Hokkaido0334,0.5,263,883,1199,14039,51.93069382393418,0.10142319646629444,0.15381710617383038
E1,q2_x3_resunet_cas-multistream_seed2026,cas-multistream,placebo,2026,1120,na,hokkaido_iburi_tobu,Hokkaido0335,0.5,544,2026,1142,12672,41.593268686170845,0.19892272738835703,0.3186229628268895
E1,q2_x3_resunet_cas-multistream_seed2026,cas-multistream,placebo,2026,1120,na,hokkaido_iburi_tobu,Hokkaido0336,0.5,351,4346,284,11403,36.13576330184046,0.10761641198361765,0.2180885182804494
E1,q2_x3_resunet_cas-multistream_seed2026,cas-multistream,placebo,2026,1120,na,hokkaido_iburi_tobu,Hokkaido0337,0.5,276,4529,258,11321,61.063869295557495,0.19777008227028897,0.2385567510714675
E1,q2_x3_resunet_cas-multistream_seed2026,cas-multistream,placebo,2026,1120,na,hokkaido_iburi_tobu,Hokkaido0338,0.5,87,2937,301,13059,74.05579023760718,0.1675493098699031,0.19751480059815185
E1,q2_x3_resunet_cas-multistream_seed2026,cas-multistream,placebo,2026,1120,na,hokkaido_iburi_tobu,Hokkaido0339,0.5,149,5093,262,10880,60.51940840831489,0.0986262138089711,0.16187893309413284
E1,q2_x3_resunet_cas-multistream_seed2026,cas-multistream,placebo,2026,1120,na,hokkaido_iburi_tobu,Hokkaido0340,0.5,608,2172,753,12851,36.37581053379845,0.25399918318698467,0.4028487674098328
E1,q2_x3_resunet_cas-multistream_seed2026,cas-multistream,placebo,2026,1120,na,hokkaido_iburi_tobu,Hokkaido0341,0.5,665,2722,1622,11375,39.6232255123179,0.18324156008615508,0.3275908566987659
E1,q2_x3_resunet_cas-multistream_seed2026,cas-multistream,placebo,2026,1120,na,hokkaido_iburi_tobu,Hokkaido0342,0.5,429,1673,1693,12589,40.25729703920529,0.1522755625811965,0.2450929451143058
E1,q2_x3_resunet_cas-multistream_seed2026,cas-multistream,placebo,2026,1120,na,hokkaido_iburi_tobu,Hokkaido0343,0.5,326,897,1052,14109,60.821048454606554,0.15703869882188218,0.2662112653921916
E1,q2_x3_resunet_cas-multistream_seed2026,cas-multistream,placebo,2026,1120,na,hokkaido_iburi_tobu,Hokkaido0344,0.5,50,2974,543,12817,53.03772242470448,0.0,0.009174311926105733
E1,q2_x3_resunet_cas-multistream_seed2026,cas-multistream,placebo,2026,1120,na,hokkaido_iburi_tobu,Hokkaido0345,0.5,0,5067,19,11298,98.63440612322994,0.0,0.0
E1,q2_x3_resunet_cas-multistream_seed2026,cas-multistream,placebo,2026,1120,na,hokkaido_iburi_tobu,Hokkaido0346,0.5,127,4419,184,11654,47.43942952220035,0.11764705882309648,0.16437166065723116
E1,q2_x3_resunet_cas-multistream_seed2026,cas-multistream,placebo,2026,1120,na,hokkaido_iburi_tobu,Hokkaido0347,0.5,155,4217,258,11754,59.05082192393615,0.13680781758909966,0.1949995997540484
E1,q2_x3_resunet_cas-multistream_seed2026,cas-multistream,placebo,2026,1120,na,hokkaido_iburi_tobu,Hokkaido0348,0.5,148,4632,97,11507,43.60045871318328,0.05925925925883344,0.08647232230548899
E1,q2_x3_resunet_cas-multistream_seed2026,cas-multistream,placebo,2026,1120,na,hokkaido_iburi_tobu,Hokkaido0349,0.5,160,3837,17,12370,38.61476186646767,0.09188255613085929,0.220754716980693
E1,q2_x3_resunet_cas-multistream_seed2026,cas-multistream,placebo,2026,1120,na,hokkaido_iburi_tobu,Hokkaido0350,0.5,199,4426,499,11260,42.01895547849576,0.06787580694693357,0.13670886075900046
E1,q2_x3_resunet_cas-multistream_seed2026,cas-multistream,placebo,2026,1120,na,hokkaido_iburi_tobu,Hokkaido0351,0.5,358,3003,459,12564,39.42710686607312,0.19803900180536455,0.30947156067801357
E1,q2_x3_resunet_cas-multistream_seed2026,cas-multistream,placebo,2026,1120,na,hokkaido_iburi_tobu,Hokkaido0352,0.5,104,3059,361,12860,50.566787519082126,0.12747650036103472,0.19637941492042113
E1,q2_x3_resunet_cas-multistream_seed2026,cas-multistream,placebo,2026,1120,na,hokkaido_iburi_tobu,Hokkaido0353,0.5,27,4368,266,11723,62.24146527838174,0.05430566330446006,0.09721322099762959
E1,q2_x3_resunet_cas-multistream_seed2026,cas-multistream,placebo,2026,1120,na,hokkaido_iburi_tobu,Hokkaido0354,0.5,72,4231,0,12081,65.85590330410783,0.09791921664599097,0.16216216216189042
E1,q2_x3_resunet_cas-multistream_seed2026,cas-multistream,placebo,2026,1120,na,hokkaido_iburi_tobu,Hokkaido0355,0.5,20,3057,52,13255,67.86000590667402,0.09483667017891265,0.1376389624137586
E1,q2_x3_resunet_cas-multistream_seed2026,cas-multistream,placebo,2026,1120,na,hokkaido_iburi_tobu,Hokkaido0357,0.5,15,1128,80,15161,43.149700296650906,0.06732117812018618,0.10788381742694807
E1,q2_x3_resunet_cas-multistream_seed2026,cas-multistream,placebo,2026,1120,na,hokkaido_iburi_tobu,Hokkaido0358,0.5,0,1871,106,14407,62.00806399170998,0.0,0.0
E1,q2_x3_resunet_cas-multistream_seed2026,cas-multistream,placebo,2026,1120,na,hokkaido_iburi_tobu,Hokkaido0359,0.5,0,4242,48,12094,68.55688514604847,0.0,0.0
E1,q2_x3_resunet_cas-multistream_seed2026,cas-multistream,placebo,2026,1120,na,hokkaido_iburi_tobu,Hokkaido0360,0.5,0,3599,75,12710,50.55437225711144,0.0,0.0
E1,q2_x3_resunet_cas-multistream_seed2026,cas-multistream,placebo,2026,1120,na,hokkaido_iburi_tobu,Hokkaido0361,0.5,40,2125,1785,12434,54.611881164802384,0.028553218610150637,0.05204738363920407
E1,q2_x3_resunet_cas-multistream_seed2026,cas-multistream,placebo,2026,1120,na,hokkaido_iburi_tobu,Hokkaido0362,0.5,677,373,3517,11817,57.99137802864845,0.17627398012889145,0.2637217046454962
E1,q2_x3_resunet_cas-multistream_seed2026,cas-multistream,placebo,2026,1120,na,hokkaido_iburi_tobu,Hokkaido0363,0.5,52,7,5147,11178,67.5721239787733,0.028774887370980957,0.061962134251226
E1,q2_x3_resunet_cas-multistream_seed2026,cas-multistream,placebo,2026,1120,na,hokkaido_iburi_tobu,Hokkaido0364,0.5,453,36,4848,11047,56.32583633928088,0.15110341934483282,0.21118881118862226
E1,q2_x3_resunet_cas-multistream_seed2026,cas-multistream,placebo,2026,1120,na,hokkaido_iburi_tobu,Hokkaido0365,0.5,55,0,5258,11071,81.93289937503738,0.018527315914447017,0.056578062201313326
E1,q2_x3_resunet_cas-multistream_seed2026,cas-multistream,placebo,2026,1120,na,hokkaido_iburi_tobu,Hokkaido0366,0.5,1311,917,3391,10765,27.65863337187866,0.3806495292986283,0.5536503212849228
E1,q2_x3_resunet_cas-multistream_seed2026,cas-multistream,placebo,2026,1120,na,hokkaido_iburi_tobu,Hokkaido0367,0.5,442,1654,1687,12601,57.44557693632153,0.1120011978734609,0.19709582291204594
E1,q2_x3_resunet_cas-multistream_seed2026,cas-multistream,placebo,2026,1120,na,hokkaido_iburi_tobu,Hokkaido0368,0.5,130,3904,443,11907,50.26926311136496,0.09919697685353888,0.1714821177568013
E1,q2_x3_resunet_cas-multistream_seed2026,cas-multistream,placebo,2026,1120,na,hokkaido_iburi_tobu,Hokkaido0369,0.5,96,2296,644,13348,57.13397901903014,0.09703196346982537,0.16066100527836802
E1,q2_x3_resunet_cas-multistream_seed2026,cas-multistream,placebo,2026,1120,na,hokkaido_iburi_tobu,Hokkaido0370,0.5,62,1691,509,14122,48.79549159502341,0.0,0.0
E1,q2_x3_resunet_cas-multistream_seed2026,cas-multistream,placebo,2026,1120,na,hokkaido_iburi_tobu,Hokkaido0371,0.5,93,4349,412,11530,41.0560177772474,0.13619415481430205,0.211610807113051
E1,q2_x3_resunet_cas-multistream_seed2026,cas-multistream,placebo,2026,1120,na,hokkaido_iburi_tobu,Hokkaido0372,0.5,52,2202,596,13534,54.5489354355309,0.06414662084716558,0.11158387105818018
E1,q2_x3_resunet_cas-multistream_seed2026,cas-multistream,placebo,2026,1120,na,hokkaido_iburi_tobu,Hokkaido0373,0.5,170,1963,1361,12890,49.040799340956916,0.04106043024153644,0.0777898419589442
E1,q2_x3_resunet_cas-multistream_seed2026,cas-multistream,placebo,2026,1120,na,hokkaido_iburi_tobu,Hokkaido0374,0.5,463,1667,1713,12541,46.475145987479934,0.20848221221033994,0.31266030252571025
E1,q2_x3_resunet_cas-multistream_seed2026,cas-multistream,placebo,2026,1120,na,hokkaido_iburi_tobu,Hokkaido0375,0.5,346,2419,1099,12520,38.507113874077675,0.15227188018795704,0.25613128187663514
E1,q2_x3_resunet_cas-multistream_seed2026,cas-multistream,placebo,2026,1120,na,hokkaido_iburi_tobu,Hokkaido0376,0.5,735,4688,612,10349,29.13329818350683,0.19391336399572925,0.31023552066312365
E1,q2_x3_resunet_cas-multistream_seed2026,cas-multistream,placebo,2026,1120,na,hokkaido_iburi_tobu,Hokkaido0377,0.5,139,2380,1012,12853,36.273919503361846,0.2206563933649992,0.3168128288644495
E1,q2_x3_resunet_cas-multistream_seed2026,cas-multistream,placebo,2026,1120,na,hokkaido_iburi_tobu,Hokkaido0378,0.5,127,3793,501,11963,47.40516651387122,0.10823600483236406,0.1725686728754884
E1,q2_x3_resunet_cas-multistream_seed2026,cas-multistream,placebo,2026,1120,na,hokkaido_iburi_tobu,Hokkaido0379,0.5,422,4449,1058,10455,35.34026646845629,0.14175056003839104,0.24621277540600828
E1,q2_x3_resunet_cas-multistream_seed2026,cas-multistream,placebo,2026,1120,na,hokkaido_iburi_tobu,Hokkaido0380,0.5,390,1257,1904,12833,47.42045947321789,0.16207759033552202,0.2482640791397613
E1,q2_x3_resunet_cas-multistream_seed2026,cas-multistream,placebo,2026,1120,na,hokkaido_iburi_tobu,Hokkaido0381,0.5,170,384,2204,13626,55.787539316820535,0.13006526572448682,0.20195396866205653
E1,q2_x3_resunet_cas-multistream_seed2026,cas-multistream,placebo,2026,1120,na,hokkaido_iburi_tobu,Hokkaido0382,0.5,514,704,2150,13016,48.010415536631214,0.24829904542782402,0.35679845708743296
E1,q2_x3_resunet_cas-multistream_seed2026,cas-multistream,placebo,2026,1120,na,hokkaido_iburi_tobu,Hokkaido0383,0.5,295,559,1714,13816,45.268079325800954,0.21636494387603483,0.32044241798917417
E1,q2_x3_resunet_cas-multistream_seed2026,cas-multistream,placebo,2026,1120,na,hokkaido_iburi_tobu,Hokkaido0384,0.5,30,2983,856,12515,45.28847920553122,0.05529043936105526,0.07289237943259541
E1,q2_x3_resunet_cas-multistream_seed2026,cas-multistream,placebo,2026,1120,na,hokkaido_iburi_tobu,Hokkaido0385,0.5,337,4051,331,11665,47.18897919500748,0.12968109037928327,0.17572072955431556
E1,q2_x3_resunet_cas-multistream_seed2026,cas-multistream,placebo,2026,1120,na,hokkaido_iburi_tobu,Hokkaido0386,0.5,93,2952,384,12955,55.458517598059736,0.10348552908349629,0.17463617463569847
E1,q2_x3_resunet_cas-multistream_seed2026,cas-multistream,placebo,2026,1120,na,hokkaido_iburi_tobu,Hokkaido0387,0.5,137,2585,607,13055,40.27216355153953,0.09274860247175065,0.15854390908621238
E1,q2_x3_resunet_cas-multistream_seed2026,cas-multistream,placebo,2026,1120,na,hokkaido_iburi_tobu,Hokkaido0388,0.5,205,2688,595,12896,55.02299133532947,0.12151405209243818,0.18465785268002355
E1,q2_x3_resunet_cas-multistream_seed2026,cas-multistream,placebo,2026,1120,na,hokkaido_iburi_tobu,Hokkaido0389,0.5,97,3339,560,12388,40.18648117481675,0.021235521235023147,0.0451467268618072
E1,q2_x3_resunet_cas-multistream_seed2026,cas-multistream,placebo,2026,1120,na,hokkaido_iburi_tobu,Hokkaido0390,0.5,214,2950,822,12398,42.9486991700688,0.07406344194012854,0.1315022888051979
E1,q2_x3_resunet_cas-multistream_seed2026,cas-multistream,placebo,2026,1120,na,hokkaido_iburi_tobu,Hokkaido0391,0.5,246,1626,901,13611,46.03205142483375,0.15265183638817112,0.23960682861407148
E1,q2_x3_resunet_cas-multistream_seed2026,cas-multistream,placebo,2026,1120,na,hokkaido_iburi_tobu,Hokkaido0392,0.5,209,2718,489,12968,39.49043076305351,0.11837758472972927,0.21891891891843485
E1,q2_x3_resunet_cas-multistream_seed2026,cas-multistream,placebo,2026,1120,na,hokkaido_iburi_tobu,Hokkaido0393,0.5,116,3653,195,12420,32.74956731553282,0.02195504443233376,0.08107725017668437
E1,q2_x3_resunet_cas-multistream_seed2026,cas-multistream,placebo,2026,1120,na,hokkaido_iburi_tobu,Hokkaido0394,0.5,62,4408,132,11782,48.75799909263811,0.0,0.023856858846495188
E1,q2_x3_resunet_cas-multistream_seed2026,cas-multistream,placebo,2026,1120,na,hokkaido_iburi_tobu,Hokkaido0395,0.5,0,95,153,16136,79.0788496105758,0.0,0.0
E1,q2_x3_resunet_cas-multistream_seed2026,cas-multistream,placebo,2026,1120,na,hokkaido_iburi_tobu,Hokkaido0396,0.5,33,1943,200,14208,46.568209910542045,0.08547008546965511,0.14245014244971213
E1,q2_x3_resunet_cas-multistream_seed2026,cas-multistream,placebo,2026,1120,na,hokkaido_iburi_tobu,Hokkaido0397,0.5,63,4246,38,12037,49.631130018159766,0.08345175041952259,0.1486810551555341
E1,q2_x3_resunet_cas-multistream_seed2026,cas-multistream,placebo,2026,1120,na,hokkaido_iburi_tobu,Hokkaido0398,0.5,27,2446,13,13898,34.80150653536751,0.07542857142835162,0.11013384321202233
E1,q2_x3_resunet_cas-multistream_seed2026,cas-multistream,placebo,2026,1120,na,hokkaido_iburi_tobu,Hokkaido0399,0.5,115,1825,480,13964,39.50272728125825,0.1640888239348766,0.23714229103519457
E1,q2_x3_resunet_cas-multistream_seed2026,cas-multistream,placebo,2026,1120,na,hokkaido_iburi_tobu,Hokkaido0400,0.5,153,907,2446,12878,47.90750670619246,0.05994047394758638,0.12904325505805767
E1,q2_x3_resunet_cas-multistream_seed2026,cas-multistream,placebo,2026,1120,na,hokkaido_iburi_tobu,Hokkaido0401,0.5,389,175,5093,10727,61.64819182915335,0.13525623074752563,0.21838625385996593
E1,q2_x3_resunet_cas-multistream_seed2026,cas-multistream,placebo,2026,1120,na,hokkaido_iburi_tobu,Hokkaido0402,0.5,801,185,5741,9657,95.40439550161483,0.1449393041287732,0.23845378618486754
E1,q2_x3_resunet_cas-multistream_seed2026,cas-multistream,placebo,2026,1120,na,hokkaido_iburi_tobu,Hokkaido0403,0.5,101,18,5479,10786,59.13332322003439,0.05102040816320595,0.11840688912798333
E1,q2_x3_resunet_cas-multistream_seed2026,cas-multistream,placebo,2026,1120,na,hokkaido_iburi_tobu,Hokkaido0404,0.5,76,3,5104,11201,88.25361167678516,0.032627601511386176,0.07543391188243742
E1,q2_x3_resunet_cas-multistream_seed2026,cas-multistream,placebo,2026,1120,na,hokkaido_iburi_tobu,Hokkaido0405,0.5,1005,1297,3308,10774,46.47794458025813,0.1889649500493891,0.2964560363094303
E1,q2_x3_resunet_cas-multistream_seed2026,cas-multistream,placebo,2026,1120,na,hokkaido_iburi_tobu,Hokkaido0406,0.5,138,1721,2244,12281,53.85720309302461,0.09763696403588376,0.15824379837188374
E1,q2_x3_resunet_cas-multistream_seed2026,cas-multistream,placebo,2026,1120,na,hokkaido_iburi_tobu,Hokkaido0407,0.5,171,4493,984,10736,34.58160315207998,0.0712908437120665,0.1656672772987751
E1,q2_x3_resunet_cas-multistream_seed2026,cas-multistream,placebo,2026,1120,na,hokkaido_iburi_tobu,Hokkaido0408,0.5,476,3157,900,11851,44.78165054632355,0.14470520892912697,0.2354794250832078
E1,q2_x3_resunet_cas-multistream_seed2026,cas-multistream,placebo,2026,1120,na,hokkaido_iburi_tobu,Hokkaido0409,0.5,589,2390,536,12869,33.13720871607164,0.24570594098372542,0.3467666826083054
E1,q2_x3_resunet_cas-multistream_seed2026,cas-multistream,placebo,2026,1120,na,hokkaido_iburi_tobu,Hokkaido0410,0.5,145,1937,946,13356,52.6739878419811,0.08628954937642055,0.16655641308309035
E1,q2_x3_resunet_cas-multistream_seed2026,cas-multistream,placebo,2026,1120,na,hokkaido_iburi_tobu,Hokkaido0411,0.5,553,2195,1484,12152,33.64729942089987,0.23174074025232153,0.3704038460706561
E1,q2_x3_resunet_cas-multistream_seed2026,cas-multistream,placebo,2026,1120,na,hokkaido_iburi_tobu,Hokkaido0412,0.5,527,4070,1212,10575,43.85316127973251,0.1553427412724964,0.2606913605334139
E1,q2_x3_resunet_cas-multistream_seed2026,cas-multistream,placebo,2026,1120,na,hokkaido_iburi_tobu,Hokkaido0413,0.5,267,1587,2047,12483,51.898709623707404,0.09961743305053307,0.1843947868069277
E1,q2_x3_resunet_cas-multistream_seed2026,cas-multistream,placebo,2026,1120,na,hokkaido_iburi_tobu,Hokkaido0414,0.5,497,1272,2068,12547,42.76912896147429,0.1666982383024174,0.2714179398499533
E1,q2_x3_resunet_cas-multistream_seed2026,cas-multistream,placebo,2026,1120,na,hokkaido_iburi_tobu,Hokkaido0415,0.5,257,3311,1183,11633,36.32621353646411,0.20789435704964837,0.3183549124138784
E1,q2_x3_resunet_cas-multistream_seed2026,cas-multistream,placebo,2026,1120,na,hokkaido_iburi_tobu,Hokkaido0416,0.5,386,2115,667,13216,46.598880776305386,0.07536164255670072,0.12985548341318043
E1,q2_x3_resunet_cas-multistream_seed2026,cas-multistream,placebo,2026,1120,na,hokkaido_iburi_tobu,Hokkaido0417,0.5,121,2653,1047,12563,51.62363799656123,0.06799069600957498,0.10012979788569626
E1,q2_x3_resunet_cas-multistream_seed2026,cas-multistream,placebo,2026,1120,na,hokkaido_iburi_tobu,Hokkaido0418,0.5,377,2029,1221,12757,47.01063709417264,0.13664699275574715,0.19998389082545218
E1,q2_x3_resunet_cas-multistream_seed2026,cas-multistream,placebo,2026,1120,na,hokkaido_iburi_tobu,Hokkaido0419,0.5,17,36,2143,14188,62.83507438188231,0.05510846745967206,0.11668128838186623
E1,q2_x3_resunet_cas-multistream_seed2026,cas-multistream,placebo,2026,1120,na,hokkaido_iburi_tobu,Hokkaido0420,0.5,509,1919,2415,11541,46.72791297237348,0.19246253854131493,0.2895301707505557
E1,q2_x3_resunet_cas-multistream_seed2026,cas-multistream,placebo,2026,1120,na,hokkaido_iburi_tobu,Hokkaido0421,0.5,858,918,2608,12000,49.47726750741192,0.2997615490955051,0.43243020500634394
E1,q2_x3_resunet_cas-multistream_seed2026,cas-multistream,placebo,2026,1120,na,hokkaido_iburi_tobu,Hokkaido0422,0.5,57,200,3198,12929,64.61732259602543,0.0623956451131993,0.09784766896973822
E1,q2_x3_resunet_cas-multistream_seed2026,cas-multistream,placebo,2026,1120,na,hokkaido_iburi_tobu,Hokkaido0423,0.5,634,1260,1767,12723,44.99101368525199,0.2683835537566048,0.40711527967346356
E1,q2_x3_resunet_cas-multistream_seed2026,cas-multistream,placebo,2026,1120,na,hokkaido_iburi_tobu,Hokkaido0424,0.5,522,612,1613,13637,58.57468639651371,0.1687614999867469,0.22207534699239923
E1,q2_x3_resunet_cas-multistream_seed2026,cas-multistream,placebo,2026,1120,na,hokkaido_iburi_tobu,Hokkaido0425,0.5,45,996,1356,13987,43.666332610672946,0.04871447902531688,0.08282515700337165
E1,q2_x3_resunet_cas-multistream_seed2026,cas-multistream,placebo,2026,1120,na,hokkaido_iburi_tobu,Hokkaido0426,0.5,97,281,774,15232,67.07449794878944,0.05315524056124495,0.08226007478165623
E1,q2_x3_resunet_cas-multistream_seed2026,cas-multistream,placebo,2026,1120,na,hokkaido_iburi_tobu,Hokkaido0427,0.5,368,3247,697,12072,57.3149195236284,0.13129138621639286,0.24315678263456977
E1,q2_x3_resunet_cas-multistream_seed2026,cas-multistream,placebo,2026,1120,na,hokkaido_iburi_tobu,Hokkaido0428,0.5,340,2486,775,12783,40.57827613645268,0.10220906399408188,0.16153062580231994
E1,q2_x3_resunet_cas-multistream_seed2026,cas-multistream,placebo,2026,1120,na,hokkaido_iburi_tobu,Hokkaido0429,0.5,303,2120,1446,12515,45.454922157090174,0.14700285442399244,0.22869879563170104
E1,q2_x3_resunet_cas-multistream_seed2026,cas-multistream,placebo,2026,1120,na,hokkaido_iburi_tobu,Hokkaido0430,0.5,551,2332,1073,12428,34.83101841206044,0.2300281879252458,0.3252851429413831
E1,q2_x3_resunet_cas-multistream_seed2026,cas-multistream,placebo,2026,1120,na,hokkaido_iburi_tobu,Hokkaido0431,0.5,49,1089,1457,13789,50.184636497271605,0.012605042016336419,0.05879027699220854
E1,q2_x3_resunet_cas-multistream_seed2026,cas-multistream,placebo,2026,1120,na,hokkaido_iburi_tobu,Hokkaido0432,0.5,22,1205,1296,13861,59.067718950557946,0.0,0.021638634798562602
E1,q2_x3_resunet_cas-multistream_seed2026,cas-multistream,placebo,2026,1120,na,hokkaido_iburi_tobu,Hokkaido0433,0.5,39,3195,390,12760,45.5411901469428,0.037826478534474475,0.05094838994216072
E1,q2_x3_resunet_cas-multistream_seed2026,cas-multistream,placebo,2026,1120,na,hokkaido_iburi_tobu,Hokkaido0434,0.5,106,593,55,15630,41.55333808552668,0.2904171364145715,0.37364448685663754
E1,q2_x3_resunet_cas-multistream_seed2026,cas-multistream,placebo,2026,1120,na,hokkaido_iburi_tobu,Hokkaido0435,0.5,115,3125,46,13098,57.374204828916405,0.12083333333307254,0.17575457694187363
E1,q2_x3_resunet_cas-multistream_seed2026,cas-multistream,placebo,2026,1120,na,hokkaido_iburi_tobu,Hokkaido0438,0.5,440,4148,841,10955,58.02748155288321,0.20637287476246916,0.30390008403173685
E1,q2_x3_resunet_cas-multistream_seed2026,cas-multistream,placebo,2026,1120,na,hokkaido_iburi_tobu,Hokkaido0439,0.5,411,971,1840,13162,55.500396600876655,0.19023544123347086,0.2645119714466315
E1,q2_x3_resunet_cas-multistream_seed2026,cas-multistream,placebo,2026,1120,na,hokkaido_iburi_tobu,Hokkaido0440,0.5,1140,522,2830,11892,38.123245145759135,0.42029576253956263,0.5657869897844894
E1,q2_x3_resunet_cas-multistream_seed2026,cas-multistream,placebo,2026,1120,na,hokkaido_iburi_tobu,Hokkaido0441,0.5,976,316,5702,9390,79.79814934745933,0.16231681876582968,0.26093285326600485
E1,q2_x3_resunet_cas-multistream_seed2026,cas-multistream,placebo,2026,1120,na,hokkaido_iburi_tobu,Hokkaido0442,0.5,89,7,7255,9033,79.92491190277585,0.018387986515444595,0.04190725467209502
E1,q2_x3_resunet_cas-multistream_seed2026,cas-multistream,placebo,2026,1120,na,hokkaido_iburi_tobu,Hokkaido0443,0.5,110,17,6563,9694,71.03168228726308,0.03816013628616359,0.049457994579897566
E1,q2_x3_resunet_cas-multistream_seed2026,cas-multistream,placebo,2026,1120,na,hokkaido_iburi_tobu,Hokkaido0444,0.5,28,0,4574,11782,129.35783072324529,0.009661835748770555,0.03737726940472739
E1,q2_x3_resunet_cas-multistream_seed2026,cas-multistream,placebo,2026,1120,na,hokkaido_iburi_tobu,Hokkaido0445,0.5,509,1004,2623,12248,46.61544808322666,0.20019531249967978,0.3300218332636141
E1,q2_x3_resunet_cas-multistream_seed2026,cas-multistream,placebo,2026,1120,na,hokkaido_iburi_tobu,Hokkaido0446,0.5,663,1467,2018,12236,46.59827848544802,0.21386409672077672,0.33346369660270836
E1,q2_x3_resunet_cas-multistream_seed2026,cas-multistream,placebo,2026,1120,na,hokkaido_iburi_tobu,Hokkaido0447,0.5,348,1456,1392,13188,55.86948974821779,0.0819595676944128,0.13781548937976784
E1,q2_x3_resunet_cas-multistream_seed2026,cas-multistream,placebo,2026,1120,na,hokkaido_iburi_tobu,Hokkaido0448,0.5,0,716,826,14842,65.91862102913488,0.0,0.0
E1,q2_x3_resunet_cas-multistream_seed2026,cas-multistream,placebo,2026,1120,na,hokkaido_iburi_tobu,Hokkaido0449,0.5,209,1878,1295,13002,48.32799362580953,0.12899393219293262,0.18260805537105065
E1,q2_x3_resunet_cas-multistream_seed2026,cas-multistream,placebo,2026,1120,na,hokkaido_iburi_tobu,Hokkaido0450,0.5,1064,2084,2154,11082,38.07886552931954,0.22100384354478297,0.34978122984112014
E1,q2_x3_resunet_cas-multistream_seed2026,cas-multistream,placebo,2026,1120,na,hokkaido_iburi_tobu,Hokkaido0451,0.5,475,789,3060,12060,49.29751250515718,0.2471338553501566,0.36803783232664816
E1,q2_x3_resunet_cas-multistream_seed2026,cas-multistream,placebo,2026,1120,na,hokkaido_iburi_tobu,Hokkaido0452,0.5,498,942,2934,12010,56.859475903318,0.10622182840833116,0.16219062664539247
E1,q2_x3_resunet_cas-multistream_seed2026,cas-multistream,placebo,2026,1120,na,hokkaido_iburi_tobu,Hokkaido0453,0.5,841,1471,2417,11655,42.95346318982906,0.18382843503471688,0.3055342287159347
E1,q2_x3_resunet_cas-multistream_seed2026,cas-multistream,placebo,2026,1120,na,hokkaido_iburi_tobu,Hokkaido0454,0.5,277,2703,1658,11746,43.448778531160315,0.10047401534043544,0.16645962732881414
E1,q2_x3_resunet_cas-multistream_seed2026,cas-multistream,placebo,2026,1120,na,hokkaido_iburi_tobu,Hokkaido0455,0.5,484,4409,801,10690,25.629241360218433,0.15868568517529408,0.2692124982755802
E1,q2_x3_resunet_cas-multistream_seed2026,cas-multistream,placebo,2026,1120,na,hokkaido_iburi_tobu,Hokkaido0456,0.5,752,3945,802,10885,29.708580615275597,0.25591961088197274,0.4273526259373425
E1,q2_x3_resunet_cas-multistream_seed2026,cas-multistream,placebo,2026,1120,na,hokkaido_iburi_tobu,Hokkaido0457,0.5,510,2907,1455,11512,38.30012634474938,0.18290429042862627,0.3342175066308547
E1,q2_x3_resunet_cas-multistream_seed2026,cas-multistream,placebo,2026,1120,na,hokkaido_iburi_tobu,Hokkaido0458,0.5,372,1076,1919,13017,48.85692756881377,0.14822175143861893,0.2770572276360455
E1,q2_x3_resunet_cas-multistream_seed2026,cas-multistream,placebo,2026,1120,na,hokkaido_iburi_tobu,Hokkaido0459,0.5,676,1059,2095,12554,46.010868281309364,0.1708110758881599,0.2747194707236996
E1,q2_x3_resunet_cas-multistream_seed2026,cas-multistream,placebo,2026,1120,na,hokkaido_iburi_tobu,Hokkaido0460,0.5,581,352,2886,12565,55.17698628379281,0.15218251594421067,0.2215093908337367
E1,q2_x3_resunet_cas-multistream_seed2026,cas-multistream,placebo,2026,1120,na,hokkaido_iburi_tobu,Hokkaido0461,0.5,274,177,3404,12529,69.08001845572,0.1122964626612918,0.16983618904144945
E1,q2_x3_resunet_cas-multistream_seed2026,cas-multistream,placebo,2026,1120,na,hokkaido_iburi_tobu,Hokkaido0462,0.5,298,1712,2550,11824,48.582398020093144,0.09613733905551052,0.1539130592346749
E1,q2_x3_resunet_cas-multistream_seed2026,cas-multistream,placebo,2026,1120,na,hokkaido_iburi_tobu,Hokkaido0463,0.5,85,0,2710,13589,87.72909264264172,0.0,0.04638740511659989
E1,q2_x3_resunet_cas-multistream_seed2026,cas-multistream,placebo,2026,1120,na,hokkaido_iburi_tobu,Hokkaido0464,0.5,355,365,2002,13662,55.047241513837335,0.12127540786968137,0.2313006416558083
E1,q2_x3_resunet_cas-multistream_seed2026,cas-multistream,placebo,2026,1120,na,hokkaido_iburi_tobu,Hokkaido0465,0.5,12,741,681,14950,65.77233329196812,0.049999999999545006,0.0708154506433343
E1,q2_x3_resunet_cas-multistream_seed2026,cas-multistream,placebo,2026,1120,na,hokkaido_iburi_tobu,Hokkaido0466,0.5,295,2959,580,12550,40.311288741492746,0.13420274471101684,0.19815668202717127
E1,q2_x3_resunet_cas-multistream_seed2026,cas-multistream,placebo,2026,1120,na,hokkaido_iburi_tobu,Hokkaido0467,0.5,537,3109,1109,11629,49.05553865061786,0.1107409741600325,0.20572239300031236
E1,q2_x3_resunet_cas-multistream_seed2026,cas-multistream,placebo,2026,1120,na,hokkaido_iburi_tobu,Hokkaido0468,0.5,598,1870,1717,12199,41.318273000551564,0.18000100480599776,0.31779674777349215
E1,q2_x3_resunet_cas-multistream_seed2026,cas-multistream,placebo,2026,1120,na,hokkaido_iburi_tobu,Hokkaido0469,0.5,248,614,2082,13440,56.82561013237679,0.11074278698565224,0.18770135873348034
E1,q2_x3_resunet_cas-multistream_seed2026,cas-multistream,placebo,2026,1120,na,hokkaido_iburi_tobu,Hokkaido0470,0.5,103,6,1970,14305,72.44998274671983,0.07287563877264426,0.1371428571427294
E1,q2_x3_resunet_cas-multistream_seed2026,cas-multistream,placebo,2026,1120,na,hokkaido_iburi_tobu,Hokkaido0471,0.5,283,2320,1210,12571,45.27692569068709,0.14662133039562195,0.25327216821468573
E1,q2_x3_resunet_cas-multistream_seed2026,cas-multistream,placebo,2026,1120,na,hokkaido_iburi_tobu,Hokkaido0472,0.5,210,2740,148,13286,35.03354886867505,0.1732655921508979,0.29235847169388746
E1,q2_x3_resunet_cas-multistream_seed2026,cas-multistream,placebo,2026,1120,na,hokkaido_iburi_tobu,Hokkaido0473,0.5,0,3563,75,12746,94.01329388353871,0.0,0.0
E1,q2_x3_resunet_cas-multistream_seed2026,cas-multistream,placebo,2026,1120,na,hokkaido_iburi_tobu,Hokkaido0474,0.5,0,3636,75,12673,89.0064603639064,0.0,0.0
E1,q2_x3_resunet_cas-multistream_seed2026,cas-multistream,placebo,2026,1120,na,hokkaido_iburi_tobu,Hokkaido0478,0.5,0,5347,15,11022,100.03314566886979,0.0,0.0
E1,q2_x3_resunet_cas-multistream_seed2026,cas-multistream,placebo,2026,1120,na,hokkaido_iburi_tobu,Hokkaido0479,0.5,302,4040,620,11422,44.553338819890925,0.19234267006134864,0.2953626385163859
E1,q2_x3_resunet_cas-multistream_seed2026,cas-multistream,placebo,2026,1120,na,hokkaido_iburi_tobu,Hokkaido0480,0.5,795,3119,1671,10799,36.290368702173595,0.2576674829531346,0.3868450248022125
E1,q2_x3_resunet_cas-multistream_seed2026,cas-multistream,placebo,2026,1120,na,hokkaido_iburi_tobu,Hokkaido0481,0.5,679,867,1774,13064,61.89301728050384,0.14010563943846324,0.21661229074156105
E1,q2_x3_resunet_cas-multistream_seed2026,cas-multistream,placebo,2026,1120,na,hokkaido_iburi_tobu,Hokkaido0482,0.5,403,2007,2326,11648,41.382354127434866,0.18298976360099597,0.2881043473260013
E1,q2_x3_resunet_cas-multistream_seed2026,cas-multistream,placebo,2026,1120,na,hokkaido_iburi_tobu,Hokkaido0483,0.5,119,123,5357,10785,62.80127387243033,0.09264602667071145,0.1544917917608698
E1,q2_x3_resunet_cas-multistream_seed2026,cas-multistream,placebo,2026,1120,na,hokkaido_iburi_tobu,Hokkaido0484,0.5,1338,230,7422,7394,55.063597344860106,0.289395324883361,0.4207912791298122
E1,q2_x3_resunet_cas-multistream_seed2026,cas-multistream,placebo,2026,1120,na,hokkaido_iburi_tobu,Hokkaido0485,0.5,498,50,8977,6859,67.67976053807851,0.10238878022375339,0.17174643853152174
E1,q2_x3_resunet_cas-multistream_seed2026,cas-multistream,placebo,2026,1120,na,hokkaido_iburi_tobu,Hokkaido0486,0.5,7,0,6653,9724,139.2542612708854,0.0,0.00235988200589148
E1,q2_x3_resunet_cas-multistream_seed2026,cas-multistream,placebo,2026,1120,na,hokkaido_iburi_tobu,Hokkaido0487,0.5,957,56,3552,11819,67.24951224657104,0.25678296297590314,0.3349408154315493
E1,q2_x3_resunet_cas-multistream_seed2026,cas-multistream,placebo,2026,1120,na,hokkaido_iburi_tobu,Hokkaido0488,0.5,1526,1651,2250,10957,42.03688538084009,0.2162738214640632,0.347996898423007
E1,q2_x3_resunet_cas-multistream_seed2026,cas-multistream,placebo,2026,1120,na,hokkaido_iburi_tobu,Hokkaido0489,0.5,329,3505,1351,11199,45.42023175512339,0.16150782450483814,0.2594381821430289
E1,q2_x3_resunet_cas-multistream_seed2026,cas-multistream,placebo,2026,1120,na,hokkaido_iburi_tobu,Hokkaido0490,0.5,37,3440,552,12355,38.01315561749642,0.08631501290986869,0.11160058737101249
E1,q2_x3_resunet_cas-multistream_seed2026,cas-multistream,placebo,2026,1120,na,hokkaido_iburi_tobu,Hokkaido0491,0.5,248,575,1875,13686,62.248692388062935,0.10334266134875868,0.13446651870275392
E1,q2_x3_resunet_cas-multistream_seed2026,cas-multistream,placebo,2026,1120,na,hokkaido_iburi_tobu,Hokkaido0492,0.5,305,889,3043,12147,53.57423798273642,0.10543197045112086,0.17361111111090374
E1,q2_x3_resunet_cas-multistream_seed2026,cas-multistream,placebo,2026,1120,na,hokkaido_iburi_tobu,Hokkaido0493,0.5,1810,1635,2298,10641,34.48187929913333,0.3354601754779108,0.47426872899667555
E1,q2_x3_resunet_cas-multistream_seed2026,cas-multistream,placebo,2026,1120,na,hokkaido_iburi_tobu,Hokkaido0494,0.5,289,52,4141,11902,71.35999294464345,0.09942206393539404,0.15300970873772277
E1,q2_x3_resunet_cas-multistream_seed2026,cas-multistream,placebo,2026,1120,na,hokkaido_iburi_tobu,Hokkaido0495,0.5,402,309,3910,11763,55.47071299343465,0.1749695349300446,0.2593798296666508
E1,q2_x3_resunet_cas-multistream_seed2026,cas-multistream,placebo,2026,1120,na,hokkaido_iburi_tobu,Hokkaido0496,0.5,296,469,3175,12444,47.220749177092415,0.14946018650043386,0.2518779460015105
E1,q2_x3_resunet_cas-multistream_seed2026,cas-multistream,placebo,2026,1120,na,hokkaido_iburi_tobu,Hokkaido0497,0.5,499,1677,1947,12261,43.928911476016616,0.1670231929742593,0.22883575846698534
E1,q2_x3_resunet_cas-multistream_seed2026,cas-multistream,placebo,2026,1120,na,hokkaido_iburi_tobu,Hokkaido0498,0.5,917,3165,1010,11292,36.63875737803521,0.1686622891716718,0.3012125079765567
E1,q2_x3_resunet_cas-multistream_seed2026,cas-multistream,placebo,2026,1120,na,hokkaido_iburi_tobu,Hokkaido0499,0.5,358,2404,1352,12270,55.92672739119072,0.13076695291632712,0.2279609452379501
E1,q2_x3_resunet_cas-multistream_seed2026,cas-multistream,placebo,2026,1120,na,hokkaido_iburi_tobu,Hokkaido0500,0.5,214,243,1802,14125,56.09453777177945,0.11821858971669898,0.20886493137421702
E1,q2_x3_resunet_cas-multistream_seed2026,cas-multistream,placebo,2026,1120,na,hokkaido_iburi_tobu,Hokkaido0501,0.5,395,903,2196,12890,41.45358212051493,0.2797997642737976,0.38715985202032954
E1,q2_x3_resunet_cas-multistream_seed2026,cas-multistream,placebo,2026,1120,na,hokkaido_iburi_tobu,Hokkaido0502,0.5,537,1493,2477,11877,55.005436949229114,0.15715025700251475,0.26242782807005
E1,q2_x3_resunet_cas-multistream_seed2026,cas-multistream,placebo,2026,1120,na,hokkaido_iburi_tobu,Hokkaido0503,0.5,0,737,2728,12919,59.20304046246274,0.0,0.0
E1,q2_x3_resunet_cas-multistream_seed2026,cas-multistream,placebo,2026,1120,na,hokkaido_iburi_tobu,Hokkaido0504,0.5,244,1357,2252,12531,57.54815730671533,0.1257648909373632,0.19643332735414964
E1,q2_x3_resunet_cas-multistream_seed2026,cas-multistream,placebo,2026,1120,na,hokkaido_iburi_tobu,Hokkaido0505,0.5,291,338,2622,13133,62.48199740725323,0.11569067132324869,0.19859169380530833
E1,q2_x3_resunet_cas-multistream_seed2026,cas-multistream,placebo,2026,1120,na,hokkaido_iburi_tobu,Hokkaido0506,0.5,283,1105,2337,12659,55.38945009837141,0.10015715587461364,0.14732634731941183
E1,q2_x3_resunet_cas-multistream_seed2026,cas-multistream,placebo,2026,1120,na,hokkaido_iburi_tobu,Hokkaido0507,0.5,287,1902,1011,13184,53.53299769489227,0.13091235149029556,0.24399260628423924
E1,q2_x3_resunet_cas-multistream_seed2026,cas-multistream,placebo,2026,1120,na,hokkaido_iburi_tobu,Hokkaido0508,0.5,163,1704,1026,13491,48.93054924518173,0.15705656232790577,0.22740181796408432
E1,q2_x3_resunet_cas-multistream_seed2026,cas-multistream,placebo,2026,1120,na,hokkaido_iburi_tobu,Hokkaido0509,0.5,541,3924,1143,10776,31.226572348801845,0.20310376886175127,0.3074670571005811
E1,q2_x3_resunet_cas-multistream_seed2026,cas-multistream,placebo,2026,1120,na,hokkaido_iburi_tobu,Hokkaido0510,0.5,506,773,1833,13272,53.2634959423431,0.2009805764644138,0.3381614150441835
E1,q2_x3_resunet_cas-multistream_seed2026,cas-multistream,placebo,2026,1120,na,hokkaido_iburi_tobu,Hokkaido0511,0.5,596,833,2082,12873,53.92113438952947,0.19352587710766375,0.2728502091345419
E1,q2_x3_resunet_cas-multistream_seed2026,cas-multistream,placebo,2026,1120,na,hokkaido_iburi_tobu,Hokkaido0512,0.5,297,2370,1662,12055,46.384239137911386,0.15578170376300546,0.23057899182711503
E1,q2_x3_resunet_cas-multistream_seed2026,cas-multistream,placebo,2026,1120,na,hokkaido_iburi_tobu,Hokkaido0513,0.5,386,4229,442,11327,35.0314081943804,0.19704433497487298,0.287504699836577
E1,q2_x3_resunet_cas-multistream_seed2026,cas-multistream,placebo,2026,1120,na,hokkaido_iburi_tobu,Hokkaido0514,0.5,16,4749,166,11453,60.1218840503014,0.05799769850366955,0.07872539831263134
E1,q2_x3_resunet_cas-multistream_seed2026,cas-multistream,placebo,2026,1120,na,hokkaido_iburi_tobu,Hokkaido0515,0.5,147,3982,124,12131,63.74922707369275,0.13059183106374864,0.269911806931942
E1,q2_x3_resunet_cas-multistream_seed2026,cas-multistream,placebo,2026,1120,na,hokkaido_iburi_tobu,Hokkaido0516,0.5,123,3758,96,12407,56.575477597947014,0.1767203656279379,0.24202634964252534
E1,q2_x3_resunet_cas-multistream_seed2026,cas-multistream,placebo,2026,1120,na,hokkaido_iburi_tobu,Hokkaido0517,0.5,0,1986,23,14375,82.18603015101034,0.0,0.0
E1,q2_x3_resunet_cas-multistream_seed2026,cas-multistream,placebo,2026,1120,na,hokkaido_iburi_tobu,Hokkaido0518,0.5,3,1709,33,14639,40.535739796084464,0.0,0.0
E1,q2_x3_resunet_cas-multistream_seed2026,cas-multistream,placebo,2026,1120,na,hokkaido_iburi_tobu,Hokkaido0520,0.5,69,2448,4,13863,66.3744503447109,0.18348623853182225,0.25035294117618856
E1,q2_x3_resunet_cas-multistream_seed2026,cas-multistream,placebo,2026,1120,na,hokkaido_iburi_tobu,Hokkaido0521,0.5,161,5168,580,10475,55.980349596644324,0.17994157740947866,0.2684645833999328
E1,q2_x3_resunet_cas-multistream_seed2026,cas-multistream,placebo,2026,1120,na,hokkaido_iburi_tobu,Hokkaido0522,0.5,337,2380,2215,11452,39.96248240537617,0.10518077946431424,0.16899005429994324
E1,q2_x3_resunet_cas-multistream_seed2026,cas-multistream,placebo,2026,1120,na,hokkaido_iburi_tobu,Hokkaido0523,0.5,1186,509,2632,12057,48.92641814986689,0.2713569536905868,0.38609706230464597
E1,q2_x3_resunet_cas-multistream_seed2026,cas-multistream,placebo,2026,1120,na,hokkaido_iburi_tobu,Hokkaido0524,0.5,296,103,4446,11539,64.31611171731693,0.09375771033791241,0.13312693498439584
E1,q2_x3_resunet_cas-multistream_seed2026,cas-multistream,placebo,2026,1120,na,hokkaido_iburi_tobu,Hokkaido0525,0.5,843,670,4910,9961,51.0528789117979,0.1772843290330381,0.284976915173838
E1,q2_x3_resunet_cas-multistream_seed2026,cas-multistream,placebo,2026,1120,na,hokkaido_iburi_tobu,Hokkaido0526,0.5,1,0,5988,10395,154.02759485328704,0.0,0.0
E1,q2_x3_resunet_cas-multistream_seed2026,cas-multistream,placebo,2026,1120,na,hokkaido_iburi_tobu,Hokkaido0527,0.5,0,0,7638,8746,181.01933598375618,0.0,0.0
E1,q2_x3_resunet_cas-multistream_seed2026,cas-multistream,placebo,2026,1120,na,hokkaido_iburi_tobu,Hokkaido0528,0.5,0,0,9274,7110,181.01933598375618,0.0,0.0
E1,q2_x3_resunet_cas-multistream_seed2026,cas-multistream,placebo,2026,1120,na,hokkaido_iburi_tobu,Hokkaido0529,0.5,0,0,7734,8650,181.01933598375618,0.0,0.0
E1,q2_x3_resunet_cas-multistream_seed2026,cas-multistream,placebo,2026,1120,na,hokkaido_iburi_tobu,Hokkaido0530,0.5,394,450,3987,11553,60.03332407921454,0.07195969282006173,0.13362255965266964
E1,q2_x3_resunet_cas-multistream_seed2026,cas-multistream,placebo,2026,1120,na,hokkaido_iburi_tobu,Hokkaido0531,0.5,468,175,3024,12717,32.626657289181715,0.17004232476483705,0.3127527025622549
E1,q2_x3_resunet_cas-multistream_seed2026,cas-multistream,placebo,2026,1120,na,hokkaido_iburi_tobu,Hokkaido0532,0.5,399,738,3101,12146,44.00624919313192,0.11817523533645667,0.212527547567778
E1,q2_x3_resunet_cas-multistream_seed2026,cas-multistream,placebo,2026,1120,na,hokkaido_iburi_tobu,Hokkaido0533,0.5,451,1038,2692,12203,54.528879211033725,0.17238566257047583,0.2619318149696388
E1,q2_x3_resunet_cas-multistream_seed2026,cas-multistream,placebo,2026,1120,na,hokkaido_iburi_tobu,Hokkaido0534,0.5,822,660,3741,11161,52.42947607120443,0.14235775489270913,0.2513079604791486
E1,q2_x3_resunet_cas-multistream_seed2026,cas-multistream,placebo,2026,1120,na,hokkaido_iburi_tobu,Hokkaido0535,0.5,741,919,3782,10942,50.80354318352215,0.18918225026372665,0.29336582556986535
E1,q2_x3_resunet_cas-multistream_seed2026,cas-multistream,placebo,2026,1120,na,hokkaido_iburi_tobu,Hokkaido0536,0.5,144,31,4335,11874,92.33363095965166,0.0565366367948702,0.09706305141958392
E1,q2_x3_resunet_cas-multistream_seed2026,cas-multistream,placebo,2026,1120,na,hokkaido_iburi_tobu,Hokkaido0537,0.5,179,47,5663,10495,91.0,0.058578918821105656,0.1186311787071002
E1,q2_x3_resunet_cas-multistream_seed2026,cas-multistream,placebo,2026,1120,na,hokkaido_iburi_tobu,Hokkaido0538,0.5,107,7,5596,10674,96.84523241351097,0.031210880671209307,0.05285013212527886
E1,q2_x3_resunet_cas-multistream_seed2026,cas-multistream,placebo,2026,1120,na,hokkaido_iburi_tobu,Hokkaido0539,0.5,156,150,4120,11958,65.11067353995792,0.04876125386073346,0.05979760809559596
E1,q2_x3_resunet_cas-multistream_seed2026,cas-multistream,placebo,2026,1120,na,hokkaido_iburi_tobu,Hokkaido0540,0.5,415,916,2695,12358,47.966617950148304,0.1642797436609132,0.2993197278908343
E1,q2_x3_resunet_cas-multistream_seed2026,cas-multistream,placebo,2026,1120,na,hokkaido_iburi_tobu,Hokkaido0541,0.5,499,1915,2056,11914,41.618505343332394,0.19808224520830675,0.2915060029160158
E1,q2_x3_resunet_cas-multistream_seed2026,cas-multistream,placebo,2026,1120,na,hokkaido_iburi_tobu,Hokkaido0542,0.5,307,588,1149,14340,64.40340924733691,0.1383613673355207,0.22401584913929315
E1,q2_x3_resunet_cas-multistream_seed2026,cas-multistream,placebo,2026,1120,na,hokkaido_iburi_tobu,Hokkaido0543,0.5,136,1243,690,14315,57.98059944180625,0.04046242774524199,0.06794682422410979
E1,q2_x3_resunet_cas-multistream_seed2026,cas-multistream,placebo,2026,1120,na,hokkaido_iburi_tobu,Hokkaido0544,0.5,277,1130,1940,13037,48.375612852683766,0.06650908794488737,0.14103485682136932
E1,q2_x3_resunet_cas-multistream_seed2026,cas-multistream,placebo,2026,1120,na,hokkaido_iburi_tobu,Hokkaido0545,0.5,153,6,2713,13512,82.46665921968443,0.08365577051357964,0.14489164086673867
E1,q2_x3_resunet_cas-multistream_seed2026,cas-multistream,placebo,2026,1120,na,hokkaido_iburi_tobu,Hokkaido0546,0.5,947,604,2114,12719,39.80008278247336,0.2921616437687927,0.41524079657432517
E1,q2_x3_resunet_cas-multistream_seed2026,cas-multistream,placebo,2026,1120,na,hokkaido_iburi_tobu,Hokkaido0547,0.5,94,73,4219,11998,61.493895551802666,0.04971313025030391,0.08206791432197946
E1,q2_x3_resunet_cas-multistream_seed2026,cas-multistream,placebo,2026,1120,na,hokkaido_iburi_tobu,Hokkaido0548,0.5,18,5,4999,11362,104.9409231690859,0.009260152406665237,0.02223926380365899
E1,q2_x3_resunet_cas-multistream_seed2026,cas-multistream,placebo,2026,1120,na,hokkaido_iburi_tobu,Hokkaido0549,0.5,278,221,3435,12450,62.386684451431066,0.093368503864021,0.1430123590926241
E1,q2_x3_resunet_cas-multistream_seed2026,cas-multistream,placebo,2026,1120,na,hokkaido_iburi_tobu,Hokkaido0550,0.5,256,1738,1828,12562,56.700955600519485,0.13488456330655726,0.19829068669877017
E1,q2_x3_resunet_cas-multistream_seed2026,cas-multistream,placebo,2026,1120,na,hokkaido_iburi_tobu,Hokkaido0551,0.5,77,1158,1624,13525,57.35328060352064,0.024413145539578303,0.048122215149279626
E1,q2_x3_resunet_cas-multistream_seed2026,cas-multistream,placebo,2026,1120,na,hokkaido_iburi_tobu,Hokkaido0552,0.5,216,1787,1192,13189,43.56604182158393,0.08909533962794208,0.19595216191311893
E1,q2_x3_resunet_cas-multistream_seed2026,cas-multistream,placebo,2026,1120,na,hokkaido_iburi_tobu,Hokkaido0553,0.5,79,216,2048,14041,63.646680501845296,0.07089187452850884,0.10869749681783107
E1,q2_x3_resunet_cas-multistream_seed2026,cas-multistream,placebo,2026,1120,na,hokkaido_iburi_tobu,Hokkaido0554,0.5,564,1451,2453,11916,47.38143096192854,0.15056049478133687,0.2572340415225223
E1,q2_x3_resunet_cas-multistream_seed2026,cas-multistream,placebo,2026,1120,na,hokkaido_iburi_tobu,Hokkaido0555,0.5,796,3716,1743,10129,35.47882436332412,0.1712026898083687,0.24551598277644815
E1,q2_x3_resunet_cas-multistream_seed2026,cas-multistream,placebo,2026,1120,na,hokkaido_iburi_tobu,Hokkaido0556,0.5,256,785,1244,14099,55.5499633649263,0.12772835276538788,0.2289231984722468
E1,q2_x3_resunet_cas-multistream_seed2026,cas-multistream,placebo,2026,1120,na,hokkaido_iburi_tobu,Hokkaido0557,0.5,76,2186,892,13230,50.66548955592062,0.04439451808546409,0.06389078498262094
E1,q2_x3_resunet_cas-multistream_seed2026,cas-multistream,placebo,2026,1120,na,hokkaido_iburi_tobu,Hokkaido0558,0.5,336,1920,645,13483,37.66164306961386,0.21984005444910634,0.2932684644221574
E1,q2_x3_resunet_cas-multistream_seed2026,cas-multistream,placebo,2026,1120,na,hokkaido_iburi_tobu,Hokkaido0559,0.5,230,3566,500,12088,41.354550041140655,0.20259198569889017,0.3300529439582437
E1,q2_x3_resunet_cas-multistream_seed2026,cas-multistream,placebo,2026,1120,na,hokkaido_iburi_tobu,Hokkaido0560,0.5,112,3970,79,12223,58.0,0.03577817531265043,0.09369369369328955
E1,q2_x3_resunet_cas-multistream_seed2026,cas-multistream,placebo,2026,1120,na,hokkaido_iburi_tobu,Hokkaido0561,0.5,0,10,61,16313,53.057583442864505,0.0,0.0
E1,q2_x3_resunet_cas-multistream_seed2026,cas-multistream,placebo,2026,1120,na,hokkaido_iburi_tobu,Hokkaido0562,0.5,0,0,116,16268,181.01933598375618,0.0,0.0
E1,q2_x3_resunet_cas-multistream_seed2026,cas-multistream,placebo,2026,1120,na,hokkaido_iburi_tobu,Hokkaido0563,0.5,0,769,78,15537,50.40025793493476,0.0,0.0
E1,q2_x3_resunet_cas-multistream_seed2026,cas-multistream,placebo,2026,1120,na,hokkaido_iburi_tobu,Hokkaido0564,0.5,0,828,23,15533,60.48963802958589,0.0,0.0
E1,q2_x3_resunet_cas-multistream_seed2026,cas-multistream,placebo,2026,1120,na,hokkaido_iburi_tobu,Hokkaido0565,0.5,38,1030,32,15284,57.46780973619823,0.2210365853655848,0.2540473225402208
E1,q2_x3_resunet_cas-multistream_seed2026,cas-multistream,placebo,2026,1120,na,hokkaido_iburi_tobu,Hokkaido0566,0.5,0,1521,143,14720,54.06876051377125,0.0,0.0
E1,q2_x3_resunet_cas-multistream_seed2026,cas-multistream,placebo,2026,1120,na,hokkaido_iburi_tobu,Hokkaido0567,0.5,409,2985,322,12668,44.157669297126475,0.15089163237262346,0.2647290751375113
E1,q2_x3_resunet_cas-multistream_seed2026,cas-multistream,placebo,2026,1120,na,hokkaido_iburi_tobu,Hokkaido0568,0.5,585,2175,1576,12048,37.64306044943742,0.24331358375571951,0.34479231335821453
E1,q2_x3_resunet_cas-multistream_seed2026,cas-multistream,placebo,2026,1120,na,hokkaido_iburi_tobu,Hokkaido0569,0.5,372,395,3346,12271,52.74416848616121,0.10747374922776048,0.16669301296218936
E1,q2_x3_resunet_cas-multistream_seed2026,cas-multistream,placebo,2026,1120,na,hokkaido_iburi_tobu,Hokkaido0570,0.5,301,57,7073,8953,66.98493821581621,0.06054960409864022,0.11331797859356593
E1,q2_x3_resunet_cas-multistream_seed2026,cas-multistream,placebo,2026,1120,na,hokkaido_iburi_tobu,Hokkaido0571,0.5,0,0,9980,6404,181.01933598375618,0.0,0.0
E1,q2_x3_resunet_cas-multistream_seed2026,cas-multistream,placebo,2026,1120,na,hokkaido_iburi_tobu,Hokkaido0572,0.5,0,0,8749,7635,181.01933598375618,0.0,0.0
E1,q2_x3_resunet_cas-multistream_seed2026,cas-multistream,placebo,2026,1120,na,hokkaido_iburi_tobu,Hokkaido0573,0.5,441,76,6097,9770,53.33338067260065,0.12996749850423947,0.2003100775191996
E1,q2_x3_resunet_cas-multistream_seed2026,cas-multistream,placebo,2026,1120,na,hokkaido_iburi_tobu,Hokkaido0574,0.5,253,15,5545,10571,70.28157464251227,0.06311986790918046,0.12499377964478385
E1,q2_x3_resunet_cas-multistream_seed2026,cas-multistream,placebo,2026,1120,na,hokkaido_iburi_tobu,Hokkaido0575,0.5,286,54,4971,11073,64.90993066251662,0.12357595220568009,0.1774114335186463
E1,q2_x3_resunet_cas-multistream_seed2026,cas-multistream,placebo,2026,1120,na,hokkaido_iburi_tobu,Hokkaido0576,0.5,327,1048,1766,13243,43.08993507788749,0.11305986374795582,0.22267104266552062
E1,q2_x3_resunet_cas-multistream_seed2026,cas-multistream,placebo,2026,1120,na,hokkaido_iburi_tobu,Hokkaido0577,0.5,580,953,2390,12461,42.528812283437944,0.22544342999598216,0.3357432906553837
E1,q2_x3_resunet_cas-multistream_seed2026,cas-multistream,placebo,2026,1120,na,hokkaido_iburi_tobu,Hokkaido0578,0.5,633,102,4640,11009,72.19141102215279,0.10493924569971662,0.17281319087825409
E1,q2_x3_resunet_cas-multistream_seed2026,cas-multistream,placebo,2026,1120,na,hokkaido_iburi_tobu,Hokkaido0579,0.5,1,0,4192,12191,80.80532107371468,0.0,0.013157894736829032
E1,q2_x3_resunet_cas-multistream_seed2026,cas-multistream,placebo,2026,1120,na,hokkaido_iburi_tobu,Hokkaido0580,0.5,2064,1675,2370,10275,39.128621001707295,0.21725071329257228,0.33872720598963524
E1,q2_x3_resunet_cas-multistream_seed2026,cas-multistream,placebo,2026,1120,na,hokkaido_iburi_tobu,Hokkaido0581,0.5,70,22,4488,11804,68.6804193347711,0.0529214282169865,0.07544075440747149
E1,q2_x3_resunet_cas-multistream_seed2026,cas-multistream,placebo,2026,1120,na,hokkaido_iburi_tobu,Hokkaido0582,0.5,321,203,4837,11023,63.130420436386856,0.11025788983074232,0.16586540716033976
E1,q2_x3_resunet_cas-multistream_seed2026,cas-multistream,placebo,2026,1120,na,hokkaido_iburi_tobu,Hokkaido0583,0.5,5,1,7176,9202,125.65110303338363,0.0031230480949375437,0.010578718108265767
E1,q2_x3_resunet_cas-multistream_seed2026,cas-multistream,placebo,2026,1120,na,hokkaido_iburi_tobu,Hokkaido0584,0.5,617,136,5995,9636,49.47372799744844,0.1311721165556137,0.21240246014949926
E1,q2_x3_resunet_cas-multistream_seed2026,cas-multistream,placebo,2026,1120,na,hokkaido_iburi_tobu,Hokkaido0585,0.5,331,87,4932,11034,56.08029957123981,0.12146153542724089,0.1666666666665139
E1,q2_x3_resunet_cas-multistream_seed2026,cas-multistream,placebo,2026,1120,na,hokkaido_iburi_tobu,Hokkaido0586,0.5,543,1244,3450,11147,48.83646178829912,0.12697397726758466,0.22804201528922735
E1,q2_x3_resunet_cas-multistream_seed2026,cas-multistream,placebo,2026,1120,na,hokkaido_iburi_tobu,Hokkaido0587,0.5,531,338,2149,13366,61.61980201201558,0.14328463298689506,0.23324196361797947
E1,q2_x3_resunet_cas-multistream_seed2026,cas-multistream,placebo,2026,1120,na,hokkaido_iburi_tobu,Hokkaido0588,0.5,0,247,1604,14533,67.95810669803038,0.0,0.0
E1,q2_x3_resunet_cas-multistream_seed2026,cas-multistream,placebo,2026,1120,na,hokkaido_iburi_tobu,Hokkaido0589,0.5,0,1369,779,14236,61.57798582922047,0.0,0.0
E1,q2_x3_resunet_cas-multistream_seed2026,cas-multistream,placebo,2026,1120,na,hokkaido_iburi_tobu,Hokkaido0590,0.5,370,295,1676,14043,55.44546844180962,0.1286661626937113,0.18873130388859408
E1,q2_x3_resunet_cas-multistream_seed2026,cas-multistream,placebo,2026,1120,na,hokkaido_iburi_tobu,Hokkaido0591,0.5,363,937,2684,12400,53.55148230120879,0.1505122813838484,0.24192510616370075
E1,q2_x3_resunet_cas-multistream_seed2026,cas-multistream,placebo,2026,1120,na,hokkaido_iburi_tobu,Hokkaido0592,0.5,646,665,3421,11652,52.28761860574685,0.14046118462294127,0.23587397552549708
E1,q2_x3_resunet_cas-multistream_seed2026,cas-multistream,placebo,2026,1120,na,hokkaido_iburi_tobu,Hokkaido0593,0.5,576,214,4578,11016,101.55588330536207,0.13605085210657875,0.17659883720914132
E1,q2_x3_resunet_cas-multistream_seed2026,cas-multistream,placebo,2026,1120,na,hokkaido_iburi_tobu,Hokkaido0594,0.5,424,196,5416,10348,75.16914241686163,0.1365016480474606,0.19100775193781172
E1,q2_x3_resunet_cas-multistream_seed2026,cas-multistream,placebo,2026,1120,na,hokkaido_iburi_tobu,Hokkaido0595,0.5,1934,1348,2968,10134,33.95585369269929,0.28557771694230294,0.39980247465679913
E1,q2_x3_resunet_cas-multistream_seed2026,cas-multistream,placebo,2026,1120,na,hokkaido_iburi_tobu,Hokkaido0596,0.5,690,2988,1959,10747,32.202484376209235,0.23765940537735564,0.3615745350073067
E1,q2_x3_resunet_cas-multistream_seed2026,cas-multistream,placebo,2026,1120,na,hokkaido_iburi_tobu,Hokkaido0597,0.5,463,2193,1227,12501,36.05551275463989,0.10383830891854362,0.14786062466109806
E1,q2_x3_resunet_cas-multistream_seed2026,cas-multistream,placebo,2026,1120,na,hokkaido_iburi_tobu,Hokkaido0598,0.5,235,2460,753,12936,48.51523715268226,0.11656090352980418,0.17554936937169094
E1,q2_x3_resunet_cas-multistream_seed2026,cas-multistream,placebo,2026,1120,na,hokkaido_iburi_tobu,Hokkaido0599,0.5,209,1795,1424,12956,39.5752283607648,0.19125722028054062,0.27515451674678004
E1,q2_x3_resunet_cas-multistream_seed2026,cas-multistream,placebo,2026,1120,na,hokkaido_iburi_tobu,Hokkaido0600,0.5,640,1471,2012,12261,47.01063709417264,0.15827366026391318,0.2902725459779806
E1,q2_x3_resunet_cas-multistream_seed2026,cas-multistream,placebo,2026,1120,na,hokkaido_iburi_tobu,Hokkaido0601,0.5,952,2091,1413,11928,40.2268560095134,0.1537855396195016,0.2592340646498341
E1,q2_x3_resunet_cas-multistream_seed2026,cas-multistream,placebo,2026,1120,na,hokkaido_iburi_tobu,Hokkaido0602,0.5,377,1446,1516,13045,46.150826551661886,0.163152979403847,0.27397919458344216
E1,q2_x3_resunet_cas-multistream_seed2026,cas-multistream,placebo,2026,1120,na,hokkaido_iburi_tobu,Hokkaido0603,0.5,745,3276,1155,11208,43.92038103658895,0.21047789993228697,0.3848200759650534
E1,q2_x3_resunet_cas-multistream_seed2026,cas-multistream,placebo,2026,1120,na,hokkaido_iburi_tobu,Hokkaido0604,0.5,597,2454,1198,12135,34.07922761454197,0.2818746207040308,0.414480725278713
E1,q2_x3_resunet_cas-multistream_seed2026,cas-multistream,placebo,2026,1120,na,hokkaido_iburi_tobu,Hokkaido0605,0.5,71,3427,846,12040,53.46247653317702,0.08161282487198356,0.1441441441436458
E1,q2_x3_resunet_cas-multistream_seed2026,cas-multistream,placebo,2026,1120,na,hokkaido_iburi_tobu,Hokkaido0606,0.5,41,3921,163,12259,75.94298367480967,0.09660772036014866,0.14306065831863143
E1,q2_x3_resunet_cas-multistream_seed2026,cas-multistream,placebo,2026,1120,na,hokkaido_iburi_tobu,Hokkaido0610,0.5,41,867,390,15086,43.729373086901276,0.1528967707142587,0.2241704219577148
E1,q2_x3_resunet_cas-multistream_seed2026,cas-multistream,placebo,2026,1120,na,hokkaido_iburi_tobu,Hokkaido0611,0.5,12,99,535,15738,63.58458738294132,0.06499661475937211,0.06878433245740095
E1,q2_x3_resunet_cas-multistream_seed2026,cas-multistream,placebo,2026,1120,na,hokkaido_iburi_tobu,Hokkaido0612,0.5,0,2758,168,13458,59.58512982771969,0.0,0.0
E1,q2_x3_resunet_cas-multistream_seed2026,cas-multistream,placebo,2026,1120,na,hokkaido_iburi_tobu,Hokkaido0613,0.5,1,2061,251,14071,62.7135055377116,0.03006012023998984,0.03705991352637078
E1,q2_x3_resunet_cas-multistream_seed2026,cas-multistream,placebo,2026,1120,na,hokkaido_iburi_tobu,Hokkaido0614,0.5,68,620,310,15386,61.5223536610881,0.13276338948910923,0.2420907840435619
E1,q2_x3_resunet_cas-multistream_seed2026,cas-multistream,placebo,2026,1120,na,hokkaido_iburi_tobu,Hokkaido0615,0.5,0,1194,227,14963,48.05621298084704,0.0,0.0
E1,q2_x3_resunet_cas-multistream_seed2026,cas-multistream,placebo,2026,1120,na,hokkaido_iburi_tobu,Hokkaido0616,0.5,103,1527,295,14459,37.8549864614954,0.24800021119832805,0.37320277212654057
E1,q2_x3_resunet_cas-multistream_seed2026,cas-multistream,placebo,2026,1120,na,hokkaido_iburi_tobu,Hokkaido0617,0.5,403,999,857,14125,51.4562013268295,0.17475488801607883,0.25207202057683376
E1,q2_x3_resunet_cas-multistream_seed2026,cas-multistream,placebo,2026,1120,na,hokkaido_iburi_tobu,Hokkaido0618,0.5,575,1373,1728,12708,43.6394162890257,0.19104100809030325,0.284389581023677
E1,q2_x3_resunet_cas-multistream_seed2026,cas-multistream,placebo,2026,1120,na,hokkaido_iburi_tobu,Hokkaido0619,0.5,439,148,5621,10176,63.953107821277925,0.15368350233053046,0.23739886854409029
E1,q2_x3_resunet_cas-multistream_seed2026,cas-multistream,placebo,2026,1120,na,hokkaido_iburi_tobu,Hokkaido0620,0.5,165,2,8338,7879,55.0,0.020684168655468915,0.04320502749402573
E1,q2_x3_resunet_cas-multistream_seed2026,cas-multistream,placebo,2026,1120,na,hokkaido_iburi_tobu,Hokkaido0621,0.5,43,0,6894,9447,74.0709103550107,0.005936920222590973,0.030287887017873025
E1,q2_x3_resunet_cas-multistream_seed2026,cas-multistream,placebo,2026,1120,na,hokkaido_iburi_tobu,Hokkaido0622,0.5,56,6,4139,12183,64.1248781675256,0.03021047370463293,0.06247086247080195
E1,q2_x3_resunet_cas-multistream_seed2026,cas-multistream,placebo,2026,1120,na,hokkaido_iburi_tobu,Hokkaido0623,0.5,0,18,2285,14081,78.49713304417217,0.0,0.0
E1,q2_x3_resunet_cas-multistream_seed2026,cas-multistream,placebo,2026,1120,na,hokkaido_iburi_tobu,Hokkaido0624,0.5,191,823,1625,13745,48.618569545438014,0.12767582151821097,0.21564128963180915
E1,q2_x3_resunet_cas-multistream_seed2026,cas-multistream,placebo,2026,1120,na,hokkaido_iburi_tobu,Hokkaido0625,0.5,48,2127,1204,13005,42.91252634808267,0.12238055322666869,0.1579921195673236
E1,q2_x3_resunet_cas-multistream_seed2026,cas-multistream,placebo,2026,1120,na,hokkaido_iburi_tobu,Hokkaido0626,0.5,0,238,2689,13457,66.6048045638142,0.0,0.0
E1,q2_x3_resunet_cas-multistream_seed2026,cas-multistream,placebo,2026,1120,na,hokkaido_iburi_tobu,Hokkaido0627,0.5,1104,493,2521,12266,46.86149319340119,0.29973595397525626,0.41655571818380466
E1,q2_x3_resunet_cas-multistream_seed2026,cas-multistream,placebo,2026,1120,na,hokkaido_iburi_tobu,Hokkaido0628,0.5,163,55,2304,13862,63.60030231753605,0.1637363960147242,0.20481968987868066
E1,q2_x3_resunet_cas-multistream_seed2026,cas-multistream,placebo,2026,1120,na,hokkaido_iburi_tobu,Hokkaido0629,0.5,200,1014,2392,12778,59.39696961966999,0.07943763200178482,0.12353875261812934
E1,q2_x3_resunet_cas-multistream_seed2026,cas-multistream,placebo,2026,1120,na,hokkaido_iburi_tobu,Hokkaido0630,0.5,207,515,2894,12768,61.385662963999756,0.0748481121517362,0.14453159818140437
E1,q2_x3_resunet_cas-multistream_seed2026,cas-multistream,placebo,2026,1120,na,hokkaido_iburi_tobu,Hokkaido0631,0.5,272,20,4366,11726,65.30275633915217,0.10043964842805211,0.17725617159028767
E1,q2_x3_resunet_cas-multistream_seed2026,cas-multistream,placebo,2026,1120,na,hokkaido_iburi_tobu,Hokkaido0632,0.5,249,25,6650,9460,86.80034236940743,0.051657096450926705,0.0742261528742012
E1,q2_x3_resunet_cas-multistream_seed2026,cas-multistream,placebo,2026,1120,na,hokkaido_iburi_tobu,Hokkaido0633,0.5,161,22,5870,10331,77.4616022050499,0.043758043757971106,0.10458061091339035
E1,q2_x3_resunet_cas-multistream_seed2026,cas-multistream,placebo,2026,1120,na,hokkaido_iburi_tobu,Hokkaido0634,0.5,542,65,4452,11325,52.65639831706503,0.14706794911555385,0.20717393611355964
E1,q2_x3_resunet_cas-multistream_seed2026,cas-multistream,placebo,2026,1120,na,hokkaido_iburi_tobu,Hokkaido0635,0.5,192,15,3185,12992,58.285496775808916,0.07992167385854321,0.14105426473912397
E1,q2_x3_resunet_cas-multistream_seed2026,cas-multistream,placebo,2026,1120,na,hokkaido_iburi_tobu,Hokkaido0636,0.5,0,0,1311,15073,181.01933598375618,0.0,0.0
E1,q2_x3_resunet_cas-multistream_seed2026,cas-multistream,placebo,2026,1120,na,hokkaido_iburi_tobu,Hokkaido0637,0.5,353,74,791,15166,69.73516888595012,0.305194592647999,0.38555178607029844
E1,q2_x3_resunet_cas-multistream_seed2026,cas-multistream,placebo,2026,1120,na,hokkaido_iburi_tobu,Hokkaido0638,0.5,80,906,1108,14290,63.88658368185666,0.098125109514193,0.13548509348112017
E1,q2_x3_resunet_cas-multistream_seed2026,cas-multistream,placebo,2026,1120,na,hokkaido_iburi_tobu,Hokkaido0639,0.5,456,875,1568,13485,45.921098787078634,0.19616334129231766,0.3213509247397972
E1,q2_x3_resunet_cas-multistream_seed2026,cas-multistream,placebo,2026,1120,na,hokkaido_iburi_tobu,Hokkaido0640,0.5,500,1431,3038,11415,47.19071548096427,0.13616466481229664,0.2231191456234874
E1,q2_x3_resunet_cas-multistream_seed2026,cas-multistream,placebo,2026,1120,na,hokkaido_iburi_tobu,Hokkaido0641,0.5,97,95,4545,11647,68.0308676630088,0.0628670268422559,0.09089218946881084
E1,q2_x3_resunet_cas-multistream_seed2026,cas-multistream,placebo,2026,1120,na,hokkaido_iburi_tobu,Hokkaido0642,0.5,800,532,4261,10791,53.335708162256644,0.18508700671231207,0.2798089608407973
E1,q2_x3_resunet_cas-multistream_seed2026,cas-multistream,placebo,2026,1120,na,hokkaido_iburi_tobu,Hokkaido0643,0.5,559,58,4994,10773,76.20103979198859,0.10846873991160634,0.16311212814627443
E1,q2_x3_resunet_cas-multistream_seed2026,cas-multistream,placebo,2026,1120,na,hokkaido_iburi_tobu,Hokkaido0644,0.5,2583,786,3052,9963,31.314468912724234,0.34589465200662955,0.4892466202909891
E1,q2_x3_resunet_cas-multistream_seed2026,cas-multistream,placebo,2026,1120,na,hokkaido_iburi_tobu,Hokkaido0645,0.5,1106,1665,2434,11179,30.202589915126083,0.1979949195425696,0.3902233028340284
E1,q2_x3_resunet_cas-multistream_seed2026,cas-multistream,placebo,2026,1120,na,hokkaido_iburi_tobu,Hokkaido0646,0.5,328,1674,1550,12832,48.779079417586665,0.10460992907766624,0.20823175747389364
E1,q2_x3_resunet_cas-multistream_seed2026,cas-multistream,placebo,2026,1120,na,hokkaido_iburi_tobu,Hokkaido0647,0.5,457,1674,1223,13030,54.45181356024793,0.13213185879598016,0.22644421383103505
E1,q2_x3_resunet_cas-multistream_seed2026,cas-multistream,placebo,2026,1120,na,hokkaido_iburi_tobu,Hokkaido0648,0.5,409,1810,1019,13146,49.20365840057018,0.11215057979904815,0.1845086705198404
E1,q2_x3_resunet_cas-multistream_seed2026,cas-multistream,placebo,2026,1120,na,hokkaido_iburi_tobu,Hokkaido0649,0.5,413,2701,1191,12079,38.01971638232989,0.19766849839313824,0.3276358489444567
E1,q2_x3_resunet_cas-multistream_seed2026,cas-multistream,placebo,2026,1120,na,hokkaido_iburi_tobu,Hokkaido0650,0.5,371,989,1589,13435,48.793426523162914,0.24658522756524498,0.3257209330799066
E1,q2_x3_resunet_cas-multistream_seed2026,cas-multistream,placebo,2026,1120,na,hokkaido_iburi_tobu,Hokkaido0651,0.5,91,1829,1508,12956,59.10491207964597,0.12016297249309926,0.17432008612980823
E1,q2_x3_resunet_cas-multistream_seed2026,cas-multistream,placebo,2026,1120,na,hokkaido_iburi_tobu,Hokkaido0652,0.5,158,1845,1342,13039,54.3156921421295,0.08617389068222842,0.1727390052612297
E1,q2_x3_resunet_cas-multistream_seed2026,cas-multistream,placebo,2026,1120,na,hokkaido_iburi_tobu,Hokkaido0653,0.5,391,1938,1308,12747,37.58590111773106,0.12986880689185948,0.21424975556957834
E1,q2_x3_resunet_cas-multistream_seed2026,cas-multistream,placebo,2026,1120,na,hokkaido_iburi_tobu,Hokkaido0654,0.5,62,1702,703,13917,57.15548352756005,0.021667168221028772,0.05417835109323565
E1,q2_x3_resunet_cas-multistream_seed2026,cas-multistream,placebo,2026,1120,na,hokkaido_iburi_tobu,Hokkaido0655,0.5,0,3860,24,12500,91.2049885316359,0.0,0.0
E1,q2_x3_resunet_cas-multistream_seed2026,cas-multistream,placebo,2026,1120,na,hokkaido_iburi_tobu,Hokkaido0657,0.5,13,1316,136,14919,39.00833196407051,0.06511627906939128,0.11562284927686303
E1,q2_x3_resunet_cas-multistream_seed2026,cas-multistream,placebo,2026,1120,na,hokkaido_iburi_tobu,Hokkaido0658,0.5,52,3264,27,13041,46.96624696438008,0.11432926829246647,0.1601529311807714
E1,q2_x3_resunet_cas-multistream_seed2026,cas-multistream,placebo,2026,1120,na,hokkaido_iburi_tobu,Hokkaido0659,0.5,0,774,16,15594,59.00945338622246,0.0,0.0
E1,q2_x3_resunet_cas-multistream_seed2026,cas-multistream,placebo,2026,1120,na,hokkaido_iburi_tobu,Hokkaido0660,0.5,0,244,370,15770,54.125317355916245,0.0,0.0
E1,q2_x3_resunet_cas-multistream_seed2026,cas-multistream,placebo,2026,1120,na,hokkaido_iburi_tobu,Hokkaido0661,0.5,147,1369,284,14584,41.520266286706324,0.1811722912961297,0.2882451520224835
E1,q2_x3_resunet_cas-multistream_seed2026,cas-multistream,placebo,2026,1120,na,hokkaido_iburi_tobu,Hokkaido0662,0.5,0,324,147,15913,61.28370645524856,0.0,0.0
E1,q2_x3_resunet_cas-multistream_seed2026,cas-multistream,placebo,2026,1120,na,hokkaido_iburi_tobu,Hokkaido0663,0.5,31,840,677,14836,75.27121708962463,0.1688294194239263,0.20802919707986262
E1,q2_x3_resunet_cas-multistream_seed2026,cas-multistream,placebo,2026,1120,na,hokkaido_iburi_tobu,Hokkaido0664,0.5,60,1886,682,13756,42.04759208325728,0.09255160343802497,0.11811893750206236
E1,q2_x3_resunet_cas-multistream_seed2026,cas-multistream,placebo,2026,1120,na,hokkaido_iburi_tobu,Hokkaido0665,0.5,0,1475,302,14607,55.441297004088185,0.0,0.0
E1,q2_x3_resunet_cas-multistream_seed2026,cas-multistream,placebo,2026,1120,na,hokkaido_iburi_tobu,Hokkaido0666,0.5,0,1010,531,14843,55.33523509422638,0.0,0.0
E1,q2_x3_resunet_cas-multistream_seed2026,cas-multistream,placebo,2026,1120,na,hokkaido_iburi_tobu,Hokkaido0667,0.5,799,2496,414,12675,46.38095289492215,0.17526066509298896,0.29358450328724334
E1,q2_x3_resunet_cas-multistream_seed2026,cas-multistream,placebo,2026,1120,na,hokkaido_iburi_tobu,Hokkaido0668,0.5,191,1749,1297,13147,40.970636952297056,0.13918086263094784,0.22610905355312244
E1,q2_x3_resunet_cas-multistream_seed2026,cas-multistream,placebo,2026,1120,na,hokkaido_iburi_tobu,Hokkaido0669,0.5,226,2038,3003,11117,52.29480949199158,0.09467246534355037,0.1512272226757855
E1,q2_x3_resunet_cas-multistream_seed2026,cas-multistream,placebo,2026,1120,na,hokkaido_iburi_tobu,Hokkaido0670,0.5,394,38,4908,11044,59.12358759444519,0.0885872560107597,0.14483657454240081
E1,q2_x3_resunet_cas-multistream_seed2026,cas-multistream,placebo,2026,1120,na,hokkaido_iburi_tobu,Hokkaido0671,0.5,599,297,3526,11962,59.07622195096772,0.09760293352030582,0.17652827721460762
E1,q2_x3_resunet_cas-multistream_seed2026,cas-multistream,placebo,2026,1120,na,hokkaido_iburi_tobu,Hokkaido0672,0.5,309,1319,1819,12937,45.09988913511872,0.1732171478045924,0.2715475480249414
E1,q2_x3_resunet_cas-multistream_seed2026,cas-multistream,placebo,2026,1120,na,hokkaido_iburi_tobu,Hokkaido0673,0.5,0,0,944,15440,181.01933598375618,0.0,0.0
E1,q2_x3_resunet_cas-multistream_seed2026,cas-multistream,placebo,2026,1120,na,hokkaido_iburi_tobu,Hokkaido0674,0.5,776,1458,1021,13129,34.860285270203896,0.1981160592464881,0.3334810866809023
E1,q2_x3_resunet_cas-multistream_seed2026,cas-multistream,placebo,2026,1120,na,hokkaido_iburi_tobu,Hokkaido0675,0.5,752,794,2365,12473,40.311288741492746,0.30098242331045993,0.4837927520197365
E1,q2_x3_resunet_cas-multistream_seed2026,cas-multistream,placebo,2026,1120,na,hokkaido_iburi_tobu,Hokkaido0676,0.5,84,1277,2091,12932,58.05170109479997,0.030093568237054554,0.04991957401928339
E1,q2_x3_resunet_cas-multistream_seed2026,cas-multistream,placebo,2026,1120,na,hokkaido_iburi_tobu,Hokkaido0677,0.5,82,1564,992,13746,51.666233805795365,0.1113429973485296,0.1771025747347007
E1,q2_x3_resunet_cas-multistream_seed2026,cas-multistream,placebo,2026,1120,na,hokkaido_iburi_tobu,Hokkaido0678,0.5,307,1251,795,14031,50.334871873340035,0.19242466132110306,0.3553320545384054
E1,q2_x3_resunet_cas-multistream_seed2026,cas-multistream,placebo,2026,1120,na,hokkaido_iburi_tobu,Hokkaido0679,0.5,785,2940,1195,11464,29.919746000962107,0.2372421470062388,0.41122152677734736
E1,q2_x3_resunet_cas-multistream_seed2026,cas-multistream,placebo,2026,1120,na,hokkaido_iburi_tobu,Hokkaido0680,0.5,449,1108,2317,12510,51.22499389946279,0.18538175752494074,0.27555555555526895
E1,q2_x3_resunet_cas-multistream_seed2026,cas-multistream,placebo,2026,1120,na,hokkaido_iburi_tobu,Hokkaido0681,0.5,1045,3288,2143,9908,30.003332407921455,0.22145424164829677,0.34067463658265174
E1,q2_x3_resunet_cas-multistream_seed2026,cas-multistream,placebo,2026,1120,na,hokkaido_iburi_tobu,Hokkaido0682,0.5,256,682,3118,12328,52.738955154923474,0.08657474262794244,0.12048804895859916
E1,q2_x3_resunet_cas-multistream_seed2026,cas-multistream,placebo,2026,1120,na,hokkaido_iburi_tobu,Hokkaido0683,0.5,248,248,2711,13177,67.71257009076129,0.09808016167042076,0.1211927667556469
E1,q2_x3_resunet_cas-multistream_seed2026,cas-multistream,placebo,2026,1120,na,hokkaido_iburi_tobu,Hokkaido0684,0.5,338,24,3368,12654,86.13571027506879,0.1139837013387145,0.19425137441990722
E1,q2_x3_resunet_cas-multistream_seed2026,cas-multistream,placebo,2026,1120,na,hokkaido_iburi_tobu,Hokkaido0685,0.5,213,0,3147,13024,81.06600710632644,0.05694915254225949,0.11716185366003903
E1,q2_x3_resunet_cas-multistream_seed2026,cas-multistream,placebo,2026,1120,na,hokkaido_iburi_tobu,Hokkaido0686,0.5,13,1,1240,15130,87.21238086551044,0.07228915662643633,0.0895522388058846
E1,q2_x3_resunet_cas-multistream_seed2026,cas-multistream,placebo,2026,1120,na,hokkaido_iburi_tobu,Hokkaido0687,0.5,4,1576,718,14086,52.15361924162119,0.01604278074816516,0.03078467458555393
E1,q2_x3_resunet_cas-multistream_seed2026,cas-multistream,placebo,2026,1120,na,hokkaido_iburi_tobu,Hokkaido0688,0.5,5,1758,879,13742,60.973729904720884,0.03500583430524997,0.0406952098342807
E1,q2_x3_resunet_cas-multistream_seed2026,cas-multistream,placebo,2026,1120,na,hokkaido_iburi_tobu,Hokkaido0689,0.5,485,1841,865,13193,52.0344249836143,0.15509210691914982,0.27353967138711976
E1,q2_x3_resunet_cas-multistream_seed2026,cas-multistream,placebo,2026,1120,na,hokkaido_iburi_tobu,Hokkaido0690,0.5,0,0,2852,13532,181.01933598375618,0.0,0.0
E1,q2_x3_resunet_cas-multistream_seed2026,cas-multistream,placebo,2026,1120,na,hokkaido_iburi_tobu,Hokkaido0691,0.5,1057,285,3310,11732,49.39635614091387,0.2176651219219937,0.3128056021947368
E1,q2_x3_resunet_cas-multistream_seed2026,cas-multistream,placebo,2026,1120,na,hokkaido_iburi_tobu,Hokkaido0692,0.5,946,471,4100,10867,52.314745511604315,0.2491178746858215,0.3313572908507894
E1,q2_x3_resunet_cas-multistream_seed2026,cas-multistream,placebo,2026,1120,na,hokkaido_iburi_tobu,Hokkaido0693,0.5,1359,614,3190,11221,50.44799302251776,0.2019810172029007,0.29780918610697915
E1,q2_x3_resunet_cas-multistream_seed2026,cas-multistream,placebo,2026,1120,na,hokkaido_iburi_tobu,Hokkaido0694,0.5,1480,1378,2541,10985,32.70691932928865,0.16893197137065213,0.27937515388576506
E1,q2_x3_resunet_cas-multistream_seed2026,cas-multistream,placebo,2026,1120,na,hokkaido_iburi_tobu,Hokkaido0695,0.5,901,401,2689,12393,52.825166253388694,0.24061389057454105,0.35859270504065516
E1,q2_x3_resunet_cas-multistream_seed2026,cas-multistream,placebo,2026,1120,na,hokkaido_iburi_tobu,Hokkaido0696,0.5,618,761,2453,12552,51.73199649423129,0.148079081412148,0.23134511606630917
E1,q2_x3_resunet_cas-multistream_seed2026,cas-multistream,placebo,2026,1120,na,hokkaido_iburi_tobu,Hokkaido0697,0.5,497,248,2543,13096,59.033888572581766,0.22261611922995939,0.3386404039312875
E1,q2_x3_resunet_cas-multistream_seed2026,cas-multistream,placebo,2026,1120,na,hokkaido_iburi_tobu,Hokkaido0698,0.5,0,117,1801,14466,68.62506713107005,0.0,0.0
E1,q2_x3_resunet_cas-multistream_seed2026,cas-multistream,placebo,2026,1120,na,hokkaido_iburi_tobu,Hokkaido0699,0.5,181,1178,902,14123,53.03772242470448,0.10729379942485269,0.18283597533180979
E1,q2_x3_resunet_cas-multistream_seed2026,cas-multistream,placebo,2026,1120,na,hokkaido_iburi_tobu,Hokkaido0700,0.5,460,1512,1706,12706,45.17742799230607,0.16770511849966402,0.2614070008613893
E1,q2_x3_resunet_cas-multistream_seed2026,cas-multistream,placebo,2026,1120,na,hokkaido_iburi_tobu,Hokkaido0701,0.5,299,1544,1527,13014,50.91168824543142,0.24362415253661526,0.36045116169960145
E1,q2_x3_resunet_cas-multistream_seed2026,cas-multistream,placebo,2026,1120,na,hokkaido_iburi_tobu,Hokkaido0702,0.5,49,2271,749,13315,51.34781550703623,0.04241781548207674,0.08820127984335967
E1,q2_x3_resunet_cas-multistream_seed2026,cas-multistream,placebo,2026,1120,na,hokkaido_iburi_tobu,Hokkaido0703,0.5,305,1567,841,13671,40.84604869581729,0.11764705882310883,0.2587932746296908
E1,q2_x3_resunet_cas-multistream_seed2026,cas-multistream,placebo,2026,1120,na,hokkaido_iburi_tobu,Hokkaido0704,0.5,367,2662,750,12605,33.421549934136806,0.11225021243896074,0.19752191541856198
E1,q2_x3_resunet_cas-multistream_seed2026,cas-multistream,placebo,2026,1120,na,hokkaido_iburi_tobu,Hokkaido0705,0.5,0,2714,320,13350,65.42168483688747,0.0,0.0
E1,q2_x3_resunet_cas-multistream_seed2026,cas-multistream,placebo,2026,1120,na,hokkaido_iburi_tobu,Hokkaido0707,0.5,40,323,230,15791,59.07617654505201,0.17971758664905538,0.28193061179768636
E1,q2_x3_resunet_cas-multistream_seed2026,cas-multistream,placebo,2026,1120,na,hokkaido_iburi_tobu,Hokkaido0708,0.5,180,293,445,15466,54.700800907992516,0.27486586875727004,0.3704271366913147
E1,q2_x3_resunet_cas-multistream_seed2026,cas-multistream,placebo,2026,1120,na,hokkaido_iburi_tobu,Hokkaido0709,0.5,0,1367,562,14455,55.774496222783355,0.0,0.0
E1,q2_x3_resunet_cas-multistream_seed2026,cas-multistream,placebo,2026,1120,na,hokkaido_iburi_tobu,Hokkaido0710,0.5,0,808,402,15174,73.75898831462135,0.0,0.005665722379234854
E1,q2_x3_resunet_cas-multistream_seed2026,cas-multistream,placebo,2026,1120,na,hokkaido_iburi_tobu,Hokkaido0711,0.5,124,2139,1105,13016,56.82165025109651,0.04768777059626803,0.06379359228760353
E1,q2_x3_resunet_cas-multistream_seed2026,cas-multistream,placebo,2026,1120,na,hokkaido_iburi_tobu,Hokkaido0712,0.5,0,903,1723,13758,59.96789212105022,0.0,0.0
E1,q2_x3_resunet_cas-multistream_seed2026,cas-multistream,placebo,2026,1120,na,hokkaido_iburi_tobu,Hokkaido0713,0.5,400,2077,1131,12776,42.941821107167776,0.1451384729103859,0.2654886037261835
E1,q2_x3_resunet_cas-multistream_seed2026,cas-multistream,placebo,2026,1120,na,hokkaido_iburi_tobu,Hokkaido0714,0.5,442,3084,467,12391,42.66009322793034,0.14379084967271394,0.20730490319956915
E1,q2_x3_resunet_cas-multistream_seed2026,cas-multistream,placebo,2026,1120,na,hokkaido_iburi_tobu,Hokkaido0715,0.5,45,1381,411,14547,45.49284752465921,0.1498810467877736,0.19721524765988785
E1,q2_x3_resunet_cas-multistream_seed2026,cas-multistream,placebo,2026,1120,na,hokkaido_iburi_tobu,Hokkaido0716,0.5,180,2012,587,13605,55.86591089385369,0.03112840466876797,0.11223944414702662
E1,q2_x3_resunet_cas-multistream_seed2026,cas-multistream,placebo,2026,1120,na,hokkaido_iburi_tobu,Hokkaido0717,0.5,278,1746,1182,13178,45.409106397255286,0.12164403759860729,0.1901104176663597
E1,q2_x3_resunet_cas-multistream_seed2026,cas-multistream,placebo,2026,1120,na,hokkaido_iburi_tobu,Hokkaido0718,0.5,107,2752,1261,12264,62.16711287440611,0.13939853571691163,0.20172475459951567
E1,q2_x3_resunet_cas-multistream_seed2026,cas-multistream,placebo,2026,1120,na,hokkaido_iburi_tobu,Hokkaido0719,0.5,225,4131,1028,11000,44.57844193891064,0.07195533806554266,0.09728415078995134
E1,q2_x3_resunet_cas-multistream_seed2026,cas-multistream,placebo,2026,1120,na,hokkaido_iburi_tobu,Hokkaido0720,0.5,523,3729,1672,10460,44.14685633197081,0.1864155186240054,0.2792876826681803
E1,q2_x3_resunet_cas-multistream_seed2026,cas-multistream,placebo,2026,1120,na,hokkaido_iburi_tobu,Hokkaido0721,0.5,362,1620,2074,12328,50.21197138976376,0.14902275462794046,0.23619800042546368
E1,q2_x3_resunet_cas-multistream_seed2026,cas-multistream,placebo,2026,1120,na,hokkaido_iburi_tobu,Hokkaido0722,0.5,42,1370,1424,13548,54.00460023026244,0.0733050725261088,0.11612042436852078
E1,q2_x3_resunet_cas-multistream_seed2026,cas-multistream,placebo,2026,1120,na,hokkaido_iburi_tobu,Hokkaido0723,0.5,143,2419,420,13402,56.65824686370695,0.08113403249923017,0.18617336043380803
E1,q2_x3_resunet_cas-multistream_seed2026,cas-multistream,placebo,2026,1120,na,hokkaido_iburi_tobu,Hokkaido0724,0.5,21,31,1706,14626,58.282494004228404,0.0,0.0404088424053593
E1,q2_x3_resunet_cas-multistream_seed2026,cas-multistream,placebo,2026,1120,na,hokkaido_iburi_tobu,Hokkaido0725,0.5,1244,525,2768,11847,28.178005607210743,0.39877066626599933,0.5582302025849741
E1,q2_x3_resunet_cas-multistream_seed2026,cas-multistream,placebo,2026,1120,na,hokkaido_iburi_tobu,Hokkaido0726,0.5,714,522,2684,12464,41.0438785250751,0.18996664977524896,0.29373735735461987
E1,q2_x3_resunet_cas-multistream_seed2026,cas-multistream,placebo,2026,1120,na,hokkaido_iburi_tobu,Hokkaido0727,0.5,0,779,874,14731,52.00048072478917,0.0,0.0
E1,q2_x3_resunet_cas-multistream_seed2026,cas-multistream,placebo,2026,1120,na,hokkaido_iburi_tobu,Hokkaido0728,0.5,0,2357,215,13812,68.41052550594829,0.0,0.0
E1,q2_x3_resunet_cas-multistream_seed2026,cas-multistream,placebo,2026,1120,na,hokkaido_iburi_tobu,Hokkaido0729,0.5,0,1703,735,13946,59.40312926637617,0.0,0.0
E1,q2_x3_resunet_cas-multistream_seed2026,cas-multistream,placebo,2026,1120,na,hokkaido_iburi_tobu,Hokkaido0730,0.5,715,1054,1096,13519,33.421549934136806,0.3594079352653545,0.4810292615242322
E1,q2_x3_resunet_cas-multistream_seed2026,cas-multistream,placebo,2026,1120,na,hokkaido_iburi_tobu,Hokkaido0731,0.5,673,1762,778,13171,37.98215302247187,0.18515401447523186,0.29910779227029904
E1,q2_x3_resunet_cas-multistream_seed2026,cas-multistream,placebo,2026,1120,na,hokkaido_iburi_tobu,Hokkaido0732,0.5,0,538,183,15663,76.24785337623173,0.0,0.0
E1,q2_x3_resunet_cas-multistream_seed2026,cas-multistream,placebo,2026,1120,na,hokkaido_iburi_tobu,Hokkaido0733,0.5,153,1254,788,14189,64.18510920718404,0.09553091028834802,0.14314928425312312
E1,q2_x3_resunet_cas-multistream_seed2026,cas-multistream,placebo,2026,1120,na,hokkaido_iburi_tobu,Hokkaido0734,0.5,742,843,3118,11681,35.03140295725391,0.20740069461313146,0.37878055850770204
E1,q2_x3_resunet_cas-multistream_seed2026,cas-multistream,placebo,2026,1120,na,hokkaido_iburi_tobu,Hokkaido0735,0.5,334,504,4793,10753,55.004999586845145,0.13105475127878174,0.22442670352229446
E1,q2_x3_resunet_cas-multistream_seed2026,cas-multistream,placebo,2026,1120,na,hokkaido_iburi_tobu,Hokkaido0736,0.5,347,1145,2651,12241,53.794974600393495,0.10684179572601751,0.21590078485374845
E1,q2_x3_resunet_cas-multistream_seed2026,cas-multistream,placebo,2026,1120,na,hokkaido_iburi_tobu,Hokkaido0737,0.5,277,1454,1344,13309,53.82376971680026,0.11748857042807014,0.23196931334016502
E1,q2_x3_resunet_cas-multistream_seed2026,cas-multistream,placebo,2026,1120,na,hokkaido_iburi_tobu,Hokkaido0738,0.5,282,1780,1415,12907,44.721359549995796,0.12206276612478258,0.2162601626011538
E1,q2_x3_resunet_cas-multistream_seed2026,cas-multistream,placebo,2026,1120,na,hokkaido_iburi_tobu,Hokkaido0739,0.5,0,793,1490,14101,63.08247899370112,0.0,0.0
E1,q2_x3_resunet_cas-multistream_seed2026,cas-multistream,placebo,2026,1120,na,hokkaido_iburi_tobu,Hokkaido0740,0.5,0,685,1869,13830,68.24441360820576,0.0,0.016943169784441596
E1,q2_x3_resunet_cas-multistream_seed2026,cas-multistream,placebo,2026,1120,na,hokkaido_iburi_tobu,Hokkaido0741,0.5,420,2511,2413,11040,44.941071412216736,0.16180977956557854,0.2712887310156713
E1,q2_x3_resunet_cas-multistream_seed2026,cas-multistream,placebo,2026,1120,na,hokkaido_iburi_tobu,Hokkaido0742,0.5,1162,2725,2354,10143,37.62678364968261,0.20448949546023681,0.33443373533912263
E1,q2_x3_resunet_cas-multistream_seed2026,cas-multistream,placebo,2026,1120,na,hokkaido_iburi_tobu,Hokkaido0743,0.5,874,1018,3157,11335,50.167217219927046,0.1937732946954308,0.268968078043681
E1,q2_x3_resunet_cas-multistream_seed2026,cas-multistream,placebo,2026,1120,na,hokkaido_iburi_tobu,Hokkaido0744,0.5,500,1004,3428,11452,52.81143937328751,0.16181557551676856,0.281038005298571
E1,q2_x3_resunet_cas-multistream_seed2026,cas-multistream,placebo,2026,1120,na,hokkaido_iburi_tobu,Hokkaido0745,0.5,466,337,3119,12462,55.080395691138015,0.15306094125137676,0.23822065855438085
E1,q2_x3_resunet_cas-multistream_seed2026,cas-multistream,placebo,2026,1120,na,hokkaido_iburi_tobu,Hokkaido0746,0.5,696,1097,2675,11916,40.828267675898616,0.25740358525974116,0.3953453898602862
E1,q2_x3_resunet_cas-multistream_seed2026,cas-multistream,placebo,2026,1120,na,hokkaido_iburi_tobu,Hokkaido0747,0.5,156,208,3421,12599,63.45863034359024,0.07257904155881112,0.1242538575627338
E1,q2_x3_resunet_cas-multistream_seed2026,cas-multistream,placebo,2026,1120,na,hokkaido_iburi_tobu,Hokkaido0748,0.5,163,16,2639,13566,78.0784750675563,0.12126777845504264,0.1567847467506455
E1,q2_x3_resunet_cas-multistream_seed2026,cas-multistream,placebo,2026,1120,na,hokkaido_iburi_tobu,Hokkaido0749,0.5,230,2619,988,12547,43.58497111196357,0.07765793528464739,0.21157691227213912
E1,q2_x3_resunet_cas-multistream_seed2026,cas-multistream,placebo,2026,1120,na,hokkaido_iburi_tobu,Hokkaido0750,0.5,225,2714,1497,11948,38.15229598764736,0.089419978517328,0.16779533014145498
E1,q2_x3_resunet_cas-multistream_seed2026,cas-multistream,placebo,2026,1120,na,hokkaido_iburi_tobu,Hokkaido0751,0.5,220,798,1819,13547,55.876647456946,0.07601144258254265,0.09686432784830007
E1,q2_x3_resunet_cas-multistream_seed2026,cas-multistream,placebo,2026,1120,na,hokkaido_iburi_tobu,Hokkaido0752,0.5,279,821,763,14521,53.2634959423431,0.13216917654562899,0.2506652364938104
E1,q2_x3_resunet_cas-multistream_seed2026,cas-multistream,placebo,2026,1120,na,hokkaido_iburi_tobu,Hokkaido0753,0.5,106,2713,873,12692,42.53819744489616,0.09309276865410644,0.1482256061690884
E1,q2_x3_resunet_cas-multistream_seed2026,cas-multistream,placebo,2026,1120,na,hokkaido_iburi_tobu,Hokkaido0754,0.5,493,2784,906,12201,32.72001075245353,0.23337221037544098,0.33435874960978146
E1,q2_x3_resunet_cas-multistream_seed2026,cas-multistream,placebo,2026,1120,na,hokkaido_iburi_tobu,Hokkaido0755,0.5,131,2914,636,12703,52.49094778583141,0.12339161992692411,0.1811731914349492
E1,q2_x3_resunet_cas-multistream_seed2026,cas-multistream,placebo,2026,1120,na,hokkaido_iburi_tobu,Hokkaido0758,0.5,121,0,915,15348,92.93542161099461,0.024464831804009723,0.18349073960480822
E1,q2_x3_resunet_cas-multistream_seed2026,cas-multistream,placebo,2026,1120,na,hokkaido_iburi_tobu,Hokkaido0759,0.5,173,108,498,15605,78.43022262296569,0.32632374236565026,0.5202349727956055
E1,q2_x3_resunet_cas-multistream_seed2026,cas-multistream,placebo,2026,1120,na,hokkaido_iburi_tobu,Hokkaido0760,0.5,133,1978,407,13866,45.36063411302444,0.11506849315024265,0.17689687209619392
E1,q2_x3_resunet_cas-multistream_seed2026,cas-multistream,placebo,2026,1120,na,hokkaido_iburi_tobu,Hokkaido0761,0.5,875,1695,1123,12691,32.01562118716424,0.2785783078970685,0.4127057948093625
E1,q2_x3_resunet_cas-multistream_seed2026,cas-multistream,placebo,2026,1120,na,hokkaido_iburi_tobu,Hokkaido0762,0.5,872,251,3248,12013,42.0,0.28070572136412725,0.4237408674645451
E1,q2_x3_resunet_cas-multistream_seed2026,cas-multistream,placebo,2026,1120,na,hokkaido_iburi_tobu,Hokkaido0763,0.5,21,323,2857,13183,56.37196606035411,0.053995566346302225,0.07952393832820603
E1,q2_x3_resunet_cas-multistream_seed2026,cas-multistream,placebo,2026,1120,na,hokkaido_iburi_tobu,Hokkaido0764,0.5,19,1363,1372,13630,60.13152058309217,0.052631578946983885,0.07540253959906158
E1,q2_x3_resunet_cas-multistream_seed2026,cas-multistream,placebo,2026,1120,na,hokkaido_iburi_tobu,Hokkaido0765,0.5,573,1516,754,13541,41.54058733769173,0.21797918544577888,0.3539263706742309
E1,q2_x3_resunet_cas-multistream_seed2026,cas-multistream,placebo,2026,1120,na,hokkaido_iburi_tobu,Hokkaido0766,0.5,13,1509,768,14094,38.48376280978771,0.04703576678049098,0.06949040370565722
E1,q2_x3_resunet_cas-multistream_seed2026,cas-multistream,placebo,2026,1120,na,hokkaido_iburi_tobu,Hokkaido0767,0.5,806,234,1825,13519,56.73167271924535,0.313503061552985,0.48633060329872263
E1,q2_x3_resunet_cas-multistream_seed2026,cas-multistream,placebo,2026,1120,na,hokkaido_iburi_tobu,Hokkaido0768,0.5,177,2313,2195,11699,61.818268987887556,0.0743602609127798,0.09830508474537533
E1,q2_x3_resunet_cas-multistream_seed2026,cas-multistream,placebo,2026,1120,na,hokkaido_iburi_tobu,Hokkaido0769,0.5,29,2122,366,13867,58.571255527660725,0.12051002954391739,0.15764958796082498
E1,q2_x3_resunet_cas-multistream_seed2026,cas-multistream,placebo,2026,1120,na,hokkaido_iburi_tobu,Hokkaido0770,0.5,0,2335,1592,12457,59.96455973174076,0.0026990553301350436,0.01199100674453073
E1,q2_x3_resunet_cas-multistream_seed2026,cas-multistream,placebo,2026,1120,na,hokkaido_iburi_tobu,Hokkaido0771,0.5,639,250,1715,13780,54.86335757063853,0.2536923076919218,0.35826750204265406
E1,q2_x3_resunet_cas-multistream_seed2026,cas-multistream,placebo,2026,1120,na,hokkaido_iburi_tobu,Hokkaido0772,0.5,0,918,981,14485,63.490515037233216,0.0,0.0
E1,q2_x3_resunet_cas-multistream_seed2026,cas-multistream,placebo,2026,1120,na,hokkaido_iburi_tobu,Hokkaido0774,0.5,0,653,194,15537,78.02080531958697,0.0,0.0
E1,q2_x3_resunet_cas-multistream_seed2026,cas-multistream,placebo,2026,1120,na,hokkaido_iburi_tobu,Hokkaido0775,0.5,624,1510,1446,12804,41.89031100945945,0.14247069431871626,0.20030057108456195
E1,q2_x3_resunet_cas-multistream_seed2026,cas-multistream,placebo,2026,1120,na,hokkaido_iburi_tobu,Hokkaido0776,0.5,1,25,3600,12758,80.25707710897794,0.0,0.0077942322679648195
E1,q2_x3_resunet_cas-multistream_seed2026,cas-multistream,placebo,2026,1120,na,hokkaido_iburi_tobu,Hokkaido0777,0.5,552,726,1233,13873,57.28001396647874,0.12784461516124407,0.18427114182260135
E1,q2_x3_resunet_cas-multistream_seed2026,cas-multistream,placebo,2026,1120,na,hokkaido_iburi_tobu,Hokkaido0778,0.5,0,1152,60,15172,78.16520647336733,0.0,0.0
E1,q2_x3_resunet_cas-multistream_seed2026,cas-multistream,placebo,2026,1120,na,hokkaido_iburi_tobu,Hokkaido0779,0.5,0,183,328,15873,85.30884268053106,0.0,0.0
E1,q2_x3_resunet_cas-multistream_seed2026,cas-multistream,placebo,2026,1120,na,hokkaido_iburi_tobu,Hokkaido0780,0.5,0,546,328,15510,62.4690519178653,0.0,0.0
E1,q2_x3_resunet_cas-multistream_seed2026,cas-multistream,placebo,2026,1120,na,hokkaido_iburi_tobu,Hokkaido0781,0.5,0,1398,114,14872,72.04859270666209,0.0,0.0
E1,q2_x3_resunet_cas-multistream_seed2026,cas-multistream,placebo,2026,1120,na,hokkaido_iburi_tobu,Hokkaido0782,0.5,11,345,1210,14818,70.86533508738327,0.04973577867552022,0.07460366801341266
E1,q2_x3_resunet_cas-multistream_seed2026,cas-multistream,placebo,2026,1120,na,hokkaido_iburi_tobu,Hokkaido0783,0.5,841,564,2879,12100,54.08696586985778,0.15303271129786813,0.2234582845856227
E1,q2_x3_resunet_cas-multistream_seed2026,cas-multistream,placebo,2026,1120,na,hokkaido_iburi_tobu,Hokkaido0784,0.5,622,358,4478,10926,46.447712012957155,0.1702143352700051,0.2455697163206323
E1,q2_x3_resunet_cas-multistream_seed2026,cas-multistream,placebo,2026,1120,na,hokkaido_iburi_tobu,Hokkaido0785,0.5,542,693,3400,11749,43.56604182158393,0.19517907466662823,0.30878644704870506
E1,q2_x3_resunet_cas-multistream_seed2026,cas-multistream,placebo,2026,1120,na,hokkaido_iburi_tobu,Hokkaido0786,0.5,712,918,2930,11824,48.373546489791295,0.17772539446626417,0.2845958331011537
E1,q2_x3_resunet_cas-multistream_seed2026,cas-multistream,placebo,2026,1120,na,hokkaido_iburi_tobu,Hokkaido0787,0.5,57,60,4055,12212,65.48930670744588,0.036767693751961684,0.05627863011700575
E1,q2_x3_resunet_cas-multistream_seed2026,cas-multistream,placebo,2026,1120,na,hokkaido_iburi_tobu,Hokkaido0788,0.5,325,521,2545,12993,54.65320559898205,0.1480834845926004,0.25030218105165825
E1,q2_x3_resunet_cas-multistream_seed2026,cas-multistream,placebo,2026,1120,na,hokkaido_iburi_tobu,Hokkaido0789,0.5,239,154,1887,14104,67.23280400486054,0.1328903654482697,0.20010125300567866
E1,q2_x3_resunet_cas-multistream_seed2026,cas-multistream,placebo,2026,1120,na,hokkaido_iburi_tobu,Hokkaido0790,0.5,395,1104,1772,13113,42.01895547849576,0.14092140921378135,0.23010600706679374
E1,q2_x3_resunet_cas-multistream_seed2026,cas-multistream,placebo,2026,1120,na,hokkaido_iburi_tobu,Hokkaido0791,0.5,402,892,1989,13101,46.1107319945963,0.17868538608770096,0.2897892381171477
E1,q2_x3_resunet_cas-multistream_seed2026,cas-multistream,placebo,2026,1120,na,hokkaido_iburi_tobu,Hokkaido0792,0.5,345,243,3267,12529,57.02191198032586,0.17165353628554625,0.25738149704714636
E1,q2_x3_resunet_cas-multistream_seed2026,cas-multistream,placebo,2026,1120,na,hokkaido_iburi_tobu,Hokkaido0793,0.5,312,54,4720,11298,62.08037104320681,0.1316366297315588,0.17677198975218725
E1,q2_x3_resunet_cas-multistream_seed2026,cas-multistream,placebo,2026,1120,na,hokkaido_iburi_tobu,Hokkaido0794,0.5,0,0,5270,11114,181.01933598375618,0.0,0.0
E1,q2_x3_resunet_cas-multistream_seed2026,cas-multistream,placebo,2026,1120,na,hokkaido_iburi_tobu,Hokkaido0795,0.5,271,124,4667,11322,61.28458090099731,0.1158999976717718,0.17261671243609178
E1,q2_x3_resunet_cas-multistream_seed2026,cas-multistream,placebo,2026,1120,na,hokkaido_iburi_tobu,Hokkaido0796,0.5,41,5,4456,11882,59.196282123959804,0.04367231013237135,0.08139534883713122
E1,q2_x3_resunet_cas-multistream_seed2026,cas-multistream,placebo,2026,1120,na,hokkaido_iburi_tobu,Hokkaido0797,0.5,41,1,3760,12582,75.34450800435866,0.03889588236362186,0.08309990662923875
E1,q2_x3_resunet_cas-multistream_seed2026,cas-multistream,placebo,2026,1120,na,hokkaido_iburi_tobu,Hokkaido0798,0.5,166,1399,2095,12724,54.940557732044965,0.10790545194535851,0.17759053126852076
E1,q2_x3_resunet_cas-multistream_seed2026,cas-multistream,placebo,2026,1120,na,hokkaido_iburi_tobu,Hokkaido0799,0.5,210,1479,1149,13546,55.2448974175005,0.1419335913256892,0.20962064328953645
E1,q2_x3_resunet_cas-multistream_seed2026,cas-multistream,placebo,2026,1120,na,hokkaido_iburi_tobu,Hokkaido0800,0.5,501,2937,1153,11793,48.10093496884214,0.084203725637577,0.16216632048576654
E1,q2_x3_resunet_cas-multistream_seed2026,cas-multistream,placebo,2026,1120,na,hokkaido_iburi_tobu,Hokkaido0801,0.5,380,2733,1413,11858,32.7566787083184,0.1489502382112817,0.2280602769349669
E1,q2_x3_resunet_cas-multistream_seed2026,cas-multistream,placebo,2026,1120,na,hokkaido_iburi_tobu,Hokkaido0802,0.5,41,1892,1255,13196,51.22499389946279,0.051954453590622236,0.07580174927075273
E1,q2_x3_resunet_cas-multistream_seed2026,cas-multistream,placebo,2026,1120,na,hokkaido_iburi_tobu,Hokkaido0803,0.5,168,3238,593,12385,38.09187191013209,0.1461372573888486,0.22046414613287335
E1,q2_x3_resunet_cas-multistream_seed2026,cas-multistream,placebo,2026,1120,na,hokkaido_iburi_tobu,Hokkaido0804,0.5,120,3580,379,12305,49.986997398959474,0.08400704575172888,0.1682425231838657
E1,q2_x3_resunet_cas-multistream_seed2026,cas-multistream,placebo,2026,1120,na,hokkaido_iburi_tobu,Hokkaido0806,0.5,98,0,487,15799,110.8065658596214,0.0,0.0
E1,q2_x3_resunet_cas-multistream_seed2026,cas-multistream,placebo,2026,1120,na,hokkaido_iburi_tobu,Hokkaido0807,0.5,55,169,151,16009,50.30504676070034,0.38330706048236785,0.4923713472971468
E1,q2_x3_resunet_cas-multistream_seed2026,cas-multistream,placebo,2026,1120,na,hokkaido_iburi_tobu,Hokkaido0808,0.5,0,2117,402,13865,61.326992425847855,0.0,0.0
E1,q2_x3_resunet_cas-multistream_seed2026,cas-multistream,placebo,2026,1120,na,hokkaido_iburi_tobu,Hokkaido0809,0.5,302,1995,1414,12673,42.04759208325728,0.19924098671679527,0.27035985440669874
E1,q2_x3_resunet_cas-multistream_seed2026,cas-multistream,placebo,2026,1120,na,hokkaido_iburi_tobu,Hokkaido0810,0.5,1065,1682,2407,11230,30.123063283210655,0.32632889893730854,0.4778397289908016
E1,q2_x3_resunet_cas-multistream_seed2026,cas-multistream,placebo,2026,1120,na,hokkaido_iburi_tobu,Hokkaido0811,0.5,382,493,2517,12992,51.72812375265161,0.14219330854984577,0.24488505907361413
E1,q2_x3_resunet_cas-multistream_seed2026,cas-multistream,placebo,2026,1120,na,hokkaido_iburi_tobu,Hokkaido0812,0.5,408,3424,1697,10855,35.628591624570355,0.2328438826774025,0.36278084005317357
E1,q2_x3_resunet_cas-multistream_seed2026,cas-multistream,placebo,2026,1120,na,hokkaido_iburi_tobu,Hokkaido0813,0.5,215,1064,1455,13650,55.14253120162244,0.16553619289942126,0.25440200530050094
E1,q2_x3_resunet_cas-multistream_seed2026,cas-multistream,placebo,2026,1120,na,hokkaido_iburi_tobu,Hokkaido0814,0.5,0,969,407,15008,62.13975645188122,0.0,0.009456264774921562
E1,q2_x3_resunet_cas-multistream_seed2026,cas-multistream,placebo,2026,1120,na,hokkaido_iburi_tobu,Hokkaido0815,0.5,279,2265,1538,12302,34.85825419211898,0.2556574047545902,0.33997920901099865
E1,q2_x3_resunet_cas-multistream_seed2026,cas-multistream,placebo,2026,1120,na,hokkaido_iburi_tobu,Hokkaido0816,0.5,1133,1445,1017,12789,45.02216762183801,0.23776976573267408,0.37597266207360946
E1,q2_x3_resunet_cas-multistream_seed2026,cas-multistream,placebo,2026,1120,na,hokkaido_iburi_tobu,Hokkaido0817,0.5,146,229,1356,14653,41.75882563090263,0.09735378138586621,0.198860777327833
E1,q2_x3_resunet_cas-multistream_seed2026,cas-multistream,placebo,2026,1120,na,hokkaido_iburi_tobu,Hokkaido0818,0.5,797,1267,1552,12768,43.85430281277995,0.21771018296874683,0.3797296686401991
E1,q2_x3_resunet_cas-multistream_seed2026,cas-multistream,placebo,2026,1120,na,hokkaido_iburi_tobu,Hokkaido0819,0.5,0,725,1759,13900,47.00531854708632,0.0,0.0
E1,q2_x3_resunet_cas-multistream_seed2026,cas-multistream,placebo,2026,1120,na,hokkaido_iburi_tobu,Hokkaido0820,0.5,10,651,574,15149,66.46083955061901,0.00919540229837753,0.04891304347776513
E1,q2_x3_resunet_cas-multistream_seed2026,cas-multistream,placebo,2026,1120,na,hokkaido_iburi_tobu,Hokkaido0821,0.5,0,1083,304,14997,63.29529387734254,0.0,0.0
E1,q2_x3_resunet_cas-multistream_seed2026,cas-multistream,placebo,2026,1120,na,hokkaido_iburi_tobu,Hokkaido0822,0.5,1,842,425,15116,54.120236510939236,0.05637467476099245,0.11676396997448191
E1,q2_x3_resunet_cas-multistream_seed2026,cas-multistream,placebo,2026,1120,na,hokkaido_iburi_tobu,Hokkaido0823,0.5,305,649,2079,13351,78.00640999302557,0.10275229357773377,0.14201478659198374
E1,q2_x3_resunet_cas-multistream_seed2026,cas-multistream,placebo,2026,1120,na,hokkaido_iburi_tobu,Hokkaido0824,0.5,1732,1314,3629,9709,38.9120794802681,0.2750205801932354,0.4363324009987819
E1,q2_x3_resunet_cas-multistream_seed2026,cas-multistream,placebo,2026,1120,na,hokkaido_iburi_tobu,Hokkaido0825,0.5,477,93,3418,12396,54.440787200804245,0.17571931457810971,0.29519168068066615
E1,q2_x3_resunet_cas-multistream_seed2026,cas-multistream,placebo,2026,1120,na,hokkaido_iburi_tobu,Hokkaido0826,0.5,39,2174,1285,12886,53.072948827681486,0.06629168340655599,0.13786938689615091
E1,q2_x3_resunet_cas-multistream_seed2026,cas-multistream,placebo,2026,1120,na,hokkaido_iburi_tobu,Hokkaido0827,0.5,24,3906,1122,11332,68.85344053969413,0.08307372793304314,0.12993503248325844
E1,q2_x3_resunet_cas-multistream_seed2026,cas-multistream,placebo,2026,1120,na,hokkaido_iburi_tobu,Hokkaido0828,0.5,350,2021,1405,12608,55.99276060623164,0.196995708154015,0.3093238010123092
E1,q2_x3_resunet_cas-multistream_seed2026,cas-multistream,placebo,2026,1120,na,hokkaido_iburi_tobu,Hokkaido0829,0.5,165,2139,1841,12239,48.356953666419955,0.08981877740755836,0.13507553897871524
E1,q2_x3_resunet_cas-multistream_seed2026,cas-multistream,placebo,2026,1120,na,hokkaido_iburi_tobu,Hokkaido0830,0.5,0,1361,1409,13614,56.4003546088143,0.0,0.0
E1,q2_x3_resunet_cas-multistream_seed2026,cas-multistream,placebo,2026,1120,na,hokkaido_iburi_tobu,Hokkaido0831,0.5,407,843,2169,12965,52.21396947087791,0.16791877417410989,0.24706823789400081
E1,q2_x3_resunet_cas-multistream_seed2026,cas-multistream,placebo,2026,1120,na,hokkaido_iburi_tobu,Hokkaido0832,0.5,680,1097,3977,10630,52.02401497036714,0.09906148456058725,0.19171786433080837
E1,q2_x3_resunet_cas-multistream_seed2026,cas-multistream,placebo,2026,1120,na,hokkaido_iburi_tobu,Hokkaido0833,0.5,1821,551,3763,10249,43.18564576337837,0.21411830135436843,0.3356043401460538
E1,q2_x3_resunet_cas-multistream_seed2026,cas-multistream,placebo,2026,1120,na,hokkaido_iburi_tobu,Hokkaido0834,0.5,601,218,3669,11896,49.73932046178355,0.16434502845133744,0.2775072372700154
E1,q2_x3_resunet_cas-multistream_seed2026,cas-multistream,placebo,2026,1120,na,hokkaido_iburi_tobu,Hokkaido0835,0.5,411,803,3449,11721,45.69463863518345,0.19798226689416049,0.27523299623207376
E1,q2_x3_resunet_cas-multistream_seed2026,cas-multistream,placebo,2026,1120,na,hokkaido_iburi_tobu,Hokkaido0836,0.5,372,417,4932,10663,48.38388161361178,0.19578915783133824,0.3057797248479316
E1,q2_x3_resunet_cas-multistream_seed2026,cas-multistream,placebo,2026,1120,na,hokkaido_iburi_tobu,Hokkaido0837,0.5,90,71,4010,12213,65.76853252139142,0.057195209737492585,0.08221058557680934
E1,q2_x3_resunet_cas-multistream_seed2026,cas-multistream,placebo,2026,1120,na,hokkaido_iburi_tobu,Hokkaido0838,0.5,284,122,2143,13835,70.79064470169591,0.0965218838407628,0.15139966338419864
E1,q2_x3_resunet_cas-multistream_seed2026,cas-multistream,placebo,2026,1120,na,hokkaido_iburi_tobu,Hokkaido0839,0.5,29,1358,2122,12875,62.25337402194275,0.03803888419238269,0.054618050323585625
E1,q2_x3_resunet_cas-multistream_seed2026,cas-multistream,placebo,2026,1120,na,hokkaido_iburi_tobu,Hokkaido0840,0.5,372,2840,1739,11433,46.150280545605526,0.15234988522369758,0.2587566240140425
E1,q2_x3_resunet_cas-multistream_seed2026,cas-multistream,placebo,2026,1120,na,hokkaido_iburi_tobu,Hokkaido0841,0.5,932,3193,2298,9961,36.73686250430525,0.19655071805970592,0.2841813530410813
E1,q2_x3_resunet_cas-multistream_seed2026,cas-multistream,placebo,2026,1120,na,hokkaido_iburi_tobu,Hokkaido0842,0.5,1606,781,2894,11103,31.774202437899717,0.17171823333923025,0.2914513105951819
E1,q2_x3_resunet_cas-multistream_seed2026,cas-multistream,placebo,2026,1120,na,hokkaido_iburi_tobu,Hokkaido0843,0.5,31,0,5312,11041,125.67170771554338,0.0035890533871469534,0.019729256523015607
E1,q2_x3_resunet_cas-multistream_seed2026,cas-multistream,placebo,2026,1120,na,hokkaido_iburi_tobu,Hokkaido0844,0.5,567,117,5117,10583,65.93025774021221,0.17515789473664978,0.23705389423540357
E1,q2_x3_resunet_cas-multistream_seed2026,cas-multistream,placebo,2026,1120,na,hokkaido_iburi_tobu,Hokkaido0845,0.5,545,450,3802,11587,71.17689216950765,0.10441445738621331,0.1658799135304624
E1,q2_x3_resunet_cas-multistream_seed2026,cas-multistream,placebo,2026,1120,na,hokkaido_iburi_tobu,Hokkaido0846,0.5,305,323,2812,12944,66.94363140403252,0.11500065677110016,0.17905405405384042
E1,q2_x3_resunet_cas-multistream_seed2026,cas-multistream,placebo,2026,1120,na,hokkaido_iburi_tobu,Hokkaido0847,0.5,157,277,2333,13617,55.580563581896925,0.12011661807559038,0.20650825933802122
E1,q2_x3_resunet_cas-multistream_seed2026,cas-multistream,placebo,2026,1120,na,hokkaido_iburi_tobu,Hokkaido0848,0.5,337,2034,1212,12801,46.8401342264007,0.1279387106501571,0.22927641455318418
E1,q2_x3_resunet_cas-multistream_seed2026,cas-multistream,placebo,2026,1120,na,hokkaido_iburi_tobu,Hokkaido0849,0.5,240,4126,1027,10991,37.64306044943742,0.16992687274840912,0.26983989341945547
E1,q2_x3_resunet_cas-multistream_seed2026,cas-multistream,placebo,2026,1120,na,hokkaido_iburi_tobu,Hokkaido0850,0.5,1107,3158,1272,10847,35.14540081404736,0.22650357575483285,0.3495587258772591
E1,q2_x3_resunet_cas-multistream_seed2026,cas-multistream,placebo,2026,1120,na,hokkaido_iburi_tobu,Hokkaido0851,0.5,481,3426,1618,10859,36.61966684720111,0.17907410547695277,0.2811113705342201
E1,q2_x3_resunet_cas-multistream_seed2026,cas-multistream,placebo,2026,1120,na,hokkaido_iburi_tobu,Hokkaido0852,0.5,32,4480,436,11436,54.65341231924344,0.08784746970728498,0.15539291412314885
E1,q2_x3_resunet_cas-multistream_seed2026,cas-multistream,placebo,2026,1120,na,hokkaido_iburi_tobu,Hokkaido0853,0.5,0,3771,50,12563,67.97792764918997,0.0,0.0
E1,q2_x3_resunet_cas-multistream_seed2026,cas-multistream,placebo,2026,1120,na,hokkaido_iburi_tobu,Hokkaido0856,0.5,0,0,95,16289,181.01933598375618,0.0,0.0
E1,q2_x3_resunet_cas-multistream_seed2026,cas-multistream,placebo,2026,1120,na,hokkaido_iburi_tobu,Hokkaido0857,0.5,0,202,267,15915,70.56196478968835,0.0,0.0
E1,q2_x3_resunet_cas-multistream_seed2026,cas-multistream,placebo,2026,1120,na,hokkaido_iburi_tobu,Hokkaido0858,0.5,435,1837,1454,12658,42.967987455391274,0.1615203619905038,0.2501309765149063
E1,q2_x3_resunet_cas-multistream_seed2026,cas-multistream,placebo,2026,1120,na,hokkaido_iburi_tobu,Hokkaido0859,0.5,612,2335,1429,12008,30.67245992183953,0.2369054249745146,0.34763898671040533
E1,q2_x3_resunet_cas-multistream_seed2026,cas-multistream,placebo,2026,1120,na,hokkaido_iburi_tobu,Hokkaido0860,0.5,219,1429,1462,13274,48.91829923454004,0.10294038305873401,0.16159530791753693
E1,q2_x3_resunet_cas-multistream_seed2026,cas-multistream,placebo,2026,1120,na,hokkaido_iburi_tobu,Hokkaido0861,0.5,734,1054,1586,13010,44.68443671544083,0.2120915480546006,0.3597367402242131
E1,q2_x3_resunet_cas-multistream_seed2026,cas-multistream,placebo,2026,1120,na,hokkaido_iburi_tobu,Hokkaido0862,0.5,275,1744,1286,13079,44.11035765835608,0.10251239391612774,0.13596823191496918
E1,q2_x3_resunet_cas-multistream_seed2026,cas-multistream,placebo,2026,1120,na,hokkaido_iburi_tobu,Hokkaido0863,0.5,156,1985,454,13789,41.023162395665736,0.14064293914991002,0.2819383259907013
E1,q2_x3_resunet_cas-multistream_seed2026,cas-multistream,placebo,2026,1120,na,hokkaido_iburi_tobu,Hokkaido0864,0.5,45,2369,228,13742,58.35095516919606,0.13090043633431436,0.1904456556583779
E1,q2_x3_resunet_cas-multistream_seed2026,cas-multistream,placebo,2026,1120,na,hokkaido_iburi_tobu,Hokkaido0865,0.5,45,2113,816,13410,46.596962440909884,0.0,0.0
E1,q2_x3_resunet_cas-multistream_seed2026,cas-multistream,placebo,2026,1120,na,hokkaido_iburi_tobu,Hokkaido0866,0.5,127,101,1541,14615,74.25496538247697,0.10435371844799034,0.19087062212993902
E1,q2_x3_resunet_cas-multistream_seed2026,cas-multistream,placebo,2026,1120,na,hokkaido_iburi_tobu,Hokkaido0867,0.5,0,1107,973,14304,50.92150822589606,0.0,0.013186813186363966
E1,q2_x3_resunet_cas-multistream_seed2026,cas-multistream,placebo,2026,1120,na,hokkaido_iburi_tobu,Hokkaido0868,0.5,0,466,502,15416,57.291707628157354,0.0,0.0
E1,q2_x3_resunet_cas-multistream_seed2026,cas-multistream,placebo,2026,1120,na,hokkaido_iburi_tobu,Hokkaido0869,0.5,528,1740,435,13681,60.897098138792806,0.2053242615687614,0.32823292935996273
E1,q2_x3_resunet_cas-multistream_seed2026,cas-multistream,placebo,2026,1120,na,hokkaido_iburi_tobu,Hokkaido0870,0.5,74,4673,716,10921,34.92849839314596,0.09463570083483033,0.16630952049599887
E1,q2_x3_resunet_cas-multistream_seed2026,cas-multistream,placebo,2026,1120,na,hokkaido_iburi_tobu,Hokkaido0871,0.5,569,2169,914,12732,39.05124837953327,0.15821337279649508,0.28766632247383533
E1,q2_x3_resunet_cas-multistream_seed2026,cas-multistream,placebo,2026,1120,na,hokkaido_iburi_tobu,Hokkaido0872,0.5,14,0,5371,10999,72.1109754821161,0.013474062429806994,0.030316540347718694
E1,q2_x3_resunet_cas-multistream_seed2026,cas-multistream,placebo,2026,1120,na,hokkaido_iburi_tobu,Hokkaido0873,0.5,2156,567,6649,7012,43.18564576337837,0.26117485428565984,0.4028250421869043
E1,q2_x3_resunet_cas-multistream_seed2026,cas-multistream,placebo,2026,1120,na,hokkaido_iburi_tobu,Hokkaido0874,0.5,595,147,5849,9793,55.22454150673075,0.17622868201408062,0.29089809494985724
E1,q2_x3_resunet_cas-multistream_seed2026,cas-multistream,placebo,2026,1120,na,hokkaido_iburi_tobu,Hokkaido0875,0.5,878,1136,3352,11018,48.042680121451546,0.18960034689575678,0.322404433920298
E1,q2_x3_resunet_cas-multistream_seed2026,cas-multistream,placebo,2026,1120,na,hokkaido_iburi_tobu,Hokkaido0876,0.5,509,433,4026,11416,60.62169415997662,0.11031786503470281,0.17878031045476062
E1,q2_x3_resunet_cas-multistream_seed2026,cas-multistream,placebo,2026,1120,na,hokkaido_iburi_tobu,Hokkaido0877,0.5,929,856,3114,11485,40.63001403539604,0.23255880273985344,0.35680632652368816
E1,q2_x3_resunet_cas-multistream_seed2026,cas-multistream,placebo,2026,1120,na,hokkaido_iburi_tobu,Hokkaido0878,0.5,357,398,3704,11925,58.286356416182265,0.12263967296070842,0.1908461053955529
E1,q2_x3_resunet_cas-multistream_seed2026,cas-multistream,placebo,2026,1120,na,hokkaido_iburi_tobu,Hokkaido0879,0.5,1016,1222,2780,11366,45.22828832173818,0.17139718000339074,0.3034048224884846
E1,q2_x3_resunet_cas-multistream_seed2026,cas-multistream,placebo,2026,1120,na,hokkaido_iburi_tobu,Hokkaido0880,0.5,348,746,3203,12087,58.62847561614914,0.11864481210251035,0.17828731867079584
E1,q2_x3_resunet_cas-multistream_seed2026,cas-multistream,placebo,2026,1120,na,hokkaido_iburi_tobu,Hokkaido0881,0.5,216,133,4113,11922,60.44004784964838,0.08416401393571836,0.1333312852335819
E1,q2_x3_resunet_cas-multistream_seed2026,cas-multistream,placebo,2026,1120,na,hokkaido_iburi_tobu,Hokkaido0882,0.5,177,126,4587,11494,74.8765630817114,0.13746567281272995,0.22161917684286034
E1,q2_x3_resunet_cas-multistream_seed2026,cas-multistream,placebo,2026,1120,na,hokkaido_iburi_tobu,Hokkaido0883,0.5,73,1042,3177,12092,65.05226684182594,0.052103668798112734,0.09512536317632027
E1,q2_x3_resunet_cas-multistream_seed2026,cas-multistream,placebo,2026,1120,na,hokkaido_iburi_tobu,Hokkaido0884,0.5,34,825,4578,10947,58.412327466040935,0.021469859619956982,0.03175525923755383
E1,q2_x3_resunet_cas-multistream_seed2026,cas-multistream,placebo,2026,1120,na,hokkaido_iburi_tobu,Hokkaido0885,0.5,1165,123,6768,8328,58.17430501873129,0.0914007744740127,0.15065295063210737
E1,q2_x3_resunet_cas-multistream_seed2026,cas-multistream,placebo,2026,1120,na,hokkaido_iburi_tobu,Hokkaido0886,0.5,357,68,5910,10049,63.724376015135526,0.04959770748365408,0.08961239869984974
E1,q2_x3_resunet_cas-multistream_seed2026,cas-multistream,placebo,2026,1120,na,hokkaido_iburi_tobu,Hokkaido0887,0.5,593,909,3634,11248,48.68877851291326,0.2050973004724736,0.27090604910245425
E1,q2_x3_resunet_cas-multistream_seed2026,cas-multistream,placebo,2026,1120,na,hokkaido_iburi_tobu,Hokkaido0888,0.5,507,435,2787,12655,61.68304342715007,0.1003481210388138,0.18265068681637675
E1,q2_x3_resunet_cas-multistream_seed2026,cas-multistream,placebo,2026,1120,na,hokkaido_iburi_tobu,Hokkaido0889,0.5,225,894,1992,13273,51.96913231358176,0.1205457676509914,0.20362419497378115
E1,q2_x3_resunet_cas-multistream_seed2026,cas-multistream,placebo,2026,1120,na,hokkaido_iburi_tobu,Hokkaido0890,0.5,307,2611,2532,10934,42.529976139547834,0.11427474566476706,0.20846403859401644
E1,q2_x3_resunet_cas-multistream_seed2026,cas-multistream,placebo,2026,1120,na,hokkaido_iburi_tobu,Hokkaido0891,0.5,442,1329,3194,11419,64.2560430745158,0.16551841940407938,0.2552771533523415
E1,q2_x3_resunet_cas-multistream_seed2026,cas-multistream,placebo,2026,1120,na,hokkaido_iburi_tobu,Hokkaido0892,0.5,135,33,4169,12047,68.38237603124443,0.08214544575973828,0.13819005359527092
E1,q2_x3_resunet_cas-multistream_seed2026,cas-multistream,placebo,2026,1120,na,hokkaido_iburi_tobu,Hokkaido0893,0.5,146,177,4197,11864,51.48494522198545,0.0706406726968527,0.13802486866455604
E1,q2_x3_resunet_cas-multistream_seed2026,cas-multistream,placebo,2026,1120,na,hokkaido_iburi_tobu,Hokkaido0894,0.5,794,1272,2654,11664,41.34971776649002,0.2538218229793267,0.391045015311828
E1,q2_x3_resunet_cas-multistream_seed2026,cas-multistream,placebo,2026,1120,na,hokkaido_iburi_tobu,Hokkaido0895,0.5,266,1241,1764,13113,48.50876258663822,0.1909932752724193,0.28707364046380024
E1,q2_x3_resunet_cas-multistream_seed2026,cas-multistream,placebo,2026,1120,na,hokkaido_iburi_tobu,Hokkaido0896,0.5,219,3140,1265,11760,39.81205847478876,0.1001205464769221,0.14715783399010776
E1,q2_x3_resunet_cas-multistream_seed2026,cas-multistream,placebo,2026,1120,na,hokkaido_iburi_tobu,Hokkaido0897,0.5,639,2304,1205,12236,42.42640687119285,0.12542014401051452,0.23404022017989196
E1,q2_x3_resunet_cas-multistream_seed2026,cas-multistream,placebo,2026,1120,na,hokkaido_iburi_tobu,Hokkaido0898,0.5,200,2997,1169,12018,42.748666363604855,0.10842368640488986,0.18097767286274397
E1,q2_x3_resunet_cas-multistream_seed2026,cas-multistream,placebo,2026,1120,na,hokkaido_iburi_tobu,Hokkaido0899,0.5,629,3849,1105,10801,30.01499583564654,0.17700386606574195,0.3162597129728379
E1,q2_x3_resunet_cas-multistream_seed2026,cas-multistream,placebo,2026,1120,na,hokkaido_iburi_tobu,Hokkaido0900,0.5,1096,3015,918,11355,31.016124838541646,0.24957621726142432,0.4322160956565959
E1,q2_x3_resunet_cas-multistream_seed2026,cas-multistream,placebo,2026,1120,na,hokkaido_iburi_tobu,Hokkaido0901,0.5,95,2563,705,13021,45.09988913511872,0.04636459430933312,0.06754267468944235
E1,q2_x3_resunet_cas-multistream_seed2026,cas-multistream,placebo,2026,1120,na,hokkaido_iburi_tobu,Hokkaido0902,0.5,59,4133,24,12168,57.574299193318964,0.0,0.0
E1,q2_x3_resunet_cas-multistream_seed2026,cas-multistream,placebo,2026,1120,na,hokkaido_iburi_tobu,Hokkaido0903,0.5,0,3448,83,12853,65.05689788332785,0.0,0.0
E1,q2_x3_resunet_cas-multistream_seed2026,cas-multistream,placebo,2026,1120,na,hokkaido_iburi_tobu,Hokkaido0906,0.5,123,492,1179,14590,47.38143096192854,0.07063795532260178,0.15159327627057087
E1,q2_x3_resunet_cas-multistream_seed2026,cas-multistream,placebo,2026,1120,na,hokkaido_iburi_tobu,Hokkaido0907,0.5,689,1272,800,13623,34.079227614541985,0.23306755454264697,0.35916273103566265
E1,q2_x3_resunet_cas-multistream_seed2026,cas-multistream,placebo,2026,1120,na,hokkaido_iburi_tobu,Hokkaido0908,0.5,0,790,714,14880,66.43755191174525,0.0,0.0
E1,q2_x3_resunet_cas-multistream_seed2026,cas-multistream,placebo,2026,1120,na,hokkaido_iburi_tobu,Hokkaido0909,0.5,0,193,1256,14935,69.31738426459557,0.0,0.0
E1,q2_x3_resunet_cas-multistream_seed2026,cas-multistream,placebo,2026,1120,na,hokkaido_iburi_tobu,Hokkaido0910,0.5,230,1995,802,13357,46.79315134982464,0.11575920601014345,0.1550533357435386
E1,q2_x3_resunet_cas-multistream_seed2026,cas-multistream,placebo,2026,1120,na,hokkaido_iburi_tobu,Hokkaido0911,0.5,0,1439,350,14595,59.143837301004396,0.0,0.0
E1,q2_x3_resunet_cas-multistream_seed2026,cas-multistream,placebo,2026,1120,na,hokkaido_iburi_tobu,Hokkaido0912,0.5,0,825,106,15453,71.42128534267638,0.0,0.0
E1,q2_x3_resunet_cas-multistream_seed2026,cas-multistream,placebo,2026,1120,na,hokkaido_iburi_tobu,Hokkaido0913,0.5,124,747,448,15065,53.79487185167013,0.08814432989641313,0.16262833675516264
E1,q2_x3_resunet_cas-multistream_seed2026,cas-multistream,placebo,2026,1120,na,hokkaido_iburi_tobu,Hokkaido0914,0.5,279,725,327,15053,55.16973770193726,0.19192688499569854,0.28999405923738675
E1,q2_x3_resunet_cas-multistream_seed2026,cas-multistream,placebo,2026,1120,na,hokkaido_iburi_tobu,Hokkaido0915,0.5,0,917,132,15335,66.43941791237877,0.0,0.0
E1,q2_x3_resunet_cas-multistream_seed2026,cas-multistream,placebo,2026,1120,na,hokkaido_iburi_tobu,Hokkaido0916,0.5,8,639,1232,14505,63.96717805264712,0.034666666666361354,0.058086465853042245
E1,q2_x3_resunet_cas-multistream_seed2026,cas-multistream,placebo,2026,1120,na,hokkaido_iburi_tobu,Hokkaido0917,0.5,700,1161,1778,12745,40.01124648657055,0.17435742135718688,0.26776270294981985
E1,q2_x3_resunet_cas-multistream_seed2026,cas-multistream,placebo,2026,1120,na,hokkaido_iburi_tobu,Hokkaido0918,0.5,353,1051,3137,11843,51.86520991955976,0.11230481676978657,0.21112405358159303
E1,q2_x3_resunet_cas-multistream_seed2026,cas-multistream,placebo,2026,1120,na,hokkaido_iburi_tobu,Hokkaido0919,0.5,566,1200,4733,9885,59.18445503157966,0.14255409418727902,0.24912845813511394
E1,q2_x3_resunet_cas-multistream_seed2026,cas-multistream,placebo,2026,1120,na,hokkaido_iburi_tobu,Hokkaido0920,0.5,90,7,7793,8494,82.21921916437786,0.023946736069473572,0.0617698427190775
E1,q2_x3_resunet_cas-multistream_seed2026,cas-multistream,placebo,2026,1120,na,hokkaido_iburi_tobu,Hokkaido0921,0.5,7004,2934,2745,3701,15.033296378372908,0.47589405193818485,0.680326883787556
E1,q2_x3_resunet_cas-multistream_seed2026,cas-multistream,placebo,2026,1120,na,hokkaido_iburi_tobu,Hokkaido0922,0.5,3693,1756,4086,6849,64.28063471995279,0.17098202770481938,0.27250416106387826
E1,q2_x3_resunet_cas-multistream_seed2026,cas-multistream,placebo,2026,1120,na,hokkaido_iburi_tobu,Hokkaido0923,0.5,77,0,5556,10751,97.0082439194738,0.022303346834320854,0.06318171398140116
E1,q2_x3_resunet_cas-multistream_seed2026,cas-multistream,placebo,2026,1120,na,hokkaido_iburi_tobu,Hokkaido0924,0.5,261,13,5170,10940,72.08640456580828,0.04561824729885983,0.06931871196349063
E1,q2_x3_resunet_cas-multistream_seed2026,cas-multistream,placebo,2026,1120,na,hokkaido_iburi_tobu,Hokkaido0925,0.5,620,1620,3153,10991,51.62363799656123,0.10875694031418999,0.18903942027882628
E1,q2_x3_resunet_cas-multistream_seed2026,cas-multistream,placebo,2026,1120,na,hokkaido_iburi_tobu,Hokkaido0926,0.5,404,2572,3040,10368,49.193495504995376,0.12259916163230716,0.20086146874487404
E1,q2_x3_resunet_cas-multistream_seed2026,cas-multistream,placebo,2026,1120,na,hokkaido_iburi_tobu,Hokkaido0927,0.5,348,411,3673,11952,55.44907512039597,0.1155785743490138,0.17483398090624952
E1,q2_x3_resunet_cas-multistream_seed2026,cas-multistream,placebo,2026,1120,na,hokkaido_iburi_tobu,Hokkaido0928,0.5,836,344,2674,12530,55.12346314604056,0.21717735599361296,0.38307897162725524
E1,q2_x3_resunet_cas-multistream_seed2026,cas-multistream,placebo,2026,1120,na,hokkaido_iburi_tobu,Hokkaido0929,0.5,1106,765,3435,11078,44.598206241955516,0.19687212511472213,0.29919812213652575
E1,q2_x3_resunet_cas-multistream_seed2026,cas-multistream,placebo,2026,1120,na,hokkaido_iburi_tobu,Hokkaido0930,0.5,339,209,4045,11791,55.46169849544819,0.10011560943445016,0.18142886078862117
E1,q2_x3_resunet_cas-multistream_seed2026,cas-multistream,placebo,2026,1120,na,hokkaido_iburi_tobu,Hokkaido0931,0.5,75,147,2775,13387,82.00609733428362,0.042105263157766123,0.07428161855722897
E1,q2_x3_resunet_cas-multistream_seed2026,cas-multistream,placebo,2026,1120,na,hokkaido_iburi_tobu,Hokkaido0932,0.5,1048,294,4923,10119,56.23313048433285,0.08102097013313193,0.20077837133903445
E1,q2_x3_resunet_cas-multistream_seed2026,cas-multistream,placebo,2026,1120,na,hokkaido_iburi_tobu,Hokkaido0933,0.5,251,0,8335,7798,70.83784299369935,0.026492851135314348,0.03532380151378365
E1,q2_x3_resunet_cas-multistream_seed2026,cas-multistream,placebo,2026,1120,na,hokkaido_iburi_tobu,Hokkaido0934,0.5,383,330,5811,9860,42.80944882165357,0.1937044996849478,0.2845283383500357
E1,q2_x3_resunet_cas-multistream_seed2026,cas-multistream,placebo,2026,1120,na,hokkaido_iburi_tobu,Hokkaido0935,0.5,1016,592,3530,11246,49.51767361255979,0.1605962220446691,0.24629413130901853
E1,q2_x3_resunet_cas-multistream_seed2026,cas-multistream,placebo,2026,1120,na,hokkaido_iburi_tobu,Hokkaido0936,0.5,377,524,3403,12080,54.644304369257,0.13772467115149167,0.23504500792764296
E1,q2_x3_resunet_cas-multistream_seed2026,cas-multistream,placebo,2026,1120,na,hokkaido_iburi_tobu,Hokkaido0937,0.5,644,1709,1974,12057,43.40794600088055,0.1322007919271299,0.16642038574230666
E1,q2_x3_resunet_cas-multistream_seed2026,cas-multistream,placebo,2026,1120,na,hokkaido_iburi_tobu,Hokkaido0938,0.5,373,851,2008,13152,56.15865896017322,0.17581549427880566,0.2644533485973137
E1,q2_x3_resunet_cas-multistream_seed2026,cas-multistream,placebo,2026,1120,na,hokkaido_iburi_tobu,Hokkaido0939,0.5,807,3963,2062,9552,36.76810369837817,0.2391383656817954,0.35535956580691697
E1,q2_x3_resunet_cas-multistream_seed2026,cas-multistream,placebo,2026,1120,na,hokkaido_iburi_tobu,Hokkaido0940,0.5,752,486,3136,12010,42.56524053619864,0.31522705107156845,0.48677071619513823
E1,q2_x3_resunet_cas-multistream_seed2026,cas-multistream,placebo,2026,1120,na,hokkaido_iburi_tobu,Hokkaido0941,0.5,103,83,4625,11573,75.81622463424529,0.07899305555545916,0.11703774894536262
E1,q2_x3_resunet_cas-multistream_seed2026,cas-multistream,placebo,2026,1120,na,hokkaido_iburi_tobu,Hokkaido0942,0.5,1338,976,2645,11425,47.37085469684622,0.1795650935331371,0.2750536086491001
E1,q2_x3_resunet_cas-multistream_seed2026,cas-multistream,placebo,2026,1120,na,hokkaido_iburi_tobu,Hokkaido0943,0.5,202,911,2138,13133,37.33630940518894,0.13740020143100046,0.22718077236592746
E1,q2_x3_resunet_cas-multistream_seed2026,cas-multistream,placebo,2026,1120,na,hokkaido_iburi_tobu,Hokkaido0944,0.5,299,2643,1004,12438,47.44047706058976,0.16043190525905998,0.24966595791605897
E1,q2_x3_resunet_cas-multistream_seed2026,cas-multistream,placebo,2026,1120,na,hokkaido_iburi_tobu,Hokkaido0945,0.5,546,1559,2243,12036,33.21517597078244,0.2098084357756691,0.34812208338075046
E1,q2_x3_resunet_cas-multistream_seed2026,cas-multistream,placebo,2026,1120,na,hokkaido_iburi_tobu,Hokkaido0946,0.5,450,3038,2328,10568,36.37026714127881,0.16436148784708507,0.239144342727796
E1,q2_x3_resunet_cas-multistream_seed2026,cas-multistream,placebo,2026,1120,na,hokkaido_iburi_tobu,Hokkaido0947,0.5,161,4135,730,11358,35.35533905932738,0.16357440363448766,0.23614618573352716
E1,q2_x3_resunet_cas-multistream_seed2026,cas-multistream,placebo,2026,1120,na,hokkaido_iburi_tobu,Hokkaido0948,0.5,183,4641,538,11022,30.878794251913632,0.1728676862203031,0.26058697738588543
E1,q2_x3_resunet_cas-multistream_seed2026,cas-multistream,placebo,2026,1120,na,hokkaido_iburi_tobu,Hokkaido0949,0.5,36,3591,371,12386,53.6702442516036,0.021922098257480444,0.04695267906412962
E1,q2_x3_resunet_cas-multistream_seed2026,cas-multistream,placebo,2026,1120,na,hokkaido_iburi_tobu,Hokkaido0950,0.5,15,4546,98,11725,69.68954721908251,0.072057646116588,0.09040683073796177
E1,q2_x3_resunet_cas-multistream_seed2026,cas-multistream,placebo,2026,1120,na,hokkaido_iburi_tobu,Hokkaido0951,0.5,63,3658,50,12613,39.94180237009171,0.042694497153353696,0.09743698368954314
E1,q2_x3_resunet_cas-multistream_seed2026,cas-multistream,placebo,2026,1120,na,hokkaido_iburi_tobu,Hokkaido0953,0.5,0,3,360,16021,102.50170024818873,0.0,0.0
E1,q2_x3_resunet_cas-multistream_seed2026,cas-multistream,placebo,2026,1120,na,hokkaido_iburi_tobu,Hokkaido0954,0.5,0,304,489,15591,68.84941425998798,0.0,0.0
E1,q2_x3_resunet_cas-multistream_seed2026,cas-multistream,placebo,2026,1120,na,hokkaido_iburi_tobu,Hokkaido0955,0.5,0,409,129,15846,68.04041458532225,0.0,0.0
E1,q2_x3_resunet_cas-multistream_seed2026,cas-multistream,placebo,2026,1120,na,hokkaido_iburi_tobu,Hokkaido0956,0.5,0,0,125,16259,181.01933598375618,0.0,0.0
E1,q2_x3_resunet_cas-multistream_seed2026,cas-multistream,placebo,2026,1120,na,hokkaido_iburi_tobu,Hokkaido0957,0.5,0,0,125,16259,181.01933598375618,0.0,0.0
E1,q2_x3_resunet_cas-multistream_seed2026,cas-multistream,placebo,2026,1120,na,hokkaido_iburi_tobu,Hokkaido0958,0.5,0,90,45,16249,83.27156692694825,0.0,0.0
E1,q2_x3_resunet_cas-multistream_seed2026,cas-multistream,placebo,2026,1120,na,hokkaido_iburi_tobu,Hokkaido0959,0.5,0,128,45,16211,88.91938482967619,0.0,0.0
E1,q2_x3_resunet_cas-multistream_seed2026,cas-multistream,placebo,2026,1120,na,hokkaido_iburi_tobu,Hokkaido0960,0.5,0,843,42,15499,69.46221994724903,0.0,0.0
E1,q2_x3_resunet_cas-multistream_seed2026,cas-multistream,placebo,2026,1120,na,hokkaido_iburi_tobu,Hokkaido0961,0.5,0,1651,776,13957,65.2542350831067,0.0,0.03327787021582142
E1,q2_x3_resunet_cas-multistream_seed2026,cas-multistream,placebo,2026,1120,na,hokkaido_iburi_tobu,Hokkaido0962,0.5,119,1249,2207,12809,46.06732338466015,0.1142212189612902,0.17082500650427
E1,q2_x3_resunet_cas-multistream_seed2026,cas-multistream,placebo,2026,1120,na,hokkaido_iburi_tobu,Hokkaido0963,0.5,3,0,6273,10108,81.58522871527735,0.007083825265636388,0.011778563015300421
E1,q2_x3_resunet_cas-multistream_seed2026,cas-multistream,placebo,2026,1120,na,hokkaido_iburi_tobu,Hokkaido0964,0.5,1386,398,7734,6866,48.055166582754204,0.10360518025884922,0.19257251748870355
E1,q2_x3_resunet_cas-multistream_seed2026,cas-multistream,placebo,2026,1120,na,hokkaido_iburi_tobu,Hokkaido0965,0.5,6167,3608,2318,4291,20.615528128088304,0.35160025076519785,0.525677641400234
E1,q2_x3_resunet_cas-multistream_seed2026,cas-multistream,placebo,2026,1120,na,hokkaido_iburi_tobu,Hokkaido0966,0.5,6990,3268,2214,3912,24.041630560342615,0.3336701956211052,0.5127829163907778
E1,q2_x3_resunet_cas-multistream_seed2026,cas-multistream,placebo,2026,1120,na,hokkaido_iburi_tobu,Hokkaido0967,0.5,2948,1138,5439,6859,44.43869575765537,0.24913700025825045,0.3784587363738169
E1,q2_x3_resunet_cas-multistream_seed2026,cas-multistream,placebo,2026,1120,na,hokkaido_iburi_tobu,Hokkaido0968,0.5,702,210,5055,10417,55.683923009098045,0.1609310157621233,0.24302224282759624
E1,q2_x3_resunet_cas-multistream_seed2026,cas-multistream,placebo,2026,1120,na,hokkaido_iburi_tobu,Hokkaido0969,0.5,79,37,4404,11864,74.66756794247704,0.03929856628772738,0.06684733513995345
E1,q2_x3_resunet_cas-multistream_seed2026,cas-multistream,placebo,2026,1120,na,hokkaido_iburi_tobu,Hokkaido0970,0.5,270,573,3423,12118,52.90320068082063,0.07666434866508408,0.13437428766792314
E1,q2_x3_resunet_cas-multistream_seed2026,cas-multistream,placebo,2026,1120,na,hokkaido_iburi_tobu,Hokkaido0971,0.5,1002,1182,2306,11894,49.72567516482014,0.17326686457898358,0.2831926228998722
E1,q2_x3_resunet_cas-multistream_seed2026,cas-multistream,placebo,2026,1120,na,hokkaido_iburi_tobu,Hokkaido0972,0.5,464,2149,1894,11877,44.63461981498036,0.18330755868568657,0.24947482356392953
E1,q2_x3_resunet_cas-multistream_seed2026,cas-multistream,placebo,2026,1120,na,hokkaido_iburi_tobu,Hokkaido0973,0.5,549,3737,1780,10318,38.07098442478795,0.23298126426367963,0.35113269007375086
E1,q2_x3_resunet_cas-multistream_seed2026,cas-multistream,placebo,2026,1120,na,hokkaido_iburi_tobu,Hokkaido0974,0.5,771,1407,3249,10957,48.296478929181596,0.1632523255502818,0.2640564301775686
E1,q2_x3_resunet_cas-multistream_seed2026,cas-multistream,placebo,2026,1120,na,hokkaido_iburi_tobu,Hokkaido0975,0.5,1362,1795,3115,10112,31.829970287469532,0.27243928194262684,0.40720024942395244
E1,q2_x3_resunet_cas-multistream_seed2026,cas-multistream,placebo,2026,1120,na,hokkaido_iburi_tobu,Hokkaido0976,0.5,806,1230,3087,11261,50.27921740844159,0.16264947433162494,0.3002736765210629
E1,q2_x3_resunet_cas-multistream_seed2026,cas-multistream,placebo,2026,1120,na,hokkaido_iburi_tobu,Hokkaido0977,0.5,213,131,4876,11164,52.20153254455275,0.10253417588099392,0.173703817187662
E1,q2_x3_resunet_cas-multistream_seed2026,cas-multistream,placebo,2026,1120,na,hokkaido_iburi_tobu,Hokkaido0978,0.5,692,591,4976,10125,53.79776002705991,0.21576346427648205,0.34808841493580767
E1,q2_x3_resunet_cas-multistream_seed2026,cas-multistream,placebo,2026,1120,na,hokkaido_iburi_tobu,Hokkaido0979,0.5,330,364,3806,11884,57.28001396647874,0.1468007039591588,0.2166031529077241
E1,q2_x3_resunet_cas-multistream_seed2026,cas-multistream,placebo,2026,1120,na,hokkaido_iburi_tobu,Hokkaido0980,0.5,656,1832,2278,11618,50.15572207885577,0.1022623096256291,0.17726767863722576
E1,q2_x3_resunet_cas-multistream_seed2026,cas-multistream,placebo,2026,1120,na,hokkaido_iburi_tobu,Hokkaido0981,0.5,298,1600,2849,11637,55.22408879088964,0.10225563909740736,0.18792845756552073
E1,q2_x3_resunet_cas-multistream_seed2026,cas-multistream,placebo,2026,1120,na,hokkaido_iburi_tobu,Hokkaido0982,0.5,457,1014,2459,12454,56.61271941887264,0.12646809877707602,0.23765866416472106
E1,q2_x3_resunet_cas-multistream_seed2026,cas-multistream,placebo,2026,1120,na,hokkaido_iburi_tobu,Hokkaido0983,0.5,74,500,2294,13516,68.31795509798694,0.027359781121589,0.062201488392611755
E1,q2_x3_resunet_cas-multistream_seed2026,cas-multistream,placebo,2026,1120,na,hokkaido_iburi_tobu,Hokkaido0984,0.5,336,1309,2043,12696,57.21063431014881,0.14661431967976082,0.24070307916296507
E1,q2_x3_resunet_cas-multistream_seed2026,cas-multistream,placebo,2026,1120,na,hokkaido_iburi_tobu,Hokkaido0985,0.5,288,1603,3512,10981,45.617978911828175,0.09520464549940635,0.15422382671450635
E1,q2_x3_resunet_cas-multistream_seed2026,cas-multistream,placebo,2026,1120,na,hokkaido_iburi_tobu,Hokkaido0986,0.5,183,133,5070,10998,59.405386961116584,0.08755711328584952,0.13540769033684916
E1,q2_x3_resunet_cas-multistream_seed2026,cas-multistream,placebo,2026,1120,na,hokkaido_iburi_tobu,Hokkaido0987,0.5,904,2164,2663,10653,39.46579633552516,0.16961590847146452,0.308138245635905
E1,q2_x3_resunet_cas-multistream_seed2026,cas-multistream,placebo,2026,1120,na,hokkaido_iburi_tobu,Hokkaido0988,0.5,364,1688,1881,12451,52.20153254455275,0.1602021723807822,0.23481257348447565
E1,q2_x3_resunet_cas-multistream_seed2026,cas-multistream,placebo,2026,1120,na,hokkaido_iburi_tobu,Hokkaido0989,0.5,432,2547,1299,12106,47.39929439987038,0.09347749413145728,0.2117645778579451
E1,q2_x3_resunet_cas-multistream_seed2026,cas-multistream,placebo,2026,1120,na,hokkaido_iburi_tobu,Hokkaido0990,0.5,385,3545,2378,10076,34.66987164671943,0.13452162365549905,0.22023004686101458
E1,q2_x3_resunet_cas-multistream_seed2026,cas-multistream,placebo,2026,1120,na,hokkaido_iburi_tobu,Hokkaido0991,0.5,509,443,3077,12355,55.880205637540904,0.17015851430008902,0.25625640064019123
E1,q2_x3_resunet_cas-multistream_seed2026,cas-multistream,placebo,2026,1120,na,hokkaido_iburi_tobu,Hokkaido0992,0.5,171,1275,1535,13403,46.6009226434454,0.06356837606806053,0.11975361696004759
E1,q2_x3_resunet_cas-multistream_seed2026,cas-multistream,placebo,2026,1120,na,hokkaido_iburi_tobu,Hokkaido0993,0.5,137,2231,225,13791,51.0076132794491,0.01992031872459973,0.07399621610209578
E1,q2_x3_resunet_cas-multistream_seed2026,cas-multistream,placebo,2026,1120,na,hokkaido_iburi_tobu,Hokkaido0994,0.5,14,2300,69,14001,48.1538263782484,0.019736842104908676,0.06841505131096902
E1,q2_x3_resunet_cas-multistream_seed2026,cas-multistream,placebo,2026,1120,na,hokkaido_iburi_tobu,Hokkaido0995,0.5,31,4336,91,11926,55.96382614278609,0.08115942028952478,0.10763888888858421
E1,q2_x3_resunet_cas-multistream_seed2026,cas-multistream,placebo,2026,1120,na,hokkaido_iburi_tobu,Hokkaido0996,0.5,0,5007,113,11264,51.62363799656123,0.0,0.0
E1,q2_x3_resunet_cas-multistream_seed2026,cas-multistream,placebo,2026,1120,na,hokkaido_iburi_tobu,Hokkaido0997,0.5,0,2769,63,13552,69.01735688465824,0.0,0.0
E1,q2_x3_resunet_cas-multistream_seed2026,cas-multistream,placebo,2026,1120,na,hokkaido_iburi_tobu,Hokkaido0998,0.5,0,3003,19,13362,71.4310844217944,0.0,0.0
E1,q2_x3_resunet_cas-multistream_seed2026,cas-multistream,placebo,2026,1120,na,hokkaido_iburi_tobu,Hokkaido1001,0.5,146,1886,0,14352,33.86734989670777,0.09782608695620701,0.291931097007807
E1,q2_x3_resunet_cas-multistream_seed2026,cas-multistream,placebo,2026,1120,na,hokkaido_iburi_tobu,Hokkaido1002,0.5,0,3562,310,12512,49.67688480743104,0.0,0.0
E1,q2_x3_resunet_cas-multistream_seed2026,cas-multistream,placebo,2026,1120,na,hokkaido_iburi_tobu,Hokkaido1003,0.5,245,3138,1921,11080,41.10960958218893,0.14070603562713485,0.2333584641590241
E1,q2_x3_resunet_cas-multistream_seed2026,cas-multistream,placebo,2026,1120,na,hokkaido_iburi_tobu,Hokkaido1004,0.5,127,39,6987,9231,67.11929677819934,0.02448050099625877,0.06426442854462983
E1,q2_x3_resunet_cas-multistream_seed2026,cas-multistream,placebo,2026,1120,na,hokkaido_iburi_tobu,Hokkaido1005,0.5,2330,899,7277,5878,53.3230700931463,0.26135449438039865,0.396498332191998
E1,q2_x3_resunet_cas-multistream_seed2026,cas-multistream,placebo,2026,1120,na,hokkaido_iburi_tobu,Hokkaido1006,0.5,3562,2003,3826,6993,35.76232862337363,0.33312756891819284,0.49030998961871924
E1,q2_x3_resunet_cas-multistream_seed2026,cas-multistream,placebo,2026,1120,na,hokkaido_iburi_tobu,Hokkaido1007,0.5,550,89,6649,9096,105.07949369522682,0.09087427954504435,0.1373465809466868
E1,q2_x3_resunet_cas-multistream_seed2026,cas-multistream,placebo,2026,1120,na,hokkaido_iburi_tobu,Hokkaido1008,0.5,1164,175,6793,8252,45.989124009777086,0.19282740922339672,0.2892528457491512
E1,q2_x3_resunet_cas-multistream_seed2026,cas-multistream,placebo,2026,1120,na,hokkaido_iburi_tobu,Hokkaido1009,0.5,754,155,5409,10066,73.05648493609448,0.13878897214241578,0.23134694803788858
E1,q2_x3_resunet_cas-multistream_seed2026,cas-multistream,placebo,2026,1120,na,hokkaido_iburi_tobu,Hokkaido1010,0.5,217,93,4292,11782,64.54879758913796,0.1081887350154674,0.15884486076148427
E1,q2_x3_resunet_cas-multistream_seed2026,cas-multistream,placebo,2026,1120,na,hokkaido_iburi_tobu,Hokkaido1011,0.5,237,294,3152,12701,63.93268434625953,0.08815624440049649,0.1402560916309321
E1,q2_x3_resunet_cas-multistream_seed2026,cas-multistream,placebo,2026,1120,na,hokkaido_iburi_tobu,Hokkaido1012,0.5,181,1312,2208,12683,46.64439845120883,0.12899616631265165,0.1897782482422238
E1,q2_x3_resunet_cas-multistream_seed2026,cas-multistream,placebo,2026,1120,na,hokkaido_iburi_tobu,Hokkaido1013,0.5,594,2977,894,11919,43.139309220245984,0.15482738626883172,0.2792375851466708
E1,q2_x3_resunet_cas-multistream_seed2026,cas-multistream,placebo,2026,1120,na,hokkaido_iburi_tobu,Hokkaido1014,0.5,68,1365,785,14166,51.41038308706583,0.040730757711440274,0.07592190889333003
E1,q2_x3_resunet_cas-multistream_seed2026,cas-multistream,placebo,2026,1120,na,hokkaido_iburi_tobu,Hokkaido1015,0.5,34,3417,976,11957,33.301651610693426,0.022579026592577375,0.07312614259548796
E1,q2_x3_resunet_cas-multistream_seed2026,cas-multistream,placebo,2026,1120,na,hokkaido_iburi_tobu,Hokkaido1016,0.5,426,1096,1654,13208,48.16637831516918,0.2684680758331451,0.3554159512393546
E1,q2_x3_resunet_cas-multistream_seed2026,cas-multistream,placebo,2026,1120,na,hokkaido_iburi_tobu,Hokkaido1017,0.5,752,3106,2386,10140,31.908461184600295,0.21634354049606455,0.3582470636209265
E1,q2_x3_resunet_cas-multistream_seed2026,cas-multistream,placebo,2026,1120,na,hokkaido_iburi_tobu,Hokkaido1018,0.5,431,963,2785,12205,56.858156759951434,0.12020019663366045,0.21076289379857377
E1,q2_x3_resunet_cas-multistream_seed2026,cas-multistream,placebo,2026,1120,na,hokkaido_iburi_tobu,Hokkaido1019,0.5,371,1418,2896,11699,47.94370539955586,0.09506728990411142,0.17308169075059598
E1,q2_x3_resunet_cas-multistream_seed2026,cas-multistream,placebo,2026,1120,na,hokkaido_iburi_tobu,Hokkaido1020,0.5,369,1108,2568,12339,52.29480949199158,0.16475854528923903,0.24048340239296892
E1,q2_x3_resunet_cas-multistream_seed2026,cas-multistream,placebo,2026,1120,na,hokkaido_iburi_tobu,Hokkaido1021,0.5,539,3006,1737,11102,40.14886417862916,0.18563254926853057,0.2942867908061082
E1,q2_x3_resunet_cas-multistream_seed2026,cas-multistream,placebo,2026,1120,na,hokkaido_iburi_tobu,Hokkaido1022,0.5,1094,2507,1517,11266,40.19263957467883,0.21595275118330617,0.3405641733160553
E1,q2_x3_resunet_cas-multistream_seed2026,cas-multistream,placebo,2026,1120,na,hokkaido_iburi_tobu,Hokkaido1023,0.5,989,2083,1392,11920,39.15543414269013,0.17196330239773,0.33834260082233103
E1,q2_x3_resunet_cas-multistream_seed2026,cas-multistream,placebo,2026,1120,na,hokkaido_iburi_tobu,Hokkaido1024,0.5,520,1907,1181,12776,45.663971064257176,0.17169670470260956,0.28203621601370366
E1,q2_x3_resunet_cas-multistream_seed2026,cas-multistream,placebo,2026,1120,na,hokkaido_iburi_tobu,Hokkaido1025,0.5,788,1842,1218,12536,42.190046219457976,0.20002907274993656,0.33240746614847244
E1,q2_x3_resunet_cas-multistream_seed2026,cas-multistream,placebo,2026,1120,na,hokkaido_iburi_tobu,Hokkaido1026,0.5,669,1734,2484,11497,44.9677118968702,0.13755627758626848,0.23775700167669592
E1,q2_x3_resunet_cas-multistream_seed2026,cas-multistream,placebo,2026,1120,na,hokkaido_iburi_tobu,Hokkaido1027,0.5,999,2535,2624,10226,43.40158955352311,0.1546234874398339,0.242760178865244
E1,q2_x3_resunet_cas-multistream_seed2026,cas-multistream,placebo,2026,1120,na,hokkaido_iburi_tobu,Hokkaido1028,0.5,617,1911,1707,12149,44.92438041223801,0.19264203860417245,0.3345308955833414
E1,q2_x3_resunet_cas-multistream_seed2026,cas-multistream,placebo,2026,1120,na,hokkaido_iburi_tobu,Hokkaido1029,0.5,383,2655,997,12349,34.03673771762135,0.05816130747317816,0.15543591105493026
E1,q2_x3_resunet_cas-multistream_seed2026,cas-multistream,placebo,2026,1120,na,hokkaido_iburi_tobu,Hokkaido1030,0.5,327,3471,759,11827,35.77708763999664,0.20838677848989198,0.3007919554357035
E1,q2_x3_resunet_cas-multistream_seed2026,cas-multistream,placebo,2026,1120,na,hokkaido_iburi_tobu,Hokkaido1031,0.5,458,3047,1259,11620,38.01315561749642,0.15860428231518936,0.23333667052782972
E1,q2_x3_resunet_cas-multistream_seed2026,cas-multistream,placebo,2026,1120,na,hokkaido_iburi_tobu,Hokkaido1032,0.5,483,1960,2132,11809,44.56904241761353,0.1791708951915448,0.3008507938789799
E1,q2_x3_resunet_cas-multistream_seed2026,cas-multistream,placebo,2026,1120,na,hokkaido_iburi_tobu,Hokkaido1033,0.5,286,1524,1573,13001,53.516802185346364,0.15569907878938682,0.2354712963315981
E1,q2_x3_resunet_cas-multistream_seed2026,cas-multistream,placebo,2026,1120,na,hokkaido_iburi_tobu,Hokkaido1034,0.5,111,2396,660,13217,53.38725243312389,0.0697494187543696,0.1617507136056222
E1,q2_x3_resunet_cas-multistream_seed2026,cas-multistream,placebo,2026,1120,na,hokkaido_iburi_tobu,Hokkaido1035,0.5,0,3371,287,12726,46.40983920427531,0.0,0.0
E1,q2_x3_resunet_cas-multistream_seed2026,cas-multistream,placebo,2026,1120,na,hokkaido_iburi_tobu,Hokkaido1036,0.5,70,3098,71,13145,27.71713786939967,0.004376367614490315,0.05090276267085719
E1,q2_x3_resunet_cas-multistream_seed2026,cas-multistream,placebo,2026,1120,na,hokkaido_iburi_tobu,Hokkaido1037,0.5,0,2915,104,13365,66.64006304965599,0.0,0.0
E1,q2_x3_resunet_cas-multistream_seed2026,cas-multistream,placebo,2026,1120,na,hokkaido_iburi_tobu,Hokkaido1038,0.5,165,4749,82,11388,47.39567229309415,0.08739495798282813,0.14117068371829714
E1,q2_x3_resunet_cas-multistream_seed2026,cas-multistream,placebo,2026,1120,na,hokkaido_iburi_tobu,Hokkaido1039,0.5,18,1971,188,14207,38.92362997918432,0.08405603735774504,0.13043478260819627
E1,q2_x3_resunet_cas-multistream_seed2026,cas-multistream,placebo,2026,1120,na,hokkaido_iburi_tobu,Hokkaido1040,0.5,20,3116,168,13080,45.202302416901325,0.0,0.03194888178865396
E1,q2_x3_resunet_cas-multistream_seed2026,cas-multistream,placebo,2026,1120,na,hokkaido_iburi_tobu,Hokkaido1041,0.5,0,0,102,16282,181.01933598375618,0.0,0.0
E1,q2_x3_resunet_cas-multistream_seed2026,cas-multistream,placebo,2026,1120,na,hokkaido_iburi_tobu,Hokkaido1042,0.5,0,151,167,16066,69.95174875901179,0.0,0.0
E1,q2_x3_resunet_cas-multistream_seed2026,cas-multistream,placebo,2026,1120,na,hokkaido_iburi_tobu,Hokkaido1043,0.5,0,0,111,16273,181.01933598375618,0.0,0.0
E1,q2_x3_resunet_cas-multistream_seed2026,cas-multistream,placebo,2026,1120,na,hokkaido_iburi_tobu,Hokkaido1044,0.5,0,0,46,16338,181.01933598375618,0.0,0.0
E1,q2_x3_resunet_cas-multistream_seed2026,cas-multistream,placebo,2026,1120,na,hokkaido_iburi_tobu,Hokkaido1045,0.5,0,50,143,16191,65.91089515775474,0.0,0.0
E1,q2_x3_resunet_cas-multistream_seed2026,cas-multistream,placebo,2026,1120,na,hokkaido_iburi_tobu,Hokkaido1046,0.5,0,1595,150,14639,58.22326443400486,0.0,0.0
E1,q2_x3_resunet_cas-multistream_seed2026,cas-multistream,placebo,2026,1120,na,hokkaido_iburi_tobu,Hokkaido1047,0.5,0,516,146,15722,60.06870881785918,0.0,0.0
E1,q2_x3_resunet_cas-multistream_seed2026,cas-multistream,placebo,2026,1120,na,hokkaido_iburi_tobu,Hokkaido1048,0.5,0,1115,797,14472,57.3044478564835,0.0,0.0
E1,q2_x3_resunet_cas-multistream_seed2026,cas-multistream,placebo,2026,1120,na,hokkaido_iburi_tobu,Hokkaido1049,0.5,180,679,2895,12630,57.309684885997925,0.11568954225727034,0.19529293940888423
E1,q2_x3_resunet_cas-multistream_seed2026,cas-multistream,placebo,2026,1120,na,hokkaido_iburi_tobu,Hokkaido1050,0.5,1396,568,5940,8480,55.88380516567422,0.11642367281328807,0.22140475841970375
E1,q2_x3_resunet_cas-multistream_seed2026,cas-multistream,placebo,2026,1120,na,hokkaido_iburi_tobu,Hokkaido1051,0.5,3349,1315,5454,6266,33.19934779334845,0.3235574940639829,0.537262716980318
E1,q2_x3_resunet_cas-multistream_seed2026,cas-multistream,placebo,2026,1120,na,hokkaido_iburi_tobu,Hokkaido1052,0.5,2186,1656,4040,8502,66.64005920612253,0.1573522193392469,0.28472429700172736
E1,q2_x3_resunet_cas-multistream_seed2026,cas-multistream,placebo,2026,1120,na,hokkaido_iburi_tobu,Hokkaido1053,0.5,1,0,5492,10891,75.85906320871463,0.0035473572188683988,0.011307420494688402
E1,q2_x3_resunet_cas-multistream_seed2026,cas-multistream,placebo,2026,1120,na,hokkaido_iburi_tobu,Hokkaido1054,0.5,2152,923,4661,8648,44.94441010848846,0.2557657925838341,0.408638329386266
E1,q2_x3_resunet_cas-multistream_seed2026,cas-multistream,placebo,2026,1120,na,hokkaido_iburi_tobu,Hokkaido1055,0.5,1236,304,4848,9996,61.436934110750904,0.2614260996477946,0.39210336108278354
E1,q2_x3_resunet_cas-multistream_seed2026,cas-multistream,placebo,2026,1120,na,hokkaido_iburi_tobu,Hokkaido1056,0.5,177,17,4195,11995,49.4064773081425,0.08865448436348149,0.16151006812096563
E1,q2_x3_resunet_cas-multistream_seed2026,cas-multistream,placebo,2026,1120,na,hokkaido_iburi_tobu,Hokkaido1057,0.5,5,3,2247,14129,72.56823554049215,0.02373417721515262,0.04658385093160527
E1,q2_x3_resunet_cas-multistream_seed2026,cas-multistream,placebo,2026,1120,na,hokkaido_iburi_tobu,Hokkaido1058,0.5,0,1369,620,14395,53.26208747606718,0.0,0.0
E1,q2_x3_resunet_cas-multistream_seed2026,cas-multistream,placebo,2026,1120,na,hokkaido_iburi_tobu,Hokkaido1059,0.5,57,3233,593,12501,60.08327554319921,0.04224477117366174,0.09927360774768701
E1,q2_x3_resunet_cas-multistream_seed2026,cas-multistream,placebo,2026,1120,na,hokkaido_iburi_tobu,Hokkaido1060,0.5,89,5061,264,10970,75.13554349963748,0.08766233766188228,0.12658994548713856
E1,q2_x3_resunet_cas-multistream_seed2026,cas-multistream,placebo,2026,1120,na,hokkaido_iburi_tobu,Hokkaido1061,0.5,29,3980,126,12249,63.499994773716324,0.05705229793947406,0.08478802992493607
E1,q2_x3_resunet_cas-multistream_seed2026,cas-multistream,placebo,2026,1120,na,hokkaido_iburi_tobu,Hokkaido1062,0.5,9,1973,555,13847,48.79549159502341,0.04259202920546289,0.06086695364854367
E1,q2_x3_resunet_cas-multistream_seed2026,cas-multistream,placebo,2026,1120,na,hokkaido_iburi_tobu,Hokkaido1063,0.5,530,3173,937,11744,32.50327714567533,0.13057688837154252,0.21378166522627015
E1,q2_x3_resunet_cas-multistream_seed2026,cas-multistream,placebo,2026,1120,na,hokkaido_iburi_tobu,Hokkaido1064,0.5,568,3623,1537,10656,34.20526275297414,0.1363947548576726,0.22567833413713675
E1,q2_x3_resunet_cas-multistream_seed2026,cas-multistream,placebo,2026,1120,na,hokkaido_iburi_tobu,Hokkaido1065,0.5,582,2255,1579,11968,37.20215047547655,0.1587402073273015,0.2568352688784923
E1,q2_x3_resunet_cas-multistream_seed2026,cas-multistream,placebo,2026,1120,na,hokkaido_iburi_tobu,Hokkaido1066,0.5,777,2368,1191,12048,44.598206241955516,0.1214698692325127,0.26598414669048764
E1,q2_x3_resunet_cas-multistream_seed2026,cas-multistream,placebo,2026,1120,na,hokkaido_iburi_tobu,Hokkaido1067,0.5,188,2879,1394,11923,36.22154055254967,0.13899053318251414,0.1929835454823821
E1,q2_x3_resunet_cas-multistream_seed2026,cas-multistream,placebo,2026,1120,na,hokkaido_iburi_tobu,Hokkaido1068,0.5,364,2573,1206,12241,43.139309220245984,0.10045832362267931,0.22044787338104982
E1,q2_x3_resunet_cas-multistream_seed2026,cas-multistream,placebo,2026,1120,na,hokkaido_iburi_tobu,Hokkaido1069,0.5,111,2868,1442,11963,48.95675958971115,0.12160108089802653,0.16222250229513316
E1,q2_x3_resunet_cas-multistream_seed2026,cas-multistream,placebo,2026,1120,na,hokkaido_iburi_tobu,Hokkaido1070,0.5,405,4122,1325,10532,42.5205832509386,0.17848197973713736,0.21965836267752814
E1,q2_x3_resunet_cas-multistream_seed2026,cas-multistream,placebo,2026,1120,na,hokkaido_iburi_tobu,Hokkaido1071,0.5,227,2380,1476,12301,42.44408045071407,0.07902395664537021,0.14327019914840178
E1,q2_x3_resunet_cas-multistream_seed2026,cas-multistream,placebo,2026,1120,na,hokkaido_iburi_tobu,Hokkaido1072,0.5,511,2076,787,13010,44.41846462902562,0.1789194734138359,0.2858631421633516
E1,q2_x3_resunet_cas-multistream_seed2026,cas-multistream,placebo,2026,1120,na,hokkaido_iburi_tobu,Hokkaido1073,0.5,68,1647,1252,13417,49.70612737422588,0.03493788819836339,0.076009922040714
E1,q2_x3_resunet_cas-multistream_seed2026,cas-multistream,placebo,2026,1120,na,hokkaido_iburi_tobu,Hokkaido1074,0.5,176,2849,948,12411,41.68692399268956,0.05789909015672832,0.09212248102548015
E1,q2_x3_resunet_cas-multistream_seed2026,cas-multistream,placebo,2026,1120,na,hokkaido_iburi_tobu,Hokkaido1075,0.5,190,3377,426,12391,41.62159677248311,0.08073500687210558,0.19950080751675198
E1,q2_x3_resunet_cas-multistream_seed2026,cas-multistream,placebo,2026,1120,na,hokkaido_iburi_tobu,Hokkaido1076,0.5,1,3674,254,12455,58.99301080077633,0.027100271002351094,0.06949615289119916
E1,q2_x3_resunet_cas-multistream_seed2026,cas-multistream,placebo,2026,1120,na,hokkaido_iburi_tobu,Hokkaido1077,0.5,320,3632,568,11864,49.41351061945578,0.0801253181902299,0.14113674732646075
E1,q2_x3_resunet_cas-multistream_seed2026,cas-multistream,placebo,2026,1120,na,hokkaido_iburi_tobu,Hokkaido1078,0.5,208,1615,1084,13477,45.17742799230607,0.1350284962731585,0.19123612833969905
E1,q2_x3_resunet_cas-multistream_seed2026,cas-multistream,placebo,2026,1120,na,hokkaido_iburi_tobu,Hokkaido1079,0.5,256,1375,760,13993,52.4537657330529,0.23920265780688715,0.37182266009807874
E1,q2_x3_resunet_cas-multistream_seed2026,cas-multistream,placebo,2026,1120,na,hokkaido_iburi_tobu,Hokkaido1080,0.5,302,3992,513,11577,29.190700332941216,0.16232491948119043,0.2803020496219442
E1,q2_x3_resunet_cas-multistream_seed2026,cas-multistream,placebo,2026,1120,na,hokkaido_iburi_tobu,Hokkaido1081,0.5,86,2945,223,13130,42.1789019300289,0.04197471977060986,0.08845766128983587
E1,q2_x3_resunet_cas-multistream_seed2026,cas-multistream,placebo,2026,1120,na,hokkaido_iburi_tobu,Hokkaido1082,0.5,29,4337,29,11989,61.33799242177593,0.0,0.046573519627134505
E1,q2_x3_resunet_cas-multistream_seed2026,cas-multistream,placebo,2026,1120,na,hokkaido_iburi_tobu,Hokkaido1083,0.5,0,3995,30,12359,101.32175133466401,0.0,0.0
E1,q2_x3_resunet_cas-multistream_seed2026,cas-multistream,placebo,2026,1120,na,hokkaido_iburi_tobu,Hokkaido1084,0.5,97,3685,87,12515,64.23847087109695,0.05392392874304539,0.11422792356385336
E1,q2_x3_resunet_cas-multistream_seed2026,cas-multistream,placebo,2026,1120,na,hokkaido_iburi_tobu,Hokkaido1085,0.5,84,1579,103,14618,48.0,0.14815602083076165,0.24092497983292083
E1,q2_x3_resunet_cas-multistream_seed2026,cas-multistream,placebo,2026,1120,na,hokkaido_iburi_tobu,Hokkaido1086,0.5,0,1345,169,14870,58.93883649729162,0.0,0.0
E1,q2_x3_resunet_cas-multistream_seed2026,cas-multistream,placebo,2026,1120,na,hokkaido_iburi_tobu,Hokkaido1087,0.5,0,1,116,16267,33.60059523282288,0.0,0.0
E1,q2_x3_resunet_cas-multistream_seed2026,cas-multistream,placebo,2026,1120,na,hokkaido_iburi_tobu,Hokkaido1088,0.5,0,14,374,15996,92.33498339351054,0.0,0.0
E1,q2_x3_resunet_cas-multistream_seed2026,cas-multistream,placebo,2026,1120,na,hokkaido_iburi_tobu,Hokkaido1089,0.5,0,786,553,15045,80.00499921899404,0.0,0.0
E1,q2_x3_resunet_cas-multistream_seed2026,cas-multistream,placebo,2026,1120,na,hokkaido_iburi_tobu,Hokkaido1090,0.5,42,707,330,15305,44.0,0.05898051774703156,0.12425960932527468
E1,q2_x3_resunet_cas-multistream_seed2026,cas-multistream,placebo,2026,1120,na,hokkaido_iburi_tobu,Hokkaido1091,0.5,0,0,123,16261,181.01933598375618,0.0,0.0
E1,q2_x3_resunet_cas-multistream_seed2026,cas-multistream,placebo,2026,1120,na,hokkaido_iburi_tobu,Hokkaido1092,0.5,0,423,46,15915,61.175094809991734,0.0,0.0
E1,q2_x3_resunet_cas-multistream_seed2026,cas-multistream,placebo,2026,1120,na,hokkaido_iburi_tobu,Hokkaido1093,0.5,0,2484,166,13734,71.82273554462722,0.0,0.0
E1,q2_x3_resunet_cas-multistream_seed2026,cas-multistream,placebo,2026,1120,na,hokkaido_iburi_tobu,Hokkaido1094,0.5,44,586,244,15510,59.774149861918815,0.05984042553145132,0.12608626955238772
E1,q2_x3_resunet_cas-multistream_seed2026,cas-multistream,placebo,2026,1120,na,hokkaido_iburi_tobu,Hokkaido1095,0.5,0,1468,122,14794,60.50444661805656,0.0,0.0
E1,q2_x3_resunet_cas-multistream_seed2026,cas-multistream,placebo,2026,1120,na,hokkaido_iburi_tobu,Hokkaido1096,0.5,0,136,525,15723,80.52637803087053,0.0,0.0
E1,q2_x3_resunet_cas-multistream_seed2026,cas-multistream,placebo,2026,1120,na,hokkaido_iburi_tobu,Hokkaido1097,0.5,229,1544,1532,13079,51.60181490281729,0.1302255960650117,0.1978951936634266
E1,q2_x3_resunet_cas-multistream_seed2026,cas-multistream,placebo,2026,1120,na,hokkaido_iburi_tobu,Hokkaido1098,0.5,266,8,4031,12079,61.93059421326712,0.04249993342732699,0.08979039173769653
E1,q2_x3_resunet_cas-multistream_seed2026,cas-multistream,placebo,2026,1120,na,hokkaido_iburi_tobu,Hokkaido1099,0.5,129,4,6054,10197,109.76068618743639,0.02406417112293004,0.04858743114587292
E1,q2_x3_resunet_cas-multistream_seed2026,cas-multistream,placebo,2026,1120,na,hokkaido_iburi_tobu,Hokkaido1100,0.5,0,2,5853,10529,76.8155622514646,0.005718370264468922,0.018465909090890794
E1,q2_x3_resunet_cas-multistream_seed2026,cas-multistream,placebo,2026,1120,na,hokkaido_iburi_tobu,Hokkaido1101,0.5,1277,1167,3693,10247,39.96248240537617,0.24076832257617142,0.34852588436432547
E1,q2_x3_resunet_cas-multistream_seed2026,cas-multistream,placebo,2026,1120,na,hokkaido_iburi_tobu,Hokkaido1102,0.5,364,1309,4068,10643,63.06346010171025,0.06191061135762182,0.1215554265813203
E1,q2_x3_resunet_cas-multistream_seed2026,cas-multistream,placebo,2026,1120,na,hokkaido_iburi_tobu,Hokkaido1103,0.5,703,1834,3836,10011,36.22428605122589,0.1731474502299024,0.3195771022251219
E1,q2_x3_resunet_cas-multistream_seed2026,cas-multistream,placebo,2026,1120,na,hokkaido_iburi_tobu,Hokkaido1104,0.5,495,271,3884,11734,49.09175083453431,0.22324166338186316,0.30987105165260975
E1,q2_x3_resunet_cas-multistream_seed2026,cas-multistream,placebo,2026,1120,na,hokkaido_iburi_tobu,Hokkaido1105,0.5,202,995,2103,13084,57.62811813689564,0.13421540620433348,0.21553849404775927
E1,q2_x3_resunet_cas-multistream_seed2026,cas-multistream,placebo,2026,1120,na,hokkaido_iburi_tobu,Hokkaido1106,0.5,0,1124,272,14988,65.4782346784062,0.0,0.0
E1,q2_x3_resunet_cas-multistream_seed2026,cas-multistream,placebo,2026,1120,na,hokkaido_iburi_tobu,Hokkaido1108,0.5,0,2893,58,13433,57.47868316065874,0.0,0.0
E1,q2_x3_resunet_cas-multistream_seed2026,cas-multistream,placebo,2026,1120,na,hokkaido_iburi_tobu,Hokkaido1109,0.5,69,4078,446,11791,51.48542506951632,0.07391763463519929,0.11616161616112922
E1,q2_x3_resunet_cas-multistream_seed2026,cas-multistream,placebo,2026,1120,na,hokkaido_iburi_tobu,Hokkaido1110,0.5,331,2721,1095,12237,34.559984720570434,0.0616874348978847,0.10925043236130405
E1,q2_x3_resunet_cas-multistream_seed2026,cas-multistream,placebo,2026,1120,na,hokkaido_iburi_tobu,Hokkaido1111,0.5,507,2841,1790,11246,43.92663770940983,0.19654238397318916,0.309151589671165
E1,q2_x3_resunet_cas-multistream_seed2026,cas-multistream,placebo,2026,1120,na,hokkaido_iburi_tobu,Hokkaido1112,0.5,50,1203,2072,13059,53.09801134630565,0.057039971191700664,0.07952514157033433
E1,q2_x3_resunet_cas-multistream_seed2026,cas-multistream,placebo,2026,1120,na,hokkaido_iburi_tobu,Hokkaido1113,0.5,236,2719,951,12478,53.24468815199502,0.12133072407005316,0.22749153146688922
E1,q2_x3_resunet_cas-multistream_seed2026,cas-multistream,placebo,2026,1120,na,hokkaido_iburi_tobu,Hokkaido1114,0.5,335,2049,585,13415,35.84689665786984,0.21152077585436627,0.35068806199961133
E1,q2_x3_resunet_cas-multistream_seed2026,cas-multistream,placebo,2026,1120,na,hokkaido_iburi_tobu,Hokkaido1115,0.5,93,1218,1275,13798,65.51479186060587,0.058930215686462284,0.09530957997578464
E1,q2_x3_resunet_cas-multistream_seed2026,cas-multistream,placebo,2026,1120,na,hokkaido_iburi_tobu,Hokkaido1116,0.5,278,1140,1739,13227,52.48142484461056,0.09844908968270377,0.18454062695345494
E1,q2_x3_resunet_cas-multistream_seed2026,cas-multistream,placebo,2026,1120,na,hokkaido_iburi_tobu,Hokkaido1117,0.5,200,2904,1098,12182,42.19715590299422,0.04663422546590578,0.07821313078092672
E1,q2_x3_resunet_cas-multistream_seed2026,cas-multistream,placebo,2026,1120,na,hokkaido_iburi_tobu,Hokkaido1118,0.5,191,2346,593,13254,45.29016779155337,0.1448837721362834,0.21582126113901756
E1,q2_x3_resunet_cas-multistream_seed2026,cas-multistream,placebo,2026,1120,na,hokkaido_iburi_tobu,Hokkaido1119,0.5,198,3794,559,11833,40.835029847774045,0.12105739932421941,0.18717577725186418
E1,q2_x3_resunet_cas-multistream_seed2026,cas-multistream,placebo,2026,1120,na,hokkaido_iburi_tobu,Hokkaido1120,0.5,47,3594,104,12639,67.26812023536856,0.03615447822466119,0.11065782763850136
E1,q2_x3_resunet_cas-multistream_seed2026,cas-multistream,placebo,2026,1120,na,hokkaido_iburi_tobu,Hokkaido1121,0.5,18,3978,70,12318,59.57723802358766,0.07982850142884965,0.10999999999965682
E1,q2_x3_resunet_cas-multistream_seed2026,cas-multistream,placebo,2026,1120,na,hokkaido_iburi_tobu,Hokkaido1122,0.5,52,3627,43,12662,60.00583292829699,0.05721144228814689,0.07995558023290236
E1,q2_x3_resunet_cas-multistream_seed2026,cas-multistream,placebo,2026,1120,na,hokkaido_iburi_tobu,Hokkaido1123,0.5,113,3943,167,12161,44.598206241955516,0.03552923760131216,0.06752411575514786
E1,q2_x3_resunet_cas-multistream_seed2026,cas-multistream,placebo,2026,1120,na,hokkaido_iburi_tobu,Hokkaido1124,0.5,43,3921,344,12076,41.71885900287959,0.0,0.0
E1,q2_x3_resunet_cas-multistream_seed2026,cas-multistream,placebo,2026,1120,na,hokkaido_iburi_tobu,Hokkaido1125,0.5,106,4918,581,10779,43.4826674629375,0.10636821623528459,0.19308700834276846
E1,q2_x3_resunet_cas-multistream_seed2026,cas-multistream,placebo,2026,1120,na,hokkaido_iburi_tobu,Hokkaido1126,0.5,539,3051,970,11824,34.4325407859902,0.18510211309126892,0.2651766946331217
E1,q2_x3_resunet_cas-multistream_seed2026,cas-multistream,placebo,2026,1120,na,hokkaido_iburi_tobu,Hokkaido1127,0.5,214,1864,942,13364,40.64963745957853,0.10899465407126209,0.18771726535297517
E1,q2_x3_resunet_cas-multistream_seed2026,cas-multistream,placebo,2026,1120,na,hokkaido_iburi_tobu,Hokkaido1128,0.5,11,3464,183,12726,58.97526126585804,0.0,0.0
E1,q2_x3_resunet_cas-multistream_seed2026,cas-multistream,placebo,2026,1120,na,hokkaido_iburi_tobu,Hokkaido1129,0.5,0,3705,19,12660,101.86263488158063,0.0,0.0
E1,q2_x3_resunet_cas-multistream_seed2026,cas-multistream,placebo,2026,1120,na,hokkaido_iburi_tobu,Hokkaido1132,0.5,67,1139,375,14803,42.04576584672249,0.11440396127361212,0.2084430066904175
E1,q2_x3_resunet_cas-multistream_seed2026,cas-multistream,placebo,2026,1120,na,hokkaido_iburi_tobu,Hokkaido1133,0.5,0,0,471,15913,181.01933598375618,0.0,0.0
E1,q2_x3_resunet_cas-multistream_seed2026,cas-multistream,placebo,2026,1120,na,hokkaido_iburi_tobu,Hokkaido1134,0.5,0,1417,211,14756,53.15993389022044,0.0,0.0
E1,q2_x3_resunet_cas-multistream_seed2026,cas-multistream,placebo,2026,1120,na,hokkaido_iburi_tobu,Hokkaido1135,0.5,14,2318,4,14048,59.52646242674901,0.08437970868899834,0.14482758620676223
E1,q2_x3_resunet_cas-multistream_seed2026,cas-multistream,placebo,2026,1120,na,hokkaido_iburi_tobu,Hokkaido1136,0.5,0,3554,23,12807,110.70225890410292,0.0,0.0
E1,q2_x3_resunet_cas-multistream_seed2026,cas-multistream,placebo,2026,1120,na,hokkaido_iburi_tobu,Hokkaido1137,0.5,1,3152,144,13087,67.82979118590994,0.049382716048998625,0.10277214333970068
E1,q2_x3_resunet_cas-multistream_seed2026,cas-multistream,placebo,2026,1120,na,hokkaido_iburi_tobu,Hokkaido1138,0.5,0,2850,122,13412,69.46383264003569,0.0,0.0
E1,q2_x3_resunet_cas-multistream_seed2026,cas-multistream,placebo,2026,1120,na,hokkaido_iburi_tobu,Hokkaido1139,0.5,0,2635,113,13636,68.87631298302483,0.0,0.0
E1,q2_x3_resunet_cas-multistream_seed2026,cas-multistream,placebo,2026,1120,na,hokkaido_iburi_tobu,Hokkaido1140,0.5,8,1056,892,14428,57.40418308171559,0.04089979550052249,0.04189526184488688
E1,q2_x3_resunet_cas-multistream_seed2026,cas-multistream,placebo,2026,1120,na,hokkaido_iburi_tobu,Hokkaido1141,0.5,77,2111,2104,12092,48.703182647543684,0.050623202300719115,0.08298417605627445
E1,q2_x3_resunet_cas-multistream_seed2026,cas-multistream,placebo,2026,1120,na,hokkaido_iburi_tobu,Hokkaido1142,0.5,39,824,3682,11839,50.11980861195336,0.06538945188227945,0.11496793594869285
E1,q2_x3_resunet_cas-multistream_seed2026,cas-multistream,placebo,2026,1120,na,hokkaido_iburi_tobu,Hokkaido1143,0.5,371,184,4287,11542,62.73458417939642,0.11395258953865059,0.1762720389684399
E1,q2_x3_resunet_cas-multistream_seed2026,cas-multistream,placebo,2026,1120,na,hokkaido_iburi_tobu,Hokkaido1144,0.5,820,1780,2259,11525,36.861884048050875,0.20275727888178016,0.31357544756993294
E1,q2_x3_resunet_cas-multistream_seed2026,cas-multistream,placebo,2026,1120,na,hokkaido_iburi_tobu,Hokkaido1145,0.5,182,1747,1725,12730,53.03772242470448,0.13008089063754694,0.18953198181226308
E1,q2_x3_resunet_cas-multistream_seed2026,cas-multistream,placebo,2026,1120,na,hokkaido_iburi_tobu,Hokkaido1146,0.5,455,848,2219,12862,51.478150704935004,0.1190271869121006,0.18728569379776586
E1,q2_x3_resunet_cas-multistream_seed2026,cas-multistream,placebo,2026,1120,na,hokkaido_iburi_tobu,Hokkaido1147,0.5,343,3996,1312,10733,43.829214001622255,0.15089081019483983,0.2204777016865496
E1,q2_x3_resunet_cas-multistream_seed2026,cas-multistream,placebo,2026,1120,na,hokkaido_iburi_tobu,Hokkaido1148,0.5,49,2737,185,13413,59.66573202930177,0.0,0.035398230088002185
E1,q2_x3_resunet_cas-multistream_seed2026,cas-multistream,placebo,2026,1120,na,hokkaido_iburi_tobu,Hokkaido1149,0.5,30,5260,208,10886,62.34178804008937,0.05765765765723693,0.11996397478188094
E1,q2_x3_resunet_cas-multistream_seed2026,cas-multistream,placebo,2026,1120,na,hokkaido_iburi_tobu,Hokkaido1150,0.5,0,3876,173,12335,69.04889336939058,0.0,0.009029345372080468
E1,q2_x3_resunet_cas-multistream_seed2026,cas-multistream,placebo,2026,1120,na,hokkaido_iburi_tobu,Hokkaido1151,0.5,0,4062,138,12184,64.44925569408434,0.0,0.0
E1,q2_x3_resunet_cas-multistream_seed2026,cas-multistream,placebo,2026,1120,na,hokkaido_iburi_tobu,Hokkaido1152,0.5,152,3748,3,12481,34.7884821377874,0.03633060853731732,0.07435572454548096
E1,q2_x3_resunet_cas-multistream_seed2026,cas-multistream,placebo,2026,1120,na,hokkaido_iburi_tobu,Hokkaido1153,0.5,40,3336,252,12756,45.27692569068709,0.1052510891993046,0.13313211241141773
E1,q2_x3_resunet_cas-multistream_seed2026,cas-multistream,placebo,2026,1120,na,hokkaido_iburi_tobu,Hokkaido1154,0.5,79,2993,427,12885,47.6151023491013,0.030203185062652876,0.07635414400646111
E1,q2_x3_resunet_cas-multistream_seed2026,cas-multistream,placebo,2026,1120,na,hokkaido_iburi_tobu,Hokkaido1155,0.5,183,1983,1147,13071,41.23105625617661,0.09490148057401329,0.167448381765858
E1,q2_x3_resunet_cas-multistream_seed2026,cas-multistream,placebo,2026,1120,na,hokkaido_iburi_tobu,Hokkaido1156,0.5,254,2159,1262,12709,48.091572840133615,0.17657643662503017,0.24581607569752975
E1,q2_x3_resunet_cas-multistream_seed2026,cas-multistream,placebo,2026,1120,na,hokkaido_iburi_tobu,Hokkaido1157,0.5,356,2746,327,12955,35.12250831073954,0.20156727195196109,0.35780091129760233
E1,q2_x3_resunet_cas-multistream_seed2026,cas-multistream,placebo,2026,1120,na,hokkaido_iburi_tobu,Hokkaido1158,0.5,370,2744,1012,12258,42.53939246807996,0.12297859445123374,0.23033563925141765
E1,q2_x3_resunet_cas-multistream_seed2026,cas-multistream,placebo,2026,1120,na,hokkaido_iburi_tobu,Hokkaido1159,0.5,406,2340,2459,11179,42.638011210655684,0.1983666479770887,0.297111416780922
E1,q2_x3_resunet_cas-multistream_seed2026,cas-multistream,placebo,2026,1120,na,hokkaido_iburi_tobu,Hokkaido1160,0.5,1167,1779,2175,11263,42.48882074034026,0.1612132344098939,0.2631445044886843
E1,q2_x3_resunet_cas-multistream_seed2026,cas-multistream,placebo,2026,1120,na,hokkaido_iburi_tobu,Hokkaido1161,0.5,949,2885,1371,11179,38.54320963425317,0.1632556348661427,0.23310060048184433
E1,q2_x3_resunet_cas-multistream_seed2026,cas-multistream,placebo,2026,1120,na,hokkaido_iburi_tobu,Hokkaido1162,0.5,566,1972,762,13084,48.89580335721288,0.17275269233918464,0.26263535313837766
E1,q2_x3_resunet_cas-multistream_seed2026,cas-multistream,placebo,2026,1120,na,hokkaido_iburi_tobu,Hokkaido1163,0.5,260,2855,654,12615,35.09659967614846,0.16732283464517478,0.2375397667015161
E1,q2_x3_resunet_cas-multistream_seed2026,cas-multistream,placebo,2026,1120,na,hokkaido_iburi_tobu,Hokkaido1164,0.5,0,1813,500,14071,58.07624271852009,0.0,0.0
E1,q2_x3_resunet_cas-multistream_seed2026,cas-multistream,placebo,2026,1120,na,hokkaido_iburi_tobu,Hokkaido1165,0.5,35,5003,358,10988,55.38678584107483,0.0,0.0
E1,q2_x3_resunet_cas-multistream_seed2026,cas-multistream,placebo,2026,1120,na,hokkaido_iburi_tobu,Hokkaido1166,0.5,119,4547,131,11587,28.377759476562748,0.07733368051001947,0.11304596060484218
E1,q2_x3_resunet_cas-multistream_seed2026,cas-multistream,placebo,2026,1120,na,hokkaido_iburi_tobu,Hokkaido1167,0.5,21,3320,194,12849,49.32534974511357,0.008310249306981819,0.04047217537893507
E1,q2_x3_resunet_cas-multistream_seed2026,cas-multistream,placebo,2026,1120,na,hokkaido_iburi_tobu,Hokkaido1168,0.5,0,3622,161,12601,44.41671067228597,0.0,0.0
E1,q2_x3_resunet_cas-multistream_seed2026,cas-multistream,placebo,2026,1120,na,hokkaido_iburi_tobu,Hokkaido1169,0.5,103,3370,151,12760,30.721265405755908,0.12281354670600501,0.1688095004412624
E1,q2_x3_resunet_cas-multistream_seed2026,cas-multistream,placebo,2026,1120,na,hokkaido_iburi_tobu,Hokkaido1170,0.5,311,2937,939,12197,37.83377223406532,0.16545492624791402,0.2500744269122926
E1,q2_x3_resunet_cas-multistream_seed2026,cas-multistream,placebo,2026,1120,na,hokkaido_iburi_tobu,Hokkaido1171,0.5,265,2410,1282,12427,33.89669817145219,0.13526570048268174,0.21302213577802367
E1,q2_x3_resunet_cas-multistream_seed2026,cas-multistream,placebo,2026,1120,na,hokkaido_iburi_tobu,Hokkaido1172,0.5,159,1943,567,13715,54.281243498149884,0.19203554782727172,0.27975687716285136
E1,q2_x3_resunet_cas-multistream_seed2026,cas-multistream,placebo,2026,1120,na,hokkaido_iburi_tobu,Hokkaido1173,0.5,7,4163,234,11980,46.16979236066096,0.013333333332916024,0.03894954263751464
E1,q2_x3_resunet_cas-multistream_seed2026,cas-multistream,placebo,2026,1120,na,hokkaido_iburi_tobu,Hokkaido1174,0.5,27,3251,60,13046,61.53372863482461,0.13047240006894467,0.1606604796912219
E1,q2_x3_resunet_cas-multistream_seed2026,cas-multistream,placebo,2026,1120,na,hokkaido_iburi_tobu,Hokkaido1175,0.5,0,1676,40,14668,84.452350243537,0.0,0.0
E1,q2_x3_resunet_cas-multistream_seed2026,cas-multistream,placebo,2026,1120,na,hokkaido_iburi_tobu,Hokkaido1178,0.5,0,429,61,15894,86.52508080568765,0.0,0.0
E1,q2_x3_resunet_cas-multistream_seed2026,cas-multistream,placebo,2026,1120,na,hokkaido_iburi_tobu,Hokkaido1179,0.5,0,2579,68,13737,79.93083149569053,0.0,0.0
E1,q2_x3_resunet_cas-multistream_seed2026,cas-multistream,placebo,2026,1120,na,hokkaido_iburi_tobu,Hokkaido1180,0.5,0,1186,20,15178,87.82851573362001,0.0,0.0
E1,q2_x3_resunet_cas-multistream_seed2026,cas-multistream,placebo,2026,1120,na,hokkaido_iburi_tobu,Hokkaido1183,0.5,0,2077,94,14213,85.60373823613078,0.0,0.0
E1,q2_x3_resunet_cas-multistream_seed2026,cas-multistream,placebo,2026,1120,na,hokkaido_iburi_tobu,Hokkaido1184,0.5,0,2529,94,13761,81.57505632084437,0.0,0.0
E1,q2_x3_resunet_cas-multistream_seed2026,cas-multistream,placebo,2026,1120,na,hokkaido_iburi_tobu,Hokkaido1186,0.5,50,4348,93,11893,60.205879663568965,0.0,0.0034843205573265187
E1,q2_x3_resunet_cas-multistream_seed2026,cas-multistream,placebo,2026,1120,na,hokkaido_iburi_tobu,Hokkaido1187,0.5,105,4055,72,12152,57.23805225576315,0.038634011727739385,0.09486166007859001
E1,q2_x3_resunet_cas-multistream_seed2026,cas-multistream,placebo,2026,1120,na,hokkaido_iburi_tobu,Hokkaido1188,0.5,10,2692,647,13035,46.738473069333295,0.04657534246525415,0.05770340450037339
E1,q2_x3_resunet_cas-multistream_seed2026,cas-multistream,placebo,2026,1120,na,hokkaido_iburi_tobu,Hokkaido1189,0.5,258,1470,2005,12651,46.39180942167439,0.13420999118778223,0.2274826875175565
E1,q2_x3_resunet_cas-multistream_seed2026,cas-multistream,placebo,2026,1120,na,hokkaido_iburi_tobu,Hokkaido1190,0.5,355,3100,1693,11236,45.488270639939365,0.1086309523805507,0.20501825346193212
E1,q2_x3_resunet_cas-multistream_seed2026,cas-multistream,placebo,2026,1120,na,hokkaido_iburi_tobu,Hokkaido1191,0.5,0,2358,913,13113,53.23532661682466,0.017695200176452004,0.05919494869721376
E1,q2_x3_resunet_cas-multistream_seed2026,cas-multistream,placebo,2026,1120,na,hokkaido_iburi_tobu,Hokkaido1192,0.5,338,3576,740,11730,40.588834549880666,0.06989853438510264,0.145178764896616
E1,q2_x3_resunet_cas-multistream_seed2026,cas-multistream,placebo,2026,1120,na,hokkaido_iburi_tobu,Hokkaido1193,0.5,162,3426,465,12331,46.743807332129265,0.09900990098961156,0.16511687425305707
E1,q2_x3_resunet_cas-multistream_seed2026,cas-multistream,placebo,2026,1120,na,hokkaido_iburi_tobu,Hokkaido1194,0.5,10,5212,148,11014,60.917814924781005,0.060297942775728884,0.08293689973934401
E1,q2_x3_resunet_cas-multistream_seed2026,cas-multistream,placebo,2026,1120,na,hokkaido_iburi_tobu,Hokkaido1195,0.5,171,3900,76,12237,43.88331733843694,0.09599999999952691,0.1571268237930125
E1,q2_x3_resunet_cas-multistream_seed2026,cas-multistream,placebo,2026,1120,na,hokkaido_iburi_tobu,Hokkaido1196,0.5,16,2387,166,13815,38.01315561749642,0.06850618458575193,0.09245112003068313
E1,q2_x3_resunet_cas-multistream_seed2026,cas-multistream,placebo,2026,1120,na,hokkaido_iburi_tobu,Hokkaido1197,0.5,0,3567,137,12680,58.55424633548945,0.0,0.0
E1,q2_x3_resunet_cas-multistream_seed2026,cas-multistream,placebo,2026,1120,na,hokkaido_iburi_tobu,Hokkaido1198,0.5,37,2766,155,13426,40.86620708915889,0.05418719211784077,0.14553014552980192
E1,q2_x3_resunet_cas-multistream_seed2026,cas-multistream,placebo,2026,1120,na,hokkaido_iburi_tobu,Hokkaido1199,0.5,31,4719,156,11478,37.59520907752624,0.11658626234744322,0.17214852029165048
E1,q2_x3_resunet_cas-multistream_seed2026,cas-multistream,placebo,2026,1120,na,hokkaido_iburi_tobu,Hokkaido1200,0.5,25,4507,196,11656,41.56195469097693,0.017621145374013002,0.043632295356618944
E1,q2_x3_resunet_cas-multistream_seed2026,cas-multistream,placebo,2026,1120,na,hokkaido_iburi_tobu,Hokkaido1201,0.5,134,3790,290,12170,40.0,0.07694773965966543,0.13914629482492533
E1,q2_x3_resunet_cas-multistream_seed2026,cas-multistream,placebo,2026,1120,na,hokkaido_iburi_tobu,Hokkaido1202,0.5,129,2582,501,13172,48.41487374764082,0.15511079342338943,0.23854006542853984
E1,q2_x3_resunet_cas-multistream_seed2026,cas-multistream,placebo,2026,1120,na,hokkaido_iburi_tobu,Hokkaido1203,0.5,117,1863,603,13801,39.76023785903544,0.16519666269319067,0.2603366563159262
E1,q2_x3_resunet_cas-multistream_seed2026,cas-multistream,placebo,2026,1120,na,hokkaido_iburi_tobu,Hokkaido1204,0.5,296,1659,1113,13316,47.43416490252569,0.23169942539002134,0.341155521463582
E1,q2_x3_resunet_cas-multistream_seed2026,cas-multistream,placebo,2026,1120,na,hokkaido_iburi_tobu,Hokkaido1205,0.5,673,1803,2416,11492,41.036569057366385,0.13137671440704066,0.2367768130560157
E1,q2_x3_resunet_cas-multistream_seed2026,cas-multistream,placebo,2026,1120,na,hokkaido_iburi_tobu,Hokkaido1206,0.5,1177,2851,2488,9868,39.59797974644666,0.19816546405651625,0.3008657450491062
E1,q2_x3_resunet_cas-multistream_seed2026,cas-multistream,placebo,2026,1120,na,hokkaido_iburi_tobu,Hokkaido1207,0.5,186,2065,2045,12088,53.04337275665291,0.07507696872993684,0.12542461458027504
E1,q2_x3_resunet_cas-multistream_seed2026,cas-multistream,placebo,2026,1120,na,hokkaido_iburi_tobu,Hokkaido1208,0.5,94,3289,949,12052,41.25285564837904,0.05004602895591222,0.08727272727227282
E1,q2_x3_resunet_cas-multistream_seed2026,cas-multistream,placebo,2026,1120,na,hokkaido_iburi_tobu,Hokkaido1209,0.5,477,2431,703,12773,40.63736058615076,0.18537371680620357,0.2923057314011515
E1,q2_x3_resunet_cas-multistream_seed2026,cas-multistream,placebo,2026,1120,na,hokkaido_iburi_tobu,Hokkaido1210,0.5,266,1454,950,13714,54.729979345817064,0.0885142255001368,0.19548872180413493
E1,q2_x3_resunet_cas-multistream_seed2026,cas-multistream,placebo,2026,1120,na,hokkaido_iburi_tobu,Hokkaido1211,0.5,165,3373,539,12307,35.21788053090542,0.14469078179646624,0.21890729385874774
E1,q2_x3_resunet_cas-multistream_seed2026,cas-multistream,placebo,2026,1120,na,hokkaido_iburi_tobu,Hokkaido1212,0.5,191,4492,352,11349,34.48747224173518,0.1516042201659664,0.29124942104626267
E1,q2_x3_resunet_cas-multistream_seed2026,cas-multistream,placebo,2026,1120,na,hokkaido_iburi_tobu,Hokkaido1213,0.5,232,4376,71,11705,26.544108197731536,0.10417017455204014,0.2383150121670886
E1,q2_x3_resunet_cas-multistream_seed2026,cas-multistream,placebo,2026,1120,na,hokkaido_iburi_tobu,Hokkaido1214,0.5,10,3803,17,12554,66.16643344884962,0.028476506881680547,0.08102955195410692
E1,q2_x3_resunet_cas-multistream_seed2026,cas-multistream,placebo,2026,1120,na,hokkaido_iburi_tobu,Hokkaido1216,0.5,0,3643,115,12626,77.00745455745405,0.0,0.0
E1,q2_x3_resunet_cas-multistream_seed2026,cas-multistream,placebo,2026,1120,na,hokkaido_iburi_tobu,Hokkaido1217,0.5,56,3202,442,12684,48.60775534123086,0.0,0.00948991696273978
E1,q2_x3_resunet_cas-multistream_seed2026,cas-multistream,placebo,2026,1120,na,hokkaido_iburi_tobu,Hokkaido1218,0.5,59,3154,789,12382,31.63214286994687,0.05171617669643926,0.10090822684499602
E1,q2_x3_resunet_cas-multistream_seed2026,cas-multistream,placebo,2026,1120,na,hokkaido_iburi_tobu,Hokkaido1219,0.5,650,3102,180,12452,28.626006285557857,0.2802344607604667,0.4271408134064113
E1,q2_x3_resunet_cas-multistream_seed2026,cas-multistream,placebo,2026,1120,na,hokkaido_iburi_tobu,Hokkaido1220,0.5,166,4028,245,11945,42.05056280623714,0.1541348344721487,0.2247838616710432
E1,q2_x3_resunet_cas-multistream_seed2026,cas-multistream,placebo,2026,1120,na,hokkaido_iburi_tobu,Hokkaido1221,0.5,0,1136,40,15208,78.87645770276644,0.0,0.0
E1,q2_x3_resunet_cas-multistream_seed2026,cas-multistream,placebo,2026,1120,na,hokkaido_iburi_tobu,Hokkaido1223,0.5,89,5368,13,10914,65.84678829824924,0.0657370517926205,0.11513651669415159
E1,q2_x3_resunet_cas-multistream_seed2026,cas-multistream,placebo,2026,1120,na,hokkaido_iburi_tobu,Hokkaido1224,0.5,0,1527,102,14755,49.39380201844543,0.0,0.0
E1,q2_x3_resunet_cas-multistream_seed2026,cas-multistream,placebo,2026,1120,na,hokkaido_iburi_tobu,Hokkaido1225,0.5,0,3726,94,12564,61.067583759448674,0.03743315507998227,0.07613868116906297
E1,q2_x3_resunet_cas-multistream_seed2026,cas-multistream,placebo,2026,1120,na,hokkaido_iburi_tobu,Hokkaido1226,0.5,0,1404,130,14850,46.0,0.0,0.0
E1,q2_x3_resunet_cas-multistream_seed2026,cas-multistream,placebo,2026,1120,na,hokkaido_iburi_tobu,Hokkaido1227,0.5,103,1319,0,14962,38.503205625316404,0.013745704467047391,0.12232697171727114
E1,q2_x3_resunet_cas-multistream_seed2026,cas-multistream,placebo,2026,1120,na,hokkaido_iburi_tobu,Hokkaido1228,0.5,0,2516,67,13801,85.71132842198782,0.0,0.0
E1,q2_x3_resunet_cas-multistream_seed2026,cas-multistream,placebo,2026,1120,na,hokkaido_iburi_tobu,Hokkaido1230,0.5,0,2007,36,14341,88.15211668366724,0.0,0.0
E1,q2_x3_resunet_cas-multistream_seed2026,cas-multistream,placebo,2026,1120,na,hokkaido_iburi_tobu,Hokkaido1231,0.5,0,2986,44,13354,90.36720979922,0.0,0.0
E1,q2_x3_resunet_cas-multistream_seed2026,cas-multistream,placebo,2026,1120,na,hokkaido_iburi_tobu,Hokkaido1232,0.5,0,1516,124,14744,58.699785406737114,0.0,0.0
E1,q2_x3_resunet_cas-multistream_seed2026,cas-multistream,placebo,2026,1120,na,hokkaido_iburi_tobu,Hokkaido1233,0.5,130,2933,796,12525,52.14395712992194,0.03845837784486803,0.061696658097187974
E1,q2_x3_resunet_cas-multistream_seed2026,cas-multistream,placebo,2026,1120,na,hokkaido_iburi_tobu,Hokkaido1234,0.5,272,552,1185,14375,51.68403097731086,0.14210475916850965,0.2205882352937738
E1,q2_x3_resunet_cas-multistream_seed2026,cas-multistream,placebo,2026,1120,na,hokkaido_iburi_tobu,Hokkaido1235,0.5,34,1043,977,14330,56.8224624306512,0.058943571733179975,0.07892004153642233
E1,q2_x3_resunet_cas-multistream_seed2026,cas-multistream,placebo,2026,1120,na,hokkaido_iburi_tobu,Hokkaido1236,0.5,256,1386,278,14464,35.59890154037148,0.27586206896501986,0.4040646711247516
E1,q2_x3_resunet_cas-multistream_seed2026,cas-multistream,placebo,2026,1120,na,hokkaido_iburi_tobu,Hokkaido1237,0.5,0,3810,160,12414,84.1439156875017,0.0,0.0
E1,q2_x3_resunet_cas-multistream_seed2026,cas-multistream,placebo,2026,1120,na,hokkaido_iburi_tobu,Hokkaido1238,0.5,35,5082,0,11267,78.1676969812999,0.020629190304179035,0.0699840945238201
E1,q2_x3_resunet_cas-multistream_seed2026,cas-multistream,placebo,2026,1120,na,hokkaido_iburi_tobu,Hokkaido1239,0.5,12,4189,70,12113,53.0,0.05990469707263926,0.08657156910948188
E1,q2_x3_resunet_cas-multistream_seed2026,cas-multistream,placebo,2026,1120,na,hokkaido_iburi_tobu,Hokkaido1240,0.5,0,2976,62,13346,38.01569399524906,0.0,0.029225523623723722
E1,q2_x3_resunet_cas-multistream_seed2026,cas-multistream,placebo,2026,1120,na,hokkaido_iburi_tobu,Hokkaido1241,0.5,15,2813,10,13546,51.35659438564252,0.006122448979546,0.09670538042173275
E1,q2_x3_resunet_cas-multistream_seed2026,cas-multistream,placebo,2026,1120,na,hokkaido_iburi_tobu,Hokkaido1242,0.5,36,4058,38,12252,54.79962591416823,0.12121212121190816,0.2160136841245219
E1,q2_x3_resunet_cas-multistream_seed2026,cas-multistream,placebo,2026,1120,na,hokkaido_iburi_tobu,Hokkaido1243,0.5,19,3184,200,12981,34.63800715055739,0.08192448052391577,0.11424491253090384
E1,q2_x3_resunet_cas-multistream_seed2026,cas-multistream,placebo,2026,1120,na,hokkaido_iburi_tobu,Hokkaido1244,0.5,138,3613,117,12516,43.52374066683411,0.0,0.007509386733134291
E1,q2_x3_resunet_cas-multistream_seed2026,cas-multistream,placebo,2026,1120,na,hokkaido_iburi_tobu,Hokkaido1245,0.5,111,3252,91,12930,32.71994195661565,0.05921748325653497,0.12132833609300453
E1,q2_x3_resunet_cas-multistream_seed2026,cas-multistream,placebo,2026,1120,na,hokkaido_iburi_tobu,Hokkaido1246,0.5,104,3563,194,12523,41.37026815307884,0.0,0.02069679199679862
E1,q2_x3_resunet_cas-multistream_seed2026,cas-multistream,placebo,2026,1120,na,hokkaido_iburi_tobu,Hokkaido1247,0.5,208,3852,511,11813,42.997665289604065,0.05819189469988105,0.09592988353894057
E1,q2_x3_resunet_cas-multistream_seed2026,cas-multistream,placebo,2026,1120,na,hokkaido_iburi_tobu,Hokkaido1248,0.5,68,1872,855,13589,51.1223677982001,0.05118362124070643,0.109488483490725
E1,q2_x3_resunet_cas-multistream_seed2026,cas-multistream,placebo,2026,1120,na,hokkaido_iburi_tobu,Hokkaido1249,0.5,78,1062,1868,13376,56.442827570825955,0.07793491605392955,0.14458125324062088
E1,q2_x3_resunet_cas-multistream_seed2026,cas-multistream,placebo,2026,1120,na,hokkaido_iburi_tobu,Hokkaido1250,0.5,602,2099,1831,11852,46.06787678199594,0.13929004402630624,0.24214356599371037
E1,q2_x3_resunet_cas-multistream_seed2026,cas-multistream,placebo,2026,1120,na,hokkaido_iburi_tobu,Hokkaido1251,0.5,218,4624,1094,10448,33.141375448044535,0.08607036219608077,0.1611152373874157
E1,q2_x3_resunet_cas-multistream_seed2026,cas-multistream,placebo,2026,1120,na,hokkaido_iburi_tobu,Hokkaido1252,0.5,507,3200,529,12148,46.29576669891277,0.1206871051570304,0.20305564411263038
E1,q2_x3_resunet_cas-multistream_seed2026,cas-multistream,placebo,2026,1120,na,hokkaido_iburi_tobu,Hokkaido1253,0.5,482,2809,861,12232,39.88600007726185,0.1627635464592636,0.25802024360908554
E1,q2_x3_resunet_cas-multistream_seed2026,cas-multistream,placebo,2026,1120,na,hokkaido_iburi_tobu,Hokkaido1254,0.5,38,4097,938,11311,29.574408018775614,0.0022002200215119603,0.022897585345062692
E1,q2_x3_resunet_cas-multistream_seed2026,cas-multistream,placebo,2026,1120,na,hokkaido_iburi_tobu,Hokkaido1255,0.5,446,2905,451,12582,36.73961440551961,0.17495250158279382,0.2551393740244389
E1,q2_x3_resunet_cas-multistream_seed2026,cas-multistream,placebo,2026,1120,na,hokkaido_iburi_tobu,Hokkaido1256,0.5,84,1854,1120,13326,49.977427284601454,0.11791907514404944,0.17141041931338236
E1,q2_x3_resunet_cas-multistream_seed2026,cas-multistream,placebo,2026,1120,na,hokkaido_iburi_tobu,Hokkaido1257,0.5,426,3012,253,12693,24.698178070456937,0.15227498302201922,0.2743706996020601
E1,q2_x3_resunet_cas-multistream_seed2026,cas-multistream,placebo,2026,1120,na,hokkaido_iburi_tobu,Hokkaido1258,0.5,9,3407,155,12813,47.995182077507216,0.05201824016182529,0.0764044943816667
E1,q2_x3_resunet_cas-multistream_seed2026,cas-multistream,placebo,2026,1120,na,hokkaido_iburi_tobu,Hokkaido1259,0.5,36,4007,31,12310,53.817279929158644,0.0,0.04999999999971125
E1,q2_x3_resunet_cas-multistream_seed2026,cas-multistream,placebo,2026,1120,na,hokkaido_iburi_tobu,Hokkaido1260,0.5,30,3939,1,12414,60.959002616512684,0.0,0.0
E1,q2_x3_resunet_cas-multistream_seed2026,cas-multistream,placebo,2026,1120,na,hokkaido_iburi_tobu,Hokkaido1261,0.5,0,3391,33,12960,90.23801415493217,0.0,0.0
E1,q2_x3_resunet_cas-multistream_seed2026,cas-multistream,placebo,2026,1120,na,hokkaido_iburi_tobu,Hokkaido1262,0.5,53,4621,316,11394,44.44388080995365,0.0,0.0
E1,q2_x3_resunet_cas-multistream_seed2026,cas-multistream,placebo,2026,1120,na,hokkaido_iburi_tobu,Hokkaido1263,0.5,138,3401,522,12323,55.00363606316011,0.12483151892122116,0.20389404194819863
E1,q2_x3_resunet_cas-multistream_seed2026,cas-multistream,placebo,2026,1120,na,hokkaido_iburi_tobu,Hokkaido1264,0.5,24,3129,300,12931,65.89222912878884,0.08484848484807571,0.13948951389979994
E1,q2_x3_resunet_cas-multistream_seed2026,cas-multistream,placebo,2026,1120,na,hokkaido_iburi_tobu,Hokkaido1265,0.5,0,237,102,16045,49.102437341323274,0.0,0.0
E1,q2_x3_resunet_cas-multistream_seed2026,cas-multistream,placebo,2026,1120,na,hokkaido_iburi_tobu,Hokkaido1266,0.5,0,1080,102,15202,68.59774039947001,0.0,0.0
E1,q2_x3_resunet_cas-multistream_seed2026,cas-multistream,placebo,2026,1120,na,hokkaido_iburi_tobu,Hokkaido1267,0.5,0,2206,36,14142,110.46717579269324,0.0,0.0
E1,q2_x3_resunet_cas-multistream_seed2026,cas-multistream,placebo,2026,1120,na,hokkaido_iburi_tobu,Hokkaido1268,0.5,18,2021,85,14260,62.04836195407249,0.11738746690174794,0.1595349588241987
E1,q2_x3_resunet_cas-multistream_seed2026,cas-multistream,placebo,2026,1120,na,hokkaido_iburi_tobu,Hokkaido1269,0.5,0,2351,67,13966,95.00394704043941,0.0,0.0
E1,q2_x3_resunet_cas-multistream_seed2026,cas-multistream,placebo,2026,1120,na,hokkaido_iburi_tobu,Hokkaido1270,0.5,0,1789,106,14489,87.72739656564048,0.0,0.0
E1,q2_x3_resunet_cas-multistream_seed2026,cas-multistream,placebo,2026,1120,na,hokkaido_iburi_tobu,Hokkaido1271,0.5,0,2900,726,12758,52.00941458059047,0.0,0.0
E1,q2_x3_resunet_cas-multistream_seed2026,cas-multistream,placebo,2026,1120,na,hokkaido_iburi_tobu,Hokkaido1272,0.5,249,2515,904,12716,56.580864697363886,0.14708128176047405,0.25225911646781607
E1,q2_x3_resunet_cas-multistream_seed2026,cas-multistream,placebo,2026,1120,na,hokkaido_iburi_tobu,Hokkaido1273,0.5,56,3591,627,12110,45.967379738244816,0.053204353082936154,0.10364483241538576
E1,q2_x3_resunet_cas-multistream_seed2026,cas-multistream,placebo,2026,1120,na,hokkaido_iburi_tobu,Hokkaido1274,0.5,141,4402,26,11815,47.252101856380314,0.023952095807995125,0.061555372354630634
E1,q2_x3_resunet_cas-multistream_seed2026,cas-multistream,placebo,2026,1120,na,hokkaido_iburi_tobu,Hokkaido1275,0.5,66,2593,27,13698,55.55579877825624,0.11260053619278569,0.14551053796530963
E1,q2_x3_resunet_cas-multistream_seed2026,cas-multistream,placebo,2026,1120,na,hokkaido_iburi_tobu,Hokkaido1276,0.5,13,3995,98,12278,61.947848125686285,0.06155437734364894,0.08462526766576886
E1,q2_x3_resunet_cas-multistream_seed2026,cas-multistream,placebo,2026,1120,na,hokkaido_iburi_tobu,Hokkaido1277,0.5,0,3744,73,12567,67.44452441459835,0.0,0.027972027971818473
E1,q2_x3_resunet_cas-multistream_seed2026,cas-multistream,placebo,2026,1120,na,hokkaido_iburi_tobu,Hokkaido1278,0.5,24,2946,40,13374,42.6408529471876,0.12107623318365744,0.20506730007892654
E1,q2_x3_resunet_cas-multistream_seed2026,cas-multistream,placebo,2026,1120,na,hokkaido_iburi_tobu,Hokkaido1279,0.5,12,4808,22,11542,43.64108981283528,0.09160831133035521,0.14135667396039733
E1,q2_x3_resunet_cas-multistream_seed2026,cas-multistream,placebo,2026,1120,na,hokkaido_iburi_tobu,Hokkaido1280,0.5,0,1722,52,14610,45.176748019187905,0.0,0.0
E1,q2_x3_resunet_cas-multistream_seed2026,cas-multistream,placebo,2026,1120,na,hokkaido_iburi_tobu,Hokkaido1281,0.5,57,4862,138,11327,39.451141894844426,0.059400689471900796,0.08281656331225476
E1,q2_x3_resunet_cas-multistream_seed2026,cas-multistream,placebo,2026,1120,na,hokkaido_iburi_tobu,Hokkaido1282,0.5,0,3946,151,12287,81.88646937546643,0.00480769230737871,0.034493378502945496
E1,q2_x3_resunet_cas-multistream_seed2026,cas-multistream,placebo,2026,1120,na,hokkaido_iburi_tobu,Hokkaido1283,0.5,0,3361,62,12961,90.02388496345891,0.0,0.0
E1,q2_x3_resunet_cas-multistream_seed2026,cas-multistream,placebo,2026,1120,na,hokkaido_iburi_tobu,Hokkaido1284,0.5,0,1329,153,14902,58.02269206589354,0.0,0.0
E1,q2_x3_resunet_cas-multistream_seed2026,cas-multistream,placebo,2026,1120,na,hokkaido_iburi_tobu,Hokkaido1285,0.5,30,3660,300,12394,36.66164856488846,0.0,0.017185821696610717
E1,q2_x3_resunet_cas-multistream_seed2026,cas-multistream,placebo,2026,1120,na,hokkaido_iburi_tobu,Hokkaido1286,0.5,157,3044,607,12576,44.986067977499786,0.027808207634168084,0.06275365778752355
E1,q2_x3_resunet_cas-multistream_seed2026,cas-multistream,placebo,2026,1120,na,hokkaido_iburi_tobu,Hokkaido1287,0.5,470,2257,1214,12443,42.495868806863875,0.2045326349714361,0.3007748045049668
E1,q2_x3_resunet_cas-multistream_seed2026,cas-multistream,placebo,2026,1120,na,hokkaido_iburi_tobu,Hokkaido1288,0.5,499,3363,1050,11472,30.083217912982647,0.16787485692440984,0.2856582614350789
E1,q2_x3_resunet_cas-multistream_seed2026,cas-multistream,placebo,2026,1120,na,hokkaido_iburi_tobu,Hokkaido1289,0.5,0,2570,773,13041,52.98486242525107,0.0,0.0
E1,q2_x3_resunet_cas-multistream_seed2026,cas-multistream,placebo,2026,1120,na,hokkaido_iburi_tobu,Hokkaido1290,0.5,396,3574,517,11897,34.47750174496368,0.08733944954081922,0.14745308310944144
E1,q2_x3_resunet_cas-multistream_seed2026,cas-multistream,placebo,2026,1120,na,hokkaido_iburi_tobu,Hokkaido1291,0.5,227,3834,860,11463,38.94339431109422,0.19613194426172864,0.2589812332435049
E1,q2_x3_resunet_cas-multistream_seed2026,cas-multistream,placebo,2026,1120,na,hokkaido_iburi_tobu,Hokkaido1292,0.5,431,2839,617,12497,39.35924200325263,0.1803108808285675,0.25939310503023016
E1,q2_x3_resunet_cas-multistream_seed2026,cas-multistream,placebo,2026,1120,na,hokkaido_iburi_tobu,Hokkaido1293,0.5,310,3503,1468,11103,33.24154027718932,0.1720794701982686,0.31348876905725287
E1,q2_x3_resunet_cas-multistream_seed2026,cas-multistream,placebo,2026,1120,na,hokkaido_iburi_tobu,Hokkaido1294,0.5,269,1196,1449,13470,48.26564806551079,0.123746471911518,0.2553993688779474
E1,q2_x3_resunet_cas-multistream_seed2026,cas-multistream,placebo,2026,1120,na,hokkaido_iburi_tobu,Hokkaido1295,0.5,295,1800,247,14042,46.214681445951875,0.37756466143513256,0.4954346963075642
E1,q2_x3_resunet_cas-multistream_seed2026,cas-multistream,placebo,2026,1120,na,hokkaido_iburi_tobu,Hokkaido1296,0.5,0,2200,147,14037,63.43859277743359,0.0,0.0
E1,q2_x3_resunet_cas-multistream_seed2026,cas-multistream,placebo,2026,1120,na,hokkaido_iburi_tobu,Hokkaido1297,0.5,66,4219,164,11935,45.95638414234415,0.15750915750872596,0.2561275124049611
E1,q2_x3_resunet_cas-multistream_seed2026,cas-multistream,placebo,2026,1120,na,hokkaido_iburi_tobu,Hokkaido1298,0.5,153,4352,124,11755,41.065785267295404,0.16021639617101374,0.2482085566629616
E1,q2_x3_resunet_cas-multistream_seed2026,cas-multistream,placebo,2026,1120,na,hokkaido_iburi_tobu,Hokkaido1299,0.5,0,4209,84,12091,63.90654092368304,0.0,0.0
E1,q2_x3_resunet_cas-multistream_seed2026,cas-multistream,placebo,2026,1120,na,hokkaido_iburi_tobu,Hokkaido1300,0.5,0,3184,53,13147,69.64122339075001,0.0,0.0
E1,q2_x3_resunet_cas-multistream_seed2026,cas-multistream,placebo,2026,1120,na,hokkaido_iburi_tobu,Hokkaido1301,0.5,0,1803,52,14529,81.9923773118798,0.0,0.0
E1,q2_x3_resunet_cas-multistream_seed2026,cas-multistream,placebo,2026,1120,na,hokkaido_iburi_tobu,Hokkaido1302,0.5,0,3158,370,12856,65.01076477383248,0.0,0.0
E1,q2_x3_resunet_cas-multistream_seed2026,cas-multistream,placebo,2026,1120,na,hokkaido_iburi_tobu,Hokkaido1303,0.5,327,3969,228,11860,31.89827485264579,0.165858912223547,0.24656389073247595
E1,q2_x3_resunet_cas-multistream_seed2026,cas-multistream,placebo,2026,1120,na,hokkaido_iburi_tobu,Hokkaido1304,0.5,52,2368,364,13600,51.622185037415406,0.05177007993859678,0.07547912837965227
E1,q2_x3_resunet_cas-multistream_seed2026,cas-multistream,placebo,2026,1120,na,hokkaido_iburi_tobu,Hokkaido1305,0.5,159,4207,355,11663,34.53237398524871,0.10490307867682086,0.20612983833905535
E1,q2_x3_resunet_cas-multistream_seed2026,cas-multistream,placebo,2026,1120,na,hokkaido_iburi_tobu,Hokkaido1306,0.5,92,2764,282,13246,41.78274939469709,0.1777467248903317,0.2713237375602256
E1,q2_x3_resunet_cas-multistream_seed2026,cas-multistream,placebo,2026,1120,na,hokkaido_iburi_tobu,Hokkaido1307,0.5,0,3261,91,13032,72.0652381084856,0.0,0.0
E1,q2_x3_resunet_cas-multistream_seed2026,cas-multistream,placebo,2026,1120,na,hokkaido_iburi_tobu,Hokkaido1309,0.5,0,4842,19,11523,88.97864331275433,0.0,0.0
E1,q2_x3_resunet_cas-multistream_seed2026,cas-multistream,placebo,2026,1120,na,hokkaido_iburi_tobu,Hokkaido1310,0.5,0,3730,26,12628,88.26378907590298,0.0,0.0
E1,q2_x3_resunet_cas-multistream_seed2026,cas-multistream,placebo,2026,1120,na,hokkaido_iburi_tobu,Hokkaido1311,0.5,0,4882,18,11484,94.08984958123231,0.0,0.0
E1,q2_x3_resunet_cas-multistream_seed2026,cas-multistream,placebo,2026,1120,na,hokkaido_iburi_tobu,Hokkaido1312,0.5,65,3239,35,13045,41.0,0.04502251125527349,0.07499999999959031
E1,q2_x3_resunet_cas-multistream_seed2026,cas-multistream,placebo,2026,1120,na,hokkaido_iburi_tobu,Hokkaido1313,0.5,58,3906,180,12240,28.291340106945064,0.031746031745546986,0.05552315408796853
E1,q2_x3_resunet_cas-multistream_seed2026,cas-multistream,placebo,2026,1120,na,hokkaido_iburi_tobu,Hokkaido1314,0.5,135,3399,590,12260,42.43819034784589,0.12217863802921143,0.1986632499400613
E1,q2_x3_resunet_cas-multistream_seed2026,cas-multistream,placebo,2026,1120,na,hokkaido_iburi_tobu,Hokkaido1315,0.5,98,2279,1305,12702,43.60045871318328,0.06714628297325238,0.1074997345536258
E1,q2_x3_resunet_cas-multistream_seed2026,cas-multistream,placebo,2026,1120,na,hokkaido_iburi_tobu,Hokkaido1316,0.5,303,3019,574,12488,44.785585542176825,0.06743737957570695,0.12131492746800494
E1,q2_x3_resunet_cas-multistream_seed2026,cas-multistream,placebo,2026,1120,na,hokkaido_iburi_tobu,Hokkaido1317,0.5,10,2532,155,13687,61.26989472816156,0.020926756352290795,0.048054919908049776
E1,q2_x3_resunet_cas-multistream_seed2026,cas-multistream,placebo,2026,1120,na,hokkaido_iburi_tobu,Hokkaido1318,0.5,45,4857,434,11048,33.5894148595108,0.12525962613786196,0.174429748897334
E1,q2_x3_resunet_cas-multistream_seed2026,cas-multistream,placebo,2026,1120,na,hokkaido_iburi_tobu,Hokkaido1319,0.5,124,3869,677,11714,48.86919676679548,0.08244658567194088,0.1666464327622967
E1,q2_x3_resunet_cas-multistream_seed2026,cas-multistream,placebo,2026,1120,na,hokkaido_iburi_tobu,Hokkaido1320,0.5,284,2177,720,13203,42.147309978597754,0.09506661865280207,0.15127695718479522
E1,q2_x3_resunet_cas-multistream_seed2026,cas-multistream,placebo,2026,1120,na,hokkaido_iburi_tobu,Hokkaido1321,0.5,319,1806,1146,13113,52.45759174685469,0.14317024169451906,0.19862600131460253
E1,q2_x3_resunet_cas-multistream_seed2026,cas-multistream,placebo,2026,1120,na,hokkaido_iburi_tobu,Hokkaido1322,0.5,172,2672,850,12690,50.82507991627737,0.13238289205656142,0.1990947592083805
E1,q2_x3_resunet_cas-multistream_seed2026,cas-multistream,placebo,2026,1120,na,hokkaido_iburi_tobu,Hokkaido1323,0.5,0,3065,135,13184,75.55586600266199,0.0,0.0
E1,q2_x3_resunet_cas-multistream_seed2026,cas-multistream,placebo,2026,1120,na,hokkaido_iburi_tobu,Hokkaido1324,0.5,0,4056,163,12165,86.08481731996338,0.0,0.0
E1,q2_x3_resunet_cas-multistream_seed2026,cas-multistream,placebo,2026,1120,na,hokkaido_iburi_tobu,Hokkaido1325,0.5,60,1232,208,14884,40.18453887886336,0.16166850184547912,0.26850068775741004
E1,q2_x3_resunet_cas-multistream_seed2026,cas-multistream,placebo,2026,1120,na,hokkaido_iburi_tobu,Hokkaido1326,0.5,9,2626,96,13653,48.274733318340374,0.0,0.026054590570236458
E1,q2_x3_resunet_cas-multistream_seed2026,cas-multistream,placebo,2026,1120,na,hokkaido_iburi_tobu,Hokkaido1327,0.5,64,1841,308,14171,58.3517713534987,0.08056537102424487,0.12083717256763979
E1,q2_x3_resunet_cas-multistream_seed2026,cas-multistream,placebo,2026,1120,na,hokkaido_iburi_tobu,Hokkaido1328,0.5,67,2309,379,13629,32.764936483932324,0.06653359946725486,0.11113825109868267
E1,q2_x3_resunet_cas-multistream_seed2026,cas-multistream,placebo,2026,1120,na,hokkaido_iburi_tobu,Hokkaido1329,0.5,329,3866,428,11761,32.79175158519647,0.16602238046746173,0.2542372881350955
E1,q2_x3_resunet_cas-multistream_seed2026,cas-multistream,placebo,2026,1120,na,hokkaido_iburi_tobu,Hokkaido1330,0.5,465,3763,570,11586,33.24154027718932,0.1722210277354727,0.23968656372386515
E1,q2_x3_resunet_cas-multistream_seed2026,cas-multistream,placebo,2026,1120,na,hokkaido_iburi_tobu,Hokkaido1331,0.5,84,2261,417,13622,44.721425273710224,0.08730901153676561,0.1257299043354437
E1,q2_x3_resunet_cas-multistream_seed2026,cas-multistream,placebo,2026,1120,na,hokkaido_iburi_tobu,Hokkaido1332,0.5,40,3785,179,12380,38.313831069111494,0.07375458270389385,0.11962255739604495
E1,q2_x3_resunet_cas-multistream_seed2026,cas-multistream,placebo,2026,1120,na,hokkaido_iburi_tobu,Hokkaido1333,0.5,94,4101,3,12186,52.184272648733085,0.1447963800902071,0.20968660968632702
E1,q2_x3_resunet_cas-multistream_seed2026,cas-multistream,placebo,2026,1120,na,hokkaido_iburi_tobu,Hokkaido1334,0.5,0,3078,27,13279,82.01584112908186,0.0,0.0
E1,q2_x3_resunet_cas-multistream_seed2026,cas-multistream,placebo,2026,1120,na,hokkaido_iburi_tobu,Hokkaido1335,0.5,99,2973,2,13310,53.53264522594773,0.16403785488935085,0.21518987341748183
E1,q2_x3_resunet_cas-multistream_seed2026,cas-multistream,placebo,2026,1120,na,hokkaido_iburi_tobu,Hokkaido1336,0.5,0,3311,101,12972,92.56724655652417,0.0,0.0
E1,q2_x3_resunet_cas-multistream_seed2026,cas-multistream,placebo,2026,1120,na,hokkaido_iburi_tobu,Hokkaido1337,0.5,5,3045,32,13302,67.14981780448971,0.03426124196986478,0.05444392740790748
E1,q2_x3_resunet_cas-multistream_seed2026,cas-multistream,placebo,2026,1120,na,hokkaido_iburi_tobu,Hokkaido1338,0.5,73,2940,50,13321,42.4705293048441,0.06360078277849046,0.11269208878732033
E1,q2_x3_resunet_cas-multistream_seed2026,cas-multistream,placebo,2026,1120,na,hokkaido_iburi_tobu,Hokkaido1339,0.5,138,3041,473,12732,36.87817782917155,0.11196875290567035,0.17631578947319007
E1,q2_x3_resunet_cas-multistream_seed2026,cas-multistream,placebo,2026,1120,na,hokkaido_iburi_tobu,Hokkaido1340,0.5,97,2645,858,12784,37.130965691978275,0.1244181125683013,0.23801069323359386
E1,q2_x3_resunet_cas-multistream_seed2026,cas-multistream,placebo,2026,1120,na,hokkaido_iburi_tobu,Hokkaido1341,0.5,236,3755,317,12076,33.89227756660261,0.16124469589766496,0.28616580641000156
E1,q2_x3_resunet_cas-multistream_seed2026,cas-multistream,placebo,2026,1120,na,hokkaido_iburi_tobu,Hokkaido1342,0.5,0,2035,315,14034,50.79368221012204,0.0,0.0
E1,q2_x3_resunet_cas-multistream_seed2026,cas-multistream,placebo,2026,1120,na,hokkaido_iburi_tobu,Hokkaido1343,0.5,444,3425,129,12386,23.12970334961301,0.08651741148261392,0.21531840651302553
E1,q2_x3_resunet_cas-multistream_seed2026,cas-multistream,placebo,2026,1120,na,hokkaido_iburi_tobu,Hokkaido1344,0.5,97,2998,373,12916,44.85343981440115,0.06201550387548125,0.1176156642978446
E1,q2_x3_resunet_cas-multistream_seed2026,cas-multistream,placebo,2026,1120,na,hokkaido_iburi_tobu,Hokkaido1345,0.5,50,2562,149,13623,36.17993687838202,0.0,0.0
E1,q2_x3_resunet_cas-multistream_seed2026,cas-multistream,placebo,2026,1120,na,hokkaido_iburi_tobu,Hokkaido1346,0.5,0,3764,268,12352,72.63769624589335,0.0,0.0
E1,q2_x3_resunet_cas-multistream_seed2026,cas-multistream,placebo,2026,1120,na,hokkaido_iburi_tobu,Hokkaido1347,0.5,0,3360,221,12803,79.11826161417824,0.0,0.0
E1,q2_x3_resunet_cas-multistream_seed2026,cas-multistream,placebo,2026,1120,na,hokkaido_iburi_tobu,Hokkaido1348,0.5,0,3033,90,13261,91.0,0.0,0.0
E1,q2_x3_resunet_cas-multistream_seed2026,cas-multistream,placebo,2026,1120,na,hokkaido_iburi_tobu,Hokkaido1349,0.5,0,3101,27,13256,109.26649159494039,0.0,0.0
E1,q2_x3_resunet_cas-multistream_seed2026,cas-multistream,placebo,2026,1120,na,hokkaido_iburi_tobu,Hokkaido1350,0.5,0,2627,22,13735,102.14980327389924,0.0,0.0
E1,q2_x3_resunet_cas-multistream_seed2026,cas-multistream,placebo,2026,1120,na,hokkaido_iburi_tobu,Hokkaido1351,0.5,0,669,22,15693,86.50952156223306,0.0,0.0
E1,q2_x3_resunet_cas-multistream_seed2026,cas-multistream,placebo,2026,1120,na,hokkaido_iburi_tobu,Hokkaido1352,0.5,0,2784,45,13555,65.18857088045814,0.0,0.0
E1,q2_x3_resunet_cas-multistream_seed2026,cas-multistream,placebo,2026,1120,na,hokkaido_iburi_tobu,Hokkaido1353,0.5,13,2582,87,13702,60.08368803300075,0.03928415539020432,0.07856831078086343
E1,q2_x3_resunet_cas-multistream_seed2026,cas-multistream,placebo,2026,1120,na,hokkaido_iburi_tobu,Hokkaido1354,0.5,93,5459,527,10305,30.40640868897413,0.07799442896886942,0.11411219434184307
E1,q2_x3_resunet_cas-multistream_seed2026,cas-multistream,placebo,2026,1120,na,hokkaido_iburi_tobu,Hokkaido1355,0.5,67,814,661,14842,52.016081235799206,0.15332197614943752,0.2381043745198681
E1,q2_x3_resunet_cas-multistream_seed2026,cas-multistream,placebo,2026,1120,na,hokkaido_iburi_tobu,Hokkaido1356,0.5,116,2288,348,13632,42.92772344835403,0.10108984810729293,0.19732122009674363
E1,q2_x3_resunet_cas-multistream_seed2026,cas-multistream,placebo,2026,1120,na,hokkaido_iburi_tobu,Hokkaido1357,0.5,68,2970,311,13035,37.72938696259645,0.08176614881389623,0.11535688536359523
E1,q2_x3_resunet_cas-multistream_seed2026,cas-multistream,placebo,2026,1120,na,hokkaido_iburi_tobu,Hokkaido1358,0.5,78,4001,27,12278,55.44366510251645,0.031722054380313336,0.13850415512429082
E1,q2_x3_resunet_cas-multistream_seed2026,cas-multistream,placebo,2026,1120,na,hokkaido_iburi_tobu,Hokkaido1359,0.5,0,3663,27,12694,94.08187721589965,0.0,0.0
E1,q2_x3_resunet_cas-multistream_seed2026,cas-multistream,placebo,2026,1120,na,hokkaido_iburi_tobu,Hokkaido1360,0.5,2,3335,99,12948,71.00105618091294,0.0472972972970442,0.07726597325385887
E1,q2_x3_resunet_cas-multistream_seed2026,cas-multistream,placebo,2026,1120,na,hokkaido_iburi_tobu,Hokkaido1361,0.5,0,4004,101,12279,86.93675748236714,0.0,0.0
E1,q2_x3_resunet_cas-multistream_seed2026,cas-multistream,placebo,2026,1120,na,hokkaido_iburi_tobu,Hokkaido1363,0.5,0,3174,28,13182,81.19728569021964,0.0,0.0
E1,q2_x3_resunet_cas-multistream_seed2026,cas-multistream,placebo,2026,1120,na,hokkaido_iburi_tobu,Hokkaido1364,0.5,7,3685,592,12100,48.257090644190804,0.009404388714236142,0.045306033543390724
E1,q2_x3_resunet_cas-multistream_seed2026,cas-multistream,placebo,2026,1120,na,hokkaido_iburi_tobu,Hokkaido1365,0.5,275,2403,1147,12559,38.190311225326575,0.09852026426570501,0.22946511608021888
E1,q2_x3_resunet_cas-multistream_seed2026,cas-multistream,placebo,2026,1120,na,hokkaido_iburi_tobu,Hokkaido1366,0.5,262,1853,1343,12926,52.56990050210091,0.1091878966242913,0.15415019762809357
E1,q2_x3_resunet_cas-multistream_seed2026,cas-multistream,placebo,2026,1120,na,hokkaido_iburi_tobu,Hokkaido1367,0.5,92,3186,821,12285,49.37605447200664,0.07671613295098942,0.12518628912021607
E1,q2_x3_resunet_cas-multistream_seed2026,cas-multistream,placebo,2026,1120,na,hokkaido_iburi_tobu,Hokkaido1368,0.5,0,4007,307,12070,71.52092367101764,0.0,0.0
E1,q2_x3_resunet_cas-multistream_seed2026,cas-multistream,placebo,2026,1120,na,hokkaido_iburi_tobu,Hokkaido1369,0.5,0,3089,156,13139,86.24555554154928,0.0,0.0
E1,q2_x3_resunet_cas-multistream_seed2026,cas-multistream,placebo,2026,1120,na,hokkaido_iburi_tobu,Hokkaido1370,0.5,0,2986,17,13381,90.79867726156868,0.0,0.0
E1,q2_x3_resunet_cas-multistream_seed2026,cas-multistream,placebo,2026,1120,na,hokkaido_iburi_tobu,Hokkaido1371,0.5,0,2666,31,13687,83.2648935382493,0.0,0.0
E1,q2_x3_resunet_cas-multistream_seed2026,cas-multistream,placebo,2026,1120,na,hokkaido_iburi_tobu,Hokkaido1372,0.5,0,2782,77,13525,66.69271612409389,0.0,0.0
E1,q2_x3_resunet_cas-multistream_seed2026,cas-multistream,placebo,2026,1120,na,hokkaido_iburi_tobu,Hokkaido1373,0.5,119,1443,0,14822,28.128204544525953,0.006711409395543782,0.0537109374995
E1,q2_x3_resunet_cas-multistream_seed2026,cas-multistream,placebo,2026,1120,na,hokkaido_iburi_tobu,Hokkaido1374,0.5,0,3611,56,12717,87.99771656309989,0.0,0.0
E1,q2_x3_resunet_cas-multistream_seed2026,cas-multistream,placebo,2026,1120,na,hokkaido_iburi_tobu,Hokkaido1375,0.5,0,2184,36,14164,79.8855420418247,0.0,0.0
E1,q2_x3_resunet_cas-multistream_seed2026,cas-multistream,placebo,2026,1120,na,hokkaido_iburi_tobu,Hokkaido1376,0.5,40,3369,23,12952,46.41382913759366,0.075829383885866,0.1576285473443753
E1,q2_x3_resunet_cas-multistream_seed2026,cas-multistream,placebo,2026,1120,na,hokkaido_iburi_tobu,Hokkaido1377,0.5,21,2099,156,14108,39.38971712235308,0.10873067010265045,0.17328199052089488
E1,q2_x3_resunet_cas-multistream_seed2026,cas-multistream,placebo,2026,1120,na,hokkaido_iburi_tobu,Hokkaido1378,0.5,126,2581,283,13394,38.2099463490856,0.16309012875487444,0.2530116527157343
E1,q2_x3_resunet_cas-multistream_seed2026,cas-multistream,placebo,2026,1120,na,hokkaido_iburi_tobu,Hokkaido1379,0.5,97,2517,170,13600,44.6049295913271,0.16189017720365906,0.24278167740022996
E1,q2_x3_resunet_cas-multistream_seed2026,cas-multistream,placebo,2026,1120,na,hokkaido_iburi_tobu,Hokkaido1382,0.5,86,3000,51,13247,50.30896258067845,0.02752293577951398,0.06689536878183129
E1,q2_x3_resunet_cas-multistream_seed2026,cas-multistream,placebo,2026,1120,na,hokkaido_iburi_tobu,Hokkaido1383,0.5,180,1985,907,13312,50.94356633924841,0.03743363628140078,0.09314359637729523
E1,q2_x3_resunet_cas-multistream_seed2026,cas-multistream,placebo,2026,1120,na,hokkaido_iburi_tobu,Hokkaido1384,0.5,600,2304,1722,11758,40.25294980001579,0.13448875737683888,0.22416572826043907
E1,q2_x3_resunet_cas-multistream_seed2026,cas-multistream,placebo,2026,1120,na,hokkaido_iburi_tobu,Hokkaido1385,0.5,764,2855,1656,11109,36.0255341006809,0.16060942311732918,0.25826938129900795
E1,q2_x3_resunet_cas-multistream_seed2026,cas-multistream,placebo,2026,1120,na,hokkaido_iburi_tobu,Hokkaido1386,0.5,386,2465,690,12843,38.41874542459709,0.2046066407413662,0.2557461961794963
E1,q2_x3_resunet_cas-multistream_seed2026,cas-multistream,placebo,2026,1120,na,hokkaido_iburi_tobu,Hokkaido1387,0.5,0,4652,28,11704,106.75295473546902,0.0,0.0
E1,q2_x3_resunet_cas-multistream_seed2026,cas-multistream,placebo,2026,1120,na,hokkaido_iburi_tobu,Hokkaido1388,0.5,0,2830,64,13490,73.31604740594054,0.0,0.0
E1,q2_x3_resunet_cas-multistream_seed2026,cas-multistream,placebo,2026,1120,na,hokkaido_iburi_tobu,Hokkaido1389,0.5,137,2514,68,13665,20.8806130178211,0.25052192066761775,0.34361936060659276
E1,q2_x3_resunet_cas-multistream_seed2026,cas-multistream,placebo,2026,1120,na,hokkaido_iburi_tobu,Hokkaido1390,0.5,19,3253,417,12695,52.39703856291338,0.06069146937192009,0.08724832214716094
E1,q2_x3_resunet_cas-multistream_seed2026,cas-multistream,placebo,2026,1120,na,hokkaido_iburi_tobu,Hokkaido1391,0.5,61,1257,263,14803,40.00312451187128,0.11475409836015646,0.1858630482797243
E1,q2_x3_resunet_cas-multistream_seed2026,cas-multistream,placebo,2026,1120,na,hokkaido_iburi_tobu,Hokkaido1392,0.5,0,3166,29,13189,109.70551243856818,0.0,0.0
E1,q2_x3_resunet_cas-multistream_seed2026,cas-multistream,placebo,2026,1120,na,hokkaido_iburi_tobu,Hokkaido1393,0.5,0,2906,22,13456,83.7579797951821,0.0,0.0
E1,q2_x3_resunet_cas-multistream_seed2026,cas-multistream,placebo,2026,1120,na,hokkaido_iburi_tobu,Hokkaido1394,0.5,15,3684,80,12605,39.97372534437399,0.03845332193947279,0.06259314456012759
E1,q2_x3_resunet_cas-multistream_seed2026,cas-multistream,placebo,2026,1120,na,hokkaido_iburi_tobu,Hokkaido1395,0.5,57,4186,108,12033,64.96919426949877,0.027722772276865402,0.05128205128160128
E1,q2_x3_resunet_cas-multistream_seed2026,cas-multistream,placebo,2026,1120,na,hokkaido_iburi_tobu,Hokkaido1396,0.5,82,4183,10,12109,80.61141349803832,0.21593053982612329,0.2650103519666438
E1,q2_x3_resunet_cas-multistream_seed2026,cas-multistream,placebo,2026,1120,na,hokkaido_iburi_tobu,Hokkaido1397,0.5,29,2187,0,14168,41.72529209005013,0.0,0.02787456445964258
E1,q2_x3_resunet_cas-multistream_seed2026,cas-multistream,placebo,2026,1120,na,hokkaido_iburi_tobu,Hokkaido1398,0.5,0,4484,29,11871,82.29337327914962,0.0,0.0
E1,q2_x3_resunet_cas-multistream_seed2026,cas-multistream,placebo,2026,1120,na,hokkaido_iburi_tobu,Hokkaido1400,0.5,24,2880,0,13480,47.913377651295875,0.029776674937755414,0.0713678844518244
E1,q2_x3_resunet_cas-multistream_seed2026,cas-multistream,placebo,2026,1120,na,hokkaido_iburi_tobu,Hokkaido1401,0.5,0,4241,23,12120,85.37564055396598,0.0,0.0
E1,q2_x3_resunet_cas-multistream_seed2026,cas-multistream,placebo,2026,1120,na,hokkaido_iburi_tobu,Hokkaido1403,0.5,0,2455,349,13580,56.64361950306049,0.0,0.0
E1,q2_x3_resunet_cas-multistream_seed2026,cas-multistream,placebo,2026,1120,na,hokkaido_iburi_tobu,Hokkaido1404,0.5,108,1211,1537,13528,54.69430473134361,0.019784172661589536,0.0441306266546217
E1,q2_x3_resunet_cas-multistream_seed2026,cas-multistream,placebo,2026,1120,na,hokkaido_iburi_tobu,Hokkaido1405,0.5,711,1976,1406,12291,46.658288195077475,0.08547088124356032,0.16227335789089026
E1,q2_x3_resunet_cas-multistream_seed2026,cas-multistream,placebo,2026,1120,na,hokkaido_iburi_tobu,Hokkaido1406,0.5,332,4660,911,10481,29.68164415931166,0.1504826885383814,0.2556475518752165
E1,q2_x3_resunet_cas-multistream_seed2026,cas-multistream,placebo,2026,1120,na,hokkaido_iburi_tobu,Hokkaido1407,0.5,153,3958,269,12004,59.77457653551382,0.08940926024436781,0.12609858616691838
E1,q2_x3_resunet_cas-multistream_seed2026,cas-multistream,placebo,2026,1120,na,hokkaido_iburi_tobu,Hokkaido1408,0.5,0,2947,47,13390,110.36834089790138,0.0,0.0
E1,q2_x3_resunet_cas-multistream_seed2026,cas-multistream,placebo,2026,1120,na,hokkaido_iburi_tobu,Hokkaido1409,0.5,9,1859,165,14351,54.00460023026244,0.06347897774072571,0.0890052356016357
E1,q2_x3_resunet_cas-multistream_seed2026,cas-multistream,placebo,2026,1120,na,hokkaido_iburi_tobu,Hokkaido1410,0.5,0,2061,422,13901,60.890021916318965,0.0,0.007874015747532435
E1,q2_x3_resunet_cas-multistream_seed2026,cas-multistream,placebo,2026,1120,na,hokkaido_iburi_tobu,Hokkaido1411,0.5,0,2044,295,14045,70.0,0.0,0.0
E1,q2_x3_resunet_cas-multistream_seed2026,cas-multistream,placebo,2026,1120,na,hokkaido_iburi_tobu,Hokkaido1414,0.5,0,4669,29,11686,96.27967264468248,0.0,0.0
E1,q2_x3_resunet_cas-multistream_seed2026,cas-multistream,placebo,2026,1120,na,hokkaido_iburi_tobu,Hokkaido1415,0.5,0,3571,29,12784,110.27601195697207,0.0,0.0
E1,q2_x3_resunet_cas-multistream_seed2026,cas-multistream,placebo,2026,1120,na,hokkaido_iburi_tobu,Hokkaido1417,0.5,0,3517,61,12806,76.0,0.0,0.0
E1,q2_x3_resunet_cas-multistream_seed2026,cas-multistream,placebo,2026,1120,na,hokkaido_iburi_tobu,Hokkaido1418,0.5,91,5300,630,10363,61.69964139396865,0.14922441433858655,0.17149426436372348
E1,q2_x3_resunet_cas-multistream_seed2026,cas-multistream,placebo,2026,1120,na,hokkaido_iburi_tobu,Hokkaido1419,0.5,0,3451,1295,11638,64.05466130087063,0.0,0.0
E1,q2_x3_resunet_cas-multistream_seed2026,cas-multistream,placebo,2026,1120,na,hokkaido_iburi_tobu,Hokkaido1420,0.5,229,2991,1004,12160,35.59209011029097,0.08295886622833791,0.11581850087691645
E1,q2_x3_resunet_cas-multistream_seed2026,cas-multistream,placebo,2026,1120,na,hokkaido_iburi_tobu,Hokkaido1421,0.5,424,3569,941,11450,42.29640851273865,0.15887754049267194,0.24391456816750562
E1,q2_x3_resunet_cas-multistream_seed2026,cas-multistream,placebo,2026,1120,na,hokkaido_iburi_tobu,Hokkaido1422,0.5,429,3178,506,12271,43.139309220245984,0.11633788568489171,0.2988208690029095
E1,q2_x3_resunet_cas-multistream_seed2026,cas-multistream,placebo,2026,1120,na,hokkaido_iburi_tobu,Hokkaido1423,0.5,52,3256,176,12900,45.46864713890519,0.06134371957118547,0.13469387755059403
E1,q2_x3_resunet_cas-multistream_seed2026,cas-multistream,placebo,2026,1120,na,hokkaido_iburi_tobu,Hokkaido1424,0.5,37,5163,74,11110,48.27109729222828,0.09567198177652939,0.14986534297911266
E1,q2_x3_resunet_cas-multistream_seed2026,cas-multistream,placebo,2026,1120,na,hokkaido_iburi_tobu,Hokkaido1425,0.5,34,3700,18,12632,52.367921598444006,0.0,0.0
E1,q2_x3_resunet_cas-multistream_seed2026,cas-multistream,placebo,2026,1120,na,hokkaido_iburi_tobu,Hokkaido1426,0.5,0,4747,115,11522,97.31417906737803,0.0,0.0
E1,q2_x3_resunet_cas-multistream_seed2026,cas-multistream,placebo,2026,1120,na,hokkaido_iburi_tobu,Hokkaido1427,0.5,154,3434,84,12712,41.00243757517738,0.15592028135949676,0.22120200333848458
E1,q2_x3_resunet_cas-multistream_seed2026,cas-multistream,placebo,2026,1120,na,hokkaido_iburi_tobu,Hokkaido1428,0.5,80,3212,43,13049,58.792854837143786,0.11428571428541183,0.1513551566347508
E1,q2_x3_resunet_cas-multistream_seed2026,cas-multistream,placebo,2026,1120,na,hokkaido_iburi_tobu,Hokkaido1429,0.5,0,4577,39,11768,87.92041856133307,0.0,0.0
E1,q2_x3_resunet_cas-multistream_seed2026,cas-multistream,placebo,2026,1120,na,hokkaido_iburi_tobu,Hokkaido1430,0.5,0,3727,39,12618,92.02580483301149,0.0,0.0
E1,q2_x3_resunet_cas-multistream_seed2026,cas-multistream,placebo,2026,1120,na,hokkaido_iburi_tobu,Hokkaido1431,0.5,9,3317,104,12954,76.68832600130857,0.04679191775942142,0.06564986737369262
E1,q2_x3_resunet_cas-multistream_seed2026,cas-multistream,placebo,2026,1120,na,hokkaido_iburi_tobu,Hokkaido1432,0.5,116,2073,742,13453,30.442270501122447,0.14716981132025556,0.27349359974973536
E1,q2_x3_resunet_cas-multistream_seed2026,cas-multistream,placebo,2026,1120,na,hokkaido_iburi_tobu,Hokkaido1433,0.5,928,1559,591,13306,30.675723300355934,0.20025046216182896,0.327961950734238
E1,q2_x3_resunet_cas-multistream_seed2026,cas-multistream,placebo,2026,1120,na,hokkaido_iburi_tobu,Hokkaido1434,0.5,214,3376,1039,11755,35.12497659896455,0.14063383571361016,0.2048270042189094
E1,q2_x3_resunet_cas-multistream_seed2026,cas-multistream,placebo,2026,1120,na,hokkaido_iburi_tobu,Hokkaido1435,0.5,81,4376,588,11339,47.577104155907364,0.08268195240528865,0.14372429216037838
E1,q2_x3_resunet_cas-multistream_seed2026,cas-multistream,placebo,2026,1120,na,hokkaido_iburi_tobu,Hokkaido1436,0.5,89,4920,133,11242,40.985072069500696,0.1044069604636326,0.13910111175467835
E1,q2_x3_resunet_cas-multistream_seed2026,cas-multistream,placebo,2026,1120,na,hokkaido_iburi_tobu,Hokkaido1437,0.5,18,4782,32,11552,59.038969306252135,0.05332836099182466,0.08485562757788102
E1,q2_x3_resunet_cas-multistream_seed2026,cas-multistream,placebo,2026,1120,na,hokkaido_iburi_tobu,Hokkaido1438,0.5,0,4637,70,11677,72.4548049680581,0.0,0.0
E1,q2_x3_resunet_cas-multistream_seed2026,cas-multistream,placebo,2026,1120,na,hokkaido_iburi_tobu,Hokkaido1439,0.5,0,3962,52,12370,88.95504482602435,0.0,0.0
E1,q2_x3_resunet_cas-multistream_seed2026,cas-multistream,placebo,2026,1120,na,hokkaido_iburi_tobu,Hokkaido1440,0.5,0,2733,115,13536,97.3498844375277,0.0,0.0
E1,q2_x3_resunet_cas-multistream_seed2026,cas-multistream,placebo,2026,1120,na,hokkaido_iburi_tobu,Hokkaido1441,0.5,0,4491,238,11655,78.77182237323191,0.0,0.0
E1,q2_x3_resunet_cas-multistream_seed2026,cas-multistream,placebo,2026,1120,na,hokkaido_iburi_tobu,Hokkaido1442,0.5,0,4856,166,11362,58.52349955359813,0.0,0.0
E1,q2_x3_resunet_cas-multistream_seed2026,cas-multistream,placebo,2026,1120,na,hokkaido_iburi_tobu,Hokkaido1443,0.5,38,1998,44,14304,39.418238511662175,0.10550996482975256,0.1507893888945841
E1,q2_x3_resunet_cas-multistream_seed2026,cas-multistream,placebo,2026,1120,na,hokkaido_iburi_tobu,Hokkaido1444,0.5,0,2866,39,13479,71.14667526309798,0.0,0.0
E1,q2_x3_resunet_cas-multistream_seed2026,cas-multistream,placebo,2026,1120,na,hokkaido_iburi_tobu,Hokkaido1445,0.5,9,3147,76,13152,54.67174773134658,0.0,0.0
E1,q2_x3_resunet_cas-multistream_seed2026,cas-multistream,placebo,2026,1120,na,hokkaido_iburi_tobu,Hokkaido1446,0.5,0,4726,169,11489,73.7294858672814,0.0,0.0
E1,q2_x3_resunet_cas-multistream_seed2026,cas-multistream,placebo,2026,1120,na,hokkaido_iburi_tobu,Hokkaido1447,0.5,0,2800,224,13360,71.12945671634901,0.0,0.0
E1,q2_x3_resunet_cas-multistream_seed2026,cas-multistream,placebo,2026,1120,na,hokkaido_iburi_tobu,Hokkaido1448,0.5,188,4061,44,12091,63.56178092557966,0.15294522907303293,0.2270665043705958
E1,q2_x3_resunet_cas-multistream_seed2026,cas-multistream,placebo,2026,1120,na,hokkaido_iburi_tobu,Hokkaido1449,0.5,0,3076,154,13154,78.52515309959146,0.0,0.0
E1,q2_x3_resunet_cas-multistream_seed2026,cas-multistream,placebo,2026,1120,na,hokkaido_iburi_tobu,Hokkaido1450,0.5,0,2874,95,13415,72.23052618033145,0.0,0.0
E1,q2_x3_resunet_cas-multistream_seed2026,cas-multistream,placebo,2026,1120,na,hokkaido_iburi_tobu,Hokkaido1451,0.5,131,2959,20,13274,34.07775163103243,0.0,0.0
E1,q2_x3_resunet_cas-multistream_seed2026,cas-multistream,placebo,2026,1120,na,hokkaido_iburi_tobu,Hokkaido1452,0.5,0,4663,118,11603,92.44187327267049,0.0,0.0
E1,q2_x3_resunet_cas-multistream_seed2026,cas-multistream,placebo,2026,1120,na,hokkaido_iburi_tobu,Hokkaido1453,0.5,42,3621,1,12720,64.13696099706165,0.07386363636348045,0.11363636363620772
E1,q2_x3_resunet_cas-multistream_seed2026,cas-multistream,placebo,2026,1120,na,hokkaido_iburi_tobu,Hokkaido1454,0.5,16,2034,27,14307,59.11639319786572,0.11940298507446381,0.15805865559289423
E1,q2_x3_resunet_cas-multistream_seed2026,cas-multistream,placebo,2026,1120,na,hokkaido_iburi_tobu,Hokkaido1455,0.5,0,2839,65,13480,99.31866358272563,0.0,0.0
E1,q2_x3_resunet_cas-multistream_seed2026,cas-multistream,placebo,2026,1120,na,hokkaido_iburi_tobu,Hokkaido1456,0.5,70,5094,0,11220,74.41535774342867,0.05202995664155161,0.09859154929561216
E1,q2_x3_resunet_cas-multistream_seed2026,cas-multistream,placebo,2026,1120,na,hokkaido_iburi_tobu,Hokkaido1460,0.5,0,4927,277,11180,94.64538280853445,0.0,0.0
E1,q2_x3_resunet_cas-multistream_seed2026,cas-multistream,placebo,2026,1120,na,hokkaido_iburi_tobu,Hokkaido1461,0.5,171,3907,345,11961,62.44105509169424,0.08063049408871464,0.1786174323739878
E1,q2_x3_resunet_cas-multistream_seed2026,cas-multistream,placebo,2026,1120,na,hokkaido_iburi_tobu,Hokkaido1462,0.5,0,3053,339,12992,73.09274572937998,0.0,0.0
E1,q2_x3_resunet_cas-multistream_seed2026,cas-multistream,placebo,2026,1120,na,hokkaido_iburi_tobu,Hokkaido1463,0.5,0,3437,100,12847,106.25910881677812,0.0,0.0
E1,q2_x3_resunet_cas-multistream_seed2026,cas-multistream,placebo,2026,1120,na,hokkaido_iburi_tobu,Hokkaido1464,0.5,0,1623,65,14696,84.72661852807732,0.0,0.0
E1,q2_x3_resunet_cas-multistream_seed2026,cas-multistream,placebo,2026,1120,na,hokkaido_iburi_tobu,Hokkaido1465,0.5,70,1015,0,15299,35.35533905932738,0.11247296322970006,0.2458495231363873
E1,q2_x3_resunet_cas-multistream_seed2026,cas-multistream,placebo,2026,1120,na,hokkaido_iburi_tobu,Hokkaido1467,0.5,0,5315,277,10792,100.60740361027065,0.0,0.0
E1,q2_x3_resunet_cas-multistream_seed2026,cas-multistream,placebo,2026,1120,na,hokkaido_iburi_tobu,Hokkaido1468,0.5,205,2270,280,13629,48.997852485762714,0.12213740457975182,0.20257728517017623
E1,q2_x3_resunet_cas-multistream_seed2026,cas-multistream,placebo,2026,1120,na,hokkaido_iburi_tobu,Hokkaido1469,0.5,0,2850,208,13326,85.84608206060574,0.0,0.0
E1,q2_x3_resunet_cas-multistream_seed2026,cas-multistream,placebo,2026,1120,na,hokkaido_iburi_tobu,Hokkaido1471,0.5,0,3412,140,12832,82.12216057127591,0.0,0.0
E1,q2_x3_resunet_cas-multistream_seed2026,cas-multistream,placebo,2026,1120,na,hokkaido_iburi_tobu,Hokkaido1472,0.5,17,5351,158,10858,63.87291342049871,0.0,0.0
E1,q2_x3_resunet_cas-multistream_seed2026,cas-multistream,placebo,2026,1120,na,hokkaido_iburi_tobu,Hokkaido1473,0.5,0,3621,84,12679,82.80911558313355,0.0,0.0
E1,q2_x3_resunet_cas-multistream_seed2026,cas-multistream,placebo,2026,1120,na,hokkaido_iburi_tobu,Hokkaido1474,0.5,0,3740,23,12621,100.23971268913334,0.0,0.0
E1,q2_x3_resunet_cas-multistream_seed2026,cas-multistream,placebo,2026,1120,na,hokkaido_iburi_tobu,Hokkaido1475,0.5,0,4879,23,11482,105.1082768385993,0.0,0.0
E1,q2_x3_resunet_cas-multistream_seed2026,cas-multistream,placebo,2026,1120,na,hokkaido_iburi_tobu,Hokkaido1481,0.5,0,3695,154,12535,67.446274915669,0.01895734597125378,0.043488765401980864
E1,q2_x3_resunet_cas-multistream_seed2026,cas-multistream,placebo,2026,1120,na,hokkaido_iburi_tobu,Hokkaido1482,0.5,221,2256,112,13795,32.30789095032638,0.005602240895860995,0.030230326295125485
E1,q2_x3_resunet_cas-multistream_seed2026,cas-multistream,placebo,2026,1120,na,hokkaido_iburi_tobu,Hokkaido1483,0.5,5,4751,258,11370,51.391619343379446,0.03648155654602186,0.05619480866965881
E1,q2_x3_resunet_cas-multistream_seed2026,cas-multistream,placebo,2026,1120,na,hokkaido_iburi_tobu,Hokkaido1484,0.5,67,4692,17,11608,58.816663420400054,0.0,0.0
E1,q2_x3_resunet_cas-multistream_seed2026,cas-multistream,placebo,2026,1120,na,hokkaido_iburi_tobu,Hokkaido1485,0.5,21,3207,2,13154,60.67452536701164,0.03229278794392399,0.10131162369954914
E1,q2_x3_resunet_cas-multistream_seed2026,cas-multistream,placebo,2026,1120,na,hokkaido_iburi_tobu,Hokkaido1486,0.5,14,3564,9,12797,66.44432358797975,0.06451612903217574,0.09069353882622322
E1,q2_x3_resunet_cas-multistream_seed2026,cas-multistream,placebo,2026,1120,na,hokkaido_iburi_tobu,Hokkaido1487,0.5,18,5486,64,10816,86.62128920362335,0.05918220946900514,0.07860752386284406
E1,q2_x3_resunet_cas-multistream_seed2026,cas-multistream,placebo,2026,1120,na,hokkaido_iburi_tobu,Hokkaido1488,0.5,85,3269,64,12966,48.35544454307679,0.0,0.0
E1,q2_x3_resunet_cas-multistream_seed2026,cas-multistream,placebo,2026,1120,na,hokkaido_iburi_tobu,Hokkaido1489,0.5,63,2670,180,13471,60.50948631297676,0.19074079855111353,0.23901302552114634
E1,q2_x3_resunet_cas-multistream_seed2026,cas-multistream,placebo,2026,1120,na,hokkaido_iburi_tobu,Hokkaido1490,0.5,54,2454,216,13660,34.33379200058514,0.1171321920448834,0.16051364365929616
E1,q2_x3_resunet_cas-multistream_seed2026,cas-multistream,placebo,2026,1120,na,hokkaido_iburi_tobu,Hokkaido1492,0.5,0,3441,135,12808,99.41947709138246,0.0,0.0
E1,q2_x3_resunet_cas-multistream_seed2026,cas-multistream,placebo,2026,1120,na,hokkaido_iburi_tobu,Hokkaido1493,0.5,49,2996,258,13081,38.786484168563675,0.10562992847929709,0.21916138468994104
E1,q2_x3_resunet_cas-multistream_seed2026,cas-multistream,placebo,2026,1120,na,hokkaido_iburi_tobu,Hokkaido1494,0.5,0,2713,378,13293,74.375718373797,0.0,0.0
E1,q2_x3_resunet_cas-multistream_seed2026,cas-multistream,placebo,2026,1120,na,hokkaido_iburi_tobu,Hokkaido1495,0.5,0,4183,238,11963,77.25637301259383,0.0,0.015686274509431882
E1,q2_x3_resunet_cas-multistream_seed2026,cas-multistream,placebo,2026,1120,na,hokkaido_iburi_tobu,Hokkaido1496,0.5,0,1417,51,14916,83.51545854876419,0.0,0.0
E1,q2_x3_resunet_cas-multistream_seed2026,cas-multistream,placebo,2026,1120,na,hokkaido_iburi_tobu,Hokkaido1497,0.5,0,3030,143,13211,65.76852812697916,0.0,0.0
E1,q2_x3_resunet_cas-multistream_seed2026,cas-multistream,placebo,2026,1120,na,hokkaido_iburi_tobu,Hokkaido1498,0.5,0,2975,124,13285,87.28682223020422,0.0,0.0
E1,q2_x3_resunet_cas-multistream_seed2026,cas-multistream,placebo,2026,1120,na,hokkaido_iburi_tobu,Hokkaido1499,0.5,0,3236,79,13069,106.34327046101409,0.0,0.0
E1,q2_x3_resunet_cas-multistream_seed2026,cas-multistream,placebo,2026,1120,na,hokkaido_iburi_tobu,Hokkaido1500,0.5,31,3284,115,12954,55.65068977605261,0.0,0.03501094091866275
E1,q2_x3_resunet_cas-multistream_seed2026,cas-multistream,placebo,2026,1120,na,hokkaido_iburi_tobu,Hokkaido1501,0.5,80,3823,211,12270,46.70543847919565,0.20625041825560883,0.3104123859124725
E1,q2_x3_resunet_cas-multistream_seed2026,cas-multistream,placebo,2026,1120,na,hokkaido_iburi_tobu,Hokkaido1502,0.5,315,2722,100,13247,19.67459902649616,0.12408820323587201,0.17019699870265592
E1,q2_x3_resunet_cas-multistream_seed2026,cas-multistream,placebo,2026,1120,na,hokkaido_iburi_tobu,Hokkaido1503,0.5,22,3653,186,12523,59.07622195096772,0.09557790031326142,0.14479638009019552
E1,q2_x3_resunet_cas-multistream_seed2026,cas-multistream,placebo,2026,1120,na,hokkaido_iburi_tobu,Hokkaido1504,0.5,5,207,268,15904,62.78373380992777,0.11063306699397805,0.17341040462379567
E1,q2_x3_resunet_cas-multistream_seed2026,cas-multistream,placebo,2026,1120,na,hokkaido_iburi_tobu,Hokkaido1506,0.5,0,2334,31,14019,83.67485883174221,0.0,0.0
E1,q2_x3_resunet_cas-multistream_seed2026,cas-multistream,placebo,2026,1120,na,hokkaido_iburi_tobu,Hokkaido1507,0.5,132,1736,226,14290,41.140610476778015,0.08606173994338587,0.21271997530052233
E1,q2_x3_resunet_cas-multistream_seed2026,cas-multistream,placebo,2026,1120,na,hokkaido_iburi_tobu,Hokkaido1508,0.5,119,4823,766,10676,34.48187929913333,0.11884401722689104,0.19627184662418082
E1,q2_x3_resunet_cas-multistream_seed2026,cas-multistream,placebo,2026,1120,na,hokkaido_iburi_tobu,Hokkaido1509,0.5,154,2276,564,13390,43.57521363001415,0.20158623313479954,0.28781402785842336
E1,q2_x3_resunet_cas-multistream_seed2026,cas-multistream,placebo,2026,1120,na,hokkaido_iburi_tobu,Hokkaido1510,0.5,143,3701,156,12384,41.04326777433841,0.03249767873673445,0.05369127516728904
E1,q2_x3_resunet_cas-multistream_seed2026,cas-multistream,placebo,2026,1120,na,hokkaido_iburi_tobu,Hokkaido1511,0.5,114,2749,242,13279,34.00147027033899,0.12998745294811204,0.20260744806893452
E1,q2_x3_resunet_cas-multistream_seed2026,cas-multistream,placebo,2026,1120,na,hokkaido_iburi_tobu,Hokkaido1512,0.5,18,4534,199,11633,71.73069037287605,0.06852075775861863,0.10693352394538527
E1,q2_x3_resunet_cas-multistream_seed2026,cas-multistream,placebo,2026,1120,na,hokkaido_iburi_tobu,Hokkaido1513,0.5,0,3046,37,13301,89.36995386253643,0.0,0.0
E1,q2_x3_resunet_cas-multistream_seed2026,cas-multistream,placebo,2026,1120,na,hokkaido_iburi_tobu,Hokkaido1514,0.5,0,2385,37,13962,73.93916047301035,0.0,0.0
E1,q2_x3_resunet_cas-multistream_seed2026,cas-multistream,placebo,2026,1120,na,hokkaido_iburi_tobu,Hokkaido1515,0.5,46,3949,81,12308,52.91445975897087,0.09020648286960921,0.1347368421049332
E1,q2_x3_resunet_cas-multistream_seed2026,cas-multistream,placebo,2026,1120,na,hokkaido_iburi_tobu,Hokkaido1516,0.5,0,3098,254,13032,60.0,0.0,0.0
E1,q2_x3_resunet_cas-multistream_seed2026,cas-multistream,placebo,2026,1120,na,hokkaido_iburi_tobu,Hokkaido1517,0.5,0,4075,144,12165,91.29888354236077,0.0,0.0
E1,q2_x3_resunet_cas-multistream_seed2026,cas-multistream,placebo,2026,1120,na,hokkaido_iburi_tobu,Hokkaido1518,0.5,0,2216,277,13891,68.20694165028911,0.0,0.0
E1,q2_x3_resunet_cas-multistream_seed2026,cas-multistream,placebo,2026,1120,na,hokkaido_iburi_tobu,Hokkaido1519,0.5,18,2251,242,13873,45.44873130290038,0.0496613995481984,0.0767494356655799
E1,q2_x3_resunet_cas-multistream_seed2026,cas-multistream,placebo,2026,1120,na,hokkaido_iburi_tobu,Hokkaido1521,0.5,19,2975,45,13345,55.07621276918993,0.05754758742785504,0.0959595959593604
E1,q2_x3_resunet_cas-multistream_seed2026,cas-multistream,placebo,2026,1120,na,hokkaido_iburi_tobu,Hokkaido1522,0.5,34,2657,726,12967,49.58824968275871,0.03802281368772248,0.07131754594445976
E1,q2_x3_resunet_cas-multistream_seed2026,cas-multistream,placebo,2026,1120,na,hokkaido_iburi_tobu,Hokkaido1523,0.5,650,1614,666,13454,45.82941566168656,0.2062565556112012,0.37676176745089335
E1,q2_x3_resunet_cas-multistream_seed2026,cas-multistream,placebo,2026,1120,na,hokkaido_iburi_tobu,Hokkaido1524,0.5,269,2146,658,13311,37.32694233440694,0.11145535118987182,0.23100556339741754
E1,q2_x3_resunet_cas-multistream_seed2026,cas-multistream,placebo,2026,1120,na,hokkaido_iburi_tobu,Hokkaido1525,0.5,66,4870,376,11072,54.14517458554511,0.12930657162458745,0.2144685335737269
E1,q2_x3_resunet_cas-multistream_seed2026,cas-multistream,placebo,2026,1120,na,hokkaido_iburi_tobu,Hokkaido1526,0.5,0,3930,234,12220,69.3757523603957,0.0,0.004210526315407725
E1,q2_x3_resunet_cas-multistream_seed2026,cas-multistream,placebo,2026,1120,na,hokkaido_iburi_tobu,Hokkaido1527,0.5,49,4636,65,11634,46.389654018972806,0.013888888888608036,0.10282352941144769
E1,q2_x3_resunet_cas-multistream_seed2026,cas-multistream,placebo,2026,1120,na,hokkaido_iburi_tobu,Hokkaido1528,0.5,0,1986,37,14361,67.42847124842064,0.0,0.0
E1,q2_x3_resunet_cas-multistream_seed2026,cas-multistream,placebo,2026,1120,na,hokkaido_iburi_tobu,Hokkaido1529,0.5,37,2659,0,13688,64.53060719180621,0.0,0.0
E1,q2_x3_resunet_cas-multistream_seed2026,cas-multistream,placebo,2026,1120,na,hokkaido_iburi_tobu,Hokkaido1530,0.5,93,4626,6,11659,60.8276253029822,0.08136846971773283,0.1454138702458434
E1,q2_x3_resunet_cas-multistream_seed2026,cas-multistream,placebo,2026,1120,na,hokkaido_iburi_tobu,Hokkaido1531,0.5,30,3166,69,13119,62.72137582735405,0.08839779005497952,0.12466733692089813
E1,q2_x3_resunet_cas-multistream_seed2026,cas-multistream,placebo,2026,1120,na,hokkaido_iburi_tobu,Hokkaido1534,0.5,0,3312,33,13039,73.51020048323578,0.0,0.0
E1,q2_x3_resunet_cas-multistream_seed2026,cas-multistream,placebo,2026,1120,na,hokkaido_iburi_tobu,Hokkaido1535,0.5,11,3390,159,12824,35.50280067163931,0.0,0.004184100418042471
E1,q2_x3_resunet_cas-multistream_seed2026,cas-multistream,placebo,2026,1120,na,hokkaido_iburi_tobu,Hokkaido1536,0.5,223,3856,462,11843,34.655446902326915,0.08635414689644638,0.13934539156398662
E1,q2_x3_resunet_cas-multistream_seed2026,cas-multistream,placebo,2026,1120,na,hokkaido_iburi_tobu,Hokkaido1537,0.5,333,2686,508,12857,36.78994239488627,0.24278032264442287,0.3994163376408428
E1,q2_x3_resunet_cas-multistream_seed2026,cas-multistream,placebo,2026,1120,na,hokkaido_iburi_tobu,Hokkaido1538,0.5,61,3733,488,12102,34.102766891792335,0.10743061772555305,0.17153657539794712
E1,q2_x3_resunet_cas-multistream_seed2026,cas-multistream,placebo,2026,1120,na,hokkaido_iburi_tobu,Hokkaido1539,0.5,22,3197,234,12931,69.35416353759881,0.07761281787401163,0.09572649572602904
E1,q2_x3_resunet_cas-multistream_seed2026,cas-multistream,placebo,2026,1120,na,hokkaido_iburi_tobu,Hokkaido1540,0.5,0,2960,21,13403,103.36197978359861,0.0,0.0
E1,q2_x3_resunet_cas-multistream_seed2026,cas-multistream,placebo,2026,1120,na,hokkaido_iburi_tobu,Hokkaido1541,0.5,0,3131,21,13232,99.08349747925993,0.0,0.0
E1,q2_x3_resunet_cas-multistream_seed2026,cas-multistream,placebo,2026,1120,na,hokkaido_iburi_tobu,Hokkaido1542,0.5,0,2879,35,13470,100.88058972344714,0.0,0.0
E1,q2_x3_resunet_cas-multistream_seed2026,cas-multistream,placebo,2026,1120,na,hokkaido_iburi_tobu,Hokkaido1543,0.5,0,2133,35,14216,85.65977114656606,0.0,0.0
E1,q2_x3_resunet_cas-multistream_seed2026,cas-multistream,placebo,2026,1120,na,hokkaido_iburi_tobu,Hokkaido1544,0.5,0,363,27,15994,56.47648995528631,0.0,0.0
E1,q2_x3_resunet_cas-multistream_seed2026,cas-multistream,placebo,2026,1120,na,hokkaido_iburi_tobu,Hokkaido1545,0.5,30,1058,269,15027,45.261423466414065,0.10623386204302637,0.16261141893469652
E1,q2_x3_resunet_cas-multistream_seed2026,cas-multistream,placebo,2026,1120,na,hokkaido_iburi_tobu,Hokkaido1546,0.5,174,4649,98,11463,72.58632903566475,0.14191005196160916,0.21660091281773242
E1,q2_x3_resunet_cas-multistream_seed2026,cas-multistream,placebo,2026,1120,na,hokkaido_iburi_tobu,Hokkaido1547,0.5,0,1765,18,14601,60.108235708594876,0.0,0.03199999999975347
E1,q2_x3_resunet_cas-multistream_seed2026,cas-multistream,placebo,2026,1120,na,hokkaido_iburi_tobu,Hokkaido1548,0.5,0,3504,107,12773,72.48584641732249,0.0,0.0
E1,q2_x3_resunet_cas-multistream_seed2026,cas-multistream,placebo,2026,1120,na,hokkaido_iburi_tobu,Hokkaido1549,0.5,14,3626,197,12547,57.27647350996375,0.06497022198119941,0.08215158924160572
E1,q2_x3_resunet_cas-multistream_seed2026,cas-multistream,placebo,2026,1120,na,hokkaido_iburi_tobu,Hokkaido1550,0.5,20,3889,449,12026,41.514166239347325,0.02159403219430232,0.056827540767101566
E1,q2_x3_resunet_cas-multistream_seed2026,cas-multistream,placebo,2026,1120,na,hokkaido_iburi_tobu,Hokkaido1551,0.5,220,3369,289,12506,45.17742799230607,0.09664517182222017,0.1605351170563947
E1,q2_x3_resunet_cas-multistream_seed2026,cas-multistream,placebo,2026,1120,na,hokkaido_iburi_tobu,Hokkaido1552,0.5,0,2928,162,13294,59.06352193745193,0.0,0.0
E1,q2_x3_resunet_cas-multistream_seed2026,cas-multistream,placebo,2026,1120,na,hokkaido_iburi_tobu,Hokkaido1554,0.5,74,2741,260,13309,38.614112145757574,0.11111111111069409,0.17441685477761368
E1,q2_x3_resunet_cas-multistream_seed2026,cas-multistream,placebo,2026,1120,na,hokkaido_iburi_tobu,Hokkaido1555,0.5,2,1500,270,14612,45.61688272104191,0.007285974498703999,0.016753926701316046
E1,q2_x3_resunet_cas-multistream_seed2026,cas-multistream,placebo,2026,1120,na,hokkaido_iburi_tobu,Hokkaido1556,0.5,0,3887,21,12476,69.81760844198499,0.0,0.0344827586205321
E1,q2_x3_resunet_cas-multistream_seed2026,cas-multistream,placebo,2026,1120,na,hokkaido_iburi_tobu,Hokkaido1557,0.5,88,3010,227,13059,31.64643468605243,0.1195951012242423,0.20282362298627116
E1,q2_x3_resunet_cas-multistream_seed2026,cas-multistream,placebo,2026,1120,na,hokkaido_iburi_tobu,Hokkaido1558,0.5,512,3070,353,12449,49.398322748844464,0.16560410511539492,0.2594663684290086
E1,q2_x3_resunet_cas-multistream_seed2026,cas-multistream,placebo,2026,1120,na,hokkaido_iburi_tobu,Hokkaido1559,0.5,254,3249,417,12464,35.502108587690806,0.07608820709443025,0.1262916714395433
E1,q2_x3_resunet_cas-multistream_seed2026,cas-multistream,placebo,2026,1120,na,hokkaido_iburi_tobu,Hokkaido1560,0.5,0,3358,100,12926,82.19637565837539,0.0,0.0
E1,q2_x3_resunet_cas-multistream_seed2026,cas-multistream,placebo,2026,1120,na,hokkaido_iburi_tobu,Hokkaido1562,0.5,0,0,35,16349,181.01933598375618,0.0,0.0
E1,q2_x3_resunet_cas-multistream_seed2026,cas-multistream,placebo,2026,1120,na,hokkaido_iburi_tobu,Hokkaido1563,0.5,0,3113,27,13244,70.37714833639085,0.0,0.0
E1,q2_x3_resunet_cas-multistream_seed2026,cas-multistream,placebo,2026,1120,na,hokkaido_iburi_tobu,Hokkaido1564,0.5,12,3389,267,12716,56.42383528453959,0.0,0.019886363635884554
E1,q2_x3_resunet_cas-multistream_seed2026,cas-multistream,placebo,2026,1120,na,hokkaido_iburi_tobu,Hokkaido1565,0.5,5,4126,511,11742,77.0,0.05860805860758039,0.12430372324782722
E1,q2_x3_resunet_cas-multistream_seed2026,cas-multistream,placebo,2026,1120,na,hokkaido_iburi_tobu,Hokkaido1566,0.5,27,2854,264,13239,42.528109736110295,0.009146341462915097,0.039492242594705594
E1,q2_x3_resunet_cas-multistream_seed2026,cas-multistream,placebo,2026,1120,na,hokkaido_iburi_tobu,Hokkaido1567,0.5,0,3364,27,12993,78.45308370739211,0.023995200959659183,0.05288461538446933
E1,q2_x3_resunet_cas-multistream_seed2026,cas-multistream,placebo,2026,1120,na,hokkaido_iburi_tobu,Hokkaido1570,0.5,0,1133,27,15224,68.33479609159708,0.0,0.0
E1,q2_x3_resunet_cas-multistream_seed2026,cas-multistream,placebo,2026,1120,na,hokkaido_iburi_tobu,Hokkaido1571,0.5,0,337,27,16020,66.30981686435467,0.0,0.0
E1,q2_x3_resunet_cas-multistream_seed2026,cas-multistream,placebo,2026,1120,na,lombok,Lombok003,0.5,50,14531,0,1803,65.71147474776167,0.006802721088157597,0.03361344537766682
E1,q2_x3_resunet_cas-multistream_seed2026,cas-multistream,placebo,2026,1120,na,lombok,Lombok005,0.5,50,6900,0,9434,30.906275585298097,0.023166023165711598,0.10652619256625309
E1,q2_x3_resunet_cas-multistream_seed2026,cas-multistream,placebo,2026,1120,na,lombok,Lombok006,0.5,35,7716,24,8609,31.172867057640048,0.048008728859335284,0.15783540022503523
E1,q2_x3_resunet_cas-multistream_seed2026,cas-multistream,placebo,2026,1120,na,lombok,Lombok009,0.5,67,1024,56,15237,97.0,0.3427522187080678,0.5825171847431001
E1,q2_x3_resunet_cas-multistream_seed2026,cas-multistream,placebo,2026,1120,na,lombok,Lombok010,0.5,0,849,40,15495,103.25526034421982,0.0,0.0
E1,q2_x3_resunet_cas-multistream_seed2026,cas-multistream,placebo,2026,1120,na,lombok,Lombok013,0.5,55,463,47,15819,110.73842309833061,0.21244309559889435,0.331941544884701
E1,q2_x3_resunet_cas-multistream_seed2026,cas-multistream,placebo,2026,1120,na,lombok,Lombok014,0.5,0,44,33,16307,65.92419889539804,0.0,0.0
E1,q2_x3_resunet_cas-multistream_seed2026,cas-multistream,placebo,2026,1120,na,lombok,Lombok016,0.5,52,1374,94,14864,19.1049731745428,0.2207792207788018,0.32367927058149426
E1,q2_x3_resunet_cas-multistream_seed2026,cas-multistream,placebo,2026,1120,na,lombok,Lombok017,0.5,85,2119,11,14169,111.12129750734347,0.08071153590830413,0.15296485524034661
E1,q2_x3_resunet_cas-multistream_seed2026,cas-multistream,placebo,2026,1120,na,lombok,Lombok029,0.5,59,1492,34,14799,37.35094614565664,0.07244357759777001,0.10699300699259297
E1,q2_x3_resunet_cas-multistream_seed2026,cas-multistream,placebo,2026,1120,na,lombok,Lombok030,0.5,60,1070,18,15236,29.66227110012044,0.13933547695559367,0.2366197183094173
E1,q2_x3_resunet_cas-multistream_seed2026,cas-multistream,placebo,2026,1120,na,lombok,Lombok033,0.5,0,0,61,16323,181.01933598375618,0.0,0.0
E1,q2_x3_resunet_cas-multistream_seed2026,cas-multistream,placebo,2026,1120,na,lombok,Lombok034,0.5,77,303,229,15775,54.67553777436363,0.36303829390598275,0.47417105450363506
E1,q2_x3_resunet_cas-multistream_seed2026,cas-multistream,placebo,2026,1120,na,lombok,Lombok035,0.5,138,650,108,15488,42.99999370613632,0.28114050154536074,0.4711129296230692
E1,q2_x3_resunet_cas-multistream_seed2026,cas-multistream,placebo,2026,1120,na,lombok,Lombok036,0.5,19,443,55,15867,60.07079027307358,0.12679245282981924,0.14736842105232445
E1,q2_x3_resunet_cas-multistream_seed2026,cas-multistream,placebo,2026,1120,na,lombok,Lombok037,0.5,78,69,86,16151,51.13228243335332,0.5648700576393729,0.7420814479633342
E1,q2_x3_resunet_cas-multistream_seed2026,cas-multistream,placebo,2026,1120,na,lombok,Lombok038,0.5,0,241,182,15961,63.124048612725566,0.0,0.0431034482754786
E1,q2_x3_resunet_cas-multistream_seed2026,cas-multistream,placebo,2026,1120,na,lombok,Lombok039,0.5,42,162,267,15913,38.989487944635,0.24502784407280906,0.45363317615723037
E1,q2_x3_resunet_cas-multistream_seed2026,cas-multistream,placebo,2026,1120,na,lombok,Lombok040,0.5,0,0,257,16127,181.01933598375618,0.0,0.0
E1,q2_x3_resunet_cas-multistream_seed2026,cas-multistream,placebo,2026,1120,na,lombok,Lombok041,0.5,127,122,201,15934,41.421162712022024,0.5358630682842555,0.6495606326884307
E1,q2_x3_resunet_cas-multistream_seed2026,cas-multistream,placebo,2026,1120,na,lombok,Lombok042,0.5,0,0,288,16096,181.01933598375618,0.0,0.0
E1,q2_x3_resunet_cas-multistream_seed2026,cas-multistream,placebo,2026,1120,na,lombok,Lombok043,0.5,0,2501,22,13861,56.639209034025185,0.0,0.0
E1,q2_x3_resunet_cas-multistream_seed2026,cas-multistream,placebo,2026,1120,na,lombok,Lombok044,0.5,19,2860,112,13393,41.48366970299218,0.15144968732194491,0.2674212946582122
E1,q2_x3_resunet_cas-multistream_seed2026,cas-multistream,placebo,2026,1120,na,lombok,Lombok045,0.5,108,1222,373,14681,24.190162741810703,0.22142112726539365,0.36041467539101535
E1,q2_x3_resunet_cas-multistream_seed2026,cas-multistream,placebo,2026,1120,na,lombok,Lombok046,0.5,31,114,342,15897,58.92248851949557,0.18653387280800673,0.1983164983161741
E1,q2_x3_resunet_cas-multistream_seed2026,cas-multistream,placebo,2026,1120,na,lombok,Lombok047,0.5,0,0,17,16367,181.01933598375618,0.0,0.0
E1,q2_x3_resunet_cas-multistream_seed2026,cas-multistream,placebo,2026,1120,na,lombok,Lombok048,0.5,0,0,85,16299,181.01933598375618,0.0,0.0
E1,q2_x3_resunet_cas-multistream_seed2026,cas-multistream,placebo,2026,1120,na,lombok,Lombok049,0.5,0,0,92,16292,181.01933598375618,0.0,0.0
E1,q2_x3_resunet_cas-multistream_seed2026,cas-multistream,placebo,2026,1120,na,lombok,Lombok050,0.5,0,0,59,16325,181.01933598375618,0.0,0.0
E1,q2_x3_resunet_cas-multistream_seed2026,cas-multistream,placebo,2026,1120,na,lombok,Lombok051,0.5,0,0,82,16302,181.01933598375618,0.0,0.0
E1,q2_x3_resunet_cas-multistream_seed2026,cas-multistream,placebo,2026,1120,na,lombok,Lombok052,0.5,0,258,78,16048,63.80828900226921,0.0,0.0
E1,q2_x3_resunet_cas-multistream_seed2026,cas-multistream,placebo,2026,1120,na,lombok,Lombok053,0.5,0,810,41,15533,57.8776042987706,0.0,0.0
E1,q2_x3_resunet_cas-multistream_seed2026,cas-multistream,placebo,2026,1120,na,lombok,Lombok055,0.5,0,11,162,16211,79.65674624726647,0.0,0.0
E1,q2_x3_resunet_cas-multistream_seed2026,cas-multistream,placebo,2026,1120,na,lombok,Lombok056,0.5,0,136,307,15941,77.84274562467542,0.0,0.0
E1,q2_x3_resunet_cas-multistream_seed2026,cas-multistream,placebo,2026,1120,na,lombok,Lombok057,0.5,297,602,187,15298,40.311288741492746,0.35778487421090965,0.5605329427222214
E1,q2_x3_resunet_cas-multistream_seed2026,cas-multistream,placebo,2026,1120,na,lombok,Lombok058,0.5,9,97,289,15989,71.94239307950147,0.12136974425624718,0.19218346253187127
E1,q2_x3_resunet_cas-multistream_seed2026,cas-multistream,placebo,2026,1120,na,lombok,Lombok059,0.5,94,750,161,15379,50.012468905280215,0.1124643690070556,0.2722933605446896
E1,q2_x3_resunet_cas-multistream_seed2026,cas-multistream,placebo,2026,1120,na,lombok,Lombok060,0.5,0,1599,223,14562,54.93625810313204,0.0,0.0
E1,q2_x3_resunet_cas-multistream_seed2026,cas-multistream,placebo,2026,1120,na,lombok,Lombok061,0.5,0,303,63,16018,112.48544037238206,0.0,0.0
E1,q2_x3_resunet_cas-multistream_seed2026,cas-multistream,placebo,2026,1120,na,lombok,Lombok062,0.5,0,1350,100,14934,112.05047867230527,0.0,0.0
E1,q2_x3_resunet_cas-multistream_seed2026,cas-multistream,placebo,2026,1120,na,lombok,Lombok063,0.5,6,1955,241,14182,105.16724183530418,0.041322314049087185,0.11381149970312242
E1,q2_x3_resunet_cas-multistream_seed2026,cas-multistream,placebo,2026,1120,na,lombok,Lombok064,0.5,44,873,817,14650,102.07840124139877,0.0802277432708947,0.10557388435463416
E1,q2_x3_resunet_cas-multistream_seed2026,cas-multistream,placebo,2026,1120,na,lombok,Lombok065,0.5,7,118,651,15608,88.29586383110576,0.05499999999974851,0.09280537387288257
E1,q2_x3_resunet_cas-multistream_seed2026,cas-multistream,placebo,2026,1120,na,lombok,Lombok066,0.5,0,82,117,16185,134.08342250439406,0.0,0.0
E1,q2_x3_resunet_cas-multistream_seed2026,cas-multistream,placebo,2026,1120,na,lombok,Lombok067,0.5,93,65,348,15878,100.46875245693006,0.24886877828031828,0.3039744209388766
E1,q2_x3_resunet_cas-multistream_seed2026,cas-multistream,placebo,2026,1120,na,lombok,Lombok068,0.5,117,49,461,15757,50.91953893448106,0.2941528106800936,0.3497615262318258
E1,q2_x3_resunet_cas-multistream_seed2026,cas-multistream,placebo,2026,1120,na,lombok,Lombok069,0.5,0,0,511,15873,181.01933598375618,0.0,0.0
E1,q2_x3_resunet_cas-multistream_seed2026,cas-multistream,placebo,2026,1120,na,lombok,Lombok070,0.5,58,77,257,15992,93.89046186010424,0.1846459298475518,0.28823529411740034
E1,q2_x3_resunet_cas-multistream_seed2026,cas-multistream,placebo,2026,1120,na,lombok,Lombok076,0.5,0,925,289,15170,51.292759283343685,0.0,0.0
E1,q2_x3_resunet_cas-multistream_seed2026,cas-multistream,placebo,2026,1120,na,lombok,Lombok077,0.5,0,70,157,16157,71.31061944385641,0.0,0.0
E1,q2_x3_resunet_cas-multistream_seed2026,cas-multistream,placebo,2026,1120,na,lombok,Lombok078,0.5,11,199,103,16071,31.136785617717198,0.20134228187874229,0.22646204894192834
E1,q2_x3_resunet_cas-multistream_seed2026,cas-multistream,placebo,2026,1120,na,lombok,Lombok079,0.5,0,66,147,16171,67.03652150020011,0.0,0.0
E1,q2_x3_resunet_cas-multistream_seed2026,cas-multistream,placebo,2026,1120,na,lombok,Lombok080,0.5,0,85,126,16173,120.81493813779807,0.0,0.0
E1,q2_x3_resunet_cas-multistream_seed2026,cas-multistream,placebo,2026,1120,na,lombok,Lombok081,0.5,24,902,111,15347,111.5830936505203,0.08454034880234516,0.14940577249525558
E1,q2_x3_resunet_cas-multistream_seed2026,cas-multistream,placebo,2026,1120,na,lombok,Lombok082,0.5,59,1186,526,14613,49.957970558767826,0.1253791095470717,0.18170463930984027
E1,q2_x3_resunet_cas-multistream_seed2026,cas-multistream,placebo,2026,1120,na,lombok,Lombok083,0.5,0,0,823,15561,181.01933598375618,0.0,0.0
E1,q2_x3_resunet_cas-multistream_seed2026,cas-multistream,placebo,2026,1120,na,lombok,Lombok084,0.5,0,0,305,16079,181.01933598375618,0.0,0.0
E1,q2_x3_resunet_cas-multistream_seed2026,cas-multistream,placebo,2026,1120,na,lombok,Lombok085,0.5,0,893,43,15448,119.0,0.0,0.0
E1,q2_x3_resunet_cas-multistream_seed2026,cas-multistream,placebo,2026,1120,na,lombok,Lombok092,0.5,0,38,19,16327,72.42270078224301,0.0,0.0
E1,q2_x3_resunet_cas-multistream_seed2026,cas-multistream,placebo,2026,1120,na,lombok,Lombok093,0.5,0,20,305,16059,64.38353137642859,0.0,0.0
E1,q2_x3_resunet_cas-multistream_seed2026,cas-multistream,placebo,2026,1120,na,lombok,Lombok094,0.5,6,8,690,15680,103.94372059662098,0.07228915662643633,0.09239940387472559
E1,q2_x3_resunet_cas-multistream_seed2026,cas-multistream,placebo,2026,1120,na,lombok,Lombok095,0.5,36,1,1469,14878,91.27156781928996,0.08752735229750928,0.14961185603373597
E1,q2_x3_resunet_cas-multistream_seed2026,cas-multistream,placebo,2026,1120,na,lombok,Lombok096,0.5,168,70,1658,14488,60.92782343508655,0.17443084418497434,0.2305084745760672
E1,q2_x3_resunet_cas-multistream_seed2026,cas-multistream,placebo,2026,1120,na,lombok,Lombok097,0.5,125,74,1092,15093,65.64671306093197,0.15364772647313266,0.2070665571074561
E1,q2_x3_resunet_cas-multistream_seed2026,cas-multistream,placebo,2026,1120,na,lombok,Lombok098,0.5,63,145,511,15665,87.56451672732773,0.05641748942159207,0.13423203786015236
E1,q2_x3_resunet_cas-multistream_seed2026,cas-multistream,placebo,2026,1120,na,lombok,Lombok099,0.5,0,0,81,16303,181.01933598375618,0.0,0.0
E1,q2_x3_resunet_cas-multistream_seed2026,cas-multistream,placebo,2026,1120,na,lombok,Lombok100,0.5,0,190,60,16134,105.90075488943698,0.052173913042989184,0.2689434364990023
E1,q2_x3_resunet_cas-multistream_seed2026,cas-multistream,placebo,2026,1120,na,lombok,Lombok101,0.5,0,4,131,16249,134.45146479738008,0.017094017093951055,0.11666666666655678
E1,q2_x3_resunet_cas-multistream_seed2026,cas-multistream,placebo,2026,1120,na,lombok,Lombok102,0.5,6,74,119,16185,119.88842517816174,0.11612903225768792,0.13562970936468835
E1,q2_x3_resunet_cas-multistream_seed2026,cas-multistream,placebo,2026,1120,na,lombok,Lombok103,0.5,0,2040,79,14265,64.82594862415772,0.0,0.0
E1,q2_x3_resunet_cas-multistream_seed2026,cas-multistream,placebo,2026,1120,na,lombok,Lombok104,0.5,0,2685,101,13598,77.46633136302604,0.0,0.0
E1,q2_x3_resunet_cas-multistream_seed2026,cas-multistream,placebo,2026,1120,na,lombok,Lombok105,0.5,16,2477,90,13801,84.80087977995385,0.0,0.0
E1,q2_x3_resunet_cas-multistream_seed2026,cas-multistream,placebo,2026,1120,na,lombok,Lombok106,0.5,181,5365,84,10754,38.567858820776706,0.24860237329916032,0.398432446828291
E1,q2_x3_resunet_cas-multistream_seed2026,cas-multistream,placebo,2026,1120,na,lombok,Lombok107,0.5,298,5766,492,9828,41.42940092854919,0.25129061556892407,0.3782280492644982
E1,q2_x3_resunet_cas-multistream_seed2026,cas-multistream,placebo,2026,1120,na,lombok,Lombok108,0.5,37,1853,541,13953,61.81502791750519,0.049734151328796904,0.09229313607388061
E1,q2_x3_resunet_cas-multistream_seed2026,cas-multistream,placebo,2026,1120,na,lombok,Lombok109,0.5,0,1225,19,15140,76.15773105863909,0.0,0.0
E1,q2_x3_resunet_cas-multistream_seed2026,cas-multistream,placebo,2026,1120,na,lombok,Lombok110,0.5,0,1767,54,14563,100.02874515810372,0.0,0.0
E1,q2_x3_resunet_cas-multistream_seed2026,cas-multistream,placebo,2026,1120,na,lombok,Lombok111,0.5,0,1596,54,14734,62.95868138906967,0.0,0.0
E1,q2_x3_resunet_cas-multistream_seed2026,cas-multistream,placebo,2026,1120,na,lombok,Lombok112,0.5,0,845,87,15452,111.82780059922405,0.0,0.0
E1,q2_x3_resunet_cas-multistream_seed2026,cas-multistream,placebo,2026,1120,na,lombok,Lombok113,0.5,51,286,137,15910,48.44831689305188,0.24476475387495022,0.34904864560828974
E1,q2_x3_resunet_cas-multistream_seed2026,cas-multistream,placebo,2026,1120,na,lombok,Lombok114,0.5,0,59,101,16224,76.36753236814714,0.0,0.0
E1,q2_x3_resunet_cas-multistream_seed2026,cas-multistream,placebo,2026,1120,na,lombok,Lombok115,0.5,0,0,220,16164,181.01933598375618,0.0,0.0
E1,q2_x3_resunet_cas-multistream_seed2026,cas-multistream,placebo,2026,1120,na,lombok,Lombok116,0.5,62,106,692,15524,51.66236541235796,0.17276544691029033,0.22861187295369942
E1,q2_x3_resunet_cas-multistream_seed2026,cas-multistream,placebo,2026,1120,na,lombok,Lombok117,0.5,137,203,595,15449,70.02139587261678,0.2813036020579147,0.37798192601976055
E1,q2_x3_resunet_cas-multistream_seed2026,cas-multistream,placebo,2026,1120,na,lombok,Lombok119,0.5,0,0,183,16201,181.01933598375618,0.0,0.0
E1,q2_x3_resunet_cas-multistream_seed2026,cas-multistream,placebo,2026,1120,na,lombok,Lombok120,0.5,0,3,140,16241,124.53210474382625,0.0,0.0
E1,q2_x3_resunet_cas-multistream_seed2026,cas-multistream,placebo,2026,1120,na,lombok,Lombok121,0.5,0,4,19,16361,64.09418340102653,0.0,0.0
E1,q2_x3_resunet_cas-multistream_seed2026,cas-multistream,placebo,2026,1120,na,lombok,Lombok122,0.5,0,0,31,16353,181.01933598375618,0.0,0.0
E1,q2_x3_resunet_cas-multistream_seed2026,cas-multistream,placebo,2026,1120,na,lombok,Lombok123,0.5,78,55,497,15754,58.86951867759559,0.2063470868382597,0.32704402515693237
E1,q2_x3_resunet_cas-multistream_seed2026,cas-multistream,placebo,2026,1120,na,lombok,Lombok124,0.5,299,435,1103,14547,72.85971687743633,0.14858701041127026,0.2682782450678633
E1,q2_x3_resunet_cas-multistream_seed2026,cas-multistream,placebo,2026,1120,na,lombok,Lombok125,0.5,307,167,2053,13857,70.57619995437555,0.21312592780835962,0.2925639983743947
E1,q2_x3_resunet_cas-multistream_seed2026,cas-multistream,placebo,2026,1120,na,lombok,Lombok126,0.5,222,32,2420,13710,55.8840849504359,0.2210242587599112,0.3254802464658384
E1,q2_x3_resunet_cas-multistream_seed2026,cas-multistream,placebo,2026,1120,na,lombok,Lombok127,0.5,169,47,1446,14722,80.38525116637219,0.19725343320831157,0.25919228450851456
E1,q2_x3_resunet_cas-multistream_seed2026,cas-multistream,placebo,2026,1120,na,lombok,Lombok128,0.5,56,24,572,15732,95.12097328016932,0.21100917431173782,0.2768777614136053
E1,q2_x3_resunet_cas-multistream_seed2026,cas-multistream,placebo,2026,1120,na,lombok,Lombok129,0.5,0,25,319,16040,78.57320029257616,0.0,0.0
E1,q2_x3_resunet_cas-multistream_seed2026,cas-multistream,placebo,2026,1120,na,lombok,Lombok132,0.5,166,2849,18,13351,26.03362015208918,0.08927197167887535,0.2600784945150345
E1,q2_x3_resunet_cas-multistream_seed2026,cas-multistream,placebo,2026,1120,na,lombok,Lombok133,0.5,109,2642,37,13596,74.96399116592701,0.15465815637622599,0.29460510739009693
E1,q2_x3_resunet_cas-multistream_seed2026,cas-multistream,placebo,2026,1120,na,lombok,Lombok134,0.5,0,448,73,15863,109.55817623832775,0.0,0.0
E1,q2_x3_resunet_cas-multistream_seed2026,cas-multistream,placebo,2026,1120,na,lombok,Lombok135,0.5,0,1435,107,14842,81.6284258327499,0.0,0.0
E1,q2_x3_resunet_cas-multistream_seed2026,cas-multistream,placebo,2026,1120,na,lombok,Lombok136,0.5,51,8020,79,8234,52.99292137692424,0.017378711078562342,0.0770128354721036
E1,q2_x3_resunet_cas-multistream_seed2026,cas-multistream,placebo,2026,1120,na,lombok,Lombok137,0.5,94,10341,23,5926,37.66679961081576,0.0,0.015170670037470059
E1,q2_x3_resunet_cas-multistream_seed2026,cas-multistream,placebo,2026,1120,na,lombok,Lombok138,0.5,184,12920,56,3224,29.85673987169024,0.24947573938777107,0.3878641873066268
E1,q2_x3_resunet_cas-multistream_seed2026,cas-multistream,placebo,2026,1120,na,lombok,Lombok139,0.5,398,13159,151,2676,53.08483775994799,0.1927826875136773,0.310620078123808
E1,q2_x3_resunet_cas-multistream_seed2026,cas-multistream,placebo,2026,1120,na,lombok,Lombok140,0.5,243,5206,210,10725,45.5013465350186,0.1158189363956008,0.19604772345404092
E1,q2_x3_resunet_cas-multistream_seed2026,cas-multistream,placebo,2026,1120,na,lombok,Lombok141,0.5,0,6168,99,10117,90.93540290632829,0.0026737967912281164,0.0433734939757065
E1,q2_x3_resunet_cas-multistream_seed2026,cas-multistream,placebo,2026,1120,na,lombok,Lombok142,0.5,0,4584,51,11749,79.25474664531104,0.0,0.0
E1,q2_x3_resunet_cas-multistream_seed2026,cas-multistream,placebo,2026,1120,na,lombok,Lombok143,0.5,0,497,51,15836,71.06335201775947,0.0,0.0
E1,q2_x3_resunet_cas-multistream_seed2026,cas-multistream,placebo,2026,1120,na,lombok,Lombok144,0.5,0,423,27,15934,54.312046153424596,0.0,0.0
E1,q2_x3_resunet_cas-multistream_seed2026,cas-multistream,placebo,2026,1120,na,lombok,Lombok145,0.5,0,95,27,16262,16.247959576199182,0.027397260273522236,0.1525885558578117
E1,q2_x3_resunet_cas-multistream_seed2026,cas-multistream,placebo,2026,1120,na,lombok,Lombok146,0.5,0,601,32,15751,67.3550232786943,0.0,0.0
E1,q2_x3_resunet_cas-multistream_seed2026,cas-multistream,placebo,2026,1120,na,lombok,Lombok147,0.5,0,0,64,16320,181.01933598375618,0.0,0.0
E1,q2_x3_resunet_cas-multistream_seed2026,cas-multistream,placebo,2026,1120,na,lombok,Lombok148,0.5,0,0,57,16327,181.01933598375618,0.0,0.0
E1,q2_x3_resunet_cas-multistream_seed2026,cas-multistream,placebo,2026,1120,na,lombok,Lombok149,0.5,7,7,668,15702,64.48633734474123,0.0627450980391549,0.099999999999905
E1,q2_x3_resunet_cas-multistream_seed2026,cas-multistream,placebo,2026,1120,na,lombok,Lombok150,0.5,0,0,1074,15310,181.01933598375618,0.0,0.0
E1,q2_x3_resunet_cas-multistream_seed2026,cas-multistream,placebo,2026,1120,na,lombok,Lombok153,0.5,0,0,183,16201,181.01933598375618,0.0,0.0
E1,q2_x3_resunet_cas-multistream_seed2026,cas-multistream,placebo,2026,1120,na,lombok,Lombok154,0.5,0,121,130,16133,117.84247464617565,0.0,0.0
E1,q2_x3_resunet_cas-multistream_seed2026,cas-multistream,placebo,2026,1120,na,lombok,Lombok155,0.5,0,274,20,16090,121.28119663232525,0.0,0.0
E1,q2_x3_resunet_cas-multistream_seed2026,cas-multistream,placebo,2026,1120,na,lombok,Lombok156,0.5,0,445,21,15918,91.26883367283708,0.0,0.0
E1,q2_x3_resunet_cas-multistream_seed2026,cas-multistream,placebo,2026,1120,na,lombok,Lombok157,0.5,41,5,246,16092,64.82116816851189,0.3281733746127288,0.3928571428568271
E1,q2_x3_resunet_cas-multistream_seed2026,cas-multistream,placebo,2026,1120,na,lombok,Lombok158,0.5,0,0,1073,15311,181.01933598375618,0.0,0.0
E1,q2_x3_resunet_cas-multistream_seed2026,cas-multistream,placebo,2026,1120,na,lombok,Lombok159,0.5,0,0,2455,13929,181.01933598375618,0.0,0.0
E1,q2_x3_resunet_cas-multistream_seed2026,cas-multistream,placebo,2026,1120,na,lombok,Lombok160,0.5,198,133,2596,13457,37.57658845611187,0.22548811222764725,0.3378196500670139
E1,q2_x3_resunet_cas-multistream_seed2026,cas-multistream,placebo,2026,1120,na,lombok,Lombok161,0.5,109,51,1449,14775,45.423003537449894,0.20802856649174575,0.30300521774003797
E1,q2_x3_resunet_cas-multistream_seed2026,cas-multistream,placebo,2026,1120,na,lombok,Lombok162,0.5,40,12,503,15829,91.3892772703669,0.2448744970298473,0.3132441839161807
E1,q2_x3_resunet_cas-multistream_seed2026,cas-multistream,placebo,2026,1120,na,lombok,Lombok163,0.5,0,0,506,15878,181.01933598375618,0.0,0.0
E1,q2_x3_resunet_cas-multistream_seed2026,cas-multistream,placebo,2026,1120,na,lombok,Lombok164,0.5,0,0,559,15825,181.01933598375618,0.0,0.0
E1,q2_x3_resunet_cas-multistream_seed2026,cas-multistream,placebo,2026,1120,na,lombok,Lombok166,0.5,53,305,386,15640,70.30590113972255,0.036545573199674254,0.07989347536596546
E1,q2_x3_resunet_cas-multistream_seed2026,cas-multistream,placebo,2026,1120,na,lombok,Lombok167,0.5,142,2407,526,13309,41.22292103038247,0.05925530495078948,0.14635201532693198
E1,q2_x3_resunet_cas-multistream_seed2026,cas-multistream,placebo,2026,1120,na,lombok,Lombok168,0.5,60,512,299,15513,72.2543911507692,0.08221993833460135,0.20022314636330088
E1,q2_x3_resunet_cas-multistream_seed2026,cas-multistream,placebo,2026,1120,na,lombok,Lombok169,0.5,4,30,324,16026,81.86768358245165,0.05980350277637415,0.11052631578912064
E1,q2_x3_resunet_cas-multistream_seed2026,cas-multistream,placebo,2026,1120,na,lombok,Lombok170,0.5,5,281,749,15349,114.1304077256105,0.03185840707938059,0.054918585605325504
E1,q2_x3_resunet_cas-multistream_seed2026,cas-multistream,placebo,2026,1120,na,lombok,Lombok171,0.5,1115,7610,518,7141,46.23405248714691,0.19425937301424823,0.34723067112130823
E1,q2_x3_resunet_cas-multistream_seed2026,cas-multistream,placebo,2026,1120,na,lombok,Lombok172,0.5,666,13968,499,1251,39.186716140503435,0.2355289952479374,0.31643223866037484
E1,q2_x3_resunet_cas-multistream_seed2026,cas-multistream,placebo,2026,1120,na,lombok,Lombok173,0.5,113,15593,7,671,52.37358732866494,0.08811585319100951,0.19064020321139422
E1,q2_x3_resunet_cas-multistream_seed2026,cas-multistream,placebo,2026,1120,na,lombok,Lombok174,0.5,239,11278,389,4478,52.638633114214315,0.03575418994363467,0.05791991941527806
E1,q2_x3_resunet_cas-multistream_seed2026,cas-multistream,placebo,2026,1120,na,lombok,Lombok175,0.5,229,4413,785,10957,80.58033263918344,0.04347826086911521,0.09982720138197487
E1,q2_x3_resunet_cas-multistream_seed2026,cas-multistream,placebo,2026,1120,na,lombok,Lombok176,0.5,22,5177,440,10745,87.10039665049686,0.09996694214826048,0.18566433566384472
E1,q2_x3_resunet_cas-multistream_seed2026,cas-multistream,placebo,2026,1120,na,lombok,Lombok177,0.5,0,3935,67,12382,92.00543462209176,0.0,0.0
E1,q2_x3_resunet_cas-multistream_seed2026,cas-multistream,placebo,2026,1120,na,lombok,Lombok178,0.5,0,15,73,16296,42.04223873204869,0.0566037735844272,0.09090909090862809
E1,q2_x3_resunet_cas-multistream_seed2026,cas-multistream,placebo,2026,1120,na,lombok,Lombok179,0.5,9,511,120,15744,43.17680817115354,0.056451612902730486,0.10152284263910331
E1,q2_x3_resunet_cas-multistream_seed2026,cas-multistream,placebo,2026,1120,na,lombok,Lombok180,0.5,0,0,123,16261,181.01933598375618,0.0,0.0
E1,q2_x3_resunet_cas-multistream_seed2026,cas-multistream,placebo,2026,1120,na,lombok,Lombok181,0.5,0,1358,37,14989,65.24251410507685,0.0,0.026615969581384725
E1,q2_x3_resunet_cas-multistream_seed2026,cas-multistream,placebo,2026,1120,na,lombok,Lombok182,0.5,0,930,168,15286,50.98086253830756,0.0,0.0
E1,q2_x3_resunet_cas-multistream_seed2026,cas-multistream,placebo,2026,1120,na,lombok,Lombok183,0.5,5,0,507,15872,61.968909528442815,0.05376344086016273,0.15306122448965456
E1,q2_x3_resunet_cas-multistream_seed2026,cas-multistream,placebo,2026,1120,na,lombok,Lombok184,0.5,0,0,996,15388,181.01933598375618,0.0,0.0
E1,q2_x3_resunet_cas-multistream_seed2026,cas-multistream,placebo,2026,1120,na,lombok,Lombok185,0.5,0,0,975,15409,181.01933598375618,0.0,0.0
E1,q2_x3_resunet_cas-multistream_seed2026,cas-multistream,placebo,2026,1120,na,lombok,Lombok186,0.5,0,95,885,15404,105.17603903015508,0.0,0.0
E1,q2_x3_resunet_cas-multistream_seed2026,cas-multistream,placebo,2026,1120,na,lombok,Lombok187,0.5,0,375,25,15984,106.35073300046557,0.0,0.013605442176588458
E1,q2_x3_resunet_cas-multistream_seed2026,cas-multistream,placebo,2026,1120,na,lombok,Lombok188,0.5,0,46,32,16306,117.09789779397013,0.0,0.0
E1,q2_x3_resunet_cas-multistream_seed2026,cas-multistream,placebo,2026,1120,na,lombok,Lombok189,0.5,43,5,249,16087,94.23504792257685,0.2760942760940381,0.3642172523958682
E1,q2_x3_resunet_cas-multistream_seed2026,cas-multistream,placebo,2026,1120,na,lombok,Lombok190,0.5,54,8,1176,15146,33.56187111211095,0.10258228446482907,0.19230769230751846
E1,q2_x3_resunet_cas-multistream_seed2026,cas-multistream,placebo,2026,1120,na,lombok,Lombok191,0.5,28,0,1482,14874,40.44122604629106,0.08076358296614863,0.1434659090907759
E1,q2_x3_resunet_cas-multistream_seed2026,cas-multistream,placebo,2026,1120,na,lombok,Lombok192,0.5,18,0,769,15597,64.85365945121718,0.0742705570291062,0.1312741312740086
E1,q2_x3_resunet_cas-multistream_seed2026,cas-multistream,placebo,2026,1120,na,lombok,Lombok193,0.5,14,14,291,16065,73.23864752999864,0.13380638621364757,0.13900780659758663
E1,q2_x3_resunet_cas-multistream_seed2026,cas-multistream,placebo,2026,1120,na,lombok,Lombok194,0.5,0,0,318,16066,181.01933598375618,0.0,0.0
E1,q2_x3_resunet_cas-multistream_seed2026,cas-multistream,placebo,2026,1120,na,lombok,Lombok195,0.5,67,10,875,15432,77.21462515662174,0.18845914806120914,0.23484848484827756
E1,q2_x3_resunet_cas-multistream_seed2026,cas-multistream,placebo,2026,1120,na,lombok,Lombok196,0.5,70,64,896,15354,69.94782842270838,0.13045021593784276,0.20159461634096085
E1,q2_x3_resunet_cas-multistream_seed2026,cas-multistream,placebo,2026,1120,na,lombok,Lombok197,0.5,34,692,717,14941,82.31642888096027,0.09877185002235825,0.15537894230506274
E1,q2_x3_resunet_cas-multistream_seed2026,cas-multistream,placebo,2026,1120,na,lombok,Lombok198,0.5,0,397,806,15181,63.00039680040467,0.0,0.0
E1,q2_x3_resunet_cas-multistream_seed2026,cas-multistream,placebo,2026,1120,na,lombok,Lombok199,0.5,235,2081,721,13347,88.95504482602435,0.12633413199698307,0.21065171507330413
E1,q2_x3_resunet_cas-multistream_seed2026,cas-multistream,placebo,2026,1120,na,lombok,Lombok200,0.5,380,4181,521,11302,50.677174808296236,0.14158466632422168,0.23948387096728757
E1,q2_x3_resunet_cas-multistream_seed2026,cas-multistream,placebo,2026,1120,na,lombok,Lombok201,0.5,377,3371,502,12134,28.17623061455541,0.15754776618065905,0.33421030297837184
E1,q2_x3_resunet_cas-multistream_seed2026,cas-multistream,placebo,2026,1120,na,lombok,Lombok202,0.5,1597,8369,76,6342,61.33299601460418,0.10100237202497533,0.18829291908087162
E1,q2_x3_resunet_cas-multistream_seed2026,cas-multistream,placebo,2026,1120,na,lombok,Lombok203,0.5,426,7792,661,7505,77.71995861554689,0.1467156526298076,0.20242214532823055
E1,q2_x3_resunet_cas-multistream_seed2026,cas-multistream,placebo,2026,1120,na,lombok,Lombok204,0.5,1503,13305,190,1386,35.48236489469573,0.17068305138794626,0.28666389696668004
E1,q2_x3_resunet_cas-multistream_seed2026,cas-multistream,placebo,2026,1120,na,lombok,Lombok205,0.5,1522,3769,2033,9060,69.38872546669401,0.06157944520562004,0.10109490530288777
E1,q2_x3_resunet_cas-multistream_seed2026,cas-multistream,placebo,2026,1120,na,lombok,Lombok206,0.5,0,0,2933,13451,181.01933598375618,0.0,0.0
E1,q2_x3_resunet_cas-multistream_seed2026,cas-multistream,placebo,2026,1120,na,lombok,Lombok207,0.5,24,197,1621,14542,62.950772435207135,0.06303022043515755,0.08517256363903684
E1,q2_x3_resunet_cas-multistream_seed2026,cas-multistream,placebo,2026,1120,na,lombok,Lombok208,0.5,150,1366,638,14230,66.0,0.14352720450232104,0.23414350731043415
E1,q2_x3_resunet_cas-multistream_seed2026,cas-multistream,placebo,2026,1120,na,lombok,Lombok209,0.5,19,1752,194,14419,67.64389005256353,0.00840336134409015,0.04557405784359135
E1,q2_x3_resunet_cas-multistream_seed2026,cas-multistream,placebo,2026,1120,na,lombok,Lombok210,0.5,5,4556,45,11778,43.320894404764715,0.02975557917079181,0.0562851782359933
E1,q2_x3_resunet_cas-multistream_seed2026,cas-multistream,placebo,2026,1120,na,lombok,Lombok211,0.5,0,1977,120,14287,54.60975030070947,0.0,0.0
E1,q2_x3_resunet_cas-multistream_seed2026,cas-multistream,placebo,2026,1120,na,lombok,Lombok212,0.5,0,1345,96,14943,49.812639556583214,0.0,0.0
E1,q2_x3_resunet_cas-multistream_seed2026,cas-multistream,placebo,2026,1120,na,lombok,Lombok213,0.5,0,1378,387,14619,59.411169057655876,0.0,0.03008595988488881
E1,q2_x3_resunet_cas-multistream_seed2026,cas-multistream,placebo,2026,1120,na,lombok,Lombok214,0.5,1,1619,1280,13484,92.35447849133767,0.014890448840478425,0.04022473739903422
E1,q2_x3_resunet_cas-multistream_seed2026,cas-multistream,placebo,2026,1120,na,lombok,Lombok215,0.5,0,0,1520,14864,181.01933598375618,0.0,0.0
E1,q2_x3_resunet_cas-multistream_seed2026,cas-multistream,placebo,2026,1120,na,lombok,Lombok216,0.5,0,0,1002,15382,181.01933598375618,0.0,0.0
E1,q2_x3_resunet_cas-multistream_seed2026,cas-multistream,placebo,2026,1120,na,lombok,Lombok217,0.5,0,25,850,15509,100.4365463618962,0.0,0.0
E1,q2_x3_resunet_cas-multistream_seed2026,cas-multistream,placebo,2026,1120,na,lombok,Lombok218,0.5,0,23,30,16331,88.68975999597404,0.0,0.0
E1,q2_x3_resunet_cas-multistream_seed2026,cas-multistream,placebo,2026,1120,na,lombok,Lombok219,0.5,0,164,57,16163,92.89241088485109,0.0,0.0
E1,q2_x3_resunet_cas-multistream_seed2026,cas-multistream,placebo,2026,1120,na,lombok,Lombok220,0.5,0,988,31,15365,92.36866349150154,0.0,0.03553299492336302
E1,q2_x3_resunet_cas-multistream_seed2026,cas-multistream,placebo,2026,1120,na,lombok,Lombok221,0.5,0,145,47,16192,65.25616085571491,0.0,0.0
E1,q2_x3_resunet_cas-multistream_seed2026,cas-multistream,placebo,2026,1120,na,lombok,Lombok222,0.5,0,5,71,16308,78.93898086862744,0.0,0.0
E1,q2_x3_resunet_cas-multistream_seed2026,cas-multistream,placebo,2026,1120,na,lombok,Lombok223,0.5,0,0,25,16359,181.01933598375618,0.0,0.0
E1,q2_x3_resunet_cas-multistream_seed2026,cas-multistream,placebo,2026,1120,na,lombok,Lombok224,0.5,0,305,25,16054,90.39345992179165,0.0,0.0
E1,q2_x3_resunet_cas-multistream_seed2026,cas-multistream,placebo,2026,1120,na,lombok,Lombok230,0.5,7,0,783,15594,53.065991625850586,0.028419182948441736,0.07705779334493466
E1,q2_x3_resunet_cas-multistream_seed2026,cas-multistream,placebo,2026,1120,na,lombok,Lombok231,0.5,4,350,414,15616,63.00119040121402,0.030679327976390464,0.04269618501662487
E1,q2_x3_resunet_cas-multistream_seed2026,cas-multistream,placebo,2026,1120,na,lombok,Lombok232,0.5,7,933,318,15126,125.72601706735627,0.02857142857094857,0.02857142857094857
E1,q2_x3_resunet_cas-multistream_seed2026,cas-multistream,placebo,2026,1120,na,lombok,Lombok233,0.5,1879,4644,154,9707,60.67609780846949,0.2363010512600903,0.31244595983440776
E1,q2_x3_resunet_cas-multistream_seed2026,cas-multistream,placebo,2026,1120,na,lombok,Lombok234,0.5,1880,3441,66,10997,23.0,0.3012607040908483,0.42635161754282924
E1,q2_x3_resunet_cas-multistream_seed2026,cas-multistream,placebo,2026,1120,na,lombok,Lombok235,0.5,198,4689,8,11489,90.17443161948941,0.11408966148169516,0.3030248208982752
E1,q2_x3_resunet_cas-multistream_seed2026,cas-multistream,placebo,2026,1120,na,lombok,Lombok236,0.5,197,8516,0,7671,79.24802041223012,0.020527859237060846,0.08944331296625462
E1,q2_x3_resunet_cas-multistream_seed2026,cas-multistream,placebo,2026,1120,na,lombok,Lombok237,0.5,76,12103,0,4205,90.45552791408653,0.0,0.0
E1,q2_x3_resunet_cas-multistream_seed2026,cas-multistream,placebo,2026,1120,na,lombok,Lombok238,0.5,1801,14068,106,409,46.0,0.22501688591513302,0.35337670587676534
E1,q2_x3_resunet_cas-multistream_seed2026,cas-multistream,placebo,2026,1120,na,lombok,Lombok239,0.5,1836,5567,3623,5358,50.08991914547278,0.09379041657988509,0.15227953084323212
E1,q2_x3_resunet_cas-multistream_seed2026,cas-multistream,placebo,2026,1120,na,lombok,Lombok240,0.5,0,3,6618,9763,133.53164168887784,0.0,0.0
E1,q2_x3_resunet_cas-multistream_seed2026,cas-multistream,placebo,2026,1120,na,lombok,Lombok241,0.5,4,3,4265,12112,98.82205435377658,0.02163833075732017,0.035805626598430305
E1,q2_x3_resunet_cas-multistream_seed2026,cas-multistream,placebo,2026,1120,na,lombok,Lombok242,0.5,390,1662,1475,12857,56.591438148982995,0.0914028844349476,0.1392077008511864
E1,q2_x3_resunet_cas-multistream_seed2026,cas-multistream,placebo,2026,1120,na,lombok,Lombok243,0.5,183,3647,658,11896,40.176138169357934,0.10909090909043702,0.17275883193746777
E1,q2_x3_resunet_cas-multistream_seed2026,cas-multistream,placebo,2026,1120,na,lombok,Lombok244,0.5,69,3588,171,12556,48.52619641159121,0.11920598628099173,0.18907145062210984
E1,q2_x3_resunet_cas-multistream_seed2026,cas-multistream,placebo,2026,1120,na,lombok,Lombok245,0.5,0,1417,37,14930,67.22052836562268,0.0,0.0
E1,q2_x3_resunet_cas-multistream_seed2026,cas-multistream,placebo,2026,1120,na,lombok,Lombok246,0.5,0,319,528,15537,47.81835351766544,0.0,0.0
E1,q2_x3_resunet_cas-multistream_seed2026,cas-multistream,placebo,2026,1120,na,lombok,Lombok247,0.5,59,956,1068,14301,87.08185630222937,0.01631067961139671,0.07245455700992717
E1,q2_x3_resunet_cas-multistream_seed2026,cas-multistream,placebo,2026,1120,na,lombok,Lombok248,0.5,0,0,1172,15212,181.01933598375618,0.0,0.0
E1,q2_x3_resunet_cas-multistream_seed2026,cas-multistream,placebo,2026,1120,na,lombok,Lombok249,0.5,0,0,752,15632,181.01933598375618,0.0,0.0
E1,q2_x3_resunet_cas-multistream_seed2026,cas-multistream,placebo,2026,1120,na,lombok,Lombok250,0.5,0,0,635,15749,181.01933598375618,0.0,0.0
E1,q2_x3_resunet_cas-multistream_seed2026,cas-multistream,placebo,2026,1120,na,lombok,Lombok251,0.5,0,0,33,16351,181.01933598375618,0.0,0.0
E1,q2_x3_resunet_cas-multistream_seed2026,cas-multistream,placebo,2026,1120,na,lombok,Lombok252,0.5,0,0,62,16322,181.01933598375618,0.0,0.0
E1,q2_x3_resunet_cas-multistream_seed2026,cas-multistream,placebo,2026,1120,na,lombok,Lombok253,0.5,0,12,30,16342,99.47725153852409,0.0,0.0
E1,q2_x3_resunet_cas-multistream_seed2026,cas-multistream,placebo,2026,1120,na,lombok,Lombok254,0.5,0,1,99,16284,145.90270261758076,0.0,0.0
E1,q2_x3_resunet_cas-multistream_seed2026,cas-multistream,placebo,2026,1120,na,lombok,Lombok255,0.5,0,0,244,16140,181.01933598375618,0.0,0.0
E1,q2_x3_resunet_cas-multistream_seed2026,cas-multistream,placebo,2026,1120,na,lombok,Lombok256,0.5,0,415,147,15822,60.20132145844263,0.0,0.029339853300320896
E1,q2_x3_resunet_cas-multistream_seed2026,cas-multistream,placebo,2026,1120,na,lombok,Lombok260,0.5,17,1899,400,14068,43.174066289845804,0.08394403730796608,0.1447314712223139
E1,q2_x3_resunet_cas-multistream_seed2026,cas-multistream,placebo,2026,1120,na,lombok,Lombok261,0.5,2756,3127,322,10179,55.54277630799526,0.26992183850727486,0.3336948571135361
E1,q2_x3_resunet_cas-multistream_seed2026,cas-multistream,placebo,2026,1120,na,lombok,Lombok262,0.5,2826,2627,7,10924,23.769728648009426,0.32009592326095404,0.3767774957170569
E1,q2_x3_resunet_cas-multistream_seed2026,cas-multistream,placebo,2026,1120,na,lombok,Lombok263,0.5,66,4251,0,12067,141.74014323634782,0.01863354037250183,0.024844720496725432
E1,q2_x3_resunet_cas-multistream_seed2026,cas-multistream,placebo,2026,1120,na,lombok,Lombok264,0.5,81,11544,0,4759,87.21095054665666,0.0,0.0
E1,q2_x3_resunet_cas-multistream_seed2026,cas-multistream,placebo,2026,1120,na,lombok,Lombok265,0.5,109,16084,0,191,95.46203433826454,0.0,0.0
E1,q2_x3_resunet_cas-multistream_seed2026,cas-multistream,placebo,2026,1120,na,lombok,Lombok266,0.5,864,15510,1,9,90.38457776129361,0.0,0.0
E1,q2_x3_resunet_cas-multistream_seed2026,cas-multistream,placebo,2026,1120,na,lombok,Lombok267,0.5,1116,7967,5037,2264,49.64876634922564,0.07772478360683308,0.21652937006491582
E1,q2_x3_resunet_cas-multistream_seed2026,cas-multistream,placebo,2026,1120,na,lombok,Lombok268,0.5,1557,913,8360,5554,71.23060608370064,0.1703001727273713,0.2832287145024415
E1,q2_x3_resunet_cas-multistream_seed2026,cas-multistream,placebo,2026,1120,na,lombok,Lombok269,0.5,1413,911,4336,9724,78.8883969582157,0.12596422350608147,0.21518895966001844
E1,q2_x3_resunet_cas-multistream_seed2026,cas-multistream,placebo,2026,1120,na,lombok,Lombok270,0.5,201,771,2355,13057,50.28916384272063,0.1446663188348642,0.23163421001224632
E1,q2_x3_resunet_cas-multistream_seed2026,cas-multistream,placebo,2026,1120,na,lombok,Lombok271,0.5,162,1109,1468,13645,56.639209034025185,0.11859932112882461,0.19361570430600028
E1,q2_x3_resunet_cas-multistream_seed2026,cas-multistream,placebo,2026,1120,na,lombok,Lombok272,0.5,21,873,279,15211,60.850107442201484,0.056656101425881754,0.09413268022536787
E1,q2_x3_resunet_cas-multistream_seed2026,cas-multistream,placebo,2026,1120,na,lombok,Lombok273,0.5,13,1884,260,14227,44.62298097935651,0.061102018548338806,0.10179139460857493
E1,q2_x3_resunet_cas-multistream_seed2026,cas-multistream,placebo,2026,1120,na,lombok,Lombok274,0.5,7,866,204,15307,41.77738583751037,0.04484304932693752,0.08163265306076414
E1,q2_x3_resunet_cas-multistream_seed2026,cas-multistream,placebo,2026,1120,na,lombok,Lombok275,0.5,0,639,16,15729,83.08369050093357,0.0,0.0
E1,q2_x3_resunet_cas-multistream_seed2026,cas-multistream,placebo,2026,1120,na,lombok,Lombok276,0.5,0,0,294,16090,181.01933598375618,0.0,0.0
E1,q2_x3_resunet_cas-multistream_seed2026,cas-multistream,placebo,2026,1120,na,lombok,Lombok277,0.5,0,0,379,16005,181.01933598375618,0.0,0.0
E1,q2_x3_resunet_cas-multistream_seed2026,cas-multistream,placebo,2026,1120,na,lombok,Lombok278,0.5,0,0,213,16171,181.01933598375618,0.0,0.0
E1,q2_x3_resunet_cas-multistream_seed2026,cas-multistream,placebo,2026,1120,na,lombok,Lombok279,0.5,0,0,171,16213,181.01933598375618,0.0,0.0
E1,q2_x3_resunet_cas-multistream_seed2026,cas-multistream,placebo,2026,1120,na,lombok,Lombok280,0.5,0,0,144,16240,181.01933598375618,0.0,0.0
E1,q2_x3_resunet_cas-multistream_seed2026,cas-multistream,placebo,2026,1120,na,lombok,Lombok281,0.5,0,0,17,16367,181.01933598375618,0.0,0.0
E1,q2_x3_resunet_cas-multistream_seed2026,cas-multistream,placebo,2026,1120,na,lombok,Lombok282,0.5,0,0,23,16361,181.01933598375618,0.0,0.0
E1,q2_x3_resunet_cas-multistream_seed2026,cas-multistream,placebo,2026,1120,na,lombok,Lombok283,0.5,0,0,63,16321,181.01933598375618,0.0,0.0
E1,q2_x3_resunet_cas-multistream_seed2026,cas-multistream,placebo,2026,1120,na,lombok,Lombok284,0.5,0,251,196,15937,89.60161635216446,0.0,0.0
E1,q2_x3_resunet_cas-multistream_seed2026,cas-multistream,placebo,2026,1120,na,lombok,Lombok285,0.5,31,1087,126,15140,63.7588626781283,0.04779788323610122,0.12532637075668057
E1,q2_x3_resunet_cas-multistream_seed2026,cas-multistream,placebo,2026,1120,na,lombok,Lombok286,0.5,0,187,51,16146,51.51999200639361,0.0,0.0
E1,q2_x3_resunet_cas-multistream_seed2026,cas-multistream,placebo,2026,1120,na,lombok,Lombok287,0.5,0,0,60,16324,181.01933598375618,0.0,0.0
E1,q2_x3_resunet_cas-multistream_seed2026,cas-multistream,placebo,2026,1120,na,lombok,Lombok288,0.5,0,0,33,16351,181.01933598375618,0.0,0.0
E1,q2_x3_resunet_cas-multistream_seed2026,cas-multistream,placebo,2026,1120,na,lombok,Lombok290,0.5,115,6519,252,9498,91.26883367283708,0.18969832696566932,0.33013828024541475
E1,q2_x3_resunet_cas-multistream_seed2026,cas-multistream,placebo,2026,1120,na,lombok,Lombok291,0.5,1485,4511,547,9841,40.21939092868862,0.1757357903285294,0.3434099748899613
E1,q2_x3_resunet_cas-multistream_seed2026,cas-multistream,placebo,2026,1120,na,lombok,Lombok292,0.5,1373,1857,594,12560,32.802438933713454,0.2672547148071675,0.4175152749486154
E1,q2_x3_resunet_cas-multistream_seed2026,cas-multistream,placebo,2026,1120,na,lombok,Lombok293,0.5,1,3293,257,12833,79.89116325613888,0.026607538802166184,0.07405419908723843
E1,q2_x3_resunet_cas-multistream_seed2026,cas-multistream,placebo,2026,1120,na,lombok,Lombok294,0.5,154,7202,11,9017,71.58910531638176,0.03917929683449008,0.10538337745905962
E1,q2_x3_resunet_cas-multistream_seed2026,cas-multistream,placebo,2026,1120,na,lombok,Lombok295,0.5,146,13969,0,2269,55.080395691138015,0.0,0.020554984583274583
E1,q2_x3_resunet_cas-multistream_seed2026,cas-multistream,placebo,2026,1120,na,lombok,Lombok296,0.5,683,15698,0,3,134.36030895678553,0.0,0.0
E1,q2_x3_resunet_cas-multistream_seed2026,cas-multistream,placebo,2026,1120,na,lombok,Lombok297,0.5,894,7663,4541,3286,59.024938052843176,0.07253303345486627,0.13261350697833182
E1,q2_x3_resunet_cas-multistream_seed2026,cas-multistream,placebo,2026,1120,na,lombok,Lombok298,0.5,2148,1302,5612,7322,57.706152185014034,0.08060722951505013,0.14347136224496107
E1,q2_x3_resunet_cas-multistream_seed2026,cas-multistream,placebo,2026,1120,na,lombok,Lombok299,0.5,1148,290,2511,12435,90.8702153314072,0.0605012964562116,0.12073247057380647
E1,q2_x3_resunet_cas-multistream_seed2026,cas-multistream,placebo,2026,1120,na,lombok,Lombok300,0.5,0,8,1998,14378,134.18271125595876,0.0,0.0
E1,q2_x3_resunet_cas-multistream_seed2026,cas-multistream,placebo,2026,1120,na,lombok,Lombok301,0.5,62,90,1388,14844,70.01678289103258,0.07319952774486087,0.12518628912056484
E1,q2_x3_resunet_cas-multistream_seed2026,cas-multistream,placebo,2026,1120,na,lombok,Lombok302,0.5,6,1908,160,14310,62.58826651283637,0.0,0.03750334851276223
E1,q2_x3_resunet_cas-multistream_seed2026,cas-multistream,placebo,2026,1120,na,lombok,Lombok303,0.5,0,1883,254,14247,51.3603801767686,0.0,0.0
E1,q2_x3_resunet_cas-multistream_seed2026,cas-multistream,placebo,2026,1120,na,lombok,Lombok304,0.5,110,1175,97,15002,40.71547582577731,0.169128730780392,0.2683363148475341
E1,q2_x3_resunet_cas-multistream_seed2026,cas-multistream,placebo,2026,1120,na,lombok,Lombok305,0.5,0,0,16,16368,181.01933598375618,0.0,0.0
E1,q2_x3_resunet_cas-multistream_seed2026,cas-multistream,placebo,2026,1120,na,lombok,Lombok306,0.5,0,850,19,15515,84.52451247259165,0.0,0.0
E1,q2_x3_resunet_cas-multistream_seed2026,cas-multistream,placebo,2026,1120,na,lombok,Lombok307,0.5,0,619,174,15591,59.464274989274024,0.0,0.0
E1,q2_x3_resunet_cas-multistream_seed2026,cas-multistream,placebo,2026,1120,na,lombok,Lombok308,0.5,32,84,390,15878,65.7822145040526,0.12398921832861569,0.15342465753404294
E1,q2_x3_resunet_cas-multistream_seed2026,cas-multistream,placebo,2026,1120,na,lombok,Lombok309,0.5,0,0,620,15764,181.01933598375618,0.0,0.0
E1,q2_x3_resunet_cas-multistream_seed2026,cas-multistream,placebo,2026,1120,na,lombok,Lombok310,0.5,16,0,599,15769,78.58557006383515,0.09393346379638796,0.10873786407756707
E1,q2_x3_resunet_cas-multistream_seed2026,cas-multistream,placebo,2026,1120,na,lombok,Lombok311,0.5,0,0,567,15817,181.01933598375618,0.0,0.0
E1,q2_x3_resunet_cas-multistream_seed2026,cas-multistream,placebo,2026,1120,na,lombok,Lombok313,0.5,0,0,47,16337,181.01933598375618,0.0,0.0
E1,q2_x3_resunet_cas-multistream_seed2026,cas-multistream,placebo,2026,1120,na,lombok,Lombok314,0.5,0,0,17,16367,181.01933598375618,0.0,0.0
E1,q2_x3_resunet_cas-multistream_seed2026,cas-multistream,placebo,2026,1120,na,lombok,Lombok315,0.5,21,6176,34,10153,43.00988238493117,0.021089630931046915,0.032697547683428786
E1,q2_x3_resunet_cas-multistream_seed2026,cas-multistream,placebo,2026,1120,na,lombok,Lombok316,0.5,12,2773,81,13518,54.03595755781664,0.0,0.05466970387194899
E1,q2_x3_resunet_cas-multistream_seed2026,cas-multistream,placebo,2026,1120,na,lombok,Lombok317,0.5,0,0,75,16309,181.01933598375618,0.0,0.0
E1,q2_x3_resunet_cas-multistream_seed2026,cas-multistream,placebo,2026,1120,na,lombok,Lombok318,0.5,0,39,28,16317,85.39242985348501,0.0,0.0
E1,q2_x3_resunet_cas-multistream_seed2026,cas-multistream,placebo,2026,1120,na,lombok,Lombok321,0.5,113,3399,267,12605,43.836056081082326,0.19157845760100586,0.24917284654828054
E1,q2_x3_resunet_cas-multistream_seed2026,cas-multistream,placebo,2026,1120,na,lombok,Lombok322,0.5,34,1773,489,14088,75.0433189733958,0.056404230316782,0.1072059689765275
E1,q2_x3_resunet_cas-multistream_seed2026,cas-multistream,placebo,2026,1120,na,lombok,Lombok323,0.5,23,4102,169,12090,57.23933824998924,0.03151674326939473,0.051524259338272344
E1,q2_x3_resunet_cas-multistream_seed2026,cas-multistream,placebo,2026,1120,na,lombok,Lombok324,0.5,19,2521,140,13704,37.81663790078649,0.004192872116989201,0.050188205771152676
E1,q2_x3_resunet_cas-multistream_seed2026,cas-multistream,placebo,2026,1120,na,lombok,Lombok325,0.5,117,7988,39,8240,39.4702929374901,0.11594648623670595,0.17118910424264136
E1,q2_x3_resunet_cas-multistream_seed2026,cas-multistream,placebo,2026,1120,na,lombok,Lombok326,0.5,193,11113,21,5057,85.96022634903014,0.0646551724133207,0.10690054608590115
E1,q2_x3_resunet_cas-multistream_seed2026,cas-multistream,placebo,2026,1120,na,lombok,Lombok327,0.5,214,6047,1503,8620,52.5261761837552,0.06498322443893892,0.11366617119839088
E1,q2_x3_resunet_cas-multistream_seed2026,cas-multistream,placebo,2026,1120,na,lombok,Lombok328,0.5,96,294,2264,13730,59.81011609165522,0.041484716156977554,0.10635155095990977
E1,q2_x3_resunet_cas-multistream_seed2026,cas-multistream,placebo,2026,1120,na,lombok,Lombok329,0.5,65,493,1217,14609,57.73127104024273,0.09971199999972721,0.19643657166459674
E1,q2_x3_resunet_cas-multistream_seed2026,cas-multistream,placebo,2026,1120,na,lombok,Lombok330,0.5,265,268,731,15120,60.00833275470999,0.15977175463595022,0.2890226956921392
E1,q2_x3_resunet_cas-multistream_seed2026,cas-multistream,placebo,2026,1120,na,lombok,Lombok331,0.5,229,117,421,15617,49.97248923833127,0.47472611954602845,0.617275529969833
E1,q2_x3_resunet_cas-multistream_seed2026,cas-multistream,placebo,2026,1120,na,lombok,Lombok332,0.5,0,435,97,15852,71.41743102152674,0.0,0.0
E1,q2_x3_resunet_cas-multistream_seed2026,cas-multistream,placebo,2026,1120,na,lombok,Lombok333,0.5,0,1059,14,15311,90.03193780320751,0.0,0.0
E1,q2_x3_resunet_cas-multistream_seed2026,cas-multistream,placebo,2026,1120,na,lombok,Lombok334,0.5,28,1615,75,14666,42.492742163378814,0.08754041283215291,0.18096135720971315
E1,q2_x3_resunet_cas-multistream_seed2026,cas-multistream,placebo,2026,1120,na,lombok,Lombok335,0.5,0,0,98,16286,181.01933598375618,0.0,0.0
E1,q2_x3_resunet_cas-multistream_seed2026,cas-multistream,placebo,2026,1120,na,lombok,Lombok336,0.5,0,1156,135,15093,55.29227096091964,0.0,0.0
E1,q2_x3_resunet_cas-multistream_seed2026,cas-multistream,placebo,2026,1120,na,lombok,Lombok337,0.5,0,7,361,16016,90.21630009186026,0.0,0.0
E1,q2_x3_resunet_cas-multistream_seed2026,cas-multistream,placebo,2026,1120,na,lombok,Lombok338,0.5,0,0,605,15779,181.01933598375618,0.0,0.0
E1,q2_x3_resunet_cas-multistream_seed2026,cas-multistream,placebo,2026,1120,na,lombok,Lombok339,0.5,30,0,844,15510,76.06886752524284,0.0801340033499847,0.17507418397610136
E1,q2_x3_resunet_cas-multistream_seed2026,cas-multistream,placebo,2026,1120,na,lombok,Lombok340,0.5,47,3,777,15557,70.00607111883627,0.12113936483670215,0.24844720496872652
E1,q2_x3_resunet_cas-multistream_seed2026,cas-multistream,placebo,2026,1120,na,lombok,Lombok342,0.5,0,0,159,16225,181.01933598375618,0.0,0.0
E1,q2_x3_resunet_cas-multistream_seed2026,cas-multistream,placebo,2026,1120,na,lombok,Lombok343,0.5,0,0,119,16265,181.01933598375618,0.0,0.0
E1,q2_x3_resunet_cas-multistream_seed2026,cas-multistream,placebo,2026,1120,na,lombok,Lombok344,0.5,0,0,31,16353,181.01933598375618,0.0,0.0
E1,q2_x3_resunet_cas-multistream_seed2026,cas-multistream,placebo,2026,1120,na,lombok,Lombok345,0.5,0,0,18,16366,181.01933598375618,0.0,0.0
E1,q2_x3_resunet_cas-multistream_seed2026,cas-multistream,placebo,2026,1120,na,lombok,Lombok346,0.5,0,0,56,16328,181.01933598375618,0.0,0.0
E1,q2_x3_resunet_cas-multistream_seed2026,cas-multistream,placebo,2026,1120,na,lombok,Lombok347,0.5,11,3554,143,12676,41.31205827043989,0.0046189376438848136,0.027303754265712587
E1,q2_x3_resunet_cas-multistream_seed2026,cas-multistream,placebo,2026,1120,na,lombok,Lombok348,0.5,68,1494,158,14664,53.140845368114455,0.1819407008081768,0.28707824838432866
E1,q2_x3_resunet_cas-multistream_seed2026,cas-multistream,placebo,2026,1120,na,lombok,Lombok349,0.5,0,0,164,16220,181.01933598375618,0.0,0.0
E1,q2_x3_resunet_cas-multistream_seed2026,cas-multistream,placebo,2026,1120,na,lombok,Lombok352,0.5,0,0,19,16365,181.01933598375618,0.0,0.0
E1,q2_x3_resunet_cas-multistream_seed2026,cas-multistream,placebo,2026,1120,na,lombok,Lombok354,0.5,3,25,98,16258,101.12754447914644,0.13312202852566082,0.1595375722539085
E1,q2_x3_resunet_cas-multistream_seed2026,cas-multistream,placebo,2026,1120,na,lombok,Lombok355,0.5,61,2264,135,13924,74.43117626371358,0.061482820976059234,0.20840336134407442
E1,q2_x3_resunet_cas-multistream_seed2026,cas-multistream,placebo,2026,1120,na,lombok,Lombok356,0.5,0,83,199,16102,134.8687776540911,0.0,0.0
E1,q2_x3_resunet_cas-multistream_seed2026,cas-multistream,placebo,2026,1120,na,lombok,Lombok357,0.5,0,636,92,15656,113.60624026015678,0.0,0.0
E1,q2_x3_resunet_cas-multistream_seed2026,cas-multistream,placebo,2026,1120,na,lombok,Lombok358,0.5,0,2454,93,13837,101.45631881082183,0.0,0.0
E1,q2_x3_resunet_cas-multistream_seed2026,cas-multistream,placebo,2026,1120,na,lombok,Lombok359,0.5,23,2673,158,13530,58.59041606786245,0.05025125628091765,0.10258915486028623
E1,q2_x3_resunet_cas-multistream_seed2026,cas-multistream,placebo,2026,1120,na,lombok,Lombok360,0.5,0,1676,198,14510,93.31004580809088,0.005319148935670566,0.03850267379630663
E1,q2_x3_resunet_cas-multistream_seed2026,cas-multistream,placebo,2026,1120,na,lombok,Lombok361,0.5,76,3365,208,12735,93.03514379175404,0.052428964252481544,0.08128342245939317
E1,q2_x3_resunet_cas-multistream_seed2026,cas-multistream,placebo,2026,1120,na,lombok,Lombok362,0.5,7,1936,234,14207,101.2230338546376,0.11308562197050176,0.1727475800442335
E1,q2_x3_resunet_cas-multistream_seed2026,cas-multistream,placebo,2026,1120,na,lombok,Lombok363,0.5,0,234,135,16015,65.19202405202648,0.0,0.0
E1,q2_x3_resunet_cas-multistream_seed2026,cas-multistream,placebo,2026,1120,na,lombok,Lombok364,0.5,0,512,378,15494,72.13875518748573,0.0,0.0
E1,q2_x3_resunet_cas-multistream_seed2026,cas-multistream,placebo,2026,1120,na,lombok,Lombok365,0.5,0,13,546,15825,86.43928210994581,0.0,0.015999999999953152
E1,q2_x3_resunet_cas-multistream_seed2026,cas-multistream,placebo,2026,1120,na,lombok,Lombok366,0.5,0,0,249,16135,181.01933598375618,0.0,0.0
E1,q2_x3_resunet_cas-multistream_seed2026,cas-multistream,placebo,2026,1120,na,lombok,Lombok367,0.5,0,807,21,15556,53.150729063673246,0.0,0.0
E1,q2_x3_resunet_cas-multistream_seed2026,cas-multistream,placebo,2026,1120,na,lombok,Lombok368,0.5,0,0,18,16366,181.01933598375618,0.0,0.0
E1,q2_x3_resunet_cas-multistream_seed2026,cas-multistream,placebo,2026,1120,na,lombok,Lombok369,0.5,0,485,62,15837,46.901984858112975,0.0,0.0
E1,q2_x3_resunet_cas-multistream_seed2026,cas-multistream,placebo,2026,1120,na,lombok,Lombok370,0.5,10,566,146,15662,42.485291572496,0.11059907834052275,0.13864131511142713
E1,q2_x3_resunet_cas-multistream_seed2026,cas-multistream,placebo,2026,1120,na,lombok,Lombok371,0.5,0,0,141,16243,181.01933598375618,0.0,0.0
E1,q2_x3_resunet_cas-multistream_seed2026,cas-multistream,placebo,2026,1120,na,lombok,Lombok372,0.5,0,0,65,16319,181.01933598375618,0.0,0.0
E1,q2_x3_resunet_cas-multistream_seed2026,cas-multistream,placebo,2026,1120,na,lombok,Lombok373,0.5,0,0,73,16311,181.01933598375618,0.0,0.0
E1,q2_x3_resunet_cas-multistream_seed2026,cas-multistream,placebo,2026,1120,na,lombok,Lombok374,0.5,0,0,72,16312,181.01933598375618,0.0,0.0
E1,q2_x3_resunet_cas-multistream_seed2026,cas-multistream,placebo,2026,1120,na,lombok,Lombok375,0.5,0,0,272,16112,181.01933598375618,0.0,0.0
E1,q2_x3_resunet_cas-multistream_seed2026,cas-multistream,placebo,2026,1120,na,lombok,Lombok376,0.5,0,0,270,16114,181.01933598375618,0.0,0.0
E1,q2_x3_resunet_cas-multistream_seed2026,cas-multistream,placebo,2026,1120,na,lombok,Lombok377,0.5,0,0,295,16089,181.01933598375618,0.0,0.0
E1,q2_x3_resunet_cas-multistream_seed2026,cas-multistream,placebo,2026,1120,na,lombok,Lombok378,0.5,0,0,309,16075,181.01933598375618,0.0,0.0
E1,q2_x3_resunet_cas-multistream_seed2026,cas-multistream,placebo,2026,1120,na,lombok,Lombok379,0.5,0,552,42,15790,64.88451279003334,0.0,0.0
E1,q2_x3_resunet_cas-multistream_seed2026,cas-multistream,placebo,2026,1120,na,lombok,Lombok380,0.5,0,0,20,16364,181.01933598375618,0.0,0.0
E1,q2_x3_resunet_cas-multistream_seed2026,cas-multistream,placebo,2026,1120,na,lombok,Lombok381,0.5,0,0,83,16301,181.01933598375618,0.0,0.0
E1,q2_x3_resunet_cas-multistream_seed2026,cas-multistream,placebo,2026,1120,na,lombok,Lombok382,0.5,59,4539,165,11621,36.21874543696247,0.04677060133583541,0.08291372943890954
E1,q2_x3_resunet_cas-multistream_seed2026,cas-multistream,placebo,2026,1120,na,lombok,Lombok383,0.5,0,553,299,15532,74.25631194724963,0.0,0.0
E1,q2_x3_resunet_cas-multistream_seed2026,cas-multistream,placebo,2026,1120,na,lombok,Lombok384,0.5,17,29,229,16109,84.13048754903491,0.17987152034244347,0.2140221402212111
E1,q2_x3_resunet_cas-multistream_seed2026,cas-multistream,placebo,2026,1120,na,lombok,Lombok385,0.5,0,0,103,16281,181.01933598375618,0.0,0.0
E1,q2_x3_resunet_cas-multistream_seed2026,cas-multistream,placebo,2026,1120,na,lombok,Lombok386,0.5,0,89,16,16279,55.67209910449221,0.0,0.0
E1,q2_x3_resunet_cas-multistream_seed2026,cas-multistream,placebo,2026,1120,na,lombok,Lombok387,0.5,0,378,19,15987,59.27761343418644,0.0,0.0
E1,q2_x3_resunet_cas-multistream_seed2026,cas-multistream,placebo,2026,1120,na,lombok,Lombok388,0.5,0,14,87,16283,39.60861992519149,0.0,0.0
E1,q2_x3_resunet_cas-multistream_seed2026,cas-multistream,placebo,2026,1120,na,lombok,Lombok389,0.5,4,20,177,16183,119.10378144584811,0.1060752169716769,0.14542343883617734
E1,q2_x3_resunet_cas-multistream_seed2026,cas-multistream,placebo,2026,1120,na,lombok,Lombok390,0.5,0,17,178,16189,123.32457262781281,0.0,0.0
E1,q2_x3_resunet_cas-multistream_seed2026,cas-multistream,placebo,2026,1120,na,lombok,Lombok391,0.5,40,1473,98,14773,73.0838424277467,0.01727861771016647,0.04294013639759591
E1,q2_x3_resunet_cas-multistream_seed2026,cas-multistream,placebo,2026,1120,na,lombok,Lombok392,0.5,0,1103,214,15067,91.82701034641832,0.0,0.0
E1,q2_x3_resunet_cas-multistream_seed2026,cas-multistream,placebo,2026,1120,na,lombok,Lombok393,0.5,23,290,277,15794,72.1037426174057,0.13452452538396753,0.1973122529640223
E1,q2_x3_resunet_cas-multistream_seed2026,cas-multistream,placebo,2026,1120,na,lombok,Lombok394,0.5,0,10,398,15976,129.71121771072848,0.0,0.0
E1,q2_x3_resunet_cas-multistream_seed2026,cas-multistream,placebo,2026,1120,na,lombok,Lombok395,0.5,0,0,649,15735,181.01933598375618,0.0,0.0
E1,q2_x3_resunet_cas-multistream_seed2026,cas-multistream,placebo,2026,1120,na,lombok,Lombok396,0.5,0,0,423,15961,181.01933598375618,0.0,0.0
E1,q2_x3_resunet_cas-multistream_seed2026,cas-multistream,placebo,2026,1120,na,lombok,Lombok397,0.5,0,78,39,16267,83.51402990961927,0.0,0.0
E1,q2_x3_resunet_cas-multistream_seed2026,cas-multistream,placebo,2026,1120,na,lombok,Lombok398,0.5,0,0,19,16365,181.01933598375618,0.0,0.0
E1,q2_x3_resunet_cas-multistream_seed2026,cas-multistream,placebo,2026,1120,na,lombok,Lombok399,0.5,0,0,79,16305,181.01933598375618,0.0,0.0
E1,q2_x3_resunet_cas-multistream_seed2026,cas-multistream,placebo,2026,1120,na,lombok,Lombok400,0.5,0,0,68,16316,181.01933598375618,0.0,0.0
E1,q2_x3_resunet_cas-multistream_seed2026,cas-multistream,placebo,2026,1120,na,lombok,Lombok401,0.5,0,0,21,16363,181.01933598375618,0.0,0.0
E1,q2_x3_resunet_cas-multistream_seed2026,cas-multistream,placebo,2026,1120,na,lombok,Lombok402,0.5,0,0,18,16366,181.01933598375618,0.0,0.0
E1,q2_x3_resunet_cas-multistream_seed2026,cas-multistream,placebo,2026,1120,na,lombok,Lombok403,0.5,0,0,75,16309,181.01933598375618,0.0,0.0
E1,q2_x3_resunet_cas-multistream_seed2026,cas-multistream,placebo,2026,1120,na,lombok,Lombok404,0.5,0,0,90,16294,181.01933598375618,0.0,0.0
E1,q2_x3_resunet_cas-multistream_seed2026,cas-multistream,placebo,2026,1120,na,lombok,Lombok405,0.5,0,0,62,16322,181.01933598375618,0.0,0.0
E1,q2_x3_resunet_cas-multistream_seed2026,cas-multistream,placebo,2026,1120,na,lombok,Lombok406,0.5,0,0,65,16319,181.01933598375618,0.0,0.0
E1,q2_x3_resunet_cas-multistream_seed2026,cas-multistream,placebo,2026,1120,na,lombok,Lombok407,0.5,0,0,106,16278,181.01933598375618,0.0,0.0
E1,q2_x3_resunet_cas-multistream_seed2026,cas-multistream,placebo,2026,1120,na,lombok,Lombok408,0.5,0,0,152,16232,181.01933598375618,0.0,0.0
E1,q2_x3_resunet_cas-multistream_seed2026,cas-multistream,placebo,2026,1120,na,lombok,Lombok409,0.5,0,0,67,16317,181.01933598375618,0.0,0.0
E1,q2_x3_resunet_cas-multistream_seed2026,cas-multistream,placebo,2026,1120,na,lombok,Lombok410,0.5,0,0,38,16346,181.01933598375618,0.0,0.0
E1,q2_x3_resunet_cas-multistream_seed2026,cas-multistream,placebo,2026,1120,na,lombok,Lombok411,0.5,0,0,194,16190,181.01933598375618,0.0,0.0
E1,q2_x3_resunet_cas-multistream_seed2026,cas-multistream,placebo,2026,1120,na,lombok,Lombok412,0.5,0,232,212,15940,96.04165762834376,0.0,0.0
E1,q2_x3_resunet_cas-multistream_seed2026,cas-multistream,placebo,2026,1120,na,lombok,Lombok413,0.5,0,308,25,16051,55.73808973227021,0.0,0.0
E1,q2_x3_resunet_cas-multistream_seed2026,cas-multistream,placebo,2026,1120,na,lombok,Lombok414,0.5,0,0,19,16365,181.01933598375618,0.0,0.0
E1,q2_x3_resunet_cas-multistream_seed2026,cas-multistream,placebo,2026,1120,na,lombok,Lombok415,0.5,2,1523,92,14767,44.08731054028916,0.04700352526390159,0.06178287731637093
E1,q2_x3_resunet_cas-multistream_seed2026,cas-multistream,placebo,2026,1120,na,lombok,Lombok416,0.5,62,4407,134,11781,26.94436802675439,0.08756660745953557,0.2084127216761909
E1,q2_x3_resunet_cas-multistream_seed2026,cas-multistream,placebo,2026,1120,na,lombok,Lombok417,0.5,12,1203,146,15023,64.42979772587901,0.12513171759697161,0.2540753948033814
E1,q2_x3_resunet_cas-multistream_seed2026,cas-multistream,placebo,2026,1120,na,lombok,Lombok418,0.5,1,16,93,16274,63.43497967506903,0.06557377049130342,0.07070707070657253
E1,q2_x3_resunet_cas-multistream_seed2026,cas-multistream,placebo,2026,1120,na,lombok,Lombok419,0.5,0,0,57,16327,181.01933598375618,0.0,0.0
E1,q2_x3_resunet_cas-multistream_seed2026,cas-multistream,placebo,2026,1120,na,lombok,Lombok420,0.5,0,370,19,15995,33.255050103126116,0.0,0.0
E1,q2_x3_resunet_cas-multistream_seed2026,cas-multistream,placebo,2026,1120,na,lombok,Lombok421,0.5,0,0,37,16347,181.01933598375618,0.0,0.0
E1,q2_x3_resunet_cas-multistream_seed2026,cas-multistream,placebo,2026,1120,na,lombok,Lombok422,0.5,0,0,59,16325,181.01933598375618,0.0,0.0
E1,q2_x3_resunet_cas-multistream_seed2026,cas-multistream,placebo,2026,1120,na,lombok,Lombok423,0.5,0,0,184,16200,181.01933598375618,0.0,0.0
E1,q2_x3_resunet_cas-multistream_seed2026,cas-multistream,placebo,2026,1120,na,lombok,Lombok424,0.5,42,995,201,15146,105.51860381319005,0.03263403263354791,0.1401894451957276
E1,q2_x3_resunet_cas-multistream_seed2026,cas-multistream,placebo,2026,1120,na,lombok,Lombok425,0.5,64,420,271,15629,73.04172169886986,0.16759273164096553,0.28815031183351764
E1,q2_x3_resunet_cas-multistream_seed2026,cas-multistream,placebo,2026,1120,na,lombok,Lombok426,0.5,59,137,463,15725,78.31981962649036,0.23060672324936476,0.3409430764626372
E1,q2_x3_resunet_cas-multistream_seed2026,cas-multistream,placebo,2026,1120,na,lombok,Lombok427,0.5,0,0,582,15802,181.01933598375618,0.0,0.0
E1,q2_x3_resunet_cas-multistream_seed2026,cas-multistream,placebo,2026,1120,na,lombok,Lombok428,0.5,3,28,592,15761,123.77453650498008,0.031824611032488265,0.032028469750858164
E1,q2_x3_resunet_cas-multistream_seed2026,cas-multistream,placebo,2026,1120,na,lombok,Lombok429,0.5,0,7,389,15988,120.01666550941998,0.0,0.0
E1,q2_x3_resunet_cas-multistream_seed2026,cas-multistream,placebo,2026,1120,na,lombok,Lombok430,0.5,0,13,78,16293,73.0,0.0,0.0
E1,q2_x3_resunet_cas-multistream_seed2026,cas-multistream,placebo,2026,1120,na,lombok,Lombok431,0.5,0,0,27,16357,181.01933598375618,0.0,0.0
E1,q2_x3_resunet_cas-multistream_seed2026,cas-multistream,placebo,2026,1120,na,lombok,Lombok432,0.5,0,148,27,16209,19.31837191198395,0.028571428571183673,0.15999999999968004
E1,q2_x3_resunet_cas-multistream_seed2026,cas-multistream,placebo,2026,1120,na,lombok,Lombok433,0.5,0,30,40,16314,96.26003038711656,0.0,0.0
E1,q2_x3_resunet_cas-multistream_seed2026,cas-multistream,placebo,2026,1120,na,lombok,Lombok434,0.5,0,7,94,16283,88.83245957060939,0.0,0.0
E1,q2_x3_resunet_cas-multistream_seed2026,cas-multistream,placebo,2026,1120,na,lombok,Lombok435,0.5,0,446,54,15884,81.04315836505259,0.0,0.0
E1,q2_x3_resunet_cas-multistream_seed2026,cas-multistream,placebo,2026,1120,na,lombok,Lombok436,0.5,0,345,25,16014,83.98790389639572,0.0,0.0
E1,q2_x3_resunet_cas-multistream_seed2026,cas-multistream,placebo,2026,1120,na,lombok,Lombok437,0.5,0,0,36,16348,181.01933598375618,0.0,0.0
E1,q2_x3_resunet_cas-multistream_seed2026,cas-multistream,placebo,2026,1120,na,lombok,Lombok438,0.5,0,0,43,16341,181.01933598375618,0.0,0.0
E1,q2_x3_resunet_cas-multistream_seed2026,cas-multistream,placebo,2026,1120,na,lombok,Lombok439,0.5,0,0,20,16364,181.01933598375618,0.0,0.0
E1,q2_x3_resunet_cas-multistream_seed2026,cas-multistream,placebo,2026,1120,na,lombok,Lombok440,0.5,0,0,25,16359,181.01933598375618,0.0,0.0
E1,q2_x3_resunet_cas-multistream_seed2026,cas-multistream,placebo,2026,1120,na,lombok,Lombok441,0.5,2,588,32,15762,59.30035760174905,0.0,0.04528301886745102
E1,q2_x3_resunet_cas-multistream_seed2026,cas-multistream,placebo,2026,1120,na,lombok,Lombok442,0.5,11,3821,44,12508,42.09865104857572,0.005797101449007352,0.03137254901911726
E1,q2_x3_resunet_cas-multistream_seed2026,cas-multistream,placebo,2026,1120,na,lombok,Lombok443,0.5,4,2467,85,13828,41.238467161340594,0.021352313166826967,0.074008810572192
E1,q2_x3_resunet_cas-multistream_seed2026,cas-multistream,placebo,2026,1120,na,lombok,Lombok444,0.5,8,4068,55,12253,53.71219600798314,0.03440860215007611,0.08508256367153878
E1,q2_x3_resunet_cas-multistream_seed2026,cas-multistream,placebo,2026,1120,na,lombok,Lombok445,0.5,0,2489,17,13878,80.56796857357774,0.0,0.0
E1,q2_x3_resunet_cas-multistream_seed2026,cas-multistream,placebo,2026,1120,na,lombok,Lombok446,0.5,0,311,35,16038,69.51976841108224,0.0,0.0
E1,q2_x3_resunet_cas-multistream_seed2026,cas-multistream,placebo,2026,1120,na,lombok,Lombok447,0.5,0,1039,23,15322,61.11598021019235,0.0,0.0
E1,q2_x3_resunet_cas-multistream_seed2026,cas-multistream,placebo,2026,1120,na,lombok,Lombok448,0.5,4,3,209,16168,50.134699378727944,0.1121495327101745,0.21238938053078357
E1,q2_x3_resunet_cas-multistream_seed2026,cas-multistream,placebo,2026,1120,na,lombok,Lombok449,0.5,120,407,255,15602,46.07598968027921,0.24698637316518066,0.48098327291188014
E1,q2_x3_resunet_cas-multistream_seed2026,cas-multistream,placebo,2026,1120,na,lombok,Lombok450,0.5,0,138,250,15996,132.06607523045656,0.0,0.0
E1,q2_x3_resunet_cas-multistream_seed2026,cas-multistream,placebo,2026,1120,na,lombok,Lombok451,0.5,59,29,234,16062,67.27703385945127,0.3282442748088859,0.3717472118956081
E1,q2_x3_resunet_cas-multistream_seed2026,cas-multistream,placebo,2026,1120,na,lombok,Lombok452,0.5,70,24,468,15822,96.81576046156347,0.19561824382892512,0.26774847870159363
E1,q2_x3_resunet_cas-multistream_seed2026,cas-multistream,placebo,2026,1120,na,lombok,Lombok453,0.5,30,227,519,15608,111.51947767341626,0.06519075238923575,0.13943923755260815
E1,q2_x3_resunet_cas-multistream_seed2026,cas-multistream,placebo,2026,1120,na,lombok,Lombok454,0.5,11,8,348,16017,100.99257334727442,0.12938005390823476,0.1542553191487938
E1,q2_x3_resunet_cas-multistream_seed2026,cas-multistream,placebo,2026,1120,na,lombok,Lombok455,0.5,0,0,209,16175,181.01933598375618,0.0,0.0
E1,q2_x3_resunet_cas-multistream_seed2026,cas-multistream,placebo,2026,1120,na,lombok,Lombok456,0.5,16,1434,57,14877,37.55327374907956,0.16313213703064622,0.22542536592583864
E1,q2_x3_resunet_cas-multistream_seed2026,cas-multistream,placebo,2026,1120,na,lombok,Lombok457,0.5,0,12,26,16346,66.49139662270966,0.0,0.0
E1,q2_x3_resunet_cas-multistream_seed2026,cas-multistream,placebo,2026,1120,na,lombok,Lombok458,0.5,0,99,31,16254,115.97413504743201,0.0,0.0
E1,q2_x3_resunet_cas-multistream_seed2026,cas-multistream,placebo,2026,1120,na,lombok,Lombok459,0.5,0,0,16,16368,181.01933598375618,0.0,0.0
E1,q2_x3_resunet_cas-multistream_seed2026,cas-multistream,placebo,2026,1120,na,lombok,Lombok460,0.5,0,246,20,16118,69.95554182599146,0.0,0.0
E1,q2_x3_resunet_cas-multistream_seed2026,cas-multistream,placebo,2026,1120,na,lombok,Lombok461,0.5,1,5560,23,10800,69.5088648348652,0.0,0.005333333333213526
E1,q2_x3_resunet_cas-multistream_seed2026,cas-multistream,placebo,2026,1120,na,lombok,Lombok462,0.5,13,5027,5,11339,29.12899674420773,0.0,0.005797101449176459
E1,q2_x3_resunet_cas-multistream_seed2026,cas-multistream,placebo,2026,1120,na,lombok,Lombok463,0.5,3,220,192,15969,70.1569570874433,0.05275779376468993,0.05804749340351351
E1,q2_x3_resunet_cas-multistream_seed2026,cas-multistream,placebo,2026,1120,na,lombok,Lombok464,0.5,28,16,236,16104,40.30415474879252,0.28930444246536435,0.3464052287578835
E1,q2_x3_resunet_cas-multistream_seed2026,cas-multistream,placebo,2026,1120,na,lombok,Lombok465,0.5,0,0,96,16288,181.01933598375618,0.0,0.0
E1,q2_x3_resunet_cas-multistream_seed2026,cas-multistream,placebo,2026,1120,na,lombok,Lombok466,0.5,0,9,119,16256,78.26807273330934,0.0,0.0
E1,q2_x3_resunet_cas-multistream_seed2026,cas-multistream,placebo,2026,1120,na,lombok,Lombok467,0.5,36,146,255,15947,63.735370624424945,0.18691588785022173,0.2539682539680322
E1,q2_x3_resunet_cas-multistream_seed2026,cas-multistream,placebo,2026,1120,na,lombok,Lombok468,0.5,100,814,238,15232,63.97570086783496,0.15850815850777944,0.3267613801098097
E1,q2_x3_resunet_cas-multistream_seed2026,cas-multistream,placebo,2026,1120,na,lombok,Lombok469,0.5,128,408,140,15708,41.90214811702681,0.4323687311766904,0.6300467856519434
E1,q2_x3_resunet_cas-multistream_seed2026,cas-multistream,placebo,2026,1120,na,lombok,Lombok470,0.5,0,0,121,16263,181.01933598375618,0.0,0.0
E1,q2_x3_resunet_cas-multistream_seed2026,cas-multistream,placebo,2026,1120,na,lombok,Lombok471,0.5,0,3128,16,13240,52.500474712639594,0.0,0.0
E1,q2_x3_resunet_cas-multistream_seed2026,cas-multistream,placebo,2026,1120,na,lombok,Lombok472,0.5,0,1742,35,14607,54.613182427282574,0.005509641873103993,0.005888125613280082
E1,q2_x3_resunet_cas-multistream_seed2026,cas-multistream,placebo,2026,1120,na,lombok,Lombok473,0.5,11,885,58,15430,55.16763165132357,0.03217158176897081,0.08602150537584413
E1,q2_x3_resunet_cas-multistream_seed2026,cas-multistream,placebo,2026,1120,na,lombok,Lombok474,0.5,0,818,34,15532,62.22579974166662,0.0,0.0
E1,q2_x3_resunet_cas-multistream_seed2026,cas-multistream,placebo,2026,1120,na,lombok,Lombok475,0.5,0,1060,41,15283,69.60599709818628,0.0,0.0
E1,q2_x3_resunet_cas-multistream_seed2026,cas-multistream,placebo,2026,1120,na,lombok,Lombok476,0.5,22,1004,157,15201,59.4289072855043,0.09896682979833892,0.23227448692750574
E1,q2_x3_resunet_cas-multistream_seed2026,cas-multistream,placebo,2026,1120,na,lombok,Lombok477,0.5,44,1220,133,14987,43.02556475958571,0.16559337626444967,0.24766584766534866
E1,q2_x3_resunet_cas-multistream_seed2026,cas-multistream,placebo,2026,1120,na,lombok,Lombok478,0.5,16,131,29,16208,55.220919780001864,0.29366602687092996,0.2999999999995356
E1,q2_x3_resunet_cas-multistream_seed2026,cas-multistream,placebo,2026,1120,na,lombok,Lombok479,0.5,11,1027,40,15306,57.504310024546356,0.10202898550680746,0.19115890083589654
E1,q2_x3_resunet_cas-multistream_seed2026,cas-multistream,placebo,2026,1120,na,lombok,Lombok480,0.5,3,1203,58,15120,57.801321889755336,0.06378802747744411,0.1326455416354668
E1,q2_x3_resunet_cas-multistream_seed2026,cas-multistream,placebo,2026,1120,na,lombok,Lombok481,0.5,0,574,50,15760,44.67099137738199,0.030888030887556837,0.09266409266361861
E1,q2_x3_resunet_cas-multistream_seed2026,cas-multistream,placebo,2026,1120,na,lombok,Lombok483,0.5,16,4382,5,11981,54.00925846556311,0.0,0.0
E1,q2_x3_resunet_cas-multistream_seed2026,cas-multistream,placebo,2026,1120,na,lombok,Lombok484,0.5,12,474,47,15851,57.87987857984132,0.16172506738506115,0.24903154399520894
E1,q2_x3_resunet_cas-multistream_seed2026,cas-multistream,placebo,2026,1120,na,lombok,Lombok485,0.5,2,3478,36,12868,59.81638571495272,0.0,0.0
E1,q2_x3_resunet_cas-multistream_seed2026,cas-multistream,placebo,2026,1120,na,lombok,Lombok486,0.5,16,1494,24,14850,42.51970289633147,0.05940594059369708,0.14207650273189887
E1,q2_x3_resunet_cas-multistream_seed2026,cas-multistream,placebo,2026,1120,na,lombok,Lombok487,0.5,16,2114,44,14210,47.824575632727786,0.0,0.0
E1,q2_x3_resunet_cas-multistream_seed2026,cas-multistream,placebo,2026,1120,na,lombok,Lombok488,0.5,0,1172,36,15176,73.29112681553214,0.0,0.0
E1,q2_x3_resunet_cas-multistream_seed2026,cas-multistream,placebo,2026,1120,na,lombok,Lombok489,0.5,0,1418,43,14923,70.14626840496172,0.0,0.0
E1,q2_x3_resunet_cas-multistream_seed2026,cas-multistream,placebo,2026,1120,na,lombok,Lombok490,0.5,0,1068,39,15277,74.02702209328699,0.0,0.0
E1,q2_x3_resunet_cas-multistream_seed2026,cas-multistream,placebo,2026,1120,na,lombok,Lombok494,0.5,0,1451,43,14890,76.562498798308,0.0,0.0
E1,q2_x3_resunet_cas-multistream_seed2026,cas-multistream,placebo,2026,1120,na,lombok,Lombok495,0.5,0,72,39,16273,80.02623726398875,0.0,0.0
E1,q2_x3_resunet_cas-multistream_seed2026,cas-multistream,placebo,2026,1120,na,palu,Palu0001,0.5,49,390,229,15716,51.09345796379144,0.17824663513962513,0.31750169438468806
E1,q2_x3_resunet_cas-multistream_seed2026,cas-multistream,placebo,2026,1120,na,palu,Palu0002,0.5,8,875,173,15328,58.90930802166682,0.084577850066051,0.10933731480369102
E1,q2_x3_resunet_cas-multistream_seed2026,cas-multistream,placebo,2026,1120,na,palu,Palu0003,0.5,0,216,535,15633,57.0039470647306,0.0,0.0
E1,q2_x3_resunet_cas-multistream_seed2026,cas-multistream,placebo,2026,1120,na,palu,Palu0004,0.5,0,45,376,15963,97.90401916996426,0.0,0.0
E1,q2_x3_resunet_cas-multistream_seed2026,cas-multistream,placebo,2026,1120,na,palu,Palu0005,0.5,0,44,106,16234,59.09314681077663,0.0,0.0
E1,q2_x3_resunet_cas-multistream_seed2026,cas-multistream,placebo,2026,1120,na,palu,Palu0006,0.5,0,0,200,16184,181.01933598375618,0.0,0.0
E1,q2_x3_resunet_cas-multistream_seed2026,cas-multistream,placebo,2026,1120,na,palu,Palu0007,0.5,100,142,252,15890,43.31957853124921,0.4354208176746228,0.48979591836685554
E1,q2_x3_resunet_cas-multistream_seed2026,cas-multistream,placebo,2026,1120,na,palu,Palu0008,0.5,0,763,282,15339,55.91955938523991,0.0,0.0
E1,q2_x3_resunet_cas-multistream_seed2026,cas-multistream,placebo,2026,1120,na,palu,Palu0009,0.5,0,301,125,15958,107.04552766294972,0.0,0.0
E1,q2_x3_resunet_cas-multistream_seed2026,cas-multistream,placebo,2026,1120,na,palu,Palu0011,0.5,0,656,34,15694,46.86631411487905,0.052905054321947156,0.08847549909239286
E1,q2_x3_resunet_cas-multistream_seed2026,cas-multistream,placebo,2026,1120,na,palu,Palu0012,0.5,0,705,41,15638,74.97832851637742,0.0,0.0
E1,q2_x3_resunet_cas-multistream_seed2026,cas-multistream,placebo,2026,1120,na,palu,Palu0013,0.5,4,166,164,16050,64.60643296669966,0.07174887892331468,0.08877928483323119
E1,q2_x3_resunet_cas-multistream_seed2026,cas-multistream,placebo,2026,1120,na,palu,Palu0014,0.5,0,550,127,15707,43.84518122663728,0.0,0.0
E1,q2_x3_resunet_cas-multistream_seed2026,cas-multistream,placebo,2026,1120,na,palu,Palu0015,0.5,0,201,34,16149,148.0474528979524,0.0,0.0
E1,q2_x3_resunet_cas-multistream_seed2026,cas-multistream,placebo,2026,1120,na,palu,Palu0016,0.5,0,316,34,16034,124.39366392512109,0.0,0.0
E1,q2_x3_resunet_cas-multistream_seed2026,cas-multistream,placebo,2026,1120,na,palu,Palu0017,0.5,0,185,41,16158,69.1505400645621,0.0,0.0
E1,q2_x3_resunet_cas-multistream_seed2026,cas-multistream,placebo,2026,1120,na,palu,Palu0018,0.5,0,11,99,16274,81.64936479225834,0.0,0.0
E1,q2_x3_resunet_cas-multistream_seed2026,cas-multistream,placebo,2026,1120,na,palu,Palu0019,0.5,29,475,74,15806,62.75111903764016,0.21178282633758527,0.2287558264605972
E1,q2_x3_resunet_cas-multistream_seed2026,cas-multistream,placebo,2026,1120,na,palu,Palu0020,0.5,0,85,47,16252,46.39123438136005,0.0,0.0
E1,q2_x3_resunet_cas-multistream_seed2026,cas-multistream,placebo,2026,1120,na,palu,Palu0021,0.5,0,815,26,15543,64.17159761229699,0.0,0.0
E1,q2_x3_resunet_cas-multistream_seed2026,cas-multistream,placebo,2026,1120,na,palu,Palu0022,0.5,0,0,30,16354,181.01933598375618,0.0,0.0
E1,q2_x3_resunet_cas-multistream_seed2026,cas-multistream,placebo,2026,1120,na,palu,Palu0023,0.5,0,61,20,16303,58.03662560762457,0.0,0.0
E1,q2_x3_resunet_cas-multistream_seed2026,cas-multistream,placebo,2026,1120,na,palu,Palu0024,0.5,0,498,85,15801,85.94574664722907,0.0,0.0
E1,q2_x3_resunet_cas-multistream_seed2026,cas-multistream,placebo,2026,1120,na,palu,Palu0025,0.5,19,135,77,16153,43.36583891866869,0.27397260273922686,0.3276622558281269
E1,q2_x3_resunet_cas-multistream_seed2026,cas-multistream,placebo,2026,1120,na,palu,Palu0026,0.5,8,90,71,16215,68.98325591390551,0.22753346080256096,0.2707493956481706
E1,q2_x3_resunet_cas-multistream_seed2026,cas-multistream,placebo,2026,1120,na,palu,Palu0027,0.5,0,0,74,16310,181.01933598375618,0.0,0.0
E1,q2_x3_resunet_cas-multistream_seed2026,cas-multistream,placebo,2026,1120,na,palu,Palu0028,0.5,0,19,28,16337,63.534874963522945,0.0,0.0
E1,q2_x3_resunet_cas-multistream_seed2026,cas-multistream,placebo,2026,1120,na,palu,Palu0029,0.5,0,258,22,16104,44.322983334852815,0.0,0.0
E1,q2_x3_resunet_cas-multistream_seed2026,cas-multistream,placebo,2026,1120,na,palu,Palu0031,0.5,0,1359,53,14972,58.29206027043596,0.0,0.0
E1,q2_x3_resunet_cas-multistream_seed2026,cas-multistream,placebo,2026,1120,na,palu,Palu0032,0.5,39,1756,59,14530,30.97926148189896,0.13945380592648404,0.25090857867273564
E1,q2_x3_resunet_cas-multistream_seed2026,cas-multistream,placebo,2026,1120,na,palu,Palu0033,0.5,24,493,86,15781,52.41345304215129,0.11539902585188432,0.21495327102753758
E1,q2_x3_resunet_cas-multistream_seed2026,cas-multistream,placebo,2026,1120,na,palu,Palu0034,0.5,0,74,57,16253,70.75144800422326,0.0,0.0
E1,q2_x3_resunet_cas-multistream_seed2026,cas-multistream,placebo,2026,1120,na,palu,Palu0037,0.5,0,353,53,15978,63.068548173039375,0.0,0.0
E1,q2_x3_resunet_cas-multistream_seed2026,cas-multistream,placebo,2026,1120,na,palu,Palu0038,0.5,64,562,52,15706,58.013776741499456,0.1694649301738058,0.21421573963176746
E1,q2_x3_resunet_cas-multistream_seed2026,cas-multistream,placebo,2026,1120,na,palu,Palu0039,0.5,86,361,51,15886,57.027897466515164,0.3310531205130496,0.43492586490897595
E1,q2_x3_resunet_cas-multistream_seed2026,cas-multistream,placebo,2026,1120,na,palu,Palu0040,0.5,56,618,69,15641,60.37383539249432,0.17112299465198472,0.317634478589922
E1,q2_x3_resunet_cas-multistream_seed2026,cas-multistream,placebo,2026,1120,na,palu,Palu0041,0.5,6,1050,144,15184,49.71668193364407,0.03652968036480297,0.04483188044782293
E1,q2_x3_resunet_cas-multistream_seed2026,cas-multistream,placebo,2026,1120,na,palu,Palu0042,0.5,4,764,132,15484,39.0833211322962,0.05113636363589348,0.0872355944561068
E1,q2_x3_resunet_cas-multistream_seed2026,cas-multistream,placebo,2026,1120,na,palu,Palu0043,0.5,0,102,37,16245,79.72046510186586,0.0,0.0
E1,q2_x3_resunet_cas-multistream_seed2026,cas-multistream,placebo,2026,1120,na,palu,Palu0044,0.5,0,1121,53,15210,54.33447065394114,0.0,0.0
E1,q2_x3_resunet_cas-multistream_seed2026,cas-multistream,placebo,2026,1120,na,palu,Palu0045,0.5,0,354,277,15753,57.99481256267555,0.0,0.0
E1,q2_x3_resunet_cas-multistream_seed2026,cas-multistream,placebo,2026,1120,na,palu,Palu0046,0.5,101,215,196,15872,65.37503581892847,0.1953690303903083,0.3091244239627006
E1,q2_x3_resunet_cas-multistream_seed2026,cas-multistream,placebo,2026,1120,na,palu,Palu0047,0.5,11,1352,139,14882,53.9535278475757,0.049851632046981655,0.12390685912926402
E1,q2_x3_resunet_cas-multistream_seed2026,cas-multistream,placebo,2026,1120,na,palu,Palu0048,0.5,1,341,265,15777,43.93688486312514,0.02373887240308831,0.026506024095957103
E1,q2_x3_resunet_cas-multistream_seed2026,cas-multistream,placebo,2026,1120,na,palu,Palu0049,0.5,7,268,207,15902,70.84981600024012,0.10639127045936143,0.14796273119127298
E1,q2_x3_resunet_cas-multistream_seed2026,cas-multistream,placebo,2026,1120,na,palu,Palu0050,0.5,0,168,25,16191,56.05307477275707,0.0,0.0
E1,q2_x3_resunet_cas-multistream_seed2026,cas-multistream,placebo,2026,1120,na,palu,Palu0051,0.5,0,0,36,16348,181.01933598375618,0.0,0.0
E1,q2_x3_resunet_cas-multistream_seed2026,cas-multistream,placebo,2026,1120,na,palu,Palu0053,0.5,59,2895,148,13282,81.49263769330331,0.0532514080896969,0.13714285714245394
E1,q2_x3_resunet_cas-multistream_seed2026,cas-multistream,placebo,2026,1120,na,palu,Palu0054,0.5,76,1271,138,14899,26.45655435287188,0.1264397235726055,0.22641509433921037
E1,q2_x3_resunet_cas-multistream_seed2026,cas-multistream,placebo,2026,1120,na,palu,Palu0055,0.5,0,11,83,16290,50.999991532112986,0.0,0.0
E1,q2_x3_resunet_cas-multistream_seed2026,cas-multistream,placebo,2026,1120,na,palu,Palu0056,0.5,8,544,202,15630,83.75076292007297,0.10984526441033059,0.14618024659923895
E1,q2_x3_resunet_cas-multistream_seed2026,cas-multistream,placebo,2026,1120,na,palu,Palu0057,0.5,0,669,135,15580,63.606788131052824,0.0,0.0
E1,q2_x3_resunet_cas-multistream_seed2026,cas-multistream,placebo,2026,1120,na,palu,Palu0058,0.5,0,65,17,16302,64.59680139276668,0.0,0.0
E1,q2_x3_resunet_cas-multistream_seed2026,cas-multistream,placebo,2026,1120,na,palu,Palu0059,0.5,0,29,58,16297,34.97666048684877,0.0,0.0
E1,q2_x3_resunet_cas-multistream_seed2026,cas-multistream,placebo,2026,1120,na,palu,Palu0060,0.5,0,0,42,16342,181.01933598375618,0.0,0.0
E1,q2_x3_resunet_cas-multistream_seed2026,cas-multistream,placebo,2026,1120,na,palu,Palu0061,0.5,0,2567,46,13771,93.76476010112717,0.0,0.0
E1,q2_x3_resunet_cas-multistream_seed2026,cas-multistream,placebo,2026,1120,na,palu,Palu0062,0.5,0,86,46,16252,31.336012380479257,0.0,0.0
E1,q2_x3_resunet_cas-multistream_seed2026,cas-multistream,placebo,2026,1120,na,palu,Palu0063,0.5,0,417,60,15907,68.23250770372648,0.0,0.0
E1,q2_x3_resunet_cas-multistream_seed2026,cas-multistream,placebo,2026,1120,na,palu,Palu0064,0.5,0,381,61,15942,118.08681864117125,0.0,0.0
E1,q2_x3_resunet_cas-multistream_seed2026,cas-multistream,placebo,2026,1120,na,palu,Palu0066,0.5,0,887,34,15463,103.9471019317037,0.0,0.0
E1,q2_x3_resunet_cas-multistream_seed2026,cas-multistream,placebo,2026,1120,na,palu,Palu0067,0.5,0,617,31,15736,68.38084756576161,0.0,0.0
E1,q2_x3_resunet_cas-multistream_seed2026,cas-multistream,placebo,2026,1120,na,palu,Palu0070,0.5,0,650,23,15711,64.16589261124341,0.0,0.0
E1,q2_x3_resunet_cas-multistream_seed2026,cas-multistream,placebo,2026,1120,na,palu,Palu0071,0.5,0,990,24,15370,54.3478495596401,0.0,0.03333333333315333
E1,q2_x3_resunet_cas-multistream_seed2026,cas-multistream,placebo,2026,1120,na,palu,Palu0072,0.5,0,2319,34,14031,64.36919275565128,0.0,0.0
E1,q2_x3_resunet_cas-multistream_seed2026,cas-multistream,placebo,2026,1120,na,palu,Palu0073,0.5,0,2409,34,13941,64.08310703730363,0.0,0.0
E1,q2_x3_resunet_cas-multistream_seed2026,cas-multistream,placebo,2026,1120,na,palu,Palu0078,0.5,0,163,31,16190,122.24911853058377,0.0,0.0
E1,q2_x3_resunet_cas-multistream_seed2026,cas-multistream,placebo,2026,1120,na,palu,Palu0079,0.5,0,295,25,16064,82.71132559791475,0.0,0.01886792452794144
E1,q2_x3_resunet_cas-multistream_seed2026,cas-multistream,placebo,2026,1120,na,palu,Palu0083,0.5,0,195,24,16165,103.71451312048481,0.0,0.0
E1,q2_x3_resunet_cas-multistream_seed2026,cas-multistream,placebo,2026,1120,na,palu,Palu0084,0.5,0,530,47,15807,62.97524786296743,0.0,0.0
E1,q2_x3_resunet_cas-multistream_seed2026,cas-multistream,placebo,2026,1120,na,palu,Palu0085,0.5,0,532,30,15822,45.88136865126957,0.0,0.0
E1,q2_x3_resunet_cas-multistream_seed2026,cas-multistream,placebo,2026,1120,na,palu,Palu0086,0.5,0,517,38,15829,50.240058206929085,0.0,0.0
E1,q2_x3_resunet_cas-multistream_seed2026,cas-multistream,placebo,2026,1120,na,palu,Palu0087,0.5,0,296,143,15945,94.2358140391946,0.0,0.0
E1,q2_x3_resunet_cas-multistream_seed2026,cas-multistream,placebo,2026,1120,na,palu,Palu0088,0.5,0,1,112,16271,85.88621454797351,0.0,0.0
E1,q2_x3_resunet_cas-multistream_seed2026,cas-multistream,placebo,2026,1120,na,palu,Palu0089,0.5,0,129,29,16226,117.53807419173293,0.0,0.0
E1,q2_x3_resunet_cas-multistream_seed2026,cas-multistream,placebo,2026,1120,na,palu,Palu0090,0.5,0,0,29,16355,181.01933598375618,0.0,0.0
E1,q2_x3_resunet_cas-multistream_seed2026,cas-multistream,placebo,2026,1120,na,palu,Palu0091,0.5,0,1043,24,15317,129.51548177640308,0.0,0.0
E1,q2_x3_resunet_cas-multistream_seed2026,cas-multistream,placebo,2026,1120,na,palu,Palu0092,0.5,0,0,41,16343,181.01933598375618,0.0,0.0
E1,q2_x3_resunet_cas-multistream_seed2026,cas-multistream,placebo,2026,1120,na,palu,Palu0093,0.5,0,4,30,16350,92.4183076953273,0.0,0.0
E1,q2_x3_resunet_cas-multistream_seed2026,cas-multistream,placebo,2026,1120,na,palu,Palu0094,0.5,0,1522,44,14818,45.39548276845236,0.0,0.0
E1,q2_x3_resunet_cas-multistream_seed2026,cas-multistream,placebo,2026,1120,na,palu,Palu0095,0.5,0,520,154,15710,97.4994809662387,0.0,0.0
E1,q2_x3_resunet_cas-multistream_seed2026,cas-multistream,placebo,2026,1120,na,palu,Palu0096,0.5,0,0,123,16261,181.01933598375618,0.0,0.0
E1,q2_x3_resunet_cas-multistream_seed2026,cas-multistream,placebo,2026,1120,na,palu,Palu0097,0.5,0,0,411,15973,181.01933598375618,0.0,0.0
E1,q2_x3_resunet_cas-multistream_seed2026,cas-multistream,placebo,2026,1120,na,palu,Palu0098,0.5,0,420,411,15553,66.83971680602434,0.0,0.0
E1,q2_x3_resunet_cas-multistream_seed2026,cas-multistream,placebo,2026,1120,na,palu,Palu0104,0.5,0,276,382,15726,137.39359287987344,0.0,0.0
E1,q2_x3_resunet_cas-multistream_seed2026,cas-multistream,placebo,2026,1120,na,palu,Palu0105,0.5,0,0,382,16002,181.01933598375618,0.0,0.0
E1,q2_x3_resunet_cas-multistream_seed2026,cas-multistream,placebo,2026,1120,na,palu,Palu0106,0.5,0,5,37,16342,124.98549148009957,0.0,0.0
E1,q2_x3_resunet_cas-multistream_seed2026,cas-multistream,placebo,2026,1120,na,palu,Palu0107,0.5,0,0,157,16227,181.01933598375618,0.0,0.0
E1,q2_x3_resunet_cas-multistream_seed2026,cas-multistream,placebo,2026,1120,na,palu,Palu0108,0.5,0,0,120,16264,181.01933598375618,0.0,0.0
E1,q2_x3_resunet_cas-multistream_seed2026,cas-multistream,placebo,2026,1120,na,palu,Palu0110,0.5,0,935,53,15396,65.1266762021509,0.0,0.0
E1,q2_x3_resunet_cas-multistream_seed2026,cas-multistream,placebo,2026,1120,na,palu,Palu0111,0.5,0,958,157,15269,108.43430298873594,0.0,0.0
E1,q2_x3_resunet_cas-multistream_seed2026,cas-multistream,placebo,2026,1120,na,palu,Palu0112,0.5,0,431,120,15833,70.79088380420248,0.0,0.0
E1,q2_x3_resunet_cas-multistream_seed2026,cas-multistream,placebo,2026,1120,na,palu,Palu0113,0.5,0,0,30,16354,181.01933598375618,0.0,0.0
E1,q2_x3_resunet_cas-multistream_seed2026,cas-multistream,placebo,2026,1120,na,palu,Palu0114,0.5,0,0,32,16352,181.01933598375618,0.0,0.0
E1,q2_x3_resunet_cas-multistream_seed2026,cas-multistream,placebo,2026,1120,na,palu,Palu0117,0.5,0,688,67,15629,120.1213833585292,0.0,0.0
E1,q2_x3_resunet_cas-multistream_seed2026,cas-multistream,placebo,2026,1120,na,palu,Palu0118,0.5,61,114,18,16191,116.83616797247676,0.33333333333283766,0.5051926298152561
E1,q2_x3_resunet_cas-multistream_seed2026,cas-multistream,placebo,2026,1120,na,palu,Palu0120,0.5,0,56,30,16298,135.16754968029576,0.0,0.0
E1,q2_x3_resunet_cas-multistream_seed2026,cas-multistream,placebo,2026,1120,na,palu,Palu0121,0.5,0,0,32,16352,181.01933598375618,0.0,0.0
E1,q2_x3_resunet_cas-multistream_seed2026,cas-multistream,placebo,2026,1120,na,palu,Palu0125,0.5,58,825,9,15492,28.513020049626988,0.25417515274917035,0.3432381504562798
E1,q2_x3_resunet_cas-multistream_seed2026,cas-multistream,placebo,2026,1120,na,palu,Palu0126,0.5,52,192,35,16105,120.83190044533663,0.3142935228199794,0.3749180686034471
E1,q2_x3_resunet_cas-multistream_seed2026,cas-multistream,placebo,2026,1120,na,palu,Palu0127,0.5,0,147,34,16203,92.4751188151364,0.0,0.0
E1,q2_x3_resunet_cas-multistream_seed2026,cas-multistream,placebo,2026,1120,na,palu,Palu0130,0.5,15,238,11,16120,66.75851803061705,0.16961789375539324,0.452681388012131
E1,q2_x3_resunet_cas-multistream_seed2026,cas-multistream,placebo,2026,1120,na,palu,Palu0131,0.5,0,2201,18,14165,73.72829684502625,0.0,0.0
E1,q2_x3_resunet_cas-multistream_seed2026,cas-multistream,placebo,2026,1120,na,palu,Palu0132,0.5,0,209,24,16151,120.85913645808921,0.0,0.0
E1,q2_x3_resunet_cas-multistream_seed2026,cas-multistream,placebo,2026,1120,na,palu,Palu0133,0.5,0,1,45,16338,132.29419659273887,0.0,0.0
E1,q2_x3_resunet_cas-multistream_seed2026,cas-multistream,placebo,2026,1120,na,palu,Palu0134,0.5,6,11,23,16344,57.337647082064656,0.39452054794479796,0.4761904761900487
E1,q2_x3_resunet_cas-multistream_seed2026,cas-multistream,placebo,2026,1120,na,palu,Palu0138,0.5,0,505,16,15863,50.2766368440986,0.0,0.0
E1,q2_x3_resunet_cas-multistream_seed2026,cas-multistream,placebo,2026,1120,na,palu,Palu0140,0.5,0,10,54,16320,138.2871613027307,0.0,0.0
E1,q2_x3_resunet_cas-multistream_seed2026,cas-multistream,placebo,2026,1120,na,palu,Palu0141,0.5,180,309,227,15668,60.632000496141075,0.22112571002302464,0.3093967993429554
E1,q2_x3_resunet_cas-multistream_seed2026,cas-multistream,placebo,2026,1120,na,palu,Palu0142,0.5,343,1079,71,14891,22.159624512677205,0.288335517692816,0.5631067961160129
E1,q2_x3_resunet_cas-multistream_seed2026,cas-multistream,placebo,2026,1120,na,palu,Palu0146,0.5,0,1143,33,15208,114.23548523033915,0.0,0.0
E1,q2_x3_resunet_cas-multistream_seed2026,cas-multistream,placebo,2026,1120,na,palu,Palu0147,0.5,0,0,162,16222,181.01933598375618,0.0,0.0
E1,q2_x3_resunet_cas-multistream_seed2026,cas-multistream,placebo,2026,1120,na,palu,Palu0151,0.5,0,649,444,15291,58.060309635430905,0.0,0.0
E1,q2_x3_resunet_cas-multistream_seed2026,cas-multistream,placebo,2026,1120,na,palu,Palu0152,0.5,31,487,430,15436,51.13267306264369,0.09905865314945093,0.10079575596773774
E1,q2_x3_resunet_cas-multistream_seed2026,cas-multistream,placebo,2026,1120,na,palu,Palu0157,0.5,0,0,206,16178,181.01933598375618,0.0,0.0
E1,q2_x3_resunet_cas-multistream_seed2026,cas-multistream,placebo,2026,1120,na,palu,Palu0158,0.5,42,954,151,15237,56.67890325534295,0.08818342151633927,0.18547140649111626
E1,q2_x3_resunet_cas-multistream_seed2026,cas-multistream,placebo,2026,1120,na,palu,Palu0163,0.5,0,24,76,16284,86.04866556055619,0.0,0.0
E1,q2_x3_resunet_cas-multistream_seed2026,cas-multistream,placebo,2026,1120,na,palu,Palu0167,0.5,0,131,49,16204,84.85988431921939,0.0,0.0
E1,q2_x3_resunet_cas-multistream_seed2026,cas-multistream,placebo,2026,1120,na,palu,Palu0168,0.5,0,0,65,16319,181.01933598375618,0.0,0.0
E1,q2_x3_resunet_cas-multistream_seed2026,cas-multistream,placebo,2026,1120,na,palu,Palu0172,0.5,0,620,20,15744,81.64891416789438,0.0,0.0
E1,q2_x3_resunet_cas-multistream_seed2026,cas-multistream,placebo,2026,1120,na,palu,Palu0175,0.5,0,53,29,16302,67.24432430049562,0.0,0.0
E1,q2_x3_resunet_cas-multistream_seed2026,cas-multistream,placebo,2026,1120,na,palu,Palu0176,0.5,6,1384,24,14970,53.406918761834284,0.06481481481454325,0.11155378486015557
E1,q2_x3_resunet_cas-multistream_seed2026,cas-multistream,placebo,2026,1120,na,palu,Palu0177,0.5,0,741,42,15601,51.00245074485685,0.0,0.0
E1,q2_x3_resunet_cas-multistream_seed2026,cas-multistream,placebo,2026,1120,na,palu,Palu0178,0.5,0,0,35,16349,181.01933598375618,0.0,0.0
E1,q2_x3_resunet_cas-multistream_seed2026,cas-multistream,placebo,2026,1120,na,palu,Palu0181,0.5,2,1909,23,14450,63.50590523722971,0.05375139977593012,0.08590308370030761
E1,q2_x3_resunet_cas-multistream_seed2026,cas-multistream,placebo,2026,1120,na,palu,Palu0182,0.5,25,2218,11,14130,50.314988143086545,0.19047619047591727,0.26493323963430004
E1,q2_x3_resunet_cas-multistream_seed2026,cas-multistream,placebo,2026,1120,na,palu,Palu0183,0.5,0,1289,21,15074,77.23211350297717,0.0,0.0
E1,q2_x3_resunet_cas-multistream_seed2026,cas-multistream,placebo,2026,1120,na,palu,Palu0184,0.5,0,4132,188,12064,106.59031428428861,0.0,0.0
E1,q2_x3_resunet_cas-multistream_seed2026,cas-multistream,placebo,2026,1120,na,palu,Palu0185,0.5,0,352,754,15278,50.28916384272063,0.0,0.0
E1,q2_x3_resunet_cas-multistream_seed2026,cas-multistream,placebo,2026,1120,na,palu,Palu0186,0.5,0,0,566,15818,181.01933598375618,0.0,0.0
E1,q2_x3_resunet_cas-multistream_seed2026,cas-multistream,placebo,2026,1120,na,palu,Palu0194,0.5,0,664,26,15694,64.29786611603717,0.0,0.0
E1,q2_x3_resunet_cas-multistream_seed2026,cas-multistream,placebo,2026,1120,na,palu,Palu0195,0.5,7,2109,20,14248,46.59658443476215,0.0,0.0
E1,q2_x3_resunet_cas-multistream_seed2026,cas-multistream,placebo,2026,1120,na,palu,Palu0196,0.5,27,2710,10,13637,52.84250736922536,0.0,0.0
E1,q2_x3_resunet_cas-multistream_seed2026,cas-multistream,placebo,2026,1120,na,palu,Palu0197,0.5,0,0,30,16354,181.01933598375618,0.0,0.0
E1,q2_x3_resunet_cas-multistream_seed2026,cas-multistream,placebo,2026,1120,na,palu,Palu0200,0.5,2,2224,23,14135,71.11258679024411,0.03906522497371047,0.040234702430766295
E1,q2_x3_resunet_cas-multistream_seed2026,cas-multistream,placebo,2026,1120,na,palu,Palu0201,0.5,0,2421,42,13921,63.23346252726238,0.0,0.0
E1,q2_x3_resunet_cas-multistream_seed2026,cas-multistream,placebo,2026,1120,na,palu,Palu0202,0.5,4,1963,23,14394,50.404009105238124,0.06974716652115238,0.1006711409393409
E1,q2_x3_resunet_cas-multistream_seed2026,cas-multistream,placebo,2026,1120,na,palu,Palu0203,0.5,0,2862,408,13114,82.36837090266451,0.0,0.0
E1,q2_x3_resunet_cas-multistream_seed2026,cas-multistream,placebo,2026,1120,na,palu,Palu0204,0.5,420,910,677,14377,22.805700093887147,0.08664671511992231,0.18765432098716106
E1,q2_x3_resunet_cas-multistream_seed2026,cas-multistream,placebo,2026,1120,na,palu,Palu0205,0.5,0,0,689,15695,181.01933598375618,0.0,0.0
E1,q2_x3_resunet_cas-multistream_seed2026,cas-multistream,placebo,2026,1120,na,palu,Palu0206,0.5,0,2257,208,13919,64.02371035954664,0.0,0.013392857142503042
E1,q2_x3_resunet_cas-multistream_seed2026,cas-multistream,placebo,2026,1120,na,palu,Palu0207,0.5,73,2784,135,13392,51.62363799656123,0.09282572425260549,0.1906137184112057
E1,q2_x3_resunet_cas-multistream_seed2026,cas-multistream,placebo,2026,1120,na,palu,Palu0210,0.5,0,0,17,16367,181.01933598375618,0.0,0.0
E1,q2_x3_resunet_cas-multistream_seed2026,cas-multistream,placebo,2026,1120,na,palu,Palu0211,0.5,0,0,23,16361,181.01933598375618,0.0,0.0
E1,q2_x3_resunet_cas-multistream_seed2026,cas-multistream,placebo,2026,1120,na,palu,Palu0212,0.5,0,1083,33,15268,57.42604705407076,0.0,0.0
E1,q2_x3_resunet_cas-multistream_seed2026,cas-multistream,placebo,2026,1120,na,palu,Palu0213,0.5,20,2120,7,14237,49.49747468305833,0.0604229607249107,0.11779554059719032
E1,q2_x3_resunet_cas-multistream_seed2026,cas-multistream,placebo,2026,1120,na,palu,Palu0215,0.5,0,4,22,16358,75.17745604225988,0.0,0.0
E1,q2_x3_resunet_cas-multistream_seed2026,cas-multistream,placebo,2026,1120,na,palu,Palu0216,0.5,9,981,12,15382,44.77722635447622,0.15285599356376706,0.17538614848011522
E1,q2_x3_resunet_cas-multistream_seed2026,cas-multistream,placebo,2026,1120,na,palu,Palu0217,0.5,11,734,26,15613,45.40619193642344,0.110769230769029,0.11260053619285078
E1,q2_x3_resunet_cas-multistream_seed2026,cas-multistream,placebo,2026,1120,na,palu,Palu0219,0.5,0,3004,19,13361,87.44217225751409,0.0,0.0
E1,q2_x3_resunet_cas-multistream_seed2026,cas-multistream,placebo,2026,1120,na,palu,Palu0220,0.5,0,3105,19,13260,64.4437739428721,0.0,0.006249999999888301
E1,q2_x3_resunet_cas-multistream_seed2026,cas-multistream,placebo,2026,1120,na,palu,Palu0221,0.5,0,2303,220,13861,84.59521258353028,0.0,0.0
E1,q2_x3_resunet_cas-multistream_seed2026,cas-multistream,placebo,2026,1120,na,palu,Palu0222,0.5,0,3371,343,12670,96.08276116545605,0.0,0.0
E1,q2_x3_resunet_cas-multistream_seed2026,cas-multistream,placebo,2026,1120,na,palu,Palu0223,0.5,0,0,123,16261,181.01933598375618,0.0,0.0
E1,q2_x3_resunet_cas-multistream_seed2026,cas-multistream,placebo,2026,1120,na,palu,Palu0224,0.5,0,914,203,15267,61.63439618473893,0.0,0.0
E1,q2_x3_resunet_cas-multistream_seed2026,cas-multistream,placebo,2026,1120,na,palu,Palu0225,0.5,0,1199,203,14982,51.365310062761026,0.0,0.0
E1,q2_x3_resunet_cas-multistream_seed2026,cas-multistream,placebo,2026,1120,na,palu,Palu0226,0.5,0,0,17,16367,181.01933598375618,0.0,0.0
E1,q2_x3_resunet_cas-multistream_seed2026,cas-multistream,placebo,2026,1120,na,palu,Palu0227,0.5,0,61,17,16306,75.46575576078723,0.0,0.0
E1,q2_x3_resunet_cas-multistream_seed2026,cas-multistream,placebo,2026,1120,na,palu,Palu0228,0.5,0,454,36,15894,66.46130967958743,0.007722007721919351,0.007968127490008477
E1,q2_x3_resunet_cas-multistream_seed2026,cas-multistream,placebo,2026,1120,na,palu,Palu0229,0.5,13,2375,29,13967,38.88246155023765,0.0,0.04539722572473152
E1,q2_x3_resunet_cas-multistream_seed2026,cas-multistream,placebo,2026,1120,na,palu,Palu0231,0.5,0,1853,55,14476,69.13389385325593,0.0,0.0
E1,q2_x3_resunet_cas-multistream_seed2026,cas-multistream,placebo,2026,1120,na,palu,Palu0232,0.5,0,0,72,16312,181.01933598375618,0.0,0.0
E1,q2_x3_resunet_cas-multistream_seed2026,cas-multistream,placebo,2026,1120,na,palu,Palu0233,0.5,21,1331,16,15016,50.38059649899798,0.03301237964210714,0.14602639707923842
E1,q2_x3_resunet_cas-multistream_seed2026,cas-multistream,placebo,2026,1120,na,palu,Palu0235,0.5,16,3486,22,12860,52.354560450833695,0.00499999999982805,0.04376367614846717
E1,q2_x3_resunet_cas-multistream_seed2026,cas-multistream,placebo,2026,1120,na,palu,Palu0236,0.5,13,1773,29,14569,26.38071968664376,0.0,0.0
E1,q2_x3_resunet_cas-multistream_seed2026,cas-multistream,placebo,2026,1120,na,palu,Palu0238,0.5,0,0,445,15939,181.01933598375618,0.0,0.0
E1,q2_x3_resunet_cas-multistream_seed2026,cas-multistream,placebo,2026,1120,na,palu,Palu0239,0.5,0,149,1712,14523,67.86789894508553,0.0,0.0
E1,q2_x3_resunet_cas-multistream_seed2026,cas-multistream,placebo,2026,1120,na,palu,Palu0240,0.5,0,4002,1430,10952,77.6862128930478,0.0,0.0
E1,q2_x3_resunet_cas-multistream_seed2026,cas-multistream,placebo,2026,1120,na,palu,Palu0241,0.5,0,2866,163,13355,114.29797075135782,0.0,0.0
E1,q2_x3_resunet_cas-multistream_seed2026,cas-multistream,placebo,2026,1120,na,palu,Palu0243,0.5,0,635,16,15733,50.53414521309925,0.0,0.0
E1,q2_x3_resunet_cas-multistream_seed2026,cas-multistream,placebo,2026,1120,na,palu,Palu0250,0.5,0,993,78,15313,42.31451059067352,0.0,0.0
E1,q2_x3_resunet_cas-multistream_seed2026,cas-multistream,placebo,2026,1120,na,palu,Palu0251,0.5,18,588,66,15712,46.386651943090136,0.13977389516917224,0.21982259930534373
E1,q2_x3_resunet_cas-multistream_seed2026,cas-multistream,placebo,2026,1120,na,palu,Palu0253,0.5,110,2348,57,13869,57.99091257269887,0.2461724415790139,0.3018325547966342
E1,q2_x3_resunet_cas-multistream_seed2026,cas-multistream,placebo,2026,1120,na,palu,Palu0254,0.5,0,1664,142,14578,70.08065054660386,0.0,0.0
E1,q2_x3_resunet_cas-multistream_seed2026,cas-multistream,placebo,2026,1120,na,palu,Palu0255,0.5,279,2404,606,13095,71.6519055305735,0.07660738714062297,0.10670314637454911
E1,q2_x3_resunet_cas-multistream_seed2026,cas-multistream,placebo,2026,1120,na,palu,Palu0256,0.5,278,304,2816,12986,59.675749306985566,0.11591003173681938,0.1990379830813057
E1,q2_x3_resunet_cas-multistream_seed2026,cas-multistream,placebo,2026,1120,na,palu,Palu0257,0.5,0,315,2977,13092,119.0722424131193,0.0,0.0
E1,q2_x3_resunet_cas-multistream_seed2026,cas-multistream,placebo,2026,1120,na,palu,Palu0258,0.5,0,1192,768,14424,100.2040684703136,0.0,0.0
E1,q2_x3_resunet_cas-multistream_seed2026,cas-multistream,placebo,2026,1120,na,palu,Palu0259,0.5,0,1992,16,14376,107.65464467307035,0.0,0.0
E1,q2_x3_resunet_cas-multistream_seed2026,cas-multistream,placebo,2026,1120,na,palu,Palu0260,0.5,0,0,23,16361,181.01933598375618,0.0,0.0
E1,q2_x3_resunet_cas-multistream_seed2026,cas-multistream,placebo,2026,1120,na,palu,Palu0263,0.5,0,541,27,15816,57.81540008248429,0.0,0.0
E1,q2_x3_resunet_cas-multistream_seed2026,cas-multistream,placebo,2026,1120,na,palu,Palu0267,0.5,0,1863,36,14485,46.64600680498562,0.0,0.0
E1,q2_x3_resunet_cas-multistream_seed2026,cas-multistream,placebo,2026,1120,na,palu,Palu0268,0.5,0,1317,63,15004,63.60031446463138,0.0,0.0
E1,q2_x3_resunet_cas-multistream_seed2026,cas-multistream,placebo,2026,1120,na,palu,Palu0269,0.5,0,377,61,15946,50.92150822589606,0.0,0.0
E1,q2_x3_resunet_cas-multistream_seed2026,cas-multistream,placebo,2026,1120,na,palu,Palu0270,0.5,0,2935,138,13311,73.53910524340094,0.0,0.0
E1,q2_x3_resunet_cas-multistream_seed2026,cas-multistream,placebo,2026,1120,na,palu,Palu0271,0.5,0,1172,138,15074,80.99620844053474,0.0,0.0
E1,q2_x3_resunet_cas-multistream_seed2026,cas-multistream,placebo,2026,1120,na,palu,Palu0272,0.5,0,0,440,15944,181.01933598375618,0.0,0.0
E1,q2_x3_resunet_cas-multistream_seed2026,cas-multistream,placebo,2026,1120,na,palu,Palu0273,0.5,0,788,1382,14214,71.12207456127204,0.0,0.00449943756999025
E1,q2_x3_resunet_cas-multistream_seed2026,cas-multistream,placebo,2026,1120,na,palu,Palu0274,0.5,37,406,1510,14431,43.952324325003076,0.0,0.0
E1,q2_x3_resunet_cas-multistream_seed2026,cas-multistream,placebo,2026,1120,na,palu,Palu0275,0.5,0,0,605,15779,181.01933598375618,0.0,0.0
E1,q2_x3_resunet_cas-multistream_seed2026,cas-multistream,placebo,2026,1120,na,palu,Palu0279,0.5,0,360,52,15972,50.5682589626692,0.0,0.0
E1,q2_x3_resunet_cas-multistream_seed2026,cas-multistream,placebo,2026,1120,na,palu,Palu0280,0.5,0,122,106,16156,75.88879707729802,0.0,0.0
E1,q2_x3_resunet_cas-multistream_seed2026,cas-multistream,placebo,2026,1120,na,palu,Palu0281,0.5,0,1110,67,15207,52.23827361336393,0.0,0.0
E1,q2_x3_resunet_cas-multistream_seed2026,cas-multistream,placebo,2026,1120,na,palu,Palu0284,0.5,0,562,56,15766,72.30252649540103,0.0,0.03597122302108275
E1,q2_x3_resunet_cas-multistream_seed2026,cas-multistream,placebo,2026,1120,na,palu,Palu0285,0.5,46,2439,47,13852,38.02893144285021,0.005509641872897116,0.062305295949668375
E1,q2_x3_resunet_cas-multistream_seed2026,cas-multistream,placebo,2026,1120,na,palu,Palu0286,0.5,0,1296,104,14984,64.27129810691993,0.0,0.0
E1,q2_x3_resunet_cas-multistream_seed2026,cas-multistream,placebo,2026,1120,na,palu,Palu0287,0.5,20,576,226,15562,39.935752149023386,0.06431852986175202,0.1354042214253798
E1,q2_x3_resunet_cas-multistream_seed2026,cas-multistream,placebo,2026,1120,na,palu,Palu0288,0.5,31,985,148,15220,57.60330849091526,0.053611317944405795,0.11647792928075786
E1,q2_x3_resunet_cas-multistream_seed2026,cas-multistream,placebo,2026,1120,na,palu,Palu0289,0.5,0,2701,50,13633,53.80612979347998,0.0,0.0
E1,q2_x3_resunet_cas-multistream_seed2026,cas-multistream,placebo,2026,1120,na,palu,Palu0290,0.5,10,1264,17,15093,48.6332448671263,0.10802388989852842,0.11984635083204842
E1,q2_x3_resunet_cas-multistream_seed2026,cas-multistream,placebo,2026,1120,na,palu,Palu0291,0.5,0,2178,18,14188,70.85478034957224,0.0,0.0
E1,q2_x3_resunet_cas-multistream_seed2026,cas-multistream,placebo,2026,1120,na,palu,Palu0293,0.5,0,673,41,15670,49.03060268852505,0.0,0.0
E1,q2_x3_resunet_cas-multistream_seed2026,cas-multistream,placebo,2026,1120,na,palu,Palu0294,0.5,25,1773,99,14487,46.30767043957475,0.11396368190312448,0.1709401709397157
E1,q2_x3_resunet_cas-multistream_seed2026,cas-multistream,placebo,2026,1120,na,palu,Palu0295,0.5,47,1464,131,14742,39.74064154545587,0.08391608391561219,0.1412406046084538
E1,q2_x3_resunet_cas-multistream_seed2026,cas-multistream,placebo,2026,1120,na,palu,Palu0296,0.5,0,1123,177,15084,57.286556597788454,0.0,0.0
E1,q2_x3_resunet_cas-multistream_seed2026,cas-multistream,placebo,2026,1120,na,palu,Palu0297,0.5,275,1103,115,14891,46.677616582873284,0.334823222177084,0.5740353768720905
E1,q2_x3_resunet_cas-multistream_seed2026,cas-multistream,placebo,2026,1120,na,palu,Palu0298,0.5,29,477,184,15694,40.627303500892474,0.203123797798993,0.27879190175855156
E1,q2_x3_resunet_cas-multistream_seed2026,cas-multistream,placebo,2026,1120,na,palu,Palu0299,0.5,27,1172,43,15142,47.95654674126769,0.12698412698379946,0.20041753653410682
E1,q2_x3_resunet_cas-multistream_seed2026,cas-multistream,placebo,2026,1120,na,palu,Palu0300,0.5,52,4147,39,12146,37.65302068800345,0.09396471680565281,0.21001403837122268
E1,q2_x3_resunet_cas-multistream_seed2026,cas-multistream,placebo,2026,1120,na,palu,Palu0301,0.5,0,1263,21,15100,81.0,0.0,0.0
E1,q2_x3_resunet_cas-multistream_seed2026,cas-multistream,placebo,2026,1120,na,palu,Palu0302,0.5,4,2635,14,13731,46.09609473339742,0.0,0.023121387283107888
E1,q2_x3_resunet_cas-multistream_seed2026,cas-multistream,placebo,2026,1120,na,palu,Palu0303,0.5,6,2795,62,13521,33.90635336225937,0.0,0.0
E1,q2_x3_resunet_cas-multistream_seed2026,cas-multistream,placebo,2026,1120,na,palu,Palu0304,0.5,3,759,127,15495,74.60936456378732,0.03789473684162786,0.0798362333669624
E1,q2_x3_resunet_cas-multistream_seed2026,cas-multistream,placebo,2026,1120,na,palu,Palu0305,0.5,0,172,174,16038,63.57763919185647,0.0,0.0
E1,q2_x3_resunet_cas-multistream_seed2026,cas-multistream,placebo,2026,1120,na,palu,Palu0306,0.5,0,1057,212,15115,77.50480959091797,0.0,0.0
E1,q2_x3_resunet_cas-multistream_seed2026,cas-multistream,placebo,2026,1120,na,palu,Palu0307,0.5,0,1291,215,14878,56.628133342080545,0.0,0.0
E1,q2_x3_resunet_cas-multistream_seed2026,cas-multistream,placebo,2026,1120,na,palu,Palu0309,0.5,0,1263,79,15042,75.74422951639838,0.0,0.0
E1,q2_x3_resunet_cas-multistream_seed2026,cas-multistream,placebo,2026,1120,na,palu,Palu0310,0.5,0,1030,212,15142,50.02582902688166,0.0,0.0
E1,q2_x3_resunet_cas-multistream_seed2026,cas-multistream,placebo,2026,1120,na,palu,Palu0311,0.5,0,400,133,15851,69.12307736879667,0.0,0.0
E1,q2_x3_resunet_cas-multistream_seed2026,cas-multistream,placebo,2026,1120,na,palu,Palu0312,0.5,0,1358,27,14999,59.518891066740366,0.0,0.0
E1,q2_x3_resunet_cas-multistream_seed2026,cas-multistream,placebo,2026,1120,na,palu,Palu0313,0.5,20,86,74,16204,51.59649825416862,0.2644478063535092,0.2711464780425305
E1,q2_x3_resunet_cas-multistream_seed2026,cas-multistream,placebo,2026,1120,na,palu,Palu0314,0.5,24,1547,231,14582,41.80596438373979,0.1519018811630304,0.22179168353430453
E1,q2_x3_resunet_cas-multistream_seed2026,cas-multistream,placebo,2026,1120,na,palu,Palu0315,0.5,39,2405,149,13791,52.839379254491625,0.06266559152127577,0.11496531218985502
E1,q2_x3_resunet_cas-multistream_seed2026,cas-multistream,placebo,2026,1120,na,palu,Palu0316,0.5,2,1786,65,14531,70.0957978918685,0.05157962604737247,0.07326646314838806
E1,q2_x3_resunet_cas-multistream_seed2026,cas-multistream,placebo,2026,1120,na,palu,Palu0317,0.5,55,1851,75,14403,40.731831481888946,0.15999999999952777,0.26689094477106945
E1,q2_x3_resunet_cas-multistream_seed2026,cas-multistream,placebo,2026,1120,na,palu,Palu0318,0.5,25,2063,121,14175,46.60095288051046,0.11506904142439399,0.18218623481732163
E1,q2_x3_resunet_cas-multistream_seed2026,cas-multistream,placebo,2026,1120,na,palu,Palu0319,0.5,43,764,114,15463,54.510539071155264,0.15598227474100668,0.26026805015083027
E1,q2_x3_resunet_cas-multistream_seed2026,cas-multistream,placebo,2026,1120,na,palu,Palu0320,0.5,0,0,114,16270,181.01933598375618,0.0,0.0
E1,q2_x3_resunet_cas-multistream_seed2026,cas-multistream,placebo,2026,1120,na,palu,Palu0321,0.5,183,2626,138,13437,52.28952655747129,0.0711864406775247,0.11598746081462381
E1,q2_x3_resunet_cas-multistream_seed2026,cas-multistream,placebo,2026,1120,na,palu,Palu0322,0.5,105,582,219,15478,30.60227770343663,0.17985012489547308,0.3826593480447868
E1,q2_x3_resunet_cas-multistream_seed2026,cas-multistream,placebo,2026,1120,na,palu,Palu0325,0.5,0,1057,27,15300,27.845847763945894,0.017241379310139155,0.05111821086216782
E1,q2_x3_resunet_cas-multistream_seed2026,cas-multistream,placebo,2026,1120,na,palu,Palu0326,0.5,0,721,192,15471,59.77243683746299,0.0,0.0
E1,q2_x3_resunet_cas-multistream_seed2026,cas-multistream,placebo,2026,1120,na,palu,Palu0327,0.5,76,230,281,15797,47.320376377681285,0.21071115013128738,0.3221199619164769
E1,q2_x3_resunet_cas-multistream_seed2026,cas-multistream,placebo,2026,1120,na,palu,Palu0328,0.5,35,2116,162,14071,40.61771939505404,0.15734195112052132,0.1881718855263336
E1,q2_x3_resunet_cas-multistream_seed2026,cas-multistream,placebo,2026,1120,na,palu,Palu0329,0.5,129,2564,130,13561,41.04753325892946,0.18501387604029454,0.29528158295239965
E1,q2_x3_resunet_cas-multistream_seed2026,cas-multistream,placebo,2026,1120,na,palu,Palu0330,0.5,11,1178,240,14955,54.28060328736784,0.016393442622475916,0.04739336492846342
E1,q2_x3_resunet_cas-multistream_seed2026,cas-multistream,placebo,2026,1120,na,palu,Palu0331,0.5,0,2880,70,13434,62.02185943105883,0.0,0.0
E1,q2_x3_resunet_cas-multistream_seed2026,cas-multistream,placebo,2026,1120,na,palu,Palu0332,0.5,65,3705,81,12533,38.638711055669944,0.11349957007698797,0.22592200880168453
E1,q2_x3_resunet_cas-multistream_seed2026,cas-multistream,placebo,2026,1120,na,palu,Palu0333,0.5,76,3166,86,13056,35.35675270765642,0.07093613933192099,0.2540816326526132
E1,q2_x3_resunet_cas-multistream_seed2026,cas-multistream,placebo,2026,1120,na,palu,Palu0334,0.5,45,3544,135,12660,49.31854372690098,0.08506555804237319,0.1545363908270238
E1,q2_x3_resunet_cas-multistream_seed2026,cas-multistream,placebo,2026,1120,na,palu,Palu0335,0.5,12,1114,113,15145,57.81132833463218,0.06756756756708183,0.13513513513464942
E1,q2_x3_resunet_cas-multistream_seed2026,cas-multistream,placebo,2026,1120,na,palu,Palu0336,0.5,0,856,28,15500,60.8276253029822,0.0,0.0
E1,q2_x3_resunet_cas-multistream_seed2026,cas-multistream,placebo,2026,1120,na,palu,Palu0337,0.5,0,2164,109,14111,82.10054252018895,0.0,0.0
E1,q2_x3_resunet_cas-multistream_seed2026,cas-multistream,placebo,2026,1120,na,palu,Palu0338,0.5,0,749,164,15471,64.05248140915461,0.0,0.0
E1,q2_x3_resunet_cas-multistream_seed2026,cas-multistream,placebo,2026,1120,na,palu,Palu0339,0.5,34,2262,25,14063,51.13608330413402,0.08427100790009731,0.18729661323335242
E1,q2_x3_resunet_cas-multistream_seed2026,cas-multistream,placebo,2026,1120,na,palu,Palu0342,0.5,3,918,179,15284,64.56777156111487,0.033167495853625405,0.03787878787843663
E1,q2_x3_resunet_cas-multistream_seed2026,cas-multistream,placebo,2026,1120,na,palu,Palu0343,0.5,27,655,347,15355,39.39652313431961,0.10004451368747648,0.15103954341578021
E1,q2_x3_resunet_cas-multistream_seed2026,cas-multistream,placebo,2026,1120,na,palu,Palu0344,0.5,23,595,183,15583,40.496913462633174,0.13172894236809307,0.195525632933098
E1,q2_x3_resunet_cas-multistream_seed2026,cas-multistream,placebo,2026,1120,na,palu,Palu0345,0.5,68,1669,104,14543,47.843779963612484,0.17046834487472193,0.2615734347443421
E1,q2_x3_resunet_cas-multistream_seed2026,cas-multistream,placebo,2026,1120,na,palu,Palu0346,0.5,0,1030,180,15174,53.480727394305966,0.00882352941136862,0.010778443113575443
E1,q2_x3_resunet_cas-multistream_seed2026,cas-multistream,placebo,2026,1120,na,palu,Palu0347,0.5,0,1235,29,15120,59.143917830722195,0.0,0.0
E1,q2_x3_resunet_cas-multistream_seed2026,cas-multistream,placebo,2026,1120,na,palu,Palu0348,0.5,0,1837,61,14486,46.24472874516947,0.0,0.0
E1,q2_x3_resunet_cas-multistream_seed2026,cas-multistream,placebo,2026,1120,na,palu,Palu0349,0.5,0,137,73,16174,72.45335180939959,0.0693240901208523,0.1434392828031337
E1,q2_x3_resunet_cas-multistream_seed2026,cas-multistream,placebo,2026,1120,na,palu,Palu0350,0.5,17,3364,107,12896,37.11731916047991,0.017777777777380533,0.04188481675343669
E1,q2_x3_resunet_cas-multistream_seed2026,cas-multistream,placebo,2026,1120,na,palu,Palu0351,0.5,21,1164,110,15089,60.852885920960986,0.026408450703732312,0.08733401429983344
E1,q2_x3_resunet_cas-multistream_seed2026,cas-multistream,placebo,2026,1120,na,palu,Palu0352,0.5,0,0,90,16294,181.01933598375618,0.0,0.0
E1,q2_x3_resunet_cas-multistream_seed2026,cas-multistream,placebo,2026,1120,na,palu,Palu0353,0.5,0,747,55,15582,69.30547916978033,0.0,0.0
E1,q2_x3_resunet_cas-multistream_seed2026,cas-multistream,placebo,2026,1120,na,palu,Palu0354,0.5,6,1645,53,14680,53.0,0.08139534883696087,0.11678832116758485
E1,q2_x3_resunet_cas-multistream_seed2026,cas-multistream,placebo,2026,1120,na,palu,Palu0357,0.5,0,1328,21,15035,81.39410298049853,0.0,0.0
E1,q2_x3_resunet_cas-multistream_seed2026,cas-multistream,placebo,2026,1120,na,palu,Palu0359,0.5,0,983,52,15349,61.88155497560366,0.0,0.0
E1,q2_x3_resunet_cas-multistream_seed2026,cas-multistream,placebo,2026,1120,na,palu,Palu0360,0.5,24,265,60,16035,85.88853532489864,0.19619116061757003,0.2657086503235378
E1,q2_x3_resunet_cas-multistream_seed2026,cas-multistream,placebo,2026,1120,na,palu,Palu0361,0.5,50,691,74,15569,20.885191228010882,0.25386457652904876,0.4632683658166174
E1,q2_x3_resunet_cas-multistream_seed2026,cas-multistream,placebo,2026,1120,na,palu,Palu0362,0.5,0,357,105,15922,56.249343013727106,0.0,0.0
E1,q2_x3_resunet_cas-multistream_seed2026,cas-multistream,placebo,2026,1120,na,palu,Palu0363,0.5,5,22,28,16329,79.07821654793891,0.3104838709673495,0.4651162790694105
E1,q2_x3_resunet_cas-multistream_seed2026,cas-multistream,placebo,2026,1120,na,palu,Palu0364,0.5,0,10,29,16345,68.96655281413322,0.0,0.0
E1,q2_x3_resunet_cas-multistream_seed2026,cas-multistream,placebo,2026,1120,na,palu,Palu0365,0.5,0,939,24,15421,55.068135677957564,0.0,0.0
E1,q2_x3_resunet_cas-multistream_seed2026,cas-multistream,placebo,2026,1120,na,palu,Palu0366,0.5,0,0,68,16316,181.01933598375618,0.0,0.0
E1,q2_x3_resunet_cas-multistream_seed2026,cas-multistream,placebo,2026,1120,na,palu,Palu0367,0.5,0,1145,102,15137,55.55691028224667,0.0,0.09536512170674839
E1,q2_x3_resunet_cas-multistream_seed2026,cas-multistream,placebo,2026,1120,na,palu,Palu0368,0.5,0,0,102,16282,181.01933598375618,0.0,0.0
E1,q2_x3_resunet_cas-multistream_seed2026,cas-multistream,placebo,2026,1120,na,palu,Palu0370,0.5,25,1479,11,14869,17.46424919657298,0.04562737642567127,0.09454545454521113
E1,q2_x3_resunet_cas-multistream_seed2026,cas-multistream,placebo,2026,1120,na,palu,Palu0371,0.5,3,1346,37,14998,44.63545273960867,0.0,0.022883295194011593
E1,q2_x3_resunet_cas-multistream_seed2026,cas-multistream,placebo,2026,1120,na,palu,Palu0372,0.5,11,782,64,15527,48.59263423745499,0.0,0.10404624277408465
E1,q2_x3_resunet_cas-multistream_seed2026,cas-multistream,placebo,2026,1120,na,palu,Palu0373,0.5,12,1438,52,14882,48.57325762959839,0.06617963042514852,0.14413177762485116
E1,q2_x3_resunet_cas-multistream_seed2026,cas-multistream,placebo,2026,1120,na,palu,Palu0374,0.5,8,1106,29,15241,57.30669681979022,0.0,0.0747198007468715
E1,q2_x3_resunet_cas-multistream_seed2026,cas-multistream,placebo,2026,1120,na,palu,Palu0375,0.5,0,1460,29,14895,81.79085079681676,0.0,0.0
E1,q2_x3_resunet_cas-multistream_seed2026,cas-multistream,placebo,2026,1120,na,palu,Palu0377,0.5,0,96,30,16258,57.31113277098799,0.0,0.0
E1,q2_x3_resunet_cas-multistream_seed2026,cas-multistream,placebo,2026,1120,na,palu,Palu0378,0.5,0,0,25,16359,181.01933598375618,0.0,0.0
E1,q2_x3_resunet_cas-multistream_seed2026,cas-multistream,placebo,2026,1120,na,palu,Palu0379,0.5,0,0,45,16339,181.01933598375618,0.0,0.0
E1,q2_x3_resunet_cas-multistream_seed2026,cas-multistream,placebo,2026,1120,na,palu,Palu0380,0.5,0,0,45,16339,181.01933598375618,0.0,0.0
E1,q2_x3_resunet_cas-multistream_seed2026,cas-multistream,placebo,2026,1120,na,palu,Palu0384,0.5,0,1626,36,14722,62.056029261286525,0.0,0.0
E1,q2_x3_resunet_cas-multistream_seed2026,cas-multistream,placebo,2026,1120,na,palu,Palu0385,0.5,2,833,157,15392,64.8240691607812,0.0,0.017857142856709866
E1,q2_x3_resunet_cas-multistream_seed2026,cas-multistream,placebo,2026,1120,na,palu,Palu0386,0.5,45,1179,129,15031,45.257588375379626,0.1708428246008873,0.3196148963177396
E1,q2_x3_resunet_cas-multistream_seed2026,cas-multistream,placebo,2026,1120,na,palu,Palu0387,0.5,0,1083,42,15259,64.56078679265977,0.0,0.0
E1,q2_x3_resunet_cas-multistream_seed2026,cas-multistream,placebo,2026,1120,na,palu,Palu0390,0.5,0,1244,30,15110,37.227925607815195,0.0,0.0
E1,q2_x3_resunet_cas-multistream_seed2026,cas-multistream,placebo,2026,1120,na,palu,Palu0391,0.5,0,127,23,16234,81.59839418478577,0.0,0.0
E1,q2_x3_resunet_cas-multistream_seed2026,cas-multistream,placebo,2026,1120,na,palu,Palu0392,0.5,0,0,87,16297,181.01933598375618,0.0,0.0
E1,q2_x3_resunet_cas-multistream_seed2026,cas-multistream,placebo,2026,1120,na,palu,Palu0393,0.5,0,0,87,16297,181.01933598375618,0.0,0.0
E1,q2_x3_resunet_cas-multistream_seed2026,cas-multistream,placebo,2026,1120,na,palu,Palu0394,0.5,43,1517,0,14824,39.58212896271286,0.004962779156160779,0.09767308244738256
E1,q2_x3_resunet_cas-multistream_seed2026,cas-multistream,placebo,2026,1120,na,palu,Palu0395,0.5,0,3633,43,12708,85.8746100319381,0.0,0.0
E1,q2_x3_resunet_cas-multistream_seed2026,cas-multistream,placebo,2026,1120,na,palu,Palu0400,0.5,0,1309,16,15059,83.20005517008704,0.0,0.0
E1,q2_x3_resunet_cas-multistream_seed2026,cas-multistream,placebo,2026,1120,na,palu,Palu0401,0.5,13,531,230,15610,57.1773535224516,0.010362694300050365,0.07006369426716247
E1,q2_x3_resunet_cas-multistream_seed2026,cas-multistream,placebo,2026,1120,na,palu,Palu0402,0.5,155,1178,233,14818,36.348312978554,0.3044970286843526,0.4711691380271702
E1,q2_x3_resunet_cas-multistream_seed2026,cas-multistream,placebo,2026,1120,na,palu,Palu0403,0.5,7,692,164,15521,51.95026506175423,0.027598896043662724,0.06394884092675938
E1,q2_x3_resunet_cas-multistream_seed2026,cas-multistream,placebo,2026,1120,na,palu,Palu0407,0.5,0,15,58,16311,73.11158652070115,0.0,0.0
E1,q2_x3_resunet_cas-multistream_seed2026,cas-multistream,placebo,2026,1120,na,palu,Palu0408,0.5,0,0,58,16326,181.01933598375618,0.0,0.0
E1,q2_x3_resunet_cas-multistream_seed2026,cas-multistream,placebo,2026,1120,na,palu,Palu0409,0.5,0,287,43,16054,86.41971337957729,0.0,0.0
E1,q2_x3_resunet_cas-multistream_seed2026,cas-multistream,placebo,2026,1120,na,palu,Palu0410,0.5,0,2820,43,13521,111.77656069054864,0.0,0.0
E1,q2_x3_resunet_cas-multistream_seed2026,cas-multistream,placebo,2026,1120,na,palu,Palu0414,0.5,0,941,18,15425,75.19906611768592,0.0,0.0
E1,q2_x3_resunet_cas-multistream_seed2026,cas-multistream,placebo,2026,1120,na,palu,Palu0415,0.5,9,2773,24,13578,55.318935658842314,0.06827309236929407,0.08914728682147374
E1,q2_x3_resunet_cas-multistream_seed2026,cas-multistream,placebo,2026,1120,na,palu,Palu0416,0.5,0,3777,21,12586,80.0056247802906,0.0,0.0
E1,q2_x3_resunet_cas-multistream_seed2026,cas-multistream,placebo,2026,1120,na,palu,Palu0418,0.5,3,1188,58,15135,53.357224142158586,0.0,0.0
E1,q2_x3_resunet_cas-multistream_seed2026,cas-multistream,placebo,2026,1120,na,palu,Palu0419,0.5,47,1211,209,14917,44.61501250642853,0.18934081346373624,0.258580183860586
E1,q2_x3_resunet_cas-multistream_seed2026,cas-multistream,placebo,2026,1120,na,palu,Palu0420,0.5,91,541,245,15507,49.76339265439351,0.2918287937738583,0.44817927170824146
E1,q2_x3_resunet_cas-multistream_seed2026,cas-multistream,placebo,2026,1120,na,palu,Palu0421,0.5,11,899,131,15343,61.40861333731858,0.08025682182939409,0.10413885180190516
E1,q2_x3_resunet_cas-multistream_seed2026,cas-multistream,placebo,2026,1120,na,palu,Palu0424,0.5,0,1481,24,14879,73.77872184683848,0.0,0.0
E1,q2_x3_resunet_cas-multistream_seed2026,cas-multistream,placebo,2026,1120,na,palu,Palu0425,0.5,0,1127,24,15233,61.554853586049575,0.0,0.0
E1,q2_x3_resunet_cas-multistream_seed2026,cas-multistream,placebo,2026,1120,na,palu,Palu0427,0.5,30,1093,41,15220,27.885335771136837,0.0,0.006779661016583648
E1,q2_x3_resunet_cas-multistream_seed2026,cas-multistream,placebo,2026,1120,na,palu,Palu0428,0.5,14,1346,55,14969,42.69363013345429,0.0,0.07582938388581578
E1,q2_x3_resunet_cas-multistream_seed2026,cas-multistream,placebo,2026,1120,na,palu,Palu0431,0.5,14,846,37,15487,68.47514420196676,0.1331096196863021,0.2605956471930853
E1,q2_x3_resunet_cas-multistream_seed2026,cas-multistream,placebo,2026,1120,na,palu,Palu0432,0.5,0,1124,140,15120,56.98387757893388,0.0,0.0
E1,q2_x3_resunet_cas-multistream_seed2026,cas-multistream,placebo,2026,1120,na,palu,Palu0433,0.5,36,927,97,15324,45.0020910557711,0.253551326721583,0.2986111111106165
E1,q2_x3_resunet_cas-multistream_seed2026,cas-multistream,placebo,2026,1120,na,palu,Palu0434,0.5,0,529,41,15814,65.60487786742691,0.0,0.0
E1,q2_x3_resunet_cas-multistream_seed2026,cas-multistream,placebo,2026,1120,na,palu,Palu0439,0.5,1,1264,17,15102,36.498730225482504,0.01007556675058541,0.010191082802525104
E1,q2_x3_resunet_cas-multistream_seed2026,cas-multistream,placebo,2026,1120,na,palu,Palu0442,0.5,0,1433,53,14898,56.44111876126637,0.0,0.0
E1,q2_x3_resunet_cas-multistream_seed2026,cas-multistream,placebo,2026,1120,na,palu,Palu0443,0.5,0,1337,47,15000,68.88671989937922,0.0,0.0
E1,q2_x3_resunet_cas-multistream_seed2026,cas-multistream,placebo,2026,1120,na,palu,Palu0446,0.5,0,2136,18,14230,84.53401682163222,0.0,0.0
E1,q2_x3_resunet_cas-multistream_seed2026,cas-multistream,placebo,2026,1120,na,palu,Palu0447,0.5,0,1311,36,15037,46.355163382796505,0.0,0.0
E1,q2_x3_resunet_cas-multistream_seed2026,cas-multistream,placebo,2026,1120,na,palu,Palu0448,0.5,0,3187,57,13140,63.00793600809346,0.0,0.0
E1,q2_x3_resunet_cas-multistream_seed2026,cas-multistream,placebo,2026,1120,na,palu,Palu0449,0.5,37,1725,30,14592,36.01375735977461,0.05695397915038267,0.19080068143058526
E1,q2_x3_resunet_cas-multistream_seed2026,cas-multistream,placebo,2026,1120,na,palu,Palu0450,0.5,6,3267,22,13089,62.961891954627376,0.0,0.06349206349184178
E1,q2_x3_resunet_cas-multistream_seed2026,cas-multistream,placebo,2026,1120,na,palu,Palu0452,0.5,3,1436,17,14928,41.48423902861081,0.013888888888759644,0.013888888888759644
E1,q2_x3_resunet_cas-multistream_seed2026,cas-multistream,placebo,2026,1120,na,palu,Palu0453,0.5,0,1058,28,15298,36.18767566688919,0.0,0.0
E1,q2_x3_resunet_cas-multistream_seed2026,cas-multistream,placebo,2026,1120,na,palu,Palu0455,0.5,0,2036,33,14315,54.622795651381864,0.0,0.0
E1,q2_x3_resunet_cas-multistream_seed2026,cas-multistream,placebo,2026,1120,na,palu,Palu0456,0.5,0,1360,33,14991,54.722930712929646,0.0,0.0
E1,q2_x3_resunet_cas-multistream_seed2026,cas-multistream,placebo,2026,1120,na,palu,Palu0458,0.5,0,1730,21,14633,65.02305647687976,0.0,0.0
E1,q2_x3_resunet_cas-multistream_seed2026,cas-multistream,placebo,2026,1120,na,palu,Palu0459,0.5,0,0,18,16366,181.01933598375618,0.0,0.0
E1,q2_x3_resunet_cas-multistream_seed2026,cas-multistream,placebo,2026,1120,na,palu,Palu0460,0.5,0,1696,37,14651,89.20425688378619,0.0,0.0
E1,q2_x3_resunet_cas-multistream_seed2026,cas-multistream,placebo,2026,1120,na,palu,Palu0461,0.5,0,705,75,15604,67.56675385823225,0.024291497975292103,0.04639602319752334
E1,q2_x3_resunet_cas-multistream_seed2026,cas-multistream,placebo,2026,1120,na,palu,Palu0462,0.5,0,1189,38,15157,58.886396078222084,0.0,0.0
E1,q2_x3_resunet_cas-multistream_seed2026,cas-multistream,placebo,2026,1120,na,palu,Palu0463,0.5,0,1308,38,15038,75.37835545519435,0.0,0.0
E1,q2_x3_resunet_cas-multistream_seed2026,cas-multistream,placebo,2026,1120,na,palu,Palu0464,0.5,196,2272,0,13916,43.78058000347028,0.0,0.0
E1,q2_x3_resunet_cas-multistream_seed2026,cas-multistream,placebo,2026,1120,na,palu,Palu0465,0.5,0,3094,158,13132,73.00684899377592,0.0,0.0
E1,q2_x3_resunet_cas-multistream_seed2026,cas-multistream,placebo,2026,1120,na,palu,Palu0467,0.5,13,827,52,15492,49.77835507630639,0.08810572687189112,0.16710388247590843
E1,q2_x3_resunet_cas-multistream_seed2026,cas-multistream,placebo,2026,1120,na,palu,Palu0468,0.5,62,1513,48,14761,29.05080709985606,0.15282131661398676,0.3034831460669223
E1,q2_x3_resunet_cas-multistream_seed2026,cas-multistream,placebo,2026,1120,na,palu,Palu0469,0.5,0,2807,47,13530,77.33303325950193,0.0,0.0
E1,q2_x3_resunet_cas-multistream_seed2026,cas-multistream,placebo,2026,1120,na,palu,Palu0474,0.5,11,417,16,15940,38.18503913142333,0.16563146997894887,0.21568627450941466
E1,q2_x3_resunet_cas-multistream_seed2026,cas-multistream,placebo,2026,1120,na,palu,Palu0479,0.5,0,1790,34,14560,70.6030955872314,0.0,0.0
E1,q2_x3_resunet_cas-multistream_seed2026,cas-multistream,placebo,2026,1120,na,palu,Palu0480,0.5,20,1620,20,14724,39.6232255123179,0.09491360428306907,0.12996389891674137
E1,q2_x3_resunet_cas-multistream_seed2026,cas-multistream,placebo,2026,1120,na,palu,Palu0481,0.5,11,3906,91,12376,63.788713735268246,0.07128564282117705,0.10550670985622802
E1,q2_x3_resunet_cas-multistream_seed2026,cas-multistream,placebo,2026,1120,na,palu,Palu0482,0.5,21,3259,104,13000,43.48877338605482,0.0,0.0
E1,q2_x3_resunet_cas-multistream_seed2026,cas-multistream,placebo,2026,1120,na,palu,Palu0483,0.5,0,995,43,15346,68.74767457459309,0.0,0.0
E1,q2_x3_resunet_cas-multistream_seed2026,cas-multistream,placebo,2026,1120,na,palu,Palu0484,0.5,0,362,42,15980,55.03498854999967,0.0,0.0
E1,q2_x3_resunet_cas-multistream_seed2026,cas-multistream,placebo,2026,1120,na,palu,Palu0485,0.5,27,546,62,15749,40.03718982976486,0.2752894909324705,0.2897781551847591
E1,q2_x3_resunet_cas-multistream_seed2026,cas-multistream,placebo,2026,1120,na,palu,Palu0486,0.5,39,1448,8,14889,48.09403236389011,0.08965517241352151,0.26662971175138167
E1,q2_x3_resunet_cas-multistream_seed2026,cas-multistream,placebo,2026,1120,na,palu,Palu0487,0.5,0,1269,38,15077,101.12838350308095,0.0,0.0
E1,q2_x3_resunet_cas-multistream_seed2026,cas-multistream,placebo,2026,1120,na,palu,Palu0488,0.5,0,3242,196,12946,96.56345033014358,0.0,0.0
E1,q2_x3_resunet_cas-multistream_seed2026,cas-multistream,placebo,2026,1120,na,palu,Palu0489,0.5,0,2392,158,13834,83.64926761695683,0.0,0.0
E1,q2_x3_resunet_cas-multistream_seed2026,cas-multistream,placebo,2026,1120,na,palu,Palu0491,0.5,2,756,17,15609,60.349155805766884,0.07299270072947399,0.10570236439449304
E1,q2_x3_resunet_cas-multistream_seed2026,cas-multistream,placebo,2026,1120,na,palu,Palu0492,0.5,0,330,66,15988,65.27785350581172,0.0,0.0
E1,q2_x3_resunet_cas-multistream_seed2026,cas-multistream,placebo,2026,1120,na,palu,Palu0493,0.5,15,1058,84,15227,42.42994142355126,0.01215805471082791,0.08928571428528459
E1,q2_x3_resunet_cas-multistream_seed2026,cas-multistream,placebo,2026,1120,na,palu,Palu0494,0.5,9,1222,46,15107,49.00608652143388,0.06772703950701159,0.16966580976814907
E1,q2_x3_resunet_cas-multistream_seed2026,cas-multistream,placebo,2026,1120,na,palu,Palu0495,0.5,0,1675,39,14670,57.688820407423826,0.0,0.0
E1,q2_x3_resunet_cas-multistream_seed2026,cas-multistream,placebo,2026,1120,na,palu,Palu0496,0.5,14,1026,11,15333,38.20409332229105,0.02857142857129592,0.0771929824559803
E1,q2_x3_resunet_cas-multistream_seed2026,cas-multistream,placebo,2026,1120,na,palu,Palu0499,0.5,16,1299,9,15060,46.538105477520205,0.07878787878773874,0.17541998231629752
E1,q2_x3_resunet_cas-multistream_seed2026,cas-multistream,placebo,2026,1120,na,palu,Palu0500,0.5,0,2680,31,13673,66.09841147864296,0.0,0.0
E1,q2_x3_resunet_cas-multistream_seed2026,cas-multistream,placebo,2026,1120,na,palu,Palu0501,0.5,0,1988,28,14368,55.01270547281123,0.0,0.0
E1,q2_x3_resunet_cas-multistream_seed2026,cas-multistream,placebo,2026,1120,na,palu,Palu0502,0.5,22,2115,0,14247,36.03465114496288,0.0,0.0
E1,q2_x3_resunet_cas-multistream_seed2026,cas-multistream,placebo,2026,1120,na,palu,Palu0503,0.5,0,1969,20,14395,74.83241213733407,0.0,0.0
E1,q2_x3_resunet_cas-multistream_seed2026,cas-multistream,placebo,2026,1120,na,palu,Palu0504,0.5,78,4303,50,11953,62.054737063591766,0.1690140845067281,0.2396881040523769
E1,q2_x3_resunet_cas-multistream_seed2026,cas-multistream,placebo,2026,1120,na,palu,Palu0505,0.5,119,2541,21,13703,25.99422649572415,0.04190919674001477,0.19994136616782132
E1,q2_x3_resunet_cas-multistream_seed2026,cas-multistream,placebo,2026,1120,na,palu,Palu0506,0.5,0,1830,32,14522,78.71209131234626,0.0,0.0
E1,q2_x3_resunet_cas-multistream_seed2026,cas-multistream,placebo,2026,1120,na,palu,Palu0508,0.5,0,1305,21,15058,69.40569124949236,0.0,0.0
E1,q2_x3_resunet_cas-multistream_seed2026,cas-multistream,placebo,2026,1120,na,palu,Palu0509,0.5,0,2197,25,14162,90.37674455544989,0.0,0.0
E1,q2_x3_resunet_cas-multistream_seed2026,cas-multistream,placebo,2026,1120,na,palu,Palu0510,0.5,0,2477,20,13887,87.86637494672408,0.0,0.0
E1,q2_x3_resunet_cas-multistream_seed2026,cas-multistream,placebo,2026,1120,na,palu,Palu0512,0.5,0,703,23,15658,60.52329742575195,0.0,0.0
E1,q2_x3_resunet_cas-multistream_seed2026,cas-multistream,placebo,2026,1120,na,palu,Palu0513,0.5,0,544,49,15791,56.53839173535222,0.0,0.016574585634880012
E1,q2_x3_resunet_cas-multistream_seed2026,cas-multistream,placebo,2026,1120,na,palu,Palu0514,0.5,0,733,69,15582,52.52035737888387,0.012486992715677932,0.04866180048617519
E1,q2_x3_resunet_cas-multistream_seed2026,cas-multistream,placebo,2026,1120,na,palu,Palu0515,0.5,9,442,49,15884,41.803645134693824,0.097980997624396,0.19565217391261178
E1,q2_x3_resunet_cas-multistream_seed2026,cas-multistream,placebo,2026,1120,na,palu,Palu0516,0.5,0,2198,40,14146,44.69450912895972,0.0,0.0
E1,q2_x3_resunet_cas-multistream_seed2026,cas-multistream,placebo,2026,1120,na,palu,Palu0521,0.5,5,1783,99,14497,50.45160147649553,0.044929797191542074,0.048801742919127866
E1,q2_x3_resunet_cas-multistream_seed2026,cas-multistream,placebo,2026,1120,na,palu,Palu0522,0.5,0,2883,98,13403,62.0434805074443,0.0,0.0
E1,q2_x3_resunet_cas-multistream_seed2026,cas-multistream,placebo,2026,1120,na,palu,Palu0524,0.5,0,3274,29,13081,108.41676165556441,0.0,0.0
E1,q2_x3_resunet_cas-multistream_seed2026,cas-multistream,placebo,2026,1120,na,palu,Palu0525,0.5,0,3646,36,12702,80.0,0.0,0.0
E1,q2_x3_resunet_cas-multistream_seed2026,cas-multistream,placebo,2026,1120,na,palu,Palu0526,0.5,0,715,73,15596,73.81122083316369,0.0,0.0
E1,q2_x3_resunet_cas-multistream_seed2026,cas-multistream,placebo,2026,1120,na,palu,Palu0527,0.5,11,2471,119,13783,31.575306807693888,0.06315034086781736,0.13177901672530717
E1,q2_x3_resunet_cas-multistream_seed2026,cas-multistream,placebo,2026,1120,na,palu,Palu0528,0.5,8,909,59,15408,61.21589360162203,0.06814494321210779,0.09880609304191915
E1,q2_x3_resunet_cas-multistream_seed2026,cas-multistream,placebo,2026,1120,na,palu,Palu0530,0.5,16,1715,86,14567,57.19647373908443,0.08271108558272448,0.09038876087094883
E1,q2_x3_resunet_cas-multistream_seed2026,cas-multistream,placebo,2026,1120,na,palu,Palu0531,0.5,0,2099,101,14184,81.3956334427381,0.0,0.0
E1,q2_x3_resunet_cas-multistream_seed2026,cas-multistream,placebo,2026,1120,na,palu,Palu0532,0.5,145,3720,86,12433,72.31801888716734,0.15760772394029088,0.22221079162566187
E1,q2_x3_resunet_cas-multistream_seed2026,cas-multistream,placebo,2026,1120,na,palu,Palu0533,0.5,0,2682,225,13477,77.33432067387072,0.0,0.0
E1,q2_x3_resunet_cas-multistream_seed2026,cas-multistream,placebo,2026,1120,na,palu,Palu0534,0.5,0,702,39,15643,55.86591089385369,0.0,0.0
E1,q2_x3_resunet_cas-multistream_seed2026,cas-multistream,placebo,2026,1120,na,palu,Palu0535,0.5,33,1115,72,15164,61.41567808923134,0.21024258760058215,0.3442690459844041
E1,q2_x3_resunet_cas-multistream_seed2026,cas-multistream,placebo,2026,1120,na,palu,Palu0536,0.5,0,334,91,15959,50.90592947621453,0.0,0.0
E1,q2_x3_resunet_cas-multistream_seed2026,cas-multistream,placebo,2026,1120,na,palu,Palu0537,0.5,6,753,31,15594,35.199999999999996,0.015503875968583138,0.08545603944077093
E1,q2_x3_resunet_cas-multistream_seed2026,cas-multistream,placebo,2026,1120,na,palu,Palu0538,0.5,0,981,28,15375,76.75598952043232,0.0,0.0
E1,q2_x3_resunet_cas-multistream_seed2026,cas-multistream,placebo,2026,1120,na,palu,Palu0539,0.5,7,3924,30,12423,57.97020760997105,0.0,0.03773584905632182
E1,q2_x3_resunet_cas-multistream_seed2026,cas-multistream,placebo,2026,1120,na,palu,Palu0540,0.5,0,4298,21,12065,96.05415028833708,0.0,0.0
E1,q2_x3_resunet_cas-multistream_seed2026,cas-multistream,placebo,2026,1120,na,palu,Palu0541,0.5,0,965,96,15323,62.156141019877275,0.0,0.0
E1,q2_x3_resunet_cas-multistream_seed2026,cas-multistream,placebo,2026,1120,na,palu,Palu0542,0.5,54,1542,51,14737,34.0147027033899,0.16336056009306013,0.27872932220721214
E1,q2_x3_resunet_cas-multistream_seed2026,cas-multistream,placebo,2026,1120,na,palu,Palu0544,0.5,0,830,109,15445,32.24670366234495,0.0,0.0
E1,q2_x3_resunet_cas-multistream_seed2026,cas-multistream,placebo,2026,1120,na,palu,Palu0545,0.5,26,435,143,15780,38.50497431302018,0.22257551669266587,0.32538825118113945
E1,q2_x3_resunet_cas-multistream_seed2026,cas-multistream,placebo,2026,1120,na,palu,Palu0546,0.5,0,357,63,15964,59.90489474377937,0.0,0.0
E1,q2_x3_resunet_cas-multistream_seed2026,cas-multistream,placebo,2026,1120,na,palu,Palu0547,0.5,3,743,35,15603,44.35646690486291,0.05849582172659772,0.08983957219201594
E1,q2_x3_resunet_cas-multistream_seed2026,cas-multistream,placebo,2026,1120,na,palu,Palu0548,0.5,82,867,48,15387,20.248456731316587,0.3525302574928851,0.4827815169162483
E1,q2_x3_resunet_cas-multistream_seed2026,cas-multistream,placebo,2026,1120,na,palu,Palu0549,0.5,0,3402,101,12881,71.33580223227494,0.0,0.0
E1,q2_x3_resunet_cas-multistream_seed2026,cas-multistream,placebo,2026,1120,na,palu,Palu0550,0.5,231,2375,0,13778,53.57097108894978,0.01738590499805598,0.06366047745324051
E1,q2_x3_resunet_cas-multistream_seed2026,cas-multistream,placebo,2026,1120,na,palu,Palu0551,0.5,0,801,225,15358,86.84036513796407,0.0,0.0
E1,q2_x3_resunet_cas-multistream_seed2026,cas-multistream,placebo,2026,1120,na,palu,Palu0552,0.5,0,2521,507,13356,97.67292357659824,0.0,0.0
E1,q2_x3_resunet_cas-multistream_seed2026,cas-multistream,placebo,2026,1120,na,palu,Palu0553,0.5,0,1430,802,14152,67.60798418425226,0.0,0.0
E1,q2_x3_resunet_cas-multistream_seed2026,cas-multistream,placebo,2026,1120,na,palu,Palu0554,0.5,0,2142,377,13865,85.23645573947704,0.0,0.0
E1,q2_x3_resunet_cas-multistream_seed2026,cas-multistream,placebo,2026,1120,na,palu,Palu0555,0.5,0,1976,265,14143,56.1105989459015,0.0,0.0
E1,q2_x3_resunet_cas-multistream_seed2026,cas-multistream,placebo,2026,1120,na,palu,Palu0556,0.5,12,1060,211,15101,59.53478618927493,0.08050847457577927,0.1275199249878053
E1,q2_x3_resunet_cas-multistream_seed2026,cas-multistream,placebo,2026,1120,na,palu,Palu0557,0.5,4,479,79,15822,49.60323926480261,0.05132591958898085,0.07855973813390475
E1,q2_x3_resunet_cas-multistream_seed2026,cas-multistream,placebo,2026,1120,na,palu,Palu0558,0.5,0,4,45,16335,86.94824144188044,0.0,0.0
E1,q2_x3_resunet_cas-multistream_seed2026,cas-multistream,placebo,2026,1120,na,palu,Palu0560,0.5,7,401,88,15888,52.29849462272198,0.06986027944061968,0.09677419354793196
E1,q2_x3_resunet_cas-multistream_seed2026,cas-multistream,placebo,2026,1120,na,palu,Palu0561,0.5,111,1126,157,14990,30.164162733666156,0.30229903799072466,0.421054740722447
E1,q2_x3_resunet_cas-multistream_seed2026,cas-multistream,placebo,2026,1120,na,palu,Palu0562,0.5,50,1519,138,14677,30.4138126514911,0.15029103899639537,0.21644858403372794
E1,q2_x3_resunet_cas-multistream_seed2026,cas-multistream,placebo,2026,1120,na,palu,Palu0566,0.5,0,344,43,15997,133.31804578986842,0.0,0.0
E1,q2_x3_resunet_cas-multistream_seed2026,cas-multistream,placebo,2026,1120,na,palu,Palu0567,0.5,0,1008,55,15321,91.86944843392234,0.0,0.0
E1,q2_x3_resunet_cas-multistream_seed2026,cas-multistream,placebo,2026,1120,na,palu,Palu0569,0.5,0,38,28,16318,56.32051136131489,0.0,0.0
E1,q2_x3_resunet_cas-multistream_seed2026,cas-multistream,placebo,2026,1120,na,palu,Palu0570,0.5,0,863,28,15493,66.61080993352356,0.0,0.0
E1,q2_x3_resunet_cas-multistream_seed2026,cas-multistream,placebo,2026,1120,na,palu,Palu0571,0.5,0,1481,724,14179,68.57504959337523,0.0,0.0
E1,q2_x3_resunet_cas-multistream_seed2026,cas-multistream,placebo,2026,1120,na,palu,Palu0572,0.5,1230,1473,220,13461,18.138170879732364,0.11956451716759159,0.2508054370833763
E1,q2_x3_resunet_cas-multistream_seed2026,cas-multistream,placebo,2026,1120,na,palu,Palu0573,0.5,0,1550,808,14026,48.04164521435969,0.0,0.0
E1,q2_x3_resunet_cas-multistream_seed2026,cas-multistream,placebo,2026,1120,na,palu,Palu0574,0.5,289,1214,127,14754,37.77894920774578,0.27680311890788967,0.39692183070019244
E1,q2_x3_resunet_cas-multistream_seed2026,cas-multistream,placebo,2026,1120,na,palu,Palu0575,0.5,0,900,341,15143,42.9854529197903,0.0,0.0
E1,q2_x3_resunet_cas-multistream_seed2026,cas-multistream,placebo,2026,1120,na,palu,Palu0578,0.5,0,45,31,16308,74.60846232199438,0.0,0.0
E1,q2_x3_resunet_cas-multistream_seed2026,cas-multistream,placebo,2026,1120,na,palu,Palu0579,0.5,0,37,97,16250,65.05766638686922,0.0,0.0
E1,q2_x3_resunet_cas-multistream_seed2026,cas-multistream,placebo,2026,1120,na,palu,Palu0580,0.5,84,526,160,15614,25.22520121396716,0.3584070796455183,0.45389827600945293
E1,q2_x3_resunet_cas-multistream_seed2026,cas-multistream,placebo,2026,1120,na,palu,Palu0581,0.5,87,1078,100,15119,25.294904631470448,0.264590403939088,0.4657239057234097
E1,q2_x3_resunet_cas-multistream_seed2026,cas-multistream,placebo,2026,1120,na,palu,Palu0582,0.5,0,2529,18,13837,73.38526136393003,0.0,0.0
E1,q2_x3_resunet_cas-multistream_seed2026,cas-multistream,placebo,2026,1120,na,palu,Palu0583,0.5,0,833,43,15508,80.06805726411503,0.0,0.0
E1,q2_x3_resunet_cas-multistream_seed2026,cas-multistream,placebo,2026,1120,na,palu,Palu0584,0.5,0,2287,69,14028,66.02914928819143,0.0,0.0
E1,q2_x3_resunet_cas-multistream_seed2026,cas-multistream,placebo,2026,1120,na,palu,Palu0585,0.5,0,394,58,15932,65.03225434140822,0.0,0.0
E1,q2_x3_resunet_cas-multistream_seed2026,cas-multistream,placebo,2026,1120,na,palu,Palu0586,0.5,0,58,63,16263,111.2955088813865,0.0,0.0
E1,q2_x3_resunet_cas-multistream_seed2026,cas-multistream,placebo,2026,1120,na,palu,Palu0587,0.5,0,934,38,15412,76.68072686135396,0.0,0.0
E1,q2_x3_resunet_cas-multistream_seed2026,cas-multistream,placebo,2026,1120,na,palu,Palu0591,0.5,0,1054,217,15113,107.29719767924657,0.0,0.0
E1,q2_x3_resunet_cas-multistream_seed2026,cas-multistream,placebo,2026,1120,na,palu,Palu0592,0.5,0,1611,648,14125,80.4486830241625,0.0,0.0
E1,q2_x3_resunet_cas-multistream_seed2026,cas-multistream,placebo,2026,1120,na,palu,Palu0593,0.5,0,714,431,15239,73.92563831310488,0.0,0.0
E1,q2_x3_resunet_cas-multistream_seed2026,cas-multistream,placebo,2026,1120,na,palu,Palu0594,0.5,0,1824,208,14352,53.52753630938282,0.0,0.0
E1,q2_x3_resunet_cas-multistream_seed2026,cas-multistream,placebo,2026,1120,na,palu,Palu0595,0.5,24,1756,209,14395,38.98717104707522,0.08310249307430222,0.1503369621560601
E1,q2_x3_resunet_cas-multistream_seed2026,cas-multistream,placebo,2026,1120,na,palu,Palu0596,0.5,0,1254,26,15104,56.894058712819174,0.0,0.0
E1,q2_x3_resunet_cas-multistream_seed2026,cas-multistream,placebo,2026,1120,na,palu,Palu0598,0.5,0,0,30,16354,181.01933598375618,0.0,0.0
E1,q2_x3_resunet_cas-multistream_seed2026,cas-multistream,placebo,2026,1120,na,palu,Palu0599,0.5,21,311,31,16021,64.53536586881418,0.2891566265055259,0.45192045764047684
E1,q2_x3_resunet_cas-multistream_seed2026,cas-multistream,placebo,2026,1120,na,palu,Palu0600,0.5,25,1094,66,15199,50.313517109722945,0.11348113901401226,0.21682242990609316
E1,q2_x3_resunet_cas-multistream_seed2026,cas-multistream,placebo,2026,1120,na,palu,Palu0601,0.5,31,1179,82,15092,45.87602627825989,0.14084507042205754,0.23148558758265422
E1,q2_x3_resunet_cas-multistream_seed2026,cas-multistream,placebo,2026,1120,na,palu,Palu0602,0.5,20,740,71,15553,59.79025834971772,0.16172506738503203,0.2897331405280099
E1,q2_x3_resunet_cas-multistream_seed2026,cas-multistream,placebo,2026,1120,na,palu,Palu0603,0.5,0,815,47,15522,71.29795835415646,0.0,0.0
E1,q2_x3_resunet_cas-multistream_seed2026,cas-multistream,placebo,2026,1120,na,palu,Palu0607,0.5,0,2134,49,14201,45.21296112579291,0.0,0.0
E1,q2_x3_resunet_cas-multistream_seed2026,cas-multistream,placebo,2026,1120,na,palu,Palu0608,0.5,12,808,88,15476,37.712003748319276,0.005917159762896957,0.09884678747892246
E1,q2_x3_resunet_cas-multistream_seed2026,cas-multistream,placebo,2026,1120,na,palu,Palu0609,0.5,18,149,91,16126,55.798887783699136,0.2327209098858204,0.36419280795666786
E1,q2_x3_resunet_cas-multistream_seed2026,cas-multistream,placebo,2026,1120,na,palu,Palu0610,0.5,0,258,87,16039,52.23285027147026,0.0,0.0
E1,q2_x3_resunet_cas-multistream_seed2026,cas-multistream,placebo,2026,1120,na,palu,Palu0611,0.5,0,376,42,15966,49.65638111367267,0.0,0.0
E1,q2_x3_resunet_cas-multistream_seed2026,cas-multistream,placebo,2026,1120,na,palu,Palu0613,0.5,0,20,34,16330,43.01702026900719,0.1379310344822735,0.1379310344822735
E1,q2_x3_resunet_cas-multistream_seed2026,cas-multistream,placebo,2026,1120,na,palu,Palu0614,0.5,0,170,25,16189,76.02631123499285,0.0,0.0
E1,q2_x3_resunet_cas-multistream_seed2026,cas-multistream,placebo,2026,1120,na,palu,Palu0615,0.5,0,2552,65,13767,62.86000995159638,0.0,0.0
E1,q2_x3_resunet_cas-multistream_seed2026,cas-multistream,placebo,2026,1120,na,palu,Palu0616,0.5,23,818,87,15456,42.36713117989263,0.08438818565352062,0.24161073825453483
E1,q2_x3_resunet_cas-multistream_seed2026,cas-multistream,placebo,2026,1120,na,palu,Palu0617,0.5,16,140,48,16180,67.20714216449059,0.21027479091946938,0.3225806451608459
E1,q2_x3_resunet_cas-multistream_seed2026,cas-multistream,placebo,2026,1120,na,palu,Palu0618,0.5,0,190,20,16174,58.26837339790451,0.0,0.0
E1,q2_x3_resunet_cas-multistream_seed2026,cas-multistream,placebo,2026,1120,na,palu,Palu0619,0.5,7,315,56,16006,50.929362506231776,0.07441860465068668,0.13373860182322897
E1,q2_x3_resunet_cas-multistream_seed2026,cas-multistream,placebo,2026,1120,na,palu,Palu0620,0.5,0,1265,128,14991,56.79038532261193,0.011352885524703883,0.043853820597508725
E1,q2_x3_resunet_cas-multistream_seed2026,cas-multistream,placebo,2026,1120,na,palu,Palu0621,0.5,37,1026,130,15191,39.89106823118461,0.13811347023969986,0.3313253012043193
E1,q2_x3_resunet_cas-multistream_seed2026,cas-multistream,placebo,2026,1120,na,palu,Palu0622,0.5,0,309,135,15940,66.81256375687747,0.0,0.0
E1,q2_x3_resunet_cas-multistream_seed2026,cas-multistream,placebo,2026,1120,na,palu,Palu0623,0.5,12,1145,146,15081,48.32697757910023,0.055684454755978705,0.05985037406448977
E1,q2_x3_resunet_cas-multistream_seed2026,cas-multistream,placebo,2026,1120,na,palu,Palu0624,0.5,31,1364,159,14830,37.123441684820314,0.14723014004165597,0.20062105956476106
E1,q2_x3_resunet_cas-multistream_seed2026,cas-multistream,placebo,2026,1120,na,palu,Palu0625,0.5,0,1420,66,14898,62.635822635075456,0.0,0.0
E1,q2_x3_resunet_cas-multistream_seed2026,cas-multistream,placebo,2026,1120,na,palu,Palu0630,0.5,0,1595,37,14752,82.20698014740977,0.0,0.0
E1,q2_x3_resunet_cas-multistream_seed2026,cas-multistream,placebo,2026,1120,na,palu,Palu0631,0.5,9,499,103,15773,52.39469815999739,0.015999999999505406,0.09944751381168292
E1,q2_x3_resunet_cas-multistream_seed2026,cas-multistream,placebo,2026,1120,na,palu,Palu0632,0.5,9,1344,83,14948,47.177494334662796,0.0151745068281065,0.06459948320375235
E1,q2_x3_resunet_cas-multistream_seed2026,cas-multistream,placebo,2026,1120,na,palu,Palu0633,0.5,5,1259,17,15103,40.90025720483618,0.06993006992980957,0.14204545454502487
E1,q2_x3_resunet_cas-multistream_seed2026,cas-multistream,placebo,2026,1120,na,palu,Palu0634,0.5,0,940,15,15429,57.84853237885645,0.0,0.0
E1,q2_x3_resunet_cas-multistream_seed2026,cas-multistream,placebo,2026,1120,na,palu,Palu0635,0.5,8,1264,36,15076,22.029229873422455,0.15423302598457778,0.2686567164174694
E1,q2_x3_resunet_cas-multistream_seed2026,cas-multistream,placebo,2026,1120,na,palu,Palu0636,0.5,0,409,34,15941,55.95824677088609,0.0,0.0
E1,q2_x3_resunet_cas-multistream_seed2026,cas-multistream,placebo,2026,1120,na,palu,Palu0638,0.5,6,2532,22,13824,66.00140820882889,0.03525782282926233,0.059030217849375954
E1,q2_x3_resunet_cas-multistream_seed2026,cas-multistream,placebo,2026,1120,na,palu,Palu0639,0.5,4,647,35,15698,36.87325394193525,0.11764705882316273,0.17951042611014179
E1,q2_x3_resunet_cas-multistream_seed2026,cas-multistream,placebo,2026,1120,na,palu,Palu0640,0.5,0,951,20,15413,63.761699415730575,0.0,0.0
E1,q2_x3_resunet_cas-multistream_seed2026,cas-multistream,placebo,2026,1120,na,palu,Palu0641,0.5,41,293,450,15600,44.87716622171839,0.11185682326577331,0.13089596027939032
E1,q2_x3_resunet_cas-multistream_seed2026,cas-multistream,placebo,2026,1120,na,palu,Palu0642,0.5,368,1209,293,14514,56.42338060780727,0.20411034235751174,0.3825526716301878
E1,q2_x3_resunet_cas-multistream_seed2026,cas-multistream,placebo,2026,1120,na,palu,Palu0643,0.5,106,1833,189,14256,36.89173349139343,0.22483992932140895,0.33184945366199425
E1,q2_x3_resunet_cas-multistream_seed2026,cas-multistream,placebo,2026,1120,na,palu,Palu0644,0.5,0,592,128,15664,74.84351523480984,0.0,0.0
E1,q2_x3_resunet_cas-multistream_seed2026,cas-multistream,placebo,2026,1120,na,palu,Palu0645,0.5,9,1084,112,15179,39.71598134419233,0.06172839506141387,0.09026353163925963
E1,q2_x3_resunet_cas-multistream_seed2026,cas-multistream,placebo,2026,1120,na,palu,Palu0646,0.5,97,1624,163,14500,43.921514141869345,0.2306114698058216,0.3520309477751302
E1,q2_x3_resunet_cas-multistream_seed2026,cas-multistream,placebo,2026,1120,na,palu,Palu0647,0.5,53,3763,92,12476,55.05178105829912,0.12745098039171407,0.1998685075603682
E1,q2_x3_resunet_cas-multistream_seed2026,cas-multistream,placebo,2026,1120,na,palu,Palu0652,0.5,28,1104,224,15028,58.70418065561149,0.06214227309846196,0.1180936313786992
E1,q2_x3_resunet_cas-multistream_seed2026,cas-multistream,placebo,2026,1120,na,palu,Palu0653,0.5,56,867,491,14970,41.49188359847247,0.16313147872536635,0.2447593200015496
E1,q2_x3_resunet_cas-multistream_seed2026,cas-multistream,placebo,2026,1120,na,palu,Palu0654,0.5,107,536,280,15461,35.21078417237334,0.26557377049132397,0.4555424113561122
E1,q2_x3_resunet_cas-multistream_seed2026,cas-multistream,placebo,2026,1120,na,palu,Palu0655,0.5,0,777,88,15519,58.0,0.0,0.0
E1,q2_x3_resunet_cas-multistream_seed2026,cas-multistream,placebo,2026,1120,na,palu,Palu0656,0.5,0,938,17,15429,50.58606329742989,0.0,0.0
E1,q2_x3_resunet_cas-multistream_seed2026,cas-multistream,placebo,2026,1120,na,palu,Palu0660,0.5,21,549,527,15287,59.93561411571493,0.10840776100967493,0.15624999999952394
E1,q2_x3_resunet_cas-multistream_seed2026,cas-multistream,placebo,2026,1120,na,palu,Palu0661,0.5,140,835,563,14846,45.795741916164715,0.18470906630532283,0.31239242684977325
E1,q2_x3_resunet_cas-multistream_seed2026,cas-multistream,placebo,2026,1120,na,palu,Palu0662,0.5,129,501,173,15581,58.16516830313026,0.3177120358720249,0.5600897140360539
E1,q2_x3_resunet_cas-multistream_seed2026,cas-multistream,placebo,2026,1120,na,palu,Palu0663,0.5,13,973,167,15231,50.99019513592785,0.06530612244848027,0.09794820047046046
E1,q2_x3_resunet_cas-multistream_seed2026,cas-multistream,placebo,2026,1120,na,palu,Palu0664,0.5,9,1201,194,14980,54.67905435951239,0.0,0.003868471953150934
E1,q2_x3_resunet_cas-multistream_seed2026,cas-multistream,placebo,2026,1120,na,palu,Palu0665,0.5,79,1941,238,14126,38.490230624526916,0.1327544337326801,0.22379311887561437
E1,q2_x3_resunet_cas-multistream_seed2026,cas-multistream,placebo,2026,1120,na,palu,Palu0666,0.5,93,2814,69,13408,37.95175051419525,0.10849909584048109,0.24957841483936835
E1,q2_x3_resunet_cas-multistream_seed2026,cas-multistream,placebo,2026,1120,na,palu,Palu0673,0.5,26,1246,242,14870,42.15439753781379,0.15072294435469435,0.21127486344380328
E1,q2_x3_resunet_cas-multistream_seed2026,cas-multistream,placebo,2026,1120,na,palu,Palu0674,0.5,154,1302,513,14415,42.343672485514894,0.2881961294325398,0.4165229372821565
E1,q2_x3_resunet_cas-multistream_seed2026,cas-multistream,placebo,2026,1120,na,palu,Palu0675,0.5,184,1318,328,14554,38.63376152289131,0.23097779059667123,0.3941933011859401
E1,q2_x3_resunet_cas-multistream_seed2026,cas-multistream,placebo,2026,1120,na,palu,Palu0676,0.5,0,248,102,16034,68.00138405279655,0.0,0.0
E1,q2_x3_resunet_cas-multistream_seed2026,cas-multistream,placebo,2026,1120,na,palu,Palu0678,0.5,4,584,20,15776,35.87036772201491,0.04184100418391974,0.04347826086944329
E1,q2_x3_resunet_cas-multistream_seed2026,cas-multistream,placebo,2026,1120,na,palu,Palu0679,0.5,0,1150,16,15218,80.7864374312685,0.0,0.0
E1,q2_x3_resunet_cas-multistream_seed2026,cas-multistream,placebo,2026,1120,na,palu,Palu0681,0.5,0,2118,19,14247,94.22657031935496,0.0,0.0
E1,q2_x3_resunet_cas-multistream_seed2026,cas-multistream,placebo,2026,1120,na,palu,Palu0682,0.5,0,683,26,15675,74.30306712325361,0.0,0.0
E1,q2_x3_resunet_cas-multistream_seed2026,cas-multistream,placebo,2026,1120,na,palu,Palu0683,0.5,0,501,215,15668,65.46163586272377,0.0,0.0
E1,q2_x3_resunet_cas-multistream_seed2026,cas-multistream,placebo,2026,1120,na,palu,Palu0684,0.5,186,1230,240,14728,35.105549215222474,0.26119402985024726,0.3690383111801297
E1,q2_x3_resunet_cas-multistream_seed2026,cas-multistream,placebo,2026,1120,na,palu,Palu0685,0.5,48,688,254,15394,63.87956572950862,0.15491559086346005,0.23094688221663728
E1,q2_x3_resunet_cas-multistream_seed2026,cas-multistream,placebo,2026,1120,na,palu,Palu0686,0.5,7,576,182,15619,46.44051744957306,0.07394957983146937,0.09958791208744454
E1,q2_x3_resunet_cas-multistream_seed2026,cas-multistream,placebo,2026,1120,na,palu,Palu0687,0.5,67,1681,163,14473,49.96764199145342,0.23209017914654964,0.34765993157267716
E1,q2_x3_resunet_cas-multistream_seed2026,cas-multistream,placebo,2026,1120,na,palu,Palu0688,0.5,15,1012,345,15012,50.75477409108302,0.04894327029987585,0.08186874304744798
E1,q2_x3_resunet_cas-multistream_seed2026,cas-multistream,placebo,2026,1120,na,palu,Palu0689,0.5,142,523,196,15523,37.65896603878084,0.2511627906971953,0.42382913600205124
E1,q2_x3_resunet_cas-multistream_seed2026,cas-multistream,placebo,2026,1120,na,palu,Palu0690,0.5,24,2691,141,13528,57.92336941108288,0.08798166139030932,0.12757094506596411
E1,q2_x3_resunet_cas-multistream_seed2026,cas-multistream,placebo,2026,1120,na,palu,Palu0691,0.5,15,1454,50,14865,44.76877544893966,0.0276679841895484,0.06862584140506381
E1,q2_x3_resunet_cas-multistream_seed2026,cas-multistream,placebo,2026,1120,na,palu,Palu0692,0.5,4,1060,14,15306,58.69074617091369,0.07432432432412622,0.11356466876943346
E1,q2_x3_resunet_cas-multistream_seed2026,cas-multistream,placebo,2026,1120,na,palu,Palu0693,0.5,10,1060,19,15295,44.95322985475977,0.0993788819872823,0.15219102597708978
E1,q2_x3_resunet_cas-multistream_seed2026,cas-multistream,placebo,2026,1120,na,palu,Palu0694,0.5,8,562,37,15777,28.48671627687002,0.10570236439463053,0.20040080160271123
E1,q2_x3_resunet_cas-multistream_seed2026,cas-multistream,placebo,2026,1120,na,palu,Palu0695,0.5,0,208,37,16139,32.224607051658005,0.0,0.05305039787748425
E1,q2_x3_resunet_cas-multistream_seed2026,cas-multistream,placebo,2026,1120,na,palu,Palu0699,0.5,5,2529,72,13778,54.038240602782366,0.016260162601157778,0.0448351648346762
E1,q2_x3_resunet_cas-multistream_seed2026,cas-multistream,placebo,2026,1120,na,palu,Palu0700,0.5,20,1206,173,14985,64.78247026686154,0.11868131868083018,0.13464359049524727
E1,q2_x3_resunet_cas-multistream_seed2026,cas-multistream,placebo,2026,1120,na,palu,Palu0701,0.5,17,1000,157,15210,42.640860341359264,0.13038006544123493,0.20246757355218842
E1,q2_x3_resunet_cas-multistream_seed2026,cas-multistream,placebo,2026,1120,na,palu,Palu0702,0.5,0,347,52,15985,70.96261888800139,0.0,0.0
E1,q2_x3_resunet_cas-multistream_seed2026,cas-multistream,placebo,2026,1120,na,palu,Palu0704,0.5,0,185,20,16179,50.27560965528145,0.0,0.0
E1,q2_x3_resunet_cas-multistream_seed2026,cas-multistream,placebo,2026,1120,na,palu,Palu0706,0.5,0,2619,24,13741,75.01066548183951,0.0,0.0
E1,q2_x3_resunet_cas-multistream_seed2026,cas-multistream,placebo,2026,1120,na,palu,Palu0707,0.5,0,1348,61,14975,44.15955384752523,0.008547008546672511,0.017964071855792605
E1,q2_x3_resunet_cas-multistream_seed2026,cas-multistream,placebo,2026,1120,na,palu,Palu0708,0.5,18,429,138,15799,80.15609770940699,0.013289036544352492,0.06315789473634216
E1,q2_x3_resunet_cas-multistream_seed2026,cas-multistream,placebo,2026,1120,na,palu,Palu0709,0.5,180,1239,394,14571,56.924278230701276,0.13068419806547818,0.27716900863690647
E1,q2_x3_resunet_cas-multistream_seed2026,cas-multistream,placebo,2026,1120,na,palu,Palu0710,0.5,285,892,348,14859,22.79898481345968,0.3573970513467523,0.5695447600963587
E1,q2_x3_resunet_cas-multistream_seed2026,cas-multistream,placebo,2026,1120,na,palu,Palu0711,0.5,12,821,224,15327,57.44476710233648,0.08366370471583781,0.12352456766352059
E1,q2_x3_resunet_cas-multistream_seed2026,cas-multistream,placebo,2026,1120,na,palu,Palu0712,0.5,13,927,127,15317,49.06767042515717,0.11691762621744252,0.17090069284015724
E1,q2_x3_resunet_cas-multistream_seed2026,cas-multistream,placebo,2026,1120,na,palu,Palu0713,0.5,96,1028,115,15145,45.39740887908956,0.3283655020762194,0.5199999999995227
E1,q2_x3_resunet_cas-multistream_seed2026,cas-multistream,placebo,2026,1120,na,palu,Palu0714,0.5,16,1376,267,14725,37.24576845018983,0.05217685922362438,0.10112504849297742
E1,q2_x3_resunet_cas-multistream_seed2026,cas-multistream,placebo,2026,1120,na,palu,Palu0715,0.5,124,1945,80,14235,28.308069356340987,0.14203518000938561,0.31732616212013093
E1,q2_x3_resunet_cas-multistream_seed2026,cas-multistream,placebo,2026,1120,na,palu,Palu0716,0.5,23,1889,151,14321,48.144545890019586,0.06819590824503763,0.16788517203256506
E1,q2_x3_resunet_cas-multistream_seed2026,cas-multistream,placebo,2026,1120,na,palu,Palu0717,0.5,55,1244,71,15014,47.30284426136028,0.09470124013486138,0.20118117736665866
E1,q2_x3_resunet_cas-multistream_seed2026,cas-multistream,placebo,2026,1120,na,palu,Palu0719,0.5,0,714,33,15637,49.87465973099175,0.0,0.0
E1,q2_x3_resunet_cas-multistream_seed2026,cas-multistream,placebo,2026,1120,na,palu,Palu0720,0.5,33,68,42,16241,31.835278350736672,0.4210526315784474,0.4210526315784474
E1,q2_x3_resunet_cas-multistream_seed2026,cas-multistream,placebo,2026,1120,na,palu,Palu0721,0.5,2,909,65,15408,66.60497706718154,0.019493177387425495,0.025374855824306375
E1,q2_x3_resunet_cas-multistream_seed2026,cas-multistream,placebo,2026,1120,na,palu,Palu0722,0.5,13,518,59,15794,40.11047401864339,0.1675392670152612,0.23433774116580472
E1,q2_x3_resunet_cas-multistream_seed2026,cas-multistream,placebo,2026,1120,na,palu,Palu0725,0.5,0,1664,32,14688,60.50900135108277,0.0,0.0
E1,q2_x3_resunet_cas-multistream_seed2026,cas-multistream,placebo,2026,1120,na,palu,Palu0726,0.5,38,868,196,15282,43.05807522985887,0.19235111487390172,0.31125351467942053
E1,q2_x3_resunet_cas-multistream_seed2026,cas-multistream,placebo,2026,1120,na,palu,Palu0727,0.5,11,528,217,15628,67.0397086902947,0.07937050974987575,0.08494418731249896
E1,q2_x3_resunet_cas-multistream_seed2026,cas-multistream,placebo,2026,1120,na,palu,Palu0728,0.5,0,105,44,16235,58.66856057549052,0.0,0.0
E1,q2_x3_resunet_cas-multistream_seed2026,cas-multistream,placebo,2026,1120,na,palu,Palu0729,0.5,17,1052,9,15306,24.64306579447625,0.0,0.0
E1,q2_x3_resunet_cas-multistream_seed2026,cas-multistream,placebo,2026,1120,na,palu,Palu0730,0.5,0,4872,23,11489,97.37554210233262,0.0,0.0
E1,q2_x3_resunet_cas-multistream_seed2026,cas-multistream,placebo,2026,1120,na,palu,Palu0731,0.5,61,2496,13,13814,37.58988285477698,0.1464646464643929,0.2597605123918037
E1,q2_x3_resunet_cas-multistream_seed2026,cas-multistream,placebo,2026,1120,na,palu,Palu0732,0.5,41,1962,147,14234,44.43414279457218,0.05425328025916036,0.13157894736804607
E1,q2_x3_resunet_cas-multistream_seed2026,cas-multistream,placebo,2026,1120,na,palu,Palu0733,0.5,46,416,355,15567,64.75293675572611,0.14532453799239115,0.2516614010236473
E1,q2_x3_resunet_cas-multistream_seed2026,cas-multistream,placebo,2026,1120,na,palu,Palu0734,0.5,76,899,262,15147,67.74804614675188,0.2062831915024911,0.2506619593993316
E1,q2_x3_resunet_cas-multistream_seed2026,cas-multistream,placebo,2026,1120,na,palu,Palu0735,0.5,0,743,89,15552,53.14132102234569,0.0,0.0
E1,q2_x3_resunet_cas-multistream_seed2026,cas-multistream,placebo,2026,1120,na,palu,Palu0736,0.5,0,148,55,16181,69.31962107390268,0.0,0.0
E1,q2_x3_resunet_cas-multistream_seed2026,cas-multistream,placebo,2026,1120,na,palu,Palu0737,0.5,0,1594,88,14702,58.196129024742774,0.0,0.0
E1,q2_x3_resunet_cas-multistream_seed2026,cas-multistream,placebo,2026,1120,na,palu,Palu0738,0.5,0,123,104,16157,55.06436039609184,0.03680981595048575,0.03680981595048575
E1,q2_x3_resunet_cas-multistream_seed2026,cas-multistream,placebo,2026,1120,na,palu,Palu0739,0.5,0,441,75,15868,57.512891212311146,0.0,0.0
E1,q2_x3_resunet_cas-multistream_seed2026,cas-multistream,placebo,2026,1120,na,palu,Palu0740,0.5,10,547,85,15742,49.873954014041765,0.09715475364286129,0.15295862864628187
E1,q2_x3_resunet_cas-multistream_seed2026,cas-multistream,placebo,2026,1120,na,palu,Palu0741,0.5,8,1281,68,15027,48.041635081434606,0.04514672686181259,0.08508052263699911
E1,q2_x3_resunet_cas-multistream_seed2026,cas-multistream,placebo,2026,1120,na,palu,Palu0742,0.5,0,260,21,16103,53.00565987367657,0.0,0.0
E1,q2_x3_resunet_cas-multistream_seed2026,cas-multistream,placebo,2026,1120,na,palu,Palu0743,0.5,57,609,19,15699,29.381838061447137,0.25097067327510697,0.4962050629455278
E1,q2_x3_resunet_cas-multistream_seed2026,cas-multistream,placebo,2026,1120,na,palu,Palu0744,0.5,3,733,60,15588,46.980643461434326,0.057142857142426125,0.057142857142426125
E1,q2_x3_resunet_cas-multistream_seed2026,cas-multistream,placebo,2026,1120,na,palu,Palu0745,0.5,0,431,45,15908,51.844925468839584,0.0,0.0
E1,q2_x3_resunet_cas-multistream_seed2026,cas-multistream,placebo,2026,1120,na,palu,Palu0750,0.5,6,511,46,15821,57.28001396647874,0.06692742285925266,0.19529693104772652
E1,q2_x3_resunet_cas-multistream_seed2026,cas-multistream,placebo,2026,1120,na,palu,Palu0751,0.5,79,684,179,15442,29.162470113045597,0.27989218328793475,0.44500017246683427
E1,q2_x3_resunet_cas-multistream_seed2026,cas-multistream,placebo,2026,1120,na,palu,Palu0752,0.5,3,317,230,15834,49.00383678563799,0.042239999999505534,0.05747738158557696
E1,q2_x3_resunet_cas-multistream_seed2026,cas-multistream,placebo,2026,1120,na,palu,Palu0753,0.5,0,420,45,15919,65.02797323575676,0.0,0.0
E1,q2_x3_resunet_cas-multistream_seed2026,cas-multistream,placebo,2026,1120,na,palu,Palu0754,0.5,0,524,26,15834,69.0,0.0,0.0
E1,q2_x3_resunet_cas-multistream_seed2026,cas-multistream,placebo,2026,1120,na,palu,Palu0755,0.5,0,1043,32,15309,99.0681521044823,0.0,0.0
E1,q2_x3_resunet_cas-multistream_seed2026,cas-multistream,placebo,2026,1120,na,palu,Palu0756,0.5,0,1017,58,15309,71.81886262142692,0.0,0.0
E1,q2_x3_resunet_cas-multistream_seed2026,cas-multistream,placebo,2026,1120,na,palu,Palu0757,0.5,14,292,27,16051,52.40229002629561,0.1587301587297197,0.2600216684719145
E1,q2_x3_resunet_cas-multistream_seed2026,cas-multistream,placebo,2026,1120,na,palu,Palu0758,0.5,0,48,40,16296,63.01044489414719,0.0,0.0
E1,q2_x3_resunet_cas-multistream_seed2026,cas-multistream,placebo,2026,1120,na,palu,Palu0759,0.5,0,173,48,16163,70.71986958775517,0.0,0.0
E1,q2_x3_resunet_cas-multistream_seed2026,cas-multistream,placebo,2026,1120,na,palu,Palu0760,0.5,0,0,23,16361,181.01933598375618,0.0,0.0
E1,q2_x3_resunet_cas-multistream_seed2026,cas-multistream,placebo,2026,1120,na,palu,Palu0761,0.5,0,7,21,16356,57.0087712549569,0.0,0.0
E1,q2_x3_resunet_cas-multistream_seed2026,cas-multistream,placebo,2026,1120,na,palu,Palu0762,0.5,0,0,31,16353,181.01933598375618,0.0,0.0
E1,q2_x3_resunet_cas-multistream_seed2026,cas-multistream,placebo,2026,1120,na,palu,Palu0763,0.5,6,295,66,16017,52.33545556050706,0.123804164321411,0.13191273465199976
E1,q2_x3_resunet_cas-multistream_seed2026,cas-multistream,placebo,2026,1120,na,palu,Palu0764,0.5,0,584,68,15732,46.935830167889954,0.0,0.0
E1,q2_x3_resunet_cas-multistream_seed2026,cas-multistream,placebo,2026,1120,na,palu,Palu0772,0.5,0,1178,41,15165,54.378304497290095,0.0,0.0
E1,q2_x3_resunet_cas-multistream_seed2026,cas-multistream,placebo,2026,1120,na,palu,Palu0773,0.5,3,906,89,15386,56.77086893155467,0.020105313546922413,0.02093510118614834
E1,q2_x3_resunet_cas-multistream_seed2026,cas-multistream,placebo,2026,1120,na,palu,Palu0774,0.5,0,150,74,16160,73.03270134087074,0.0,0.011173184357056897
E1,q2_x3_resunet_cas-multistream_seed2026,cas-multistream,placebo,2026,1120,na,palu,Palu0776,0.5,0,64,20,16300,55.17155049833568,0.0,0.0
E1,q2_x3_resunet_cas-multistream_seed2026,cas-multistream,placebo,2026,1120,na,palu,Palu0777,0.5,0,908,20,15456,48.700002265388534,0.0,0.0
E1,q2_x3_resunet_cas-multistream_seed2026,cas-multistream,placebo,2026,1120,na,palu,Palu0782,0.5,13,568,13,15790,51.02744043448957,0.21621621621589526,0.3241678726479149
E1,q2_x3_resunet_cas-multistream_seed2026,cas-multistream,placebo,2026,1120,na,palu,Palu0783,0.5,0,0,24,16360,181.01933598375618,0.0,0.0
E1,q2_x3_resunet_cas-multistream_seed2026,cas-multistream,placebo,2026,1120,na,palu,Palu0784,0.5,0,0,45,16339,181.01933598375618,0.0,0.0
E1,q2_x3_resunet_cas-multistream_seed2026,cas-multistream,placebo,2026,1120,na,palu,Palu0785,0.5,0,0,128,16256,181.01933598375618,0.0,0.0
E1,q2_x3_resunet_cas-multistream_seed2026,cas-multistream,placebo,2026,1120,na,palu,Palu0786,0.5,0,0,157,16227,181.01933598375618,0.0,0.0
E1,q2_x3_resunet_cas-multistream_seed2026,cas-multistream,placebo,2026,1120,na,palu,Palu0787,0.5,0,916,65,15403,72.3144678604982,0.0,0.0
E1,q2_x3_resunet_cas-multistream_seed2026,cas-multistream,placebo,2026,1120,na,palu,Palu0792,0.5,0,782,37,15565,64.1295559702574,0.0,0.0
E1,q2_x3_resunet_cas-multistream_seed2026,cas-multistream,placebo,2026,1120,na,palu,Palu0793,0.5,14,1323,101,14946,55.989039361992596,0.06461211477102888,0.10713365954109855
E1,q2_x3_resunet_cas-multistream_seed2026,cas-multistream,placebo,2026,1120,na,palu,Palu0794,0.5,14,485,155,15730,63.52952069707436,0.05486284289230236,0.10899182561268589
E1,q2_x3_resunet_cas-multistream_seed2026,cas-multistream,placebo,2026,1120,na,palu,Palu0795,0.5,0,2656,82,13646,43.360681696199634,0.0,0.08570119156693459
E1,q2_x3_resunet_cas-multistream_seed2026,cas-multistream,placebo,2026,1120,na,palu,Palu0797,0.5,0,1272,20,15092,58.73839808174194,0.0,0.0
E1,q2_x3_resunet_cas-multistream_seed2026,cas-multistream,placebo,2026,1120,na,palu,Palu0798,0.5,14,3256,6,13108,73.46290302360383,0.13973472818964922,0.18238993710675247
E1,q2_x3_resunet_cas-multistream_seed2026,cas-multistream,placebo,2026,1120,na,palu,Palu0802,0.5,0,2137,22,14225,82.2231718652787,0.0,0.0
E1,q2_x3_resunet_cas-multistream_seed2026,cas-multistream,placebo,2026,1120,na,palu,Palu0803,0.5,0,587,62,15735,56.33058918415104,0.0,0.0
E1,q2_x3_resunet_cas-multistream_seed2026,cas-multistream,placebo,2026,1120,na,palu,Palu0804,0.5,6,473,61,15844,45.0088713996153,0.062499999999722215,0.0633116883114252
E1,q2_x3_resunet_cas-multistream_seed2026,cas-multistream,placebo,2026,1120,na,palu,Palu0805,0.5,10,424,27,15923,48.47967192379135,0.1092857142853796,0.16738816738775317
E1,q2_x3_resunet_cas-multistream_seed2026,cas-multistream,placebo,2026,1120,na,palu,Palu0806,0.5,0,711,17,15656,69.49047186599356,0.0,0.0
E1,q2_x3_resunet_cas-multistream_seed2026,cas-multistream,placebo,2026,1120,na,palu,Palu0807,0.5,0,0,114,16270,181.01933598375618,0.0,0.0
E1,q2_x3_resunet_cas-multistream_seed2026,cas-multistream,placebo,2026,1120,na,palu,Palu0808,0.5,8,45,166,16165,90.82505775056688,0.13053348467632508,0.13396715643892676
E1,q2_x3_resunet_cas-multistream_seed2026,cas-multistream,placebo,2026,1120,na,palu,Palu0809,0.5,27,276,135,15946,47.532093361135665,0.22947113443633338,0.27110796733283377
E1,q2_x3_resunet_cas-multistream_seed2026,cas-multistream,placebo,2026,1120,na,palu,Palu0810,0.5,0,52,95,16237,72.86288492778748,0.0,0.0
E1,q2_x3_resunet_cas-multistream_seed2026,cas-multistream,placebo,2026,1120,na,palu,Palu0814,0.5,0,978,27,15379,56.45243855823504,0.0,0.0
E1,q2_x3_resunet_cas-multistream_seed2026,cas-multistream,placebo,2026,1120,na,palu,Palu0815,0.5,52,1103,52,15177,33.77365607247338,0.22589531680400854,0.36987968095129886
E1,q2_x3_resunet_cas-multistream_seed2026,cas-multistream,placebo,2026,1120,na,palu,Palu0816,0.5,4,1104,273,15003,52.14395712992194,0.05377720870630663,0.08401680336020395
E1,q2_x3_resunet_cas-multistream_seed2026,cas-multistream,placebo,2026,1120,na,palu,Palu0817,0.5,78,272,233,15801,45.452929944577996,0.49857549857502187,0.6182441153688084
E1,q2_x3_resunet_cas-multistream_seed2026,cas-multistream,placebo,2026,1120,na,palu,Palu0818,0.5,0,259,146,15979,84.72248315290105,0.0,0.0
E1,q2_x3_resunet_cas-multistream_seed2026,cas-multistream,placebo,2026,1120,na,palu,Palu0819,0.5,0,172,69,16143,120.03480714745295,0.0,0.0
E1,q2_x3_resunet_cas-multistream_seed2026,cas-multistream,placebo,2026,1120,na,palu,Palu0820,0.5,0,135,73,16176,66.7643715842125,0.0,0.0
E1,q2_x3_resunet_cas-multistream_seed2026,cas-multistream,placebo,2026,1120,na,palu,Palu0827,0.5,0,1133,20,15231,61.5905510559012,0.0,0.0
E1,q2_x3_resunet_cas-multistream_seed2026,cas-multistream,placebo,2026,1120,na,palu,Palu0828,0.5,5,1889,46,14444,49.72752525036023,0.0435097897023909,0.1158953722329685
E1,q2_x3_resunet_cas-multistream_seed2026,cas-multistream,placebo,2026,1120,na,palu,Palu0829,0.5,43,1986,15,14340,40.01562158370858,0.005390835579262284,0.13550815558310955
E1,q2_x3_resunet_cas-multistream_seed2026,cas-multistream,placebo,2026,1120,na,palu,Palu0830,0.5,3,1167,61,15153,52.849296413002264,0.05676126878089564,0.07772596047035295
E1,q2_x3_resunet_cas-multistream_seed2026,cas-multistream,placebo,2026,1120,na,palu,Palu0831,0.5,28,246,147,15963,43.86342439892262,0.15739845261076038,0.17387687187976425
E1,q2_x3_resunet_cas-multistream_seed2026,cas-multistream,placebo,2026,1120,na,palu,Palu0832,0.5,67,296,220,15801,65.52440523171391,0.22632326100139855,0.4107031736150006
E1,q2_x3_resunet_cas-multistream_seed2026,cas-multistream,placebo,2026,1120,na,palu,Palu0833,0.5,7,709,204,15464,52.66391629085935,0.05541810984616279,0.06083650190074305
E1,q2_x3_resunet_cas-multistream_seed2026,cas-multistream,placebo,2026,1120,na,palu,Palu0834,0.5,25,1969,46,14344,50.20956084253277,0.13202288396625622,0.24749358260243057
E1,q2_x3_resunet_cas-multistream_seed2026,cas-multistream,placebo,2026,1120,na,palu,Palu0837,0.5,3,2070,20,14291,48.84055537340918,0.00523560209412767,0.053215077604996754
E1,q2_x3_resunet_cas-multistream_seed2026,cas-multistream,placebo,2026,1120,na,palu,Palu0838,0.5,0,1444,25,14915,66.24989704303306,0.0,0.0
E1,q2_x3_resunet_cas-multistream_seed2026,cas-multistream,placebo,2026,1120,na,palu,Palu0839,0.5,0,1659,99,14626,52.46206102366603,0.0,0.0
E1,q2_x3_resunet_cas-multistream_seed2026,cas-multistream,placebo,2026,1120,na,palu,Palu0840,0.5,6,304,184,15890,67.76980926374041,0.09756097560946714,0.11176968670594943
E1,q2_x3_resunet_cas-multistream_seed2026,cas-multistream,placebo,2026,1120,na,palu,Palu0841,0.5,0,67,236,16081,60.28529378712651,0.0,0.007352941176240917
E1,q2_x3_resunet_cas-multistream_seed2026,cas-multistream,placebo,2026,1120,na,palu,Palu0842,0.5,0,704,179,15501,65.76777263068497,0.0,0.017406440382597303
E1,q2_x3_resunet_cas-multistream_seed2026,cas-multistream,placebo,2026,1120,na,palu,Palu0843,0.5,0,54,189,16141,72.285404667467,0.0,0.00970873786392624
E1,q2_x3_resunet_cas-multistream_seed2026,cas-multistream,placebo,2026,1120,na,palu,Palu0844,0.5,58,281,155,15890,48.83031819308053,0.3635540122287573,0.5000809017848133
E1,q2_x3_resunet_cas-multistream_seed2026,cas-multistream,placebo,2026,1120,na,palu,Palu0845,0.5,0,180,160,16044,61.54993423492803,0.0,0.0
E1,q2_x3_resunet_cas-multistream_seed2026,cas-multistream,placebo,2026,1120,na,palu,Palu0846,0.5,32,88,58,16206,32.64965543462902,0.4656716417905554,0.5065824117952124
E1,q2_x3_resunet_cas-multistream_seed2026,cas-multistream,placebo,2026,1120,na,palu,Palu0847,0.5,12,146,42,16184,43.382023926967726,0.23189926547697576,0.2909579230075607
E1,q2_x3_resunet_cas-multistream_seed2026,cas-multistream,placebo,2026,1120,na,palu,Palu0848,0.5,0,283,54,16047,71.7007670809734,0.0,0.0
E1,q2_x3_resunet_cas-multistream_seed2026,cas-multistream,placebo,2026,1120,na,palu,Palu0849,0.5,0,1532,54,14798,62.38429116466083,0.0,0.0
E1,q2_x3_resunet_cas-multistream_seed2026,cas-multistream,placebo,2026,1120,na,palu,Palu0850,0.5,57,2174,88,14065,54.14470136703656,0.16877437655083613,0.290516920787965
E1,q2_x3_resunet_cas-multistream_seed2026,cas-multistream,placebo,2026,1120,na,palu,Palu0851,0.5,0,1815,91,14478,108.4426075749059,0.0,0.0
E1,q2_x3_resunet_cas-multistream_seed2026,cas-multistream,placebo,2026,1120,na,palu,Palu0852,0.5,0,2448,341,13595,114.72750614681792,0.0,0.0
E1,q2_x3_resunet_cas-multistream_seed2026,cas-multistream,placebo,2026,1120,na,palu,Palu0853,0.5,43,1520,576,14245,64.83320165890018,0.07086735479863765,0.09968712913983453
E1,q2_x3_resunet_cas-multistream_seed2026,cas-multistream,placebo,2026,1120,na,palu,Palu0854,0.5,16,516,451,15401,51.538842137991004,0.06994985212757758,0.08437634872630353
E1,q2_x3_resunet_cas-multistream_seed2026,cas-multistream,placebo,2026,1120,na,palu,Palu0855,0.5,287,1127,42,14928,46.645386017365574,0.23292916400716052,0.5232431592034809
E1,q2_x3_resunet_cas-multistream_seed2026,cas-multistream,placebo,2026,1120,na,palu,Palu0856,0.5,8,886,212,15278,46.78653893685761,0.058212058211587786,0.07957559681647673
E1,q2_x3_resunet_cas-multistream_seed2026,cas-multistream,placebo,2026,1120,na,palu,Palu0857,0.5,33,934,138,15279,58.128531063155265,0.08467012423059725,0.1520830524465824
E1,q2_x3_resunet_cas-multistream_seed2026,cas-multistream,placebo,2026,1120,na,palu,Palu0858,0.5,14,724,79,15567,51.16341823870518,0.06864988558309704,0.14132762312588137
E1,q2_x3_resunet_cas-multistream_seed2026,cas-multistream,placebo,2026,1120,na,palu,Palu0862,0.5,3,829,30,15522,44.571285788716764,0.017391304347416862,0.06956521739089512
E1,q2_x3_resunet_cas-multistream_seed2026,cas-multistream,placebo,2026,1120,na,palu,Palu0863,0.5,14,1742,86,14542,42.21429943509658,0.055487053020535304,0.12016021361765754
E1,q2_x3_resunet_cas-multistream_seed2026,cas-multistream,placebo,2026,1120,na,palu,Palu0864,0.5,0,471,96,15817,63.80494854647466,0.0,0.0
E1,q2_x3_resunet_cas-multistream_seed2026,cas-multistream,placebo,2026,1120,na,palu,Palu0865,0.5,0,287,117,15980,60.57844828079281,0.0,0.0
E1,q2_x3_resunet_cas-multistream_seed2026,cas-multistream,placebo,2026,1120,na,palu,Palu0866,0.5,0,1200,251,14933,56.06240791814254,0.0,0.0
E1,q2_x3_resunet_cas-multistream_seed2026,cas-multistream,placebo,2026,1120,na,palu,Palu0867,0.5,64,379,233,15708,54.817880294662984,0.2123174220745047,0.33924050632866565
E1,q2_x3_resunet_cas-multistream_seed2026,cas-multistream,placebo,2026,1120,na,palu,Palu0868,0.5,51,151,251,15931,65.37096851260364,0.24949372215443724,0.31502124776717466
E1,q2_x3_resunet_cas-multistream_seed2026,cas-multistream,placebo,2026,1120,na,palu,Palu0869,0.5,13,292,247,15832,58.002585054739995,0.11408148677582029,0.13186813186773336
E1,q2_x3_resunet_cas-multistream_seed2026,cas-multistream,placebo,2026,1120,na,palu,Palu0870,0.5,0,183,168,16033,60.462766993944506,0.0,0.0
E1,q2_x3_resunet_cas-multistream_seed2026,cas-multistream,placebo,2026,1120,na,palu,Palu0871,0.5,15,114,106,16149,59.261606300920164,0.17440081590975023,0.23973362930027864
E1,q2_x3_resunet_cas-multistream_seed2026,cas-multistream,placebo,2026,1120,na,palu,Palu0872,0.5,0,629,51,15704,57.311381282589814,0.0,0.0
E1,q2_x3_resunet_cas-multistream_seed2026,cas-multistream,placebo,2026,1120,na,palu,Palu0873,0.5,27,1532,114,14711,51.85556864985669,0.11102299762045936,0.1936330034572325
E1,q2_x3_resunet_cas-multistream_seed2026,cas-multistream,placebo,2026,1120,na,palu,Palu0874,0.5,158,2247,103,13876,34.691663456613206,0.2709363134890403,0.48446858893947914
E1,q2_x3_resunet_cas-multistream_seed2026,cas-multistream,placebo,2026,1120,na,palu,Palu0875,0.5,31,2877,89,13387,55.57784747568758,0.09671442687716869,0.17561983471040443
E1,q2_x3_resunet_cas-multistream_seed2026,cas-multistream,placebo,2026,1120,na,palu,Palu0876,0.5,2,252,599,15531,48.67585717955636,0.03514376996768177,0.03948667324752242
E1,q2_x3_resunet_cas-multistream_seed2026,cas-multistream,placebo,2026,1120,na,palu,Palu0877,0.5,820,323,104,15137,64.33421097605633,0.6529855452682883,0.7683250556597178
E1,q2_x3_resunet_cas-multistream_seed2026,cas-multistream,placebo,2026,1120,na,palu,Palu0878,0.5,24,559,668,15133,56.51008540833436,0.08088589311459866,0.13177598083210718
E1,q2_x3_resunet_cas-multistream_seed2026,cas-multistream,placebo,2026,1120,na,palu,Palu0879,0.5,122,589,507,15166,43.83409798199191,0.23087372925441418,0.37313119691336616
E1,q2_x3_resunet_cas-multistream_seed2026,cas-multistream,placebo,2026,1120,na,palu,Palu0880,0.5,39,802,318,15225,45.19347142692002,0.11980872773774762,0.18148465207239978
E1,q2_x3_resunet_cas-multistream_seed2026,cas-multistream,placebo,2026,1120,na,palu,Palu0881,0.5,208,446,208,15522,65.77080744630202,0.38549865989514936,0.5720453948707221
E1,q2_x3_resunet_cas-multistream_seed2026,cas-multistream,placebo,2026,1120,na,palu,Palu0882,0.5,16,320,305,15743,47.461492589023734,0.08425487098433888,0.09320195823232853
E1,q2_x3_resunet_cas-multistream_seed2026,cas-multistream,placebo,2026,1120,na,palu,Palu0887,0.5,5,1428,22,14929,62.76466597888419,0.005333333333199701,0.08771929824525254
E1,q2_x3_resunet_cas-multistream_seed2026,cas-multistream,placebo,2026,1120,na,palu,Palu0888,0.5,8,1745,141,14490,49.678969393496885,0.061755624172424105,0.09449112978476974
E1,q2_x3_resunet_cas-multistream_seed2026,cas-multistream,placebo,2026,1120,na,palu,Palu0889,0.5,5,905,465,15009,39.83126761429095,0.032912781129505485,0.05672322106812772
E1,q2_x3_resunet_cas-multistream_seed2026,cas-multistream,placebo,2026,1120,na,palu,Palu0890,0.5,51,196,435,15702,38.600518131237564,0.2362753004579228,0.3186219822388845
E1,q2_x3_resunet_cas-multistream_seed2026,cas-multistream,placebo,2026,1120,na,palu,Palu0891,0.5,0,1088,295,15001,61.5905510559012,0.004796163069078527,0.013029315960666489
E1,q2_x3_resunet_cas-multistream_seed2026,cas-multistream,placebo,2026,1120,na,palu,Palu0892,0.5,46,103,242,15993,63.838031961071145,0.23103198426626817,0.28187919463053906
E1,q2_x3_resunet_cas-multistream_seed2026,cas-multistream,placebo,2026,1120,na,palu,Palu0893,0.5,1,294,276,15813,56.1915263061384,0.014903129656759738,0.01589403973465548
E1,q2_x3_resunet_cas-multistream_seed2026,cas-multistream,placebo,2026,1120,na,palu,Palu0894,0.5,0,177,185,16022,58.32874911919618,0.0,0.0
E1,q2_x3_resunet_cas-multistream_seed2026,cas-multistream,placebo,2026,1120,na,palu,Palu0895,0.5,11,312,103,15958,60.09703596849483,0.18077734257258227,0.27913578299913744
E1,q2_x3_resunet_cas-multistream_seed2026,cas-multistream,placebo,2026,1120,na,palu,Palu0896,0.5,0,274,79,16031,50.96665440715647,0.0,0.0
E1,q2_x3_resunet_cas-multistream_seed2026,cas-multistream,placebo,2026,1120,na,palu,Palu0898,0.5,47,1970,90,14277,42.789715822843554,0.16240303680434065,0.23698056925007482
E1,q2_x3_resunet_cas-multistream_seed2026,cas-multistream,placebo,2026,1120,na,palu,Palu0899,0.5,34,1690,148,14512,35.64091886442853,0.04162724692483873,0.056352201257406524
E1,q2_x3_resunet_cas-multistream_seed2026,cas-multistream,placebo,2026,1120,na,palu,Palu0900,0.5,5,1673,40,14666,63.054664649853464,0.04301075268796346,0.06278026905801029
E1,q2_x3_resunet_cas-multistream_seed2026,cas-multistream,placebo,2026,1120,na,palu,Palu0901,0.5,9,1363,264,14748,50.57417513166762,0.06271379703489983,0.07614213197921121
E1,q2_x3_resunet_cas-multistream_seed2026,cas-multistream,placebo,2026,1120,na,palu,Palu0902,0.5,13,1170,402,14799,48.23888717628692,0.059740259739762575,0.11035548686196842
E1,q2_x3_resunet_cas-multistream_seed2026,cas-multistream,placebo,2026,1120,na,palu,Palu0903,0.5,66,378,345,15595,65.1632204442225,0.16185518220504663,0.2920590533368437
E1,q2_x3_resunet_cas-multistream_seed2026,cas-multistream,placebo,2026,1120,na,palu,Palu0904,0.5,197,1610,723,13854,49.73932046178355,0.24980349936214827,0.4092779310028678
E1,q2_x3_resunet_cas-multistream_seed2026,cas-multistream,placebo,2026,1120,na,palu,Palu0905,0.5,184,955,775,14470,41.92949981999005,0.2898078359471296,0.45438411905594395
E1,q2_x3_resunet_cas-multistream_seed2026,cas-multistream,placebo,2026,1120,na,palu,Palu0906,0.5,10,132,546,15696,66.54321225541304,0.04657411553938405,0.06355680176716172
E1,q2_x3_resunet_cas-multistream_seed2026,cas-multistream,placebo,2026,1120,na,palu,Palu0907,0.5,0,1132,248,15004,63.005207724448034,0.0053191489356753194,0.015668718522356944
E1,q2_x3_resunet_cas-multistream_seed2026,cas-multistream,placebo,2026,1120,na,palu,Palu0911,0.5,0,1769,25,14590,54.42058384438924,0.0,0.0
E1,q2_x3_resunet_cas-multistream_seed2026,cas-multistream,placebo,2026,1120,na,palu,Palu0912,0.5,0,714,41,15629,69.65629906907199,0.0,0.03153745072239512
E1,q2_x3_resunet_cas-multistream_seed2026,cas-multistream,placebo,2026,1120,na,palu,Palu0913,0.5,11,320,131,15922,47.42937624397696,0.2028397565917959,0.2514450867047154
E1,q2_x3_resunet_cas-multistream_seed2026,cas-multistream,placebo,2026,1120,na,palu,Palu0914,0.5,51,548,425,15360,32.91403173599762,0.14445433307332342,0.2848584945269052
E1,q2_x3_resunet_cas-multistream_seed2026,cas-multistream,placebo,2026,1120,na,palu,Palu0915,0.5,18,61,471,15834,73.00564821396912,0.1210673038628482,0.14913957934976635
E1,q2_x3_resunet_cas-multistream_seed2026,cas-multistream,placebo,2026,1120,na,palu,Palu0916,0.5,0,23,148,16213,79.91783999568088,0.0,0.0
E1,q2_x3_resunet_cas-multistream_seed2026,cas-multistream,placebo,2026,1120,na,palu,Palu0917,0.5,0,0,111,16273,181.01933598375618,0.0,0.0
E1,q2_x3_resunet_cas-multistream_seed2026,cas-multistream,placebo,2026,1120,na,palu,Palu0918,0.5,0,1,115,16268,83.03675025466498,0.0,0.0
E1,q2_x3_resunet_cas-multistream_seed2026,cas-multistream,placebo,2026,1120,na,palu,Palu0919,0.5,10,955,48,15371,36.868662570497385,0.1401752190233676,0.1659388646284427
E1,q2_x3_resunet_cas-multistream_seed2026,cas-multistream,placebo,2026,1120,na,palu,Palu0920,0.5,0,1906,65,14413,53.01273236859769,0.0,0.0
E1,q2_x3_resunet_cas-multistream_seed2026,cas-multistream,placebo,2026,1120,na,palu,Palu0921,0.5,0,2034,70,14280,63.330481561674546,0.0,0.0
E1,q2_x3_resunet_cas-multistream_seed2026,cas-multistream,placebo,2026,1120,na,palu,Palu0922,0.5,7,2467,408,13502,68.21985724836884,0.06845965770123845,0.10780086240645143
E1,q2_x3_resunet_cas-multistream_seed2026,cas-multistream,placebo,2026,1120,na,palu,Palu0923,0.5,0,951,418,15015,82.4452831842628,0.0,0.0
E1,q2_x3_resunet_cas-multistream_seed2026,cas-multistream,placebo,2026,1120,na,palu,Palu0924,0.5,31,1122,70,15161,56.61978180109813,0.07424328954850258,0.18468468468428412
E1,q2_x3_resunet_cas-multistream_seed2026,cas-multistream,placebo,2026,1120,na,palu,Palu0925,0.5,12,1995,78,14299,38.897300677553446,0.07459645823504184,0.09064155385481595
E1,q2_x3_resunet_cas-multistream_seed2026,cas-multistream,placebo,2026,1120,na,palu,Palu0926,0.5,0,744,33,15607,66.75102961408425,0.0,0.0
E1,q2_x3_resunet_cas-multistream_seed2026,cas-multistream,placebo,2026,1120,na,palu,Palu0928,0.5,18,652,209,15505,44.27300609274706,0.1274973310960399,0.18184307818662118
E1,q2_x3_resunet_cas-multistream_seed2026,cas-multistream,placebo,2026,1120,na,palu,Palu0929,0.5,133,134,228,15889,59.45417918383342,0.3477293790543471,0.4957861430637605
E1,q2_x3_resunet_cas-multistream_seed2026,cas-multistream,placebo,2026,1120,na,palu,Palu0930,0.5,0,0,872,15512,181.01933598375618,0.0,0.0
E1,q2_x3_resunet_cas-multistream_seed2026,cas-multistream,placebo,2026,1120,na,palu,Palu0931,0.5,678,373,751,14582,50.59246349977495,0.2661690666475874,0.45084831800663505
E1,q2_x3_resunet_cas-multistream_seed2026,cas-multistream,placebo,2026,1120,na,palu,Palu0932,0.5,0,302,760,15322,78.49481952925717,0.0,0.0
E1,q2_x3_resunet_cas-multistream_seed2026,cas-multistream,placebo,2026,1120,na,palu,Palu0933,0.5,0,269,59,16056,54.814743005667225,0.0,0.0
E1,q2_x3_resunet_cas-multistream_seed2026,cas-multistream,placebo,2026,1120,na,palu,Palu0937,0.5,0,1068,57,15259,84.04760471546513,0.0,0.0
E1,q2_x3_resunet_cas-multistream_seed2026,cas-multistream,placebo,2026,1120,na,palu,Palu0938,0.5,222,2071,268,13823,44.22867833705018,0.1918784220127112,0.36293415041325866
E1,q2_x3_resunet_cas-multistream_seed2026,cas-multistream,placebo,2026,1120,na,palu,Palu0939,0.5,1397,2188,1576,11223,30.4138126514911,0.26235404072025176,0.4058227828420593
E1,q2_x3_resunet_cas-multistream_seed2026,cas-multistream,placebo,2026,1120,na,palu,Palu0940,0.5,1744,1698,1095,11847,28.74875388375036,0.19680930371204178,0.3440224492851076
E1,q2_x3_resunet_cas-multistream_seed2026,cas-multistream,placebo,2026,1120,na,palu,Palu0941,0.5,12,1322,313,14737,36.02637417390872,0.02494802494768838,0.052631578946997035
E1,q2_x3_resunet_cas-multistream_seed2026,cas-multistream,placebo,2026,1120,na,palu,Palu0942,0.5,33,1177,28,15146,33.04379839566385,0.041355542791258124,0.11095100864526279
E1,q2_x3_resunet_cas-multistream_seed2026,cas-multistream,placebo,2026,1120,na,palu,Palu0943,0.5,0,4309,35,12040,98.07089136176454,0.0,0.0
E1,q2_x3_resunet_cas-multistream_seed2026,cas-multistream,placebo,2026,1120,na,palu,Palu0945,0.5,5,260,156,15963,66.8218142170814,0.05439709882091737,0.05439709882091737
E1,q2_x3_resunet_cas-multistream_seed2026,cas-multistream,placebo,2026,1120,na,palu,Palu0946,0.5,106,604,337,15337,45.21725139577266,0.2554956449601182,0.37997858801123774
E1,q2_x3_resunet_cas-multistream_seed2026,cas-multistream,placebo,2026,1120,na,palu,Palu0947,0.5,162,474,749,14999,65.71129977806919,0.19419138297108696,0.29014181152757795
E1,q2_x3_resunet_cas-multistream_seed2026,cas-multistream,placebo,2026,1120,na,palu,Palu0948,0.5,142,353,1075,14814,49.01020301937138,0.15655577299386506,0.24577373211936807
E1,q2_x3_resunet_cas-multistream_seed2026,cas-multistream,placebo,2026,1120,na,palu,Palu0949,0.5,0,527,679,15178,72.98239807985567,0.013117826188577828,0.026666666666463112
E1,q2_x3_resunet_cas-multistream_seed2026,cas-multistream,placebo,2026,1120,na,palu,Palu0950,0.5,0,0,93,16291,181.01933598375618,0.0,0.0
E1,q2_x3_resunet_cas-multistream_seed2026,cas-multistream,placebo,2026,1120,na,palu,Palu0952,0.5,0,939,40,15405,93.43446901438462,0.0,0.0
E1,q2_x3_resunet_cas-multistream_seed2026,cas-multistream,placebo,2026,1120,na,palu,Palu0953,0.5,95,1369,587,14333,34.92849839314596,0.12725665951229767,0.2429693006971707
E1,q2_x3_resunet_cas-multistream_seed2026,cas-multistream,placebo,2026,1120,na,palu,Palu0954,0.5,323,1904,2521,11636,39.14825519123075,0.2061590272488939,0.31671331141438674
E1,q2_x3_resunet_cas-multistream_seed2026,cas-multistream,placebo,2026,1120,na,palu,Palu0955,0.5,168,1866,2329,12021,58.005683274598155,0.16357519829586903,0.290545497977586
E1,q2_x3_resunet_cas-multistream_seed2026,cas-multistream,placebo,2026,1120,na,palu,Palu0956,0.5,0,1126,336,14922,59.815239764869496,0.0,0.0
E1,q2_x3_resunet_cas-multistream_seed2026,cas-multistream,placebo,2026,1120,na,palu,Palu0957,0.5,31,1791,36,14526,34.02351670908248,0.07572016460885725,0.16391949731328304
E1,q2_x3_resunet_cas-multistream_seed2026,cas-multistream,placebo,2026,1120,na,palu,Palu0958,0.5,0,1437,26,14921,56.48444855186905,0.0,0.0
E1,q2_x3_resunet_cas-multistream_seed2026,cas-multistream,placebo,2026,1120,na,palu,Palu0959,0.5,0,447,33,15904,82.60138613612925,0.0,0.0
E1,q2_x3_resunet_cas-multistream_seed2026,cas-multistream,placebo,2026,1120,na,palu,Palu0960,0.5,90,694,516,15084,49.05684105804349,0.20405058155211617,0.27805611222397386
E1,q2_x3_resunet_cas-multistream_seed2026,cas-multistream,placebo,2026,1120,na,palu,Palu0961,0.5,459,1894,573,13458,40.35769492177785,0.20665478659649514,0.3825720855956106
E1,q2_x3_resunet_cas-multistream_seed2026,cas-multistream,placebo,2026,1120,na,palu,Palu0962,0.5,177,1267,882,14058,44.03521041456256,0.2129260061571556,0.3254579296920304
E1,q2_x3_resunet_cas-multistream_seed2026,cas-multistream,placebo,2026,1120,na,palu,Palu0963,0.5,123,912,659,14690,41.126021820500796,0.17864670105740502,0.34312779580698965
E1,q2_x3_resunet_cas-multistream_seed2026,cas-multistream,placebo,2026,1120,na,palu,Palu0964,0.5,31,292,184,15877,73.86301900098601,0.14390842191284606,0.23659451279651206
E1,q2_x3_resunet_cas-multistream_seed2026,cas-multistream,placebo,2026,1120,na,palu,Palu0965,0.5,0,1019,34,15331,80.20129280297236,0.0,0.0
E1,q2_x3_resunet_cas-multistream_seed2026,cas-multistream,placebo,2026,1120,na,palu,Palu0967,0.5,40,653,363,15328,50.70294089159302,0.1493947446113662,0.223895080424274
E1,q2_x3_resunet_cas-multistream_seed2026,cas-multistream,placebo,2026,1120,na,palu,Palu0968,0.5,205,1787,377,14015,42.45854500227857,0.10351505193317548,0.21177694909334766
E1,q2_x3_resunet_cas-multistream_seed2026,cas-multistream,placebo,2026,1120,na,palu,Palu0969,0.5,38,2714,198,13434,53.44214725403035,0.10279667422476725,0.19769060066904234
E1,q2_x3_resunet_cas-multistream_seed2026,cas-multistream,placebo,2026,1120,na,palu,Palu0970,0.5,13,1037,56,15278,48.39773986234289,0.12665515256157345,0.16002155172376567
E1,q2_x3_resunet_cas-multistream_seed2026,cas-multistream,placebo,2026,1120,na,palu,Palu0971,0.5,2,1490,100,14792,34.43251145518923,0.007628734901238321,0.08636099825838814
E1,q2_x3_resunet_cas-multistream_seed2026,cas-multistream,placebo,2026,1120,na,palu,Palu0972,0.5,14,885,151,15334,37.7595540434525,0.08338256392906877,0.13716245177843212
E1,q2_x3_resunet_cas-multistream_seed2026,cas-multistream,placebo,2026,1120,na,palu,Palu0973,0.5,5,2133,159,14087,48.50566893862316,0.02987197723995416,0.05483028720576755
E1,q2_x3_resunet_cas-multistream_seed2026,cas-multistream,placebo,2026,1120,na,palu,Palu0974,0.5,391,1399,529,14065,37.310663465676235,0.2513264451265889,0.39225543884801806
E1,q2_x3_resunet_cas-multistream_seed2026,cas-multistream,placebo,2026,1120,na,palu,Palu0975,0.5,205,798,964,14417,33.75378700960959,0.315624883102864,0.4559424008320537
E1,q2_x3_resunet_cas-multistream_seed2026,cas-multistream,placebo,2026,1120,na,palu,Palu0976,0.5,98,412,609,15265,56.32405631039079,0.16775751413840662,0.2744532661885446
E1,q2_x3_resunet_cas-multistream_seed2026,cas-multistream,placebo,2026,1120,na,palu,Palu0977,0.5,161,885,303,15035,48.02593195451932,0.24718429183650953,0.4070899089465699
E1,q2_x3_resunet_cas-multistream_seed2026,cas-multistream,placebo,2026,1120,na,palu,Palu0978,0.5,0,1320,89,14975,52.59071186928228,0.0,0.0
E1,q2_x3_resunet_cas-multistream_seed2026,cas-multistream,placebo,2026,1120,na,palu,Palu0980,0.5,25,1450,116,14793,52.80151512977634,0.06267136701869988,0.15446768060787333
E1,q2_x3_resunet_cas-multistream_seed2026,cas-multistream,placebo,2026,1120,na,palu,Palu0981,0.5,127,1405,169,14683,37.75938791177434,0.16058394160537992,0.26993865030627934
E1,q2_x3_resunet_cas-multistream_seed2026,cas-multistream,placebo,2026,1120,na,palu,Palu0982,0.5,12,3378,148,12846,43.52120528276419,0.0,0.006589785831461939
E1,q2_x3_resunet_cas-multistream_seed2026,cas-multistream,placebo,2026,1120,na,palu,Palu0984,0.5,20,777,147,15440,66.36254164527956,0.08382154123430104,0.17785378366774174
E1,q2_x3_resunet_cas-multistream_seed2026,cas-multistream,placebo,2026,1120,na,palu,Palu0985,0.5,81,1016,270,15017,35.39488080608934,0.15312990800942824,0.3158484923992942
E1,q2_x3_resunet_cas-multistream_seed2026,cas-multistream,placebo,2026,1120,na,palu,Palu0986,0.5,51,2426,305,13602,43.92474305089442,0.0284596229095021,0.10146169354788771
E1,q2_x3_resunet_cas-multistream_seed2026,cas-multistream,placebo,2026,1120,na,palu,Palu0987,0.5,79,430,470,15405,43.498787013354324,0.17155756207629053,0.2444692888839301
E1,q2_x3_resunet_cas-multistream_seed2026,cas-multistream,placebo,2026,1120,na,palu,Palu0988,0.5,125,844,385,15030,44.553338819890925,0.25123120871688215,0.3734866286676373
E1,q2_x3_resunet_cas-multistream_seed2026,cas-multistream,placebo,2026,1120,na,palu,Palu0989,0.5,33,562,207,15582,63.160980589391336,0.1505793476592006,0.24998065963500146
E1,q2_x3_resunet_cas-multistream_seed2026,cas-multistream,placebo,2026,1120,na,palu,Palu0990,0.5,0,0,133,16251,181.01933598375618,0.0,0.0
E1,q2_x3_resunet_cas-multistream_seed2026,cas-multistream,placebo,2026,1120,na,palu,Palu0991,0.5,0,687,30,15667,62.79670471196315,0.0,0.0
E1,q2_x3_resunet_cas-multistream_seed2026,cas-multistream,placebo,2026,1120,na,palu,Palu0993,0.5,0,687,19,15678,87.12404514142904,0.0,0.0
E1,q2_x3_resunet_cas-multistream_seed2026,cas-multistream,placebo,2026,1120,na,palu,Palu0994,0.5,8,661,228,15487,48.17666733263695,0.04897959183626775,0.07443458345217158
E1,q2_x3_resunet_cas-multistream_seed2026,cas-multistream,placebo,2026,1120,na,palu,Palu0995,0.5,143,670,387,15184,42.58386740584553,0.2663697724580625,0.41924578979015364
E1,q2_x3_resunet_cas-multistream_seed2026,cas-multistream,placebo,2026,1120,na,palu,Palu0996,0.5,150,2620,548,13066,31.34881856737141,0.20389073115883607,0.3393665158366217
E1,q2_x3_resunet_cas-multistream_seed2026,cas-multistream,placebo,2026,1120,na,palu,Palu0997,0.5,191,469,373,15351,56.652440441131105,0.27251211540592285,0.43398692810420975
E1,q2_x3_resunet_cas-multistream_seed2026,cas-multistream,placebo,2026,1120,na,palu,Palu0998,0.5,74,613,197,15500,71.6191263519827,0.2603987580503686,0.36276421361355204
E1,q2_x3_resunet_cas-multistream_seed2026,cas-multistream,placebo,2026,1120,na,palu,Palu0999,0.5,9,436,126,15813,53.47148449150291,0.14836363636314542,0.2084788029920456
E1,q2_x3_resunet_cas-multistream_seed2026,cas-multistream,placebo,2026,1120,na,palu,Palu1000,0.5,0,164,59,16161,61.00396957860226,0.0,0.0
E1,q2_x3_resunet_cas-multistream_seed2026,cas-multistream,placebo,2026,1120,na,palu,Palu1001,0.5,0,230,19,16135,49.64533673302639,0.0,0.0
E1,q2_x3_resunet_cas-multistream_seed2026,cas-multistream,placebo,2026,1120,na,palu,Palu1004,0.5,0,1611,18,14755,98.39962044435455,0.0,0.0
E1,q2_x3_resunet_cas-multistream_seed2026,cas-multistream,placebo,2026,1120,na,palu,Palu1005,0.5,0,995,61,15328,63.63327622630199,0.0,0.0
E1,q2_x3_resunet_cas-multistream_seed2026,cas-multistream,placebo,2026,1120,na,palu,Palu1006,0.5,64,418,365,15537,59.501241153547696,0.2803610503277927,0.36803817726782534
E1,q2_x3_resunet_cas-multistream_seed2026,cas-multistream,placebo,2026,1120,na,palu,Palu1007,0.5,275,1023,999,14087,36.09431035792817,0.2722476011885308,0.39170226600531394
E1,q2_x3_resunet_cas-multistream_seed2026,cas-multistream,placebo,2026,1120,na,palu,Palu1008,0.5,446,1522,838,13578,38.467508463490056,0.36592934634149715,0.538818076476944
E1,q2_x3_resunet_cas-multistream_seed2026,cas-multistream,placebo,2026,1120,na,palu,Palu1009,0.5,187,1257,393,14547,46.365884291045546,0.17993920972599667,0.33700534759314094
E1,q2_x3_resunet_cas-multistream_seed2026,cas-multistream,placebo,2026,1120,na,palu,Palu1010,0.5,15,136,227,16006,61.26989472816156,0.03719008264438068,0.10852713178275225
E1,q2_x3_resunet_cas-multistream_seed2026,cas-multistream,placebo,2026,1120,na,palu,Palu1011,0.5,6,638,62,15678,50.16209576864289,0.029887920298431223,0.10320562939748155
E1,q2_x3_resunet_cas-multistream_seed2026,cas-multistream,placebo,2026,1120,na,palu,Palu1012,0.5,3,70,41,16270,81.25380799088367,0.1364522417149198,0.2429149797566415
E1,q2_x3_resunet_cas-multistream_seed2026,cas-multistream,placebo,2026,1120,na,palu,Palu1013,0.5,0,295,19,16070,57.718213972411135,0.016666666666400137,0.08633093525140127
E1,q2_x3_resunet_cas-multistream_seed2026,cas-multistream,placebo,2026,1120,na,palu,Palu1016,0.5,0,637,19,15728,49.25949572217385,0.0,0.0
E1,q2_x3_resunet_cas-multistream_seed2026,cas-multistream,placebo,2026,1120,na,palu,Palu1017,0.5,9,1577,63,14735,34.92849839314596,0.08003557136461907,0.13329294153237856
E1,q2_x3_resunet_cas-multistream_seed2026,cas-multistream,placebo,2026,1120,na,palu,Palu1018,0.5,199,903,307,14975,38.501276108005186,0.2678187583794856,0.4253578732101528
E1,q2_x3_resunet_cas-multistream_seed2026,cas-multistream,placebo,2026,1120,na,palu,Palu1019,0.5,341,963,1317,13763,33.815611031033825,0.2601461726143484,0.39522831936933606
E1,q2_x3_resunet_cas-multistream_seed2026,cas-multistream,placebo,2026,1120,na,palu,Palu1020,0.5,198,542,1330,14314,50.8408735740033,0.15721588624572458,0.24035706518110114
E1,q2_x3_resunet_cas-multistream_seed2026,cas-multistream,placebo,2026,1120,na,palu,Palu1021,0.5,49,631,378,15326,46.242393415942324,0.11865773694682771,0.23140331381709034
E1,q2_x3_resunet_cas-multistream_seed2026,cas-multistream,placebo,2026,1120,na,palu,Palu1022,0.5,24,645,112,15603,60.919992075944776,0.03448275862019337,0.13127413127364773
E1,q2_x3_resunet_cas-multistream_seed2026,cas-multistream,placebo,2026,1120,na,palu,Palu1023,0.5,13,1401,11,14959,46.87216658103186,0.07823960880174882,0.17767653758512922
E1,q2_x3_resunet_cas-multistream_seed2026,cas-multistream,placebo,2026,1120,na,palu,Palu1028,0.5,0,1491,59,14834,63.68262485608875,0.0,0.0
E1,q2_x3_resunet_cas-multistream_seed2026,cas-multistream,placebo,2026,1120,na,palu,Palu1029,0.5,78,1238,287,14781,42.28059310326491,0.2002606655655792,0.29399360265321417
E1,q2_x3_resunet_cas-multistream_seed2026,cas-multistream,placebo,2026,1120,na,palu,Palu1030,0.5,61,162,1096,15065,64.69203469639311,0.10050616998036542,0.13074565883542427
E1,q2_x3_resunet_cas-multistream_seed2026,cas-multistream,placebo,2026,1120,na,palu,Palu1031,0.5,199,761,1088,14336,53.74705902382361,0.28556697949630516,0.3858918351447265
E1,q2_x3_resunet_cas-multistream_seed2026,cas-multistream,placebo,2026,1120,na,palu,Palu1032,0.5,27,685,447,15225,66.60367130842415,0.04381597291344297,0.09698220273376772
E1,q2_x3_resunet_cas-multistream_seed2026,cas-multistream,placebo,2026,1120,na,palu,Palu1033,0.5,2,1055,36,15291,63.64432377015996,0.03393939393897638,0.06387832699570467
E1,q2_x3_resunet_cas-multistream_seed2026,cas-multistream,placebo,2026,1120,na,palu,Palu1034,0.5,0,0,19,16365,181.01933598375618,0.0,0.0
E1,q2_x3_resunet_cas-multistream_seed2026,cas-multistream,placebo,2026,1120,na,palu,Palu1035,0.5,0,48,22,16314,87.11142160759142,0.0,0.0
E1,q2_x3_resunet_cas-multistream_seed2026,cas-multistream,placebo,2026,1120,na,palu,Palu1037,0.5,0,289,49,16046,70.49745268529,0.0,0.0
E1,q2_x3_resunet_cas-multistream_seed2026,cas-multistream,placebo,2026,1120,na,palu,Palu1038,0.5,4,111,237,16032,72.89737579108476,0.031658637302038085,0.03218173213433935
E1,q2_x3_resunet_cas-multistream_seed2026,cas-multistream,placebo,2026,1120,na,palu,Palu1039,0.5,80,885,516,14903,57.706152185014034,0.1809751538466683,0.2936678871415569
E1,q2_x3_resunet_cas-multistream_seed2026,cas-multistream,placebo,2026,1120,na,palu,Palu1040,0.5,231,292,601,15260,62.369788645124814,0.35093747772119555,0.42678687030919116
E1,q2_x3_resunet_cas-multistream_seed2026,cas-multistream,placebo,2026,1120,na,palu,Palu1041,0.5,45,894,407,15038,58.31969761208672,0.08152806894898866,0.13656451847854206
E1,q2_x3_resunet_cas-multistream_seed2026,cas-multistream,placebo,2026,1120,na,palu,Palu1042,0.5,0,1673,26,14685,46.023896382082626,0.0,0.0
E1,q2_x3_resunet_cas-multistream_seed2026,cas-multistream,placebo,2026,1120,na,palu,Palu1045,0.5,0,689,39,15656,64.61884822979339,0.0,0.0
E1,q2_x3_resunet_cas-multistream_seed2026,cas-multistream,placebo,2026,1120,na,palu,Palu1046,0.5,0,533,51,15800,67.72139482355234,0.0,0.0660611065231061
E1,q2_x3_resunet_cas-multistream_seed2026,cas-multistream,placebo,2026,1120,na,palu,Palu1047,0.5,0,178,30,16176,68.523070829111,0.0,0.0
E1,q2_x3_resunet_cas-multistream_seed2026,cas-multistream,placebo,2026,1120,na,palu,Palu1049,0.5,0,80,20,16284,69.93437721104227,0.0,0.0
E1,q2_x3_resunet_cas-multistream_seed2026,cas-multistream,placebo,2026,1120,na,palu,Palu1050,0.5,7,296,92,15989,59.454061370541886,0.04481792717037432,0.09872525088105397
E1,q2_x3_resunet_cas-multistream_seed2026,cas-multistream,placebo,2026,1120,na,palu,Palu1051,0.5,57,934,167,15226,57.22408033201482,0.2557221783736128,0.3607383581564792
E1,q2_x3_resunet_cas-multistream_seed2026,cas-multistream,placebo,2026,1120,na,palu,Palu1052,0.5,118,573,359,15334,46.527286656218614,0.1488833746894363,0.31868790905021666
E1,q2_x3_resunet_cas-multistream_seed2026,cas-multistream,placebo,2026,1120,na,palu,Palu1053,0.5,22,273,329,15760,74.60692514203072,0.12114152591692277,0.12460340351851054
E1,q2_x3_resunet_cas-multistream_seed2026,cas-multistream,placebo,2026,1120,na,palu,Palu1054,0.5,0,1682,21,14681,74.40631687240993,0.0,0.0
E1,q2_x3_resunet_cas-multistream_seed2026,cas-multistream,placebo,2026,1120,na,palu,Palu1056,0.5,20,412,6,15946,34.729862998481245,0.09339559706442309,0.4368932038830885
E1,q2_x3_resunet_cas-multistream_seed2026,cas-multistream,placebo,2026,1120,na,palu,Palu1057,0.5,0,366,50,15968,54.865670019827874,0.03636363636314975,0.09887640449389141
E1,q2_x3_resunet_cas-multistream_seed2026,cas-multistream,placebo,2026,1120,na,palu,Palu1058,0.5,0,116,32,16236,58.09256583692889,0.0,0.0
E1,q2_x3_resunet_cas-multistream_seed2026,cas-multistream,placebo,2026,1120,na,palu,Palu1059,0.5,0,0,17,16367,181.01933598375618,0.0,0.0
E1,q2_x3_resunet_cas-multistream_seed2026,cas-multistream,placebo,2026,1120,na,palu,Palu1060,0.5,0,65,22,16297,60.705107377648986,0.0,0.0
E1,q2_x3_resunet_cas-multistream_seed2026,cas-multistream,placebo,2026,1120,na,palu,Palu1062,0.5,7,584,93,15700,67.29956326295371,0.07349081364779728,0.12200208550529835
E1,q2_x3_resunet_cas-multistream_seed2026,cas-multistream,placebo,2026,1120,na,palu,Palu1063,0.5,130,2150,122,13982,37.8021163428716,0.14500050347349538,0.2659604653357428
E1,q2_x3_resunet_cas-multistream_seed2026,cas-multistream,placebo,2026,1120,na,palu,Palu1064,0.5,106,3978,51,12249,63.5121021068384,0.11522434929609698,0.18736930154713363
E1,q2_x3_resunet_cas-multistream_seed2026,cas-multistream,placebo,2026,1120,na,palu,Palu1069,0.5,1,352,25,16006,59.770970407516415,0.0799999999995008,0.09271523178760055
E1,q2_x3_resunet_cas-multistream_seed2026,cas-multistream,placebo,2026,1120,na,palu,Palu1070,0.5,0,0,42,16342,181.01933598375618,0.0,0.0
E1,q2_x3_resunet_cas-multistream_seed2026,cas-multistream,placebo,2026,1120,na,palu,Palu1071,0.5,10,1113,47,15214,45.97607744685772,0.062029242356733676,0.1450435601596439
E1,q2_x3_resunet_cas-multistream_seed2026,cas-multistream,placebo,2026,1120,na,palu,Palu1072,0.5,13,1393,90,14888,41.494729918403145,0.08622249020153996,0.14053746082946886
E1,q2_x3_resunet_cas-multistream_seed2026,cas-multistream,placebo,2026,1120,na,palu,Palu1073,0.5,0,4199,68,12117,59.09098395115091,0.0,0.0
E1,q2_x3_resunet_cas-multistream_seed2026,cas-multistream,placebo,2026,1120,na,palu,Palu1074,0.5,0,2906,24,13454,60.43177801932369,0.0,0.0
E1,q2_x3_resunet_cas-multistream_seed2026,cas-multistream,placebo,2026,1120,na,palu,Palu1075,0.5,5,526,23,15830,37.9024372082957,0.174062607498943,0.18401651430238708
E1,q2_x3_resunet_cas-multistream_seed2026,cas-multistream,placebo,2026,1120,na,palu,Palu1076,0.5,22,684,8,15670,35.39487388424053,0.22801572522222108,0.3462353167722844
E1,q2_x3_resunet_cas-multistream_seed2026,cas-multistream,placebo,2026,1120,na,palu,Palu1078,0.5,0,0,20,16364,181.01933598375618,0.0,0.0
E1,q2_x3_resunet_cas-multistream_seed2026,cas-multistream,placebo,2026,1120,na,palu,Palu1079,0.5,0,0,25,16359,181.01933598375618,0.0,0.0
E1,q2_x3_resunet_cas-multistream_seed2026,cas-multistream,placebo,2026,1120,na,palu,Palu1080,0.5,0,801,25,15558,55.13951954867785,0.0,0.0
E1,q2_x3_resunet_cas-multistream_seed2026,cas-multistream,placebo,2026,1120,na,palu,Palu1081,0.5,43,1202,26,15113,44.61980968844023,0.1928749716357188,0.3901611535195182
E1,q2_x3_resunet_cas-multistream_seed2026,cas-multistream,placebo,2026,1120,na,palu,Palu1082,0.5,23,1483,56,14822,31.527754200433517,0.12560762201011383,0.2107904642404855
E1,q2_x3_resunet_cas-multistream_seed2026,cas-multistream,placebo,2026,1120,na,palu,Palu1083,0.5,18,3364,273,12729,39.903538526913856,0.07384908581943743,0.11524358302733026
E1,q2_x3_resunet_cas-multistream_seed2026,cas-multistream,placebo,2026,1120,na,palu,Palu1084,0.5,547,1294,22,14521,45.58068626115643,0.4596871962884388,0.525683468602756
E1,q2_x3_resunet_cas-multistream_seed2026,cas-multistream,placebo,2026,1120,na,palu,Palu1085,0.5,25,374,288,15697,58.364787858077776,0.26270945753997244,0.2955665024625548
E1,q2_x3_resunet_cas-multistream_seed2026,cas-multistream,placebo,2026,1120,na,palu,Palu1087,0.5,0,0,26,16358,181.01933598375618,0.0,0.0
E1,q2_x3_resunet_cas-multistream_seed2026,cas-multistream,placebo,2026,1120,na,palu,Palu1088,0.5,5,403,42,15934,37.40495457243184,0.08571428571381183,0.1280788177335018
E1,q2_x3_resunet_cas-multistream_seed2026,cas-multistream,placebo,2026,1120,na,palu,Palu1089,0.5,0,1506,281,14597,54.16449174410621,0.0078585461686155,0.025279884434408074
E1,q2_x3_resunet_cas-multistream_seed2026,cas-multistream,placebo,2026,1120,na,palu,Palu1090,0.5,184,272,364,15564,58.86296808433621,0.3320624769396059,0.4248246709573254
E1,q2_x3_resunet_cas-multistream_seed2026,cas-multistream,placebo,2026,1120,na,palu,Palu1091,0.5,0,0,290,16094,181.01933598375618,0.0,0.0
