experiment,run_id,regime,role,seed,step,buffer_m,region,id,threshold,tp,fp,fn,tn,hd95,f1_2,f1_4
E1,q2_x3_resunet_cas-single_seed2026,cas-single,single-stream,2026,1120,na,hokkaido_iburi_tobu,Hokkaido0001,0.5,0,3178,50,13156,74.59750834542115,0.0,0.0
E1,q2_x3_resunet_cas-single_seed2026,cas-single,single-stream,2026,1120,na,hokkaido_iburi_tobu,Hokkaido0002,0.5,0,3074,67,13243,90.16904546355914,0.0,0.0
E1,q2_x3_resunet_cas-single_seed2026,cas-single,single-stream,2026,1120,na,hokkaido_iburi_tobu,Hokkaido0003,0.5,0,1864,254,14266,54.56189146281496,0.0,0.0
E1,q2_x3_resunet_cas-single_seed2026,cas-single,single-stream,2026,1120,na,hokkaido_iburi_tobu,Hokkaido0004,0.5,0,0,237,16147,181.01933598375618,0.0,0.0
E1,q2_x3_resunet_cas-single_seed2026,cas-single,single-stream,2026,1120,na,hokkaido_iburi_tobu,Hokkaido0005,0.5,0,0,46,16338,181.01933598375618,0.0,0.0
E1,q2_x3_resunet_cas-single_seed2026,cas-single,single-stream,2026,1120,na,hokkaido_iburi_tobu,Hokkaido0008,0.5,0,115,70,16199,38.59983340888677,0.0,0.0
E1,q2_x3_resunet_cas-single_seed2026,cas-single,single-stream,2026,1120,na,hokkaido_iburi_tobu,Hokkaido0009,0.5,23,2297,131,13933,65.55000000000001,0.12993039443114665,0.1595333206514187
E1,q2_x3_resunet_cas-single_seed2026,cas-single,single-stream,2026,1120,na,hokkaido_iburi_tobu,Hokkaido0010,0.5,71,3170,473,12670,46.66904755831214,0.045630474637919305,0.07306226175299499
E1,q2_x3_resunet_cas-single_seed2026,cas-single,single-stream,2026,1120,na,hokkaido_iburi_tobu,Hokkaido0011,0.5,15,2502,559,13308,47.43942952220035,0.02123893805263999,0.044621513943736445
E1,q2_x3_resunet_cas-single_seed2026,cas-single,single-stream,2026,1120,na,hokkaido_iburi_tobu,Hokkaido0012,0.5,31,1045,580,14728,59.99580581635037,0.0,0.0
E1,q2_x3_resunet_cas-single_seed2026,cas-single,single-stream,2026,1120,na,hokkaido_iburi_tobu,Hokkaido0013,0.5,119,2001,700,13564,46.56443226197356,0.04662760254293429,0.07351645711500555
E1,q2_x3_resunet_cas-single_seed2026,cas-single,single-stream,2026,1120,na,hokkaido_iburi_tobu,Hokkaido0014,0.5,33,1332,430,14589,44.061295203041496,0.07439049801992267,0.11179002916211732
E1,q2_x3_resunet_cas-single_seed2026,cas-single,single-stream,2026,1120,na,hokkaido_iburi_tobu,Hokkaido0015,0.5,0,1456,127,14801,68.82513796242472,0.0,0.0
E1,q2_x3_resunet_cas-single_seed2026,cas-single,single-stream,2026,1120,na,hokkaido_iburi_tobu,Hokkaido0017,0.5,0,1350,276,14758,46.80024992578509,0.0,0.0
E1,q2_x3_resunet_cas-single_seed2026,cas-single,single-stream,2026,1120,na,hokkaido_iburi_tobu,Hokkaido0018,0.5,0,0,671,15713,181.01933598375618,0.0,0.0
E1,q2_x3_resunet_cas-single_seed2026,cas-single,single-stream,2026,1120,na,hokkaido_iburi_tobu,Hokkaido0019,0.5,0,0,1308,15076,181.01933598375618,0.0,0.0
E1,q2_x3_resunet_cas-single_seed2026,cas-single,single-stream,2026,1120,na,hokkaido_iburi_tobu,Hokkaido0020,0.5,142,385,1203,14654,51.80623235797232,0.10224513270540067,0.16534106721712255
E1,q2_x3_resunet_cas-single_seed2026,cas-single,single-stream,2026,1120,na,hokkaido_iburi_tobu,Hokkaido0021,0.5,279,2453,637,13015,52.43090691567332,0.2510230361992712,0.39267015706758107
E1,q2_x3_resunet_cas-single_seed2026,cas-single,single-stream,2026,1120,na,hokkaido_iburi_tobu,Hokkaido0022,0.5,55,343,902,15084,64.62350020923125,0.1124105428518861,0.14986180775897492
E1,q2_x3_resunet_cas-single_seed2026,cas-single,single-stream,2026,1120,na,hokkaido_iburi_tobu,Hokkaido0023,0.5,145,1230,573,14436,49.60844553552258,0.17644447559595267,0.31525858073619184
E1,q2_x3_resunet_cas-single_seed2026,cas-single,single-stream,2026,1120,na,hokkaido_iburi_tobu,Hokkaido0024,0.5,53,2636,203,13492,43.278170016764804,0.004166666666188368,0.0315492957741582
E1,q2_x3_resunet_cas-single_seed2026,cas-single,single-stream,2026,1120,na,hokkaido_iburi_tobu,Hokkaido0025,0.5,0,2341,25,14018,59.665735560705194,0.02867383512524495,0.07727044656274057
E1,q2_x3_resunet_cas-single_seed2026,cas-single,single-stream,2026,1120,na,hokkaido_iburi_tobu,Hokkaido0027,0.5,9,713,622,15040,53.050781211856744,0.049492385786398425,0.09652379345216316
E1,q2_x3_resunet_cas-single_seed2026,cas-single,single-stream,2026,1120,na,hokkaido_iburi_tobu,Hokkaido0028,0.5,0,559,825,15000,64.1540870798716,0.0,0.0
E1,q2_x3_resunet_cas-single_seed2026,cas-single,single-stream,2026,1120,na,hokkaido_iburi_tobu,Hokkaido0029,0.5,0,0,1683,14701,181.01933598375618,0.0,0.0
E1,q2_x3_resunet_cas-single_seed2026,cas-single,single-stream,2026,1120,na,hokkaido_iburi_tobu,Hokkaido0030,0.5,0,0,1956,14428,181.01933598375618,0.0,0.0
E1,q2_x3_resunet_cas-single_seed2026,cas-single,single-stream,2026,1120,na,hokkaido_iburi_tobu,Hokkaido0031,0.5,0,21,1259,15104,79.20542904395796,0.004581901489026393,0.022160664819587512
E1,q2_x3_resunet_cas-single_seed2026,cas-single,single-stream,2026,1120,na,hokkaido_iburi_tobu,Hokkaido0032,0.5,177,3536,523,12148,40.311288741492746,0.12285571279015424,0.20483735528494215
E1,q2_x3_resunet_cas-single_seed2026,cas-single,single-stream,2026,1120,na,hokkaido_iburi_tobu,Hokkaido0033,0.5,54,2463,399,13468,46.804801154351026,0.09108280254727302,0.12300473095070343
E1,q2_x3_resunet_cas-single_seed2026,cas-single,single-stream,2026,1120,na,hokkaido_iburi_tobu,Hokkaido0034,0.5,70,1732,349,14233,54.65233334113605,0.04276550249415451,0.10665451230579172
E1,q2_x3_resunet_cas-single_seed2026,cas-single,single-stream,2026,1120,na,hokkaido_iburi_tobu,Hokkaido0035,0.5,88,2697,303,13296,38.251764799225384,0.13502538071017134,0.22501104728187243
E1,q2_x3_resunet_cas-single_seed2026,cas-single,single-stream,2026,1120,na,hokkaido_iburi_tobu,Hokkaido0036,0.5,1,2126,178,14079,51.63912896287992,0.030181086518634128,0.06818181818138022
E1,q2_x3_resunet_cas-single_seed2026,cas-single,single-stream,2026,1120,na,hokkaido_iburi_tobu,Hokkaido0037,0.5,0,1357,39,14988,80.11429315955728,0.0,0.0
E1,q2_x3_resunet_cas-single_seed2026,cas-single,single-stream,2026,1120,na,hokkaido_iburi_tobu,Hokkaido0038,0.5,0,1721,39,14624,76.4568205344355,0.0,0.0
E1,q2_x3_resunet_cas-single_seed2026,cas-single,single-stream,2026,1120,na,hokkaido_iburi_tobu,Hokkaido0039,0.5,0,0,515,15869,181.01933598375618,0.0,0.0
E1,q2_x3_resunet_cas-single_seed2026,cas-single,single-stream,2026,1120,na,hokkaido_iburi_tobu,Hokkaido0040,0.5,0,0,2298,14086,181.01933598375618,0.0,0.0
E1,q2_x3_resunet_cas-single_seed2026,cas-single,single-stream,2026,1120,na,hokkaido_iburi_tobu,Hokkaido0041,0.5,0,0,3071,13313,181.01933598375618,0.0,0.0
E1,q2_x3_resunet_cas-single_seed2026,cas-single,single-stream,2026,1120,na,hokkaido_iburi_tobu,Hokkaido0042,0.5,0,0,2965,13419,181.01933598375618,0.0,0.0
E1,q2_x3_resunet_cas-single_seed2026,cas-single,single-stream,2026,1120,na,hokkaido_iburi_tobu,Hokkaido0043,0.5,0,0,2531,13853,181.01933598375618,0.0,0.0
E1,q2_x3_resunet_cas-single_seed2026,cas-single,single-stream,2026,1120,na,hokkaido_iburi_tobu,Hokkaido0044,0.5,235,1035,1424,13690,53.01737577685743,0.1697476066140504,0.25377173745589326
E1,q2_x3_resunet_cas-single_seed2026,cas-single,single-stream,2026,1120,na,hokkaido_iburi_tobu,Hokkaido0045,0.5,306,2747,1358,11973,37.63973684977114,0.13531665091251338,0.23027149099083277
E1,q2_x3_resunet_cas-single_seed2026,cas-single,single-stream,2026,1120,na,hokkaido_iburi_tobu,Hokkaido0046,0.5,107,2655,1119,12503,47.4020017736122,0.12080536912703446,0.17273626759392302
E1,q2_x3_resunet_cas-single_seed2026,cas-single,single-stream,2026,1120,na,hokkaido_iburi_tobu,Hokkaido0047,0.5,0,3610,440,12334,53.847636273101514,0.0,0.0
E1,q2_x3_resunet_cas-single_seed2026,cas-single,single-stream,2026,1120,na,hokkaido_iburi_tobu,Hokkaido0048,0.5,42,526,571,15245,61.06646749953906,0.0865360142525276,0.16763005780298326
E1,q2_x3_resunet_cas-single_seed2026,cas-single,single-stream,2026,1120,na,hokkaido_iburi_tobu,Hokkaido0049,0.5,28,2294,512,13550,58.753573128647716,0.08636363636313761,0.10471806674288561
E1,q2_x3_resunet_cas-single_seed2026,cas-single,single-stream,2026,1120,na,hokkaido_iburi_tobu,Hokkaido0050,0.5,1,1852,38,14493,49.588741754590835,0.03412969283241925,0.07604938271571544
E1,q2_x3_resunet_cas-single_seed2026,cas-single,single-stream,2026,1120,na,hokkaido_iburi_tobu,Hokkaido0051,0.5,22,1857,17,14488,51.88882323795268,0.07380073800713367,0.12309920347547337
E1,q2_x3_resunet_cas-single_seed2026,cas-single,single-stream,2026,1120,na,hokkaido_iburi_tobu,Hokkaido0053,0.5,0,0,29,16355,181.01933598375618,0.0,0.0
E1,q2_x3_resunet_cas-single_seed2026,cas-single,single-stream,2026,1120,na,hokkaido_iburi_tobu,Hokkaido0054,0.5,0,1,593,15790,78.93539901595845,0.0,0.0
E1,q2_x3_resunet_cas-single_seed2026,cas-single,single-stream,2026,1120,na,hokkaido_iburi_tobu,Hokkaido0055,0.5,0,0,3240,13144,181.01933598375618,0.0,0.0
E1,q2_x3_resunet_cas-single_seed2026,cas-single,single-stream,2026,1120,na,hokkaido_iburi_tobu,Hokkaido0056,0.5,0,0,5182,11202,181.01933598375618,0.0,0.0
E1,q2_x3_resunet_cas-single_seed2026,cas-single,single-stream,2026,1120,na,hokkaido_iburi_tobu,Hokkaido0057,0.5,0,0,4764,11620,181.01933598375618,0.0,0.0
E1,q2_x3_resunet_cas-single_seed2026,cas-single,single-stream,2026,1120,na,hokkaido_iburi_tobu,Hokkaido0058,0.5,0,0,3426,12958,181.01933598375618,0.0,0.0
E1,q2_x3_resunet_cas-single_seed2026,cas-single,single-stream,2026,1120,na,hokkaido_iburi_tobu,Hokkaido0059,0.5,0,0,2762,13622,181.01933598375618,0.0,0.0
E1,q2_x3_resunet_cas-single_seed2026,cas-single,single-stream,2026,1120,na,hokkaido_iburi_tobu,Hokkaido0060,0.5,0,0,3937,12447,181.01933598375618,0.0,0.0
E1,q2_x3_resunet_cas-single_seed2026,cas-single,single-stream,2026,1120,na,hokkaido_iburi_tobu,Hokkaido0061,0.5,0,0,4094,12290,181.01933598375618,0.0,0.0
E1,q2_x3_resunet_cas-single_seed2026,cas-single,single-stream,2026,1120,na,hokkaido_iburi_tobu,Hokkaido0062,0.5,168,2324,2197,11695,51.0,0.05300581771137499,0.08659374561743019
E1,q2_x3_resunet_cas-single_seed2026,cas-single,single-stream,2026,1120,na,hokkaido_iburi_tobu,Hokkaido0063,0.5,40,3640,1075,11629,36.96064015993774,0.033268973711098014,0.0494798987906733
E1,q2_x3_resunet_cas-single_seed2026,cas-single,single-stream,2026,1120,na,hokkaido_iburi_tobu,Hokkaido0064,0.5,12,2579,460,13333,51.156342102981974,0.024844720496415416,0.05426739023137114
E1,q2_x3_resunet_cas-single_seed2026,cas-single,single-stream,2026,1120,na,hokkaido_iburi_tobu,Hokkaido0067,0.5,0,2505,22,13857,63.76518654803271,0.007604562737515073,0.045627376425728
E1,q2_x3_resunet_cas-single_seed2026,cas-single,single-stream,2026,1120,na,hokkaido_iburi_tobu,Hokkaido0068,0.5,1,3257,21,13105,82.26776520433678,0.034985422740425334,0.06535034073031935
E1,q2_x3_resunet_cas-single_seed2026,cas-single,single-stream,2026,1120,na,hokkaido_iburi_tobu,Hokkaido0071,0.5,0,262,21,16101,55.524742891462296,0.0,0.0
E1,q2_x3_resunet_cas-single_seed2026,cas-single,single-stream,2026,1120,na,hokkaido_iburi_tobu,Hokkaido0072,0.5,6,784,39,15555,41.7095217746506,0.05128205128182774,0.10621879255524536
E1,q2_x3_resunet_cas-single_seed2026,cas-single,single-stream,2026,1120,na,hokkaido_iburi_tobu,Hokkaido0073,0.5,0,1410,24,14950,50.402298041605974,0.0,0.0
E1,q2_x3_resunet_cas-single_seed2026,cas-single,single-stream,2026,1120,na,hokkaido_iburi_tobu,Hokkaido0076,0.5,72,1943,33,14336,41.2207260801275,0.18547140649122731,0.26402456042394595
E1,q2_x3_resunet_cas-single_seed2026,cas-single,single-stream,2026,1120,na,hokkaido_iburi_tobu,Hokkaido0077,0.5,141,3862,185,12196,46.64964602765354,0.11786465973551132,0.2139554144519098
E1,q2_x3_resunet_cas-single_seed2026,cas-single,single-stream,2026,1120,na,hokkaido_iburi_tobu,Hokkaido0078,0.5,0,36,861,15487,80.42554569035303,0.0,0.0
E1,q2_x3_resunet_cas-single_seed2026,cas-single,single-stream,2026,1120,na,hokkaido_iburi_tobu,Hokkaido0079,0.5,0,0,3055,13329,181.01933598375618,0.0,0.0
E1,q2_x3_resunet_cas-single_seed2026,cas-single,single-stream,2026,1120,na,hokkaido_iburi_tobu,Hokkaido0080,0.5,0,0,5128,11256,181.01933598375618,0.0,0.0
E1,q2_x3_resunet_cas-single_seed2026,cas-single,single-stream,2026,1120,na,hokkaido_iburi_tobu,Hokkaido0081,0.5,0,0,5127,11257,181.01933598375618,0.0,0.0
E1,q2_x3_resunet_cas-single_seed2026,cas-single,single-stream,2026,1120,na,hokkaido_iburi_tobu,Hokkaido0082,0.5,0,0,4055,12329,181.01933598375618,0.0,0.0
E1,q2_x3_resunet_cas-single_seed2026,cas-single,single-stream,2026,1120,na,hokkaido_iburi_tobu,Hokkaido0083,0.5,405,67,3162,12750,77.40154929381552,0.14785992217882454,0.21554601812093308
E1,q2_x3_resunet_cas-single_seed2026,cas-single,single-stream,2026,1120,na,hokkaido_iburi_tobu,Hokkaido0084,0.5,0,0,4275,12109,181.01933598375618,0.0,0.0
E1,q2_x3_resunet_cas-single_seed2026,cas-single,single-stream,2026,1120,na,hokkaido_iburi_tobu,Hokkaido0085,0.5,0,0,5002,11382,181.01933598375618,0.0,0.0
E1,q2_x3_resunet_cas-single_seed2026,cas-single,single-stream,2026,1120,na,hokkaido_iburi_tobu,Hokkaido0086,0.5,35,0,4849,11500,92.35799911215054,0.01392091369462632,0.02699744618749617
E1,q2_x3_resunet_cas-single_seed2026,cas-single,single-stream,2026,1120,na,hokkaido_iburi_tobu,Hokkaido0087,0.5,227,795,3408,11954,59.97665531303313,0.07502354398991891,0.14053805932581212
E1,q2_x3_resunet_cas-single_seed2026,cas-single,single-stream,2026,1120,na,hokkaido_iburi_tobu,Hokkaido0088,0.5,92,2362,1856,12074,51.29960056118891,0.07220039292686423,0.0965920970098019
E1,q2_x3_resunet_cas-single_seed2026,cas-single,single-stream,2026,1120,na,hokkaido_iburi_tobu,Hokkaido0089,0.5,0,3911,557,11916,81.29329204873902,0.0,0.0
E1,q2_x3_resunet_cas-single_seed2026,cas-single,single-stream,2026,1120,na,hokkaido_iburi_tobu,Hokkaido0090,0.5,0,1803,93,14488,64.02304175144087,0.0,0.0
E1,q2_x3_resunet_cas-single_seed2026,cas-single,single-stream,2026,1120,na,hokkaido_iburi_tobu,Hokkaido0091,0.5,0,1290,80,15014,51.789832424368555,0.0,0.0
E1,q2_x3_resunet_cas-single_seed2026,cas-single,single-stream,2026,1120,na,hokkaido_iburi_tobu,Hokkaido0092,0.5,0,2576,22,13786,71.65554884943732,0.0,0.0
E1,q2_x3_resunet_cas-single_seed2026,cas-single,single-stream,2026,1120,na,hokkaido_iburi_tobu,Hokkaido0093,0.5,0,2851,22,13511,73.7794002841203,0.0,0.0
E1,q2_x3_resunet_cas-single_seed2026,cas-single,single-stream,2026,1120,na,hokkaido_iburi_tobu,Hokkaido0095,0.5,13,3350,81,12940,39.3420627342605,0.04058624577191555,0.11224615384583637
E1,q2_x3_resunet_cas-single_seed2026,cas-single,single-stream,2026,1120,na,hokkaido_iburi_tobu,Hokkaido0096,0.5,0,64,102,16218,35.60298845313636,0.0,0.0
E1,q2_x3_resunet_cas-single_seed2026,cas-single,single-stream,2026,1120,na,hokkaido_iburi_tobu,Hokkaido0097,0.5,0,1006,92,15286,40.30197896951827,0.0,0.0
E1,q2_x3_resunet_cas-single_seed2026,cas-single,single-stream,2026,1120,na,hokkaido_iburi_tobu,Hokkaido0098,0.5,0,2892,71,13421,76.42362004841858,0.0,0.0
E1,q2_x3_resunet_cas-single_seed2026,cas-single,single-stream,2026,1120,na,hokkaido_iburi_tobu,Hokkaido0099,0.5,4,2423,43,13914,60.3422177023645,0.03718459495336592,0.043360433604214425
E1,q2_x3_resunet_cas-single_seed2026,cas-single,single-stream,2026,1120,na,hokkaido_iburi_tobu,Hokkaido0100,0.5,0,273,47,16064,37.12142238654117,0.0,0.0
E1,q2_x3_resunet_cas-single_seed2026,cas-single,single-stream,2026,1120,na,hokkaido_iburi_tobu,Hokkaido0101,0.5,0,1000,223,15161,56.639209034025185,0.00858369098671473,0.030042918454525887
E1,q2_x3_resunet_cas-single_seed2026,cas-single,single-stream,2026,1120,na,hokkaido_iburi_tobu,Hokkaido0102,0.5,174,1919,298,13993,37.619100826219196,0.13536091241008671,0.2000066891864373
E1,q2_x3_resunet_cas-single_seed2026,cas-single,single-stream,2026,1120,na,hokkaido_iburi_tobu,Hokkaido0103,0.5,1,1115,493,14775,48.430991608089585,0.022019502987978307,0.038201813621047395
E1,q2_x3_resunet_cas-single_seed2026,cas-single,single-stream,2026,1120,na,hokkaido_iburi_tobu,Hokkaido0104,0.5,73,766,1551,13994,69.77659439489676,0.06775227257834394,0.090821256038412
E1,q2_x3_resunet_cas-single_seed2026,cas-single,single-stream,2026,1120,na,hokkaido_iburi_tobu,Hokkaido0105,0.5,0,0,2818,13566,181.01933598375618,0.0,0.0
E1,q2_x3_resunet_cas-single_seed2026,cas-single,single-stream,2026,1120,na,hokkaido_iburi_tobu,Hokkaido0106,0.5,107,3,3866,12408,132.79532813492625,0.014530938123713835,0.04124466526525974
E1,q2_x3_resunet_cas-single_seed2026,cas-single,single-stream,2026,1120,na,hokkaido_iburi_tobu,Hokkaido0107,0.5,0,0,5412,10972,181.01933598375618,0.0,0.0
E1,q2_x3_resunet_cas-single_seed2026,cas-single,single-stream,2026,1120,na,hokkaido_iburi_tobu,Hokkaido0108,0.5,0,0,5718,10666,181.01933598375618,0.0,0.0
E1,q2_x3_resunet_cas-single_seed2026,cas-single,single-stream,2026,1120,na,hokkaido_iburi_tobu,Hokkaido0109,0.5,0,0,5400,10984,181.01933598375618,0.0,0.0
E1,q2_x3_resunet_cas-single_seed2026,cas-single,single-stream,2026,1120,na,hokkaido_iburi_tobu,Hokkaido0110,0.5,0,0,4990,11394,181.01933598375618,0.0,0.0
E1,q2_x3_resunet_cas-single_seed2026,cas-single,single-stream,2026,1120,na,hokkaido_iburi_tobu,Hokkaido0111,0.5,0,0,5485,10899,181.01933598375618,0.0,0.0
E1,q2_x3_resunet_cas-single_seed2026,cas-single,single-stream,2026,1120,na,hokkaido_iburi_tobu,Hokkaido0112,0.5,0,0,6103,10281,181.01933598375618,0.0,0.0
E1,q2_x3_resunet_cas-single_seed2026,cas-single,single-stream,2026,1120,na,hokkaido_iburi_tobu,Hokkaido0113,0.5,10,0,4910,11464,125.558550812274,0.004897245299512918,0.009776536312839434
E1,q2_x3_resunet_cas-single_seed2026,cas-single,single-stream,2026,1120,na,hokkaido_iburi_tobu,Hokkaido0114,0.5,58,552,2602,13172,71.42128534267638,0.05470229328827187,0.08301625735020092
E1,q2_x3_resunet_cas-single_seed2026,cas-single,single-stream,2026,1120,na,hokkaido_iburi_tobu,Hokkaido0115,0.5,131,2634,784,12835,49.566109073676586,0.07690195001328598,0.13125695216863584
E1,q2_x3_resunet_cas-single_seed2026,cas-single,single-stream,2026,1120,na,hokkaido_iburi_tobu,Hokkaido0116,0.5,0,2414,130,13840,61.07372593840988,0.0,0.0
E1,q2_x3_resunet_cas-single_seed2026,cas-single,single-stream,2026,1120,na,hokkaido_iburi_tobu,Hokkaido0117,0.5,0,1741,24,14619,84.61263115715623,0.0,0.0
E1,q2_x3_resunet_cas-single_seed2026,cas-single,single-stream,2026,1120,na,hokkaido_iburi_tobu,Hokkaido0118,0.5,0,1276,21,15087,80.4881781959139,0.0,0.0
E1,q2_x3_resunet_cas-single_seed2026,cas-single,single-stream,2026,1120,na,hokkaido_iburi_tobu,Hokkaido0119,0.5,0,4993,118,11273,82.75981743862876,0.0,0.0
E1,q2_x3_resunet_cas-single_seed2026,cas-single,single-stream,2026,1120,na,hokkaido_iburi_tobu,Hokkaido0120,0.5,0,3037,199,13148,52.972601167912735,0.0,0.0
E1,q2_x3_resunet_cas-single_seed2026,cas-single,single-stream,2026,1120,na,hokkaido_iburi_tobu,Hokkaido0121,0.5,0,3583,81,12720,81.7398011954549,0.0,0.0
E1,q2_x3_resunet_cas-single_seed2026,cas-single,single-stream,2026,1120,na,hokkaido_iburi_tobu,Hokkaido0122,0.5,6,1898,95,14385,52.68908823080584,0.03883495145613016,0.07049022749099408
E1,q2_x3_resunet_cas-single_seed2026,cas-single,single-stream,2026,1120,na,hokkaido_iburi_tobu,Hokkaido0123,0.5,31,2370,70,13913,64.52712389738475,0.11268695203687491,0.1437125748500533
E1,q2_x3_resunet_cas-single_seed2026,cas-single,single-stream,2026,1120,na,hokkaido_iburi_tobu,Hokkaido0125,0.5,8,2538,17,13821,46.610616348987925,0.0,0.0
E1,q2_x3_resunet_cas-single_seed2026,cas-single,single-stream,2026,1120,na,hokkaido_iburi_tobu,Hokkaido0126,0.5,0,3710,24,12650,89.87755369517276,0.0,0.0
E1,q2_x3_resunet_cas-single_seed2026,cas-single,single-stream,2026,1120,na,hokkaido_iburi_tobu,Hokkaido0127,0.5,0,0,23,16361,181.01933598375618,0.0,0.0
E1,q2_x3_resunet_cas-single_seed2026,cas-single,single-stream,2026,1120,na,hokkaido_iburi_tobu,Hokkaido0128,0.5,0,213,170,16001,66.54075036623328,0.0,0.0
E1,q2_x3_resunet_cas-single_seed2026,cas-single,single-stream,2026,1120,na,hokkaido_iburi_tobu,Hokkaido0129,0.5,0,1781,175,14428,57.63019772779109,0.0,0.0
E1,q2_x3_resunet_cas-single_seed2026,cas-single,single-stream,2026,1120,na,hokkaido_iburi_tobu,Hokkaido0130,0.5,0,511,49,15824,70.61336583624532,0.0,0.0
E1,q2_x3_resunet_cas-single_seed2026,cas-single,single-stream,2026,1120,na,hokkaido_iburi_tobu,Hokkaido0131,0.5,0,314,378,15692,60.454583015090485,0.0,0.0
E1,q2_x3_resunet_cas-single_seed2026,cas-single,single-stream,2026,1120,na,hokkaido_iburi_tobu,Hokkaido0132,0.5,46,419,1698,14221,70.92671656285545,0.05803218148223729,0.0941083432184331
E1,q2_x3_resunet_cas-single_seed2026,cas-single,single-stream,2026,1120,na,hokkaido_iburi_tobu,Hokkaido0133,0.5,1121,287,3862,11114,55.03044594785759,0.24187816426259232,0.3511338697875671
E1,q2_x3_resunet_cas-single_seed2026,cas-single,single-stream,2026,1120,na,hokkaido_iburi_tobu,Hokkaido0134,0.5,662,178,6979,8565,100.42410069301094,0.087906106480589,0.14261554298840873
E1,q2_x3_resunet_cas-single_seed2026,cas-single,single-stream,2026,1120,na,hokkaido_iburi_tobu,Hokkaido0135,0.5,0,0,8062,8322,181.01933598375618,0.0,0.0
E1,q2_x3_resunet_cas-single_seed2026,cas-single,single-stream,2026,1120,na,hokkaido_iburi_tobu,Hokkaido0136,0.5,0,0,7102,9282,181.01933598375618,0.0,0.0
E1,q2_x3_resunet_cas-single_seed2026,cas-single,single-stream,2026,1120,na,hokkaido_iburi_tobu,Hokkaido0137,0.5,0,0,5305,11079,181.01933598375618,0.0,0.0
E1,q2_x3_resunet_cas-single_seed2026,cas-single,single-stream,2026,1120,na,hokkaido_iburi_tobu,Hokkaido0138,0.5,4,0,4893,11487,145.3552521752012,0.002024291497971668,0.006066734074817004
E1,q2_x3_resunet_cas-single_seed2026,cas-single,single-stream,2026,1120,na,hokkaido_iburi_tobu,Hokkaido0139,0.5,0,0,5648,10736,181.01933598375618,0.0,0.0
E1,q2_x3_resunet_cas-single_seed2026,cas-single,single-stream,2026,1120,na,hokkaido_iburi_tobu,Hokkaido0140,0.5,1,0,5275,11108,135.18061670649095,0.0012936610608007767,0.01094303186352307
E1,q2_x3_resunet_cas-single_seed2026,cas-single,single-stream,2026,1120,na,hokkaido_iburi_tobu,Hokkaido0141,0.5,0,0,4803,11581,181.01933598375618,0.0,0.0
E1,q2_x3_resunet_cas-single_seed2026,cas-single,single-stream,2026,1120,na,hokkaido_iburi_tobu,Hokkaido0142,0.5,125,114,3860,12285,66.4710460561041,0.07844416180184807,0.1180402008110026
E1,q2_x3_resunet_cas-single_seed2026,cas-single,single-stream,2026,1120,na,hokkaido_iburi_tobu,Hokkaido0143,0.5,19,1108,1569,13688,60.99832573055231,0.0,0.0024301336571506908
E1,q2_x3_resunet_cas-single_seed2026,cas-single,single-stream,2026,1120,na,hokkaido_iburi_tobu,Hokkaido0144,0.5,44,5553,101,10686,48.635819061002614,0.0,0.012269938649914497
E1,q2_x3_resunet_cas-single_seed2026,cas-single,single-stream,2026,1120,na,hokkaido_iburi_tobu,Hokkaido0145,0.5,26,4742,18,11598,75.50496672405067,0.08928348130530156,0.17740232312546284
E1,q2_x3_resunet_cas-single_seed2026,cas-single,single-stream,2026,1120,na,hokkaido_iburi_tobu,Hokkaido0146,0.5,85,5465,20,10814,74.63243262818116,0.05663716814142291,0.08080808080793955
E1,q2_x3_resunet_cas-single_seed2026,cas-single,single-stream,2026,1120,na,hokkaido_iburi_tobu,Hokkaido0147,0.5,99,5416,6,10863,64.95916780192509,0.05880780539949414,0.08888275481317834
E1,q2_x3_resunet_cas-single_seed2026,cas-single,single-stream,2026,1120,na,hokkaido_iburi_tobu,Hokkaido0148,0.5,0,5348,54,10982,89.057757030233,0.0,0.020053475935643127
E1,q2_x3_resunet_cas-single_seed2026,cas-single,single-stream,2026,1120,na,hokkaido_iburi_tobu,Hokkaido0149,0.5,0,3728,54,12602,74.2024258363566,0.0,0.0
E1,q2_x3_resunet_cas-single_seed2026,cas-single,single-stream,2026,1120,na,hokkaido_iburi_tobu,Hokkaido0155,0.5,0,0,23,16361,181.01933598375618,0.0,0.0
E1,q2_x3_resunet_cas-single_seed2026,cas-single,single-stream,2026,1120,na,hokkaido_iburi_tobu,Hokkaido0156,0.5,0,496,23,15865,63.08679563823629,0.0,0.0
E1,q2_x3_resunet_cas-single_seed2026,cas-single,single-stream,2026,1120,na,hokkaido_iburi_tobu,Hokkaido0157,0.5,8,174,230,15972,48.104053883222775,0.11647915287840423,0.15122873345899837
E1,q2_x3_resunet_cas-single_seed2026,cas-single,single-stream,2026,1120,na,hokkaido_iburi_tobu,Hokkaido0158,0.5,0,0,318,16066,181.01933598375618,0.0,0.0
E1,q2_x3_resunet_cas-single_seed2026,cas-single,single-stream,2026,1120,na,hokkaido_iburi_tobu,Hokkaido0159,0.5,0,1457,316,14611,64.03746970739921,0.0,0.0
E1,q2_x3_resunet_cas-single_seed2026,cas-single,single-stream,2026,1120,na,hokkaido_iburi_tobu,Hokkaido0160,0.5,38,2092,1524,12730,52.307492793352004,0.07194274366989303,0.09960718294002656
E1,q2_x3_resunet_cas-single_seed2026,cas-single,single-stream,2026,1120,na,hokkaido_iburi_tobu,Hokkaido0161,0.5,1811,849,2826,10898,70.14126087176727,0.21365163749413163,0.34834787061335565
E1,q2_x3_resunet_cas-single_seed2026,cas-single,single-stream,2026,1120,na,hokkaido_iburi_tobu,Hokkaido0162,0.5,1244,442,5334,9364,69.51723743379358,0.1290444104964371,0.214425852259958
E1,q2_x3_resunet_cas-single_seed2026,cas-single,single-stream,2026,1120,na,hokkaido_iburi_tobu,Hokkaido0163,0.5,175,9,7105,9095,92.87185196214061,0.030043121333200074,0.07115204279332324
E1,q2_x3_resunet_cas-single_seed2026,cas-single,single-stream,2026,1120,na,hokkaido_iburi_tobu,Hokkaido0164,0.5,1104,217,6018,9045,63.92494842263676,0.24596690486162476,0.3658269441398982
E1,q2_x3_resunet_cas-single_seed2026,cas-single,single-stream,2026,1120,na,hokkaido_iburi_tobu,Hokkaido0165,0.5,387,72,5363,10562,73.30380761309962,0.11692718978918772,0.17062634989185255
E1,q2_x3_resunet_cas-single_seed2026,cas-single,single-stream,2026,1120,na,hokkaido_iburi_tobu,Hokkaido0166,0.5,281,132,4457,11514,90.00194438443442,0.12717314209144415,0.1872846852488124
E1,q2_x3_resunet_cas-single_seed2026,cas-single,single-stream,2026,1120,na,hokkaido_iburi_tobu,Hokkaido0167,0.5,223,44,3870,12247,64.03124237432849,0.1027107736955078,0.15489749430509628
E1,q2_x3_resunet_cas-single_seed2026,cas-single,single-stream,2026,1120,na,hokkaido_iburi_tobu,Hokkaido0168,0.5,456,350,3196,12382,56.0,0.1610738255031619,0.23725292938335588
E1,q2_x3_resunet_cas-single_seed2026,cas-single,single-stream,2026,1120,na,hokkaido_iburi_tobu,Hokkaido0169,0.5,223,109,4398,11654,65.5133574166368,0.13067599277324318,0.16933015980943356
E1,q2_x3_resunet_cas-single_seed2026,cas-single,single-stream,2026,1120,na,hokkaido_iburi_tobu,Hokkaido0170,0.5,764,77,4859,10684,36.713757159087464,0.1952671437282352,0.318721542719126
E1,q2_x3_resunet_cas-single_seed2026,cas-single,single-stream,2026,1120,na,hokkaido_iburi_tobu,Hokkaido0171,0.5,170,383,2862,12969,53.60596427677726,0.09791368135962648,0.15415821500993437
E1,q2_x3_resunet_cas-single_seed2026,cas-single,single-stream,2026,1120,na,hokkaido_iburi_tobu,Hokkaido0172,0.5,119,3472,375,12418,35.2901802102072,0.061356932152904546,0.09432410200115726
E1,q2_x3_resunet_cas-single_seed2026,cas-single,single-stream,2026,1120,na,hokkaido_iburi_tobu,Hokkaido0173,0.5,0,2893,120,13371,81.46225951455499,0.0,0.0
E1,q2_x3_resunet_cas-single_seed2026,cas-single,single-stream,2026,1120,na,hokkaido_iburi_tobu,Hokkaido0174,0.5,0,5518,22,10844,107.67077490887397,0.0,0.0
E1,q2_x3_resunet_cas-single_seed2026,cas-single,single-stream,2026,1120,na,hokkaido_iburi_tobu,Hokkaido0175,0.5,0,4425,22,11937,102.5368223573101,0.0,0.0
E1,q2_x3_resunet_cas-single_seed2026,cas-single,single-stream,2026,1120,na,hokkaido_iburi_tobu,Hokkaido0176,0.5,0,4383,28,11973,90.7364213416765,0.0,0.0
E1,q2_x3_resunet_cas-single_seed2026,cas-single,single-stream,2026,1120,na,hokkaido_iburi_tobu,Hokkaido0177,0.5,0,4702,36,11646,90.37529429122966,0.0,0.0
E1,q2_x3_resunet_cas-single_seed2026,cas-single,single-stream,2026,1120,na,hokkaido_iburi_tobu,Hokkaido0179,0.5,24,4900,0,11460,61.71709649683789,0.0,0.0
E1,q2_x3_resunet_cas-single_seed2026,cas-single,single-stream,2026,1120,na,hokkaido_iburi_tobu,Hokkaido0180,0.5,0,4493,24,11867,89.1302404465209,0.0,0.0
E1,q2_x3_resunet_cas-single_seed2026,cas-single,single-stream,2026,1120,na,hokkaido_iburi_tobu,Hokkaido0183,0.5,0,1418,335,14631,76.4921547164965,0.0,0.0
E1,q2_x3_resunet_cas-single_seed2026,cas-single,single-stream,2026,1120,na,hokkaido_iburi_tobu,Hokkaido0184,0.5,440,3139,967,11838,40.14079885597375,0.20494311755660674,0.3243904193334913
E1,q2_x3_resunet_cas-single_seed2026,cas-single,single-stream,2026,1120,na,hokkaido_iburi_tobu,Hokkaido0185,0.5,233,1166,1915,13070,42.59687195863199,0.1859672853882584,0.26412924784165476
E1,q2_x3_resunet_cas-single_seed2026,cas-single,single-stream,2026,1120,na,hokkaido_iburi_tobu,Hokkaido0186,0.5,344,3092,892,12056,48.01301885601638,0.13889511429803736,0.25113029182032237
E1,q2_x3_resunet_cas-single_seed2026,cas-single,single-stream,2026,1120,na,hokkaido_iburi_tobu,Hokkaido0187,0.5,131,4110,318,11825,47.90022923930433,0.1218892838999768,0.17688573895904028
E1,q2_x3_resunet_cas-single_seed2026,cas-single,single-stream,2026,1120,na,hokkaido_iburi_tobu,Hokkaido0188,0.5,315,2169,1477,12423,46.06517122512408,0.16497633536136397,0.24432080694782232
E1,q2_x3_resunet_cas-single_seed2026,cas-single,single-stream,2026,1120,na,hokkaido_iburi_tobu,Hokkaido0189,0.5,498,841,2980,12065,56.042392404500426,0.1501182502365793,0.2132127172083327
E1,q2_x3_resunet_cas-single_seed2026,cas-single,single-stream,2026,1120,na,hokkaido_iburi_tobu,Hokkaido0190,0.5,323,410,4493,11158,55.90169943749474,0.12306226725540664,0.19445829475015403
E1,q2_x3_resunet_cas-single_seed2026,cas-single,single-stream,2026,1120,na,hokkaido_iburi_tobu,Hokkaido0191,0.5,1005,274,4412,10693,53.972142648847154,0.2986822987624554,0.4291542017946044
E1,q2_x3_resunet_cas-single_seed2026,cas-single,single-stream,2026,1120,na,hokkaido_iburi_tobu,Hokkaido0192,0.5,575,71,5288,10450,41.2964544327839,0.18770725643042538,0.29901006892844706
E1,q2_x3_resunet_cas-single_seed2026,cas-single,single-stream,2026,1120,na,hokkaido_iburi_tobu,Hokkaido0193,0.5,2411,2187,2537,9249,20.518284528683193,0.47376888838446973,0.6411353049016397
E1,q2_x3_resunet_cas-single_seed2026,cas-single,single-stream,2026,1120,na,hokkaido_iburi_tobu,Hokkaido0194,0.5,860,2288,1648,11588,31.064449134018133,0.17526757381777094,0.28544971795148677
E1,q2_x3_resunet_cas-single_seed2026,cas-single,single-stream,2026,1120,na,hokkaido_iburi_tobu,Hokkaido0195,0.5,258,369,1734,14023,48.373546489791295,0.05046576829136371,0.13103430500762095
E1,q2_x3_resunet_cas-single_seed2026,cas-single,single-stream,2026,1120,na,hokkaido_iburi_tobu,Hokkaido0196,0.5,744,1720,2314,11606,45.75366299452612,0.12293506252721027,0.20298720497500725
E1,q2_x3_resunet_cas-single_seed2026,cas-single,single-stream,2026,1120,na,hokkaido_iburi_tobu,Hokkaido0197,0.5,869,598,2592,12325,42.46763106303912,0.3183496539634743,0.45189081946751525
E1,q2_x3_resunet_cas-single_seed2026,cas-single,single-stream,2026,1120,na,hokkaido_iburi_tobu,Hokkaido0198,0.5,288,717,1772,13607,50.9205253758316,0.11743220547973099,0.2023214180651217
E1,q2_x3_resunet_cas-single_seed2026,cas-single,single-stream,2026,1120,na,hokkaido_iburi_tobu,Hokkaido0199,0.5,111,4162,498,11613,39.03954312071843,0.1062689254434807,0.18849035108867168
E1,q2_x3_resunet_cas-single_seed2026,cas-single,single-stream,2026,1120,na,hokkaido_iburi_tobu,Hokkaido0200,0.5,0,2336,107,13941,59.21739554497259,0.0,0.0
E1,q2_x3_resunet_cas-single_seed2026,cas-single,single-stream,2026,1120,na,hokkaido_iburi_tobu,Hokkaido0201,0.5,21,3606,63,12694,70.06853713437646,0.09599999999974221,0.10339584389239112
E1,q2_x3_resunet_cas-single_seed2026,cas-single,single-stream,2026,1120,na,hokkaido_iburi_tobu,Hokkaido0202,0.5,39,4136,74,12135,52.90179256906443,0.0,0.0
E1,q2_x3_resunet_cas-single_seed2026,cas-single,single-stream,2026,1120,na,hokkaido_iburi_tobu,Hokkaido0203,0.5,0,4498,39,11847,77.17512552629896,0.0,0.0
E1,q2_x3_resunet_cas-single_seed2026,cas-single,single-stream,2026,1120,na,hokkaido_iburi_tobu,Hokkaido0204,0.5,0,2734,48,13602,91.95627864920168,0.0,0.0
E1,q2_x3_resunet_cas-single_seed2026,cas-single,single-stream,2026,1120,na,hokkaido_iburi_tobu,Hokkaido0205,0.5,68,2496,39,13781,49.124402096972005,0.10422698320759013,0.13739409205374475
E1,q2_x3_resunet_cas-single_seed2026,cas-single,single-stream,2026,1120,na,hokkaido_iburi_tobu,Hokkaido0206,0.5,0,2962,59,13363,94.2263163731041,0.0,0.0
E1,q2_x3_resunet_cas-single_seed2026,cas-single,single-stream,2026,1120,na,hokkaido_iburi_tobu,Hokkaido0207,0.5,16,3963,12,12393,48.49836574560361,0.0,0.0
E1,q2_x3_resunet_cas-single_seed2026,cas-single,single-stream,2026,1120,na,hokkaido_iburi_tobu,Hokkaido0208,0.5,34,3719,16,12615,37.12142238654117,0.01634877384174259,0.08249355519071523
E1,q2_x3_resunet_cas-single_seed2026,cas-single,single-stream,2026,1120,na,hokkaido_iburi_tobu,Hokkaido0209,0.5,32,3533,23,12796,58.470004402311844,0.13247863247840264,0.16234626300825275
E1,q2_x3_resunet_cas-single_seed2026,cas-single,single-stream,2026,1120,na,hokkaido_iburi_tobu,Hokkaido0210,0.5,33,5153,24,11174,61.1310068623117,0.0449438202245409,0.14755663570847988
E1,q2_x3_resunet_cas-single_seed2026,cas-single,single-stream,2026,1120,na,hokkaido_iburi_tobu,Hokkaido0211,0.5,67,3233,24,13060,44.97108005753376,0.0,0.0
E1,q2_x3_resunet_cas-single_seed2026,cas-single,single-stream,2026,1120,na,hokkaido_iburi_tobu,Hokkaido0212,0.5,0,3781,67,12536,91.92388155425118,0.0,0.0
E1,q2_x3_resunet_cas-single_seed2026,cas-single,single-stream,2026,1120,na,hokkaido_iburi_tobu,Hokkaido0213,0.5,0,3452,39,12893,95.5290523467124,0.0,0.0
E1,q2_x3_resunet_cas-single_seed2026,cas-single,single-stream,2026,1120,na,hokkaido_iburi_tobu,Hokkaido0214,0.5,39,3490,0,12855,49.31578774467902,0.00997506234399699,0.03990024937641595
E1,q2_x3_resunet_cas-single_seed2026,cas-single,single-stream,2026,1120,na,hokkaido_iburi_tobu,Hokkaido0215,0.5,62,3629,8,12685,48.371433686725176,0.03434178250179082,0.06271104679181583
E1,q2_x3_resunet_cas-single_seed2026,cas-single,single-stream,2026,1120,na,hokkaido_iburi_tobu,Hokkaido0216,0.5,0,1998,70,14316,49.30006302688088,0.01648351648317975,0.05429864253347991
E1,q2_x3_resunet_cas-single_seed2026,cas-single,single-stream,2026,1120,na,hokkaido_iburi_tobu,Hokkaido0217,0.5,0,986,362,15036,66.5906131157173,0.0,0.0
E1,q2_x3_resunet_cas-single_seed2026,cas-single,single-stream,2026,1120,na,hokkaido_iburi_tobu,Hokkaido0218,0.5,648,1460,1087,13189,51.63089643579153,0.2505695778419209,0.34591304347786755
E1,q2_x3_resunet_cas-single_seed2026,cas-single,single-stream,2026,1120,na,hokkaido_iburi_tobu,Hokkaido0219,0.5,676,500,3281,11927,48.39421011871606,0.2606618812642957,0.3627320135587239
E1,q2_x3_resunet_cas-single_seed2026,cas-single,single-stream,2026,1120,na,hokkaido_iburi_tobu,Hokkaido0220,0.5,908,2033,2352,11091,33.09076352640455,0.18089939067069738,0.29055261342834715
E1,q2_x3_resunet_cas-single_seed2026,cas-single,single-stream,2026,1120,na,hokkaido_iburi_tobu,Hokkaido0221,0.5,77,4546,811,10950,45.53640900191946,0.08307263201487833,0.12713010549043952
E1,q2_x3_resunet_cas-single_seed2026,cas-single,single-stream,2026,1120,na,hokkaido_iburi_tobu,Hokkaido0222,0.5,0,3552,871,11961,45.419680695616385,0.0,0.0
E1,q2_x3_resunet_cas-single_seed2026,cas-single,single-stream,2026,1120,na,hokkaido_iburi_tobu,Hokkaido0223,0.5,628,1968,1769,12019,40.01249804748511,0.21295143212915907,0.3137309908705534
E1,q2_x3_resunet_cas-single_seed2026,cas-single,single-stream,2026,1120,na,hokkaido_iburi_tobu,Hokkaido0224,0.5,480,959,2564,12381,52.470939350876485,0.17872507877565702,0.28138739618929276
E1,q2_x3_resunet_cas-single_seed2026,cas-single,single-stream,2026,1120,na,hokkaido_iburi_tobu,Hokkaido0225,0.5,347,1128,2637,12272,48.55923780478102,0.16306035821485118,0.25335890942633127
E1,q2_x3_resunet_cas-single_seed2026,cas-single,single-stream,2026,1120,na,hokkaido_iburi_tobu,Hokkaido0226,0.5,1276,1427,2789,10892,57.710482852826935,0.2505994190465472,0.388141873011219
E1,q2_x3_resunet_cas-single_seed2026,cas-single,single-stream,2026,1120,na,hokkaido_iburi_tobu,Hokkaido0227,0.5,995,627,2179,12583,32.90879348607591,0.37480909728775536,0.5660353287281987
E1,q2_x3_resunet_cas-single_seed2026,cas-single,single-stream,2026,1120,na,hokkaido_iburi_tobu,Hokkaido0228,0.5,125,2594,754,12911,44.56955629901454,0.12141176470541477,0.2074992951785458
E1,q2_x3_resunet_cas-single_seed2026,cas-single,single-stream,2026,1120,na,hokkaido_iburi_tobu,Hokkaido0229,0.5,233,3366,443,12342,37.290637650262944,0.13340081703432186,0.19315925711794812
E1,q2_x3_resunet_cas-single_seed2026,cas-single,single-stream,2026,1120,na,hokkaido_iburi_tobu,Hokkaido0230,0.5,128,1298,1172,13786,60.108235708594876,0.08628413623773416,0.10773823191698535
E1,q2_x3_resunet_cas-single_seed2026,cas-single,single-stream,2026,1120,na,hokkaido_iburi_tobu,Hokkaido0231,0.5,135,3260,936,12053,49.505554254858914,0.0831319478004116,0.11399342345590195
E1,q2_x3_resunet_cas-single_seed2026,cas-single,single-stream,2026,1120,na,hokkaido_iburi_tobu,Hokkaido0232,0.5,222,3964,484,11714,29.7119458837558,0.17102137767171333,0.2720237242165076
E1,q2_x3_resunet_cas-single_seed2026,cas-single,single-stream,2026,1120,na,hokkaido_iburi_tobu,Hokkaido0233,0.5,117,3756,234,12277,48.273313373787445,0.03723473506005483,0.09588617383186016
E1,q2_x3_resunet_cas-single_seed2026,cas-single,single-stream,2026,1120,na,hokkaido_iburi_tobu,Hokkaido0235,0.5,84,3083,0,13217,49.76338126352018,0.0,0.0
E1,q2_x3_resunet_cas-single_seed2026,cas-single,single-stream,2026,1120,na,hokkaido_iburi_tobu,Hokkaido0236,0.5,0,3775,91,12518,79.78528821220128,0.0,0.0
E1,q2_x3_resunet_cas-single_seed2026,cas-single,single-stream,2026,1120,na,hokkaido_iburi_tobu,Hokkaido0237,0.5,1,4078,71,12234,67.00708915745362,0.04287245444778041,0.07289719626150674
E1,q2_x3_resunet_cas-single_seed2026,cas-single,single-stream,2026,1120,na,hokkaido_iburi_tobu,Hokkaido0238,0.5,15,3043,149,13177,57.84676571434515,0.013513513513018651,0.05011185682278014
E1,q2_x3_resunet_cas-single_seed2026,cas-single,single-stream,2026,1120,na,hokkaido_iburi_tobu,Hokkaido0239,0.5,100,2497,207,13580,35.0,0.005856515372868547,0.04978662873349715
E1,q2_x3_resunet_cas-single_seed2026,cas-single,single-stream,2026,1120,na,hokkaido_iburi_tobu,Hokkaido0240,0.5,194,4279,151,11760,43.18564576337837,0.03243243243199165,0.07025484600956712
E1,q2_x3_resunet_cas-single_seed2026,cas-single,single-stream,2026,1120,na,hokkaido_iburi_tobu,Hokkaido0241,0.5,116,3351,31,12886,68.89844390418115,0.15773079726928088,0.20644419974122658
E1,q2_x3_resunet_cas-single_seed2026,cas-single,single-stream,2026,1120,na,hokkaido_iburi_tobu,Hokkaido0242,0.5,0,2433,27,13924,55.06540998161427,0.0,0.0
E1,q2_x3_resunet_cas-single_seed2026,cas-single,single-stream,2026,1120,na,hokkaido_iburi_tobu,Hokkaido0243,0.5,17,4387,43,11937,51.08616927230549,0.12375495813113602,0.16945867368108147
E1,q2_x3_resunet_cas-single_seed2026,cas-single,single-stream,2026,1120,na,hokkaido_iburi_tobu,Hokkaido0244,0.5,33,4607,0,11744,86.2670273047588,0.05737051792815644,0.10494931425150593
E1,q2_x3_resunet_cas-single_seed2026,cas-single,single-stream,2026,1120,na,hokkaido_iburi_tobu,Hokkaido0245,0.5,22,2421,67,13874,45.690715007520595,0.10289389067493372,0.1452850052636246
E1,q2_x3_resunet_cas-single_seed2026,cas-single,single-stream,2026,1120,na,hokkaido_iburi_tobu,Hokkaido0246,0.5,0,3319,89,12976,86.02557746613097,0.0,0.0
E1,q2_x3_resunet_cas-single_seed2026,cas-single,single-stream,2026,1120,na,hokkaido_iburi_tobu,Hokkaido0247,0.5,0,4285,39,12060,115.62425240510954,0.0,0.0
E1,q2_x3_resunet_cas-single_seed2026,cas-single,single-stream,2026,1120,na,hokkaido_iburi_tobu,Hokkaido0248,0.5,14,4365,39,11966,42.982465574350584,0.010498687663951971,0.053333333333122145
E1,q2_x3_resunet_cas-single_seed2026,cas-single,single-stream,2026,1120,na,hokkaido_iburi_tobu,Hokkaido0250,0.5,0,4748,70,11566,89.66602973056217,0.0,0.0
E1,q2_x3_resunet_cas-single_seed2026,cas-single,single-stream,2026,1120,na,hokkaido_iburi_tobu,Hokkaido0251,0.5,0,2853,70,13461,84.15818408911676,0.0,0.0
E1,q2_x3_resunet_cas-single_seed2026,cas-single,single-stream,2026,1120,na,hokkaido_iburi_tobu,Hokkaido0252,0.5,0,381,27,15976,81.40700171788289,0.0,0.0
E1,q2_x3_resunet_cas-single_seed2026,cas-single,single-stream,2026,1120,na,hokkaido_iburi_tobu,Hokkaido0253,0.5,0,3441,654,12289,63.64746607907374,0.0,0.0
E1,q2_x3_resunet_cas-single_seed2026,cas-single,single-stream,2026,1120,na,hokkaido_iburi_tobu,Hokkaido0254,0.5,6,441,2623,13314,75.14481399285353,0.017232375978944503,0.03006096279143979
E1,q2_x3_resunet_cas-single_seed2026,cas-single,single-stream,2026,1120,na,hokkaido_iburi_tobu,Hokkaido0255,0.5,572,410,2745,12657,53.26208772440824,0.21985624783768526,0.34809382976107733
E1,q2_x3_resunet_cas-single_seed2026,cas-single,single-stream,2026,1120,na,hokkaido_iburi_tobu,Hokkaido0256,0.5,666,3699,1336,10683,34.132096331752024,0.05573576087292868,0.17392822841135225
E1,q2_x3_resunet_cas-single_seed2026,cas-single,single-stream,2026,1120,na,hokkaido_iburi_tobu,Hokkaido0257,0.5,109,2037,1386,12852,53.31041174104736,0.04618937644301127,0.08189998347535576
E1,q2_x3_resunet_cas-single_seed2026,cas-single,single-stream,2026,1120,na,hokkaido_iburi_tobu,Hokkaido0258,0.5,464,1485,2393,12042,40.58045085555926,0.22187204538254732,0.33063270889630875
E1,q2_x3_resunet_cas-single_seed2026,cas-single,single-stream,2026,1120,na,hokkaido_iburi_tobu,Hokkaido0259,0.5,300,369,3026,12689,72.89032341216202,0.1288860855619194,0.2421529740458245
E1,q2_x3_resunet_cas-single_seed2026,cas-single,single-stream,2026,1120,na,hokkaido_iburi_tobu,Hokkaido0260,0.5,532,787,2623,12442,50.83686275681092,0.12493802677220388,0.1796522714523718
E1,q2_x3_resunet_cas-single_seed2026,cas-single,single-stream,2026,1120,na,hokkaido_iburi_tobu,Hokkaido0261,0.5,405,404,2930,12645,50.59841879325925,0.15211171936589366,0.22265039606056516
E1,q2_x3_resunet_cas-single_seed2026,cas-single,single-stream,2026,1120,na,hokkaido_iburi_tobu,Hokkaido0262,0.5,130,1274,1643,13337,52.71288849873479,0.08307620283831109,0.1766833889628752
E1,q2_x3_resunet_cas-single_seed2026,cas-single,single-stream,2026,1120,na,hokkaido_iburi_tobu,Hokkaido0263,0.5,36,3741,280,12327,71.02532383359346,0.07518460505660901,0.09983143929052124
E1,q2_x3_resunet_cas-single_seed2026,cas-single,single-stream,2026,1120,na,hokkaido_iburi_tobu,Hokkaido0264,0.5,0,1685,118,14581,80.9148791771063,0.0,0.0
E1,q2_x3_resunet_cas-single_seed2026,cas-single,single-stream,2026,1120,na,hokkaido_iburi_tobu,Hokkaido0265,0.5,1,3468,233,12682,57.02850050853682,0.0056061667833042774,0.005947955390275464
E1,q2_x3_resunet_cas-single_seed2026,cas-single,single-stream,2026,1120,na,hokkaido_iburi_tobu,Hokkaido0266,0.5,31,3705,126,12522,52.00384579831335,0.054976589638674904,0.09207772795187533
E1,q2_x3_resunet_cas-single_seed2026,cas-single,single-stream,2026,1120,na,hokkaido_iburi_tobu,Hokkaido0267,0.5,44,3590,263,12487,44.89312179721796,0.1459379615948516,0.19343544857726655
E1,q2_x3_resunet_cas-single_seed2026,cas-single,single-stream,2026,1120,na,hokkaido_iburi_tobu,Hokkaido0268,0.5,189,3371,124,12700,36.39228906728181,0.16693874653936921,0.28943319332923706
E1,q2_x3_resunet_cas-single_seed2026,cas-single,single-stream,2026,1120,na,hokkaido_iburi_tobu,Hokkaido0269,0.5,0,3981,47,12356,93.5735879899415,0.0,0.0
E1,q2_x3_resunet_cas-single_seed2026,cas-single,single-stream,2026,1120,na,hokkaido_iburi_tobu,Hokkaido0270,0.5,40,5231,113,11000,68.09534656442918,0.024859425865332924,0.03914867174124004
E1,q2_x3_resunet_cas-single_seed2026,cas-single,single-stream,2026,1120,na,hokkaido_iburi_tobu,Hokkaido0271,0.5,93,3755,185,12351,29.745394984180233,0.0,0.0
E1,q2_x3_resunet_cas-single_seed2026,cas-single,single-stream,2026,1120,na,hokkaido_iburi_tobu,Hokkaido0272,0.5,76,3477,297,12534,42.67078279213762,0.0,0.006611570247457326
E1,q2_x3_resunet_cas-single_seed2026,cas-single,single-stream,2026,1120,na,hokkaido_iburi_tobu,Hokkaido0273,0.5,111,1922,595,13756,41.93323113972631,0.09907120742986404,0.1509718814866009
E1,q2_x3_resunet_cas-single_seed2026,cas-single,single-stream,2026,1120,na,hokkaido_iburi_tobu,Hokkaido0274,0.5,0,2338,518,13528,63.328927183021925,0.0,0.0
E1,q2_x3_resunet_cas-single_seed2026,cas-single,single-stream,2026,1120,na,hokkaido_iburi_tobu,Hokkaido0275,0.5,8,2849,86,13441,56.32051136131489,0.040357451714929236,0.11108017817337053
E1,q2_x3_resunet_cas-single_seed2026,cas-single,single-stream,2026,1120,na,hokkaido_iburi_tobu,Hokkaido0276,0.5,21,4236,13,12114,66.36194784300638,0.0,0.03432774826302725
E1,q2_x3_resunet_cas-single_seed2026,cas-single,single-stream,2026,1120,na,hokkaido_iburi_tobu,Hokkaido0277,0.5,64,3758,16,12546,41.342825376294705,0.049865746068085984,0.07458780423953215
E1,q2_x3_resunet_cas-single_seed2026,cas-single,single-stream,2026,1120,na,hokkaido_iburi_tobu,Hokkaido0278,0.5,0,4323,80,11981,93.1431669830585,0.0,0.0
E1,q2_x3_resunet_cas-single_seed2026,cas-single,single-stream,2026,1120,na,hokkaido_iburi_tobu,Hokkaido0279,0.5,0,1993,46,14345,76.34065013033178,0.0,0.0
E1,q2_x3_resunet_cas-single_seed2026,cas-single,single-stream,2026,1120,na,hokkaido_iburi_tobu,Hokkaido0280,0.5,14,2695,147,13528,49.08195710054947,0.06435643564315288,0.09478672985738477
E1,q2_x3_resunet_cas-single_seed2026,cas-single,single-stream,2026,1120,na,hokkaido_iburi_tobu,Hokkaido0281,0.5,0,2383,168,13833,71.69553675704812,0.0,0.0
E1,q2_x3_resunet_cas-single_seed2026,cas-single,single-stream,2026,1120,na,hokkaido_iburi_tobu,Hokkaido0282,0.5,11,4030,42,12301,69.0930318548734,0.02422774076296551,0.0584225900679578
E1,q2_x3_resunet_cas-single_seed2026,cas-single,single-stream,2026,1120,na,hokkaido_iburi_tobu,Hokkaido0283,0.5,0,40,158,16186,101.4875378878818,0.0,0.0
E1,q2_x3_resunet_cas-single_seed2026,cas-single,single-stream,2026,1120,na,hokkaido_iburi_tobu,Hokkaido0284,0.5,158,1882,490,13854,44.69057115788398,0.11392316809546665,0.21044587934083156
E1,q2_x3_resunet_cas-single_seed2026,cas-single,single-stream,2026,1120,na,hokkaido_iburi_tobu,Hokkaido0285,0.5,522,2754,1109,11999,41.07609721644194,0.23486519258737307,0.34994015644362675
E1,q2_x3_resunet_cas-single_seed2026,cas-single,single-stream,2026,1120,na,hokkaido_iburi_tobu,Hokkaido0286,0.5,815,1786,2007,11776,42.48880753712824,0.21526422639155265,0.35010650252383146
E1,q2_x3_resunet_cas-single_seed2026,cas-single,single-stream,2026,1120,na,hokkaido_iburi_tobu,Hokkaido0287,0.5,862,1231,2083,12208,43.274703603405726,0.24778648186105798,0.3657345119954698
E1,q2_x3_resunet_cas-single_seed2026,cas-single,single-stream,2026,1120,na,hokkaido_iburi_tobu,Hokkaido0288,0.5,572,859,2689,12264,43.283945830295764,0.20524339522935817,0.30712728866876193
E1,q2_x3_resunet_cas-single_seed2026,cas-single,single-stream,2026,1120,na,hokkaido_iburi_tobu,Hokkaido0289,0.5,728,1118,2868,11670,47.62929324729623,0.18639084366313577,0.2726954713672092
E1,q2_x3_resunet_cas-single_seed2026,cas-single,single-stream,2026,1120,na,hokkaido_iburi_tobu,Hokkaido0290,0.5,594,401,3003,12386,50.575179826823884,0.21962063181085031,0.35573122529614587
E1,q2_x3_resunet_cas-single_seed2026,cas-single,single-stream,2026,1120,na,hokkaido_iburi_tobu,Hokkaido0291,0.5,1125,1288,2926,11045,44.77722635447622,0.20705851759728316,0.3388481659275243
E1,q2_x3_resunet_cas-single_seed2026,cas-single,single-stream,2026,1120,na,hokkaido_iburi_tobu,Hokkaido0292,0.5,821,2143,2172,11248,44.655906064506034,0.18373891355184618,0.3417225008120412
E1,q2_x3_resunet_cas-single_seed2026,cas-single,single-stream,2026,1120,na,hokkaido_iburi_tobu,Hokkaido0293,0.5,210,4467,788,10919,51.95765776410656,0.17556270096413581,0.26254670301879945
E1,q2_x3_resunet_cas-single_seed2026,cas-single,single-stream,2026,1120,na,hokkaido_iburi_tobu,Hokkaido0294,0.5,0,3321,218,12845,75.0598683105341,0.0,0.01304347826042707
E1,q2_x3_resunet_cas-single_seed2026,cas-single,single-stream,2026,1120,na,hokkaido_iburi_tobu,Hokkaido0295,0.5,76,1387,194,14727,54.395753979768216,0.16445865692052425,0.2714786072380729
E1,q2_x3_resunet_cas-single_seed2026,cas-single,single-stream,2026,1120,na,hokkaido_iburi_tobu,Hokkaido0296,0.5,71,3499,69,12745,41.051794407479655,0.030567685589183272,0.06113537117870293
E1,q2_x3_resunet_cas-single_seed2026,cas-single,single-stream,2026,1120,na,hokkaido_iburi_tobu,Hokkaido0297,0.5,41,3906,192,12245,54.405882034941776,0.06694843617883549,0.10832217110202783
E1,q2_x3_resunet_cas-single_seed2026,cas-single,single-stream,2026,1120,na,hokkaido_iburi_tobu,Hokkaido0298,0.5,1,1513,500,14370,64.8073982398409,0.02704733283195732,0.07908309455539653
E1,q2_x3_resunet_cas-single_seed2026,cas-single,single-stream,2026,1120,na,hokkaido_iburi_tobu,Hokkaido0299,0.5,24,3176,476,12708,55.25168000807528,0.0,0.0
E1,q2_x3_resunet_cas-single_seed2026,cas-single,single-stream,2026,1120,na,hokkaido_iburi_tobu,Hokkaido0300,0.5,18,3931,202,12233,63.247069635400564,0.0,0.03138075313758543
E1,q2_x3_resunet_cas-single_seed2026,cas-single,single-stream,2026,1120,na,hokkaido_iburi_tobu,Hokkaido0301,0.5,0,4433,18,11933,119.72550038616933,0.0,0.0
E1,q2_x3_resunet_cas-single_seed2026,cas-single,single-stream,2026,1120,na,hokkaido_iburi_tobu,Hokkaido0302,0.5,0,3263,98,13023,80.62567775525862,0.0,0.0
E1,q2_x3_resunet_cas-single_seed2026,cas-single,single-stream,2026,1120,na,hokkaido_iburi_tobu,Hokkaido0303,0.5,55,3245,426,12658,38.18900221707597,0.0,0.003169572107282642
E1,q2_x3_resunet_cas-single_seed2026,cas-single,single-stream,2026,1120,na,hokkaido_iburi_tobu,Hokkaido0304,0.5,116,4044,750,11474,40.73562584500698,0.12738681600381827,0.18747996519618515
E1,q2_x3_resunet_cas-single_seed2026,cas-single,single-stream,2026,1120,na,hokkaido_iburi_tobu,Hokkaido0305,0.5,472,1733,1244,12935,42.53939246807996,0.1595937613344478,0.24970332551367205
E1,q2_x3_resunet_cas-single_seed2026,cas-single,single-stream,2026,1120,na,hokkaido_iburi_tobu,Hokkaido0306,0.5,385,3572,1133,11294,36.532019886881685,0.043487296721160244,0.09502345130006441
E1,q2_x3_resunet_cas-single_seed2026,cas-single,single-stream,2026,1120,na,hokkaido_iburi_tobu,Hokkaido0307,0.5,0,3321,362,12701,42.79484264756439,0.006339144215045824,0.025356576861638537
E1,q2_x3_resunet_cas-single_seed2026,cas-single,single-stream,2026,1120,na,hokkaido_iburi_tobu,Hokkaido0308,0.5,0,3379,77,12928,84.67677979320071,0.0,0.0
E1,q2_x3_resunet_cas-single_seed2026,cas-single,single-stream,2026,1120,na,hokkaido_iburi_tobu,Hokkaido0309,0.5,0,3977,17,12390,98.3069159486592,0.0,0.0
E1,q2_x3_resunet_cas-single_seed2026,cas-single,single-stream,2026,1120,na,hokkaido_iburi_tobu,Hokkaido0310,0.5,19,3961,58,12346,42.44997055358225,0.0,0.0
E1,q2_x3_resunet_cas-single_seed2026,cas-single,single-stream,2026,1120,na,hokkaido_iburi_tobu,Hokkaido0311,0.5,0,4102,60,12222,95.04525228693525,0.0,0.0
E1,q2_x3_resunet_cas-single_seed2026,cas-single,single-stream,2026,1120,na,hokkaido_iburi_tobu,Hokkaido0312,0.5,0,4137,104,12143,92.89129358976565,0.0,0.0
E1,q2_x3_resunet_cas-single_seed2026,cas-single,single-stream,2026,1120,na,hokkaido_iburi_tobu,Hokkaido0313,0.5,46,2937,106,13295,43.01162633521314,0.0,0.03275620028033628
E1,q2_x3_resunet_cas-single_seed2026,cas-single,single-stream,2026,1120,na,hokkaido_iburi_tobu,Hokkaido0314,0.5,119,3788,433,12044,34.52259810812834,0.07049937054084342,0.12296051075856211
E1,q2_x3_resunet_cas-single_seed2026,cas-single,single-stream,2026,1120,na,hokkaido_iburi_tobu,Hokkaido0315,0.5,218,950,339,14877,41.72049607788006,0.11185682326573486,0.17002237136416884
E1,q2_x3_resunet_cas-single_seed2026,cas-single,single-stream,2026,1120,na,hokkaido_iburi_tobu,Hokkaido0316,0.5,0,1421,53,14910,45.8822318112423,0.0,0.0
E1,q2_x3_resunet_cas-single_seed2026,cas-single,single-stream,2026,1120,na,hokkaido_iburi_tobu,Hokkaido0319,0.5,0,2524,84,13776,73.09339143964793,0.0,0.0
E1,q2_x3_resunet_cas-single_seed2026,cas-single,single-stream,2026,1120,na,hokkaido_iburi_tobu,Hokkaido0320,0.5,0,2360,163,13861,68.1777079570495,0.0,0.0
E1,q2_x3_resunet_cas-single_seed2026,cas-single,single-stream,2026,1120,na,hokkaido_iburi_tobu,Hokkaido0321,0.5,228,2278,212,13666,34.79275171965332,0.16117407730263172,0.28843487103587834
E1,q2_x3_resunet_cas-single_seed2026,cas-single,single-stream,2026,1120,na,hokkaido_iburi_tobu,Hokkaido0322,0.5,131,1543,1842,12868,54.89434827437563,0.09190302646141296,0.12214089661447403
E1,q2_x3_resunet_cas-single_seed2026,cas-single,single-stream,2026,1120,na,hokkaido_iburi_tobu,Hokkaido0323,0.5,139,235,2851,13159,61.29437168288782,0.07263339703061163,0.11809521345729565
E1,q2_x3_resunet_cas-single_seed2026,cas-single,single-stream,2026,1120,na,hokkaido_iburi_tobu,Hokkaido0324,0.5,559,1072,2847,11906,50.75824076382479,0.17427393977153946,0.2692511589018029
E1,q2_x3_resunet_cas-single_seed2026,cas-single,single-stream,2026,1120,na,hokkaido_iburi_tobu,Hokkaido0325,0.5,676,928,3184,11596,47.897794501580854,0.15173530805168153,0.2505120529381585
E1,q2_x3_resunet_cas-single_seed2026,cas-single,single-stream,2026,1120,na,hokkaido_iburi_tobu,Hokkaido0326,0.5,687,401,3592,11704,57.74027731355019,0.23068395443591114,0.32415268365972455
E1,q2_x3_resunet_cas-single_seed2026,cas-single,single-stream,2026,1120,na,hokkaido_iburi_tobu,Hokkaido0327,0.5,486,194,4232,11472,49.24885759578384,0.20127815132658478,0.3112350244389173
E1,q2_x3_resunet_cas-single_seed2026,cas-single,single-stream,2026,1120,na,hokkaido_iburi_tobu,Hokkaido0328,0.5,1023,2322,1973,11066,31.32490539720582,0.25798963617336773,0.4200758144418889
E1,q2_x3_resunet_cas-single_seed2026,cas-single,single-stream,2026,1120,na,hokkaido_iburi_tobu,Hokkaido0329,0.5,257,3590,722,11815,36.099850972191575,0.18014550213584507,0.2701602677887276
E1,q2_x3_resunet_cas-single_seed2026,cas-single,single-stream,2026,1120,na,hokkaido_iburi_tobu,Hokkaido0330,0.5,0,2155,420,13809,51.815042650028445,0.0,0.0
E1,q2_x3_resunet_cas-single_seed2026,cas-single,single-stream,2026,1120,na,hokkaido_iburi_tobu,Hokkaido0331,0.5,111,1654,282,14337,35.619736084309764,0.04919811889497425,0.1515456853809901
E1,q2_x3_resunet_cas-single_seed2026,cas-single,single-stream,2026,1120,na,hokkaido_iburi_tobu,Hokkaido0332,0.5,246,4505,94,11539,32.64932767811852,0.0761610703714044,0.18467220683241894
E1,q2_x3_resunet_cas-single_seed2026,cas-single,single-stream,2026,1120,na,hokkaido_iburi_tobu,Hokkaido0333,0.5,124,5043,268,10949,38.897300677553446,0.14855570839015336,0.2888583218702084
E1,q2_x3_resunet_cas-single_seed2026,cas-single,single-stream,2026,1120,na,hokkaido_iburi_tobu,Hokkaido0334,0.5,262,779,1200,14143,52.791569557096885,0.09914504716955205,0.14214046822717374
E1,q2_x3_resunet_cas-single_seed2026,cas-single,single-stream,2026,1120,na,hokkaido_iburi_tobu,Hokkaido0335,0.5,625,2862,1061,11836,37.53664875824692,0.2086313781588489,0.327643087654533
E1,q2_x3_resunet_cas-single_seed2026,cas-single,single-stream,2026,1120,na,hokkaido_iburi_tobu,Hokkaido0336,0.5,385,4648,250,11101,34.236766445867,0.05981840840256219,0.14942528735582564
E1,q2_x3_resunet_cas-single_seed2026,cas-single,single-stream,2026,1120,na,hokkaido_iburi_tobu,Hokkaido0337,0.5,309,5179,225,10671,62.64662645483669,0.20991890803778746,0.27153555339843566
E1,q2_x3_resunet_cas-single_seed2026,cas-single,single-stream,2026,1120,na,hokkaido_iburi_tobu,Hokkaido0338,0.5,72,3308,316,12688,81.1633438048766,0.14808720691033483,0.18650806690069782
E1,q2_x3_resunet_cas-single_seed2026,cas-single,single-stream,2026,1120,na,hokkaido_iburi_tobu,Hokkaido0339,0.5,163,4670,248,11303,56.711100592197674,0.1252733300411285,0.1806208842892766
E1,q2_x3_resunet_cas-single_seed2026,cas-single,single-stream,2026,1120,na,hokkaido_iburi_tobu,Hokkaido0340,0.5,634,2352,727,12671,35.36664824595973,0.25639260866270297,0.3987369831762511
E1,q2_x3_resunet_cas-single_seed2026,cas-single,single-stream,2026,1120,na,hokkaido_iburi_tobu,Hokkaido0341,0.5,681,2634,1606,11463,37.68949248883192,0.1384584423421912,0.26401257202688583
E1,q2_x3_resunet_cas-single_seed2026,cas-single,single-stream,2026,1120,na,hokkaido_iburi_tobu,Hokkaido0342,0.5,611,2159,1511,12103,38.01315561749642,0.291616697249952,0.3668009205979826
E1,q2_x3_resunet_cas-single_seed2026,cas-single,single-stream,2026,1120,na,hokkaido_iburi_tobu,Hokkaido0343,0.5,374,1182,1004,13824,59.16678521977358,0.20836920957425803,0.3331399175947518
E1,q2_x3_resunet_cas-single_seed2026,cas-single,single-stream,2026,1120,na,hokkaido_iburi_tobu,Hokkaido0344,0.5,50,2971,543,12820,51.44413964922711,0.0,0.0
E1,q2_x3_resunet_cas-single_seed2026,cas-single,single-stream,2026,1120,na,hokkaido_iburi_tobu,Hokkaido0345,0.5,0,5250,19,11115,95.16905610561454,0.0,0.0
E1,q2_x3_resunet_cas-single_seed2026,cas-single,single-stream,2026,1120,na,hokkaido_iburi_tobu,Hokkaido0346,0.5,141,4867,170,11206,45.62397323171667,0.09024318781085931,0.16150234741740987
E1,q2_x3_resunet_cas-single_seed2026,cas-single,single-stream,2026,1120,na,hokkaido_iburi_tobu,Hokkaido0347,0.5,133,3279,280,12692,58.04394593057997,0.1296778615485435,0.19486036212408595
E1,q2_x3_resunet_cas-single_seed2026,cas-single,single-stream,2026,1120,na,hokkaido_iburi_tobu,Hokkaido0348,0.5,152,3997,93,12142,36.796738985948195,0.06036976480901301,0.07828902187730917
E1,q2_x3_resunet_cas-single_seed2026,cas-single,single-stream,2026,1120,na,hokkaido_iburi_tobu,Hokkaido0349,0.5,158,3721,19,12486,40.15592236237336,0.10377890580894399,0.245261984391994
E1,q2_x3_resunet_cas-single_seed2026,cas-single,single-stream,2026,1120,na,hokkaido_iburi_tobu,Hokkaido0350,0.5,206,3866,492,11820,39.280927423568954,0.051018600530950114,0.13298458149729742
E1,q2_x3_resunet_cas-single_seed2026,cas-single,single-stream,2026,1120,na,hokkaido_iburi_tobu,Hokkaido0351,0.5,420,3908,397,11659,35.52840389111702,0.19328640190602453,0.2928779743804089
E1,q2_x3_resunet_cas-single_seed2026,cas-single,single-stream,2026,1120,na,hokkaido_iburi_tobu,Hokkaido0352,0.5,71,2757,394,13162,52.220337697447945,0.07619313424455733,0.14954221770041615
E1,q2_x3_resunet_cas-single_seed2026,cas-single,single-stream,2026,1120,na,hokkaido_iburi_tobu,Hokkaido0353,0.5,25,3740,268,12351,61.72397509083442,0.03513051963846735,0.057992565055290206
E1,q2_x3_resunet_cas-single_seed2026,cas-single,single-stream,2026,1120,na,hokkaido_iburi_tobu,Hokkaido0354,0.5,67,3412,5,12900,58.66088534805756,0.11543031743307351,0.17847652790049517
E1,q2_x3_resunet_cas-single_seed2026,cas-single,single-stream,2026,1120,na,hokkaido_iburi_tobu,Hokkaido0355,0.5,35,3156,37,13156,72.00694410957877,0.10089307265245019,0.13713080168759187
E1,q2_x3_resunet_cas-single_seed2026,cas-single,single-stream,2026,1120,na,hokkaido_iburi_tobu,Hokkaido0357,0.5,15,1204,80,15085,40.51048382675018,0.06648199445940581,0.11718749999954409
E1,q2_x3_resunet_cas-single_seed2026,cas-single,single-stream,2026,1120,na,hokkaido_iburi_tobu,Hokkaido0358,0.5,0,1409,106,14869,57.08808563192013,0.0,0.0
E1,q2_x3_resunet_cas-single_seed2026,cas-single,single-stream,2026,1120,na,hokkaido_iburi_tobu,Hokkaido0359,0.5,0,3000,48,13336,66.01779392162373,0.0,0.0
E1,q2_x3_resunet_cas-single_seed2026,cas-single,single-stream,2026,1120,na,hokkaido_iburi_tobu,Hokkaido0360,0.5,0,3763,75,12546,51.78802950489621,0.0,0.0
E1,q2_x3_resunet_cas-single_seed2026,cas-single,single-stream,2026,1120,na,hokkaido_iburi_tobu,Hokkaido0361,0.5,102,2884,1723,11675,41.24306722003537,0.12205659703802302,0.16754927116843518
E1,q2_x3_resunet_cas-single_seed2026,cas-single,single-stream,2026,1120,na,hokkaido_iburi_tobu,Hokkaido0362,0.5,567,392,3627,11798,59.413803110051795,0.19195810858932885,0.28320545904820715
E1,q2_x3_resunet_cas-single_seed2026,cas-single,single-stream,2026,1120,na,hokkaido_iburi_tobu,Hokkaido0363,0.5,540,136,4659,11049,45.5768281685183,0.21856524873805844,0.33062663236623524
E1,q2_x3_resunet_cas-single_seed2026,cas-single,single-stream,2026,1120,na,hokkaido_iburi_tobu,Hokkaido0364,0.5,912,506,4389,10577,50.774009099144415,0.17512035654505742,0.2699256588858612
E1,q2_x3_resunet_cas-single_seed2026,cas-single,single-stream,2026,1120,na,hokkaido_iburi_tobu,Hokkaido0365,0.5,99,10,5214,11061,82.75868534480233,0.045324146871307744,0.08507670850758937
E1,q2_x3_resunet_cas-single_seed2026,cas-single,single-stream,2026,1120,na,hokkaido_iburi_tobu,Hokkaido0366,0.5,1429,1935,3273,9747,25.96150997149434,0.3128675762062765,0.47442330923372145
E1,q2_x3_resunet_cas-single_seed2026,cas-single,single-stream,2026,1120,na,hokkaido_iburi_tobu,Hokkaido0367,0.5,442,1683,1687,12572,51.87966779310848,0.11886143259272654,0.18912808414394655
E1,q2_x3_resunet_cas-single_seed2026,cas-single,single-stream,2026,1120,na,hokkaido_iburi_tobu,Hokkaido0368,0.5,122,3803,451,12008,45.304443674317795,0.08354430379696975,0.16074213283168046
E1,q2_x3_resunet_cas-single_seed2026,cas-single,single-stream,2026,1120,na,hokkaido_iburi_tobu,Hokkaido0369,0.5,77,2398,663,13246,52.71309498418224,0.09573195053800514,0.15331720361595427
E1,q2_x3_resunet_cas-single_seed2026,cas-single,single-stream,2026,1120,na,hokkaido_iburi_tobu,Hokkaido0370,0.5,62,1720,509,14093,56.22277118748239,0.0,0.0
E1,q2_x3_resunet_cas-single_seed2026,cas-single,single-stream,2026,1120,na,hokkaido_iburi_tobu,Hokkaido0371,0.5,100,4441,405,11438,37.17794755011217,0.12453977118238484,0.1850428416932066
E1,q2_x3_resunet_cas-single_seed2026,cas-single,single-stream,2026,1120,na,hokkaido_iburi_tobu,Hokkaido0372,0.5,67,2371,581,13365,52.54870982613475,0.05145716808900035,0.08811852425634217
E1,q2_x3_resunet_cas-single_seed2026,cas-single,single-stream,2026,1120,na,hokkaido_iburi_tobu,Hokkaido0373,0.5,220,2900,1311,11953,41.27465504058146,0.07088255733112975,0.12027617165545523
E1,q2_x3_resunet_cas-single_seed2026,cas-single,single-stream,2026,1120,na,hokkaido_iburi_tobu,Hokkaido0374,0.5,576,2649,1600,11559,41.72529209005013,0.16764284784556577,0.2657036393526377
E1,q2_x3_resunet_cas-single_seed2026,cas-single,single-stream,2026,1120,na,hokkaido_iburi_tobu,Hokkaido0375,0.5,453,2988,992,11951,31.962472493872728,0.17082568932430908,0.26859341646957463
E1,q2_x3_resunet_cas-single_seed2026,cas-single,single-stream,2026,1120,na,hokkaido_iburi_tobu,Hokkaido0376,0.5,724,4343,623,10694,31.827660925679098,0.2158563504636269,0.34229890208330893
E1,q2_x3_resunet_cas-single_seed2026,cas-single,single-stream,2026,1120,na,hokkaido_iburi_tobu,Hokkaido0377,0.5,206,3232,945,12001,41.49035360842247,0.14187948589501762,0.232558139534384
E1,q2_x3_resunet_cas-single_seed2026,cas-single,single-stream,2026,1120,na,hokkaido_iburi_tobu,Hokkaido0378,0.5,97,3240,531,12516,50.23942378983653,0.050890585241239364,0.0759011561999123
E1,q2_x3_resunet_cas-single_seed2026,cas-single,single-stream,2026,1120,na,hokkaido_iburi_tobu,Hokkaido0379,0.5,400,3314,1080,11590,36.40054944640259,0.17091323952799967,0.2466598150046793
E1,q2_x3_resunet_cas-single_seed2026,cas-single,single-stream,2026,1120,na,hokkaido_iburi_tobu,Hokkaido0380,0.5,496,1780,1798,12310,46.0814429203907,0.17279248545430273,0.27729389252726316
E1,q2_x3_resunet_cas-single_seed2026,cas-single,single-stream,2026,1120,na,hokkaido_iburi_tobu,Hokkaido0381,0.5,214,1103,2160,12907,56.387939435188024,0.08780148298823884,0.13956812098825816
E1,q2_x3_resunet_cas-single_seed2026,cas-single,single-stream,2026,1120,na,hokkaido_iburi_tobu,Hokkaido0382,0.5,795,1710,1869,12010,39.39670018551358,0.20474137931003547,0.3559317986432569
E1,q2_x3_resunet_cas-single_seed2026,cas-single,single-stream,2026,1120,na,hokkaido_iburi_tobu,Hokkaido0383,0.5,415,1842,1594,12533,43.42349283198731,0.1447763832415557,0.2567436761631286
E1,q2_x3_resunet_cas-single_seed2026,cas-single,single-stream,2026,1120,na,hokkaido_iburi_tobu,Hokkaido0384,0.5,46,2502,840,12996,49.153299995854034,0.05581766230267413,0.08113437881443057
E1,q2_x3_resunet_cas-single_seed2026,cas-single,single-stream,2026,1120,na,hokkaido_iburi_tobu,Hokkaido0385,0.5,355,4052,313,11664,41.03412822565645,0.09986039254282279,0.1551724137926035
E1,q2_x3_resunet_cas-single_seed2026,cas-single,single-stream,2026,1120,na,hokkaido_iburi_tobu,Hokkaido0386,0.5,107,3953,370,11954,52.40984229467882,0.10059620596156604,0.1723957853342056
E1,q2_x3_resunet_cas-single_seed2026,cas-single,single-stream,2026,1120,na,hokkaido_iburi_tobu,Hokkaido0387,0.5,108,2090,636,13550,47.61179486476305,0.09382882125392805,0.1668766491544308
E1,q2_x3_resunet_cas-single_seed2026,cas-single,single-stream,2026,1120,na,hokkaido_iburi_tobu,Hokkaido0388,0.5,222,3026,578,12558,49.5831143175419,0.11985898942371977,0.18435398230038852
E1,q2_x3_resunet_cas-single_seed2026,cas-single,single-stream,2026,1120,na,hokkaido_iburi_tobu,Hokkaido0389,0.5,111,3687,546,12040,38.18376618407357,0.058882691779695906,0.09644420131242054
E1,q2_x3_resunet_cas-single_seed2026,cas-single,single-stream,2026,1120,na,hokkaido_iburi_tobu,Hokkaido0390,0.5,208,3082,828,12266,43.139309220245984,0.06786437646268337,0.12138789444219131
E1,q2_x3_resunet_cas-single_seed2026,cas-single,single-stream,2026,1120,na,hokkaido_iburi_tobu,Hokkaido0391,0.5,235,1841,912,13396,44.14854781877211,0.12766838805848452,0.2066653119280801
E1,q2_x3_resunet_cas-single_seed2026,cas-single,single-stream,2026,1120,na,hokkaido_iburi_tobu,Hokkaido0392,0.5,208,3545,490,12141,42.07349115122193,0.07339781252775268,0.1699379560614715
E1,q2_x3_resunet_cas-single_seed2026,cas-single,single-stream,2026,1120,na,hokkaido_iburi_tobu,Hokkaido0393,0.5,116,3495,195,12578,33.55350104102742,0.013556258472166807,0.04929665131283687
E1,q2_x3_resunet_cas-single_seed2026,cas-single,single-stream,2026,1120,na,hokkaido_iburi_tobu,Hokkaido0394,0.5,62,3952,132,12238,47.688558148903624,0.0,0.007812499999580941
E1,q2_x3_resunet_cas-single_seed2026,cas-single,single-stream,2026,1120,na,hokkaido_iburi_tobu,Hokkaido0395,0.5,0,7,153,16224,81.94458191499602,0.0,0.0
E1,q2_x3_resunet_cas-single_seed2026,cas-single,single-stream,2026,1120,na,hokkaido_iburi_tobu,Hokkaido0396,0.5,40,1806,193,14345,46.51881339845203,0.0905172413788211,0.14141414141365288
E1,q2_x3_resunet_cas-single_seed2026,cas-single,single-stream,2026,1120,na,hokkaido_iburi_tobu,Hokkaido0397,0.5,23,2909,78,13374,45.064063210534265,0.17821154699249633,0.25609633717974106
E1,q2_x3_resunet_cas-single_seed2026,cas-single,single-stream,2026,1120,na,hokkaido_iburi_tobu,Hokkaido0398,0.5,28,2382,12,13962,39.98920395823902,0.02431610942212433,0.08637873754124242
E1,q2_x3_resunet_cas-single_seed2026,cas-single,single-stream,2026,1120,na,hokkaido_iburi_tobu,Hokkaido0399,0.5,136,2714,459,13075,36.492421816895124,0.13305158295863387,0.18700475435766165
E1,q2_x3_resunet_cas-single_seed2026,cas-single,single-stream,2026,1120,na,hokkaido_iburi_tobu,Hokkaido0400,0.5,531,835,2068,12950,52.391754522348926,0.15783825715914265,0.23205310668074894
E1,q2_x3_resunet_cas-single_seed2026,cas-single,single-stream,2026,1120,na,hokkaido_iburi_tobu,Hokkaido0401,0.5,653,198,4829,10704,46.32493928760188,0.20163869985875765,0.3130486471565834
E1,q2_x3_resunet_cas-single_seed2026,cas-single,single-stream,2026,1120,na,hokkaido_iburi_tobu,Hokkaido0402,0.5,539,49,6003,9793,82.07313743632214,0.11760588029386608,0.18216797070782548
E1,q2_x3_resunet_cas-single_seed2026,cas-single,single-stream,2026,1120,na,hokkaido_iburi_tobu,Hokkaido0403,0.5,710,183,4870,10621,44.17747957243157,0.24503774811234236,0.3546562106144647
E1,q2_x3_resunet_cas-single_seed2026,cas-single,single-stream,2026,1120,na,hokkaido_iburi_tobu,Hokkaido0404,0.5,783,342,4397,10862,53.07164847744661,0.3002719319937672,0.3941857063722415
E1,q2_x3_resunet_cas-single_seed2026,cas-single,single-stream,2026,1120,na,hokkaido_iburi_tobu,Hokkaido0405,0.5,1127,1598,3186,10473,45.44336162668808,0.17184421216073925,0.280106796571019
E1,q2_x3_resunet_cas-single_seed2026,cas-single,single-stream,2026,1120,na,hokkaido_iburi_tobu,Hokkaido0406,0.5,437,2507,1945,11495,41.08517992452861,0.24399896123670994,0.3120499279880488
E1,q2_x3_resunet_cas-single_seed2026,cas-single,single-stream,2026,1120,na,hokkaido_iburi_tobu,Hokkaido0407,0.5,182,3964,973,11265,45.91506958699773,0.13174039392914144,0.1787455389419271
E1,q2_x3_resunet_cas-single_seed2026,cas-single,single-stream,2026,1120,na,hokkaido_iburi_tobu,Hokkaido0408,0.5,405,2271,971,12737,46.03368089741255,0.14078041315948886,0.24710996937018787
E1,q2_x3_resunet_cas-single_seed2026,cas-single,single-stream,2026,1120,na,hokkaido_iburi_tobu,Hokkaido0409,0.5,489,2382,636,12877,49.73932046178355,0.1759764547177557,0.2951834820360323
E1,q2_x3_resunet_cas-single_seed2026,cas-single,single-stream,2026,1120,na,hokkaido_iburi_tobu,Hokkaido0410,0.5,125,1314,966,13979,59.42892965454627,0.08919506889017076,0.1292231976586453
E1,q2_x3_resunet_cas-single_seed2026,cas-single,single-stream,2026,1120,na,hokkaido_iburi_tobu,Hokkaido0411,0.5,636,1815,1401,12532,29.777614502573588,0.27293744081068827,0.4108860075630531
E1,q2_x3_resunet_cas-single_seed2026,cas-single,single-stream,2026,1120,na,hokkaido_iburi_tobu,Hokkaido0412,0.5,500,3738,1239,10907,45.12419959461426,0.17246953849274815,0.2577096045518573
E1,q2_x3_resunet_cas-single_seed2026,cas-single,single-stream,2026,1120,na,hokkaido_iburi_tobu,Hokkaido0413,0.5,354,1504,1960,12566,44.350843602348206,0.14917825537265106,0.23104616967090794
E1,q2_x3_resunet_cas-single_seed2026,cas-single,single-stream,2026,1120,na,hokkaido_iburi_tobu,Hokkaido0414,0.5,617,1538,1948,12281,42.80186911806539,0.13812540815483001,0.25685481223525947
E1,q2_x3_resunet_cas-single_seed2026,cas-single,single-stream,2026,1120,na,hokkaido_iburi_tobu,Hokkaido0415,0.5,284,3238,1156,11706,32.747511719352175,0.2607217079156476,0.3818196667750894
E1,q2_x3_resunet_cas-single_seed2026,cas-single,single-stream,2026,1120,na,hokkaido_iburi_tobu,Hokkaido0416,0.5,381,2145,672,13186,46.61191503112735,0.07314246762053198,0.12307573445574198
E1,q2_x3_resunet_cas-single_seed2026,cas-single,single-stream,2026,1120,na,hokkaido_iburi_tobu,Hokkaido0417,0.5,120,2327,1048,12889,52.455667266737215,0.08285905911617741,0.11774908729725893
E1,q2_x3_resunet_cas-single_seed2026,cas-single,single-stream,2026,1120,na,hokkaido_iburi_tobu,Hokkaido0418,0.5,313,1452,1285,13334,48.99792430371099,0.0791689801958805,0.15264008490694492
E1,q2_x3_resunet_cas-single_seed2026,cas-single,single-stream,2026,1120,na,hokkaido_iburi_tobu,Hokkaido0419,0.5,291,1071,1869,13153,47.07134023675138,0.21781664643658816,0.2998764987388738
E1,q2_x3_resunet_cas-single_seed2026,cas-single,single-stream,2026,1120,na,hokkaido_iburi_tobu,Hokkaido0420,0.5,663,2441,2261,11019,44.10215414239989,0.1990302353326035,0.3099266772832575
E1,q2_x3_resunet_cas-single_seed2026,cas-single,single-stream,2026,1120,na,hokkaido_iburi_tobu,Hokkaido0421,0.5,726,1723,2740,11195,43.9089968002003,0.2005848353223578,0.3263393613617957
E1,q2_x3_resunet_cas-single_seed2026,cas-single,single-stream,2026,1120,na,hokkaido_iburi_tobu,Hokkaido0422,0.5,154,81,3101,13048,55.427420510546284,0.1494179649040034,0.22766570605167144
E1,q2_x3_resunet_cas-single_seed2026,cas-single,single-stream,2026,1120,na,hokkaido_iburi_tobu,Hokkaido0423,0.5,552,1319,1849,12664,43.86564363516397,0.2525828232849004,0.3815444517605632
E1,q2_x3_resunet_cas-single_seed2026,cas-single,single-stream,2026,1120,na,hokkaido_iburi_tobu,Hokkaido0424,0.5,582,754,1553,13495,53.92113438952947,0.16540125161018174,0.24999395565834545
E1,q2_x3_resunet_cas-single_seed2026,cas-single,single-stream,2026,1120,na,hokkaido_iburi_tobu,Hokkaido0425,0.5,99,2193,1302,12790,39.39796425404262,0.043870967741485446,0.0871422469025594
E1,q2_x3_resunet_cas-single_seed2026,cas-single,single-stream,2026,1120,na,hokkaido_iburi_tobu,Hokkaido0426,0.5,114,766,757,14747,53.48866999800494,0.06692863480754516,0.13019174980496903
E1,q2_x3_resunet_cas-single_seed2026,cas-single,single-stream,2026,1120,na,hokkaido_iburi_tobu,Hokkaido0427,0.5,408,4151,657,11168,42.447614512434974,0.1424325729990086,0.24748490945626866
E1,q2_x3_resunet_cas-single_seed2026,cas-single,single-stream,2026,1120,na,hokkaido_iburi_tobu,Hokkaido0428,0.5,327,2473,788,12796,39.98498591107085,0.07121595308925997,0.1110918243356617
E1,q2_x3_resunet_cas-single_seed2026,cas-single,single-stream,2026,1120,na,hokkaido_iburi_tobu,Hokkaido0429,0.5,430,2501,1319,12134,34.71670713274119,0.1876503608656994,0.2747421425366611
E1,q2_x3_resunet_cas-single_seed2026,cas-single,single-stream,2026,1120,na,hokkaido_iburi_tobu,Hokkaido0430,0.5,523,2309,1101,12451,34.937778460096595,0.22001365187676006,0.3511507052705678
E1,q2_x3_resunet_cas-single_seed2026,cas-single,single-stream,2026,1120,na,hokkaido_iburi_tobu,Hokkaido0431,0.5,288,2224,1218,12654,42.14434863401684,0.11066896914143641,0.16688594271795093
E1,q2_x3_resunet_cas-single_seed2026,cas-single,single-stream,2026,1120,na,hokkaido_iburi_tobu,Hokkaido0432,0.5,126,3669,1192,11397,48.18504546174626,0.073347842012924,0.1141326036138966
E1,q2_x3_resunet_cas-single_seed2026,cas-single,single-stream,2026,1120,na,hokkaido_iburi_tobu,Hokkaido0433,0.5,39,3644,390,12311,44.22096731237008,0.025531914893169774,0.0444579165398665
E1,q2_x3_resunet_cas-single_seed2026,cas-single,single-stream,2026,1120,na,hokkaido_iburi_tobu,Hokkaido0434,0.5,51,2538,110,13685,59.36497238367565,0.1275045537338287,0.15907995317111517
E1,q2_x3_resunet_cas-single_seed2026,cas-single,single-stream,2026,1120,na,hokkaido_iburi_tobu,Hokkaido0435,0.5,131,4661,30,11562,63.58927739719423,0.09015293801964525,0.11225323641977136
E1,q2_x3_resunet_cas-single_seed2026,cas-single,single-stream,2026,1120,na,hokkaido_iburi_tobu,Hokkaido0438,0.5,385,4380,896,10723,57.399777677434976,0.1868076737834219,0.2664987934104854
E1,q2_x3_resunet_cas-single_seed2026,cas-single,single-stream,2026,1120,na,hokkaido_iburi_tobu,Hokkaido0439,0.5,309,752,1942,13381,55.17969558623566,0.13231067887223147,0.22923646623137237
E1,q2_x3_resunet_cas-single_seed2026,cas-single,single-stream,2026,1120,na,hokkaido_iburi_tobu,Hokkaido0440,0.5,384,49,3586,12365,49.09175083453431,0.1339156949192933,0.2208398133746067
E1,q2_x3_resunet_cas-single_seed2026,cas-single,single-stream,2026,1120,na,hokkaido_iburi_tobu,Hokkaido0441,0.5,1633,784,5045,8922,35.02498617149645,0.24023927867057024,0.40115006608875775
E1,q2_x3_resunet_cas-single_seed2026,cas-single,single-stream,2026,1120,na,hokkaido_iburi_tobu,Hokkaido0442,0.5,137,13,7207,9027,84.35873965104048,0.0263324471451601,0.055642740694406494
E1,q2_x3_resunet_cas-single_seed2026,cas-single,single-stream,2026,1120,na,hokkaido_iburi_tobu,Hokkaido0443,0.5,119,0,6554,9711,72.34638899074369,0.014772144964860361,0.04735345081236
E1,q2_x3_resunet_cas-single_seed2026,cas-single,single-stream,2026,1120,na,hokkaido_iburi_tobu,Hokkaido0444,0.5,315,140,4287,11642,59.87274937038625,0.1020925185088477,0.17523756860800385
E1,q2_x3_resunet_cas-single_seed2026,cas-single,single-stream,2026,1120,na,hokkaido_iburi_tobu,Hokkaido0445,0.5,513,1270,2619,11982,52.51759456474718,0.20796073231929257,0.34457823027704804
E1,q2_x3_resunet_cas-single_seed2026,cas-single,single-stream,2026,1120,na,hokkaido_iburi_tobu,Hokkaido0446,0.5,719,2102,1962,11601,45.75803935169504,0.16254258962788767,0.26069680558333397
E1,q2_x3_resunet_cas-single_seed2026,cas-single,single-stream,2026,1120,na,hokkaido_iburi_tobu,Hokkaido0447,0.5,384,1537,1356,13107,52.7275236545194,0.09842154131815437,0.152647101700867
E1,q2_x3_resunet_cas-single_seed2026,cas-single,single-stream,2026,1120,na,hokkaido_iburi_tobu,Hokkaido0448,0.5,55,1586,771,13972,60.044005294504615,0.07626594032389701,0.13239291749270868
E1,q2_x3_resunet_cas-single_seed2026,cas-single,single-stream,2026,1120,na,hokkaido_iburi_tobu,Hokkaido0449,0.5,94,1428,1410,13452,50.954873842163565,0.0513962652043876,0.07540288797953294
E1,q2_x3_resunet_cas-single_seed2026,cas-single,single-stream,2026,1120,na,hokkaido_iburi_tobu,Hokkaido0450,0.5,794,1578,2424,11588,41.43669871020132,0.209745185600642,0.3222506393858519
E1,q2_x3_resunet_cas-single_seed2026,cas-single,single-stream,2026,1120,na,hokkaido_iburi_tobu,Hokkaido0451,0.5,789,1617,2746,11232,44.56904241761353,0.20169284665310722,0.36145070779710703
E1,q2_x3_resunet_cas-single_seed2026,cas-single,single-stream,2026,1120,na,hokkaido_iburi_tobu,Hokkaido0452,0.5,550,1165,2882,11787,50.743936514985414,0.11424599280320312,0.18061774415282028
E1,q2_x3_resunet_cas-single_seed2026,cas-single,single-stream,2026,1120,na,hokkaido_iburi_tobu,Hokkaido0453,0.5,915,1554,2343,11572,43.266615305567875,0.20368620899674006,0.3397229524171893
E1,q2_x3_resunet_cas-single_seed2026,cas-single,single-stream,2026,1120,na,hokkaido_iburi_tobu,Hokkaido0454,0.5,289,3033,1646,11416,47.79696201870037,0.09292435758192368,0.17773327924422105
E1,q2_x3_resunet_cas-single_seed2026,cas-single,single-stream,2026,1120,na,hokkaido_iburi_tobu,Hokkaido0455,0.5,488,4482,797,10617,26.0,0.10669610007310691,0.21443059982566587
E1,q2_x3_resunet_cas-single_seed2026,cas-single,single-stream,2026,1120,na,hokkaido_iburi_tobu,Hokkaido0456,0.5,636,3491,918,11339,28.890783935579762,0.15488004556087623,0.29656910253877883
E1,q2_x3_resunet_cas-single_seed2026,cas-single,single-stream,2026,1120,na,hokkaido_iburi_tobu,Hokkaido0457,0.5,586,4318,1379,10101,32.482265393082955,0.16823904275898224,0.2792749347550125
E1,q2_x3_resunet_cas-single_seed2026,cas-single,single-stream,2026,1120,na,hokkaido_iburi_tobu,Hokkaido0458,0.5,368,1186,1923,12907,46.50591091774235,0.14241436859226114,0.2728593816779892
E1,q2_x3_resunet_cas-single_seed2026,cas-single,single-stream,2026,1120,na,hokkaido_iburi_tobu,Hokkaido0459,0.5,940,1693,1831,11920,39.919913852760516,0.21334838436545878,0.3513513513510457
E1,q2_x3_resunet_cas-single_seed2026,cas-single,single-stream,2026,1120,na,hokkaido_iburi_tobu,Hokkaido0460,0.5,708,409,2759,12508,54.67540470484789,0.15442846328521811,0.2403828133782635
E1,q2_x3_resunet_cas-single_seed2026,cas-single,single-stream,2026,1120,na,hokkaido_iburi_tobu,Hokkaido0461,0.5,992,426,2686,12280,43.20179657867943,0.2421431098924557,0.34776360586142857
E1,q2_x3_resunet_cas-single_seed2026,cas-single,single-stream,2026,1120,na,hokkaido_iburi_tobu,Hokkaido0462,0.5,898,2831,1950,10705,37.18803073230318,0.1779270130968473,0.2625776913825971
E1,q2_x3_resunet_cas-single_seed2026,cas-single,single-stream,2026,1120,na,hokkaido_iburi_tobu,Hokkaido0463,0.5,376,667,2419,12922,46.09772228646444,0.21752156208476298,0.3166080507312697
E1,q2_x3_resunet_cas-single_seed2026,cas-single,single-stream,2026,1120,na,hokkaido_iburi_tobu,Hokkaido0464,0.5,311,140,2046,13887,58.427586940733725,0.17187499999981504,0.24157654839552276
E1,q2_x3_resunet_cas-single_seed2026,cas-single,single-stream,2026,1120,na,hokkaido_iburi_tobu,Hokkaido0465,0.5,11,958,682,14733,66.47179821224626,0.038167938930799415,0.057787561914755384
E1,q2_x3_resunet_cas-single_seed2026,cas-single,single-stream,2026,1120,na,hokkaido_iburi_tobu,Hokkaido0466,0.5,266,2242,609,13267,50.12544166853668,0.051145798737484614,0.09281875915926928
E1,q2_x3_resunet_cas-single_seed2026,cas-single,single-stream,2026,1120,na,hokkaido_iburi_tobu,Hokkaido0467,0.5,530,2771,1116,11967,49.1074871582147,0.09858932019331101,0.18552147239224234
E1,q2_x3_resunet_cas-single_seed2026,cas-single,single-stream,2026,1120,na,hokkaido_iburi_tobu,Hokkaido0468,0.5,518,1668,1797,12401,41.67966131538609,0.25672518710183806,0.3460185301462524
E1,q2_x3_resunet_cas-single_seed2026,cas-single,single-stream,2026,1120,na,hokkaido_iburi_tobu,Hokkaido0469,0.5,460,827,1870,13227,53.262076503853244,0.2330471848129557,0.3567581806471126
E1,q2_x3_resunet_cas-single_seed2026,cas-single,single-stream,2026,1120,na,hokkaido_iburi_tobu,Hokkaido0470,0.5,435,722,1638,13589,39.05124837953327,0.22022740873690594,0.3195764194199942
E1,q2_x3_resunet_cas-single_seed2026,cas-single,single-stream,2026,1120,na,hokkaido_iburi_tobu,Hokkaido0471,0.5,491,3727,1002,11164,37.8549864614954,0.21299522997406994,0.2935721667235935
E1,q2_x3_resunet_cas-single_seed2026,cas-single,single-stream,2026,1120,na,hokkaido_iburi_tobu,Hokkaido0472,0.5,183,2388,175,13638,39.845951768787174,0.13626825403581397,0.25256361564712326
E1,q2_x3_resunet_cas-single_seed2026,cas-single,single-stream,2026,1120,na,hokkaido_iburi_tobu,Hokkaido0473,0.5,0,3797,75,12512,91.40514177796796,0.0,0.0
E1,q2_x3_resunet_cas-single_seed2026,cas-single,single-stream,2026,1120,na,hokkaido_iburi_tobu,Hokkaido0474,0.5,0,3664,75,12645,88.8214448237644,0.0,0.0
E1,q2_x3_resunet_cas-single_seed2026,cas-single,single-stream,2026,1120,na,hokkaido_iburi_tobu,Hokkaido0478,0.5,0,5458,15,10911,101.59227110383861,0.0,0.0
E1,q2_x3_resunet_cas-single_seed2026,cas-single,single-stream,2026,1120,na,hokkaido_iburi_tobu,Hokkaido0479,0.5,208,3340,714,12122,43.38720834175029,0.14153978125621017,0.24172661870453635
E1,q2_x3_resunet_cas-single_seed2026,cas-single,single-stream,2026,1120,na,hokkaido_iburi_tobu,Hokkaido0480,0.5,723,2051,1743,11867,38.15754102038506,0.24642286783523823,0.3698193411260364
E1,q2_x3_resunet_cas-single_seed2026,cas-single,single-stream,2026,1120,na,hokkaido_iburi_tobu,Hokkaido0481,0.5,666,974,1787,12957,61.53047864232847,0.145244956772032,0.23405785258996104
E1,q2_x3_resunet_cas-single_seed2026,cas-single,single-stream,2026,1120,na,hokkaido_iburi_tobu,Hokkaido0482,0.5,457,2195,2272,11460,47.248582078218725,0.14809866982517358,0.2409895485572484
E1,q2_x3_resunet_cas-single_seed2026,cas-single,single-stream,2026,1120,na,hokkaido_iburi_tobu,Hokkaido0483,0.5,2057,1344,3419,9564,41.875410024421605,0.3334530541687671,0.5000534592225403
E1,q2_x3_resunet_cas-single_seed2026,cas-single,single-stream,2026,1120,na,hokkaido_iburi_tobu,Hokkaido0484,0.5,2326,641,6434,6983,38.61994140655134,0.3433206492924406,0.5277972263127134
E1,q2_x3_resunet_cas-single_seed2026,cas-single,single-stream,2026,1120,na,hokkaido_iburi_tobu,Hokkaido0485,0.5,613,103,8862,6806,50.622621254562745,0.12667191473445902,0.18881483464593146
E1,q2_x3_resunet_cas-single_seed2026,cas-single,single-stream,2026,1120,na,hokkaido_iburi_tobu,Hokkaido0486,0.5,64,0,6596,9724,114.3162227681243,0.01089956826382616,0.04252029377653356
E1,q2_x3_resunet_cas-single_seed2026,cas-single,single-stream,2026,1120,na,hokkaido_iburi_tobu,Hokkaido0487,0.5,1013,223,3496,11652,58.137767414994535,0.20989459599109989,0.3093796159524471
E1,q2_x3_resunet_cas-single_seed2026,cas-single,single-stream,2026,1120,na,hokkaido_iburi_tobu,Hokkaido0488,0.5,1472,1643,2304,10965,44.62958187235625,0.20528577199413092,0.347160217315286
E1,q2_x3_resunet_cas-single_seed2026,cas-single,single-stream,2026,1120,na,hokkaido_iburi_tobu,Hokkaido0489,0.5,289,2487,1391,12217,48.238964975762826,0.1993852786200009,0.26990816204779083
E1,q2_x3_resunet_cas-single_seed2026,cas-single,single-stream,2026,1120,na,hokkaido_iburi_tobu,Hokkaido0490,0.5,40,2733,549,13062,47.484747112956356,0.0944881889758817,0.11975275098443222
E1,q2_x3_resunet_cas-single_seed2026,cas-single,single-stream,2026,1120,na,hokkaido_iburi_tobu,Hokkaido0491,0.5,255,460,1868,13801,62.340080095261946,0.0924246565130141,0.13697424965297256
E1,q2_x3_resunet_cas-single_seed2026,cas-single,single-stream,2026,1120,na,hokkaido_iburi_tobu,Hokkaido0492,0.5,369,1347,2979,11689,51.86520991955976,0.11567330132898394,0.16537074024161152
E1,q2_x3_resunet_cas-single_seed2026,cas-single,single-stream,2026,1120,na,hokkaido_iburi_tobu,Hokkaido0493,0.5,1222,1002,2886,11274,44.743643224288405,0.26023889162679764,0.39386291831342746
E1,q2_x3_resunet_cas-single_seed2026,cas-single,single-stream,2026,1120,na,hokkaido_iburi_tobu,Hokkaido0494,0.5,0,0,4430,11954,181.01933598375618,0.0,0.0
E1,q2_x3_resunet_cas-single_seed2026,cas-single,single-stream,2026,1120,na,hokkaido_iburi_tobu,Hokkaido0495,0.5,764,452,3548,11620,52.20153254455275,0.24165615745371477,0.3676762172242366
E1,q2_x3_resunet_cas-single_seed2026,cas-single,single-stream,2026,1120,na,hokkaido_iburi_tobu,Hokkaido0496,0.5,682,225,2789,12688,38.608287441363075,0.3256349419213186,0.4352754749708786
E1,q2_x3_resunet_cas-single_seed2026,cas-single,single-stream,2026,1120,na,hokkaido_iburi_tobu,Hokkaido0497,0.5,468,1603,1978,12335,45.254833995939045,0.1517388067635235,0.2378371383110878
E1,q2_x3_resunet_cas-single_seed2026,cas-single,single-stream,2026,1120,na,hokkaido_iburi_tobu,Hokkaido0498,0.5,835,2298,1092,12159,35.0,0.23922902925311704,0.35645593200561543
E1,q2_x3_resunet_cas-single_seed2026,cas-single,single-stream,2026,1120,na,hokkaido_iburi_tobu,Hokkaido0499,0.5,409,3062,1301,11612,54.264565179507414,0.12926928833808618,0.22507566425417247
E1,q2_x3_resunet_cas-single_seed2026,cas-single,single-stream,2026,1120,na,hokkaido_iburi_tobu,Hokkaido0500,0.5,268,360,1748,14008,53.20335376258312,0.11975883333027632,0.2286272811077985
E1,q2_x3_resunet_cas-single_seed2026,cas-single,single-stream,2026,1120,na,hokkaido_iburi_tobu,Hokkaido0501,0.5,837,1553,1754,12240,39.13612933976855,0.26655127650332294,0.4292669521754519
E1,q2_x3_resunet_cas-single_seed2026,cas-single,single-stream,2026,1120,na,hokkaido_iburi_tobu,Hokkaido0502,0.5,709,2410,2305,10960,53.75499925232548,0.16468046553734716,0.2561263118184835
E1,q2_x3_resunet_cas-single_seed2026,cas-single,single-stream,2026,1120,na,hokkaido_iburi_tobu,Hokkaido0503,0.5,0,1168,2728,12488,54.20332093147061,0.0,0.0
E1,q2_x3_resunet_cas-single_seed2026,cas-single,single-stream,2026,1120,na,hokkaido_iburi_tobu,Hokkaido0504,0.5,201,868,2295,13020,53.150729063673246,0.11168029526837153,0.20697458187203804
E1,q2_x3_resunet_cas-single_seed2026,cas-single,single-stream,2026,1120,na,hokkaido_iburi_tobu,Hokkaido0505,0.5,272,318,2641,13153,64.432132385736,0.10170960751250348,0.15878075238704245
E1,q2_x3_resunet_cas-single_seed2026,cas-single,single-stream,2026,1120,na,hokkaido_iburi_tobu,Hokkaido0506,0.5,236,860,2384,12904,56.69653550913341,0.07833076236077714,0.12912105852725417
E1,q2_x3_resunet_cas-single_seed2026,cas-single,single-stream,2026,1120,na,hokkaido_iburi_tobu,Hokkaido0507,0.5,317,1989,981,13097,52.59081295734511,0.11678125302562947,0.22476481057674433
E1,q2_x3_resunet_cas-single_seed2026,cas-single,single-stream,2026,1120,na,hokkaido_iburi_tobu,Hokkaido0508,0.5,191,1680,998,13515,44.43195204811215,0.18783984181863925,0.25682162708393447
E1,q2_x3_resunet_cas-single_seed2026,cas-single,single-stream,2026,1120,na,hokkaido_iburi_tobu,Hokkaido0509,0.5,543,4222,1141,10478,31.348726655727074,0.19058901928802138,0.2872831922357794
E1,q2_x3_resunet_cas-single_seed2026,cas-single,single-stream,2026,1120,na,hokkaido_iburi_tobu,Hokkaido0510,0.5,862,1678,1477,12367,39.59797974644666,0.22061864270402123,0.3421528419990394
E1,q2_x3_resunet_cas-single_seed2026,cas-single,single-stream,2026,1120,na,hokkaido_iburi_tobu,Hokkaido0511,0.5,595,738,2083,12968,47.51736304542082,0.24169391595312673,0.3180260452361375
E1,q2_x3_resunet_cas-single_seed2026,cas-single,single-stream,2026,1120,na,hokkaido_iburi_tobu,Hokkaido0512,0.5,234,2222,1725,12203,36.59775510712123,0.16089432168370876,0.22694244659670015
E1,q2_x3_resunet_cas-single_seed2026,cas-single,single-stream,2026,1120,na,hokkaido_iburi_tobu,Hokkaido0513,0.5,335,3164,493,12392,43.78326504397837,0.17582417582367835,0.2869310917918805
E1,q2_x3_resunet_cas-single_seed2026,cas-single,single-stream,2026,1120,na,hokkaido_iburi_tobu,Hokkaido0514,0.5,2,4520,180,11682,65.30696746902278,0.03296703296664288,0.05587242463004904
E1,q2_x3_resunet_cas-single_seed2026,cas-single,single-stream,2026,1120,na,hokkaido_iburi_tobu,Hokkaido0515,0.5,145,3618,126,12495,59.44661358158023,0.1191456006266731,0.21551144927231924
E1,q2_x3_resunet_cas-single_seed2026,cas-single,single-stream,2026,1120,na,hokkaido_iburi_tobu,Hokkaido0516,0.5,118,3882,101,12283,56.214761607781426,0.16675970970529622,0.23621752943335053
E1,q2_x3_resunet_cas-single_seed2026,cas-single,single-stream,2026,1120,na,hokkaido_iburi_tobu,Hokkaido0517,0.5,0,1873,23,14488,80.13488579013418,0.0,0.0
E1,q2_x3_resunet_cas-single_seed2026,cas-single,single-stream,2026,1120,na,hokkaido_iburi_tobu,Hokkaido0518,0.5,3,2153,33,14195,36.08322114733469,0.0,0.0
E1,q2_x3_resunet_cas-single_seed2026,cas-single,single-stream,2026,1120,na,hokkaido_iburi_tobu,Hokkaido0520,0.5,69,3244,4,13067,64.11684967727435,0.0906321401368749,0.18964003511829375
E1,q2_x3_resunet_cas-single_seed2026,cas-single,single-stream,2026,1120,na,hokkaido_iburi_tobu,Hokkaido0521,0.5,180,4209,561,11434,56.32051136131489,0.1514257620447969,0.20833333333292905
E1,q2_x3_resunet_cas-single_seed2026,cas-single,single-stream,2026,1120,na,hokkaido_iburi_tobu,Hokkaido0522,0.5,381,2542,2171,11290,40.26348383090238,0.12803770234234055,0.1800341811597394
E1,q2_x3_resunet_cas-single_seed2026,cas-single,single-stream,2026,1120,na,hokkaido_iburi_tobu,Hokkaido0523,0.5,1888,1193,1930,11373,44.321533039193426,0.35052956785123573,0.5308598884569469
E1,q2_x3_resunet_cas-single_seed2026,cas-single,single-stream,2026,1120,na,hokkaido_iburi_tobu,Hokkaido0524,0.5,327,116,4415,11526,54.53254723900942,0.10331680188041861,0.1870791291312693
E1,q2_x3_resunet_cas-single_seed2026,cas-single,single-stream,2026,1120,na,hokkaido_iburi_tobu,Hokkaido0525,0.5,1160,1046,4593,9585,44.73251207792042,0.19034843915973415,0.29927603701495914
E1,q2_x3_resunet_cas-single_seed2026,cas-single,single-stream,2026,1120,na,hokkaido_iburi_tobu,Hokkaido0526,0.5,151,1,5838,10394,74.80239948961302,0.021154693697607686,0.05378909469474883
E1,q2_x3_resunet_cas-single_seed2026,cas-single,single-stream,2026,1120,na,hokkaido_iburi_tobu,Hokkaido0527,0.5,0,0,7638,8746,181.01933598375618,0.0,0.0
E1,q2_x3_resunet_cas-single_seed2026,cas-single,single-stream,2026,1120,na,hokkaido_iburi_tobu,Hokkaido0528,0.5,0,0,9274,7110,181.01933598375618,0.0,0.0
E1,q2_x3_resunet_cas-single_seed2026,cas-single,single-stream,2026,1120,na,hokkaido_iburi_tobu,Hokkaido0529,0.5,147,33,7587,8617,61.35877847041032,0.06614633188515784,0.11359562525739224
E1,q2_x3_resunet_cas-single_seed2026,cas-single,single-stream,2026,1120,na,hokkaido_iburi_tobu,Hokkaido0530,0.5,396,1003,3985,11000,33.734255586866,0.16093592950108515,0.2780931450856873
E1,q2_x3_resunet_cas-single_seed2026,cas-single,single-stream,2026,1120,na,hokkaido_iburi_tobu,Hokkaido0531,0.5,693,699,2799,12193,28.55863918695976,0.26620025838780315,0.37738766759760584
E1,q2_x3_resunet_cas-single_seed2026,cas-single,single-stream,2026,1120,na,hokkaido_iburi_tobu,Hokkaido0532,0.5,825,873,2675,12011,32.89376840679705,0.20432555641402336,0.37200472162075116
E1,q2_x3_resunet_cas-single_seed2026,cas-single,single-stream,2026,1120,na,hokkaido_iburi_tobu,Hokkaido0533,0.5,691,1348,2452,11893,52.927720664521225,0.18408530079758947,0.29731105004856045
E1,q2_x3_resunet_cas-single_seed2026,cas-single,single-stream,2026,1120,na,hokkaido_iburi_tobu,Hokkaido0534,0.5,959,807,3604,11014,47.01063709417264,0.16440201891905315,0.27491634897431
E1,q2_x3_resunet_cas-single_seed2026,cas-single,single-stream,2026,1120,na,hokkaido_iburi_tobu,Hokkaido0535,0.5,760,1053,3763,10808,50.103390885065025,0.20673657527505998,0.3106997199791566
E1,q2_x3_resunet_cas-single_seed2026,cas-single,single-stream,2026,1120,na,hokkaido_iburi_tobu,Hokkaido0536,0.5,321,257,4158,11648,51.61879479940849,0.16746250823077344,0.24427069482097127
E1,q2_x3_resunet_cas-single_seed2026,cas-single,single-stream,2026,1120,na,hokkaido_iburi_tobu,Hokkaido0537,0.5,305,240,5537,10302,60.74537019394976,0.10238249680041173,0.18137322655375826
E1,q2_x3_resunet_cas-single_seed2026,cas-single,single-stream,2026,1120,na,hokkaido_iburi_tobu,Hokkaido0538,0.5,134,2,5569,10679,64.62584518118352,0.03911845307084795,0.07062335565472579
E1,q2_x3_resunet_cas-single_seed2026,cas-single,single-stream,2026,1120,na,hokkaido_iburi_tobu,Hokkaido0539,0.5,179,242,4097,11866,59.798806163956804,0.0485506725166039,0.08842234393986738
E1,q2_x3_resunet_cas-single_seed2026,cas-single,single-stream,2026,1120,na,hokkaido_iburi_tobu,Hokkaido0540,0.5,684,1087,2426,12187,47.05208895240395,0.19458209448266997,0.3205871458830331
E1,q2_x3_resunet_cas-single_seed2026,cas-single,single-stream,2026,1120,na,hokkaido_iburi_tobu,Hokkaido0541,0.5,620,2089,1935,11740,39.59797974644666,0.16759776536277157,0.22947743938656281
E1,q2_x3_resunet_cas-single_seed2026,cas-single,single-stream,2026,1120,na,hokkaido_iburi_tobu,Hokkaido0542,0.5,649,1477,807,13451,53.846987283112625,0.24381233838152808,0.3520797962643947
E1,q2_x3_resunet_cas-single_seed2026,cas-single,single-stream,2026,1120,na,hokkaido_iburi_tobu,Hokkaido0543,0.5,138,2117,688,13441,54.55822343483927,0.0,0.0137931034478302
E1,q2_x3_resunet_cas-single_seed2026,cas-single,single-stream,2026,1120,na,hokkaido_iburi_tobu,Hokkaido0544,0.5,381,309,1836,13858,50.53711507397311,0.194065916653167,0.257507551975067
E1,q2_x3_resunet_cas-single_seed2026,cas-single,single-stream,2026,1120,na,hokkaido_iburi_tobu,Hokkaido0545,0.5,396,1078,2470,12440,58.412327466040935,0.22016949263943061,0.3138687785650442
E1,q2_x3_resunet_cas-single_seed2026,cas-single,single-stream,2026,1120,na,hokkaido_iburi_tobu,Hokkaido0546,0.5,1026,1262,2035,12061,42.04759208325728,0.20450230934252764,0.34596348499083374
E1,q2_x3_resunet_cas-single_seed2026,cas-single,single-stream,2026,1120,na,hokkaido_iburi_tobu,Hokkaido0547,0.5,677,307,3636,11764,46.551002639952245,0.2442051135401772,0.38759698263267145
E1,q2_x3_resunet_cas-single_seed2026,cas-single,single-stream,2026,1120,na,hokkaido_iburi_tobu,Hokkaido0548,0.5,194,114,4823,11253,58.85745470223779,0.0956550531620382,0.13183629119871784
E1,q2_x3_resunet_cas-single_seed2026,cas-single,single-stream,2026,1120,na,hokkaido_iburi_tobu,Hokkaido0549,0.5,224,175,3489,12496,63.797323351924675,0.09243693094351237,0.1367673179394818
E1,q2_x3_resunet_cas-single_seed2026,cas-single,single-stream,2026,1120,na,hokkaido_iburi_tobu,Hokkaido0550,0.5,333,1788,1751,12512,56.2787584849706,0.15033454240632166,0.22683518788912108
E1,q2_x3_resunet_cas-single_seed2026,cas-single,single-stream,2026,1120,na,hokkaido_iburi_tobu,Hokkaido0551,0.5,77,1408,1624,13275,56.520767956495675,0.022001047668660005,0.039876142285036754
E1,q2_x3_resunet_cas-single_seed2026,cas-single,single-stream,2026,1120,na,hokkaido_iburi_tobu,Hokkaido0552,0.5,245,2763,1163,12213,31.047535630601363,0.12720599139803535,0.22574681612728378
E1,q2_x3_resunet_cas-single_seed2026,cas-single,single-stream,2026,1120,na,hokkaido_iburi_tobu,Hokkaido0553,0.5,165,757,1962,13500,57.13930998379732,0.11992030218720859,0.16756003127529737
E1,q2_x3_resunet_cas-single_seed2026,cas-single,single-stream,2026,1120,na,hokkaido_iburi_tobu,Hokkaido0554,0.5,631,1737,2386,11630,46.047800431333094,0.15986315137584045,0.28800007872319605
E1,q2_x3_resunet_cas-single_seed2026,cas-single,single-stream,2026,1120,na,hokkaido_iburi_tobu,Hokkaido0555,0.5,850,4293,1689,9552,32.96197076225713,0.17366879738826055,0.2848325465259121
E1,q2_x3_resunet_cas-single_seed2026,cas-single,single-stream,2026,1120,na,hokkaido_iburi_tobu,Hokkaido0556,0.5,644,2417,856,12467,33.99411510058521,0.2120305107652418,0.3164349357596996
E1,q2_x3_resunet_cas-single_seed2026,cas-single,single-stream,2026,1120,na,hokkaido_iburi_tobu,Hokkaido0557,0.5,88,3203,880,12213,41.01950603338374,0.06176136742956377,0.1053683932541342
E1,q2_x3_resunet_cas-single_seed2026,cas-single,single-stream,2026,1120,na,hokkaido_iburi_tobu,Hokkaido0558,0.5,392,2360,589,13043,35.449962186347896,0.15838867241053814,0.2914859207081526
E1,q2_x3_resunet_cas-single_seed2026,cas-single,single-stream,2026,1120,na,hokkaido_iburi_tobu,Hokkaido0559,0.5,219,3070,511,12584,35.38627439269854,0.1392506427272228,0.2617178041435534
E1,q2_x3_resunet_cas-single_seed2026,cas-single,single-stream,2026,1120,na,hokkaido_iburi_tobu,Hokkaido0560,0.5,111,3454,80,12739,58.008620049092706,0.07722007721965027,0.15708812260493304
E1,q2_x3_resunet_cas-single_seed2026,cas-single,single-stream,2026,1120,na,hokkaido_iburi_tobu,Hokkaido0561,0.5,0,4,61,16319,67.8203996592367,0.0,0.0
E1,q2_x3_resunet_cas-single_seed2026,cas-single,single-stream,2026,1120,na,hokkaido_iburi_tobu,Hokkaido0562,0.5,0,0,116,16268,181.01933598375618,0.0,0.0
E1,q2_x3_resunet_cas-single_seed2026,cas-single,single-stream,2026,1120,na,hokkaido_iburi_tobu,Hokkaido0563,0.5,0,634,78,15672,51.367024300471265,0.0,0.0
E1,q2_x3_resunet_cas-single_seed2026,cas-single,single-stream,2026,1120,na,hokkaido_iburi_tobu,Hokkaido0564,0.5,0,1060,23,15301,60.41522986797286,0.0,0.0
E1,q2_x3_resunet_cas-single_seed2026,cas-single,single-stream,2026,1120,na,hokkaido_iburi_tobu,Hokkaido0565,0.5,54,1014,16,15300,56.04016257116282,0.21011973735009054,0.2765531062121542
E1,q2_x3_resunet_cas-single_seed2026,cas-single,single-stream,2026,1120,na,hokkaido_iburi_tobu,Hokkaido0566,0.5,0,2708,143,13533,46.82840897511784,0.0,0.0
E1,q2_x3_resunet_cas-single_seed2026,cas-single,single-stream,2026,1120,na,hokkaido_iburi_tobu,Hokkaido0567,0.5,411,3950,320,11703,48.402402873642814,0.13468456430978898,0.23449878525359702
E1,q2_x3_resunet_cas-single_seed2026,cas-single,single-stream,2026,1120,na,hokkaido_iburi_tobu,Hokkaido0568,0.5,356,946,1805,13277,53.85164807134504,0.1356957889750735,0.20483627075965247
E1,q2_x3_resunet_cas-single_seed2026,cas-single,single-stream,2026,1120,na,hokkaido_iburi_tobu,Hokkaido0569,0.5,438,522,3280,12144,48.264375821494944,0.11527269533630195,0.2098836099978584
E1,q2_x3_resunet_cas-single_seed2026,cas-single,single-stream,2026,1120,na,hokkaido_iburi_tobu,Hokkaido0570,0.5,381,87,6993,8923,64.9499614791759,0.08829775690201445,0.15351126740384816
E1,q2_x3_resunet_cas-single_seed2026,cas-single,single-stream,2026,1120,na,hokkaido_iburi_tobu,Hokkaido0571,0.5,224,26,9756,6378,114.0175425099138,0.05073591720699253,0.07998418290307614
E1,q2_x3_resunet_cas-single_seed2026,cas-single,single-stream,2026,1120,na,hokkaido_iburi_tobu,Hokkaido0572,0.5,720,99,8029,7536,68.40320886382605,0.11546754425767987,0.19106112551198326
E1,q2_x3_resunet_cas-single_seed2026,cas-single,single-stream,2026,1120,na,hokkaido_iburi_tobu,Hokkaido0573,0.5,783,144,5755,9702,42.71298467586262,0.2642038331033294,0.40865181653348154
E1,q2_x3_resunet_cas-single_seed2026,cas-single,single-stream,2026,1120,na,hokkaido_iburi_tobu,Hokkaido0574,0.5,1,0,5797,10586,76.1695134781831,0.0027481964960467224,0.012307692307680074
E1,q2_x3_resunet_cas-single_seed2026,cas-single,single-stream,2026,1120,na,hokkaido_iburi_tobu,Hokkaido0575,0.5,537,160,4720,10967,55.86591089385369,0.16824679605990656,0.25958013557822446
E1,q2_x3_resunet_cas-single_seed2026,cas-single,single-stream,2026,1120,na,hokkaido_iburi_tobu,Hokkaido0576,0.5,1345,2109,748,12182,46.17573171826434,0.47632660818046085,0.614465041873973
E1,q2_x3_resunet_cas-single_seed2026,cas-single,single-stream,2026,1120,na,hokkaido_iburi_tobu,Hokkaido0577,0.5,818,1545,2152,11869,42.528812283437944,0.2377839055518613,0.40107345435458275
E1,q2_x3_resunet_cas-single_seed2026,cas-single,single-stream,2026,1120,na,hokkaido_iburi_tobu,Hokkaido0578,0.5,676,91,4597,11020,68.24697786560598,0.13484984490204097,0.21461246102590742
E1,q2_x3_resunet_cas-single_seed2026,cas-single,single-stream,2026,1120,na,hokkaido_iburi_tobu,Hokkaido0579,0.5,0,0,4193,12191,181.01933598375618,0.0,0.0
E1,q2_x3_resunet_cas-single_seed2026,cas-single,single-stream,2026,1120,na,hokkaido_iburi_tobu,Hokkaido0580,0.5,1691,1124,2743,10826,44.298405009675335,0.1845701796546112,0.28894274462257824
E1,q2_x3_resunet_cas-single_seed2026,cas-single,single-stream,2026,1120,na,hokkaido_iburi_tobu,Hokkaido0581,0.5,79,5,4479,11821,68.49671394259505,0.05194958181169382,0.0894733274587351
E1,q2_x3_resunet_cas-single_seed2026,cas-single,single-stream,2026,1120,na,hokkaido_iburi_tobu,Hokkaido0582,0.5,167,75,4991,11151,73.03971395366347,0.04026907482483656,0.06532567049799377
E1,q2_x3_resunet_cas-single_seed2026,cas-single,single-stream,2026,1120,na,hokkaido_iburi_tobu,Hokkaido0583,0.5,0,0,7181,9203,181.01933598375618,0.0,0.0
E1,q2_x3_resunet_cas-single_seed2026,cas-single,single-stream,2026,1120,na,hokkaido_iburi_tobu,Hokkaido0584,0.5,973,444,5639,9328,48.46183642548956,0.19097286576442657,0.31626378190917237
E1,q2_x3_resunet_cas-single_seed2026,cas-single,single-stream,2026,1120,na,hokkaido_iburi_tobu,Hokkaido0585,0.5,50,0,5213,11121,80.13612421522592,0.03321528880201604,0.06306306306300198
E1,q2_x3_resunet_cas-single_seed2026,cas-single,single-stream,2026,1120,na,hokkaido_iburi_tobu,Hokkaido0586,0.5,593,1647,3400,10744,45.45327270945405,0.1259521189652262,0.2302805868107082
E1,q2_x3_resunet_cas-single_seed2026,cas-single,single-stream,2026,1120,na,hokkaido_iburi_tobu,Hokkaido0587,0.5,575,597,2105,13107,58.2400047685895,0.12977198697038397,0.2399029516913155
E1,q2_x3_resunet_cas-single_seed2026,cas-single,single-stream,2026,1120,na,hokkaido_iburi_tobu,Hokkaido0588,0.5,0,370,1604,14410,66.28267156242022,0.0,0.0
E1,q2_x3_resunet_cas-single_seed2026,cas-single,single-stream,2026,1120,na,hokkaido_iburi_tobu,Hokkaido0589,0.5,0,1677,779,13928,61.21355218397357,0.0,0.0
E1,q2_x3_resunet_cas-single_seed2026,cas-single,single-stream,2026,1120,na,hokkaido_iburi_tobu,Hokkaido0590,0.5,360,304,1686,14034,55.86948974821779,0.12467292596563763,0.19111943386546038
E1,q2_x3_resunet_cas-single_seed2026,cas-single,single-stream,2026,1120,na,hokkaido_iburi_tobu,Hokkaido0591,0.5,875,1825,2172,11512,42.649649144898696,0.2284166591544728,0.36573497299753605
E1,q2_x3_resunet_cas-single_seed2026,cas-single,single-stream,2026,1120,na,hokkaido_iburi_tobu,Hokkaido0592,0.5,1215,2261,2852,10056,43.31957853124919,0.21100294827389848,0.35915222901218485
E1,q2_x3_resunet_cas-single_seed2026,cas-single,single-stream,2026,1120,na,hokkaido_iburi_tobu,Hokkaido0593,0.5,1216,575,3938,10655,60.39867207778144,0.24735103484636675,0.3830251729120581
E1,q2_x3_resunet_cas-single_seed2026,cas-single,single-stream,2026,1120,na,hokkaido_iburi_tobu,Hokkaido0594,0.5,218,59,5622,10485,48.0,0.10968420494407469,0.1728781709989025
E1,q2_x3_resunet_cas-single_seed2026,cas-single,single-stream,2026,1120,na,hokkaido_iburi_tobu,Hokkaido0595,0.5,1899,1356,3003,10126,33.734255586866,0.262976605275989,0.36311388049192794
E1,q2_x3_resunet_cas-single_seed2026,cas-single,single-stream,2026,1120,na,hokkaido_iburi_tobu,Hokkaido0596,0.5,610,2750,2039,10985,32.443012847357465,0.21450000579119752,0.35397547812631697
E1,q2_x3_resunet_cas-single_seed2026,cas-single,single-stream,2026,1120,na,hokkaido_iburi_tobu,Hokkaido0597,0.5,303,831,1387,13863,57.4543296888929,0.13954532529109806,0.23709259226998133
E1,q2_x3_resunet_cas-single_seed2026,cas-single,single-stream,2026,1120,na,hokkaido_iburi_tobu,Hokkaido0598,0.5,155,1800,833,13596,54.91107609231425,0.07257164123514687,0.1324554211924333
E1,q2_x3_resunet_cas-single_seed2026,cas-single,single-stream,2026,1120,na,hokkaido_iburi_tobu,Hokkaido0599,0.5,370,3094,1263,11657,37.13554724833851,0.1388772713933069,0.28512162926604245
E1,q2_x3_resunet_cas-single_seed2026,cas-single,single-stream,2026,1120,na,hokkaido_iburi_tobu,Hokkaido0600,0.5,946,2080,1706,11652,39.824615503479755,0.21564572488022765,0.3201320250413657
E1,q2_x3_resunet_cas-single_seed2026,cas-single,single-stream,2026,1120,na,hokkaido_iburi_tobu,Hokkaido0601,0.5,961,2075,1404,11944,40.607881008493905,0.16664521940517432,0.2788572043365202
E1,q2_x3_resunet_cas-single_seed2026,cas-single,single-stream,2026,1120,na,hokkaido_iburi_tobu,Hokkaido0602,0.5,461,2240,1432,12251,37.44329045369811,0.17840883923478582,0.2975597166858787
E1,q2_x3_resunet_cas-single_seed2026,cas-single,single-stream,2026,1120,na,hokkaido_iburi_tobu,Hokkaido0603,0.5,764,3647,1136,10837,43.84631920027243,0.19885514390164152,0.3502695165298376
E1,q2_x3_resunet_cas-single_seed2026,cas-single,single-stream,2026,1120,na,hokkaido_iburi_tobu,Hokkaido0604,0.5,748,2717,1047,11872,33.25957774798818,0.2969831962054877,0.46819089094496186
E1,q2_x3_resunet_cas-single_seed2026,cas-single,single-stream,2026,1120,na,hokkaido_iburi_tobu,Hokkaido0605,0.5,88,2183,829,13284,58.75369191766481,0.05322128851492076,0.11844629155965537
E1,q2_x3_resunet_cas-single_seed2026,cas-single,single-stream,2026,1120,na,hokkaido_iburi_tobu,Hokkaido0606,0.5,0,3096,204,13084,76.65018919537165,0.0,0.0
E1,q2_x3_resunet_cas-single_seed2026,cas-single,single-stream,2026,1120,na,hokkaido_iburi_tobu,Hokkaido0610,0.5,88,1041,343,14912,41.00853531617383,0.22043386983855104,0.2751932536888899
E1,q2_x3_resunet_cas-single_seed2026,cas-single,single-stream,2026,1120,na,hokkaido_iburi_tobu,Hokkaido0611,0.5,0,134,547,15703,55.26718887375282,0.0,0.0
E1,q2_x3_resunet_cas-single_seed2026,cas-single,single-stream,2026,1120,na,hokkaido_iburi_tobu,Hokkaido0612,0.5,0,3725,168,12491,59.941638282582836,0.0,0.0
E1,q2_x3_resunet_cas-single_seed2026,cas-single,single-stream,2026,1120,na,hokkaido_iburi_tobu,Hokkaido0613,0.5,0,2428,252,13704,65.34063713667334,0.02368064952590333,0.034532374100219435
E1,q2_x3_resunet_cas-single_seed2026,cas-single,single-stream,2026,1120,na,hokkaido_iburi_tobu,Hokkaido0614,0.5,73,570,305,15436,60.84241521835685,0.14351425942914026,0.25953643827605605
E1,q2_x3_resunet_cas-single_seed2026,cas-single,single-stream,2026,1120,na,hokkaido_iburi_tobu,Hokkaido0615,0.5,0,2246,227,13911,48.57347743169151,0.0,0.0
E1,q2_x3_resunet_cas-single_seed2026,cas-single,single-stream,2026,1120,na,hokkaido_iburi_tobu,Hokkaido0616,0.5,104,1650,294,14336,44.91102314577124,0.23938407432881023,0.32012498224634894
E1,q2_x3_resunet_cas-single_seed2026,cas-single,single-stream,2026,1120,na,hokkaido_iburi_tobu,Hokkaido0617,0.5,390,1824,870,13300,43.971185594367014,0.13395950419536332,0.20391713843214024
E1,q2_x3_resunet_cas-single_seed2026,cas-single,single-stream,2026,1120,na,hokkaido_iburi_tobu,Hokkaido0618,0.5,832,2499,1471,11582,43.382023926967726,0.21594918842590927,0.3593309229604065
E1,q2_x3_resunet_cas-single_seed2026,cas-single,single-stream,2026,1120,na,hokkaido_iburi_tobu,Hokkaido0619,0.5,829,303,5231,10021,43.02731340939501,0.1694891697133718,0.32255118948238387
E1,q2_x3_resunet_cas-single_seed2026,cas-single,single-stream,2026,1120,na,hokkaido_iburi_tobu,Hokkaido0620,0.5,572,130,7931,7751,63.340278306197646,0.0678585817451119,0.12142542894837666
E1,q2_x3_resunet_cas-single_seed2026,cas-single,single-stream,2026,1120,na,hokkaido_iburi_tobu,Hokkaido0621,0.5,1616,943,5321,8504,39.33064574436515,0.3003647829846986,0.47947854592318523
E1,q2_x3_resunet_cas-single_seed2026,cas-single,single-stream,2026,1120,na,hokkaido_iburi_tobu,Hokkaido0622,0.5,1898,2099,2297,10090,43.139309220245984,0.29568901372159606,0.48354311422103674
E1,q2_x3_resunet_cas-single_seed2026,cas-single,single-stream,2026,1120,na,hokkaido_iburi_tobu,Hokkaido0623,0.5,271,1444,2014,12655,38.01315561749642,0.1898076757006503,0.25100195825726107
E1,q2_x3_resunet_cas-single_seed2026,cas-single,single-stream,2026,1120,na,hokkaido_iburi_tobu,Hokkaido0624,0.5,361,2180,1455,12388,36.64759167278522,0.19986850756033536,0.2926538662797409
E1,q2_x3_resunet_cas-single_seed2026,cas-single,single-stream,2026,1120,na,hokkaido_iburi_tobu,Hokkaido0625,0.5,47,1045,1205,14087,41.86406054679134,0.07794491575724935,0.13331326207989128
E1,q2_x3_resunet_cas-single_seed2026,cas-single,single-stream,2026,1120,na,hokkaido_iburi_tobu,Hokkaido0626,0.5,4,277,2685,13418,60.98194728089213,0.0031570639303860303,0.019114367632616647
E1,q2_x3_resunet_cas-single_seed2026,cas-single,single-stream,2026,1120,na,hokkaido_iburi_tobu,Hokkaido0627,0.5,1227,847,2398,11912,45.91283151763253,0.2742242152462897,0.4289754506412912
E1,q2_x3_resunet_cas-single_seed2026,cas-single,single-stream,2026,1120,na,hokkaido_iburi_tobu,Hokkaido0628,0.5,129,433,2338,13484,64.35060217278468,0.11319564021867327,0.16392441517501435
E1,q2_x3_resunet_cas-single_seed2026,cas-single,single-stream,2026,1120,na,hokkaido_iburi_tobu,Hokkaido0629,0.5,758,2243,1834,11549,47.558345030630555,0.2828992708426883,0.4219890401055697
E1,q2_x3_resunet_cas-single_seed2026,cas-single,single-stream,2026,1120,na,hokkaido_iburi_tobu,Hokkaido0630,0.5,566,1105,2535,12178,59.481089431852205,0.1704364667631919,0.28030076562296335
E1,q2_x3_resunet_cas-single_seed2026,cas-single,single-stream,2026,1120,na,hokkaido_iburi_tobu,Hokkaido0631,0.5,817,284,3821,11462,43.31028760074871,0.24150670881014272,0.34614270541632536
E1,q2_x3_resunet_cas-single_seed2026,cas-single,single-stream,2026,1120,na,hokkaido_iburi_tobu,Hokkaido0632,0.5,865,415,6034,9070,72.5988936713759,0.08609924416680863,0.15763283800694008
E1,q2_x3_resunet_cas-single_seed2026,cas-single,single-stream,2026,1120,na,hokkaido_iburi_tobu,Hokkaido0633,0.5,15,2,6016,10351,104.03796942735124,0.005296843963785234,0.02726473175019298
E1,q2_x3_resunet_cas-single_seed2026,cas-single,single-stream,2026,1120,na,hokkaido_iburi_tobu,Hokkaido0634,0.5,639,232,4355,11158,50.346779362727155,0.12386791138341044,0.21786557934468687
E1,q2_x3_resunet_cas-single_seed2026,cas-single,single-stream,2026,1120,na,hokkaido_iburi_tobu,Hokkaido0635,0.5,228,1,3149,13006,56.1177250627796,0.0692461344971384,0.1313772717318092
E1,q2_x3_resunet_cas-single_seed2026,cas-single,single-stream,2026,1120,na,hokkaido_iburi_tobu,Hokkaido0636,0.5,66,61,1245,15012,66.4448367544605,0.1446191051992383,0.2864358683310539
E1,q2_x3_resunet_cas-single_seed2026,cas-single,single-stream,2026,1120,na,hokkaido_iburi_tobu,Hokkaido0637,0.5,433,279,711,14961,69.11579026443655,0.2799657786820687,0.4216496116380849
E1,q2_x3_resunet_cas-single_seed2026,cas-single,single-stream,2026,1120,na,hokkaido_iburi_tobu,Hokkaido0638,0.5,105,1541,1083,13655,59.674114403106145,0.07449303352143286,0.10872802154241346
E1,q2_x3_resunet_cas-single_seed2026,cas-single,single-stream,2026,1120,na,hokkaido_iburi_tobu,Hokkaido0639,0.5,582,1236,1442,13124,44.7353262511159,0.20549248430229117,0.3216685964750416
E1,q2_x3_resunet_cas-single_seed2026,cas-single,single-stream,2026,1120,na,hokkaido_iburi_tobu,Hokkaido0640,0.5,1084,2296,2454,10550,37.48996960597252,0.2377988922408366,0.3716493808712913
E1,q2_x3_resunet_cas-single_seed2026,cas-single,single-stream,2026,1120,na,hokkaido_iburi_tobu,Hokkaido0641,0.5,196,361,4446,11381,63.43498849937546,0.07888321654612265,0.13356151213308076
E1,q2_x3_resunet_cas-single_seed2026,cas-single,single-stream,2026,1120,na,hokkaido_iburi_tobu,Hokkaido0642,0.5,765,910,4296,10413,54.88804869808762,0.13292858618242956,0.20631535062716694
E1,q2_x3_resunet_cas-single_seed2026,cas-single,single-stream,2026,1120,na,hokkaido_iburi_tobu,Hokkaido0643,0.5,541,139,5012,10692,60.50123071502316,0.15310253156888717,0.23126146686333476
E1,q2_x3_resunet_cas-single_seed2026,cas-single,single-stream,2026,1120,na,hokkaido_iburi_tobu,Hokkaido0644,0.5,2202,1054,3433,9695,43.01162633521314,0.26997369880805033,0.4368243882342883
E1,q2_x3_resunet_cas-single_seed2026,cas-single,single-stream,2026,1120,na,hokkaido_iburi_tobu,Hokkaido0645,0.5,988,1422,2552,11422,33.28663395418648,0.20331039355037508,0.39155776126188896
E1,q2_x3_resunet_cas-single_seed2026,cas-single,single-stream,2026,1120,na,hokkaido_iburi_tobu,Hokkaido0646,0.5,366,2070,1512,12436,47.55271930066871,0.07937777777739191,0.1449723756902573
E1,q2_x3_resunet_cas-single_seed2026,cas-single,single-stream,2026,1120,na,hokkaido_iburi_tobu,Hokkaido0647,0.5,497,2220,1183,12484,48.36419367657257,0.11695906432705763,0.19955496729350167
E1,q2_x3_resunet_cas-single_seed2026,cas-single,single-stream,2026,1120,na,hokkaido_iburi_tobu,Hokkaido0648,0.5,435,2748,993,12208,48.301115428149465,0.08558808216147677,0.17627594031129612
E1,q2_x3_resunet_cas-single_seed2026,cas-single,single-stream,2026,1120,na,hokkaido_iburi_tobu,Hokkaido0649,0.5,478,3084,1126,11696,40.807474460634026,0.22295549475322032,0.3462084187288583
E1,q2_x3_resunet_cas-single_seed2026,cas-single,single-stream,2026,1120,na,hokkaido_iburi_tobu,Hokkaido0650,0.5,233,829,1727,13595,57.537775462605964,0.14523394643404178,0.21317002934338317
E1,q2_x3_resunet_cas-single_seed2026,cas-single,single-stream,2026,1120,na,hokkaido_iburi_tobu,Hokkaido0651,0.5,218,2637,1381,12148,53.03772242470448,0.13757794870508847,0.21021813268087214
E1,q2_x3_resunet_cas-single_seed2026,cas-single,single-stream,2026,1120,na,hokkaido_iburi_tobu,Hokkaido0652,0.5,181,2141,1319,12743,45.5768281685183,0.07546847411253993,0.15572705843509665
E1,q2_x3_resunet_cas-single_seed2026,cas-single,single-stream,2026,1120,na,hokkaido_iburi_tobu,Hokkaido0653,0.5,357,1672,1342,13013,39.311513586163805,0.14686467671655795,0.24628039274645505
E1,q2_x3_resunet_cas-single_seed2026,cas-single,single-stream,2026,1120,na,hokkaido_iburi_tobu,Hokkaido0654,0.5,66,2128,699,13491,57.4781915803076,0.026607538802178515,0.04470155140630371
E1,q2_x3_resunet_cas-single_seed2026,cas-single,single-stream,2026,1120,na,hokkaido_iburi_tobu,Hokkaido0655,0.5,0,4027,24,12333,92.42943191492442,0.0,0.0
E1,q2_x3_resunet_cas-single_seed2026,cas-single,single-stream,2026,1120,na,hokkaido_iburi_tobu,Hokkaido0657,0.5,14,1252,135,14983,40.00812373086532,0.0557275541791908,0.1454452666491705
E1,q2_x3_resunet_cas-single_seed2026,cas-single,single-stream,2026,1120,na,hokkaido_iburi_tobu,Hokkaido0658,0.5,73,3216,6,13089,45.09545016534817,0.10779029887287184,0.17212230215800425
E1,q2_x3_resunet_cas-single_seed2026,cas-single,single-stream,2026,1120,na,hokkaido_iburi_tobu,Hokkaido0659,0.5,0,1350,16,15018,52.045650212139385,0.0,0.0
E1,q2_x3_resunet_cas-single_seed2026,cas-single,single-stream,2026,1120,na,hokkaido_iburi_tobu,Hokkaido0660,0.5,170,2237,200,13777,77.45675136335672,0.1357612143176348,0.22007928854556558
E1,q2_x3_resunet_cas-single_seed2026,cas-single,single-stream,2026,1120,na,hokkaido_iburi_tobu,Hokkaido0661,0.5,139,854,292,15099,43.73710373860884,0.21177525890843962,0.3307276329170067
E1,q2_x3_resunet_cas-single_seed2026,cas-single,single-stream,2026,1120,na,hokkaido_iburi_tobu,Hokkaido0662,0.5,0,1852,147,14385,61.24701848818707,0.0,0.0
E1,q2_x3_resunet_cas-single_seed2026,cas-single,single-stream,2026,1120,na,hokkaido_iburi_tobu,Hokkaido0663,0.5,36,269,672,15407,71.10675543692405,0.11055276381869104,0.2299887260424635
E1,q2_x3_resunet_cas-single_seed2026,cas-single,single-stream,2026,1120,na,hokkaido_iburi_tobu,Hokkaido0664,0.5,108,2082,634,13560,44.553338819890925,0.1111705572602321,0.164863670425883
E1,q2_x3_resunet_cas-single_seed2026,cas-single,single-stream,2026,1120,na,hokkaido_iburi_tobu,Hokkaido0665,0.5,0,2265,302,13817,54.8525706146204,0.0,0.0
E1,q2_x3_resunet_cas-single_seed2026,cas-single,single-stream,2026,1120,na,hokkaido_iburi_tobu,Hokkaido0666,0.5,0,592,531,15261,62.65380451213199,0.0,0.0
E1,q2_x3_resunet_cas-single_seed2026,cas-single,single-stream,2026,1120,na,hokkaido_iburi_tobu,Hokkaido0667,0.5,799,2560,414,12611,47.42151321333805,0.1996309743462875,0.2753489597045445
E1,q2_x3_resunet_cas-single_seed2026,cas-single,single-stream,2026,1120,na,hokkaido_iburi_tobu,Hokkaido0668,0.5,178,1907,1310,12989,42.343506111994266,0.13908879426407203,0.22191301225324989
E1,q2_x3_resunet_cas-single_seed2026,cas-single,single-stream,2026,1120,na,hokkaido_iburi_tobu,Hokkaido0669,0.5,249,1949,2980,11206,58.14848989706656,0.08515066937859282,0.16676453317645898
E1,q2_x3_resunet_cas-single_seed2026,cas-single,single-stream,2026,1120,na,hokkaido_iburi_tobu,Hokkaido0670,0.5,1455,632,3847,10450,46.52311223768216,0.2505649272160391,0.37536638551018464
E1,q2_x3_resunet_cas-single_seed2026,cas-single,single-stream,2026,1120,na,hokkaido_iburi_tobu,Hokkaido0671,0.5,622,219,3503,12040,60.207972893961475,0.12273325766159338,0.19607684529809769
E1,q2_x3_resunet_cas-single_seed2026,cas-single,single-stream,2026,1120,na,hokkaido_iburi_tobu,Hokkaido0672,0.5,558,2401,1570,11855,36.6742416417845,0.15486697754961018,0.2918696263358934
E1,q2_x3_resunet_cas-single_seed2026,cas-single,single-stream,2026,1120,na,hokkaido_iburi_tobu,Hokkaido0673,0.5,0,0,944,15440,181.01933598375618,0.0,0.0
E1,q2_x3_resunet_cas-single_seed2026,cas-single,single-stream,2026,1120,na,hokkaido_iburi_tobu,Hokkaido0674,0.5,1112,3216,685,11371,31.344062861121305,0.25349750091381673,0.40347457466690123
E1,q2_x3_resunet_cas-single_seed2026,cas-single,single-stream,2026,1120,na,hokkaido_iburi_tobu,Hokkaido0675,0.5,894,1636,2223,11631,39.21796764396806,0.3031396607718901,0.44665205653744616
E1,q2_x3_resunet_cas-single_seed2026,cas-single,single-stream,2026,1120,na,hokkaido_iburi_tobu,Hokkaido0676,0.5,214,1219,1961,12990,49.51767361255979,0.13736130626444298,0.22281423529102634
E1,q2_x3_resunet_cas-single_seed2026,cas-single,single-stream,2026,1120,na,hokkaido_iburi_tobu,Hokkaido0677,0.5,35,1571,1039,13739,54.48853090330111,0.0807291666662092,0.18128403553977476
E1,q2_x3_resunet_cas-single_seed2026,cas-single,single-stream,2026,1120,na,hokkaido_iburi_tobu,Hokkaido0678,0.5,387,2100,715,13182,40.45985664828782,0.21629266778159362,0.3808347304327628
E1,q2_x3_resunet_cas-single_seed2026,cas-single,single-stream,2026,1120,na,hokkaido_iburi_tobu,Hokkaido0679,0.5,709,2008,1271,12396,27.276338705824063,0.265276967343008,0.40740291233211995
E1,q2_x3_resunet_cas-single_seed2026,cas-single,single-stream,2026,1120,na,hokkaido_iburi_tobu,Hokkaido0680,0.5,674,1455,2092,12163,47.80167361086848,0.21991831605373116,0.3554141716563521
E1,q2_x3_resunet_cas-single_seed2026,cas-single,single-stream,2026,1120,na,hokkaido_iburi_tobu,Hokkaido0681,0.5,1029,3336,2159,9860,27.00370243444252,0.20376384052548557,0.33742161665945725
E1,q2_x3_resunet_cas-single_seed2026,cas-single,single-stream,2026,1120,na,hokkaido_iburi_tobu,Hokkaido0682,0.5,596,727,2778,12283,46.503758516617644,0.12864493996535176,0.23081800887726064
E1,q2_x3_resunet_cas-single_seed2026,cas-single,single-stream,2026,1120,na,hokkaido_iburi_tobu,Hokkaido0683,0.5,347,642,2612,12783,61.33921951327986,0.10682004930130226,0.17534175406668165
E1,q2_x3_resunet_cas-single_seed2026,cas-single,single-stream,2026,1120,na,hokkaido_iburi_tobu,Hokkaido0684,0.5,783,1626,2923,11052,44.18483829002679,0.14586369731206394,0.20333881220626848
E1,q2_x3_resunet_cas-single_seed2026,cas-single,single-stream,2026,1120,na,hokkaido_iburi_tobu,Hokkaido0685,0.5,1059,373,2301,12651,34.14233525230155,0.334031609867026,0.49425053114322054
E1,q2_x3_resunet_cas-single_seed2026,cas-single,single-stream,2026,1120,na,hokkaido_iburi_tobu,Hokkaido0686,0.5,1,0,1252,15131,110.02269647760002,0.015503875968976863,0.03379416282638767
E1,q2_x3_resunet_cas-single_seed2026,cas-single,single-stream,2026,1120,na,hokkaido_iburi_tobu,Hokkaido0687,0.5,106,3140,616,12522,40.19203623879613,0.12371758470515969,0.15419198055843075
E1,q2_x3_resunet_cas-single_seed2026,cas-single,single-stream,2026,1120,na,hokkaido_iburi_tobu,Hokkaido0688,0.5,6,2055,878,13445,57.99698125278459,0.033936651583233744,0.03903708523054895
E1,q2_x3_resunet_cas-single_seed2026,cas-single,single-stream,2026,1120,na,hokkaido_iburi_tobu,Hokkaido0689,0.5,443,1011,907,14023,57.23284473717171,0.13455157338496265,0.2571753062379725
E1,q2_x3_resunet_cas-single_seed2026,cas-single,single-stream,2026,1120,na,hokkaido_iburi_tobu,Hokkaido0690,0.5,461,232,2391,13300,45.659606800679335,0.24788792076032404,0.3888081704091275
E1,q2_x3_resunet_cas-single_seed2026,cas-single,single-stream,2026,1120,na,hokkaido_iburi_tobu,Hokkaido0691,0.5,1144,944,3223,11073,46.486557196677836,0.1424012764257486,0.2274186153138005
E1,q2_x3_resunet_cas-single_seed2026,cas-single,single-stream,2026,1120,na,hokkaido_iburi_tobu,Hokkaido0692,0.5,1184,811,3862,10527,40.79950419360076,0.2077448943957189,0.3438473785532589
E1,q2_x3_resunet_cas-single_seed2026,cas-single,single-stream,2026,1120,na,hokkaido_iburi_tobu,Hokkaido0693,0.5,1272,631,3277,11204,50.44799302251776,0.16162309131882707,0.2453973683853705
E1,q2_x3_resunet_cas-single_seed2026,cas-single,single-stream,2026,1120,na,hokkaido_iburi_tobu,Hokkaido0694,0.5,1379,1030,2642,11333,43.41658669218482,0.1519470671780353,0.26590776199570537
E1,q2_x3_resunet_cas-single_seed2026,cas-single,single-stream,2026,1120,na,hokkaido_iburi_tobu,Hokkaido0695,0.5,790,246,2800,12548,42.59340581353754,0.2668699436886884,0.36516485537636106
E1,q2_x3_resunet_cas-single_seed2026,cas-single,single-stream,2026,1120,na,hokkaido_iburi_tobu,Hokkaido0696,0.5,749,841,2322,12472,51.41788377851263,0.1941401979588126,0.29919637506842
E1,q2_x3_resunet_cas-single_seed2026,cas-single,single-stream,2026,1120,na,hokkaido_iburi_tobu,Hokkaido0697,0.5,465,400,2575,12944,48.60166102158595,0.26581763988588925,0.3259250334553726
E1,q2_x3_resunet_cas-single_seed2026,cas-single,single-stream,2026,1120,na,hokkaido_iburi_tobu,Hokkaido0698,0.5,57,884,1744,13699,54.12947441089743,0.06375533291751509,0.11802266520628804
E1,q2_x3_resunet_cas-single_seed2026,cas-single,single-stream,2026,1120,na,hokkaido_iburi_tobu,Hokkaido0699,0.5,224,1436,859,13865,50.91168824543142,0.14752501799565038,0.2290137604448234
E1,q2_x3_resunet_cas-single_seed2026,cas-single,single-stream,2026,1120,na,hokkaido_iburi_tobu,Hokkaido0700,0.5,520,1496,1646,12722,44.80847666976381,0.2050872055126941,0.2968498128463236
E1,q2_x3_resunet_cas-single_seed2026,cas-single,single-stream,2026,1120,na,hokkaido_iburi_tobu,Hokkaido0701,0.5,581,2613,1245,11945,47.43416490252569,0.1792494232368242,0.33686028935397283
E1,q2_x3_resunet_cas-single_seed2026,cas-single,single-stream,2026,1120,na,hokkaido_iburi_tobu,Hokkaido0702,0.5,101,3506,697,12080,42.614464354054235,0.11106912189040696,0.16010557447312374
E1,q2_x3_resunet_cas-single_seed2026,cas-single,single-stream,2026,1120,na,hokkaido_iburi_tobu,Hokkaido0703,0.5,232,930,914,14308,57.374204828916405,0.10944179797210617,0.1921016661122203
E1,q2_x3_resunet_cas-single_seed2026,cas-single,single-stream,2026,1120,na,hokkaido_iburi_tobu,Hokkaido0704,0.5,396,3453,721,11814,32.64965543462902,0.10317449124894422,0.18270794270692609
E1,q2_x3_resunet_cas-single_seed2026,cas-single,single-stream,2026,1120,na,hokkaido_iburi_tobu,Hokkaido0705,0.5,0,2877,320,13187,62.39390995922599,0.0,0.009732360096891093
E1,q2_x3_resunet_cas-single_seed2026,cas-single,single-stream,2026,1120,na,hokkaido_iburi_tobu,Hokkaido0707,0.5,45,1390,225,14724,47.3893428125761,0.11891891891848583,0.18442349097882912
E1,q2_x3_resunet_cas-single_seed2026,cas-single,single-stream,2026,1120,na,hokkaido_iburi_tobu,Hokkaido0708,0.5,130,528,495,15231,52.91856872695823,0.19634607307805907,0.313333032123484
E1,q2_x3_resunet_cas-single_seed2026,cas-single,single-stream,2026,1120,na,hokkaido_iburi_tobu,Hokkaido0709,0.5,0,1287,562,14535,50.533934553348104,0.0,0.0
E1,q2_x3_resunet_cas-single_seed2026,cas-single,single-stream,2026,1120,na,hokkaido_iburi_tobu,Hokkaido0710,0.5,0,1339,402,14643,58.73159098731671,0.0,0.0
E1,q2_x3_resunet_cas-single_seed2026,cas-single,single-stream,2026,1120,na,hokkaido_iburi_tobu,Hokkaido0711,0.5,124,2795,1105,12360,55.46169849544819,0.03490503776441091,0.04835742444103434
E1,q2_x3_resunet_cas-single_seed2026,cas-single,single-stream,2026,1120,na,hokkaido_iburi_tobu,Hokkaido0712,0.5,0,1373,1723,13288,57.31186598501062,0.0,0.0
E1,q2_x3_resunet_cas-single_seed2026,cas-single,single-stream,2026,1120,na,hokkaido_iburi_tobu,Hokkaido0713,0.5,480,3388,1051,11465,32.9786173298757,0.12016125536388622,0.17920906026208133
E1,q2_x3_resunet_cas-single_seed2026,cas-single,single-stream,2026,1120,na,hokkaido_iburi_tobu,Hokkaido0714,0.5,443,3709,466,11766,40.80992480817618,0.10177121048977132,0.1768449257559041
E1,q2_x3_resunet_cas-single_seed2026,cas-single,single-stream,2026,1120,na,hokkaido_iburi_tobu,Hokkaido0715,0.5,107,2320,349,13608,43.018183666726635,0.16506511877423818,0.20660694288872852
E1,q2_x3_resunet_cas-single_seed2026,cas-single,single-stream,2026,1120,na,hokkaido_iburi_tobu,Hokkaido0716,0.5,180,2350,587,13267,53.36098651861155,0.0,0.0
E1,q2_x3_resunet_cas-single_seed2026,cas-single,single-stream,2026,1120,na,hokkaido_iburi_tobu,Hokkaido0717,0.5,382,1257,1078,13667,44.7463931798646,0.1255193527220257,0.23920074289876347
E1,q2_x3_resunet_cas-single_seed2026,cas-single,single-stream,2026,1120,na,hokkaido_iburi_tobu,Hokkaido0718,0.5,122,3142,1246,11874,39.11201612863175,0.09639414494773556,0.17817658802517725
E1,q2_x3_resunet_cas-single_seed2026,cas-single,single-stream,2026,1120,na,hokkaido_iburi_tobu,Hokkaido0719,0.5,209,3114,1044,12017,45.836604122889824,0.0914966559878339,0.17216568725767695
E1,q2_x3_resunet_cas-single_seed2026,cas-single,single-stream,2026,1120,na,hokkaido_iburi_tobu,Hokkaido0720,0.5,876,3306,1319,10883,41.17313692928644,0.28382213812627605,0.4417262140267769
E1,q2_x3_resunet_cas-single_seed2026,cas-single,single-stream,2026,1120,na,hokkaido_iburi_tobu,Hokkaido0721,0.5,381,2230,2055,11718,47.38143096192854,0.13948942764761504,0.20403657832604877
E1,q2_x3_resunet_cas-single_seed2026,cas-single,single-stream,2026,1120,na,hokkaido_iburi_tobu,Hokkaido0722,0.5,427,3458,1039,11460,38.2099463490856,0.10977848488509487,0.23217254909303048
E1,q2_x3_resunet_cas-single_seed2026,cas-single,single-stream,2026,1120,na,hokkaido_iburi_tobu,Hokkaido0723,0.5,152,3969,411,11852,65.31533880273975,0.04835759166417892,0.1291657220580149
E1,q2_x3_resunet_cas-single_seed2026,cas-single,single-stream,2026,1120,na,hokkaido_iburi_tobu,Hokkaido0724,0.5,269,2113,1458,12544,47.94779295890239,0.22000286413369838,0.3254860247845214
E1,q2_x3_resunet_cas-single_seed2026,cas-single,single-stream,2026,1120,na,hokkaido_iburi_tobu,Hokkaido0725,0.5,1491,446,2521,11926,44.82799668435286,0.3075185811346312,0.4692414711579262
E1,q2_x3_resunet_cas-single_seed2026,cas-single,single-stream,2026,1120,na,hokkaido_iburi_tobu,Hokkaido0726,0.5,919,776,2479,12210,50.92739907815085,0.18903540070089173,0.3043286691445886
E1,q2_x3_resunet_cas-single_seed2026,cas-single,single-stream,2026,1120,na,hokkaido_iburi_tobu,Hokkaido0727,0.5,0,1775,874,13735,63.41135544995076,0.0,0.0
E1,q2_x3_resunet_cas-single_seed2026,cas-single,single-stream,2026,1120,na,hokkaido_iburi_tobu,Hokkaido0728,0.5,0,3464,215,12705,69.69646335441416,0.0,0.0
E1,q2_x3_resunet_cas-single_seed2026,cas-single,single-stream,2026,1120,na,hokkaido_iburi_tobu,Hokkaido0729,0.5,1,2749,734,12900,65.06919393998976,0.01472908995224527,0.020334741122765756
E1,q2_x3_resunet_cas-single_seed2026,cas-single,single-stream,2026,1120,na,hokkaido_iburi_tobu,Hokkaido0730,0.5,801,3042,1010,11531,43.816055392620335,0.1929210805242473,0.37991495233434747
E1,q2_x3_resunet_cas-single_seed2026,cas-single,single-stream,2026,1120,na,hokkaido_iburi_tobu,Hokkaido0731,0.5,803,2780,648,12153,42.962770551863244,0.13812421337474312,0.28385671185095
E1,q2_x3_resunet_cas-single_seed2026,cas-single,single-stream,2026,1120,na,hokkaido_iburi_tobu,Hokkaido0732,0.5,0,823,183,15378,73.0713510099873,0.0,0.0
E1,q2_x3_resunet_cas-single_seed2026,cas-single,single-stream,2026,1120,na,hokkaido_iburi_tobu,Hokkaido0733,0.5,141,2336,800,13107,58.412327466040935,0.08767772511798395,0.13495097224480626
E1,q2_x3_resunet_cas-single_seed2026,cas-single,single-stream,2026,1120,na,hokkaido_iburi_tobu,Hokkaido0734,0.5,1256,1421,2604,11103,32.2490309931942,0.3324443894436416,0.4902789457219107
E1,q2_x3_resunet_cas-single_seed2026,cas-single,single-stream,2026,1120,na,hokkaido_iburi_tobu,Hokkaido0735,0.5,1213,1368,3914,9889,41.75163987214851,0.281503455377351,0.41104066385312643
E1,q2_x3_resunet_cas-single_seed2026,cas-single,single-stream,2026,1120,na,hokkaido_iburi_tobu,Hokkaido0736,0.5,537,1668,2461,11718,44.7341766236458,0.1167534625542243,0.2004187923766249
E1,q2_x3_resunet_cas-single_seed2026,cas-single,single-stream,2026,1120,na,hokkaido_iburi_tobu,Hokkaido0737,0.5,245,1431,1376,13332,55.321751025646826,0.09556779703812644,0.18365184632859377
E1,q2_x3_resunet_cas-single_seed2026,cas-single,single-stream,2026,1120,na,hokkaido_iburi_tobu,Hokkaido0738,0.5,246,1145,1451,13542,46.04454340749729,0.14126656018000527,0.2164514931074705
E1,q2_x3_resunet_cas-single_seed2026,cas-single,single-stream,2026,1120,na,hokkaido_iburi_tobu,Hokkaido0739,0.5,10,1133,1480,13761,57.12261874309881,0.021905805038078548,0.050507039479762594
E1,q2_x3_resunet_cas-single_seed2026,cas-single,single-stream,2026,1120,na,hokkaido_iburi_tobu,Hokkaido0740,0.5,0,596,1869,13919,68.59300255857006,0.021338506304358976,0.03274741150954275
E1,q2_x3_resunet_cas-single_seed2026,cas-single,single-stream,2026,1120,na,hokkaido_iburi_tobu,Hokkaido0741,0.5,479,3085,2354,10466,41.61490055264974,0.13191990577111534,0.23399825290282122
E1,q2_x3_resunet_cas-single_seed2026,cas-single,single-stream,2026,1120,na,hokkaido_iburi_tobu,Hokkaido0742,0.5,1076,2476,2440,10392,37.48332962798263,0.18422145526897327,0.33629893238398795
E1,q2_x3_resunet_cas-single_seed2026,cas-single,single-stream,2026,1120,na,hokkaido_iburi_tobu,Hokkaido0743,0.5,1243,1345,2788,11008,43.139309220245984,0.21968364546718566,0.33272385465187576
E1,q2_x3_resunet_cas-single_seed2026,cas-single,single-stream,2026,1120,na,hokkaido_iburi_tobu,Hokkaido0744,0.5,666,1676,3262,10780,41.869439848508,0.1805353343036181,0.3073767536511535
E1,q2_x3_resunet_cas-single_seed2026,cas-single,single-stream,2026,1120,na,hokkaido_iburi_tobu,Hokkaido0745,0.5,584,798,3001,12001,46.66100763704931,0.21706784374144364,0.31182604745254794
E1,q2_x3_resunet_cas-single_seed2026,cas-single,single-stream,2026,1120,na,hokkaido_iburi_tobu,Hokkaido0746,0.5,1061,1413,2310,11600,38.58756276314948,0.2483994878357278,0.42763505504980603
E1,q2_x3_resunet_cas-single_seed2026,cas-single,single-stream,2026,1120,na,hokkaido_iburi_tobu,Hokkaido0747,0.5,381,765,3196,12042,50.24937810560445,0.15153485909601744,0.230475990456003
E1,q2_x3_resunet_cas-single_seed2026,cas-single,single-stream,2026,1120,na,hokkaido_iburi_tobu,Hokkaido0748,0.5,73,32,2729,13550,75.901237905452,0.06856520332945715,0.11181702668350306
E1,q2_x3_resunet_cas-single_seed2026,cas-single,single-stream,2026,1120,na,hokkaido_iburi_tobu,Hokkaido0749,0.5,216,1956,1002,13210,46.69047011971501,0.16780409474067645,0.23806017925697492
E1,q2_x3_resunet_cas-single_seed2026,cas-single,single-stream,2026,1120,na,hokkaido_iburi_tobu,Hokkaido0750,0.5,206,1977,1516,12685,40.51419346388669,0.1027913159056608,0.18718362950955475
E1,q2_x3_resunet_cas-single_seed2026,cas-single,single-stream,2026,1120,na,hokkaido_iburi_tobu,Hokkaido0751,0.5,192,787,1847,13558,57.25294626374441,0.06111415811308049,0.09137544084620512
E1,q2_x3_resunet_cas-single_seed2026,cas-single,single-stream,2026,1120,na,hokkaido_iburi_tobu,Hokkaido0752,0.5,363,1259,679,14083,50.24937810560445,0.1423052735599663,0.22656449794900074
E1,q2_x3_resunet_cas-single_seed2026,cas-single,single-stream,2026,1120,na,hokkaido_iburi_tobu,Hokkaido0753,0.5,153,3312,826,12093,42.237339890392505,0.1211963782094289,0.2032603158426591
E1,q2_x3_resunet_cas-single_seed2026,cas-single,single-stream,2026,1120,na,hokkaido_iburi_tobu,Hokkaido0754,0.5,599,3281,800,11704,32.72001075245353,0.1570434045640388,0.2768197946343037
E1,q2_x3_resunet_cas-single_seed2026,cas-single,single-stream,2026,1120,na,hokkaido_iburi_tobu,Hokkaido0755,0.5,108,2921,659,12696,53.587305557883006,0.11638717269735238,0.17782892213222168
E1,q2_x3_resunet_cas-single_seed2026,cas-single,single-stream,2026,1120,na,hokkaido_iburi_tobu,Hokkaido0758,0.5,143,21,893,15327,91.40568844613114,0.08969132207316913,0.1666406127870299
E1,q2_x3_resunet_cas-single_seed2026,cas-single,single-stream,2026,1120,na,hokkaido_iburi_tobu,Hokkaido0759,0.5,264,1442,407,14271,41.75520430218684,0.19903243503800983,0.35298754987212566
E1,q2_x3_resunet_cas-single_seed2026,cas-single,single-stream,2026,1120,na,hokkaido_iburi_tobu,Hokkaido0760,0.5,220,1755,320,14089,45.17507825748872,0.14141308332853678,0.2065800530020022
E1,q2_x3_resunet_cas-single_seed2026,cas-single,single-stream,2026,1120,na,hokkaido_iburi_tobu,Hokkaido0761,0.5,1068,2576,930,11810,27.892651361962706,0.20202797249130322,0.31303929193006796
E1,q2_x3_resunet_cas-single_seed2026,cas-single,single-stream,2026,1120,na,hokkaido_iburi_tobu,Hokkaido0762,0.5,1323,985,2797,11279,40.311288741492746,0.24816758727475263,0.4201071628439276
E1,q2_x3_resunet_cas-single_seed2026,cas-single,single-stream,2026,1120,na,hokkaido_iburi_tobu,Hokkaido0763,0.5,387,1164,2491,12342,43.33300792718375,0.1610981670431639,0.25540618556661465
E1,q2_x3_resunet_cas-single_seed2026,cas-single,single-stream,2026,1120,na,hokkaido_iburi_tobu,Hokkaido0764,0.5,54,2021,1337,12972,58.68645382696889,0.06086517159585837,0.09970765529152605
E1,q2_x3_resunet_cas-single_seed2026,cas-single,single-stream,2026,1120,na,hokkaido_iburi_tobu,Hokkaido0765,0.5,720,2087,607,12970,41.51867518024496,0.2280659208565725,0.36258737379294864
E1,q2_x3_resunet_cas-single_seed2026,cas-single,single-stream,2026,1120,na,hokkaido_iburi_tobu,Hokkaido0766,0.5,0,1785,781,13818,43.88024741489831,0.0,0.0
E1,q2_x3_resunet_cas-single_seed2026,cas-single,single-stream,2026,1120,na,hokkaido_iburi_tobu,Hokkaido0767,0.5,983,256,1648,13497,48.06660260214987,0.342536424967028,0.5581223433741818
E1,q2_x3_resunet_cas-single_seed2026,cas-single,single-stream,2026,1120,na,hokkaido_iburi_tobu,Hokkaido0768,0.5,62,2057,2310,11955,57.545488017135426,0.05649157581726947,0.07485148514816053
E1,q2_x3_resunet_cas-single_seed2026,cas-single,single-stream,2026,1120,na,hokkaido_iburi_tobu,Hokkaido0769,0.5,45,2145,350,13844,57.30488606952267,0.13280689160039927,0.17146729922013373
E1,q2_x3_resunet_cas-single_seed2026,cas-single,single-stream,2026,1120,na,hokkaido_iburi_tobu,Hokkaido0770,0.5,236,3742,1356,11050,56.57507687502506,0.04759916492643921,0.1293776488953287
E1,q2_x3_resunet_cas-single_seed2026,cas-single,single-stream,2026,1120,na,hokkaido_iburi_tobu,Hokkaido0771,0.5,745,278,1609,13752,55.93024778886141,0.2156151494507592,0.366814465975703
E1,q2_x3_resunet_cas-single_seed2026,cas-single,single-stream,2026,1120,na,hokkaido_iburi_tobu,Hokkaido0772,0.5,0,2230,981,13173,68.00404389902246,0.0,0.0
E1,q2_x3_resunet_cas-single_seed2026,cas-single,single-stream,2026,1120,na,hokkaido_iburi_tobu,Hokkaido0774,0.5,0,1432,194,14758,78.24321056807422,0.0,0.0
E1,q2_x3_resunet_cas-single_seed2026,cas-single,single-stream,2026,1120,na,hokkaido_iburi_tobu,Hokkaido0775,0.5,789,2727,1281,11587,42.177204781735384,0.14881338347768694,0.2440742397132855
E1,q2_x3_resunet_cas-single_seed2026,cas-single,single-stream,2026,1120,na,hokkaido_iburi_tobu,Hokkaido0776,0.5,938,1784,2663,10999,25.51860441212286,0.269212762749177,0.3861984055794299
E1,q2_x3_resunet_cas-single_seed2026,cas-single,single-stream,2026,1120,na,hokkaido_iburi_tobu,Hokkaido0777,0.5,576,1268,1209,13331,51.85797896728246,0.16762075803451784,0.21974111471865132
E1,q2_x3_resunet_cas-single_seed2026,cas-single,single-stream,2026,1120,na,hokkaido_iburi_tobu,Hokkaido0778,0.5,0,1314,60,15010,82.60114872689631,0.0,0.0
E1,q2_x3_resunet_cas-single_seed2026,cas-single,single-stream,2026,1120,na,hokkaido_iburi_tobu,Hokkaido0779,0.5,0,1610,328,14446,68.92021515330589,0.0,0.0
E1,q2_x3_resunet_cas-single_seed2026,cas-single,single-stream,2026,1120,na,hokkaido_iburi_tobu,Hokkaido0780,0.5,0,1571,328,14485,61.732891279019405,0.0,0.0
E1,q2_x3_resunet_cas-single_seed2026,cas-single,single-stream,2026,1120,na,hokkaido_iburi_tobu,Hokkaido0781,0.5,0,3532,114,12738,77.87810988975015,0.0,0.0
E1,q2_x3_resunet_cas-single_seed2026,cas-single,single-stream,2026,1120,na,hokkaido_iburi_tobu,Hokkaido0782,0.5,20,801,1201,14362,50.3527237461681,0.03771088322816926,0.08560513978072154
E1,q2_x3_resunet_cas-single_seed2026,cas-single,single-stream,2026,1120,na,hokkaido_iburi_tobu,Hokkaido0783,0.5,994,935,2726,11729,51.89603837586224,0.14304673028648618,0.2392931655615523
E1,q2_x3_resunet_cas-single_seed2026,cas-single,single-stream,2026,1120,na,hokkaido_iburi_tobu,Hokkaido0784,0.5,720,533,4380,10751,39.21224248848322,0.2339149235064026,0.33248582740598115
E1,q2_x3_resunet_cas-single_seed2026,cas-single,single-stream,2026,1120,na,hokkaido_iburi_tobu,Hokkaido0785,0.5,635,855,3307,11587,45.82683467002195,0.21562061279979536,0.3223103339204052
E1,q2_x3_resunet_cas-single_seed2026,cas-single,single-stream,2026,1120,na,hokkaido_iburi_tobu,Hokkaido0786,0.5,1074,1474,2568,11268,42.95288108569599,0.2170266303205488,0.33540734253961024
E1,q2_x3_resunet_cas-single_seed2026,cas-single,single-stream,2026,1120,na,hokkaido_iburi_tobu,Hokkaido0787,0.5,39,38,4073,12234,72.00694410957877,0.024478694469596184,0.039747064137269084
E1,q2_x3_resunet_cas-single_seed2026,cas-single,single-stream,2026,1120,na,hokkaido_iburi_tobu,Hokkaido0788,0.5,433,651,2437,12863,51.701049346732034,0.174312035660971,0.27489591445282924
E1,q2_x3_resunet_cas-single_seed2026,cas-single,single-stream,2026,1120,na,hokkaido_iburi_tobu,Hokkaido0789,0.5,557,450,1569,13808,66.23890639502072,0.16289592760150776,0.28641450106319577
E1,q2_x3_resunet_cas-single_seed2026,cas-single,single-stream,2026,1120,na,hokkaido_iburi_tobu,Hokkaido0790,0.5,680,1708,1487,12509,40.59678425390783,0.15249888536470158,0.2188612099640543
E1,q2_x3_resunet_cas-single_seed2026,cas-single,single-stream,2026,1120,na,hokkaido_iburi_tobu,Hokkaido0791,0.5,465,2125,1926,11868,42.78655944076168,0.1456761794004225,0.2594316328206614
E1,q2_x3_resunet_cas-single_seed2026,cas-single,single-stream,2026,1120,na,hokkaido_iburi_tobu,Hokkaido0792,0.5,504,867,3108,11905,46.962748484163285,0.1262354139749897,0.23894249140206109
E1,q2_x3_resunet_cas-single_seed2026,cas-single,single-stream,2026,1120,na,hokkaido_iburi_tobu,Hokkaido0793,0.5,650,751,4382,10601,46.31825627667161,0.1867681279787043,0.2911586138390365
E1,q2_x3_resunet_cas-single_seed2026,cas-single,single-stream,2026,1120,na,hokkaido_iburi_tobu,Hokkaido0794,0.5,326,121,4944,10993,53.32728954384595,0.13431503582190796,0.22694192781799669
E1,q2_x3_resunet_cas-single_seed2026,cas-single,single-stream,2026,1120,na,hokkaido_iburi_tobu,Hokkaido0795,0.5,540,420,4398,11026,50.774009099144415,0.20676579427036326,0.3198432663657558
E1,q2_x3_resunet_cas-single_seed2026,cas-single,single-stream,2026,1120,na,hokkaido_iburi_tobu,Hokkaido0796,0.5,396,510,4101,11377,51.10381530493388,0.12967114792479528,0.2263422818789421
E1,q2_x3_resunet_cas-single_seed2026,cas-single,single-stream,2026,1120,na,hokkaido_iburi_tobu,Hokkaido0797,0.5,310,323,3491,12260,54.91812087098393,0.09579836151982435,0.1825951568553952
E1,q2_x3_resunet_cas-single_seed2026,cas-single,single-stream,2026,1120,na,hokkaido_iburi_tobu,Hokkaido0798,0.5,136,1360,2125,12763,57.09014406841344,0.08514207822142299,0.16272061988782466
E1,q2_x3_resunet_cas-single_seed2026,cas-single,single-stream,2026,1120,na,hokkaido_iburi_tobu,Hokkaido0799,0.5,168,1369,1191,13656,56.85244047202966,0.10419631985973067,0.1738304696035639
E1,q2_x3_resunet_cas-single_seed2026,cas-single,single-stream,2026,1120,na,hokkaido_iburi_tobu,Hokkaido0800,0.5,487,2675,1167,12055,47.98795553367635,0.0705066707595926,0.1481126805518487
E1,q2_x3_resunet_cas-single_seed2026,cas-single,single-stream,2026,1120,na,hokkaido_iburi_tobu,Hokkaido0801,0.5,326,2315,1467,12276,33.83784863137726,0.15586774857658559,0.23127001489134022
E1,q2_x3_resunet_cas-single_seed2026,cas-single,single-stream,2026,1120,na,hokkaido_iburi_tobu,Hokkaido0802,0.5,86,2472,1210,12616,48.948924261144256,0.06881980078439148,0.11894882434259732
E1,q2_x3_resunet_cas-single_seed2026,cas-single,single-stream,2026,1120,na,hokkaido_iburi_tobu,Hokkaido0803,0.5,185,2229,576,13394,54.20294003075427,0.14707358872665977,0.2434251024172193
E1,q2_x3_resunet_cas-single_seed2026,cas-single,single-stream,2026,1120,na,hokkaido_iburi_tobu,Hokkaido0804,0.5,57,2923,442,12962,51.095005412972746,0.043573897558944856,0.0889570552142438
E1,q2_x3_resunet_cas-single_seed2026,cas-single,single-stream,2026,1120,na,hokkaido_iburi_tobu,Hokkaido0806,0.5,217,0,368,15799,109.24455710626181,0.06374501991996767,0.4388280746937498
E1,q2_x3_resunet_cas-single_seed2026,cas-single,single-stream,2026,1120,na,hokkaido_iburi_tobu,Hokkaido0807,0.5,5,165,201,16013,45.62561656031109,0.07239819004478212,0.11856033874334815
E1,q2_x3_resunet_cas-single_seed2026,cas-single,single-stream,2026,1120,na,hokkaido_iburi_tobu,Hokkaido0808,0.5,0,2317,402,13665,61.773780845922005,0.0,0.0
E1,q2_x3_resunet_cas-single_seed2026,cas-single,single-stream,2026,1120,na,hokkaido_iburi_tobu,Hokkaido0809,0.5,166,1765,1550,12903,47.432016209508646,0.06462075084864374,0.13461133980306034
E1,q2_x3_resunet_cas-single_seed2026,cas-single,single-stream,2026,1120,na,hokkaido_iburi_tobu,Hokkaido0810,0.5,666,890,2806,12022,33.0,0.3088682141398704,0.43779564254879855
E1,q2_x3_resunet_cas-single_seed2026,cas-single,single-stream,2026,1120,na,hokkaido_iburi_tobu,Hokkaido0811,0.5,231,616,2668,12869,53.24376994686696,0.17394560419350086,0.22110354357876588
E1,q2_x3_resunet_cas-single_seed2026,cas-single,single-stream,2026,1120,na,hokkaido_iburi_tobu,Hokkaido0812,0.5,557,2766,1548,11513,34.23292440759003,0.2503125857700066,0.4074898904992138
E1,q2_x3_resunet_cas-single_seed2026,cas-single,single-stream,2026,1120,na,hokkaido_iburi_tobu,Hokkaido0813,0.5,108,1091,1562,13623,50.9685765322495,0.08043175487436481,0.14534538896324206
E1,q2_x3_resunet_cas-single_seed2026,cas-single,single-stream,2026,1120,na,hokkaido_iburi_tobu,Hokkaido0814,0.5,0,1209,407,14768,60.97621111479726,0.0,0.03603603603553862
E1,q2_x3_resunet_cas-single_seed2026,cas-single,single-stream,2026,1120,na,hokkaido_iburi_tobu,Hokkaido0815,0.5,460,1967,1357,12600,37.48332962798263,0.21539058665003363,0.3236933033920379
E1,q2_x3_resunet_cas-single_seed2026,cas-single,single-stream,2026,1120,na,hokkaido_iburi_tobu,Hokkaido0816,0.5,1209,1576,941,12658,38.948684188300895,0.25348168445728275,0.42939922856038737
E1,q2_x3_resunet_cas-single_seed2026,cas-single,single-stream,2026,1120,na,hokkaido_iburi_tobu,Hokkaido0817,0.5,318,512,1184,14370,37.3188348087342,0.17432043492120505,0.2955013144546027
E1,q2_x3_resunet_cas-single_seed2026,cas-single,single-stream,2026,1120,na,hokkaido_iburi_tobu,Hokkaido0818,0.5,1168,1425,1181,12610,41.04387852507511,0.2710527456329715,0.4638554986390945
E1,q2_x3_resunet_cas-single_seed2026,cas-single,single-stream,2026,1120,na,hokkaido_iburi_tobu,Hokkaido0819,0.5,0,1093,1759,13532,49.65078029372862,0.0,0.0
E1,q2_x3_resunet_cas-single_seed2026,cas-single,single-stream,2026,1120,na,hokkaido_iburi_tobu,Hokkaido0820,0.5,11,1446,573,14354,61.288261332325,0.007009345794248234,0.03390925238152833
E1,q2_x3_resunet_cas-single_seed2026,cas-single,single-stream,2026,1120,na,hokkaido_iburi_tobu,Hokkaido0821,0.5,0,2191,304,13889,63.2574080411134,0.011952191234632906,0.039840637449772336
E1,q2_x3_resunet_cas-single_seed2026,cas-single,single-stream,2026,1120,na,hokkaido_iburi_tobu,Hokkaido0822,0.5,1,603,425,15355,57.419059614645015,0.042253521126261455,0.10471204188432992
E1,q2_x3_resunet_cas-single_seed2026,cas-single,single-stream,2026,1120,na,hokkaido_iburi_tobu,Hokkaido0823,0.5,683,1115,1701,12885,50.0,0.3331737122367598,0.4907533339216397
E1,q2_x3_resunet_cas-single_seed2026,cas-single,single-stream,2026,1120,na,hokkaido_iburi_tobu,Hokkaido0824,0.5,2329,2598,3032,8425,29.019818629613976,0.21981826859157388,0.37637200374033236
E1,q2_x3_resunet_cas-single_seed2026,cas-single,single-stream,2026,1120,na,hokkaido_iburi_tobu,Hokkaido0825,0.5,597,175,3298,12314,57.261581546684475,0.2179187427645821,0.3013548985572688
E1,q2_x3_resunet_cas-single_seed2026,cas-single,single-stream,2026,1120,na,hokkaido_iburi_tobu,Hokkaido0826,0.5,63,1827,1261,13233,60.987683446986985,0.09736564805010463,0.12877281364574528
E1,q2_x3_resunet_cas-single_seed2026,cas-single,single-stream,2026,1120,na,hokkaido_iburi_tobu,Hokkaido0827,0.5,127,4112,1019,11126,71.0,0.15935929391524503,0.211287183763748
E1,q2_x3_resunet_cas-single_seed2026,cas-single,single-stream,2026,1120,na,hokkaido_iburi_tobu,Hokkaido0828,0.5,425,2898,1330,11731,58.43542887436075,0.19984139571721066,0.31092807765798536
E1,q2_x3_resunet_cas-single_seed2026,cas-single,single-stream,2026,1120,na,hokkaido_iburi_tobu,Hokkaido0829,0.5,311,2631,1695,11747,41.45810078009499,0.19635260805924878,0.29638297668214536
E1,q2_x3_resunet_cas-single_seed2026,cas-single,single-stream,2026,1120,na,hokkaido_iburi_tobu,Hokkaido0830,0.5,0,2824,1409,12151,52.69567105657161,0.0,0.0
E1,q2_x3_resunet_cas-single_seed2026,cas-single,single-stream,2026,1120,na,hokkaido_iburi_tobu,Hokkaido0831,0.5,709,2259,1867,11549,35.39208039351107,0.17357756824703174,0.26781534864929196
E1,q2_x3_resunet_cas-single_seed2026,cas-single,single-stream,2026,1120,na,hokkaido_iburi_tobu,Hokkaido0832,0.5,658,1065,3999,10662,53.2381435493765,0.11539523182340358,0.20339961631604442
E1,q2_x3_resunet_cas-single_seed2026,cas-single,single-stream,2026,1120,na,hokkaido_iburi_tobu,Hokkaido0833,0.5,2290,1733,3294,9067,37.013511046643494,0.1924745168366403,0.2792286661915952
E1,q2_x3_resunet_cas-single_seed2026,cas-single,single-stream,2026,1120,na,hokkaido_iburi_tobu,Hokkaido0834,0.5,437,178,3833,11936,63.606602187651525,0.07842065714859156,0.1583024285200111
E1,q2_x3_resunet_cas-single_seed2026,cas-single,single-stream,2026,1120,na,hokkaido_iburi_tobu,Hokkaido0835,0.5,710,1558,3150,10966,38.948684188300895,0.20148590416227866,0.30736077708818194
E1,q2_x3_resunet_cas-single_seed2026,cas-single,single-stream,2026,1120,na,hokkaido_iburi_tobu,Hokkaido0836,0.5,229,65,5075,11015,67.20305044878089,0.10542312510872952,0.16406724938552222
E1,q2_x3_resunet_cas-single_seed2026,cas-single,single-stream,2026,1120,na,hokkaido_iburi_tobu,Hokkaido0837,0.5,99,176,4001,12108,66.2261246397865,0.06753848700535527,0.10009978752712696
E1,q2_x3_resunet_cas-single_seed2026,cas-single,single-stream,2026,1120,na,hokkaido_iburi_tobu,Hokkaido0838,0.5,289,123,2138,13834,70.7657966438033,0.10025062656627981,0.15012510425340575
E1,q2_x3_resunet_cas-single_seed2026,cas-single,single-stream,2026,1120,na,hokkaido_iburi_tobu,Hokkaido0839,0.5,54,1494,2097,12739,63.669033528901075,0.02356637863283155,0.059235113945760275
E1,q2_x3_resunet_cas-single_seed2026,cas-single,single-stream,2026,1120,na,hokkaido_iburi_tobu,Hokkaido0840,0.5,374,2657,1737,11616,48.70574786381628,0.15390276128471578,0.23866842204209102
E1,q2_x3_resunet_cas-single_seed2026,cas-single,single-stream,2026,1120,na,hokkaido_iburi_tobu,Hokkaido0841,0.5,755,1785,2475,11369,44.244750847145475,0.21861680186957835,0.30809511118622557
E1,q2_x3_resunet_cas-single_seed2026,cas-single,single-stream,2026,1120,na,hokkaido_iburi_tobu,Hokkaido0842,0.5,2112,1513,2388,10371,34.464467865658044,0.19552196562267768,0.32443143025177235
E1,q2_x3_resunet_cas-single_seed2026,cas-single,single-stream,2026,1120,na,hokkaido_iburi_tobu,Hokkaido0843,0.5,10,4,5333,11037,73.55270219373317,0.019733891463574193,0.033898305084712435
E1,q2_x3_resunet_cas-single_seed2026,cas-single,single-stream,2026,1120,na,hokkaido_iburi_tobu,Hokkaido0844,0.5,313,28,5371,10672,67.22648228434639,0.09696398187804123,0.17628480937664576
E1,q2_x3_resunet_cas-single_seed2026,cas-single,single-stream,2026,1120,na,hokkaido_iburi_tobu,Hokkaido0845,0.5,374,35,3973,12002,58.53203069408405,0.10566926372207248,0.18048505358132416
E1,q2_x3_resunet_cas-single_seed2026,cas-single,single-stream,2026,1120,na,hokkaido_iburi_tobu,Hokkaido0846,0.5,241,644,2876,12623,56.22677028016011,0.11457055214695372,0.17000375892717579
E1,q2_x3_resunet_cas-single_seed2026,cas-single,single-stream,2026,1120,na,hokkaido_iburi_tobu,Hokkaido0847,0.5,438,1848,2052,12046,45.38042748465798,0.2258514874151125,0.33670260765120785
E1,q2_x3_resunet_cas-single_seed2026,cas-single,single-stream,2026,1120,na,hokkaido_iburi_tobu,Hokkaido0848,0.5,377,2987,1172,11848,36.83732016255495,0.09436166272500206,0.19415216020906256
E1,q2_x3_resunet_cas-single_seed2026,cas-single,single-stream,2026,1120,na,hokkaido_iburi_tobu,Hokkaido0849,0.5,207,3425,1060,11692,40.0,0.14241917723528358,0.24106748357782293
E1,q2_x3_resunet_cas-single_seed2026,cas-single,single-stream,2026,1120,na,hokkaido_iburi_tobu,Hokkaido0850,0.5,996,2722,1383,11283,37.16582283545563,0.2012350737239715,0.3432978822258827
E1,q2_x3_resunet_cas-single_seed2026,cas-single,single-stream,2026,1120,na,hokkaido_iburi_tobu,Hokkaido0851,0.5,467,3414,1632,10871,33.91892431568863,0.1787415934430008,0.29201498921549296
E1,q2_x3_resunet_cas-single_seed2026,cas-single,single-stream,2026,1120,na,hokkaido_iburi_tobu,Hokkaido0852,0.5,38,4814,430,11102,54.591207499783025,0.09897316420694924,0.17332942841753693
E1,q2_x3_resunet_cas-single_seed2026,cas-single,single-stream,2026,1120,na,hokkaido_iburi_tobu,Hokkaido0853,0.5,0,3208,50,13126,68.65675448919266,0.0,0.0
E1,q2_x3_resunet_cas-single_seed2026,cas-single,single-stream,2026,1120,na,hokkaido_iburi_tobu,Hokkaido0856,0.5,0,0,95,16289,181.01933598375618,0.0,0.0
E1,q2_x3_resunet_cas-single_seed2026,cas-single,single-stream,2026,1120,na,hokkaido_iburi_tobu,Hokkaido0857,0.5,0,0,267,16117,181.01933598375618,0.0,0.0
E1,q2_x3_resunet_cas-single_seed2026,cas-single,single-stream,2026,1120,na,hokkaido_iburi_tobu,Hokkaido0858,0.5,455,1730,1434,12765,42.458800808310684,0.13313780727775865,0.22315649385958555
E1,q2_x3_resunet_cas-single_seed2026,cas-single,single-stream,2026,1120,na,hokkaido_iburi_tobu,Hokkaido0859,0.5,581,1817,1460,12526,37.21491624903778,0.21236418335374296,0.3116914782651788
E1,q2_x3_resunet_cas-single_seed2026,cas-single,single-stream,2026,1120,na,hokkaido_iburi_tobu,Hokkaido0860,0.5,258,2133,1423,12570,48.91829923454004,0.09535400571448935,0.15761511216015578
E1,q2_x3_resunet_cas-single_seed2026,cas-single,single-stream,2026,1120,na,hokkaido_iburi_tobu,Hokkaido0861,0.5,993,1906,1327,12158,39.729011530212084,0.1242963296551862,0.23892692468880086
E1,q2_x3_resunet_cas-single_seed2026,cas-single,single-stream,2026,1120,na,hokkaido_iburi_tobu,Hokkaido0862,0.5,302,2803,1259,12020,36.83060153580073,0.05528505551647525,0.11455653996338022
E1,q2_x3_resunet_cas-single_seed2026,cas-single,single-stream,2026,1120,na,hokkaido_iburi_tobu,Hokkaido0863,0.5,209,2250,401,13524,42.01338435576024,0.0772681954132596,0.15329170682596832
E1,q2_x3_resunet_cas-single_seed2026,cas-single,single-stream,2026,1120,na,hokkaido_iburi_tobu,Hokkaido0864,0.5,43,3533,230,12578,52.447587963950355,0.07033997655293421,0.14048184594455837
E1,q2_x3_resunet_cas-single_seed2026,cas-single,single-stream,2026,1120,na,hokkaido_iburi_tobu,Hokkaido0865,0.5,45,3004,816,12519,37.8351218920984,0.013908205840947508,0.027816411682393963
E1,q2_x3_resunet_cas-single_seed2026,cas-single,single-stream,2026,1120,na,hokkaido_iburi_tobu,Hokkaido0866,0.5,237,187,1431,14529,63.90103478338221,0.23637993776665622,0.3305043434781954
E1,q2_x3_resunet_cas-single_seed2026,cas-single,single-stream,2026,1120,na,hokkaido_iburi_tobu,Hokkaido0867,0.5,22,1139,951,14272,51.09593077278887,0.07728813559276185,0.10536585365808684
E1,q2_x3_resunet_cas-single_seed2026,cas-single,single-stream,2026,1120,na,hokkaido_iburi_tobu,Hokkaido0868,0.5,0,1504,502,14378,59.47604509907875,0.0,0.0
E1,q2_x3_resunet_cas-single_seed2026,cas-single,single-stream,2026,1120,na,hokkaido_iburi_tobu,Hokkaido0869,0.5,570,2680,393,12741,37.55337328359174,0.18497419743939042,0.2945309347909241
E1,q2_x3_resunet_cas-single_seed2026,cas-single,single-stream,2026,1120,na,hokkaido_iburi_tobu,Hokkaido0870,0.5,108,4630,682,10964,34.4408615956469,0.07428649460554444,0.12067395264068186
E1,q2_x3_resunet_cas-single_seed2026,cas-single,single-stream,2026,1120,na,hokkaido_iburi_tobu,Hokkaido0871,0.5,639,1792,844,13109,43.41658669218482,0.19625628762217237,0.3031982003742523
E1,q2_x3_resunet_cas-single_seed2026,cas-single,single-stream,2026,1120,na,hokkaido_iburi_tobu,Hokkaido0872,0.5,0,79,5385,10920,127.0141724229261,0.0008912655971172424,0.002690582959622599
E1,q2_x3_resunet_cas-single_seed2026,cas-single,single-stream,2026,1120,na,hokkaido_iburi_tobu,Hokkaido0873,0.5,2697,782,6108,6797,31.240998703626616,0.3313766898910835,0.5375109952598878
E1,q2_x3_resunet_cas-single_seed2026,cas-single,single-stream,2026,1120,na,hokkaido_iburi_tobu,Hokkaido0874,0.5,2093,823,4351,9117,46.27897646076074,0.3495455041369408,0.531185031184641
E1,q2_x3_resunet_cas-single_seed2026,cas-single,single-stream,2026,1120,na,hokkaido_iburi_tobu,Hokkaido0875,0.5,889,1271,3341,10883,46.861498055439924,0.19640852974158804,0.31876563803138425
E1,q2_x3_resunet_cas-single_seed2026,cas-single,single-stream,2026,1120,na,hokkaido_iburi_tobu,Hokkaido0876,0.5,574,504,3961,11345,59.54326144138512,0.09972755950659119,0.16903982334559242
E1,q2_x3_resunet_cas-single_seed2026,cas-single,single-stream,2026,1120,na,hokkaido_iburi_tobu,Hokkaido0877,0.5,1316,1782,2727,10559,32.57299494980466,0.2487697623282157,0.42078574729300217
E1,q2_x3_resunet_cas-single_seed2026,cas-single,single-stream,2026,1120,na,hokkaido_iburi_tobu,Hokkaido0878,0.5,816,705,3245,11618,46.61382417727035,0.18019733685195968,0.278208160533886
E1,q2_x3_resunet_cas-single_seed2026,cas-single,single-stream,2026,1120,na,hokkaido_iburi_tobu,Hokkaido0879,0.5,909,929,2887,11659,46.60196982696178,0.18211386150878905,0.29977715830204293
E1,q2_x3_resunet_cas-single_seed2026,cas-single,single-stream,2026,1120,na,hokkaido_iburi_tobu,Hokkaido0880,0.5,812,1103,2739,11730,41.93082585289787,0.14599741389420265,0.2204461409993695
E1,q2_x3_resunet_cas-single_seed2026,cas-single,single-stream,2026,1120,na,hokkaido_iburi_tobu,Hokkaido0881,0.5,348,751,3981,11304,56.26276211425969,0.12011821157306515,0.19039559670303421
E1,q2_x3_resunet_cas-single_seed2026,cas-single,single-stream,2026,1120,na,hokkaido_iburi_tobu,Hokkaido0882,0.5,656,687,4108,10933,51.61631173550222,0.18772771025781357,0.33634612746859066
E1,q2_x3_resunet_cas-single_seed2026,cas-single,single-stream,2026,1120,na,hokkaido_iburi_tobu,Hokkaido0883,0.5,171,1639,3079,11495,49.48837494556673,0.05168041977488157,0.09435230235715017
E1,q2_x3_resunet_cas-single_seed2026,cas-single,single-stream,2026,1120,na,hokkaido_iburi_tobu,Hokkaido0884,0.5,34,1008,4578,10764,54.08326913195984,0.018236074270370745,0.041166027735415396
E1,q2_x3_resunet_cas-single_seed2026,cas-single,single-stream,2026,1120,na,hokkaido_iburi_tobu,Hokkaido0885,0.5,1645,227,6288,8224,52.34214318739884,0.11336986624207836,0.19067719954131468
E1,q2_x3_resunet_cas-single_seed2026,cas-single,single-stream,2026,1120,na,hokkaido_iburi_tobu,Hokkaido0886,0.5,314,60,5953,10057,64.38050379158327,0.04529747772728415,0.07819609888986143
E1,q2_x3_resunet_cas-single_seed2026,cas-single,single-stream,2026,1120,na,hokkaido_iburi_tobu,Hokkaido0887,0.5,566,569,3661,11588,49.98399679871935,0.18031055537224758,0.25361499581941827
E1,q2_x3_resunet_cas-single_seed2026,cas-single,single-stream,2026,1120,na,hokkaido_iburi_tobu,Hokkaido0888,0.5,631,501,2663,12589,61.16366498049954,0.15738600546308382,0.22917863296927476
E1,q2_x3_resunet_cas-single_seed2026,cas-single,single-stream,2026,1120,na,hokkaido_iburi_tobu,Hokkaido0889,0.5,256,1159,1961,13008,49.6744389368562,0.1347890052815556,0.18817863543268862
E1,q2_x3_resunet_cas-single_seed2026,cas-single,single-stream,2026,1120,na,hokkaido_iburi_tobu,Hokkaido0890,0.5,289,2511,2550,11034,48.27007354458868,0.11163337250256716,0.20021654705831338
E1,q2_x3_resunet_cas-single_seed2026,cas-single,single-stream,2026,1120,na,hokkaido_iburi_tobu,Hokkaido0891,0.5,377,949,3259,11799,65.77118897411964,0.17145487897984585,0.31331464668305886
E1,q2_x3_resunet_cas-single_seed2026,cas-single,single-stream,2026,1120,na,hokkaido_iburi_tobu,Hokkaido0892,0.5,184,4,4120,12076,64.1049402281479,0.08753574299294083,0.14442791539988384
E1,q2_x3_resunet_cas-single_seed2026,cas-single,single-stream,2026,1120,na,hokkaido_iburi_tobu,Hokkaido0893,0.5,320,565,4023,11476,59.033888572581766,0.12099987187368043,0.17599624172594117
E1,q2_x3_resunet_cas-single_seed2026,cas-single,single-stream,2026,1120,na,hokkaido_iburi_tobu,Hokkaido0894,0.5,1083,2149,2365,10787,36.42928176733113,0.23516670534501097,0.3631130480027077
E1,q2_x3_resunet_cas-single_seed2026,cas-single,single-stream,2026,1120,na,hokkaido_iburi_tobu,Hokkaido0895,0.5,138,445,1892,13909,64.66410113191313,0.1275023386339596,0.16451878256072863
E1,q2_x3_resunet_cas-single_seed2026,cas-single,single-stream,2026,1120,na,hokkaido_iburi_tobu,Hokkaido0896,0.5,120,1665,1364,13235,47.173036216226095,0.11970927746857707,0.18318615776896524
E1,q2_x3_resunet_cas-single_seed2026,cas-single,single-stream,2026,1120,na,hokkaido_iburi_tobu,Hokkaido0897,0.5,727,2772,1117,11768,41.728885484609336,0.1686916298266222,0.288846980934918
E1,q2_x3_resunet_cas-single_seed2026,cas-single,single-stream,2026,1120,na,hokkaido_iburi_tobu,Hokkaido0898,0.5,245,3504,1124,11511,43.86510694659661,0.09483791824663308,0.1517639227863425
E1,q2_x3_resunet_cas-single_seed2026,cas-single,single-stream,2026,1120,na,hokkaido_iburi_tobu,Hokkaido0899,0.5,471,3294,1263,11356,40.024992192379,0.13819849981432733,0.26146537351386956
E1,q2_x3_resunet_cas-single_seed2026,cas-single,single-stream,2026,1120,na,hokkaido_iburi_tobu,Hokkaido0900,0.5,345,957,1669,13413,45.221676218380054,0.1657552083330746,0.2942665673861481
E1,q2_x3_resunet_cas-single_seed2026,cas-single,single-stream,2026,1120,na,hokkaido_iburi_tobu,Hokkaido0901,0.5,78,2369,722,13215,43.700677978234346,0.05595321637380955,0.1045984455953595
E1,q2_x3_resunet_cas-single_seed2026,cas-single,single-stream,2026,1120,na,hokkaido_iburi_tobu,Hokkaido0902,0.5,59,4000,24,12301,59.84377707075464,0.0,0.0
E1,q2_x3_resunet_cas-single_seed2026,cas-single,single-stream,2026,1120,na,hokkaido_iburi_tobu,Hokkaido0903,0.5,0,3790,83,12511,71.68914247288566,0.016877637130561982,0.039344262294888986
E1,q2_x3_resunet_cas-single_seed2026,cas-single,single-stream,2026,1120,na,hokkaido_iburi_tobu,Hokkaido0906,0.5,84,71,1218,15011,52.334500185236806,0.12123103327199986,0.183900774913388
E1,q2_x3_resunet_cas-single_seed2026,cas-single,single-stream,2026,1120,na,hokkaido_iburi_tobu,Hokkaido0907,0.5,670,1243,819,13652,33.43642681332653,0.23311791015029826,0.3624488533298869
E1,q2_x3_resunet_cas-single_seed2026,cas-single,single-stream,2026,1120,na,hokkaido_iburi_tobu,Hokkaido0908,0.5,0,1005,714,14665,63.61799759360243,0.0,0.0
E1,q2_x3_resunet_cas-single_seed2026,cas-single,single-stream,2026,1120,na,hokkaido_iburi_tobu,Hokkaido0909,0.5,44,973,1212,14155,61.89617166065105,0.05885664568259648,0.08053889999220513
E1,q2_x3_resunet_cas-single_seed2026,cas-single,single-stream,2026,1120,na,hokkaido_iburi_tobu,Hokkaido0910,0.5,137,2582,895,12770,47.30953653108664,0.11630028276885926,0.17837401949958723
E1,q2_x3_resunet_cas-single_seed2026,cas-single,single-stream,2026,1120,na,hokkaido_iburi_tobu,Hokkaido0911,0.5,26,2141,324,13893,61.659121385225646,0.0669020628131308,0.09563277016211215
E1,q2_x3_resunet_cas-single_seed2026,cas-single,single-stream,2026,1120,na,hokkaido_iburi_tobu,Hokkaido0912,0.5,0,1722,106,14556,68.73273639033143,0.0,0.0
E1,q2_x3_resunet_cas-single_seed2026,cas-single,single-stream,2026,1120,na,hokkaido_iburi_tobu,Hokkaido0913,0.5,122,1310,450,14502,54.67540470484789,0.11753840987272644,0.2030769230764284
E1,q2_x3_resunet_cas-single_seed2026,cas-single,single-stream,2026,1120,na,hokkaido_iburi_tobu,Hokkaido0914,0.5,412,1171,194,14607,49.00700807939529,0.2712271606494337,0.3599485787739611
E1,q2_x3_resunet_cas-single_seed2026,cas-single,single-stream,2026,1120,na,hokkaido_iburi_tobu,Hokkaido0915,0.5,0,1827,132,14425,59.38577911550544,0.0,0.0
E1,q2_x3_resunet_cas-single_seed2026,cas-single,single-stream,2026,1120,na,hokkaido_iburi_tobu,Hokkaido0916,0.5,118,150,1122,14994,57.558602757694544,0.10672765389716049,0.21983363714424817
E1,q2_x3_resunet_cas-single_seed2026,cas-single,single-stream,2026,1120,na,hokkaido_iburi_tobu,Hokkaido0917,0.5,788,1783,1690,12123,38.2099463490856,0.13662486308050129,0.27054288015200645
E1,q2_x3_resunet_cas-single_seed2026,cas-single,single-stream,2026,1120,na,hokkaido_iburi_tobu,Hokkaido0918,0.5,477,1371,3013,11523,47.45259719711397,0.14128172543872625,0.23626965717493809
E1,q2_x3_resunet_cas-single_seed2026,cas-single,single-stream,2026,1120,na,hokkaido_iburi_tobu,Hokkaido0919,0.5,1134,1918,4165,9167,31.622776601683793,0.19458049439880565,0.31917660133442727
E1,q2_x3_resunet_cas-single_seed2026,cas-single,single-stream,2026,1120,na,hokkaido_iburi_tobu,Hokkaido0920,0.5,760,204,7123,8297,54.221304169700964,0.16581387653186583,0.28253438869957026
E1,q2_x3_resunet_cas-single_seed2026,cas-single,single-stream,2026,1120,na,hokkaido_iburi_tobu,Hokkaido0921,0.5,7002,2895,2747,3740,14.866068747318506,0.5115237407113836,0.7288368149909756
E1,q2_x3_resunet_cas-single_seed2026,cas-single,single-stream,2026,1120,na,hokkaido_iburi_tobu,Hokkaido0922,0.5,4321,2154,3458,6451,38.183730185132355,0.29943583065648155,0.4408968900642897
E1,q2_x3_resunet_cas-single_seed2026,cas-single,single-stream,2026,1120,na,hokkaido_iburi_tobu,Hokkaido0923,0.5,371,99,5262,10652,96.21798066483005,0.11886935361009891,0.16979195452196713
E1,q2_x3_resunet_cas-single_seed2026,cas-single,single-stream,2026,1120,na,hokkaido_iburi_tobu,Hokkaido0924,0.5,263,31,5168,10922,66.119966542235,0.05383739917850476,0.0981050553432937
E1,q2_x3_resunet_cas-single_seed2026,cas-single,single-stream,2026,1120,na,hokkaido_iburi_tobu,Hokkaido0925,0.5,577,1540,3196,11071,52.3450093132096,0.09875430767953879,0.1943862727729101
E1,q2_x3_resunet_cas-single_seed2026,cas-single,single-stream,2026,1120,na,hokkaido_iburi_tobu,Hokkaido0926,0.5,500,2769,2944,10171,43.43153220512472,0.15165795509141786,0.23945701171578607
E1,q2_x3_resunet_cas-single_seed2026,cas-single,single-stream,2026,1120,na,hokkaido_iburi_tobu,Hokkaido0927,0.5,361,479,3660,11884,55.56166994494609,0.12118723994431141,0.2117148080436338
E1,q2_x3_resunet_cas-single_seed2026,cas-single,single-stream,2026,1120,na,hokkaido_iburi_tobu,Hokkaido0928,0.5,497,240,3013,12634,54.45181356024793,0.15228945119048964,0.27481409634634846
E1,q2_x3_resunet_cas-single_seed2026,cas-single,single-stream,2026,1120,na,hokkaido_iburi_tobu,Hokkaido0929,0.5,1132,1137,3409,10706,46.576798669211975,0.15444770283454387,0.22256021774000054
E1,q2_x3_resunet_cas-single_seed2026,cas-single,single-stream,2026,1120,na,hokkaido_iburi_tobu,Hokkaido0930,0.5,1929,1964,2455,10036,33.015148038438355,0.3090372827662606,0.4754245179236965
E1,q2_x3_resunet_cas-single_seed2026,cas-single,single-stream,2026,1120,na,hokkaido_iburi_tobu,Hokkaido0931,0.5,263,126,2587,13408,82.91740851331826,0.0860030937762621,0.11396135793017036
E1,q2_x3_resunet_cas-single_seed2026,cas-single,single-stream,2026,1120,na,hokkaido_iburi_tobu,Hokkaido0932,0.5,1106,228,4865,10185,56.60741984295283,0.11457965605900855,0.2256669943836
E1,q2_x3_resunet_cas-single_seed2026,cas-single,single-stream,2026,1120,na,hokkaido_iburi_tobu,Hokkaido0933,0.5,292,0,8294,7798,68.81860213634101,0.030545454545341105,0.03935757607298278
E1,q2_x3_resunet_cas-single_seed2026,cas-single,single-stream,2026,1120,na,hokkaido_iburi_tobu,Hokkaido0934,0.5,619,706,5575,9484,38.897300677553446,0.20516037957780023,0.3224331439653185
E1,q2_x3_resunet_cas-single_seed2026,cas-single,single-stream,2026,1120,na,hokkaido_iburi_tobu,Hokkaido0935,0.5,799,469,3747,11369,58.60034129593445,0.12079270450091628,0.1989999819860921
E1,q2_x3_resunet_cas-single_seed2026,cas-single,single-stream,2026,1120,na,hokkaido_iburi_tobu,Hokkaido0936,0.5,497,1181,3283,11423,51.419840528729765,0.12735684018165977,0.2145749087739087
E1,q2_x3_resunet_cas-single_seed2026,cas-single,single-stream,2026,1120,na,hokkaido_iburi_tobu,Hokkaido0937,0.5,573,1590,2045,12176,42.80186911806539,0.11215601634133107,0.1540205296847304
E1,q2_x3_resunet_cas-single_seed2026,cas-single,single-stream,2026,1120,na,hokkaido_iburi_tobu,Hokkaido0938,0.5,526,1457,1855,12546,50.69855067651341,0.17107412476238384,0.2749394734325826
E1,q2_x3_resunet_cas-single_seed2026,cas-single,single-stream,2026,1120,na,hokkaido_iburi_tobu,Hokkaido0939,0.5,765,2764,2104,10751,27.018512172212592,0.2368666987620241,0.36973129829160967
E1,q2_x3_resunet_cas-single_seed2026,cas-single,single-stream,2026,1120,na,hokkaido_iburi_tobu,Hokkaido0940,0.5,976,633,2912,11863,41.21164197928516,0.3335892534171981,0.5102675210676095
E1,q2_x3_resunet_cas-single_seed2026,cas-single,single-stream,2026,1120,na,hokkaido_iburi_tobu,Hokkaido0941,0.5,393,329,4335,11327,47.9634742124483,0.18787635487734491,0.2474005177629596
E1,q2_x3_resunet_cas-single_seed2026,cas-single,single-stream,2026,1120,na,hokkaido_iburi_tobu,Hokkaido0942,0.5,1619,1357,2364,11044,42.5205832509386,0.18970327162030934,0.3018260691737568
E1,q2_x3_resunet_cas-single_seed2026,cas-single,single-stream,2026,1120,na,hokkaido_iburi_tobu,Hokkaido0943,0.5,338,1254,2002,12790,36.68242025012677,0.12863913337809574,0.22238708346279973
E1,q2_x3_resunet_cas-single_seed2026,cas-single,single-stream,2026,1120,na,hokkaido_iburi_tobu,Hokkaido0944,0.5,304,2710,999,12371,49.52773301629178,0.09457861847619421,0.16620899846059403
E1,q2_x3_resunet_cas-single_seed2026,cas-single,single-stream,2026,1120,na,hokkaido_iburi_tobu,Hokkaido0945,0.5,896,2387,1893,11208,32.49597810485132,0.24190425268740703,0.37797018134622107
E1,q2_x3_resunet_cas-single_seed2026,cas-single,single-stream,2026,1120,na,hokkaido_iburi_tobu,Hokkaido0946,0.5,416,3132,2362,10474,40.43017189409492,0.16596458527453894,0.22434009931137489
E1,q2_x3_resunet_cas-single_seed2026,cas-single,single-stream,2026,1120,na,hokkaido_iburi_tobu,Hokkaido0947,0.5,146,3264,745,12229,34.66987164671943,0.14482292418515766,0.22945393576685225
E1,q2_x3_resunet_cas-single_seed2026,cas-single,single-stream,2026,1120,na,hokkaido_iburi_tobu,Hokkaido0948,0.5,114,3887,607,11776,33.54027414079602,0.1315884607037196,0.20378116893689727
E1,q2_x3_resunet_cas-single_seed2026,cas-single,single-stream,2026,1120,na,hokkaido_iburi_tobu,Hokkaido0949,0.5,13,3252,394,12725,54.12172254135133,0.06746432175242359,0.11060393258377493
E1,q2_x3_resunet_cas-single_seed2026,cas-single,single-stream,2026,1120,na,hokkaido_iburi_tobu,Hokkaido0950,0.5,18,4890,95,11381,70.01999635712725,0.05721096543476208,0.08477937530952141
E1,q2_x3_resunet_cas-single_seed2026,cas-single,single-stream,2026,1120,na,hokkaido_iburi_tobu,Hokkaido0951,0.5,63,3917,50,12354,43.41485855392396,0.0,0.007751937984198156
E1,q2_x3_resunet_cas-single_seed2026,cas-single,single-stream,2026,1120,na,hokkaido_iburi_tobu,Hokkaido0953,0.5,0,0,360,16024,181.01933598375618,0.0,0.0
E1,q2_x3_resunet_cas-single_seed2026,cas-single,single-stream,2026,1120,na,hokkaido_iburi_tobu,Hokkaido0954,0.5,0,483,489,15412,58.83295817418158,0.0,0.0
E1,q2_x3_resunet_cas-single_seed2026,cas-single,single-stream,2026,1120,na,hokkaido_iburi_tobu,Hokkaido0955,0.5,0,681,129,15574,83.86944043942752,0.0,0.0
E1,q2_x3_resunet_cas-single_seed2026,cas-single,single-stream,2026,1120,na,hokkaido_iburi_tobu,Hokkaido0956,0.5,0,554,125,15705,90.98734638368464,0.0,0.0
E1,q2_x3_resunet_cas-single_seed2026,cas-single,single-stream,2026,1120,na,hokkaido_iburi_tobu,Hokkaido0957,0.5,0,1402,125,14857,95.04340302562073,0.0,0.0
E1,q2_x3_resunet_cas-single_seed2026,cas-single,single-stream,2026,1120,na,hokkaido_iburi_tobu,Hokkaido0958,0.5,0,220,45,16119,76.92302603253202,0.0,0.0
E1,q2_x3_resunet_cas-single_seed2026,cas-single,single-stream,2026,1120,na,hokkaido_iburi_tobu,Hokkaido0959,0.5,0,1396,45,14943,87.79491432670638,0.0,0.0
E1,q2_x3_resunet_cas-single_seed2026,cas-single,single-stream,2026,1120,na,hokkaido_iburi_tobu,Hokkaido0960,0.5,0,726,42,15616,68.54487463236492,0.0,0.0
E1,q2_x3_resunet_cas-single_seed2026,cas-single,single-stream,2026,1120,na,hokkaido_iburi_tobu,Hokkaido0961,0.5,0,1728,776,13880,65.86349520030045,0.0,0.033670033669551444
E1,q2_x3_resunet_cas-single_seed2026,cas-single,single-stream,2026,1120,na,hokkaido_iburi_tobu,Hokkaido0962,0.5,255,2131,2071,11927,42.49586880686387,0.1731483363197851,0.2536135963012231
E1,q2_x3_resunet_cas-single_seed2026,cas-single,single-stream,2026,1120,na,hokkaido_iburi_tobu,Hokkaido0963,0.5,331,94,5945,10014,68.245512575663,0.09790555575166025,0.15047479912330858
E1,q2_x3_resunet_cas-single_seed2026,cas-single,single-stream,2026,1120,na,hokkaido_iburi_tobu,Hokkaido0964,0.5,1078,306,8042,6958,54.45181356024793,0.09313860676979643,0.15392058352854668
E1,q2_x3_resunet_cas-single_seed2026,cas-single,single-stream,2026,1120,na,hokkaido_iburi_tobu,Hokkaido0965,0.5,2733,1495,5752,6404,28.284271247461902,0.31397306747077663,0.4879967816140242
E1,q2_x3_resunet_cas-single_seed2026,cas-single,single-stream,2026,1120,na,hokkaido_iburi_tobu,Hokkaido0966,0.5,6859,3117,2345,4063,23.0,0.4104254923175241,0.6137244252565096
E1,q2_x3_resunet_cas-single_seed2026,cas-single,single-stream,2026,1120,na,hokkaido_iburi_tobu,Hokkaido0967,0.5,2723,1182,5664,6815,73.79532406404414,0.2021991879417584,0.31161916400192624
E1,q2_x3_resunet_cas-single_seed2026,cas-single,single-stream,2026,1120,na,hokkaido_iburi_tobu,Hokkaido0968,0.5,601,118,5156,10509,59.67327651886605,0.12873429135119074,0.20299665772844774
E1,q2_x3_resunet_cas-single_seed2026,cas-single,single-stream,2026,1120,na,hokkaido_iburi_tobu,Hokkaido0969,0.5,138,6,4345,11895,59.41716742614181,0.07419756158237949,0.12336748666118458
E1,q2_x3_resunet_cas-single_seed2026,cas-single,single-stream,2026,1120,na,hokkaido_iburi_tobu,Hokkaido0970,0.5,297,680,3396,12011,52.73981969080317,0.09051941337743084,0.16091917641262407
E1,q2_x3_resunet_cas-single_seed2026,cas-single,single-stream,2026,1120,na,hokkaido_iburi_tobu,Hokkaido0971,0.5,821,703,2487,12373,51.01070768266817,0.16816385195810443,0.2908726943422353
E1,q2_x3_resunet_cas-single_seed2026,cas-single,single-stream,2026,1120,na,hokkaido_iburi_tobu,Hokkaido0972,0.5,514,2020,1844,12006,43.41658669218482,0.1727536231879956,0.28507795100179467
E1,q2_x3_resunet_cas-single_seed2026,cas-single,single-stream,2026,1120,na,hokkaido_iburi_tobu,Hokkaido0973,0.5,517,3569,1812,10486,35.45983407935709,0.17680627888171174,0.2829966383859932
E1,q2_x3_resunet_cas-single_seed2026,cas-single,single-stream,2026,1120,na,hokkaido_iburi_tobu,Hokkaido0974,0.5,1073,1478,2947,10886,29.671525403903157,0.17771397514024873,0.285618808288601
E1,q2_x3_resunet_cas-single_seed2026,cas-single,single-stream,2026,1120,na,hokkaido_iburi_tobu,Hokkaido0975,0.5,1530,1846,2947,10061,33.93726447659122,0.31461102510063904,0.4449942066197247
E1,q2_x3_resunet_cas-single_seed2026,cas-single,single-stream,2026,1120,na,hokkaido_iburi_tobu,Hokkaido0976,0.5,863,1479,3030,11012,41.173410728681496,0.15974744317207018,0.25647969052196457
E1,q2_x3_resunet_cas-single_seed2026,cas-single,single-stream,2026,1120,na,hokkaido_iburi_tobu,Hokkaido0977,0.5,133,136,4956,11159,54.45181356024793,0.05166089521602059,0.09726545878020976
E1,q2_x3_resunet_cas-single_seed2026,cas-single,single-stream,2026,1120,na,hokkaido_iburi_tobu,Hokkaido0978,0.5,1324,1459,4344,9257,40.806081370345076,0.28647879042108554,0.44844918314214
E1,q2_x3_resunet_cas-single_seed2026,cas-single,single-stream,2026,1120,na,hokkaido_iburi_tobu,Hokkaido0979,0.5,458,605,3678,11643,53.74011537017761,0.11939262155774165,0.2304347725047083
E1,q2_x3_resunet_cas-single_seed2026,cas-single,single-stream,2026,1120,na,hokkaido_iburi_tobu,Hokkaido0980,0.5,663,1610,2271,11840,50.20956084253277,0.11854535045002634,0.17283813659349304
E1,q2_x3_resunet_cas-single_seed2026,cas-single,single-stream,2026,1120,na,hokkaido_iburi_tobu,Hokkaido0981,0.5,416,2316,2731,10921,55.9222132276027,0.14516739812382315,0.23494013148372742
E1,q2_x3_resunet_cas-single_seed2026,cas-single,single-stream,2026,1120,na,hokkaido_iburi_tobu,Hokkaido0982,0.5,532,1221,2384,12247,55.29465132930207,0.13093970888972437,0.23057328486764483
E1,q2_x3_resunet_cas-single_seed2026,cas-single,single-stream,2026,1120,na,hokkaido_iburi_tobu,Hokkaido0983,0.5,168,2188,2200,11828,46.06787678199594,0.11410310402026262,0.17757009345759855
E1,q2_x3_resunet_cas-single_seed2026,cas-single,single-stream,2026,1120,na,hokkaido_iburi_tobu,Hokkaido0984,0.5,594,2546,1785,11459,38.28707333613889,0.17267277369148135,0.26980963975014993
E1,q2_x3_resunet_cas-single_seed2026,cas-single,single-stream,2026,1120,na,hokkaido_iburi_tobu,Hokkaido0985,0.5,312,1555,3488,11029,46.11506856397358,0.11913481577373346,0.18836910161771908
E1,q2_x3_resunet_cas-single_seed2026,cas-single,single-stream,2026,1120,na,hokkaido_iburi_tobu,Hokkaido0986,0.5,6,3,5247,11128,83.74544574110028,0.0137575236457301,0.021413276231242197
E1,q2_x3_resunet_cas-single_seed2026,cas-single,single-stream,2026,1120,na,hokkaido_iburi_tobu,Hokkaido0987,0.5,1246,2688,2321,10129,35.86079101179518,0.2276480587737347,0.36849938263820237
E1,q2_x3_resunet_cas-single_seed2026,cas-single,single-stream,2026,1120,na,hokkaido_iburi_tobu,Hokkaido0988,0.5,415,1685,1830,12454,48.54894437575342,0.19043897474073743,0.29796202657557425
E1,q2_x3_resunet_cas-single_seed2026,cas-single,single-stream,2026,1120,na,hokkaido_iburi_tobu,Hokkaido0989,0.5,484,3057,1247,11596,45.24986032930519,0.08027236980877059,0.21506249628545926
E1,q2_x3_resunet_cas-single_seed2026,cas-single,single-stream,2026,1120,na,hokkaido_iburi_tobu,Hokkaido0990,0.5,479,4211,2284,9410,26.076809620810597,0.17786396638604157,0.2977368043698827
E1,q2_x3_resunet_cas-single_seed2026,cas-single,single-stream,2026,1120,na,hokkaido_iburi_tobu,Hokkaido0991,0.5,506,399,3080,12399,55.90169943749474,0.1837792454018904,0.27517840194021237
E1,q2_x3_resunet_cas-single_seed2026,cas-single,single-stream,2026,1120,na,hokkaido_iburi_tobu,Hokkaido0992,0.5,191,1724,1515,12954,40.26102324422486,0.07034156239397331,0.10763838530302006
E1,q2_x3_resunet_cas-single_seed2026,cas-single,single-stream,2026,1120,na,hokkaido_iburi_tobu,Hokkaido0993,0.5,137,2592,225,13430,50.370359402917096,0.0,0.0051880674444413225
E1,q2_x3_resunet_cas-single_seed2026,cas-single,single-stream,2026,1120,na,hokkaido_iburi_tobu,Hokkaido0994,0.5,14,2237,69,14064,54.141309105614816,0.0,0.04545454545419421
E1,q2_x3_resunet_cas-single_seed2026,cas-single,single-stream,2026,1120,na,hokkaido_iburi_tobu,Hokkaido0995,0.5,30,3674,92,12588,44.082786804531935,0.07127784290706261,0.10572687224636257
E1,q2_x3_resunet_cas-single_seed2026,cas-single,single-stream,2026,1120,na,hokkaido_iburi_tobu,Hokkaido0996,0.5,0,4390,113,11881,51.046053494301695,0.0,0.0
E1,q2_x3_resunet_cas-single_seed2026,cas-single,single-stream,2026,1120,na,hokkaido_iburi_tobu,Hokkaido0997,0.5,0,2394,63,13927,61.41009248860734,0.006191950464253466,0.036217303822756654
E1,q2_x3_resunet_cas-single_seed2026,cas-single,single-stream,2026,1120,na,hokkaido_iburi_tobu,Hokkaido0998,0.5,0,1752,19,14613,68.62106074156,0.0,0.0
E1,q2_x3_resunet_cas-single_seed2026,cas-single,single-stream,2026,1120,na,hokkaido_iburi_tobu,Hokkaido1001,0.5,146,2015,0,14223,32.57299494980466,0.17831325301175516,0.26128410589276724
E1,q2_x3_resunet_cas-single_seed2026,cas-single,single-stream,2026,1120,na,hokkaido_iburi_tobu,Hokkaido1002,0.5,0,3894,310,12180,51.50724816326025,0.0,0.0
E1,q2_x3_resunet_cas-single_seed2026,cas-single,single-stream,2026,1120,na,hokkaido_iburi_tobu,Hokkaido1003,0.5,458,4108,1708,10110,35.35533905932738,0.16609222271714424,0.27193532455026614
E1,q2_x3_resunet_cas-single_seed2026,cas-single,single-stream,2026,1120,na,hokkaido_iburi_tobu,Hokkaido1004,0.5,1758,607,5356,8663,45.65358537635591,0.1981538461536076,0.31771420567919023
E1,q2_x3_resunet_cas-single_seed2026,cas-single,single-stream,2026,1120,na,hokkaido_iburi_tobu,Hokkaido1005,0.5,1639,495,7968,6282,50.861045591781476,0.2172603699468361,0.3670016969060911
E1,q2_x3_resunet_cas-single_seed2026,cas-single,single-stream,2026,1120,na,hokkaido_iburi_tobu,Hokkaido1006,0.5,3151,1818,4237,7178,36.50103359777059,0.31543544707012533,0.49719219991955316
E1,q2_x3_resunet_cas-single_seed2026,cas-single,single-stream,2026,1120,na,hokkaido_iburi_tobu,Hokkaido1007,0.5,1862,621,5337,8564,29.716989494039396,0.25475384214611035,0.4020956084324464
E1,q2_x3_resunet_cas-single_seed2026,cas-single,single-stream,2026,1120,na,hokkaido_iburi_tobu,Hokkaido1008,0.5,1263,137,6694,8290,40.65707294129457,0.18681554061731298,0.2785782912583693
E1,q2_x3_resunet_cas-single_seed2026,cas-single,single-stream,2026,1120,na,hokkaido_iburi_tobu,Hokkaido1009,0.5,1029,152,5134,10069,61.40032573203501,0.1968726055646018,0.2809731764883272
E1,q2_x3_resunet_cas-single_seed2026,cas-single,single-stream,2026,1120,na,hokkaido_iburi_tobu,Hokkaido1010,0.5,413,212,4096,11663,53.1549589413308,0.1677457568266778,0.2472215361815542
E1,q2_x3_resunet_cas-single_seed2026,cas-single,single-stream,2026,1120,na,hokkaido_iburi_tobu,Hokkaido1011,0.5,324,606,3065,12389,57.982756057296896,0.09417640238981247,0.17569546120030952
E1,q2_x3_resunet_cas-single_seed2026,cas-single,single-stream,2026,1120,na,hokkaido_iburi_tobu,Hokkaido1012,0.5,278,1670,2111,12325,42.176989766474776,0.1229614100092035,0.1973394414585719
E1,q2_x3_resunet_cas-single_seed2026,cas-single,single-stream,2026,1120,na,hokkaido_iburi_tobu,Hokkaido1013,0.5,651,2809,837,12087,44.28317965096906,0.1869779150928227,0.33723770792692503
E1,q2_x3_resunet_cas-single_seed2026,cas-single,single-stream,2026,1120,na,hokkaido_iburi_tobu,Hokkaido1014,0.5,74,1810,779,13721,38.74002374708752,0.04373201808420449,0.08758293838819639
E1,q2_x3_resunet_cas-single_seed2026,cas-single,single-stream,2026,1120,na,hokkaido_iburi_tobu,Hokkaido1015,0.5,64,3540,946,11834,40.43194481023402,0.08237986269973135,0.11934391627407158
E1,q2_x3_resunet_cas-single_seed2026,cas-single,single-stream,2026,1120,na,hokkaido_iburi_tobu,Hokkaido1016,0.5,448,1194,1632,13110,46.233645444120356,0.2171828133652911,0.3281698221453012
E1,q2_x3_resunet_cas-single_seed2026,cas-single,single-stream,2026,1120,na,hokkaido_iburi_tobu,Hokkaido1017,0.5,627,3126,2511,10120,36.87817782917155,0.16971175792848806,0.28164429934267954
E1,q2_x3_resunet_cas-single_seed2026,cas-single,single-stream,2026,1120,na,hokkaido_iburi_tobu,Hokkaido1018,0.5,160,378,3056,12790,63.702433234531945,0.03490351872862965,0.064565348875484
E1,q2_x3_resunet_cas-single_seed2026,cas-single,single-stream,2026,1120,na,hokkaido_iburi_tobu,Hokkaido1019,0.5,264,786,3003,12331,63.788711809613396,0.07391804738205046,0.13041297441879976
E1,q2_x3_resunet_cas-single_seed2026,cas-single,single-stream,2026,1120,na,hokkaido_iburi_tobu,Hokkaido1020,0.5,484,1792,2453,11655,50.30903312288597,0.12645864391070452,0.1871133476874083
E1,q2_x3_resunet_cas-single_seed2026,cas-single,single-stream,2026,1120,na,hokkaido_iburi_tobu,Hokkaido1021,0.5,307,1467,1969,12641,45.47471552872373,0.1157903765328209,0.17188597107112286
E1,q2_x3_resunet_cas-single_seed2026,cas-single,single-stream,2026,1120,na,hokkaido_iburi_tobu,Hokkaido1022,0.5,744,1803,1867,11970,43.7326534687618,0.209240766935702,0.3631924963056165
E1,q2_x3_resunet_cas-single_seed2026,cas-single,single-stream,2026,1120,na,hokkaido_iburi_tobu,Hokkaido1023,0.5,1256,2846,1125,11157,37.6263228547377,0.2027164535677373,0.3255712075783114
E1,q2_x3_resunet_cas-single_seed2026,cas-single,single-stream,2026,1120,na,hokkaido_iburi_tobu,Hokkaido1024,0.5,664,2667,1037,12016,42.74283237866721,0.2082867668359519,0.3435362090468942
E1,q2_x3_resunet_cas-single_seed2026,cas-single,single-stream,2026,1120,na,hokkaido_iburi_tobu,Hokkaido1025,0.5,940,2368,1066,12010,34.713109915419565,0.18893505357492338,0.3247151066868476
E1,q2_x3_resunet_cas-single_seed2026,cas-single,single-stream,2026,1120,na,hokkaido_iburi_tobu,Hokkaido1026,0.5,665,1506,2488,11725,38.9538157694708,0.13795102159079323,0.24518692064754422
E1,q2_x3_resunet_cas-single_seed2026,cas-single,single-stream,2026,1120,na,hokkaido_iburi_tobu,Hokkaido1027,0.5,731,1556,2892,11205,52.351694586530776,0.14353550476431123,0.24080573410825334
E1,q2_x3_resunet_cas-single_seed2026,cas-single,single-stream,2026,1120,na,hokkaido_iburi_tobu,Hokkaido1028,0.5,564,1750,1760,12310,47.41307836451879,0.19624997731075958,0.3048552493459238
E1,q2_x3_resunet_cas-single_seed2026,cas-single,single-stream,2026,1120,na,hokkaido_iburi_tobu,Hokkaido1029,0.5,410,2624,970,12380,35.39064219374164,0.08025844227915788,0.15677570504989913
E1,q2_x3_resunet_cas-single_seed2026,cas-single,single-stream,2026,1120,na,hokkaido_iburi_tobu,Hokkaido1030,0.5,384,4791,702,10507,33.18049797397629,0.1508359824950866,0.26697541374329115
E1,q2_x3_resunet_cas-single_seed2026,cas-single,single-stream,2026,1120,na,hokkaido_iburi_tobu,Hokkaido1031,0.5,568,4015,1149,10652,36.71511950137164,0.16528052198645413,0.25568779174859296
E1,q2_x3_resunet_cas-single_seed2026,cas-single,single-stream,2026,1120,na,hokkaido_iburi_tobu,Hokkaido1032,0.5,438,2018,2177,11751,45.26256608910086,0.1437686729620039,0.253335130036083
E1,q2_x3_resunet_cas-single_seed2026,cas-single,single-stream,2026,1120,na,hokkaido_iburi_tobu,Hokkaido1033,0.5,379,2616,1480,11909,51.29960056118891,0.1676384839646331,0.24990974729201387
E1,q2_x3_resunet_cas-single_seed2026,cas-single,single-stream,2026,1120,na,hokkaido_iburi_tobu,Hokkaido1034,0.5,104,2555,667,13058,50.57993725572946,0.07804878048733582,0.1780468439852297
E1,q2_x3_resunet_cas-single_seed2026,cas-single,single-stream,2026,1120,na,hokkaido_iburi_tobu,Hokkaido1035,0.5,0,3933,287,12164,46.94193690905892,0.0,0.05003849114656484
E1,q2_x3_resunet_cas-single_seed2026,cas-single,single-stream,2026,1120,na,hokkaido_iburi_tobu,Hokkaido1036,0.5,80,3852,61,12391,29.79861823868135,0.0683311432322835,0.11056670056354499
E1,q2_x3_resunet_cas-single_seed2026,cas-single,single-stream,2026,1120,na,hokkaido_iburi_tobu,Hokkaido1037,0.5,0,2702,104,13578,65.19892551923498,0.0,0.0
E1,q2_x3_resunet_cas-single_seed2026,cas-single,single-stream,2026,1120,na,hokkaido_iburi_tobu,Hokkaido1038,0.5,178,4845,69,11292,46.06517122512408,0.0957018132971701,0.17331932773073708
E1,q2_x3_resunet_cas-single_seed2026,cas-single,single-stream,2026,1120,na,hokkaido_iburi_tobu,Hokkaido1039,0.5,20,2536,186,13642,42.476461317767566,0.0699999999995338,0.17505470459470412
E1,q2_x3_resunet_cas-single_seed2026,cas-single,single-stream,2026,1120,na,hokkaido_iburi_tobu,Hokkaido1040,0.5,20,3087,168,13109,48.373546489791295,0.0,0.04305043050381025
E1,q2_x3_resunet_cas-single_seed2026,cas-single,single-stream,2026,1120,na,hokkaido_iburi_tobu,Hokkaido1041,0.5,0,759,102,15523,39.3001256822515,0.0,0.0
E1,q2_x3_resunet_cas-single_seed2026,cas-single,single-stream,2026,1120,na,hokkaido_iburi_tobu,Hokkaido1042,0.5,0,0,167,16217,181.01933598375618,0.0,0.0
E1,q2_x3_resunet_cas-single_seed2026,cas-single,single-stream,2026,1120,na,hokkaido_iburi_tobu,Hokkaido1043,0.5,0,278,111,15995,65.02435643578083,0.0,0.0
E1,q2_x3_resunet_cas-single_seed2026,cas-single,single-stream,2026,1120,na,hokkaido_iburi_tobu,Hokkaido1044,0.5,5,12,41,16326,16.343386622447824,0.38888888888854317,0.5249999999995799
E1,q2_x3_resunet_cas-single_seed2026,cas-single,single-stream,2026,1120,na,hokkaido_iburi_tobu,Hokkaido1045,0.5,0,147,143,16094,59.65944922177734,0.0,0.013698630136502158
E1,q2_x3_resunet_cas-single_seed2026,cas-single,single-stream,2026,1120,na,hokkaido_iburi_tobu,Hokkaido1046,0.5,0,3629,150,12605,57.26211525842491,0.0,0.0225098480581392
E1,q2_x3_resunet_cas-single_seed2026,cas-single,single-stream,2026,1120,na,hokkaido_iburi_tobu,Hokkaido1047,0.5,0,797,146,15441,73.075984553023,0.0,0.0
E1,q2_x3_resunet_cas-single_seed2026,cas-single,single-stream,2026,1120,na,hokkaido_iburi_tobu,Hokkaido1048,0.5,0,2157,797,13430,52.909174551506474,0.0,0.0
E1,q2_x3_resunet_cas-single_seed2026,cas-single,single-stream,2026,1120,na,hokkaido_iburi_tobu,Hokkaido1049,0.5,267,873,2808,12436,57.402086589546535,0.16058838531317574,0.2142610797794275
E1,q2_x3_resunet_cas-single_seed2026,cas-single,single-stream,2026,1120,na,hokkaido_iburi_tobu,Hokkaido1050,0.5,1349,614,5987,8434,75.46191026750168,0.08391542084123578,0.1634306956435012
E1,q2_x3_resunet_cas-single_seed2026,cas-single,single-stream,2026,1120,na,hokkaido_iburi_tobu,Hokkaido1051,0.5,3411,1450,5392,6131,42.31716962274859,0.35437564856415404,0.5455487981432249
E1,q2_x3_resunet_cas-single_seed2026,cas-single,single-stream,2026,1120,na,hokkaido_iburi_tobu,Hokkaido1052,0.5,1581,742,4645,9416,50.21951811795888,0.2878466534650596,0.4327303626548698
E1,q2_x3_resunet_cas-single_seed2026,cas-single,single-stream,2026,1120,na,hokkaido_iburi_tobu,Hokkaido1053,0.5,196,47,5297,10844,81.49355046335283,0.06716978150054813,0.11205006930241965
E1,q2_x3_resunet_cas-single_seed2026,cas-single,single-stream,2026,1120,na,hokkaido_iburi_tobu,Hokkaido1054,0.5,1930,675,4883,8896,48.79549159502341,0.2600041563437015,0.3894307884466598
E1,q2_x3_resunet_cas-single_seed2026,cas-single,single-stream,2026,1120,na,hokkaido_iburi_tobu,Hokkaido1055,0.5,1186,381,4898,9919,52.36219352713539,0.2136449302673848,0.32484115333503544
E1,q2_x3_resunet_cas-single_seed2026,cas-single,single-stream,2026,1120,na,hokkaido_iburi_tobu,Hokkaido1056,0.5,970,571,3402,11441,33.90421206715166,0.3250965404582376,0.4686630899300091
E1,q2_x3_resunet_cas-single_seed2026,cas-single,single-stream,2026,1120,na,hokkaido_iburi_tobu,Hokkaido1057,0.5,126,234,2126,13898,38.33209627502977,0.08702258443238063,0.14893617021247652
E1,q2_x3_resunet_cas-single_seed2026,cas-single,single-stream,2026,1120,na,hokkaido_iburi_tobu,Hokkaido1058,0.5,0,1905,620,13859,50.44203927782419,0.007194244603817192,0.01895734597113057
E1,q2_x3_resunet_cas-single_seed2026,cas-single,single-stream,2026,1120,na,hokkaido_iburi_tobu,Hokkaido1059,0.5,75,3657,575,12077,65.87672760109332,0.03806502775525776,0.07006174190955858
E1,q2_x3_resunet_cas-single_seed2026,cas-single,single-stream,2026,1120,na,hokkaido_iburi_tobu,Hokkaido1060,0.5,79,4727,274,11304,72.05379426757645,0.08888888888843062,0.11134886017568561
E1,q2_x3_resunet_cas-single_seed2026,cas-single,single-stream,2026,1120,na,hokkaido_iburi_tobu,Hokkaido1061,0.5,30,4574,125,11655,70.02601823906468,0.009111617311840224,0.055887270121506336
E1,q2_x3_resunet_cas-single_seed2026,cas-single,single-stream,2026,1120,na,hokkaido_iburi_tobu,Hokkaido1062,0.5,9,1910,555,13910,48.09781605446151,0.05064512239189584,0.06257565881320869
E1,q2_x3_resunet_cas-single_seed2026,cas-single,single-stream,2026,1120,na,hokkaido_iburi_tobu,Hokkaido1063,0.5,494,2850,973,12067,33.95585049994017,0.1528432570858669,0.2708481824656732
E1,q2_x3_resunet_cas-single_seed2026,cas-single,single-stream,2026,1120,na,hokkaido_iburi_tobu,Hokkaido1064,0.5,481,3621,1624,10658,32.168292517281174,0.10701549387641282,0.21172224272957232
E1,q2_x3_resunet_cas-single_seed2026,cas-single,single-stream,2026,1120,na,hokkaido_iburi_tobu,Hokkaido1065,0.5,593,2378,1568,11845,35.35321731454996,0.14694630627586228,0.25522063335586165
E1,q2_x3_resunet_cas-single_seed2026,cas-single,single-stream,2026,1120,na,hokkaido_iburi_tobu,Hokkaido1066,0.5,857,2691,1111,11725,45.27692569068709,0.1758476356138979,0.29791208460084684
E1,q2_x3_resunet_cas-single_seed2026,cas-single,single-stream,2026,1120,na,hokkaido_iburi_tobu,Hokkaido1067,0.5,207,3092,1375,11710,35.89707119361621,0.13363028953188638,0.1996321663289704
E1,q2_x3_resunet_cas-single_seed2026,cas-single,single-stream,2026,1120,na,hokkaido_iburi_tobu,Hokkaido1068,0.5,376,2978,1194,11836,38.32107750530946,0.10867492850286559,0.18997113894489653
E1,q2_x3_resunet_cas-single_seed2026,cas-single,single-stream,2026,1120,na,hokkaido_iburi_tobu,Hokkaido1069,0.5,90,2937,1463,11894,46.99406763109481,0.13242954302436788,0.17009721392448593
E1,q2_x3_resunet_cas-single_seed2026,cas-single,single-stream,2026,1120,na,hokkaido_iburi_tobu,Hokkaido1070,0.5,437,4028,1293,10626,44.58698938643937,0.18235061809304717,0.22176692656415242
E1,q2_x3_resunet_cas-single_seed2026,cas-single,single-stream,2026,1120,na,hokkaido_iburi_tobu,Hokkaido1071,0.5,278,3247,1425,11434,39.40177609883024,0.05718628289114709,0.12098020193263112
E1,q2_x3_resunet_cas-single_seed2026,cas-single,single-stream,2026,1120,na,hokkaido_iburi_tobu,Hokkaido1072,0.5,546,2155,752,12931,43.101518701438295,0.19839237164540677,0.31792903194010574
E1,q2_x3_resunet_cas-single_seed2026,cas-single,single-stream,2026,1120,na,hokkaido_iburi_tobu,Hokkaido1073,0.5,69,1541,1251,13523,51.303921741318035,0.01694915254204884,0.0643776824031218
E1,q2_x3_resunet_cas-single_seed2026,cas-single,single-stream,2026,1120,na,hokkaido_iburi_tobu,Hokkaido1074,0.5,171,2843,953,12417,41.773197148410844,0.04507042253477128,0.10563218767366468
E1,q2_x3_resunet_cas-single_seed2026,cas-single,single-stream,2026,1120,na,hokkaido_iburi_tobu,Hokkaido1075,0.5,202,3065,414,12703,47.90641388679108,0.09536423841010645,0.20037834429283116
E1,q2_x3_resunet_cas-single_seed2026,cas-single,single-stream,2026,1120,na,hokkaido_iburi_tobu,Hokkaido1076,0.5,0,3231,255,12898,57.244440392900984,0.0,0.0
E1,q2_x3_resunet_cas-single_seed2026,cas-single,single-stream,2026,1120,na,hokkaido_iburi_tobu,Hokkaido1077,0.5,245,3096,643,12400,54.31929742422403,0.033809619641311225,0.08626858551276685
E1,q2_x3_resunet_cas-single_seed2026,cas-single,single-stream,2026,1120,na,hokkaido_iburi_tobu,Hokkaido1078,0.5,215,2141,1077,12951,43.56604182158393,0.07220902612782117,0.12176458846188593
E1,q2_x3_resunet_cas-single_seed2026,cas-single,single-stream,2026,1120,na,hokkaido_iburi_tobu,Hokkaido1079,0.5,351,1933,665,13435,48.35285190075077,0.1454661558105819,0.2625538020082013
E1,q2_x3_resunet_cas-single_seed2026,cas-single,single-stream,2026,1120,na,hokkaido_iburi_tobu,Hokkaido1080,0.5,230,3955,585,11614,35.456678320074,0.10345170595793073,0.22601839684576341
E1,q2_x3_resunet_cas-single_seed2026,cas-single,single-stream,2026,1120,na,hokkaido_iburi_tobu,Hokkaido1081,0.5,86,2979,223,13096,42.553771002696756,0.03984063744975927,0.07465224111234875
E1,q2_x3_resunet_cas-single_seed2026,cas-single,single-stream,2026,1120,na,hokkaido_iburi_tobu,Hokkaido1082,0.5,29,4706,29,11620,61.28702403746745,0.0,0.0
E1,q2_x3_resunet_cas-single_seed2026,cas-single,single-stream,2026,1120,na,hokkaido_iburi_tobu,Hokkaido1083,0.5,0,2595,30,13759,88.86281536391652,0.0,0.0
E1,q2_x3_resunet_cas-single_seed2026,cas-single,single-stream,2026,1120,na,hokkaido_iburi_tobu,Hokkaido1084,0.5,113,3844,71,12356,69.65629906907199,0.06012024048062964,0.11027823656425648
E1,q2_x3_resunet_cas-single_seed2026,cas-single,single-stream,2026,1120,na,hokkaido_iburi_tobu,Hokkaido1085,0.5,5,1811,182,14386,53.92157008061787,0.06319790924176323,0.06892170874995285
E1,q2_x3_resunet_cas-single_seed2026,cas-single,single-stream,2026,1120,na,hokkaido_iburi_tobu,Hokkaido1086,0.5,59,2813,110,13402,57.89253925156312,0.16787409442886955,0.2426511451048375
E1,q2_x3_resunet_cas-single_seed2026,cas-single,single-stream,2026,1120,na,hokkaido_iburi_tobu,Hokkaido1087,0.5,0,1,116,16267,33.61547262794322,0.0,0.0
E1,q2_x3_resunet_cas-single_seed2026,cas-single,single-stream,2026,1120,na,hokkaido_iburi_tobu,Hokkaido1088,0.5,0,1,374,16009,95.00447356029262,0.0,0.0
E1,q2_x3_resunet_cas-single_seed2026,cas-single,single-stream,2026,1120,na,hokkaido_iburi_tobu,Hokkaido1089,0.5,0,876,553,14955,78.0666361418502,0.018382352940818563,0.03951859170071979
E1,q2_x3_resunet_cas-single_seed2026,cas-single,single-stream,2026,1120,na,hokkaido_iburi_tobu,Hokkaido1090,0.5,0,226,372,15786,51.370650934462745,0.0,0.0
E1,q2_x3_resunet_cas-single_seed2026,cas-single,single-stream,2026,1120,na,hokkaido_iburi_tobu,Hokkaido1091,0.5,0,445,123,15816,58.07321767484861,0.0,0.0
E1,q2_x3_resunet_cas-single_seed2026,cas-single,single-stream,2026,1120,na,hokkaido_iburi_tobu,Hokkaido1092,0.5,0,490,46,15848,60.166435825965294,0.0,0.0
E1,q2_x3_resunet_cas-single_seed2026,cas-single,single-stream,2026,1120,na,hokkaido_iburi_tobu,Hokkaido1093,0.5,0,3439,166,12779,68.09697722947006,0.0,0.0
E1,q2_x3_resunet_cas-single_seed2026,cas-single,single-stream,2026,1120,na,hokkaido_iburi_tobu,Hokkaido1094,0.5,119,1286,169,14810,44.79910312097776,0.15493321843982769,0.2242301747706341
E1,q2_x3_resunet_cas-single_seed2026,cas-single,single-stream,2026,1120,na,hokkaido_iburi_tobu,Hokkaido1095,0.5,0,2656,122,13606,72.07461355290032,0.0,0.0
E1,q2_x3_resunet_cas-single_seed2026,cas-single,single-stream,2026,1120,na,hokkaido_iburi_tobu,Hokkaido1096,0.5,0,1439,525,14420,62.20376358267695,0.0,0.0
E1,q2_x3_resunet_cas-single_seed2026,cas-single,single-stream,2026,1120,na,hokkaido_iburi_tobu,Hokkaido1097,0.5,264,2316,1497,12307,49.2134679890915,0.2212608510028433,0.29724047306131657
E1,q2_x3_resunet_cas-single_seed2026,cas-single,single-stream,2026,1120,na,hokkaido_iburi_tobu,Hokkaido1098,0.5,355,157,3942,11930,56.572077476575124,0.0827964182186133,0.12996009071875406
E1,q2_x3_resunet_cas-single_seed2026,cas-single,single-stream,2026,1120,na,hokkaido_iburi_tobu,Hokkaido1099,0.5,568,24,5615,10177,74.51837675818254,0.07682558960767409,0.1738892650227869
E1,q2_x3_resunet_cas-single_seed2026,cas-single,single-stream,2026,1120,na,hokkaido_iburi_tobu,Hokkaido1100,0.5,163,99,5690,10432,77.3387231729769,0.07598221740789801,0.13236462708580907
E1,q2_x3_resunet_cas-single_seed2026,cas-single,single-stream,2026,1120,na,hokkaido_iburi_tobu,Hokkaido1101,0.5,1154,992,3816,10422,41.72529209005013,0.24059776470364183,0.34570017451735957
E1,q2_x3_resunet_cas-single_seed2026,cas-single,single-stream,2026,1120,na,hokkaido_iburi_tobu,Hokkaido1102,0.5,323,894,4109,11058,66.73080248281148,0.09446520647112118,0.15719426019834978
E1,q2_x3_resunet_cas-single_seed2026,cas-single,single-stream,2026,1120,na,hokkaido_iburi_tobu,Hokkaido1103,0.5,1087,2125,3452,9720,29.732137494637012,0.26434380040535393,0.4380071664576407
E1,q2_x3_resunet_cas-single_seed2026,cas-single,single-stream,2026,1120,na,hokkaido_iburi_tobu,Hokkaido1104,0.5,666,738,3713,11267,43.965895873961216,0.17784775869683,0.31414941826163423
E1,q2_x3_resunet_cas-single_seed2026,cas-single,single-stream,2026,1120,na,hokkaido_iburi_tobu,Hokkaido1105,0.5,438,1218,1867,12861,51.0587840115313,0.181782433781026,0.29508902086790406
E1,q2_x3_resunet_cas-single_seed2026,cas-single,single-stream,2026,1120,na,hokkaido_iburi_tobu,Hokkaido1106,0.5,0,887,272,15225,65.35552105369212,0.0,0.0
E1,q2_x3_resunet_cas-single_seed2026,cas-single,single-stream,2026,1120,na,hokkaido_iburi_tobu,Hokkaido1108,0.5,0,2883,58,13443,54.55455540686358,0.0,0.0
E1,q2_x3_resunet_cas-single_seed2026,cas-single,single-stream,2026,1120,na,hokkaido_iburi_tobu,Hokkaido1109,0.5,74,3795,441,12074,51.048992316115346,0.07184016371323218,0.126332239411914
E1,q2_x3_resunet_cas-single_seed2026,cas-single,single-stream,2026,1120,na,hokkaido_iburi_tobu,Hokkaido1110,0.5,324,2899,1102,12059,44.29548269588743,0.1373055628785209,0.18784854710844917
E1,q2_x3_resunet_cas-single_seed2026,cas-single,single-stream,2026,1120,na,hokkaido_iburi_tobu,Hokkaido1111,0.5,404,2581,1893,11506,46.64117507074689,0.13133503000567345,0.2399363382439647
E1,q2_x3_resunet_cas-single_seed2026,cas-single,single-stream,2026,1120,na,hokkaido_iburi_tobu,Hokkaido1112,0.5,77,1476,2045,12786,51.08717861655874,0.0668958468825531,0.09856015052943883
E1,q2_x3_resunet_cas-single_seed2026,cas-single,single-stream,2026,1120,na,hokkaido_iburi_tobu,Hokkaido1113,0.5,336,3732,851,11465,39.53980653156535,0.10546067789318353,0.22722343909217857
E1,q2_x3_resunet_cas-single_seed2026,cas-single,single-stream,2026,1120,na,hokkaido_iburi_tobu,Hokkaido1114,0.5,375,3283,545,12181,26.499968570103803,0.1711542631538533,0.2849984340740403
E1,q2_x3_resunet_cas-single_seed2026,cas-single,single-stream,2026,1120,na,hokkaido_iburi_tobu,Hokkaido1115,0.5,104,1943,1264,13073,58.338395286137555,0.012227074235431337,0.02795899347591329
E1,q2_x3_resunet_cas-single_seed2026,cas-single,single-stream,2026,1120,na,hokkaido_iburi_tobu,Hokkaido1116,0.5,456,1885,1561,12482,48.58131392353234,0.13758876826347743,0.22279143101565926
E1,q2_x3_resunet_cas-single_seed2026,cas-single,single-stream,2026,1120,na,hokkaido_iburi_tobu,Hokkaido1117,0.5,168,3153,1130,11933,43.164619717425985,0.05107252298220258,0.08274977281185755
E1,q2_x3_resunet_cas-single_seed2026,cas-single,single-stream,2026,1120,na,hokkaido_iburi_tobu,Hokkaido1118,0.5,184,2425,600,13175,43.618676257591595,0.12175270375689792,0.21696172102545627
E1,q2_x3_resunet_cas-single_seed2026,cas-single,single-stream,2026,1120,na,hokkaido_iburi_tobu,Hokkaido1119,0.5,157,3288,600,12339,43.73100889163765,0.10664323374291187,0.20068008250131666
E1,q2_x3_resunet_cas-single_seed2026,cas-single,single-stream,2026,1120,na,hokkaido_iburi_tobu,Hokkaido1120,0.5,47,3129,104,13104,67.82805827823799,0.06063668519409321,0.18137168917687063
E1,q2_x3_resunet_cas-single_seed2026,cas-single,single-stream,2026,1120,na,hokkaido_iburi_tobu,Hokkaido1121,0.5,35,4917,53,11379,60.94339451037619,0.10628606134198355,0.20238843494628447
E1,q2_x3_resunet_cas-single_seed2026,cas-single,single-stream,2026,1120,na,hokkaido_iburi_tobu,Hokkaido1122,0.5,52,3293,43,12996,58.309518948453004,0.03550295857953965,0.07609531129861989
E1,q2_x3_resunet_cas-single_seed2026,cas-single,single-stream,2026,1120,na,hokkaido_iburi_tobu,Hokkaido1123,0.5,113,3646,167,12458,43.93515443144963,0.03653894950473208,0.06934507429781057
E1,q2_x3_resunet_cas-single_seed2026,cas-single,single-stream,2026,1120,na,hokkaido_iburi_tobu,Hokkaido1124,0.5,89,5157,298,10840,38.59999315441601,0.08856088560837744,0.12413295377043278
E1,q2_x3_resunet_cas-single_seed2026,cas-single,single-stream,2026,1120,na,hokkaido_iburi_tobu,Hokkaido1125,0.5,98,4153,589,11544,43.450379631630064,0.06532587327940494,0.16758570615543164
E1,q2_x3_resunet_cas-single_seed2026,cas-single,single-stream,2026,1120,na,hokkaido_iburi_tobu,Hokkaido1126,0.5,550,3434,959,11441,36.11370250785008,0.18255403427149855,0.2700210667720499
E1,q2_x3_resunet_cas-single_seed2026,cas-single,single-stream,2026,1120,na,hokkaido_iburi_tobu,Hokkaido1127,0.5,242,1890,914,13338,40.370607194892955,0.13288481226840054,0.18563764279502787
E1,q2_x3_resunet_cas-single_seed2026,cas-single,single-stream,2026,1120,na,hokkaido_iburi_tobu,Hokkaido1128,0.5,11,3684,183,12506,65.94761471023635,0.0,0.0
E1,q2_x3_resunet_cas-single_seed2026,cas-single,single-stream,2026,1120,na,hokkaido_iburi_tobu,Hokkaido1129,0.5,0,3354,19,13011,99.50947794056249,0.0,0.0
E1,q2_x3_resunet_cas-single_seed2026,cas-single,single-stream,2026,1120,na,hokkaido_iburi_tobu,Hokkaido1132,0.5,63,1126,379,14816,48.004158738562225,0.07609531129850175,0.1348643006258244
E1,q2_x3_resunet_cas-single_seed2026,cas-single,single-stream,2026,1120,na,hokkaido_iburi_tobu,Hokkaido1133,0.5,0,13,471,15900,72.83543093852057,0.0,0.0
E1,q2_x3_resunet_cas-single_seed2026,cas-single,single-stream,2026,1120,na,hokkaido_iburi_tobu,Hokkaido1134,0.5,0,343,211,15830,49.93664063258704,0.0,0.0
E1,q2_x3_resunet_cas-single_seed2026,cas-single,single-stream,2026,1120,na,hokkaido_iburi_tobu,Hokkaido1135,0.5,0,2306,18,14060,62.32574433839718,0.006765899864657941,0.04003813155381067
E1,q2_x3_resunet_cas-single_seed2026,cas-single,single-stream,2026,1120,na,hokkaido_iburi_tobu,Hokkaido1136,0.5,0,3461,23,12900,109.10698124569447,0.0,0.0
E1,q2_x3_resunet_cas-single_seed2026,cas-single,single-stream,2026,1120,na,hokkaido_iburi_tobu,Hokkaido1137,0.5,7,3502,138,12737,63.5082670759013,0.05714285714252041,0.0862944162432332
E1,q2_x3_resunet_cas-single_seed2026,cas-single,single-stream,2026,1120,na,hokkaido_iburi_tobu,Hokkaido1138,0.5,0,2834,122,13428,64.35632187290526,0.0,0.0
E1,q2_x3_resunet_cas-single_seed2026,cas-single,single-stream,2026,1120,na,hokkaido_iburi_tobu,Hokkaido1139,0.5,0,3470,113,12801,66.27362312844208,0.0,0.0
E1,q2_x3_resunet_cas-single_seed2026,cas-single,single-stream,2026,1120,na,hokkaido_iburi_tobu,Hokkaido1140,0.5,1,1078,899,14406,48.096776416334635,0.016363264470940254,0.019375672766081323
E1,q2_x3_resunet_cas-single_seed2026,cas-single,single-stream,2026,1120,na,hokkaido_iburi_tobu,Hokkaido1141,0.5,205,2549,1976,11654,42.04878104389417,0.06946572683588213,0.10592281238023389
E1,q2_x3_resunet_cas-single_seed2026,cas-single,single-stream,2026,1120,na,hokkaido_iburi_tobu,Hokkaido1142,0.5,600,1704,3121,10959,45.03609432359252,0.19495093715009984,0.307471975210204
E1,q2_x3_resunet_cas-single_seed2026,cas-single,single-stream,2026,1120,na,hokkaido_iburi_tobu,Hokkaido1143,0.5,638,435,4020,11291,53.5579035138032,0.1753353772911676,0.27827901749854983
E1,q2_x3_resunet_cas-single_seed2026,cas-single,single-stream,2026,1120,na,hokkaido_iburi_tobu,Hokkaido1144,0.5,880,1351,2199,11954,48.07233428307712,0.18152501473381608,0.26921140918759767
E1,q2_x3_resunet_cas-single_seed2026,cas-single,single-stream,2026,1120,na,hokkaido_iburi_tobu,Hokkaido1145,0.5,272,2743,1635,11734,49.654808182734584,0.1429490408831725,0.22067274538313575
E1,q2_x3_resunet_cas-single_seed2026,cas-single,single-stream,2026,1120,na,hokkaido_iburi_tobu,Hokkaido1146,0.5,864,1590,1810,12120,45.18849411078001,0.204567148835877,0.3166037292664427
E1,q2_x3_resunet_cas-single_seed2026,cas-single,single-stream,2026,1120,na,hokkaido_iburi_tobu,Hokkaido1147,0.5,293,3678,1362,11051,46.281180404568225,0.12061871588258746,0.20082935151467998
E1,q2_x3_resunet_cas-single_seed2026,cas-single,single-stream,2026,1120,na,hokkaido_iburi_tobu,Hokkaido1148,0.5,50,3264,184,12886,60.549114511333784,0.013921113688644913,0.028594995875283385
E1,q2_x3_resunet_cas-single_seed2026,cas-single,single-stream,2026,1120,na,hokkaido_iburi_tobu,Hokkaido1149,0.5,30,5291,208,10855,61.655492754384525,0.04158336665294716,0.07697573590891933
E1,q2_x3_resunet_cas-single_seed2026,cas-single,single-stream,2026,1120,na,hokkaido_iburi_tobu,Hokkaido1150,0.5,0,3199,173,13012,65.17283052578244,0.0,0.009779951099844598
E1,q2_x3_resunet_cas-single_seed2026,cas-single,single-stream,2026,1120,na,hokkaido_iburi_tobu,Hokkaido1151,0.5,0,3508,138,12738,51.64623969096373,0.0,0.0
E1,q2_x3_resunet_cas-single_seed2026,cas-single,single-stream,2026,1120,na,hokkaido_iburi_tobu,Hokkaido1152,0.5,152,3800,3,12429,37.74585330042319,0.05585173901974474,0.08006850781379644
E1,q2_x3_resunet_cas-single_seed2026,cas-single,single-stream,2026,1120,na,hokkaido_iburi_tobu,Hokkaido1153,0.5,44,3641,248,12451,40.79992398628131,0.10773374374720923,0.1373247111817834
E1,q2_x3_resunet_cas-single_seed2026,cas-single,single-stream,2026,1120,na,hokkaido_iburi_tobu,Hokkaido1154,0.5,79,2274,427,13604,55.88692837885275,0.04495372410707803,0.08949393311581644
E1,q2_x3_resunet_cas-single_seed2026,cas-single,single-stream,2026,1120,na,hokkaido_iburi_tobu,Hokkaido1155,0.5,198,2552,1132,12502,39.36305139314019,0.06515301085843869,0.13643410852673496
E1,q2_x3_resunet_cas-single_seed2026,cas-single,single-stream,2026,1120,na,hokkaido_iburi_tobu,Hokkaido1156,0.5,291,2853,1225,12015,46.15699706978944,0.1462660865892479,0.2473486214188235
E1,q2_x3_resunet_cas-single_seed2026,cas-single,single-stream,2026,1120,na,hokkaido_iburi_tobu,Hokkaido1157,0.5,349,3994,334,11707,23.23688974828253,0.12524099637491562,0.24033349444125932
E1,q2_x3_resunet_cas-single_seed2026,cas-single,single-stream,2026,1120,na,hokkaido_iburi_tobu,Hokkaido1158,0.5,413,2953,969,12049,40.24152747426942,0.1340040450133346,0.25749939829728846
E1,q2_x3_resunet_cas-single_seed2026,cas-single,single-stream,2026,1120,na,hokkaido_iburi_tobu,Hokkaido1159,0.5,551,2581,2314,10938,39.224944510090374,0.26500027051844766,0.3957539295047516
E1,q2_x3_resunet_cas-single_seed2026,cas-single,single-stream,2026,1120,na,hokkaido_iburi_tobu,Hokkaido1160,0.5,542,648,2800,12394,53.35351891926703,0.10514889966538908,0.21420863043442168
E1,q2_x3_resunet_cas-single_seed2026,cas-single,single-stream,2026,1120,na,hokkaido_iburi_tobu,Hokkaido1161,0.5,831,2197,1489,11867,41.85656696262024,0.15802140027358916,0.2325444005460832
E1,q2_x3_resunet_cas-single_seed2026,cas-single,single-stream,2026,1120,na,hokkaido_iburi_tobu,Hokkaido1162,0.5,717,2590,611,12466,41.93978713434911,0.18102652825789248,0.2630220740030239
E1,q2_x3_resunet_cas-single_seed2026,cas-single,single-stream,2026,1120,na,hokkaido_iburi_tobu,Hokkaido1163,0.5,280,2583,634,12887,33.94996049874581,0.19714656290482135,0.30625554241747793
E1,q2_x3_resunet_cas-single_seed2026,cas-single,single-stream,2026,1120,na,hokkaido_iburi_tobu,Hokkaido1164,0.5,0,1804,500,14080,57.41193592267977,0.0,0.0
E1,q2_x3_resunet_cas-single_seed2026,cas-single,single-stream,2026,1120,na,hokkaido_iburi_tobu,Hokkaido1165,0.5,35,5175,358,10816,54.48485916899579,0.0,0.0
E1,q2_x3_resunet_cas-single_seed2026,cas-single,single-stream,2026,1120,na,hokkaido_iburi_tobu,Hokkaido1166,0.5,95,3947,155,12187,28.281617106438116,0.0,0.05111184865537647
E1,q2_x3_resunet_cas-single_seed2026,cas-single,single-stream,2026,1120,na,hokkaido_iburi_tobu,Hokkaido1167,0.5,21,4023,194,12146,44.72802666209862,0.0,0.004415011037120243
E1,q2_x3_resunet_cas-single_seed2026,cas-single,single-stream,2026,1120,na,hokkaido_iburi_tobu,Hokkaido1168,0.5,0,3587,161,12636,43.99551615965702,0.0,0.0
E1,q2_x3_resunet_cas-single_seed2026,cas-single,single-stream,2026,1120,na,hokkaido_iburi_tobu,Hokkaido1169,0.5,32,2757,222,13373,39.61691407085009,0.06578947368381059,0.10112112552169226
E1,q2_x3_resunet_cas-single_seed2026,cas-single,single-stream,2026,1120,na,hokkaido_iburi_tobu,Hokkaido1170,0.5,362,2561,888,12573,32.0,0.19745748720441586,0.3368221537770676
E1,q2_x3_resunet_cas-single_seed2026,cas-single,single-stream,2026,1120,na,hokkaido_iburi_tobu,Hokkaido1171,0.5,157,1395,1390,13442,40.64718711203638,0.0794297352338414,0.13007899677594872
E1,q2_x3_resunet_cas-single_seed2026,cas-single,single-stream,2026,1120,na,hokkaido_iburi_tobu,Hokkaido1172,0.5,196,2047,530,13611,51.59687133516486,0.13932125542180548,0.2558452216726577
E1,q2_x3_resunet_cas-single_seed2026,cas-single,single-stream,2026,1120,na,hokkaido_iburi_tobu,Hokkaido1173,0.5,7,3463,234,12680,42.579337712087536,0.0,0.0
E1,q2_x3_resunet_cas-single_seed2026,cas-single,single-stream,2026,1120,na,hokkaido_iburi_tobu,Hokkaido1174,0.5,0,3637,87,12660,64.87371540731067,0.0,0.0
E1,q2_x3_resunet_cas-single_seed2026,cas-single,single-stream,2026,1120,na,hokkaido_iburi_tobu,Hokkaido1175,0.5,0,4232,40,12112,98.54946702718975,0.0,0.0
E1,q2_x3_resunet_cas-single_seed2026,cas-single,single-stream,2026,1120,na,hokkaido_iburi_tobu,Hokkaido1178,0.5,0,0,61,16323,181.01933598375618,0.0,0.0
E1,q2_x3_resunet_cas-single_seed2026,cas-single,single-stream,2026,1120,na,hokkaido_iburi_tobu,Hokkaido1179,0.5,0,3039,68,13277,90.3381881735561,0.0,0.0
E1,q2_x3_resunet_cas-single_seed2026,cas-single,single-stream,2026,1120,na,hokkaido_iburi_tobu,Hokkaido1180,0.5,0,1634,20,14730,89.26923962996074,0.0,0.0
E1,q2_x3_resunet_cas-single_seed2026,cas-single,single-stream,2026,1120,na,hokkaido_iburi_tobu,Hokkaido1183,0.5,0,2583,94,13707,84.59077752543816,0.0,0.0
E1,q2_x3_resunet_cas-single_seed2026,cas-single,single-stream,2026,1120,na,hokkaido_iburi_tobu,Hokkaido1184,0.5,0,2677,94,13613,83.53561836735246,0.0,0.0
E1,q2_x3_resunet_cas-single_seed2026,cas-single,single-stream,2026,1120,na,hokkaido_iburi_tobu,Hokkaido1186,0.5,54,5098,89,11143,59.58264480272134,0.023529411764281246,0.05997931747625642
E1,q2_x3_resunet_cas-single_seed2026,cas-single,single-stream,2026,1120,na,hokkaido_iburi_tobu,Hokkaido1187,0.5,105,4871,72,11336,50.2175242951471,0.01271455816861195,0.04280363830879193
E1,q2_x3_resunet_cas-single_seed2026,cas-single,single-stream,2026,1120,na,hokkaido_iburi_tobu,Hokkaido1188,0.5,0,2348,657,13379,46.52313087074264,0.0,0.0
E1,q2_x3_resunet_cas-single_seed2026,cas-single,single-stream,2026,1120,na,hokkaido_iburi_tobu,Hokkaido1189,0.5,421,3225,1842,10896,39.630793215875094,0.1414538310408417,0.21157549822932684
E1,q2_x3_resunet_cas-single_seed2026,cas-single,single-stream,2026,1120,na,hokkaido_iburi_tobu,Hokkaido1190,0.5,357,3185,1691,11151,47.104337352761355,0.16786260971741496,0.250001161542283
E1,q2_x3_resunet_cas-single_seed2026,cas-single,single-stream,2026,1120,na,hokkaido_iburi_tobu,Hokkaido1191,0.5,0,1799,913,13672,58.25289677191289,0.0,0.015128593040415896
E1,q2_x3_resunet_cas-single_seed2026,cas-single,single-stream,2026,1120,na,hokkaido_iburi_tobu,Hokkaido1192,0.5,349,3962,729,11344,38.41874542459709,0.03979057591577938,0.11430432304766201
E1,q2_x3_resunet_cas-single_seed2026,cas-single,single-stream,2026,1120,na,hokkaido_iburi_tobu,Hokkaido1193,0.5,19,2514,608,13243,57.55862377205744,0.025751072960880438,0.06315789473634481
E1,q2_x3_resunet_cas-single_seed2026,cas-single,single-stream,2026,1120,na,hokkaido_iburi_tobu,Hokkaido1194,0.5,1,4593,157,11633,59.26713960492697,0.0210304942162759,0.044456793553481574
E1,q2_x3_resunet_cas-single_seed2026,cas-single,single-stream,2026,1120,na,hokkaido_iburi_tobu,Hokkaido1195,0.5,163,4218,84,11919,46.03258178259813,0.07655306519243933,0.14921920185030163
E1,q2_x3_resunet_cas-single_seed2026,cas-single,single-stream,2026,1120,na,hokkaido_iburi_tobu,Hokkaido1196,0.5,29,2609,153,13593,37.327584352535695,0.05696530295138494,0.09888751545070454
E1,q2_x3_resunet_cas-single_seed2026,cas-single,single-stream,2026,1120,na,hokkaido_iburi_tobu,Hokkaido1197,0.5,0,4020,137,12227,57.75616245855942,0.0,0.0
E1,q2_x3_resunet_cas-single_seed2026,cas-single,single-stream,2026,1120,na,hokkaido_iburi_tobu,Hokkaido1198,0.5,37,3214,155,12978,42.570483365498646,0.014150943395851417,0.07446091644162568
E1,q2_x3_resunet_cas-single_seed2026,cas-single,single-stream,2026,1120,na,hokkaido_iburi_tobu,Hokkaido1199,0.5,74,4582,113,11615,36.64759167278522,0.11386861313831445,0.14778756754090105
E1,q2_x3_resunet_cas-single_seed2026,cas-single,single-stream,2026,1120,na,hokkaido_iburi_tobu,Hokkaido1200,0.5,25,5293,196,10870,44.8217362646662,0.02349486049877593,0.04934210526269698
E1,q2_x3_resunet_cas-single_seed2026,cas-single,single-stream,2026,1120,na,hokkaido_iburi_tobu,Hokkaido1201,0.5,100,3692,324,12268,40.86549652054164,0.11005378568423674,0.15217391304298825
E1,q2_x3_resunet_cas-single_seed2026,cas-single,single-stream,2026,1120,na,hokkaido_iburi_tobu,Hokkaido1202,0.5,118,2453,512,13301,48.11651876961206,0.10227455177900227,0.1848918311852202
E1,q2_x3_resunet_cas-single_seed2026,cas-single,single-stream,2026,1120,na,hokkaido_iburi_tobu,Hokkaido1203,0.5,222,3225,498,12439,34.11456262495143,0.16875844757626565,0.26837634759833295
E1,q2_x3_resunet_cas-single_seed2026,cas-single,single-stream,2026,1120,na,hokkaido_iburi_tobu,Hokkaido1204,0.5,388,2558,1021,12417,38.948684188300895,0.15838405457784077,0.2869750889675393
E1,q2_x3_resunet_cas-single_seed2026,cas-single,single-stream,2026,1120,na,hokkaido_iburi_tobu,Hokkaido1205,0.5,767,2260,2322,11035,41.22377590234231,0.15990606115536973,0.2538937283264569
E1,q2_x3_resunet_cas-single_seed2026,cas-single,single-stream,2026,1120,na,hokkaido_iburi_tobu,Hokkaido1206,0.5,1381,3345,2284,9374,36.796738985948195,0.1668918419071828,0.30615263697023093
E1,q2_x3_resunet_cas-single_seed2026,cas-single,single-stream,2026,1120,na,hokkaido_iburi_tobu,Hokkaido1207,0.5,199,1992,2032,12161,53.82562259610135,0.08307090889311482,0.16100590765462136
E1,q2_x3_resunet_cas-single_seed2026,cas-single,single-stream,2026,1120,na,hokkaido_iburi_tobu,Hokkaido1208,0.5,95,3727,948,11614,43.5729251999038,0.0374380620292469,0.059252506836352754
E1,q2_x3_resunet_cas-single_seed2026,cas-single,single-stream,2026,1120,na,hokkaido_iburi_tobu,Hokkaido1209,0.5,450,1983,730,13221,52.656398317065054,0.19494044136531402,0.3623843729001746
E1,q2_x3_resunet_cas-single_seed2026,cas-single,single-stream,2026,1120,na,hokkaido_iburi_tobu,Hokkaido1210,0.5,272,1488,944,13680,55.86591089385369,0.08748927827432333,0.1834277988660596
E1,q2_x3_resunet_cas-single_seed2026,cas-single,single-stream,2026,1120,na,hokkaido_iburi_tobu,Hokkaido1211,0.5,135,2906,569,12774,51.61395160225576,0.08486017357713162,0.15694612225126883
E1,q2_x3_resunet_cas-single_seed2026,cas-single,single-stream,2026,1120,na,hokkaido_iburi_tobu,Hokkaido1212,0.5,186,4152,357,11689,41.036569057366385,0.15611192930732365,0.26648880984092344
E1,q2_x3_resunet_cas-single_seed2026,cas-single,single-stream,2026,1120,na,hokkaido_iburi_tobu,Hokkaido1213,0.5,228,4457,75,11624,27.635697731922185,0.09685720970090045,0.2068965517236998
E1,q2_x3_resunet_cas-single_seed2026,cas-single,single-stream,2026,1120,na,hokkaido_iburi_tobu,Hokkaido1214,0.5,25,4462,2,11895,66.04614770366948,0.09193548387084562,0.14220307029341597
E1,q2_x3_resunet_cas-single_seed2026,cas-single,single-stream,2026,1120,na,hokkaido_iburi_tobu,Hokkaido1216,0.5,0,3524,115,12745,81.13075226161264,0.0,0.0
E1,q2_x3_resunet_cas-single_seed2026,cas-single,single-stream,2026,1120,na,hokkaido_iburi_tobu,Hokkaido1217,0.5,56,1484,442,14402,49.672751831055336,0.0,0.0
E1,q2_x3_resunet_cas-single_seed2026,cas-single,single-stream,2026,1120,na,hokkaido_iburi_tobu,Hokkaido1218,0.5,57,3526,791,12010,34.54952561952788,0.04669124100354228,0.09693877550970628
E1,q2_x3_resunet_cas-single_seed2026,cas-single,single-stream,2026,1120,na,hokkaido_iburi_tobu,Hokkaido1219,0.5,618,3403,212,12151,27.189085168380966,0.22794523175741443,0.3682304502008597
E1,q2_x3_resunet_cas-single_seed2026,cas-single,single-stream,2026,1120,na,hokkaido_iburi_tobu,Hokkaido1220,0.5,171,3691,240,12282,42.9152923413105,0.12087612469281647,0.18522348615376474
E1,q2_x3_resunet_cas-single_seed2026,cas-single,single-stream,2026,1120,na,hokkaido_iburi_tobu,Hokkaido1221,0.5,0,1662,40,14682,80.91129883408846,0.0,0.0
E1,q2_x3_resunet_cas-single_seed2026,cas-single,single-stream,2026,1120,na,hokkaido_iburi_tobu,Hokkaido1223,0.5,87,4206,15,12076,63.32451207438847,0.0763398020817962,0.1452251723629224
E1,q2_x3_resunet_cas-single_seed2026,cas-single,single-stream,2026,1120,na,hokkaido_iburi_tobu,Hokkaido1224,0.5,0,1345,102,14937,48.07241618270831,0.0,0.0
E1,q2_x3_resunet_cas-single_seed2026,cas-single,single-stream,2026,1120,na,hokkaido_iburi_tobu,Hokkaido1225,0.5,6,3565,88,12725,60.40695324215582,0.10725242361005297,0.15451241203291174
E1,q2_x3_resunet_cas-single_seed2026,cas-single,single-stream,2026,1120,na,hokkaido_iburi_tobu,Hokkaido1226,0.5,0,912,130,15342,48.3482446600783,0.0,0.0
E1,q2_x3_resunet_cas-single_seed2026,cas-single,single-stream,2026,1120,na,hokkaido_iburi_tobu,Hokkaido1227,0.5,103,1243,0,15038,32.292410407005576,0.01948051948022611,0.09479824987814313
E1,q2_x3_resunet_cas-single_seed2026,cas-single,single-stream,2026,1120,na,hokkaido_iburi_tobu,Hokkaido1228,0.5,0,1996,67,14321,84.28730460325423,0.0,0.0
E1,q2_x3_resunet_cas-single_seed2026,cas-single,single-stream,2026,1120,na,hokkaido_iburi_tobu,Hokkaido1230,0.5,0,2658,36,13690,97.58476443439248,0.0,0.0
E1,q2_x3_resunet_cas-single_seed2026,cas-single,single-stream,2026,1120,na,hokkaido_iburi_tobu,Hokkaido1231,0.5,0,4107,44,12233,99.85131198490342,0.0,0.0
E1,q2_x3_resunet_cas-single_seed2026,cas-single,single-stream,2026,1120,na,hokkaido_iburi_tobu,Hokkaido1232,0.5,0,1507,124,14753,57.0736364846412,0.0,0.0
E1,q2_x3_resunet_cas-single_seed2026,cas-single,single-stream,2026,1120,na,hokkaido_iburi_tobu,Hokkaido1233,0.5,126,2457,800,13001,50.37945055115009,0.05026553968085977,0.1325010068460572
E1,q2_x3_resunet_cas-single_seed2026,cas-single,single-stream,2026,1120,na,hokkaido_iburi_tobu,Hokkaido1234,0.5,275,803,1182,14124,49.42163577644999,0.11492816989345302,0.1966086234134664
E1,q2_x3_resunet_cas-single_seed2026,cas-single,single-stream,2026,1120,na,hokkaido_iburi_tobu,Hokkaido1235,0.5,37,1802,974,13571,52.13201852974552,0.021544864732027547,0.048790342946148285
E1,q2_x3_resunet_cas-single_seed2026,cas-single,single-stream,2026,1120,na,hokkaido_iburi_tobu,Hokkaido1236,0.5,280,1490,254,14360,37.14967211013586,0.2843749999995001,0.3988292682921927
E1,q2_x3_resunet_cas-single_seed2026,cas-single,single-stream,2026,1120,na,hokkaido_iburi_tobu,Hokkaido1237,0.5,0,2568,160,13656,79.68311495471184,0.0,0.0
E1,q2_x3_resunet_cas-single_seed2026,cas-single,single-stream,2026,1120,na,hokkaido_iburi_tobu,Hokkaido1238,0.5,0,1357,35,14992,54.498935028683455,0.0,0.0
E1,q2_x3_resunet_cas-single_seed2026,cas-single,single-stream,2026,1120,na,hokkaido_iburi_tobu,Hokkaido1239,0.5,29,4346,53,11956,51.99739020964756,0.05943651099939176,0.11567036232686688
E1,q2_x3_resunet_cas-single_seed2026,cas-single,single-stream,2026,1120,na,hokkaido_iburi_tobu,Hokkaido1240,0.5,14,3725,48,12597,37.661565207840376,0.056701030927618246,0.0810419681618447
E1,q2_x3_resunet_cas-single_seed2026,cas-single,single-stream,2026,1120,na,hokkaido_iburi_tobu,Hokkaido1241,0.5,15,3920,10,12439,52.977960831308174,0.0,0.0
E1,q2_x3_resunet_cas-single_seed2026,cas-single,single-stream,2026,1120,na,hokkaido_iburi_tobu,Hokkaido1242,0.5,45,4752,29,11558,59.209796390372425,0.12390047750667799,0.19188191881895242
E1,q2_x3_resunet_cas-single_seed2026,cas-single,single-stream,2026,1120,na,hokkaido_iburi_tobu,Hokkaido1243,0.5,33,3934,186,12231,36.04423165632417,0.1501477517766519,0.21629957228860067
E1,q2_x3_resunet_cas-single_seed2026,cas-single,single-stream,2026,1120,na,hokkaido_iburi_tobu,Hokkaido1244,0.5,158,4076,97,12053,42.198958370414545,0.0797342192686549,0.10354700174919637
E1,q2_x3_resunet_cas-single_seed2026,cas-single,single-stream,2026,1120,na,hokkaido_iburi_tobu,Hokkaido1245,0.5,112,3739,90,12443,32.529984860343006,0.021957913997719417,0.0760938490800996
E1,q2_x3_resunet_cas-single_seed2026,cas-single,single-stream,2026,1120,na,hokkaido_iburi_tobu,Hokkaido1246,0.5,104,2630,194,13456,48.98457423696703,0.03837953091636155,0.06447898675828674
E1,q2_x3_resunet_cas-single_seed2026,cas-single,single-stream,2026,1120,na,hokkaido_iburi_tobu,Hokkaido1247,0.5,179,3071,540,12594,47.74291770487053,0.044171779140622376,0.08747962661086577
E1,q2_x3_resunet_cas-single_seed2026,cas-single,single-stream,2026,1120,na,hokkaido_iburi_tobu,Hokkaido1248,0.5,85,1860,838,13601,45.4339759251842,0.0971502590668853,0.1564786754375141
E1,q2_x3_resunet_cas-single_seed2026,cas-single,single-stream,2026,1120,na,hokkaido_iburi_tobu,Hokkaido1249,0.5,38,815,1908,13623,58.92535154692345,0.0268761424828796,0.07631975867248389
E1,q2_x3_resunet_cas-single_seed2026,cas-single,single-stream,2026,1120,na,hokkaido_iburi_tobu,Hokkaido1250,0.5,603,1996,1830,11955,46.099333764925035,0.1391777167915846,0.24635167816871867
E1,q2_x3_resunet_cas-single_seed2026,cas-single,single-stream,2026,1120,na,hokkaido_iburi_tobu,Hokkaido1251,0.5,213,4770,1099,10302,33.23581663400976,0.0998744394614244,0.15309376993362125
E1,q2_x3_resunet_cas-single_seed2026,cas-single,single-stream,2026,1120,na,hokkaido_iburi_tobu,Hokkaido1252,0.5,508,3174,528,12174,44.623960632439825,0.11402743281597064,0.1980180295372769
E1,q2_x3_resunet_cas-single_seed2026,cas-single,single-stream,2026,1120,na,hokkaido_iburi_tobu,Hokkaido1253,0.5,375,2168,968,12873,44.553338819890925,0.13828043958643466,0.2517889506236607
E1,q2_x3_resunet_cas-single_seed2026,cas-single,single-stream,2026,1120,na,hokkaido_iburi_tobu,Hokkaido1254,0.5,38,3173,938,12235,34.93922363417406,0.018674136320768066,0.03937653814562572
E1,q2_x3_resunet_cas-single_seed2026,cas-single,single-stream,2026,1120,na,hokkaido_iburi_tobu,Hokkaido1255,0.5,464,3266,433,12221,36.6742416417845,0.16618899358700875,0.21159186892954948
E1,q2_x3_resunet_cas-single_seed2026,cas-single,single-stream,2026,1120,na,hokkaido_iburi_tobu,Hokkaido1256,0.5,95,2571,1109,12609,36.05551275463989,0.08944525244082174,0.12815871406801374
E1,q2_x3_resunet_cas-single_seed2026,cas-single,single-stream,2026,1120,na,hokkaido_iburi_tobu,Hokkaido1257,0.5,435,4512,244,11193,30.442270501122447,0.11906473785577132,0.2632078456179805
E1,q2_x3_resunet_cas-single_seed2026,cas-single,single-stream,2026,1120,na,hokkaido_iburi_tobu,Hokkaido1258,0.5,0,3602,164,12618,48.240496528439444,0.017118402282038623,0.04258339247659157
E1,q2_x3_resunet_cas-single_seed2026,cas-single,single-stream,2026,1120,na,hokkaido_iburi_tobu,Hokkaido1259,0.5,36,4596,31,11721,57.53909631609599,0.0,0.0
E1,q2_x3_resunet_cas-single_seed2026,cas-single,single-stream,2026,1120,na,hokkaido_iburi_tobu,Hokkaido1260,0.5,30,4342,1,12011,59.39696961966999,0.0,0.0
E1,q2_x3_resunet_cas-single_seed2026,cas-single,single-stream,2026,1120,na,hokkaido_iburi_tobu,Hokkaido1261,0.5,0,2932,33,13419,87.50249627616958,0.0,0.0
E1,q2_x3_resunet_cas-single_seed2026,cas-single,single-stream,2026,1120,na,hokkaido_iburi_tobu,Hokkaido1262,0.5,53,3925,316,12090,44.75195698437861,0.0,0.0
E1,q2_x3_resunet_cas-single_seed2026,cas-single,single-stream,2026,1120,na,hokkaido_iburi_tobu,Hokkaido1263,0.5,109,2873,551,12851,55.249248925443005,0.1791851708819101,0.23899371069132488
E1,q2_x3_resunet_cas-single_seed2026,cas-single,single-stream,2026,1120,na,hokkaido_iburi_tobu,Hokkaido1264,0.5,0,3219,324,12841,78.75531634941724,0.0,0.0
E1,q2_x3_resunet_cas-single_seed2026,cas-single,single-stream,2026,1120,na,hokkaido_iburi_tobu,Hokkaido1265,0.5,0,45,102,16237,72.14008870231099,0.0,0.0
E1,q2_x3_resunet_cas-single_seed2026,cas-single,single-stream,2026,1120,na,hokkaido_iburi_tobu,Hokkaido1266,0.5,19,2077,83,14205,69.59020569463999,0.07398810387318111,0.09366092031997587
E1,q2_x3_resunet_cas-single_seed2026,cas-single,single-stream,2026,1120,na,hokkaido_iburi_tobu,Hokkaido1267,0.5,0,1279,36,15069,98.17023358721849,0.0,0.0
E1,q2_x3_resunet_cas-single_seed2026,cas-single,single-stream,2026,1120,na,hokkaido_iburi_tobu,Hokkaido1268,0.5,0,1519,103,14762,62.53437173210472,0.0,0.0
E1,q2_x3_resunet_cas-single_seed2026,cas-single,single-stream,2026,1120,na,hokkaido_iburi_tobu,Hokkaido1269,0.5,0,3248,67,13069,99.02322941254569,0.0,0.0
E1,q2_x3_resunet_cas-single_seed2026,cas-single,single-stream,2026,1120,na,hokkaido_iburi_tobu,Hokkaido1270,0.5,0,2626,106,13652,96.00936559230121,0.0,0.0
E1,q2_x3_resunet_cas-single_seed2026,cas-single,single-stream,2026,1120,na,hokkaido_iburi_tobu,Hokkaido1271,0.5,0,3386,726,12272,54.724235175491,0.012195121950795657,0.035598705501180335
E1,q2_x3_resunet_cas-single_seed2026,cas-single,single-stream,2026,1120,na,hokkaido_iburi_tobu,Hokkaido1272,0.5,230,1546,923,13685,57.39419343987323,0.08699488265348398,0.17964071856239622
E1,q2_x3_resunet_cas-single_seed2026,cas-single,single-stream,2026,1120,na,hokkaido_iburi_tobu,Hokkaido1273,0.5,58,4118,625,11583,46.68404335129415,0.020304568527418944,0.05076142131929711
E1,q2_x3_resunet_cas-single_seed2026,cas-single,single-stream,2026,1120,na,hokkaido_iburi_tobu,Hokkaido1274,0.5,141,4486,26,11731,46.69408701407237,0.003508771929468661,0.02364864864826372
E1,q2_x3_resunet_cas-single_seed2026,cas-single,single-stream,2026,1120,na,hokkaido_iburi_tobu,Hokkaido1275,0.5,45,1958,48,14333,50.106384604974416,0.08498819608365832,0.12487695120219966
E1,q2_x3_resunet_cas-single_seed2026,cas-single,single-stream,2026,1120,na,hokkaido_iburi_tobu,Hokkaido1276,0.5,30,3541,81,12732,57.074511186828886,0.06748901176782314,0.10985579131050682
E1,q2_x3_resunet_cas-single_seed2026,cas-single,single-stream,2026,1120,na,hokkaido_iburi_tobu,Hokkaido1277,0.5,0,2937,73,13374,59.12391751980346,0.012903225806256314,0.034833091436687114
E1,q2_x3_resunet_cas-single_seed2026,cas-single,single-stream,2026,1120,na,hokkaido_iburi_tobu,Hokkaido1278,0.5,46,4059,18,12261,46.02822952183032,0.12356979405012666,0.18961625282143624
E1,q2_x3_resunet_cas-single_seed2026,cas-single,single-stream,2026,1120,na,hokkaido_iburi_tobu,Hokkaido1279,0.5,19,5367,15,10983,44.15865916672389,0.06680369989706987,0.12956017729267447
E1,q2_x3_resunet_cas-single_seed2026,cas-single,single-stream,2026,1120,na,hokkaido_iburi_tobu,Hokkaido1280,0.5,0,1186,52,15146,44.11889155815926,0.0,0.0
E1,q2_x3_resunet_cas-single_seed2026,cas-single,single-stream,2026,1120,na,hokkaido_iburi_tobu,Hokkaido1281,0.5,39,3966,156,12223,33.972046727779755,0.0,0.023702031602377084
E1,q2_x3_resunet_cas-single_seed2026,cas-single,single-stream,2026,1120,na,hokkaido_iburi_tobu,Hokkaido1282,0.5,81,4547,70,11686,83.91540361465293,0.14832441007307126,0.20061879172748356
E1,q2_x3_resunet_cas-single_seed2026,cas-single,single-stream,2026,1120,na,hokkaido_iburi_tobu,Hokkaido1283,0.5,0,3909,62,12413,92.73941739944452,0.0,0.0
E1,q2_x3_resunet_cas-single_seed2026,cas-single,single-stream,2026,1120,na,hokkaido_iburi_tobu,Hokkaido1284,0.5,0,2601,153,13630,49.7823091468481,0.0,0.0
E1,q2_x3_resunet_cas-single_seed2026,cas-single,single-stream,2026,1120,na,hokkaido_iburi_tobu,Hokkaido1285,0.5,32,4311,298,11743,35.97675477279196,0.034732272068965,0.060556014312742774
E1,q2_x3_resunet_cas-single_seed2026,cas-single,single-stream,2026,1120,na,hokkaido_iburi_tobu,Hokkaido1286,0.5,152,2148,612,13472,44.77275533390284,0.013210039629690758,0.08228650455179927
E1,q2_x3_resunet_cas-single_seed2026,cas-single,single-stream,2026,1120,na,hokkaido_iburi_tobu,Hokkaido1287,0.5,515,2722,1169,11978,36.82110741444158,0.2039414174056352,0.32965895077665264
E1,q2_x3_resunet_cas-single_seed2026,cas-single,single-stream,2026,1120,na,hokkaido_iburi_tobu,Hokkaido1288,0.5,409,3045,1140,11790,31.575306807693888,0.14538524366960667,0.24794764903522754
E1,q2_x3_resunet_cas-single_seed2026,cas-single,single-stream,2026,1120,na,hokkaido_iburi_tobu,Hokkaido1289,0.5,20,3350,753,12261,49.195515447589514,0.06847197066699638,0.09809007309549489
E1,q2_x3_resunet_cas-single_seed2026,cas-single,single-stream,2026,1120,na,hokkaido_iburi_tobu,Hokkaido1290,0.5,358,3077,555,12394,37.789502398197456,0.07971014492705399,0.1318593500261544
E1,q2_x3_resunet_cas-single_seed2026,cas-single,single-stream,2026,1120,na,hokkaido_iburi_tobu,Hokkaido1291,0.5,248,3833,839,11464,43.48019175339198,0.1465132166688166,0.24261426363391328
E1,q2_x3_resunet_cas-single_seed2026,cas-single,single-stream,2026,1120,na,hokkaido_iburi_tobu,Hokkaido1292,0.5,448,2608,600,12728,41.11568191588831,0.17672565334539186,0.24970273483902422
E1,q2_x3_resunet_cas-single_seed2026,cas-single,single-stream,2026,1120,na,hokkaido_iburi_tobu,Hokkaido1293,0.5,299,3401,1479,11205,33.29864807939204,0.18590873509710013,0.3125523678939885
E1,q2_x3_resunet_cas-single_seed2026,cas-single,single-stream,2026,1120,na,hokkaido_iburi_tobu,Hokkaido1294,0.5,223,1406,1495,13260,49.64876634922564,0.09747186906289922,0.19680096398614577
E1,q2_x3_resunet_cas-single_seed2026,cas-single,single-stream,2026,1120,na,hokkaido_iburi_tobu,Hokkaido1295,0.5,413,3291,129,12551,40.78829128047105,0.1879608848985356,0.3611029872566836
E1,q2_x3_resunet_cas-single_seed2026,cas-single,single-stream,2026,1120,na,hokkaido_iburi_tobu,Hokkaido1296,0.5,0,2789,147,13448,62.896577446578554,0.0,0.0
E1,q2_x3_resunet_cas-single_seed2026,cas-single,single-stream,2026,1120,na,hokkaido_iburi_tobu,Hokkaido1297,0.5,65,4188,165,11966,48.853835911406335,0.1525004126089122,0.25082995204679426
E1,q2_x3_resunet_cas-single_seed2026,cas-single,single-stream,2026,1120,na,hokkaido_iburi_tobu,Hokkaido1298,0.5,164,3168,113,12939,31.11269837220809,0.13853021648297734,0.22841905194131495
E1,q2_x3_resunet_cas-single_seed2026,cas-single,single-stream,2026,1120,na,hokkaido_iburi_tobu,Hokkaido1299,0.5,0,5156,84,11144,65.0968470066352,0.0,0.0
E1,q2_x3_resunet_cas-single_seed2026,cas-single,single-stream,2026,1120,na,hokkaido_iburi_tobu,Hokkaido1300,0.5,0,4288,53,12043,82.73451516749222,0.0,0.007462686567042109
E1,q2_x3_resunet_cas-single_seed2026,cas-single,single-stream,2026,1120,na,hokkaido_iburi_tobu,Hokkaido1301,0.5,0,2478,52,13854,90.5886277724022,0.0,0.0
E1,q2_x3_resunet_cas-single_seed2026,cas-single,single-stream,2026,1120,na,hokkaido_iburi_tobu,Hokkaido1302,0.5,0,2761,370,13253,63.456816149453836,0.0,0.0
E1,q2_x3_resunet_cas-single_seed2026,cas-single,single-stream,2026,1120,na,hokkaido_iburi_tobu,Hokkaido1303,0.5,313,3541,242,12288,31.08857375311311,0.1529469987976093,0.23766285037455281
E1,q2_x3_resunet_cas-single_seed2026,cas-single,single-stream,2026,1120,na,hokkaido_iburi_tobu,Hokkaido1304,0.5,44,2848,372,13120,48.74679132417783,0.0,0.0
E1,q2_x3_resunet_cas-single_seed2026,cas-single,single-stream,2026,1120,na,hokkaido_iburi_tobu,Hokkaido1305,0.5,162,5028,352,10842,32.5422765633903,0.1227998362663889,0.1924550443511461
E1,q2_x3_resunet_cas-single_seed2026,cas-single,single-stream,2026,1120,na,hokkaido_iburi_tobu,Hokkaido1306,0.5,173,4163,201,11847,44.12828392487796,0.14792041301653178,0.22742574998083667
E1,q2_x3_resunet_cas-single_seed2026,cas-single,single-stream,2026,1120,na,hokkaido_iburi_tobu,Hokkaido1307,0.5,0,2627,91,13666,72.69773185799892,0.0,0.0
E1,q2_x3_resunet_cas-single_seed2026,cas-single,single-stream,2026,1120,na,hokkaido_iburi_tobu,Hokkaido1309,0.5,0,5040,19,11325,90.32994271983252,0.0,0.0
E1,q2_x3_resunet_cas-single_seed2026,cas-single,single-stream,2026,1120,na,hokkaido_iburi_tobu,Hokkaido1310,0.5,0,3238,26,13120,87.21238368804494,0.0,0.0
E1,q2_x3_resunet_cas-single_seed2026,cas-single,single-stream,2026,1120,na,hokkaido_iburi_tobu,Hokkaido1311,0.5,0,5319,18,11047,92.25534871612686,0.0,0.0
E1,q2_x3_resunet_cas-single_seed2026,cas-single,single-stream,2026,1120,na,hokkaido_iburi_tobu,Hokkaido1312,0.5,65,3136,35,13148,38.630298533976145,0.04387325504069307,0.07306590257839328
E1,q2_x3_resunet_cas-single_seed2026,cas-single,single-stream,2026,1120,na,hokkaido_iburi_tobu,Hokkaido1313,0.5,63,4155,175,11991,29.0,0.052098066949117824,0.06790123456746533
E1,q2_x3_resunet_cas-single_seed2026,cas-single,single-stream,2026,1120,na,hokkaido_iburi_tobu,Hokkaido1314,0.5,139,2528,586,13131,49.73932046178355,0.15268921236594626,0.23822166094982225
E1,q2_x3_resunet_cas-single_seed2026,cas-single,single-stream,2026,1120,na,hokkaido_iburi_tobu,Hokkaido1315,0.5,54,2130,1349,12851,46.56169382054018,0.035413153456634955,0.10265915381539786
E1,q2_x3_resunet_cas-single_seed2026,cas-single,single-stream,2026,1120,na,hokkaido_iburi_tobu,Hokkaido1316,0.5,266,3025,611,12482,49.64926983535138,0.13137032842537028,0.20817843866124108
E1,q2_x3_resunet_cas-single_seed2026,cas-single,single-stream,2026,1120,na,hokkaido_iburi_tobu,Hokkaido1317,0.5,26,4634,139,11585,43.139309220245984,0.025091479351541872,0.04559765497744783
E1,q2_x3_resunet_cas-single_seed2026,cas-single,single-stream,2026,1120,na,hokkaido_iburi_tobu,Hokkaido1318,0.5,48,4109,431,11796,40.01568914466216,0.08579088471799867,0.1412684099784677
E1,q2_x3_resunet_cas-single_seed2026,cas-single,single-stream,2026,1120,na,hokkaido_iburi_tobu,Hokkaido1319,0.5,149,4598,652,10985,42.88577200492448,0.10890052355972943,0.16161724922225906
E1,q2_x3_resunet_cas-single_seed2026,cas-single,single-stream,2026,1120,na,hokkaido_iburi_tobu,Hokkaido1320,0.5,338,2623,666,12757,39.28470044518095,0.0849342770470703,0.16202127409730843
E1,q2_x3_resunet_cas-single_seed2026,cas-single,single-stream,2026,1120,na,hokkaido_iburi_tobu,Hokkaido1321,0.5,363,2145,1102,12774,51.05878401153131,0.1086131386857715,0.1761964306009862
E1,q2_x3_resunet_cas-single_seed2026,cas-single,single-stream,2026,1120,na,hokkaido_iburi_tobu,Hokkaido1322,0.5,147,2806,875,12556,52.472506624700635,0.11379334899904031,0.17874797947253618
E1,q2_x3_resunet_cas-single_seed2026,cas-single,single-stream,2026,1120,na,hokkaido_iburi_tobu,Hokkaido1323,0.5,0,3120,135,13129,76.9710879366579,0.0,0.0
E1,q2_x3_resunet_cas-single_seed2026,cas-single,single-stream,2026,1120,na,hokkaido_iburi_tobu,Hokkaido1324,0.5,0,4379,163,11842,87.42053490967174,0.0,0.0
E1,q2_x3_resunet_cas-single_seed2026,cas-single,single-stream,2026,1120,na,hokkaido_iburi_tobu,Hokkaido1325,0.5,41,1709,227,14407,38.30658507677604,0.1428031734033869,0.22105530617381772
E1,q2_x3_resunet_cas-single_seed2026,cas-single,single-stream,2026,1120,na,hokkaido_iburi_tobu,Hokkaido1326,0.5,9,3317,96,12962,57.600033512049286,0.004629629629289137,0.03757828809979334
E1,q2_x3_resunet_cas-single_seed2026,cas-single,single-stream,2026,1120,na,hokkaido_iburi_tobu,Hokkaido1327,0.5,61,1639,311,14373,56.57335696481082,0.1097560975604796,0.14227642276373165
E1,q2_x3_resunet_cas-single_seed2026,cas-single,single-stream,2026,1120,na,hokkaido_iburi_tobu,Hokkaido1328,0.5,56,2411,390,13527,35.69225578944875,0.056022408963101,0.11407829919577957
E1,q2_x3_resunet_cas-single_seed2026,cas-single,single-stream,2026,1120,na,hokkaido_iburi_tobu,Hokkaido1329,0.5,292,3651,465,11976,31.764725107895643,0.13622291021624972,0.21494281451964942
E1,q2_x3_resunet_cas-single_seed2026,cas-single,single-stream,2026,1120,na,hokkaido_iburi_tobu,Hokkaido1330,0.5,456,2751,579,12598,42.8635737535805,0.11008767062429224,0.23111204320193715
E1,q2_x3_resunet_cas-single_seed2026,cas-single,single-stream,2026,1120,na,hokkaido_iburi_tobu,Hokkaido1331,0.5,66,1561,435,14322,46.99650850426478,0.051355206846862164,0.08839127872666913
E1,q2_x3_resunet_cas-single_seed2026,cas-single,single-stream,2026,1120,na,hokkaido_iburi_tobu,Hokkaido1332,0.5,46,4160,173,12005,39.104918495435484,0.06982953378471825,0.10109519797760666
E1,q2_x3_resunet_cas-single_seed2026,cas-single,single-stream,2026,1120,na,hokkaido_iburi_tobu,Hokkaido1333,0.5,91,3957,6,12330,50.9450648253366,0.1647704982343085,0.20447343039518828
E1,q2_x3_resunet_cas-single_seed2026,cas-single,single-stream,2026,1120,na,hokkaido_iburi_tobu,Hokkaido1334,0.5,0,3311,27,13046,83.54878783344999,0.0,0.0
E1,q2_x3_resunet_cas-single_seed2026,cas-single,single-stream,2026,1120,na,hokkaido_iburi_tobu,Hokkaido1335,0.5,64,2573,37,13710,47.40250919053403,0.11656441717768062,0.1955994175697762
E1,q2_x3_resunet_cas-single_seed2026,cas-single,single-stream,2026,1120,na,hokkaido_iburi_tobu,Hokkaido1336,0.5,0,2621,101,13662,95.41879400614101,0.0,0.0
E1,q2_x3_resunet_cas-single_seed2026,cas-single,single-stream,2026,1120,na,hokkaido_iburi_tobu,Hokkaido1337,0.5,6,3521,31,12826,68.81555990829752,0.042540620383895514,0.07106598984749793
E1,q2_x3_resunet_cas-single_seed2026,cas-single,single-stream,2026,1120,na,hokkaido_iburi_tobu,Hokkaido1338,0.5,82,3558,41,12703,42.4705293048441,0.05192761604993872,0.08369312520714836
E1,q2_x3_resunet_cas-single_seed2026,cas-single,single-stream,2026,1120,na,hokkaido_iburi_tobu,Hokkaido1339,0.5,148,3232,463,12541,36.124783736376884,0.09140135949871767,0.20964879430728353
E1,q2_x3_resunet_cas-single_seed2026,cas-single,single-stream,2026,1120,na,hokkaido_iburi_tobu,Hokkaido1340,0.5,136,2898,819,12531,37.64306044943742,0.19172328597853242,0.31143552311388545
E1,q2_x3_resunet_cas-single_seed2026,cas-single,single-stream,2026,1120,na,hokkaido_iburi_tobu,Hokkaido1341,0.5,178,3263,375,12568,41.2818324100179,0.14005835764852617,0.1825570923864124
E1,q2_x3_resunet_cas-single_seed2026,cas-single,single-stream,2026,1120,na,hokkaido_iburi_tobu,Hokkaido1342,0.5,0,2470,315,13599,47.503680517110745,0.0,0.0
E1,q2_x3_resunet_cas-single_seed2026,cas-single,single-stream,2026,1120,na,hokkaido_iburi_tobu,Hokkaido1343,0.5,401,2183,172,13628,24.849089035228467,0.10566037735799962,0.20675379975113733
E1,q2_x3_resunet_cas-single_seed2026,cas-single,single-stream,2026,1120,na,hokkaido_iburi_tobu,Hokkaido1344,0.5,105,3160,365,12754,43.28739289713664,0.04800832342400458,0.12657864523486265
E1,q2_x3_resunet_cas-single_seed2026,cas-single,single-stream,2026,1120,na,hokkaido_iburi_tobu,Hokkaido1345,0.5,50,3305,149,12880,39.21176749426204,0.004310344827170045,0.03308714918715442
E1,q2_x3_resunet_cas-single_seed2026,cas-single,single-stream,2026,1120,na,hokkaido_iburi_tobu,Hokkaido1346,0.5,0,3104,268,13012,72.0319350758666,0.0,0.0
E1,q2_x3_resunet_cas-single_seed2026,cas-single,single-stream,2026,1120,na,hokkaido_iburi_tobu,Hokkaido1347,0.5,0,3697,221,12466,79.01582063046806,0.0,0.0
E1,q2_x3_resunet_cas-single_seed2026,cas-single,single-stream,2026,1120,na,hokkaido_iburi_tobu,Hokkaido1348,0.5,0,3216,90,13078,85.1739376055676,0.0,0.0
E1,q2_x3_resunet_cas-single_seed2026,cas-single,single-stream,2026,1120,na,hokkaido_iburi_tobu,Hokkaido1349,0.5,0,4236,27,12121,116.95724871523151,0.0,0.0
E1,q2_x3_resunet_cas-single_seed2026,cas-single,single-stream,2026,1120,na,hokkaido_iburi_tobu,Hokkaido1350,0.5,0,2232,22,14130,102.88342918079665,0.0,0.0
E1,q2_x3_resunet_cas-single_seed2026,cas-single,single-stream,2026,1120,na,hokkaido_iburi_tobu,Hokkaido1351,0.5,0,635,22,15727,93.86788275659572,0.0,0.0
E1,q2_x3_resunet_cas-single_seed2026,cas-single,single-stream,2026,1120,na,hokkaido_iburi_tobu,Hokkaido1352,0.5,18,3798,27,12541,69.56722867484388,0.04688721021081869,0.10907964053276234
E1,q2_x3_resunet_cas-single_seed2026,cas-single,single-stream,2026,1120,na,hokkaido_iburi_tobu,Hokkaido1353,0.5,2,2152,98,14132,57.3149195236284,0.03449691991748369,0.05870841487241243
E1,q2_x3_resunet_cas-single_seed2026,cas-single,single-stream,2026,1120,na,hokkaido_iburi_tobu,Hokkaido1354,0.5,54,4207,566,11557,29.95982062419555,0.01812688821704314,0.08436724565706831
E1,q2_x3_resunet_cas-single_seed2026,cas-single,single-stream,2026,1120,na,hokkaido_iburi_tobu,Hokkaido1355,0.5,10,525,718,15131,58.040906890568166,0.04140786749443641,0.07410482615429678
E1,q2_x3_resunet_cas-single_seed2026,cas-single,single-stream,2026,1120,na,hokkaido_iburi_tobu,Hokkaido1356,0.5,123,2400,341,13520,43.52690990478389,0.11920726280137514,0.18726661687777318
E1,q2_x3_resunet_cas-single_seed2026,cas-single,single-stream,2026,1120,na,hokkaido_iburi_tobu,Hokkaido1357,0.5,61,2418,318,13587,41.36209172705281,0.03257328990178591,0.06039076376504209
E1,q2_x3_resunet_cas-single_seed2026,cas-single,single-stream,2026,1120,na,hokkaido_iburi_tobu,Hokkaido1358,0.5,78,4266,27,12013,56.6105105726752,0.02786994027837972,0.13523522150564565
E1,q2_x3_resunet_cas-single_seed2026,cas-single,single-stream,2026,1120,na,hokkaido_iburi_tobu,Hokkaido1359,0.5,0,3374,27,12983,94.4557758775148,0.0,0.0
E1,q2_x3_resunet_cas-single_seed2026,cas-single,single-stream,2026,1120,na,hokkaido_iburi_tobu,Hokkaido1360,0.5,0,3694,101,12589,72.93556926620131,0.015075376884225446,0.05467196819064325
E1,q2_x3_resunet_cas-single_seed2026,cas-single,single-stream,2026,1120,na,hokkaido_iburi_tobu,Hokkaido1361,0.5,0,4210,101,12073,90.98430937242517,0.0,0.0
E1,q2_x3_resunet_cas-single_seed2026,cas-single,single-stream,2026,1120,na,hokkaido_iburi_tobu,Hokkaido1363,0.5,0,3531,28,12825,81.15725364888863,0.0,0.0
E1,q2_x3_resunet_cas-single_seed2026,cas-single,single-stream,2026,1120,na,hokkaido_iburi_tobu,Hokkaido1364,0.5,18,4412,581,11373,51.04589202785729,0.040008793140861615,0.07028753993560372
E1,q2_x3_resunet_cas-single_seed2026,cas-single,single-stream,2026,1120,na,hokkaido_iburi_tobu,Hokkaido1365,0.5,378,3502,1044,11460,32.202484376209235,0.1411327762298236,0.22010703763705783
E1,q2_x3_resunet_cas-single_seed2026,cas-single,single-stream,2026,1120,na,hokkaido_iburi_tobu,Hokkaido1366,0.5,271,2378,1334,12401,48.228595452820876,0.06614607257652602,0.13346043851247805
E1,q2_x3_resunet_cas-single_seed2026,cas-single,single-stream,2026,1120,na,hokkaido_iburi_tobu,Hokkaido1367,0.5,59,2295,854,13176,49.95184540902452,0.08788449466366931,0.1191069746823486
E1,q2_x3_resunet_cas-single_seed2026,cas-single,single-stream,2026,1120,na,hokkaido_iburi_tobu,Hokkaido1368,0.5,0,3940,307,12137,74.57604179171216,0.0,0.0
E1,q2_x3_resunet_cas-single_seed2026,cas-single,single-stream,2026,1120,na,hokkaido_iburi_tobu,Hokkaido1369,0.5,0,2954,156,13274,88.41142472389843,0.0,0.0
E1,q2_x3_resunet_cas-single_seed2026,cas-single,single-stream,2026,1120,na,hokkaido_iburi_tobu,Hokkaido1370,0.5,0,3082,17,13285,87.20665112249179,0.0,0.0
E1,q2_x3_resunet_cas-single_seed2026,cas-single,single-stream,2026,1120,na,hokkaido_iburi_tobu,Hokkaido1371,0.5,0,2061,31,14292,72.0,0.0,0.0
E1,q2_x3_resunet_cas-single_seed2026,cas-single,single-stream,2026,1120,na,hokkaido_iburi_tobu,Hokkaido1372,0.5,0,2946,77,13361,63.35888138231919,0.0,0.0
E1,q2_x3_resunet_cas-single_seed2026,cas-single,single-stream,2026,1120,na,hokkaido_iburi_tobu,Hokkaido1373,0.5,119,2110,0,14155,30.805843601498726,0.0,0.0
E1,q2_x3_resunet_cas-single_seed2026,cas-single,single-stream,2026,1120,na,hokkaido_iburi_tobu,Hokkaido1374,0.5,0,5364,56,10964,92.39588735436226,0.0,0.0
E1,q2_x3_resunet_cas-single_seed2026,cas-single,single-stream,2026,1120,na,hokkaido_iburi_tobu,Hokkaido1375,0.5,0,3001,36,13347,79.10747334859147,0.0,0.0
E1,q2_x3_resunet_cas-single_seed2026,cas-single,single-stream,2026,1120,na,hokkaido_iburi_tobu,Hokkaido1376,0.5,40,4361,23,11960,51.431493744125355,0.029698769622124047,0.10281014393389135
E1,q2_x3_resunet_cas-single_seed2026,cas-single,single-stream,2026,1120,na,hokkaido_iburi_tobu,Hokkaido1377,0.5,55,3795,122,12412,30.776535420778107,0.09416760334665374,0.18594878529175296
E1,q2_x3_resunet_cas-single_seed2026,cas-single,single-stream,2026,1120,na,hokkaido_iburi_tobu,Hokkaido1378,0.5,161,3458,248,12517,35.38361202590826,0.18193428777374054,0.3305678614574169
E1,q2_x3_resunet_cas-single_seed2026,cas-single,single-stream,2026,1120,na,hokkaido_iburi_tobu,Hokkaido1379,0.5,105,2826,162,13291,47.27516254623677,0.10225197808843098,0.19548425430732422
E1,q2_x3_resunet_cas-single_seed2026,cas-single,single-stream,2026,1120,na,hokkaido_iburi_tobu,Hokkaido1382,0.5,86,3079,51,13168,51.00342153901195,0.0,0.0415584415581093
E1,q2_x3_resunet_cas-single_seed2026,cas-single,single-stream,2026,1120,na,hokkaido_iburi_tobu,Hokkaido1383,0.5,180,2457,907,12840,51.68403097731086,0.016310679611193698,0.06086689209915059
E1,q2_x3_resunet_cas-single_seed2026,cas-single,single-stream,2026,1120,na,hokkaido_iburi_tobu,Hokkaido1384,0.5,587,1493,1735,12569,39.35733730830886,0.13276963209464446,0.23303437886947304
E1,q2_x3_resunet_cas-single_seed2026,cas-single,single-stream,2026,1120,na,hokkaido_iburi_tobu,Hokkaido1385,0.5,904,3277,1516,10687,33.24154027718932,0.17768877156214163,0.25693727609412115
E1,q2_x3_resunet_cas-single_seed2026,cas-single,single-stream,2026,1120,na,hokkaido_iburi_tobu,Hokkaido1386,0.5,439,3006,637,12302,40.764275689381535,0.12810931995253505,0.22671203743038534
E1,q2_x3_resunet_cas-single_seed2026,cas-single,single-stream,2026,1120,na,hokkaido_iburi_tobu,Hokkaido1387,0.5,0,4399,28,11957,104.78129832676598,0.0,0.0
E1,q2_x3_resunet_cas-single_seed2026,cas-single,single-stream,2026,1120,na,hokkaido_iburi_tobu,Hokkaido1388,0.5,0,4088,64,12232,78.77467837940245,0.00462962962941088,0.03174603174578684
E1,q2_x3_resunet_cas-single_seed2026,cas-single,single-stream,2026,1120,na,hokkaido_iburi_tobu,Hokkaido1389,0.5,162,2560,43,13619,20.108330701284366,0.1922236784618124,0.30924692333705933
E1,q2_x3_resunet_cas-single_seed2026,cas-single,single-stream,2026,1120,na,hokkaido_iburi_tobu,Hokkaido1390,0.5,39,3387,397,12561,48.743161662427134,0.06599131693148877,0.08900299529261846
E1,q2_x3_resunet_cas-single_seed2026,cas-single,single-stream,2026,1120,na,hokkaido_iburi_tobu,Hokkaido1391,0.5,155,1683,169,14377,36.05551275463989,0.25237817899388065,0.348171231752865
E1,q2_x3_resunet_cas-single_seed2026,cas-single,single-stream,2026,1120,na,hokkaido_iburi_tobu,Hokkaido1392,0.5,0,4448,29,11907,117.45083877459332,0.0,0.0
E1,q2_x3_resunet_cas-single_seed2026,cas-single,single-stream,2026,1120,na,hokkaido_iburi_tobu,Hokkaido1393,0.5,0,3497,22,12865,85.40783900357064,0.0,0.027075812274273886
E1,q2_x3_resunet_cas-single_seed2026,cas-single,single-stream,2026,1120,na,hokkaido_iburi_tobu,Hokkaido1394,0.5,13,3115,82,13174,39.81205847478876,0.0,0.0
E1,q2_x3_resunet_cas-single_seed2026,cas-single,single-stream,2026,1120,na,hokkaido_iburi_tobu,Hokkaido1395,0.5,61,5266,104,10953,65.67786505481116,0.049149338373940345,0.09363295880113956
E1,q2_x3_resunet_cas-single_seed2026,cas-single,single-stream,2026,1120,na,hokkaido_iburi_tobu,Hokkaido1396,0.5,53,3855,39,12437,79.48268738693187,0.2104130230053029,0.2994011976045358
E1,q2_x3_resunet_cas-single_seed2026,cas-single,single-stream,2026,1120,na,hokkaido_iburi_tobu,Hokkaido1397,0.5,29,2895,0,13460,44.04543109109048,0.0,0.0
E1,q2_x3_resunet_cas-single_seed2026,cas-single,single-stream,2026,1120,na,hokkaido_iburi_tobu,Hokkaido1398,0.5,0,2927,29,13428,75.98023755926249,0.0,0.0
E1,q2_x3_resunet_cas-single_seed2026,cas-single,single-stream,2026,1120,na,hokkaido_iburi_tobu,Hokkaido1400,0.5,24,3098,0,13262,49.65682212723756,0.011461318051447855,0.07629427792895263
E1,q2_x3_resunet_cas-single_seed2026,cas-single,single-stream,2026,1120,na,hokkaido_iburi_tobu,Hokkaido1401,0.5,0,4134,23,12227,90.7892567025627,0.0,0.0
E1,q2_x3_resunet_cas-single_seed2026,cas-single,single-stream,2026,1120,na,hokkaido_iburi_tobu,Hokkaido1403,0.5,0,2364,349,13671,55.93030281314729,0.0,0.0
E1,q2_x3_resunet_cas-single_seed2026,cas-single,single-stream,2026,1120,na,hokkaido_iburi_tobu,Hokkaido1404,0.5,111,1965,1534,12774,52.6093248323715,0.036024217961336105,0.07946768060803379
E1,q2_x3_resunet_cas-single_seed2026,cas-single,single-stream,2026,1120,na,hokkaido_iburi_tobu,Hokkaido1405,0.5,716,2369,1401,11898,47.345483746507576,0.10643305439294269,0.1767003257984414
E1,q2_x3_resunet_cas-single_seed2026,cas-single,single-stream,2026,1120,na,hokkaido_iburi_tobu,Hokkaido1406,0.5,268,4032,975,11109,33.421549934136806,0.11556472735882667,0.18336680800368238
E1,q2_x3_resunet_cas-single_seed2026,cas-single,single-stream,2026,1120,na,hokkaido_iburi_tobu,Hokkaido1407,0.5,145,3508,277,12454,60.74454697439007,0.09199999999954148,0.14139827179844552
E1,q2_x3_resunet_cas-single_seed2026,cas-single,single-stream,2026,1120,na,hokkaido_iburi_tobu,Hokkaido1408,0.5,0,3223,47,13114,110.93331161959384,0.0,0.0
E1,q2_x3_resunet_cas-single_seed2026,cas-single,single-stream,2026,1120,na,hokkaido_iburi_tobu,Hokkaido1409,0.5,6,2955,168,13255,59.36933035611612,0.054684512427904806,0.07906976744142796
E1,q2_x3_resunet_cas-single_seed2026,cas-single,single-stream,2026,1120,na,hokkaido_iburi_tobu,Hokkaido1410,0.5,29,3039,393,12923,68.62606920646698,0.092574513294174,0.1033797216694807
E1,q2_x3_resunet_cas-single_seed2026,cas-single,single-stream,2026,1120,na,hokkaido_iburi_tobu,Hokkaido1411,0.5,56,3375,239,12714,75.8651916682132,0.09334932201783583,0.14195821797095098
E1,q2_x3_resunet_cas-single_seed2026,cas-single,single-stream,2026,1120,na,hokkaido_iburi_tobu,Hokkaido1414,0.5,0,4781,29,11574,95.34673551045299,0.0,0.0
E1,q2_x3_resunet_cas-single_seed2026,cas-single,single-stream,2026,1120,na,hokkaido_iburi_tobu,Hokkaido1415,0.5,0,2508,29,13847,103.24146442919054,0.0,0.0
E1,q2_x3_resunet_cas-single_seed2026,cas-single,single-stream,2026,1120,na,hokkaido_iburi_tobu,Hokkaido1417,0.5,0,3099,61,13224,75.02666192761077,0.0,0.0
E1,q2_x3_resunet_cas-single_seed2026,cas-single,single-stream,2026,1120,na,hokkaido_iburi_tobu,Hokkaido1418,0.5,94,3656,627,12007,57.10340706625145,0.1825888490377097,0.21608915201072845
E1,q2_x3_resunet_cas-single_seed2026,cas-single,single-stream,2026,1120,na,hokkaido_iburi_tobu,Hokkaido1419,0.5,1,3574,1294,11515,66.6874980522962,0.01343140390112573,0.01928068223921141
E1,q2_x3_resunet_cas-single_seed2026,cas-single,single-stream,2026,1120,na,hokkaido_iburi_tobu,Hokkaido1420,0.5,132,2041,1101,13110,37.0,0.052383805528938024,0.13217245358181517
E1,q2_x3_resunet_cas-single_seed2026,cas-single,single-stream,2026,1120,na,hokkaido_iburi_tobu,Hokkaido1421,0.5,535,3590,830,11429,34.07920674157154,0.19541299468997478,0.31595544593435226
E1,q2_x3_resunet_cas-single_seed2026,cas-single,single-stream,2026,1120,na,hokkaido_iburi_tobu,Hokkaido1422,0.5,463,3377,472,12072,41.86884283091664,0.1724701493967342,0.31045948256704925
E1,q2_x3_resunet_cas-single_seed2026,cas-single,single-stream,2026,1120,na,hokkaido_iburi_tobu,Hokkaido1423,0.5,59,3610,169,12546,46.1128949336637,0.023157082207187037,0.057488159398509646
E1,q2_x3_resunet_cas-single_seed2026,cas-single,single-stream,2026,1120,na,hokkaido_iburi_tobu,Hokkaido1424,0.5,13,3878,98,12395,46.16839838774372,0.05702958218945962,0.07818338603016829
E1,q2_x3_resunet_cas-single_seed2026,cas-single,single-stream,2026,1120,na,hokkaido_iburi_tobu,Hokkaido1425,0.5,34,2999,18,13333,48.29074598797186,0.0,0.0
E1,q2_x3_resunet_cas-single_seed2026,cas-single,single-stream,2026,1120,na,hokkaido_iburi_tobu,Hokkaido1426,0.5,0,3928,115,12341,91.45736083332895,0.0,0.0
E1,q2_x3_resunet_cas-single_seed2026,cas-single,single-stream,2026,1120,na,hokkaido_iburi_tobu,Hokkaido1427,0.5,204,3645,34,12501,39.20522914454681,0.16818181818138428,0.2352941176466436
E1,q2_x3_resunet_cas-single_seed2026,cas-single,single-stream,2026,1120,na,hokkaido_iburi_tobu,Hokkaido1428,0.5,67,3038,56,13223,58.86253167335551,0.10144927536201302,0.14612761811955816
E1,q2_x3_resunet_cas-single_seed2026,cas-single,single-stream,2026,1120,na,hokkaido_iburi_tobu,Hokkaido1429,0.5,0,4265,39,12080,82.93580055537662,0.0,0.0
E1,q2_x3_resunet_cas-single_seed2026,cas-single,single-stream,2026,1120,na,hokkaido_iburi_tobu,Hokkaido1430,0.5,0,3704,39,12641,104.09127024268354,0.0,0.0
E1,q2_x3_resunet_cas-single_seed2026,cas-single,single-stream,2026,1120,na,hokkaido_iburi_tobu,Hokkaido1431,0.5,11,3719,102,12552,76.56304363501272,0.04018672620230922,0.0626780626777609
E1,q2_x3_resunet_cas-single_seed2026,cas-single,single-stream,2026,1120,na,hokkaido_iburi_tobu,Hokkaido1432,0.5,214,2732,644,12794,23.34416368583369,0.16600889557051712,0.34726913129419174
E1,q2_x3_resunet_cas-single_seed2026,cas-single,single-stream,2026,1120,na,hokkaido_iburi_tobu,Hokkaido1433,0.5,1146,2692,373,12173,27.694694416137917,0.2579628170053914,0.38808344983613996
E1,q2_x3_resunet_cas-single_seed2026,cas-single,single-stream,2026,1120,na,hokkaido_iburi_tobu,Hokkaido1434,0.5,265,4003,988,11128,34.132096331752024,0.1504178272975549,0.2487670316805167
E1,q2_x3_resunet_cas-single_seed2026,cas-single,single-stream,2026,1120,na,hokkaido_iburi_tobu,Hokkaido1435,0.5,41,4609,628,11106,52.33449940071327,0.06974404828384625,0.11482289743110362
E1,q2_x3_resunet_cas-single_seed2026,cas-single,single-stream,2026,1120,na,hokkaido_iburi_tobu,Hokkaido1436,0.5,62,4549,160,11613,40.96869234938206,0.028211586901387843,0.06891891891850893
E1,q2_x3_resunet_cas-single_seed2026,cas-single,single-stream,2026,1120,na,hokkaido_iburi_tobu,Hokkaido1437,0.5,20,5418,30,10916,60.70788573618109,0.0,0.0
E1,q2_x3_resunet_cas-single_seed2026,cas-single,single-stream,2026,1120,na,hokkaido_iburi_tobu,Hokkaido1438,0.5,0,4628,70,11686,70.05533356682167,0.013888888888775762,0.06732117812036795
E1,q2_x3_resunet_cas-single_seed2026,cas-single,single-stream,2026,1120,na,hokkaido_iburi_tobu,Hokkaido1439,0.5,0,4423,52,11909,92.74587496880753,0.0,0.0
E1,q2_x3_resunet_cas-single_seed2026,cas-single,single-stream,2026,1120,na,hokkaido_iburi_tobu,Hokkaido1440,0.5,0,2557,115,13712,98.84632287665939,0.0,0.0
E1,q2_x3_resunet_cas-single_seed2026,cas-single,single-stream,2026,1120,na,hokkaido_iburi_tobu,Hokkaido1441,0.5,0,4123,238,12023,75.87081714046697,0.0,0.0
E1,q2_x3_resunet_cas-single_seed2026,cas-single,single-stream,2026,1120,na,hokkaido_iburi_tobu,Hokkaido1442,0.5,0,4866,166,11352,60.86828933922924,0.0,0.0
E1,q2_x3_resunet_cas-single_seed2026,cas-single,single-stream,2026,1120,na,hokkaido_iburi_tobu,Hokkaido1443,0.5,39,2302,43,14000,40.06914144097449,0.11515151515122543,0.16253762444980732
E1,q2_x3_resunet_cas-single_seed2026,cas-single,single-stream,2026,1120,na,hokkaido_iburi_tobu,Hokkaido1444,0.5,0,2984,39,13361,72.51723730144025,0.0,0.0
E1,q2_x3_resunet_cas-single_seed2026,cas-single,single-stream,2026,1120,na,hokkaido_iburi_tobu,Hokkaido1445,0.5,15,4385,70,11914,56.81900992149153,0.04448938321519051,0.06358381502865862
E1,q2_x3_resunet_cas-single_seed2026,cas-single,single-stream,2026,1120,na,hokkaido_iburi_tobu,Hokkaido1446,0.5,0,4472,169,11743,72.29783354411168,0.0,0.0
E1,q2_x3_resunet_cas-single_seed2026,cas-single,single-stream,2026,1120,na,hokkaido_iburi_tobu,Hokkaido1447,0.5,0,3533,224,12627,74.42689508068848,0.0,0.0
E1,q2_x3_resunet_cas-single_seed2026,cas-single,single-stream,2026,1120,na,hokkaido_iburi_tobu,Hokkaido1448,0.5,192,4199,40,11953,62.67370371009294,0.12456071846903702,0.1952277657263804
E1,q2_x3_resunet_cas-single_seed2026,cas-single,single-stream,2026,1120,na,hokkaido_iburi_tobu,Hokkaido1449,0.5,0,2473,154,13757,80.62257748298549,0.0,0.0
E1,q2_x3_resunet_cas-single_seed2026,cas-single,single-stream,2026,1120,na,hokkaido_iburi_tobu,Hokkaido1450,0.5,0,2935,95,13354,71.59468840461135,0.0,0.0
E1,q2_x3_resunet_cas-single_seed2026,cas-single,single-stream,2026,1120,na,hokkaido_iburi_tobu,Hokkaido1451,0.5,131,2465,20,13768,33.27228747626346,0.010989010988668037,0.06593406593372297
E1,q2_x3_resunet_cas-single_seed2026,cas-single,single-stream,2026,1120,na,hokkaido_iburi_tobu,Hokkaido1452,0.5,0,4930,118,11336,93.38118661711296,0.0,0.0
E1,q2_x3_resunet_cas-single_seed2026,cas-single,single-stream,2026,1120,na,hokkaido_iburi_tobu,Hokkaido1453,0.5,42,3398,1,12943,65.7962764344436,0.07317073170715087,0.11028700419203709
E1,q2_x3_resunet_cas-single_seed2026,cas-single,single-stream,2026,1120,na,hokkaido_iburi_tobu,Hokkaido1454,0.5,34,2587,9,13754,67.64756351801057,0.13487852555136146,0.17363344051431087
E1,q2_x3_resunet_cas-single_seed2026,cas-single,single-stream,2026,1120,na,hokkaido_iburi_tobu,Hokkaido1455,0.5,0,3092,65,13227,105.99858484268333,0.0,0.0
E1,q2_x3_resunet_cas-single_seed2026,cas-single,single-stream,2026,1120,na,hokkaido_iburi_tobu,Hokkaido1456,0.5,68,4801,2,11513,72.476543948886,0.07983302895888557,0.10787570842274782
E1,q2_x3_resunet_cas-single_seed2026,cas-single,single-stream,2026,1120,na,hokkaido_iburi_tobu,Hokkaido1460,0.5,0,4485,277,11622,85.8746100319381,0.0,0.0
E1,q2_x3_resunet_cas-single_seed2026,cas-single,single-stream,2026,1120,na,hokkaido_iburi_tobu,Hokkaido1461,0.5,172,3784,344,12084,54.148801063339484,0.08369122343313015,0.18862406784576496
E1,q2_x3_resunet_cas-single_seed2026,cas-single,single-stream,2026,1120,na,hokkaido_iburi_tobu,Hokkaido1462,0.5,0,3029,339,13016,74.54180596070456,0.0,0.0
E1,q2_x3_resunet_cas-single_seed2026,cas-single,single-stream,2026,1120,na,hokkaido_iburi_tobu,Hokkaido1463,0.5,0,3421,100,12863,105.74497243278715,0.0,0.0
E1,q2_x3_resunet_cas-single_seed2026,cas-single,single-stream,2026,1120,na,hokkaido_iburi_tobu,Hokkaido1464,0.5,0,2574,65,13745,89.57342955598901,0.0,0.0
E1,q2_x3_resunet_cas-single_seed2026,cas-single,single-stream,2026,1120,na,hokkaido_iburi_tobu,Hokkaido1465,0.5,70,2083,0,14231,50.695167422546305,0.08914525432598734,0.14706350469502966
E1,q2_x3_resunet_cas-single_seed2026,cas-single,single-stream,2026,1120,na,hokkaido_iburi_tobu,Hokkaido1467,0.5,0,5683,277,10424,103.66530644456635,0.0,0.0
E1,q2_x3_resunet_cas-single_seed2026,cas-single,single-stream,2026,1120,na,hokkaido_iburi_tobu,Hokkaido1468,0.5,204,1995,281,13904,49.193495504995376,0.07915567282280922,0.14536340852090615
E1,q2_x3_resunet_cas-single_seed2026,cas-single,single-stream,2026,1120,na,hokkaido_iburi_tobu,Hokkaido1469,0.5,0,3266,208,12910,87.25679695840938,0.0,0.0
E1,q2_x3_resunet_cas-single_seed2026,cas-single,single-stream,2026,1120,na,hokkaido_iburi_tobu,Hokkaido1471,0.5,0,2777,140,13467,79.13139595721606,0.0,0.0
E1,q2_x3_resunet_cas-single_seed2026,cas-single,single-stream,2026,1120,na,hokkaido_iburi_tobu,Hokkaido1472,0.5,17,5131,158,11078,62.78334315809467,0.0,0.0
E1,q2_x3_resunet_cas-single_seed2026,cas-single,single-stream,2026,1120,na,hokkaido_iburi_tobu,Hokkaido1473,0.5,0,4072,84,12228,78.874266924165,0.0,0.0
E1,q2_x3_resunet_cas-single_seed2026,cas-single,single-stream,2026,1120,na,hokkaido_iburi_tobu,Hokkaido1474,0.5,0,4085,23,12276,94.08770157359828,0.0,0.0
E1,q2_x3_resunet_cas-single_seed2026,cas-single,single-stream,2026,1120,na,hokkaido_iburi_tobu,Hokkaido1475,0.5,0,4086,23,12275,105.54667213124411,0.0,0.0
E1,q2_x3_resunet_cas-single_seed2026,cas-single,single-stream,2026,1120,na,hokkaido_iburi_tobu,Hokkaido1481,0.5,3,3810,151,12420,67.60732140616342,0.026272577996485295,0.05098039215659554
E1,q2_x3_resunet_cas-single_seed2026,cas-single,single-stream,2026,1120,na,hokkaido_iburi_tobu,Hokkaido1482,0.5,221,1877,112,14174,30.879603869018368,0.012121212120712141,0.038014783526471786
E1,q2_x3_resunet_cas-single_seed2026,cas-single,single-stream,2026,1120,na,hokkaido_iburi_tobu,Hokkaido1483,0.5,0,4214,263,11907,51.95569844970903,0.02809364548449988,0.05194333454368189
E1,q2_x3_resunet_cas-single_seed2026,cas-single,single-stream,2026,1120,na,hokkaido_iburi_tobu,Hokkaido1484,0.5,67,5171,17,11129,59.237162611984395,0.009132420091074664,0.04297114794320793
E1,q2_x3_resunet_cas-single_seed2026,cas-single,single-stream,2026,1120,na,hokkaido_iburi_tobu,Hokkaido1485,0.5,23,3905,0,12456,63.28814832742359,0.028462998102295044,0.05586592178751101
E1,q2_x3_resunet_cas-single_seed2026,cas-single,single-stream,2026,1120,na,hokkaido_iburi_tobu,Hokkaido1486,0.5,10,3255,13,13106,66.1513092112178,0.07678244972567982,0.10928961748623546
E1,q2_x3_resunet_cas-single_seed2026,cas-single,single-stream,2026,1120,na,hokkaido_iburi_tobu,Hokkaido1487,0.5,14,5164,68,11138,78.68671315562145,0.06384213580947541,0.08418326048225945
E1,q2_x3_resunet_cas-single_seed2026,cas-single,single-stream,2026,1120,na,hokkaido_iburi_tobu,Hokkaido1488,0.5,85,3332,64,12903,47.8518371894983,0.0,0.0
E1,q2_x3_resunet_cas-single_seed2026,cas-single,single-stream,2026,1120,na,hokkaido_iburi_tobu,Hokkaido1489,0.5,97,4562,146,11579,58.741801628954555,0.06309148264944402,0.11875362189591095
E1,q2_x3_resunet_cas-single_seed2026,cas-single,single-stream,2026,1120,na,hokkaido_iburi_tobu,Hokkaido1490,0.5,25,2452,245,13662,34.79582808002313,0.02421307506003916,0.06791171477031267
E1,q2_x3_resunet_cas-single_seed2026,cas-single,single-stream,2026,1120,na,hokkaido_iburi_tobu,Hokkaido1492,0.5,0,3001,135,13248,95.42744051870059,0.0,0.0
E1,q2_x3_resunet_cas-single_seed2026,cas-single,single-stream,2026,1120,na,hokkaido_iburi_tobu,Hokkaido1493,0.5,97,3694,210,12383,41.044979299656646,0.1475237091670922,0.22600845379069653
E1,q2_x3_resunet_cas-single_seed2026,cas-single,single-stream,2026,1120,na,hokkaido_iburi_tobu,Hokkaido1494,0.5,0,2108,378,13898,64.71367056897127,0.0,0.0
E1,q2_x3_resunet_cas-single_seed2026,cas-single,single-stream,2026,1120,na,hokkaido_iburi_tobu,Hokkaido1495,0.5,1,3890,237,12256,78.16009211867653,0.028112449798780685,0.061570301383686056
E1,q2_x3_resunet_cas-single_seed2026,cas-single,single-stream,2026,1120,na,hokkaido_iburi_tobu,Hokkaido1496,0.5,0,1763,51,14570,82.7828449397215,0.0,0.0
E1,q2_x3_resunet_cas-single_seed2026,cas-single,single-stream,2026,1120,na,hokkaido_iburi_tobu,Hokkaido1497,0.5,0,2903,143,13338,63.985934924135954,0.0,0.0
E1,q2_x3_resunet_cas-single_seed2026,cas-single,single-stream,2026,1120,na,hokkaido_iburi_tobu,Hokkaido1498,0.5,0,3713,124,12547,91.94454729054695,0.0,0.0
E1,q2_x3_resunet_cas-single_seed2026,cas-single,single-stream,2026,1120,na,hokkaido_iburi_tobu,Hokkaido1499,0.5,0,4092,79,12213,112.46242676670212,0.0,0.0
E1,q2_x3_resunet_cas-single_seed2026,cas-single,single-stream,2026,1120,na,hokkaido_iburi_tobu,Hokkaido1500,0.5,31,3140,115,13098,56.08029957123981,0.0,0.02891566265020393
E1,q2_x3_resunet_cas-single_seed2026,cas-single,single-stream,2026,1120,na,hokkaido_iburi_tobu,Hokkaido1501,0.5,0,2738,291,13355,46.78239214779375,0.0,0.017014036579725413
E1,q2_x3_resunet_cas-single_seed2026,cas-single,single-stream,2026,1120,na,hokkaido_iburi_tobu,Hokkaido1502,0.5,305,2132,110,13837,23.02064242312054,0.135444312253556,0.25630272589797604
E1,q2_x3_resunet_cas-single_seed2026,cas-single,single-stream,2026,1120,na,hokkaido_iburi_tobu,Hokkaido1503,0.5,17,3901,191,12275,57.53640144037872,0.06649511065326302,0.11859086152736131
E1,q2_x3_resunet_cas-single_seed2026,cas-single,single-stream,2026,1120,na,hokkaido_iburi_tobu,Hokkaido1504,0.5,24,474,249,15637,59.020321444374474,0.20838926174448746,0.28048466099460656
E1,q2_x3_resunet_cas-single_seed2026,cas-single,single-stream,2026,1120,na,hokkaido_iburi_tobu,Hokkaido1506,0.5,0,2821,31,13532,86.56904478052897,0.0,0.0
E1,q2_x3_resunet_cas-single_seed2026,cas-single,single-stream,2026,1120,na,hokkaido_iburi_tobu,Hokkaido1507,0.5,137,2387,221,13639,36.77017816513613,0.048385229771556605,0.13061736737898785
E1,q2_x3_resunet_cas-single_seed2026,cas-single,single-stream,2026,1120,na,hokkaido_iburi_tobu,Hokkaido1508,0.5,113,4866,772,10633,34.597612324991786,0.10330517266883463,0.1643299641338334
E1,q2_x3_resunet_cas-single_seed2026,cas-single,single-stream,2026,1120,na,hokkaido_iburi_tobu,Hokkaido1509,0.5,233,3174,485,12492,43.84290083010161,0.07421480253800283,0.14093860372600195
E1,q2_x3_resunet_cas-single_seed2026,cas-single,single-stream,2026,1120,na,hokkaido_iburi_tobu,Hokkaido1510,0.5,143,3479,156,12606,37.378823542639914,0.02147458840322993,0.08724137930986307
E1,q2_x3_resunet_cas-single_seed2026,cas-single,single-stream,2026,1120,na,hokkaido_iburi_tobu,Hokkaido1511,0.5,149,3658,207,12370,31.741067023527005,0.2047111017213753,0.2732192944332958
E1,q2_x3_resunet_cas-single_seed2026,cas-single,single-stream,2026,1120,na,hokkaido_iburi_tobu,Hokkaido1512,0.5,65,4193,152,11974,70.00392837101171,0.0808988764041177,0.13441654357418242
E1,q2_x3_resunet_cas-single_seed2026,cas-single,single-stream,2026,1120,na,hokkaido_iburi_tobu,Hokkaido1513,0.5,0,3507,37,12840,91.82455853187042,0.0,0.0
E1,q2_x3_resunet_cas-single_seed2026,cas-single,single-stream,2026,1120,na,hokkaido_iburi_tobu,Hokkaido1514,0.5,0,3429,37,12918,91.76055797563569,0.0,0.027088036117140755
E1,q2_x3_resunet_cas-single_seed2026,cas-single,single-stream,2026,1120,na,hokkaido_iburi_tobu,Hokkaido1515,0.5,47,4623,80,11634,53.70521132578491,0.006872852233228044,0.09129844353875788
E1,q2_x3_resunet_cas-single_seed2026,cas-single,single-stream,2026,1120,na,hokkaido_iburi_tobu,Hokkaido1516,0.5,0,3259,254,12871,60.2431785909196,0.0,0.0
E1,q2_x3_resunet_cas-single_seed2026,cas-single,single-stream,2026,1120,na,hokkaido_iburi_tobu,Hokkaido1517,0.5,0,3049,144,13191,83.50534208402422,0.0,0.0
E1,q2_x3_resunet_cas-single_seed2026,cas-single,single-stream,2026,1120,na,hokkaido_iburi_tobu,Hokkaido1518,0.5,0,2433,277,13674,75.96740847613003,0.0,0.0
E1,q2_x3_resunet_cas-single_seed2026,cas-single,single-stream,2026,1120,na,hokkaido_iburi_tobu,Hokkaido1519,0.5,19,2354,241,13770,44.27809287185806,0.03707136237222647,0.08924821503532757
E1,q2_x3_resunet_cas-single_seed2026,cas-single,single-stream,2026,1120,na,hokkaido_iburi_tobu,Hokkaido1521,0.5,19,2792,45,13528,55.67486981321558,0.06800618237993825,0.11299435028220435
E1,q2_x3_resunet_cas-single_seed2026,cas-single,single-stream,2026,1120,na,hokkaido_iburi_tobu,Hokkaido1522,0.5,91,3897,669,11727,26.8886207134025,0.0750684217380652,0.1335084657317377
E1,q2_x3_resunet_cas-single_seed2026,cas-single,single-stream,2026,1120,na,hokkaido_iburi_tobu,Hokkaido1523,0.5,588,1451,728,13617,47.11723975767231,0.2172533058643265,0.37921486895983025
E1,q2_x3_resunet_cas-single_seed2026,cas-single,single-stream,2026,1120,na,hokkaido_iburi_tobu,Hokkaido1524,0.5,274,2159,653,13298,38.21720033994914,0.08838677521140732,0.2397093273410019
E1,q2_x3_resunet_cas-single_seed2026,cas-single,single-stream,2026,1120,na,hokkaido_iburi_tobu,Hokkaido1525,0.5,104,5027,338,10915,54.29730258679445,0.14763779527511212,0.24314616400036806
E1,q2_x3_resunet_cas-single_seed2026,cas-single,single-stream,2026,1120,na,hokkaido_iburi_tobu,Hokkaido1526,0.5,0,4085,234,12065,70.79436659089274,0.0043290043286156555,0.02989536621777277
E1,q2_x3_resunet_cas-single_seed2026,cas-single,single-stream,2026,1120,na,hokkaido_iburi_tobu,Hokkaido1527,0.5,50,4326,64,11944,48.83646178829912,0.032024399542194854,0.06877093986919994
E1,q2_x3_resunet_cas-single_seed2026,cas-single,single-stream,2026,1120,na,hokkaido_iburi_tobu,Hokkaido1528,0.5,0,2454,37,13893,83.28407012884145,0.0,0.0
E1,q2_x3_resunet_cas-single_seed2026,cas-single,single-stream,2026,1120,na,hokkaido_iburi_tobu,Hokkaido1529,0.5,37,2454,0,13893,60.98482402826722,0.0,0.0430769230767505
E1,q2_x3_resunet_cas-single_seed2026,cas-single,single-stream,2026,1120,na,hokkaido_iburi_tobu,Hokkaido1530,0.5,92,4316,7,11969,62.89657744657854,0.1425139293561815,0.1885410187294684
E1,q2_x3_resunet_cas-single_seed2026,cas-single,single-stream,2026,1120,na,hokkaido_iburi_tobu,Hokkaido1531,0.5,41,4035,58,12250,63.97538568761249,0.05782968590517929,0.08578856152489175
E1,q2_x3_resunet_cas-single_seed2026,cas-single,single-stream,2026,1120,na,hokkaido_iburi_tobu,Hokkaido1534,0.5,0,3103,33,13248,69.77642861577094,0.0,0.0
E1,q2_x3_resunet_cas-single_seed2026,cas-single,single-stream,2026,1120,na,hokkaido_iburi_tobu,Hokkaido1535,0.5,11,2986,159,13228,36.76930350150689,0.004291845493188307,0.038192234245209865
E1,q2_x3_resunet_cas-single_seed2026,cas-single,single-stream,2026,1120,na,hokkaido_iburi_tobu,Hokkaido1536,0.5,291,3765,394,11934,32.85561620989468,0.09415457041927246,0.14111327146214936
E1,q2_x3_resunet_cas-single_seed2026,cas-single,single-stream,2026,1120,na,hokkaido_iburi_tobu,Hokkaido1537,0.5,364,3162,477,12381,34.058772731852805,0.2118183454311581,0.3405128824350255
E1,q2_x3_resunet_cas-single_seed2026,cas-single,single-stream,2026,1120,na,hokkaido_iburi_tobu,Hokkaido1538,0.5,79,3957,470,11878,32.993569767500404,0.09484916348257219,0.16687116564367538
E1,q2_x3_resunet_cas-single_seed2026,cas-single,single-stream,2026,1120,na,hokkaido_iburi_tobu,Hokkaido1539,0.5,34,3780,222,12348,71.86097588215466,0.07619555081876625,0.10869565217342546
E1,q2_x3_resunet_cas-single_seed2026,cas-single,single-stream,2026,1120,na,hokkaido_iburi_tobu,Hokkaido1540,0.5,0,3589,21,12774,106.0,0.0,0.0
E1,q2_x3_resunet_cas-single_seed2026,cas-single,single-stream,2026,1120,na,hokkaido_iburi_tobu,Hokkaido1541,0.5,0,4002,21,12361,102.43385165228383,0.0,0.0
E1,q2_x3_resunet_cas-single_seed2026,cas-single,single-stream,2026,1120,na,hokkaido_iburi_tobu,Hokkaido1542,0.5,0,2102,35,14247,97.53504595671814,0.0,0.0
E1,q2_x3_resunet_cas-single_seed2026,cas-single,single-stream,2026,1120,na,hokkaido_iburi_tobu,Hokkaido1543,0.5,0,3851,35,12498,102.28657956326481,0.0,0.0
E1,q2_x3_resunet_cas-single_seed2026,cas-single,single-stream,2026,1120,na,hokkaido_iburi_tobu,Hokkaido1544,0.5,0,827,27,15530,62.93647591023825,0.0,0.0
E1,q2_x3_resunet_cas-single_seed2026,cas-single,single-stream,2026,1120,na,hokkaido_iburi_tobu,Hokkaido1545,0.5,29,1189,270,14896,46.525261657297236,0.1292804924966183,0.15828697386325868
E1,q2_x3_resunet_cas-single_seed2026,cas-single,single-stream,2026,1120,na,hokkaido_iburi_tobu,Hokkaido1546,0.5,193,4668,79,11444,71.68377321822233,0.13428087986420864,0.21223021582695603
E1,q2_x3_resunet_cas-single_seed2026,cas-single,single-stream,2026,1120,na,hokkaido_iburi_tobu,Hokkaido1547,0.5,0,1860,18,14506,58.82940994052076,0.04140786749465504,0.07433628318566783
E1,q2_x3_resunet_cas-single_seed2026,cas-single,single-stream,2026,1120,na,hokkaido_iburi_tobu,Hokkaido1548,0.5,0,2144,107,14133,63.19092527287038,0.0,0.0
E1,q2_x3_resunet_cas-single_seed2026,cas-single,single-stream,2026,1120,na,hokkaido_iburi_tobu,Hokkaido1549,0.5,18,3774,193,12399,57.7610767692316,0.06006864988517754,0.07648183556362162
E1,q2_x3_resunet_cas-single_seed2026,cas-single,single-stream,2026,1120,na,hokkaido_iburi_tobu,Hokkaido1550,0.5,15,3068,454,12847,47.453117751893956,0.0,0.01135288552458868
E1,q2_x3_resunet_cas-single_seed2026,cas-single,single-stream,2026,1120,na,hokkaido_iburi_tobu,Hokkaido1551,0.5,224,3420,285,12455,43.841082513585725,0.06458226550438456,0.12266698317509374
E1,q2_x3_resunet_cas-single_seed2026,cas-single,single-stream,2026,1120,na,hokkaido_iburi_tobu,Hokkaido1552,0.5,26,3943,136,12279,67.13940018342853,0.07076780758514674,0.10062608433241374
E1,q2_x3_resunet_cas-single_seed2026,cas-single,single-stream,2026,1120,na,hokkaido_iburi_tobu,Hokkaido1554,0.5,74,4048,260,12002,41.75760784290672,0.08720024914316662,0.1583729265645834
E1,q2_x3_resunet_cas-single_seed2026,cas-single,single-stream,2026,1120,na,hokkaido_iburi_tobu,Hokkaido1555,0.5,1,1596,271,14516,47.138051947060944,0.0,0.004901960783858432
E1,q2_x3_resunet_cas-single_seed2026,cas-single,single-stream,2026,1120,na,hokkaido_iburi_tobu,Hokkaido1556,0.5,0,3694,21,12669,70.24492307456465,0.0,0.0
E1,q2_x3_resunet_cas-single_seed2026,cas-single,single-stream,2026,1120,na,hokkaido_iburi_tobu,Hokkaido1557,0.5,99,2791,216,13278,30.360975493865418,0.12154551407943394,0.17118838364501643
E1,q2_x3_resunet_cas-single_seed2026,cas-single,single-stream,2026,1120,na,hokkaido_iburi_tobu,Hokkaido1558,0.5,568,3531,297,11988,46.56379738530205,0.09874464176315345,0.2101239862025806
E1,q2_x3_resunet_cas-single_seed2026,cas-single,single-stream,2026,1120,na,hokkaido_iburi_tobu,Hokkaido1559,0.5,210,2850,461,12863,38.879050976888216,0.03952875523125517,0.09491742825027297
E1,q2_x3_resunet_cas-single_seed2026,cas-single,single-stream,2026,1120,na,hokkaido_iburi_tobu,Hokkaido1560,0.5,0,3132,100,13152,81.44936938926601,0.0,0.0
E1,q2_x3_resunet_cas-single_seed2026,cas-single,single-stream,2026,1120,na,hokkaido_iburi_tobu,Hokkaido1562,0.5,0,175,35,16174,59.348040219085675,0.0,0.0
E1,q2_x3_resunet_cas-single_seed2026,cas-single,single-stream,2026,1120,na,hokkaido_iburi_tobu,Hokkaido1563,0.5,0,2534,27,13823,66.0,0.0,0.0
E1,q2_x3_resunet_cas-single_seed2026,cas-single,single-stream,2026,1120,na,hokkaido_iburi_tobu,Hokkaido1564,0.5,12,4303,267,11802,59.17726395034295,0.0,0.0036363636359510744
E1,q2_x3_resunet_cas-single_seed2026,cas-single,single-stream,2026,1120,na,hokkaido_iburi_tobu,Hokkaido1565,0.5,11,4497,505,11371,75.00066663703967,0.029895366217754765,0.07153075822554723
E1,q2_x3_resunet_cas-single_seed2026,cas-single,single-stream,2026,1120,na,hokkaido_iburi_tobu,Hokkaido1566,0.5,27,3941,264,12152,43.53127270432531,0.0,0.0051546391747620355
E1,q2_x3_resunet_cas-single_seed2026,cas-single,single-stream,2026,1120,na,hokkaido_iburi_tobu,Hokkaido1567,0.5,3,3535,24,12822,74.66056295571887,0.036988110964180296,0.06735751295318622
E1,q2_x3_resunet_cas-single_seed2026,cas-single,single-stream,2026,1120,na,hokkaido_iburi_tobu,Hokkaido1570,0.5,0,2224,27,14133,73.06192145933082,0.0,0.0
E1,q2_x3_resunet_cas-single_seed2026,cas-single,single-stream,2026,1120,na,hokkaido_iburi_tobu,Hokkaido1571,0.5,0,1343,27,15014,75.95524064101717,0.0,0.0
E1,q2_x3_resunet_cas-single_seed2026,cas-single,single-stream,2026,1120,na,lombok,Lombok003,0.5,50,14443,0,1891,63.48695554985825,0.0,0.020597322347717443
E1,q2_x3_resunet_cas-single_seed2026,cas-single,single-stream,2026,1120,na,lombok,Lombok005,0.5,50,7980,0,8354,36.124783736376884,0.0,0.04230769230735873
E1,q2_x3_resunet_cas-single_seed2026,cas-single,single-stream,2026,1120,na,lombok,Lombok006,0.5,35,9008,24,7317,34.01903175157385,0.048426150120657215,0.12488849241709657
E1,q2_x3_resunet_cas-single_seed2026,cas-single,single-stream,2026,1120,na,lombok,Lombok009,0.5,79,1647,44,14614,95.0,0.10286742959962752,0.295972610144579
E1,q2_x3_resunet_cas-single_seed2026,cas-single,single-stream,2026,1120,na,lombok,Lombok010,0.5,0,654,40,15690,59.13924014811306,0.0,0.0
E1,q2_x3_resunet_cas-single_seed2026,cas-single,single-stream,2026,1120,na,lombok,Lombok013,0.5,59,761,43,15521,107.70329614269008,0.08620689655131702,0.21407856577860293
E1,q2_x3_resunet_cas-single_seed2026,cas-single,single-stream,2026,1120,na,lombok,Lombok014,0.5,0,84,33,16267,65.49196967073951,0.0,0.0
E1,q2_x3_resunet_cas-single_seed2026,cas-single,single-stream,2026,1120,na,lombok,Lombok016,0.5,141,4133,5,12105,40.44799052568371,0.20999999999964583,0.34689888039770633
E1,q2_x3_resunet_cas-single_seed2026,cas-single,single-stream,2026,1120,na,lombok,Lombok017,0.5,16,593,80,15695,114.00580101500485,0.029268292682525357,0.029268292682525357
E1,q2_x3_resunet_cas-single_seed2026,cas-single,single-stream,2026,1120,na,lombok,Lombok029,0.5,69,1890,24,14401,37.35094614565664,0.07348438456782935,0.10155148095862
E1,q2_x3_resunet_cas-single_seed2026,cas-single,single-stream,2026,1120,na,lombok,Lombok030,0.5,46,1069,32,15237,124.70603650578538,0.08379888268126706,0.18299974005691563
E1,q2_x3_resunet_cas-single_seed2026,cas-single,single-stream,2026,1120,na,lombok,Lombok033,0.5,0,0,61,16323,181.01933598375618,0.0,0.0
E1,q2_x3_resunet_cas-single_seed2026,cas-single,single-stream,2026,1120,na,lombok,Lombok034,0.5,41,193,265,15885,53.99225537877909,0.2338934705769029,0.3649959107368536
E1,q2_x3_resunet_cas-single_seed2026,cas-single,single-stream,2026,1120,na,lombok,Lombok035,0.5,106,475,140,15663,43.804898960706836,0.23702863623428902,0.4625435967966923
E1,q2_x3_resunet_cas-single_seed2026,cas-single,single-stream,2026,1120,na,lombok,Lombok036,0.5,0,98,74,16212,57.9020035517824,0.0,0.0
E1,q2_x3_resunet_cas-single_seed2026,cas-single,single-stream,2026,1120,na,lombok,Lombok037,0.5,87,80,77,16140,49.41077498977595,0.5729195787899899,0.7247706422013727
E1,q2_x3_resunet_cas-single_seed2026,cas-single,single-stream,2026,1120,na,lombok,Lombok038,0.5,0,84,182,16118,66.06843484350665,0.0,0.0
E1,q2_x3_resunet_cas-single_seed2026,cas-single,single-stream,2026,1120,na,lombok,Lombok039,0.5,42,267,267,15808,47.45628365603162,0.11303407247123995,0.16487830410852725
E1,q2_x3_resunet_cas-single_seed2026,cas-single,single-stream,2026,1120,na,lombok,Lombok040,0.5,31,6,226,16121,60.15812324784688,0.26746907388809216,0.4640542133172531
E1,q2_x3_resunet_cas-single_seed2026,cas-single,single-stream,2026,1120,na,lombok,Lombok041,0.5,80,37,248,16019,66.50216739720244,0.4098378262267129,0.5706940874031912
E1,q2_x3_resunet_cas-single_seed2026,cas-single,single-stream,2026,1120,na,lombok,Lombok042,0.5,0,0,288,16096,181.01933598375618,0.0,0.0
E1,q2_x3_resunet_cas-single_seed2026,cas-single,single-stream,2026,1120,na,lombok,Lombok043,0.5,0,901,22,15461,49.39012343556031,0.0,0.0
E1,q2_x3_resunet_cas-single_seed2026,cas-single,single-stream,2026,1120,na,lombok,Lombok044,0.5,47,2799,84,13454,36.27391950336184,0.10140135411705292,0.15360119883825665
E1,q2_x3_resunet_cas-single_seed2026,cas-single,single-stream,2026,1120,na,lombok,Lombok045,0.5,85,1474,396,14429,38.63935817272331,0.1733223822943346,0.29996842437588916
E1,q2_x3_resunet_cas-single_seed2026,cas-single,single-stream,2026,1120,na,lombok,Lombok046,0.5,0,0,373,16011,181.01933598375618,0.0,0.0
E1,q2_x3_resunet_cas-single_seed2026,cas-single,single-stream,2026,1120,na,lombok,Lombok047,0.5,0,0,17,16367,181.01933598375618,0.0,0.0
E1,q2_x3_resunet_cas-single_seed2026,cas-single,single-stream,2026,1120,na,lombok,Lombok048,0.5,0,0,85,16299,181.01933598375618,0.0,0.0
E1,q2_x3_resunet_cas-single_seed2026,cas-single,single-stream,2026,1120,na,lombok,Lombok049,0.5,0,15,92,16277,126.45934475124021,0.0,0.0
E1,q2_x3_resunet_cas-single_seed2026,cas-single,single-stream,2026,1120,na,lombok,Lombok050,0.5,0,23,59,16302,131.6715515593991,0.0,0.0
E1,q2_x3_resunet_cas-single_seed2026,cas-single,single-stream,2026,1120,na,lombok,Lombok051,0.5,0,0,82,16302,181.01933598375618,0.0,0.0
E1,q2_x3_resunet_cas-single_seed2026,cas-single,single-stream,2026,1120,na,lombok,Lombok052,0.5,0,62,78,16244,65.24180076329168,0.0,0.0
E1,q2_x3_resunet_cas-single_seed2026,cas-single,single-stream,2026,1120,na,lombok,Lombok053,0.5,0,769,41,15574,68.34408410166856,0.0,0.0
E1,q2_x3_resunet_cas-single_seed2026,cas-single,single-stream,2026,1120,na,lombok,Lombok055,0.5,0,0,162,16222,181.01933598375618,0.0,0.0
E1,q2_x3_resunet_cas-single_seed2026,cas-single,single-stream,2026,1120,na,lombok,Lombok056,0.5,0,0,307,16077,181.01933598375618,0.0,0.0
E1,q2_x3_resunet_cas-single_seed2026,cas-single,single-stream,2026,1120,na,lombok,Lombok057,0.5,314,669,170,15231,36.177034822942204,0.33183263139162933,0.5654583237122873
E1,q2_x3_resunet_cas-single_seed2026,cas-single,single-stream,2026,1120,na,lombok,Lombok058,0.5,0,48,298,16038,73.03520074588292,0.0,0.0
E1,q2_x3_resunet_cas-single_seed2026,cas-single,single-stream,2026,1120,na,lombok,Lombok059,0.5,83,340,172,15789,60.340841383504646,0.2601734489655524,0.44560008157396847
E1,q2_x3_resunet_cas-single_seed2026,cas-single,single-stream,2026,1120,na,lombok,Lombok060,0.5,0,1342,223,14819,51.96535897434491,0.0,0.0
E1,q2_x3_resunet_cas-single_seed2026,cas-single,single-stream,2026,1120,na,lombok,Lombok061,0.5,0,45,63,16276,113.79356258388245,0.0,0.0
E1,q2_x3_resunet_cas-single_seed2026,cas-single,single-stream,2026,1120,na,lombok,Lombok062,0.5,0,1162,100,15122,111.47380217016037,0.0,0.0
E1,q2_x3_resunet_cas-single_seed2026,cas-single,single-stream,2026,1120,na,lombok,Lombok063,0.5,14,1661,233,14476,105.0261866442009,0.08211143694964992,0.1601275649359284
E1,q2_x3_resunet_cas-single_seed2026,cas-single,single-stream,2026,1120,na,lombok,Lombok064,0.5,91,1377,770,14146,101.05666592134382,0.1497369959084302,0.2800049956284301
E1,q2_x3_resunet_cas-single_seed2026,cas-single,single-stream,2026,1120,na,lombok,Lombok065,0.5,28,166,630,15560,85.00588214941364,0.11639908256849803,0.14220220381216964
E1,q2_x3_resunet_cas-single_seed2026,cas-single,single-stream,2026,1120,na,lombok,Lombok066,0.5,0,135,117,16132,106.98597018890116,0.0,0.0
E1,q2_x3_resunet_cas-single_seed2026,cas-single,single-stream,2026,1120,na,lombok,Lombok067,0.5,104,98,337,15845,99.86986111328943,0.21911922663780067,0.2785631132543516
E1,q2_x3_resunet_cas-single_seed2026,cas-single,single-stream,2026,1120,na,lombok,Lombok068,0.5,83,77,495,15729,110.07356810800064,0.21694915254216118,0.2757475083054101
E1,q2_x3_resunet_cas-single_seed2026,cas-single,single-stream,2026,1120,na,lombok,Lombok069,0.5,0,0,511,15873,181.01933598375618,0.0,0.0
E1,q2_x3_resunet_cas-single_seed2026,cas-single,single-stream,2026,1120,na,lombok,Lombok070,0.5,59,68,256,16001,94.55376178260943,0.17629179331286562,0.30813953488346024
E1,q2_x3_resunet_cas-single_seed2026,cas-single,single-stream,2026,1120,na,lombok,Lombok076,0.5,30,67,259,16028,49.263025610692814,0.17060367454031883,0.281837160751088
E1,q2_x3_resunet_cas-single_seed2026,cas-single,single-stream,2026,1120,na,lombok,Lombok077,0.5,0,177,157,16050,68.00367129952646,0.0,0.0
E1,q2_x3_resunet_cas-single_seed2026,cas-single,single-stream,2026,1120,na,lombok,Lombok078,0.5,0,16,114,16254,73.41492225053635,0.0,0.0
E1,q2_x3_resunet_cas-single_seed2026,cas-single,single-stream,2026,1120,na,lombok,Lombok079,0.5,0,0,147,16237,181.01933598375618,0.0,0.0
E1,q2_x3_resunet_cas-single_seed2026,cas-single,single-stream,2026,1120,na,lombok,Lombok080,0.5,0,120,126,16138,119.00104873235951,0.0,0.0
E1,q2_x3_resunet_cas-single_seed2026,cas-single,single-stream,2026,1120,na,lombok,Lombok081,0.5,29,851,106,15398,111.28206094420463,0.05034965034915917,0.1428571428566837
E1,q2_x3_resunet_cas-single_seed2026,cas-single,single-stream,2026,1120,na,lombok,Lombok082,0.5,100,948,485,14851,73.72329391808793,0.14635292735187114,0.22853263175722052
E1,q2_x3_resunet_cas-single_seed2026,cas-single,single-stream,2026,1120,na,lombok,Lombok083,0.5,0,0,823,15561,181.01933598375618,0.0,0.0
E1,q2_x3_resunet_cas-single_seed2026,cas-single,single-stream,2026,1120,na,lombok,Lombok084,0.5,0,150,305,15929,92.80192972626777,0.0,0.0
E1,q2_x3_resunet_cas-single_seed2026,cas-single,single-stream,2026,1120,na,lombok,Lombok085,0.5,0,1316,43,15025,118.65866282163303,0.0,0.0
E1,q2_x3_resunet_cas-single_seed2026,cas-single,single-stream,2026,1120,na,lombok,Lombok092,0.5,0,0,19,16365,181.01933598375618,0.0,0.0
E1,q2_x3_resunet_cas-single_seed2026,cas-single,single-stream,2026,1120,na,lombok,Lombok093,0.5,0,0,305,16079,181.01933598375618,0.0,0.0
E1,q2_x3_resunet_cas-single_seed2026,cas-single,single-stream,2026,1120,na,lombok,Lombok094,0.5,13,20,683,15668,68.03079857964732,0.13107932379701256,0.23204419889482247
E1,q2_x3_resunet_cas-single_seed2026,cas-single,single-stream,2026,1120,na,lombok,Lombok095,0.5,104,38,1401,14841,90.65859578179808,0.13331908568973044,0.18922651933684523
E1,q2_x3_resunet_cas-single_seed2026,cas-single,single-stream,2026,1120,na,lombok,Lombok096,0.5,270,116,1556,14442,45.26311332261033,0.29003895749389386,0.3885149058933525
E1,q2_x3_resunet_cas-single_seed2026,cas-single,single-stream,2026,1120,na,lombok,Lombok097,0.5,158,78,1059,15089,63.88658368185666,0.22290421579691536,0.3045843045840464
E1,q2_x3_resunet_cas-single_seed2026,cas-single,single-stream,2026,1120,na,lombok,Lombok098,0.5,68,148,506,15662,87.75303837357255,0.09796607783779707,0.1697018750840978
E1,q2_x3_resunet_cas-single_seed2026,cas-single,single-stream,2026,1120,na,lombok,Lombok099,0.5,0,0,81,16303,181.01933598375618,0.0,0.0
E1,q2_x3_resunet_cas-single_seed2026,cas-single,single-stream,2026,1120,na,lombok,Lombok100,0.5,30,365,30,15959,99.94193744281739,0.3404392764853948,0.508715934200388
E1,q2_x3_resunet_cas-single_seed2026,cas-single,single-stream,2026,1120,na,lombok,Lombok101,0.5,0,18,131,16235,135.62742737893893,0.0,0.05839416058365262
E1,q2_x3_resunet_cas-single_seed2026,cas-single,single-stream,2026,1120,na,lombok,Lombok102,0.5,6,30,119,16229,119.88842517816174,0.13573085846845834,0.14306358381488501
E1,q2_x3_resunet_cas-single_seed2026,cas-single,single-stream,2026,1120,na,lombok,Lombok103,0.5,0,1761,79,14544,71.52060268883294,0.0,0.0
E1,q2_x3_resunet_cas-single_seed2026,cas-single,single-stream,2026,1120,na,lombok,Lombok104,0.5,0,3465,101,12818,82.04609938231734,0.0,0.0
E1,q2_x3_resunet_cas-single_seed2026,cas-single,single-stream,2026,1120,na,lombok,Lombok105,0.5,16,1919,90,14359,96.00906929432044,0.0,0.019464720194197996
E1,q2_x3_resunet_cas-single_seed2026,cas-single,single-stream,2026,1120,na,lombok,Lombok106,0.5,174,5028,91,11091,40.311288741492746,0.317151203226706,0.479713566257017
E1,q2_x3_resunet_cas-single_seed2026,cas-single,single-stream,2026,1120,na,lombok,Lombok107,0.5,466,6080,324,9514,33.0,0.21658906936091196,0.3606379930592577
E1,q2_x3_resunet_cas-single_seed2026,cas-single,single-stream,2026,1120,na,lombok,Lombok108,0.5,106,3220,472,12586,55.5138736912524,0.12704343764546033,0.2013528085476831
E1,q2_x3_resunet_cas-single_seed2026,cas-single,single-stream,2026,1120,na,lombok,Lombok109,0.5,0,2815,19,13550,107.81708216475572,0.0,0.0
E1,q2_x3_resunet_cas-single_seed2026,cas-single,single-stream,2026,1120,na,lombok,Lombok110,0.5,0,2529,54,13801,114.91564738977335,0.0,0.0
E1,q2_x3_resunet_cas-single_seed2026,cas-single,single-stream,2026,1120,na,lombok,Lombok111,0.5,0,2407,54,13923,59.90826320300064,0.0,0.0
E1,q2_x3_resunet_cas-single_seed2026,cas-single,single-stream,2026,1120,na,lombok,Lombok112,0.5,0,1149,87,15148,103.8973394725138,0.0,0.0
E1,q2_x3_resunet_cas-single_seed2026,cas-single,single-stream,2026,1120,na,lombok,Lombok113,0.5,17,169,171,16027,52.57609893624262,0.12455516014196245,0.2894538889720134
E1,q2_x3_resunet_cas-single_seed2026,cas-single,single-stream,2026,1120,na,lombok,Lombok114,0.5,0,109,101,16174,70.00714249274856,0.0,0.0
E1,q2_x3_resunet_cas-single_seed2026,cas-single,single-stream,2026,1120,na,lombok,Lombok115,0.5,0,0,220,16164,181.01933598375618,0.0,0.0
E1,q2_x3_resunet_cas-single_seed2026,cas-single,single-stream,2026,1120,na,lombok,Lombok116,0.5,0,12,754,15618,58.05170109479997,0.0,0.0
E1,q2_x3_resunet_cas-single_seed2026,cas-single,single-stream,2026,1120,na,lombok,Lombok117,0.5,0,0,732,15652,181.01933598375618,0.0,0.0
E1,q2_x3_resunet_cas-single_seed2026,cas-single,single-stream,2026,1120,na,lombok,Lombok119,0.5,0,44,183,16157,77.47257579298626,0.0,0.0
E1,q2_x3_resunet_cas-single_seed2026,cas-single,single-stream,2026,1120,na,lombok,Lombok120,0.5,0,49,140,16195,84.92460670137243,0.0,0.0
E1,q2_x3_resunet_cas-single_seed2026,cas-single,single-stream,2026,1120,na,lombok,Lombok121,0.5,0,265,19,16100,81.11882611233773,0.0,0.0
E1,q2_x3_resunet_cas-single_seed2026,cas-single,single-stream,2026,1120,na,lombok,Lombok122,0.5,0,25,31,16328,152.00802129243914,0.0,0.0
E1,q2_x3_resunet_cas-single_seed2026,cas-single,single-stream,2026,1120,na,lombok,Lombok123,0.5,69,43,506,15766,106.58001197704866,0.17806226360180816,0.2195540308745901
E1,q2_x3_resunet_cas-single_seed2026,cas-single,single-stream,2026,1120,na,lombok,Lombok124,0.5,179,115,1223,14867,108.20743695482726,0.191005612554787,0.2815405046478324
E1,q2_x3_resunet_cas-single_seed2026,cas-single,single-stream,2026,1120,na,lombok,Lombok125,0.5,280,176,2080,13848,72.09022125087424,0.15030850237656423,0.24036850921251884
E1,q2_x3_resunet_cas-single_seed2026,cas-single,single-stream,2026,1120,na,lombok,Lombok126,0.5,400,143,2242,13599,46.073303237353834,0.31840819692905437,0.4433962264147492
E1,q2_x3_resunet_cas-single_seed2026,cas-single,single-stream,2026,1120,na,lombok,Lombok127,0.5,215,95,1400,14674,79.59070668817617,0.22114069055327482,0.31209818819377516
E1,q2_x3_resunet_cas-single_seed2026,cas-single,single-stream,2026,1120,na,lombok,Lombok128,0.5,31,11,597,15745,96.17585892545497,0.1661442006268069,0.22458270106201608
E1,q2_x3_resunet_cas-single_seed2026,cas-single,single-stream,2026,1120,na,lombok,Lombok129,0.5,0,0,319,16065,181.01933598375618,0.0,0.0
E1,q2_x3_resunet_cas-single_seed2026,cas-single,single-stream,2026,1120,na,lombok,Lombok132,0.5,159,2391,25,13809,25.9354801550948,0.09948186528463125,0.3083936712250896
E1,q2_x3_resunet_cas-single_seed2026,cas-single,single-stream,2026,1120,na,lombok,Lombok133,0.5,96,3859,50,12379,46.20170231753679,0.10470551573672666,0.16924746030153576
E1,q2_x3_resunet_cas-single_seed2026,cas-single,single-stream,2026,1120,na,lombok,Lombok134,0.5,0,22,73,16289,112.31566973559333,0.0,0.0
E1,q2_x3_resunet_cas-single_seed2026,cas-single,single-stream,2026,1120,na,lombok,Lombok135,0.5,0,1464,107,14813,81.00487475172282,0.0,0.0
E1,q2_x3_resunet_cas-single_seed2026,cas-single,single-stream,2026,1120,na,lombok,Lombok136,0.5,51,7338,79,8916,54.00136700810289,0.0034542314331961308,0.05181347150228075
E1,q2_x3_resunet_cas-single_seed2026,cas-single,single-stream,2026,1120,na,lombok,Lombok137,0.5,90,9543,27,6724,38.37362587809321,0.10233789148606749,0.1660093896708657
E1,q2_x3_resunet_cas-single_seed2026,cas-single,single-stream,2026,1120,na,lombok,Lombok138,0.5,208,12694,32,3450,43.86567861867566,0.2838192621247178,0.43003433528053936
E1,q2_x3_resunet_cas-single_seed2026,cas-single,single-stream,2026,1120,na,lombok,Lombok139,0.5,433,12371,116,3464,25.068376618407346,0.17921930982413276,0.31858583698585147
E1,q2_x3_resunet_cas-single_seed2026,cas-single,single-stream,2026,1120,na,lombok,Lombok140,0.5,279,7597,174,8334,45.39383025431763,0.07863974495168476,0.14286628278900781
E1,q2_x3_resunet_cas-single_seed2026,cas-single,single-stream,2026,1120,na,lombok,Lombok141,0.5,9,10083,90,6202,99.27485935154547,0.06389950846496953,0.18549484736498928
E1,q2_x3_resunet_cas-single_seed2026,cas-single,single-stream,2026,1120,na,lombok,Lombok142,0.5,0,3499,51,12834,79.67650877786095,0.0,0.0
E1,q2_x3_resunet_cas-single_seed2026,cas-single,single-stream,2026,1120,na,lombok,Lombok143,0.5,0,0,51,16333,181.01933598375618,0.0,0.0
E1,q2_x3_resunet_cas-single_seed2026,cas-single,single-stream,2026,1120,na,lombok,Lombok144,0.5,0,424,27,15933,51.478150704935004,0.0,0.0
E1,q2_x3_resunet_cas-single_seed2026,cas-single,single-stream,2026,1120,na,lombok,Lombok145,0.5,0,127,27,16230,77.01579364227055,0.0,0.0
E1,q2_x3_resunet_cas-single_seed2026,cas-single,single-stream,2026,1120,na,lombok,Lombok146,0.5,0,462,32,15890,82.11877521911151,0.0,0.0
E1,q2_x3_resunet_cas-single_seed2026,cas-single,single-stream,2026,1120,na,lombok,Lombok147,0.5,0,0,64,16320,181.01933598375618,0.0,0.0
E1,q2_x3_resunet_cas-single_seed2026,cas-single,single-stream,2026,1120,na,lombok,Lombok148,0.5,0,33,57,16294,96.74798661634485,0.0,0.0
E1,q2_x3_resunet_cas-single_seed2026,cas-single,single-stream,2026,1120,na,lombok,Lombok149,0.5,82,127,593,15582,58.31204493855105,0.3764596561867497,0.4823348694312776
E1,q2_x3_resunet_cas-single_seed2026,cas-single,single-stream,2026,1120,na,lombok,Lombok150,0.5,0,0,1074,15310,181.01933598375618,0.0,0.0
E1,q2_x3_resunet_cas-single_seed2026,cas-single,single-stream,2026,1120,na,lombok,Lombok153,0.5,0,0,183,16201,181.01933598375618,0.0,0.0
E1,q2_x3_resunet_cas-single_seed2026,cas-single,single-stream,2026,1120,na,lombok,Lombok154,0.5,0,77,130,16177,117.84247464617565,0.0,0.0
E1,q2_x3_resunet_cas-single_seed2026,cas-single,single-stream,2026,1120,na,lombok,Lombok155,0.5,0,338,20,16026,78.43532362577584,0.0,0.0
E1,q2_x3_resunet_cas-single_seed2026,cas-single,single-stream,2026,1120,na,lombok,Lombok156,0.5,0,152,21,16211,69.77822009767804,0.0,0.0
E1,q2_x3_resunet_cas-single_seed2026,cas-single,single-stream,2026,1120,na,lombok,Lombok157,0.5,58,71,229,16026,108.39740958590193,0.33490403401868335,0.3798187179202908
E1,q2_x3_resunet_cas-single_seed2026,cas-single,single-stream,2026,1120,na,lombok,Lombok158,0.5,1,1,1072,15310,80.12768025157852,0.018054162487444493,0.05893909626713336
E1,q2_x3_resunet_cas-single_seed2026,cas-single,single-stream,2026,1120,na,lombok,Lombok159,0.5,0,0,2455,13929,181.01933598375618,0.0,0.0
E1,q2_x3_resunet_cas-single_seed2026,cas-single,single-stream,2026,1120,na,lombok,Lombok160,0.5,317,188,2477,13402,34.15625158898697,0.2682423882646435,0.3784229608448529
E1,q2_x3_resunet_cas-single_seed2026,cas-single,single-stream,2026,1120,na,lombok,Lombok161,0.5,156,63,1402,14763,47.99733283021623,0.21792041659570074,0.30477797700636794
E1,q2_x3_resunet_cas-single_seed2026,cas-single,single-stream,2026,1120,na,lombok,Lombok162,0.5,67,100,476,15741,91.02197536858887,0.2392474102269809,0.32756996566250957
E1,q2_x3_resunet_cas-single_seed2026,cas-single,single-stream,2026,1120,na,lombok,Lombok163,0.5,0,0,506,15878,181.01933598375618,0.0,0.0
E1,q2_x3_resunet_cas-single_seed2026,cas-single,single-stream,2026,1120,na,lombok,Lombok164,0.5,0,0,559,15825,181.01933598375618,0.0,0.0
E1,q2_x3_resunet_cas-single_seed2026,cas-single,single-stream,2026,1120,na,lombok,Lombok166,0.5,56,403,383,15542,70.30590113972255,0.03030303030275252,0.0430788723469669
E1,q2_x3_resunet_cas-single_seed2026,cas-single,single-stream,2026,1120,na,lombok,Lombok167,0.5,114,1085,554,14631,54.05089778068558,0.06498375406104145,0.16476613961507677
E1,q2_x3_resunet_cas-single_seed2026,cas-single,single-stream,2026,1120,na,lombok,Lombok168,0.5,57,360,302,15665,87.0092784729167,0.14861995753667578,0.21973598531888894
E1,q2_x3_resunet_cas-single_seed2026,cas-single,single-stream,2026,1120,na,lombok,Lombok169,0.5,19,71,309,15985,76.27055957105769,0.16304347826054502,0.22040601107277386
E1,q2_x3_resunet_cas-single_seed2026,cas-single,single-stream,2026,1120,na,lombok,Lombok170,0.5,79,398,675,15232,104.50463649879941,0.09771483746337527,0.13522742794659443
E1,q2_x3_resunet_cas-single_seed2026,cas-single,single-stream,2026,1120,na,lombok,Lombok171,0.5,877,7851,756,6900,47.013826779291,0.257477243172452,0.397216410674604
E1,q2_x3_resunet_cas-single_seed2026,cas-single,single-stream,2026,1120,na,lombok,Lombok172,0.5,524,12734,641,2485,43.0046458124086,0.2307617076067991,0.3129600647432999
E1,q2_x3_resunet_cas-single_seed2026,cas-single,single-stream,2026,1120,na,lombok,Lombok173,0.5,87,15339,33,925,54.22367949154541,0.014457831324819325,0.07228915662602413
E1,q2_x3_resunet_cas-single_seed2026,cas-single,single-stream,2026,1120,na,lombok,Lombok174,0.5,210,8670,418,7086,59.99082632030006,0.04151052176369946,0.09886802710473812
E1,q2_x3_resunet_cas-single_seed2026,cas-single,single-stream,2026,1120,na,lombok,Lombok175,0.5,201,2759,813,12611,97.81359011838487,0.06500216673865897,0.08997830802582107
E1,q2_x3_resunet_cas-single_seed2026,cas-single,single-stream,2026,1120,na,lombok,Lombok176,0.5,26,5089,436,10833,79.25212040045434,0.1456544724038141,0.20227340711886305
E1,q2_x3_resunet_cas-single_seed2026,cas-single,single-stream,2026,1120,na,lombok,Lombok177,0.5,0,5175,67,11142,91.5270357604762,0.0,0.0
E1,q2_x3_resunet_cas-single_seed2026,cas-single,single-stream,2026,1120,na,lombok,Lombok178,0.5,6,1096,67,15215,38.22612044361097,0.062453531598068726,0.0780741704614528
E1,q2_x3_resunet_cas-single_seed2026,cas-single,single-stream,2026,1120,na,lombok,Lombok179,0.5,51,1368,78,14887,46.29901112735758,0.13378086789705715,0.232830630834578
E1,q2_x3_resunet_cas-single_seed2026,cas-single,single-stream,2026,1120,na,lombok,Lombok180,0.5,0,107,123,16154,71.32144447253447,0.0,0.0
E1,q2_x3_resunet_cas-single_seed2026,cas-single,single-stream,2026,1120,na,lombok,Lombok181,0.5,3,2265,34,14082,55.02817318365772,0.018416206261386323,0.039532794249613305
E1,q2_x3_resunet_cas-single_seed2026,cas-single,single-stream,2026,1120,na,lombok,Lombok182,0.5,0,1768,168,14448,46.17358552246078,0.0,0.0
E1,q2_x3_resunet_cas-single_seed2026,cas-single,single-stream,2026,1120,na,lombok,Lombok183,0.5,43,25,469,15847,60.06784059281493,0.16957605985019847,0.2596153846151587
E1,q2_x3_resunet_cas-single_seed2026,cas-single,single-stream,2026,1120,na,lombok,Lombok184,0.5,0,0,996,15388,181.01933598375618,0.0,0.0
E1,q2_x3_resunet_cas-single_seed2026,cas-single,single-stream,2026,1120,na,lombok,Lombok185,0.5,0,0,975,15409,181.01933598375618,0.0,0.0
E1,q2_x3_resunet_cas-single_seed2026,cas-single,single-stream,2026,1120,na,lombok,Lombok186,0.5,0,0,885,15499,181.01933598375618,0.0,0.0
E1,q2_x3_resunet_cas-single_seed2026,cas-single,single-stream,2026,1120,na,lombok,Lombok187,0.5,0,1630,25,14729,76.84580321907387,0.0,0.0
E1,q2_x3_resunet_cas-single_seed2026,cas-single,single-stream,2026,1120,na,lombok,Lombok188,0.5,0,100,32,16252,90.19864533353586,0.0,0.0
E1,q2_x3_resunet_cas-single_seed2026,cas-single,single-stream,2026,1120,na,lombok,Lombok189,0.5,71,30,221,16062,92.2509661308207,0.351691419141617,0.49853372433980164
E1,q2_x3_resunet_cas-single_seed2026,cas-single,single-stream,2026,1120,na,lombok,Lombok190,0.5,201,67,1029,15087,44.10215414239989,0.2548523206748831,0.3469224620300889
E1,q2_x3_resunet_cas-single_seed2026,cas-single,single-stream,2026,1120,na,lombok,Lombok191,0.5,162,48,1348,14826,45.0,0.19599723947532358,0.2791310072413661
E1,q2_x3_resunet_cas-single_seed2026,cas-single,single-stream,2026,1120,na,lombok,Lombok192,0.5,18,1,769,15596,103.74356245627764,0.05882352941170761,0.06141522029366544
E1,q2_x3_resunet_cas-single_seed2026,cas-single,single-stream,2026,1120,na,lombok,Lombok193,0.5,25,14,280,16065,94.84355474884852,0.1443590145926147,0.1443590145926147
E1,q2_x3_resunet_cas-single_seed2026,cas-single,single-stream,2026,1120,na,lombok,Lombok194,0.5,0,0,318,16066,181.01933598375618,0.0,0.0
E1,q2_x3_resunet_cas-single_seed2026,cas-single,single-stream,2026,1120,na,lombok,Lombok195,0.5,63,22,879,15420,76.41791148932127,0.16052631578932602,0.17968749999983644
E1,q2_x3_resunet_cas-single_seed2026,cas-single,single-stream,2026,1120,na,lombok,Lombok196,0.5,117,155,849,15263,61.25519974772985,0.2002004190577598,0.27010540352640705
E1,q2_x3_resunet_cas-single_seed2026,cas-single,single-stream,2026,1120,na,lombok,Lombok197,0.5,4,365,747,15268,75.21036309108985,0.01900237529673376,0.02612337616228735
E1,q2_x3_resunet_cas-single_seed2026,cas-single,single-stream,2026,1120,na,lombok,Lombok198,0.5,0,88,806,15490,73.36438796139181,0.0,0.0
E1,q2_x3_resunet_cas-single_seed2026,cas-single,single-stream,2026,1120,na,lombok,Lombok199,0.5,256,1572,700,13856,92.14223775904074,0.13856903848002847,0.2693439883265749
E1,q2_x3_resunet_cas-single_seed2026,cas-single,single-stream,2026,1120,na,lombok,Lombok200,0.5,409,4062,492,11421,32.08207232951551,0.08852282349269065,0.2091705882818049
E1,q2_x3_resunet_cas-single_seed2026,cas-single,single-stream,2026,1120,na,lombok,Lombok201,0.5,742,7696,137,7809,18.43365765421222,0.18703542151772987,0.34329271161668434
E1,q2_x3_resunet_cas-single_seed2026,cas-single,single-stream,2026,1120,na,lombok,Lombok202,0.5,1594,7366,79,7345,59.91743688270057,0.1797919762253878,0.3142626376390161
E1,q2_x3_resunet_cas-single_seed2026,cas-single,single-stream,2026,1120,na,lombok,Lombok203,0.5,307,5770,780,9527,74.30214952061188,0.07175712971431572,0.1144004014044228
E1,q2_x3_resunet_cas-single_seed2026,cas-single,single-stream,2026,1120,na,lombok,Lombok204,0.5,1484,12699,209,1992,36.76955262170047,0.13092209856866246,0.20836247377310876
E1,q2_x3_resunet_cas-single_seed2026,cas-single,single-stream,2026,1120,na,lombok,Lombok205,0.5,1351,2897,2204,9932,83.49362315993835,0.047405509288701624,0.07788824729710973
E1,q2_x3_resunet_cas-single_seed2026,cas-single,single-stream,2026,1120,na,lombok,Lombok206,0.5,0,43,2933,13408,144.42489373764386,0.005380476556475219,0.007546491779698095
E1,q2_x3_resunet_cas-single_seed2026,cas-single,single-stream,2026,1120,na,lombok,Lombok207,0.5,214,3063,1431,11676,38.99483807435546,0.034431137724168524,0.10926517571847759
E1,q2_x3_resunet_cas-single_seed2026,cas-single,single-stream,2026,1120,na,lombok,Lombok208,0.5,288,2398,500,13198,56.81840347886241,0.10315942220121305,0.1792060491488518
E1,q2_x3_resunet_cas-single_seed2026,cas-single,single-stream,2026,1120,na,lombok,Lombok209,0.5,0,1895,213,14276,65.98100594330458,0.0,0.016129032257573547
E1,q2_x3_resunet_cas-single_seed2026,cas-single,single-stream,2026,1120,na,lombok,Lombok210,0.5,5,4790,45,11544,41.43669871020132,0.0,0.0
E1,q2_x3_resunet_cas-single_seed2026,cas-single,single-stream,2026,1120,na,lombok,Lombok211,0.5,0,2463,120,13801,45.41641959146086,0.0,0.004319654427295085
E1,q2_x3_resunet_cas-single_seed2026,cas-single,single-stream,2026,1120,na,lombok,Lombok212,0.5,0,1704,96,14584,55.29450058922659,0.0,0.0
E1,q2_x3_resunet_cas-single_seed2026,cas-single,single-stream,2026,1120,na,lombok,Lombok213,0.5,41,3719,346,12278,54.00925846556311,0.052607606467378,0.08409299696095165
E1,q2_x3_resunet_cas-single_seed2026,cas-single,single-stream,2026,1120,na,lombok,Lombok214,0.5,0,1823,1281,13280,90.4020871379796,0.0036730945818307654,0.03786943278142894
E1,q2_x3_resunet_cas-single_seed2026,cas-single,single-stream,2026,1120,na,lombok,Lombok215,0.5,13,12,1507,14852,72.00277764383151,0.04816955684003006,0.0612440191386966
E1,q2_x3_resunet_cas-single_seed2026,cas-single,single-stream,2026,1120,na,lombok,Lombok216,0.5,23,10,979,15372,64.56309824835657,0.06694560669449597,0.19060052219303905
E1,q2_x3_resunet_cas-single_seed2026,cas-single,single-stream,2026,1120,na,lombok,Lombok217,0.5,109,76,741,15458,60.621427585477534,0.2711734645048723,0.33060284363443204
E1,q2_x3_resunet_cas-single_seed2026,cas-single,single-stream,2026,1120,na,lombok,Lombok218,0.5,0,0,30,16354,181.01933598375618,0.0,0.0
E1,q2_x3_resunet_cas-single_seed2026,cas-single,single-stream,2026,1120,na,lombok,Lombok219,0.5,0,140,57,16187,118.44489846672921,0.0,0.0
E1,q2_x3_resunet_cas-single_seed2026,cas-single,single-stream,2026,1120,na,lombok,Lombok220,0.5,0,503,31,15850,93.66933776146624,0.0,0.010471204188209755
E1,q2_x3_resunet_cas-single_seed2026,cas-single,single-stream,2026,1120,na,lombok,Lombok221,0.5,0,343,47,15994,61.32653650817838,0.0,0.0
E1,q2_x3_resunet_cas-single_seed2026,cas-single,single-stream,2026,1120,na,lombok,Lombok222,0.5,0,23,71,16290,125.29748992673666,0.0,0.0
E1,q2_x3_resunet_cas-single_seed2026,cas-single,single-stream,2026,1120,na,lombok,Lombok223,0.5,0,0,25,16359,181.01933598375618,0.0,0.0
E1,q2_x3_resunet_cas-single_seed2026,cas-single,single-stream,2026,1120,na,lombok,Lombok224,0.5,0,48,25,16311,74.27962646030088,0.0,0.0
E1,q2_x3_resunet_cas-single_seed2026,cas-single,single-stream,2026,1120,na,lombok,Lombok230,0.5,3,0,787,15594,71.53317627446306,0.05663716814153789,0.09374999999991063
E1,q2_x3_resunet_cas-single_seed2026,cas-single,single-stream,2026,1120,na,lombok,Lombok231,0.5,3,449,415,15517,59.13117927352055,0.020137299770913168,0.044133099824584764
E1,q2_x3_resunet_cas-single_seed2026,cas-single,single-stream,2026,1120,na,lombok,Lombok232,0.5,6,176,319,15883,139.66209474352772,0.03761755485860233,0.03761755485860233
E1,q2_x3_resunet_cas-single_seed2026,cas-single,single-stream,2026,1120,na,lombok,Lombok233,0.5,1855,2789,178,11562,68.96375859826666,0.32547913287750163,0.4282871271770002
E1,q2_x3_resunet_cas-single_seed2026,cas-single,single-stream,2026,1120,na,lombok,Lombok234,0.5,1742,3154,204,11284,22.313556835850875,0.26740951356287856,0.3717543724473212
E1,q2_x3_resunet_cas-single_seed2026,cas-single,single-stream,2026,1120,na,lombok,Lombok235,0.5,206,5155,0,11023,95.11773707851651,0.1025980473269874,0.17601380500381816
E1,q2_x3_resunet_cas-single_seed2026,cas-single,single-stream,2026,1120,na,lombok,Lombok236,0.5,197,8065,0,8122,79.44179363359763,0.07155025553615182,0.12265758091945678
E1,q2_x3_resunet_cas-single_seed2026,cas-single,single-stream,2026,1120,na,lombok,Lombok237,0.5,76,11424,0,4884,89.97223195913564,0.0,0.0
E1,q2_x3_resunet_cas-single_seed2026,cas-single,single-stream,2026,1120,na,lombok,Lombok238,0.5,1634,13549,273,928,35.35533905932738,0.14200428382588215,0.2582082373486631
E1,q2_x3_resunet_cas-single_seed2026,cas-single,single-stream,2026,1120,na,lombok,Lombok239,0.5,2095,5990,3364,4935,49.01020301937138,0.11910350571641522,0.20896738704539655
E1,q2_x3_resunet_cas-single_seed2026,cas-single,single-stream,2026,1120,na,lombok,Lombok240,0.5,388,701,6230,9065,46.568227729554806,0.15523414740555158,0.24676616915401253
E1,q2_x3_resunet_cas-single_seed2026,cas-single,single-stream,2026,1120,na,lombok,Lombok241,0.5,396,2226,3873,9889,47.64031116974721,0.10968597965476377,0.18235778522421983
E1,q2_x3_resunet_cas-single_seed2026,cas-single,single-stream,2026,1120,na,lombok,Lombok242,0.5,514,2916,1351,11603,39.20459156782532,0.14999464763561418,0.2365234683957699
E1,q2_x3_resunet_cas-single_seed2026,cas-single,single-stream,2026,1120,na,lombok,Lombok243,0.5,221,4151,620,11392,38.61217209642583,0.07792991133314735,0.1424868300020346
E1,q2_x3_resunet_cas-single_seed2026,cas-single,single-stream,2026,1120,na,lombok,Lombok244,0.5,81,4144,159,12000,46.030421952254954,0.09689140088768336,0.15797788309587513
E1,q2_x3_resunet_cas-single_seed2026,cas-single,single-stream,2026,1120,na,lombok,Lombok245,0.5,0,2573,37,13774,51.631383479720576,0.005865102639102725,0.03586678052911747
E1,q2_x3_resunet_cas-single_seed2026,cas-single,single-stream,2026,1120,na,lombok,Lombok246,0.5,0,10,528,15846,74.30298966246947,0.0,0.0
E1,q2_x3_resunet_cas-single_seed2026,cas-single,single-stream,2026,1120,na,lombok,Lombok247,0.5,0,740,1127,14517,118.37965180634966,0.0,0.0
E1,q2_x3_resunet_cas-single_seed2026,cas-single,single-stream,2026,1120,na,lombok,Lombok248,0.5,0,0,1172,15212,181.01933598375618,0.0,0.0
E1,q2_x3_resunet_cas-single_seed2026,cas-single,single-stream,2026,1120,na,lombok,Lombok249,0.5,0,1,752,15631,75.50489253978917,0.008350730688926965,0.028925619834682236
E1,q2_x3_resunet_cas-single_seed2026,cas-single,single-stream,2026,1120,na,lombok,Lombok250,0.5,0,0,635,15749,181.01933598375618,0.0,0.0
E1,q2_x3_resunet_cas-single_seed2026,cas-single,single-stream,2026,1120,na,lombok,Lombok251,0.5,0,0,33,16351,181.01933598375618,0.0,0.0
E1,q2_x3_resunet_cas-single_seed2026,cas-single,single-stream,2026,1120,na,lombok,Lombok252,0.5,0,0,62,16322,181.01933598375618,0.0,0.0
E1,q2_x3_resunet_cas-single_seed2026,cas-single,single-stream,2026,1120,na,lombok,Lombok253,0.5,0,25,30,16329,73.1284880879293,0.0,0.0
E1,q2_x3_resunet_cas-single_seed2026,cas-single,single-stream,2026,1120,na,lombok,Lombok254,0.5,0,7,99,16278,145.07032064456865,0.0,0.0
E1,q2_x3_resunet_cas-single_seed2026,cas-single,single-stream,2026,1120,na,lombok,Lombok255,0.5,7,99,237,16041,66.90875222050241,0.09545454545425669,0.13726670680291067
E1,q2_x3_resunet_cas-single_seed2026,cas-single,single-stream,2026,1120,na,lombok,Lombok256,0.5,0,352,147,15885,62.2060970491402,0.007936507936019306,0.0566666666663736
E1,q2_x3_resunet_cas-single_seed2026,cas-single,single-stream,2026,1120,na,lombok,Lombok260,0.5,27,1396,390,14571,57.14174904710586,0.10986267165993488,0.14956011730158314
E1,q2_x3_resunet_cas-single_seed2026,cas-single,single-stream,2026,1120,na,lombok,Lombok261,0.5,2515,1547,563,11759,52.80861656197676,0.3697692330572889,0.4755939954265206
E1,q2_x3_resunet_cas-single_seed2026,cas-single,single-stream,2026,1120,na,lombok,Lombok262,0.5,2828,2629,5,10922,24.049942279791008,0.3288053227222465,0.37583431206808876
E1,q2_x3_resunet_cas-single_seed2026,cas-single,single-stream,2026,1120,na,lombok,Lombok263,0.5,66,3974,0,12344,141.94134269896742,0.01834862385304436,0.02446483180411469
E1,q2_x3_resunet_cas-single_seed2026,cas-single,single-stream,2026,1120,na,lombok,Lombok264,0.5,81,11377,0,4926,86.33307565302108,0.0,0.0
E1,q2_x3_resunet_cas-single_seed2026,cas-single,single-stream,2026,1120,na,lombok,Lombok265,0.5,109,16087,0,188,93.62157870918435,0.0,0.0
E1,q2_x3_resunet_cas-single_seed2026,cas-single,single-stream,2026,1120,na,lombok,Lombok266,0.5,864,15323,1,196,55.61509449165738,0.0,0.0
E1,q2_x3_resunet_cas-single_seed2026,cas-single,single-stream,2026,1120,na,lombok,Lombok267,0.5,2080,8395,4073,1836,42.01190307520001,0.087614167045138,0.1412347156668205
E1,q2_x3_resunet_cas-single_seed2026,cas-single,single-stream,2026,1120,na,lombok,Lombok268,0.5,2062,1026,7855,5441,67.84980959677195,0.16979165862547532,0.26593136605404455
E1,q2_x3_resunet_cas-single_seed2026,cas-single,single-stream,2026,1120,na,lombok,Lombok269,0.5,1651,1220,4098,9415,79.21615851952828,0.09738087191601366,0.171938796311724
E1,q2_x3_resunet_cas-single_seed2026,cas-single,single-stream,2026,1120,na,lombok,Lombok270,0.5,616,1874,1940,11954,35.78546962197854,0.11809668290655996,0.1817107202438554
E1,q2_x3_resunet_cas-single_seed2026,cas-single,single-stream,2026,1120,na,lombok,Lombok271,0.5,218,1927,1412,12827,47.03926682090953,0.13065261660757918,0.19482391040308983
E1,q2_x3_resunet_cas-single_seed2026,cas-single,single-stream,2026,1120,na,lombok,Lombok272,0.5,43,1737,257,14347,58.10626499566128,0.04724929786832562,0.07858702123387266
E1,q2_x3_resunet_cas-single_seed2026,cas-single,single-stream,2026,1120,na,lombok,Lombok273,0.5,23,3110,250,13001,40.89312541290526,0.04813032210242704,0.0817884405665682
E1,q2_x3_resunet_cas-single_seed2026,cas-single,single-stream,2026,1120,na,lombok,Lombok274,0.5,35,3006,176,13167,82.0146308831899,0.09188361408852085,0.1148703639108599
E1,q2_x3_resunet_cas-single_seed2026,cas-single,single-stream,2026,1120,na,lombok,Lombok275,0.5,0,1107,16,15261,85.09318787509802,0.0,0.0
E1,q2_x3_resunet_cas-single_seed2026,cas-single,single-stream,2026,1120,na,lombok,Lombok276,0.5,0,0,294,16090,181.01933598375618,0.0,0.0
E1,q2_x3_resunet_cas-single_seed2026,cas-single,single-stream,2026,1120,na,lombok,Lombok277,0.5,0,68,379,15937,56.94273694095193,0.0,0.0
E1,q2_x3_resunet_cas-single_seed2026,cas-single,single-stream,2026,1120,na,lombok,Lombok278,0.5,0,0,213,16171,181.01933598375618,0.0,0.0
E1,q2_x3_resunet_cas-single_seed2026,cas-single,single-stream,2026,1120,na,lombok,Lombok279,0.5,9,59,162,16154,61.202813921411064,0.2515723270436087,0.34997652214700836
E1,q2_x3_resunet_cas-single_seed2026,cas-single,single-stream,2026,1120,na,lombok,Lombok280,0.5,0,0,144,16240,181.01933598375618,0.0,0.0
E1,q2_x3_resunet_cas-single_seed2026,cas-single,single-stream,2026,1120,na,lombok,Lombok281,0.5,0,0,17,16367,181.01933598375618,0.0,0.0
E1,q2_x3_resunet_cas-single_seed2026,cas-single,single-stream,2026,1120,na,lombok,Lombok282,0.5,0,0,23,16361,181.01933598375618,0.0,0.0
E1,q2_x3_resunet_cas-single_seed2026,cas-single,single-stream,2026,1120,na,lombok,Lombok283,0.5,0,0,63,16321,181.01933598375618,0.0,0.0
E1,q2_x3_resunet_cas-single_seed2026,cas-single,single-stream,2026,1120,na,lombok,Lombok284,0.5,2,694,194,15494,64.58015570514074,0.06181318681274207,0.08064516128998192
E1,q2_x3_resunet_cas-single_seed2026,cas-single,single-stream,2026,1120,na,lombok,Lombok285,0.5,31,836,126,15391,64.50883755240312,0.0737165423426341,0.15311510031629114
E1,q2_x3_resunet_cas-single_seed2026,cas-single,single-stream,2026,1120,na,lombok,Lombok286,0.5,0,230,51,16103,53.58135469976073,0.0,0.0
E1,q2_x3_resunet_cas-single_seed2026,cas-single,single-stream,2026,1120,na,lombok,Lombok287,0.5,0,0,60,16324,181.01933598375618,0.0,0.0
E1,q2_x3_resunet_cas-single_seed2026,cas-single,single-stream,2026,1120,na,lombok,Lombok288,0.5,0,165,33,16186,55.44366510251645,0.0,0.0
E1,q2_x3_resunet_cas-single_seed2026,cas-single,single-stream,2026,1120,na,lombok,Lombok290,0.5,75,4488,292,11529,58.98968054543968,0.1720421192267927,0.2825551756830674
E1,q2_x3_resunet_cas-single_seed2026,cas-single,single-stream,2026,1120,na,lombok,Lombok291,0.5,1379,3325,653,11027,49.24428900898052,0.23125899855975596,0.35978866940255916
E1,q2_x3_resunet_cas-single_seed2026,cas-single,single-stream,2026,1120,na,lombok,Lombok292,0.5,1344,1811,623,12606,30.571127114320557,0.29033864541786797,0.45356536967062694
E1,q2_x3_resunet_cas-single_seed2026,cas-single,single-stream,2026,1120,na,lombok,Lombok293,0.5,89,4302,169,11824,82.00175675539064,0.18660287081297888,0.3310148118490761
E1,q2_x3_resunet_cas-single_seed2026,cas-single,single-stream,2026,1120,na,lombok,Lombok294,0.5,165,7780,0,8439,71.92337635093935,0.0035906642725288393,0.04223064428760709
E1,q2_x3_resunet_cas-single_seed2026,cas-single,single-stream,2026,1120,na,lombok,Lombok295,0.5,146,14051,0,2187,54.78138369920935,0.0,0.0
E1,q2_x3_resunet_cas-single_seed2026,cas-single,single-stream,2026,1120,na,lombok,Lombok296,0.5,683,15698,0,3,134.36030895678553,0.0,0.0
E1,q2_x3_resunet_cas-single_seed2026,cas-single,single-stream,2026,1120,na,lombok,Lombok297,0.5,2120,8586,3315,2363,49.349249374086284,0.06825232678351725,0.13055746634249188
E1,q2_x3_resunet_cas-single_seed2026,cas-single,single-stream,2026,1120,na,lombok,Lombok298,0.5,2828,1018,4932,7606,58.9406481131655,0.09208113028787748,0.16425498956876347
E1,q2_x3_resunet_cas-single_seed2026,cas-single,single-stream,2026,1120,na,lombok,Lombok299,0.5,1388,846,2271,11879,67.07234862022655,0.14751191014330242,0.254733557301367
E1,q2_x3_resunet_cas-single_seed2026,cas-single,single-stream,2026,1120,na,lombok,Lombok300,0.5,0,3,1998,14383,135.5949851580065,0.0,0.0
E1,q2_x3_resunet_cas-single_seed2026,cas-single,single-stream,2026,1120,na,lombok,Lombok301,0.5,137,615,1313,14319,62.61708981482888,0.09239598278303178,0.1433447098972773
E1,q2_x3_resunet_cas-single_seed2026,cas-single,single-stream,2026,1120,na,lombok,Lombok302,0.5,6,2631,160,13587,60.8049358074578,0.0,0.003759398495849256
E1,q2_x3_resunet_cas-single_seed2026,cas-single,single-stream,2026,1120,na,lombok,Lombok303,0.5,0,2614,254,13516,54.255816001216445,0.0,0.0
E1,q2_x3_resunet_cas-single_seed2026,cas-single,single-stream,2026,1120,na,lombok,Lombok304,0.5,94,1239,113,14938,44.384682042344295,0.2249261499503009,0.2792501616026599
E1,q2_x3_resunet_cas-single_seed2026,cas-single,single-stream,2026,1120,na,lombok,Lombok305,0.5,0,0,16,16368,181.01933598375618,0.0,0.0
E1,q2_x3_resunet_cas-single_seed2026,cas-single,single-stream,2026,1120,na,lombok,Lombok306,0.5,0,1156,19,15209,86.35334090001723,0.0,0.0
E1,q2_x3_resunet_cas-single_seed2026,cas-single,single-stream,2026,1120,na,lombok,Lombok307,0.5,31,732,143,15478,51.66236541235796,0.20942408376914584,0.28180155237998583
E1,q2_x3_resunet_cas-single_seed2026,cas-single,single-stream,2026,1120,na,lombok,Lombok308,0.5,55,283,367,15679,63.798085034654996,0.19981683456787178,0.25917926565835714
E1,q2_x3_resunet_cas-single_seed2026,cas-single,single-stream,2026,1120,na,lombok,Lombok309,0.5,0,0,620,15764,181.01933598375618,0.0,0.0
E1,q2_x3_resunet_cas-single_seed2026,cas-single,single-stream,2026,1120,na,lombok,Lombok310,0.5,43,7,572,15762,76.6269626072735,0.10873786407756707,0.11240310077508771
E1,q2_x3_resunet_cas-single_seed2026,cas-single,single-stream,2026,1120,na,lombok,Lombok311,0.5,23,0,544,15817,64.89260072856086,0.10389610389600538,0.12017167381962951
E1,q2_x3_resunet_cas-single_seed2026,cas-single,single-stream,2026,1120,na,lombok,Lombok313,0.5,0,0,47,16337,181.01933598375618,0.0,0.0
E1,q2_x3_resunet_cas-single_seed2026,cas-single,single-stream,2026,1120,na,lombok,Lombok314,0.5,0,0,17,16367,181.01933598375618,0.0,0.0
E1,q2_x3_resunet_cas-single_seed2026,cas-single,single-stream,2026,1120,na,lombok,Lombok315,0.5,20,5497,35,10832,38.31181678467474,0.01569858712666788,0.05349601126181834
E1,q2_x3_resunet_cas-single_seed2026,cas-single,single-stream,2026,1120,na,lombok,Lombok316,0.5,13,3334,80,12957,56.17550662376901,0.013123359579576799,0.11260634184019948
E1,q2_x3_resunet_cas-single_seed2026,cas-single,single-stream,2026,1120,na,lombok,Lombok317,0.5,0,0,75,16309,181.01933598375618,0.0,0.0
E1,q2_x3_resunet_cas-single_seed2026,cas-single,single-stream,2026,1120,na,lombok,Lombok318,0.5,0,5,28,16351,87.80017978901876,0.0,0.0
E1,q2_x3_resunet_cas-single_seed2026,cas-single,single-stream,2026,1120,na,lombok,Lombok321,0.5,7,3056,373,12948,82.12764002998274,0.0380999505190765,0.05227195080242622
E1,q2_x3_resunet_cas-single_seed2026,cas-single,single-stream,2026,1120,na,lombok,Lombok322,0.5,6,1372,517,14489,68.65092150455713,0.007434944237490106,0.0531443755531706
E1,q2_x3_resunet_cas-single_seed2026,cas-single,single-stream,2026,1120,na,lombok,Lombok323,0.5,27,4150,165,12042,53.17890091597901,0.058455114822121554,0.09678076609570552
E1,q2_x3_resunet_cas-single_seed2026,cas-single,single-stream,2026,1120,na,lombok,Lombok324,0.5,19,3158,140,13067,63.15179209848018,0.0,0.012195121950815886
E1,q2_x3_resunet_cas-single_seed2026,cas-single,single-stream,2026,1120,na,lombok,Lombok325,0.5,113,7741,43,8487,42.54010106603318,0.036734693877069416,0.09795918367298778
E1,q2_x3_resunet_cas-single_seed2026,cas-single,single-stream,2026,1120,na,lombok,Lombok326,0.5,127,9909,87,6261,65.15732594874457,0.0600858369093952,0.0960516324976305
E1,q2_x3_resunet_cas-single_seed2026,cas-single,single-stream,2026,1120,na,lombok,Lombok327,0.5,253,5850,1464,8817,50.54697298048866,0.0953929539291824,0.18725557855955471
E1,q2_x3_resunet_cas-single_seed2026,cas-single,single-stream,2026,1120,na,lombok,Lombok328,0.5,74,103,2286,13921,115.51074544707454,0.016587677725011206,0.03303085299444083
E1,q2_x3_resunet_cas-single_seed2026,cas-single,single-stream,2026,1120,na,lombok,Lombok329,0.5,142,1721,1140,13381,50.831540976383,0.11314475873502725,0.2166964077891724
E1,q2_x3_resunet_cas-single_seed2026,cas-single,single-stream,2026,1120,na,lombok,Lombok330,0.5,287,549,709,14839,56.60388679233962,0.11288918245384337,0.20011589723744566
E1,q2_x3_resunet_cas-single_seed2026,cas-single,single-stream,2026,1120,na,lombok,Lombok331,0.5,236,135,414,15599,50.748856291600745,0.47845830102960757,0.6533333333328933
E1,q2_x3_resunet_cas-single_seed2026,cas-single,single-stream,2026,1120,na,lombok,Lombok332,0.5,0,442,97,15845,65.7977962158565,0.0,0.0
E1,q2_x3_resunet_cas-single_seed2026,cas-single,single-stream,2026,1120,na,lombok,Lombok333,0.5,0,1687,14,14683,89.05447692863243,0.0,0.0
E1,q2_x3_resunet_cas-single_seed2026,cas-single,single-stream,2026,1120,na,lombok,Lombok334,0.5,30,1774,73,14507,40.33913244966381,0.08131655372656513,0.18101211072620244
E1,q2_x3_resunet_cas-single_seed2026,cas-single,single-stream,2026,1120,na,lombok,Lombok335,0.5,0,54,98,16232,90.86215513080434,0.0,0.0
E1,q2_x3_resunet_cas-single_seed2026,cas-single,single-stream,2026,1120,na,lombok,Lombok336,0.5,0,1011,135,15238,55.979794488587515,0.0,0.0
E1,q2_x3_resunet_cas-single_seed2026,cas-single,single-stream,2026,1120,na,lombok,Lombok337,0.5,0,3,361,16020,90.64749773137234,0.0,0.0
E1,q2_x3_resunet_cas-single_seed2026,cas-single,single-stream,2026,1120,na,lombok,Lombok338,0.5,0,0,605,15779,181.01933598375618,0.0,0.0
E1,q2_x3_resunet_cas-single_seed2026,cas-single,single-stream,2026,1120,na,lombok,Lombok339,0.5,175,68,699,15442,55.16596283377683,0.3048282619342978,0.4108527131779681
E1,q2_x3_resunet_cas-single_seed2026,cas-single,single-stream,2026,1120,na,lombok,Lombok340,0.5,186,90,638,15470,54.07633241382964,0.2959333036336575,0.4376731301935639
E1,q2_x3_resunet_cas-single_seed2026,cas-single,single-stream,2026,1120,na,lombok,Lombok342,0.5,0,0,159,16225,181.01933598375618,0.0,0.0
E1,q2_x3_resunet_cas-single_seed2026,cas-single,single-stream,2026,1120,na,lombok,Lombok343,0.5,0,0,119,16265,181.01933598375618,0.0,0.0
E1,q2_x3_resunet_cas-single_seed2026,cas-single,single-stream,2026,1120,na,lombok,Lombok344,0.5,0,0,31,16353,181.01933598375618,0.0,0.0
E1,q2_x3_resunet_cas-single_seed2026,cas-single,single-stream,2026,1120,na,lombok,Lombok345,0.5,0,0,18,16366,181.01933598375618,0.0,0.0
E1,q2_x3_resunet_cas-single_seed2026,cas-single,single-stream,2026,1120,na,lombok,Lombok346,0.5,0,0,56,16328,181.01933598375618,0.0,0.0
E1,q2_x3_resunet_cas-single_seed2026,cas-single,single-stream,2026,1120,na,lombok,Lombok347,0.5,13,4093,141,12137,39.8833033444651,0.015267175572033186,0.03479150677878212
E1,q2_x3_resunet_cas-single_seed2026,cas-single,single-stream,2026,1120,na,lombok,Lombok348,0.5,39,542,187,15616,51.92172260574025,0.17419962335167236,0.3278641335631186
E1,q2_x3_resunet_cas-single_seed2026,cas-single,single-stream,2026,1120,na,lombok,Lombok349,0.5,0,0,164,16220,181.01933598375618,0.0,0.0
E1,q2_x3_resunet_cas-single_seed2026,cas-single,single-stream,2026,1120,na,lombok,Lombok352,0.5,0,0,19,16365,181.01933598375618,0.0,0.0
E1,q2_x3_resunet_cas-single_seed2026,cas-single,single-stream,2026,1120,na,lombok,Lombok354,0.5,0,0,101,16283,181.01933598375618,0.0,0.0
E1,q2_x3_resunet_cas-single_seed2026,cas-single,single-stream,2026,1120,na,lombok,Lombok355,0.5,100,1902,96,14286,49.66084756693414,0.24169760353583022,0.3792609796870591
E1,q2_x3_resunet_cas-single_seed2026,cas-single,single-stream,2026,1120,na,lombok,Lombok356,0.5,0,155,199,16030,84.60614308391213,0.0,0.0
E1,q2_x3_resunet_cas-single_seed2026,cas-single,single-stream,2026,1120,na,lombok,Lombok357,0.5,0,1955,92,14337,87.44140596336844,0.0,0.0
E1,q2_x3_resunet_cas-single_seed2026,cas-single,single-stream,2026,1120,na,lombok,Lombok358,0.5,0,2584,93,13707,97.98826122677517,0.0,0.0
E1,q2_x3_resunet_cas-single_seed2026,cas-single,single-stream,2026,1120,na,lombok,Lombok359,0.5,1,1946,180,14257,70.03855504406424,0.02706359945823929,0.05001786352220972
E1,q2_x3_resunet_cas-single_seed2026,cas-single,single-stream,2026,1120,na,lombok,Lombok360,0.5,0,1590,198,14596,93.45461665839755,0.0,0.0
E1,q2_x3_resunet_cas-single_seed2026,cas-single,single-stream,2026,1120,na,lombok,Lombok361,0.5,78,3163,206,12937,94.16501025115245,0.028727770177343695,0.05107370864720979
E1,q2_x3_resunet_cas-single_seed2026,cas-single,single-stream,2026,1120,na,lombok,Lombok362,0.5,3,1751,238,14392,102.09218451203074,0.0,0.027359781121493443
E1,q2_x3_resunet_cas-single_seed2026,cas-single,single-stream,2026,1120,na,lombok,Lombok363,0.5,0,226,135,16023,67.17886572427373,0.0,0.0
E1,q2_x3_resunet_cas-single_seed2026,cas-single,single-stream,2026,1120,na,lombok,Lombok364,0.5,0,628,378,15378,70.7248188403477,0.0,0.013761467889412465
E1,q2_x3_resunet_cas-single_seed2026,cas-single,single-stream,2026,1120,na,lombok,Lombok365,0.5,18,64,528,15774,84.77024761611686,0.15909433962239544,0.17655695582995112
E1,q2_x3_resunet_cas-single_seed2026,cas-single,single-stream,2026,1120,na,lombok,Lombok366,0.5,0,0,249,16135,181.01933598375618,0.0,0.0
E1,q2_x3_resunet_cas-single_seed2026,cas-single,single-stream,2026,1120,na,lombok,Lombok367,0.5,0,891,21,15472,52.15361924162119,0.0,0.0
E1,q2_x3_resunet_cas-single_seed2026,cas-single,single-stream,2026,1120,na,lombok,Lombok368,0.5,0,0,18,16366,181.01933598375618,0.0,0.0
E1,q2_x3_resunet_cas-single_seed2026,cas-single,single-stream,2026,1120,na,lombok,Lombok369,0.5,0,748,62,15574,45.50708321253306,0.0,0.0
E1,q2_x3_resunet_cas-single_seed2026,cas-single,single-stream,2026,1120,na,lombok,Lombok370,0.5,14,631,142,15597,40.24922359499622,0.13421210305522688,0.20537124802477708
E1,q2_x3_resunet_cas-single_seed2026,cas-single,single-stream,2026,1120,na,lombok,Lombok371,0.5,0,0,141,16243,181.01933598375618,0.0,0.0
E1,q2_x3_resunet_cas-single_seed2026,cas-single,single-stream,2026,1120,na,lombok,Lombok372,0.5,0,0,65,16319,181.01933598375618,0.0,0.0
E1,q2_x3_resunet_cas-single_seed2026,cas-single,single-stream,2026,1120,na,lombok,Lombok373,0.5,0,0,73,16311,181.01933598375618,0.0,0.0
E1,q2_x3_resunet_cas-single_seed2026,cas-single,single-stream,2026,1120,na,lombok,Lombok374,0.5,0,0,72,16312,181.01933598375618,0.0,0.0
E1,q2_x3_resunet_cas-single_seed2026,cas-single,single-stream,2026,1120,na,lombok,Lombok375,0.5,0,0,272,16112,181.01933598375618,0.0,0.0
E1,q2_x3_resunet_cas-single_seed2026,cas-single,single-stream,2026,1120,na,lombok,Lombok376,0.5,0,0,270,16114,181.01933598375618,0.0,0.0
E1,q2_x3_resunet_cas-single_seed2026,cas-single,single-stream,2026,1120,na,lombok,Lombok377,0.5,0,0,295,16089,181.01933598375618,0.0,0.0
E1,q2_x3_resunet_cas-single_seed2026,cas-single,single-stream,2026,1120,na,lombok,Lombok378,0.5,0,144,309,15931,88.6576944736077,0.0,0.0
E1,q2_x3_resunet_cas-single_seed2026,cas-single,single-stream,2026,1120,na,lombok,Lombok379,0.5,0,377,42,15965,65.55150646628954,0.0,0.0
E1,q2_x3_resunet_cas-single_seed2026,cas-single,single-stream,2026,1120,na,lombok,Lombok380,0.5,0,0,20,16364,181.01933598375618,0.0,0.0
E1,q2_x3_resunet_cas-single_seed2026,cas-single,single-stream,2026,1120,na,lombok,Lombok381,0.5,0,0,83,16301,181.01933598375618,0.0,0.0
E1,q2_x3_resunet_cas-single_seed2026,cas-single,single-stream,2026,1120,na,lombok,Lombok382,0.5,70,5222,154,10938,34.879789329975935,0.07293354943224262,0.13866840974831995
E1,q2_x3_resunet_cas-single_seed2026,cas-single,single-stream,2026,1120,na,lombok,Lombok383,0.5,0,776,299,15309,74.95331880577403,0.0,0.0
E1,q2_x3_resunet_cas-single_seed2026,cas-single,single-stream,2026,1120,na,lombok,Lombok384,0.5,2,0,244,16138,87.2905386792713,0.06399999999993805,0.1312741312740086
E1,q2_x3_resunet_cas-single_seed2026,cas-single,single-stream,2026,1120,na,lombok,Lombok385,0.5,0,0,103,16281,181.01933598375618,0.0,0.0
E1,q2_x3_resunet_cas-single_seed2026,cas-single,single-stream,2026,1120,na,lombok,Lombok386,0.5,0,3,16,16365,58.61552898361796,0.0,0.0
E1,q2_x3_resunet_cas-single_seed2026,cas-single,single-stream,2026,1120,na,lombok,Lombok387,0.5,0,135,19,16230,61.17544169725527,0.0,0.0
E1,q2_x3_resunet_cas-single_seed2026,cas-single,single-stream,2026,1120,na,lombok,Lombok388,0.5,16,51,71,16246,42.04079374156435,0.3071786310512529,0.34268833087099837
E1,q2_x3_resunet_cas-single_seed2026,cas-single,single-stream,2026,1120,na,lombok,Lombok389,0.5,57,347,124,15856,86.10523238128027,0.34851546712214926,0.4774989591607733
E1,q2_x3_resunet_cas-single_seed2026,cas-single,single-stream,2026,1120,na,lombok,Lombok390,0.5,5,137,173,16069,94.4553822489563,0.0831408775977997,0.08663646659085107
E1,q2_x3_resunet_cas-single_seed2026,cas-single,single-stream,2026,1120,na,lombok,Lombok391,0.5,40,1840,98,14406,72.25648461590171,0.03007518796944029,0.06354708261071576
E1,q2_x3_resunet_cas-single_seed2026,cas-single,single-stream,2026,1120,na,lombok,Lombok392,0.5,25,374,189,15796,105.06939550704931,0.1770237875709745,0.2657941102436557
E1,q2_x3_resunet_cas-single_seed2026,cas-single,single-stream,2026,1120,na,lombok,Lombok393,0.5,20,365,280,15719,105.975873483693,0.07959305804876128,0.12596970816371522
E1,q2_x3_resunet_cas-single_seed2026,cas-single,single-stream,2026,1120,na,lombok,Lombok394,0.5,0,0,398,15986,181.01933598375618,0.0,0.0
E1,q2_x3_resunet_cas-single_seed2026,cas-single,single-stream,2026,1120,na,lombok,Lombok395,0.5,0,0,649,15735,181.01933598375618,0.0,0.0
E1,q2_x3_resunet_cas-single_seed2026,cas-single,single-stream,2026,1120,na,lombok,Lombok396,0.5,0,0,423,15961,181.01933598375618,0.0,0.0
E1,q2_x3_resunet_cas-single_seed2026,cas-single,single-stream,2026,1120,na,lombok,Lombok397,0.5,0,41,39,16304,63.03695355428802,0.0,0.0
E1,q2_x3_resunet_cas-single_seed2026,cas-single,single-stream,2026,1120,na,lombok,Lombok398,0.5,0,0,19,16365,181.01933598375618,0.0,0.0
E1,q2_x3_resunet_cas-single_seed2026,cas-single,single-stream,2026,1120,na,lombok,Lombok399,0.5,0,0,79,16305,181.01933598375618,0.0,0.0
E1,q2_x3_resunet_cas-single_seed2026,cas-single,single-stream,2026,1120,na,lombok,Lombok400,0.5,0,0,68,16316,181.01933598375618,0.0,0.0
E1,q2_x3_resunet_cas-single_seed2026,cas-single,single-stream,2026,1120,na,lombok,Lombok401,0.5,0,0,21,16363,181.01933598375618,0.0,0.0
E1,q2_x3_resunet_cas-single_seed2026,cas-single,single-stream,2026,1120,na,lombok,Lombok402,0.5,0,0,18,16366,181.01933598375618,0.0,0.0
E1,q2_x3_resunet_cas-single_seed2026,cas-single,single-stream,2026,1120,na,lombok,Lombok403,0.5,0,0,75,16309,181.01933598375618,0.0,0.0
E1,q2_x3_resunet_cas-single_seed2026,cas-single,single-stream,2026,1120,na,lombok,Lombok404,0.5,0,0,90,16294,181.01933598375618,0.0,0.0
E1,q2_x3_resunet_cas-single_seed2026,cas-single,single-stream,2026,1120,na,lombok,Lombok405,0.5,0,8,62,16314,72.4533518093996,0.0,0.0
E1,q2_x3_resunet_cas-single_seed2026,cas-single,single-stream,2026,1120,na,lombok,Lombok406,0.5,0,0,65,16319,181.01933598375618,0.0,0.0
E1,q2_x3_resunet_cas-single_seed2026,cas-single,single-stream,2026,1120,na,lombok,Lombok407,0.5,0,0,106,16278,181.01933598375618,0.0,0.0
E1,q2_x3_resunet_cas-single_seed2026,cas-single,single-stream,2026,1120,na,lombok,Lombok408,0.5,0,0,152,16232,181.01933598375618,0.0,0.0
E1,q2_x3_resunet_cas-single_seed2026,cas-single,single-stream,2026,1120,na,lombok,Lombok409,0.5,0,0,67,16317,181.01933598375618,0.0,0.0
E1,q2_x3_resunet_cas-single_seed2026,cas-single,single-stream,2026,1120,na,lombok,Lombok410,0.5,0,0,38,16346,181.01933598375618,0.0,0.0
E1,q2_x3_resunet_cas-single_seed2026,cas-single,single-stream,2026,1120,na,lombok,Lombok411,0.5,0,0,194,16190,181.01933598375618,0.0,0.0
E1,q2_x3_resunet_cas-single_seed2026,cas-single,single-stream,2026,1120,na,lombok,Lombok412,0.5,0,0,212,16172,181.01933598375618,0.0,0.0
E1,q2_x3_resunet_cas-single_seed2026,cas-single,single-stream,2026,1120,na,lombok,Lombok413,0.5,0,191,25,16168,56.902973021314835,0.0,0.0
E1,q2_x3_resunet_cas-single_seed2026,cas-single,single-stream,2026,1120,na,lombok,Lombok414,0.5,0,0,19,16365,181.01933598375618,0.0,0.0
E1,q2_x3_resunet_cas-single_seed2026,cas-single,single-stream,2026,1120,na,lombok,Lombok415,0.5,7,1942,87,14348,43.25894843066446,0.06369426751550408,0.1633605600928759
E1,q2_x3_resunet_cas-single_seed2026,cas-single,single-stream,2026,1120,na,lombok,Lombok416,0.5,61,4654,135,11534,29.004309064273453,0.07126541799859977,0.16447809834132884
E1,q2_x3_resunet_cas-single_seed2026,cas-single,single-stream,2026,1120,na,lombok,Lombok417,0.5,18,975,140,15251,60.580468815318945,0.1237726866999098,0.21132484421516534
E1,q2_x3_resunet_cas-single_seed2026,cas-single,single-stream,2026,1120,na,lombok,Lombok418,0.5,18,375,76,15915,43.44001815483316,0.10564334085731764,0.21894445724771647
E1,q2_x3_resunet_cas-single_seed2026,cas-single,single-stream,2026,1120,na,lombok,Lombok419,0.5,0,0,57,16327,181.01933598375618,0.0,0.0
E1,q2_x3_resunet_cas-single_seed2026,cas-single,single-stream,2026,1120,na,lombok,Lombok420,0.5,0,389,19,15976,33.255050103126116,0.0,0.0
E1,q2_x3_resunet_cas-single_seed2026,cas-single,single-stream,2026,1120,na,lombok,Lombok421,0.5,0,0,37,16347,181.01933598375618,0.0,0.0
E1,q2_x3_resunet_cas-single_seed2026,cas-single,single-stream,2026,1120,na,lombok,Lombok422,0.5,0,0,59,16325,181.01933598375618,0.0,0.0
E1,q2_x3_resunet_cas-single_seed2026,cas-single,single-stream,2026,1120,na,lombok,Lombok423,0.5,0,0,184,16200,181.01933598375618,0.0,0.0
E1,q2_x3_resunet_cas-single_seed2026,cas-single,single-stream,2026,1120,na,lombok,Lombok424,0.5,85,612,158,15529,62.2795764485928,0.2950819672126213,0.3956433637279794
E1,q2_x3_resunet_cas-single_seed2026,cas-single,single-stream,2026,1120,na,lombok,Lombok425,0.5,48,341,287,15708,73.23933369440222,0.11693242217119745,0.2862218712984688
E1,q2_x3_resunet_cas-single_seed2026,cas-single,single-stream,2026,1120,na,lombok,Lombok426,0.5,97,258,425,15604,58.0,0.2912739610819008,0.42777742285783715
E1,q2_x3_resunet_cas-single_seed2026,cas-single,single-stream,2026,1120,na,lombok,Lombok427,0.5,33,7,549,15795,81.62780477694086,0.11956521739119193,0.15630550621655218
E1,q2_x3_resunet_cas-single_seed2026,cas-single,single-stream,2026,1120,na,lombok,Lombok428,0.5,18,88,577,15701,105.50583156341668,0.08815085842932058,0.10775136372806877
E1,q2_x3_resunet_cas-single_seed2026,cas-single,single-stream,2026,1120,na,lombok,Lombok429,0.5,0,0,389,15995,181.01933598375618,0.0,0.0
E1,q2_x3_resunet_cas-single_seed2026,cas-single,single-stream,2026,1120,na,lombok,Lombok430,0.5,0,0,78,16306,181.01933598375618,0.0,0.0
E1,q2_x3_resunet_cas-single_seed2026,cas-single,single-stream,2026,1120,na,lombok,Lombok431,0.5,0,2,27,16355,33.94848799844722,0.0,0.0
E1,q2_x3_resunet_cas-single_seed2026,cas-single,single-stream,2026,1120,na,lombok,Lombok432,0.5,16,443,11,15914,33.223457784114686,0.17448680351887738,0.22222222222202467
E1,q2_x3_resunet_cas-single_seed2026,cas-single,single-stream,2026,1120,na,lombok,Lombok433,0.5,0,662,40,15682,106.16402076342179,0.0,0.0
E1,q2_x3_resunet_cas-single_seed2026,cas-single,single-stream,2026,1120,na,lombok,Lombok434,0.5,0,232,94,16058,86.90804729255142,0.0,0.0
E1,q2_x3_resunet_cas-single_seed2026,cas-single,single-stream,2026,1120,na,lombok,Lombok435,0.5,0,565,54,15765,79.2237222028503,0.0,0.0
E1,q2_x3_resunet_cas-single_seed2026,cas-single,single-stream,2026,1120,na,lombok,Lombok436,0.5,0,473,25,15886,82.20199192909925,0.0,0.0
E1,q2_x3_resunet_cas-single_seed2026,cas-single,single-stream,2026,1120,na,lombok,Lombok437,0.5,0,0,36,16348,181.01933598375618,0.0,0.0
E1,q2_x3_resunet_cas-single_seed2026,cas-single,single-stream,2026,1120,na,lombok,Lombok438,0.5,0,0,43,16341,181.01933598375618,0.0,0.0
E1,q2_x3_resunet_cas-single_seed2026,cas-single,single-stream,2026,1120,na,lombok,Lombok439,0.5,0,0,20,16364,181.01933598375618,0.0,0.0
E1,q2_x3_resunet_cas-single_seed2026,cas-single,single-stream,2026,1120,na,lombok,Lombok440,0.5,0,4,25,16355,100.58229593362191,0.0,0.0
E1,q2_x3_resunet_cas-single_seed2026,cas-single,single-stream,2026,1120,na,lombok,Lombok441,0.5,2,575,32,15775,55.48533098079043,0.050179211469044846,0.06593406593357323
E1,q2_x3_resunet_cas-single_seed2026,cas-single,single-stream,2026,1120,na,lombok,Lombok442,0.5,12,4266,43,12063,38.47076812334269,0.05919946182275016,0.1119221411188184
E1,q2_x3_resunet_cas-single_seed2026,cas-single,single-stream,2026,1120,na,lombok,Lombok443,0.5,3,1932,86,14363,49.27451401836205,0.04262877442223667,0.0843407365752976
E1,q2_x3_resunet_cas-single_seed2026,cas-single,single-stream,2026,1120,na,lombok,Lombok444,0.5,8,3605,55,12716,51.920592235987364,0.03539823008819296,0.08955223880553974
E1,q2_x3_resunet_cas-single_seed2026,cas-single,single-stream,2026,1120,na,lombok,Lombok445,0.5,0,670,17,15697,72.48754933044792,0.0,0.0
E1,q2_x3_resunet_cas-single_seed2026,cas-single,single-stream,2026,1120,na,lombok,Lombok446,0.5,0,0,35,16349,181.01933598375618,0.0,0.0
E1,q2_x3_resunet_cas-single_seed2026,cas-single,single-stream,2026,1120,na,lombok,Lombok447,0.5,0,0,23,16361,181.01933598375618,0.0,0.0
E1,q2_x3_resunet_cas-single_seed2026,cas-single,single-stream,2026,1120,na,lombok,Lombok448,0.5,0,0,213,16171,181.01933598375618,0.0,0.0
E1,q2_x3_resunet_cas-single_seed2026,cas-single,single-stream,2026,1120,na,lombok,Lombok449,0.5,100,322,275,15687,48.01822380193772,0.1799453053779424,0.4437897348422315
E1,q2_x3_resunet_cas-single_seed2026,cas-single,single-stream,2026,1120,na,lombok,Lombok450,0.5,0,3,250,16131,139.77230292789184,0.0,0.0
E1,q2_x3_resunet_cas-single_seed2026,cas-single,single-stream,2026,1120,na,lombok,Lombok451,0.5,1,2,292,16089,68.02498840964559,0.053333333333281406,0.11206896551713558
E1,q2_x3_resunet_cas-single_seed2026,cas-single,single-stream,2026,1120,na,lombok,Lombok452,0.5,212,556,326,15290,77.17187321517407,0.4051492655184207,0.5347413396318469
E1,q2_x3_resunet_cas-single_seed2026,cas-single,single-stream,2026,1120,na,lombok,Lombok453,0.5,94,260,455,15575,98.92367082725819,0.16990560799525173,0.29311495838679347
E1,q2_x3_resunet_cas-single_seed2026,cas-single,single-stream,2026,1120,na,lombok,Lombok454,0.5,11,10,348,16015,100.23819120274598,0.13440860215041225,0.15915119363380575
E1,q2_x3_resunet_cas-single_seed2026,cas-single,single-stream,2026,1120,na,lombok,Lombok455,0.5,5,8,204,16167,111.96114848477956,0.09708737864055614,0.15999999999967052
E1,q2_x3_resunet_cas-single_seed2026,cas-single,single-stream,2026,1120,na,lombok,Lombok456,0.5,9,1299,64,15012,44.553338819890925,0.13253546099245178,0.16850551654921161
E1,q2_x3_resunet_cas-single_seed2026,cas-single,single-stream,2026,1120,na,lombok,Lombok457,0.5,0,44,26,16314,69.26159612008354,0.0,0.0
E1,q2_x3_resunet_cas-single_seed2026,cas-single,single-stream,2026,1120,na,lombok,Lombok458,0.5,0,0,31,16353,181.01933598375618,0.0,0.0
E1,q2_x3_resunet_cas-single_seed2026,cas-single,single-stream,2026,1120,na,lombok,Lombok459,0.5,0,151,16,16217,70.10152122432919,0.0,0.0
E1,q2_x3_resunet_cas-single_seed2026,cas-single,single-stream,2026,1120,na,lombok,Lombok460,0.5,0,291,20,16073,71.20237773603309,0.0,0.0
E1,q2_x3_resunet_cas-single_seed2026,cas-single,single-stream,2026,1120,na,lombok,Lombok461,0.5,1,5545,23,10815,71.45065814220742,0.013363028952960114,0.030354131534106835
E1,q2_x3_resunet_cas-single_seed2026,cas-single,single-stream,2026,1120,na,lombok,Lombok462,0.5,13,4797,5,11569,33.24000710731964,0.005882352941076193,0.04060913705553887
E1,q2_x3_resunet_cas-single_seed2026,cas-single,single-stream,2026,1120,na,lombok,Lombok463,0.5,0,0,195,16189,181.01933598375618,0.0,0.0
E1,q2_x3_resunet_cas-single_seed2026,cas-single,single-stream,2026,1120,na,lombok,Lombok464,0.5,3,0,261,16120,50.22548774776144,0.09056603773576258,0.1532846715327052
E1,q2_x3_resunet_cas-single_seed2026,cas-single,single-stream,2026,1120,na,lombok,Lombok465,0.5,0,0,96,16288,181.01933598375618,0.0,0.0
E1,q2_x3_resunet_cas-single_seed2026,cas-single,single-stream,2026,1120,na,lombok,Lombok466,0.5,0,0,119,16265,181.01933598375618,0.0,0.0
E1,q2_x3_resunet_cas-single_seed2026,cas-single,single-stream,2026,1120,na,lombok,Lombok467,0.5,0,0,291,16093,181.01933598375618,0.0,0.0
E1,q2_x3_resunet_cas-single_seed2026,cas-single,single-stream,2026,1120,na,lombok,Lombok468,0.5,74,232,264,15814,64.90525269399458,0.1614730878184578,0.29783361709595074
E1,q2_x3_resunet_cas-single_seed2026,cas-single,single-stream,2026,1120,na,lombok,Lombok469,0.5,120,267,148,15849,43.751061606349225,0.471600057064399,0.6649484536078034
E1,q2_x3_resunet_cas-single_seed2026,cas-single,single-stream,2026,1120,na,lombok,Lombok470,0.5,0,0,121,16263,181.01933598375618,0.0,0.0
E1,q2_x3_resunet_cas-single_seed2026,cas-single,single-stream,2026,1120,na,lombok,Lombok471,0.5,0,2390,16,13978,52.3652144312159,0.0,0.0
E1,q2_x3_resunet_cas-single_seed2026,cas-single,single-stream,2026,1120,na,lombok,Lombok472,0.5,0,506,35,15843,58.32315765178444,0.0,0.0
E1,q2_x3_resunet_cas-single_seed2026,cas-single,single-stream,2026,1120,na,lombok,Lombok473,0.5,3,28,66,16287,83.33898759260114,0.09946714031947201,0.10892586989398614
E1,q2_x3_resunet_cas-single_seed2026,cas-single,single-stream,2026,1120,na,lombok,Lombok474,0.5,0,0,34,16350,181.01933598375618,0.0,0.0
E1,q2_x3_resunet_cas-single_seed2026,cas-single,single-stream,2026,1120,na,lombok,Lombok475,0.5,0,1,41,16342,79.93122043357026,0.0,0.0
E1,q2_x3_resunet_cas-single_seed2026,cas-single,single-stream,2026,1120,na,lombok,Lombok476,0.5,15,24,164,16181,79.19659081307044,0.16220130340316274,0.182741116751103
E1,q2_x3_resunet_cas-single_seed2026,cas-single,single-stream,2026,1120,na,lombok,Lombok477,0.5,39,129,138,16078,43.15758029050111,0.3258145363404667,0.4746821325001829
E1,q2_x3_resunet_cas-single_seed2026,cas-single,single-stream,2026,1120,na,lombok,Lombok478,0.5,16,34,29,16305,46.2418368068614,0.5748898678409918,0.5806451612899105
E1,q2_x3_resunet_cas-single_seed2026,cas-single,single-stream,2026,1120,na,lombok,Lombok479,0.5,5,312,46,16021,62.322939467701296,0.10282776349564515,0.15402567094470535
E1,q2_x3_resunet_cas-single_seed2026,cas-single,single-stream,2026,1120,na,lombok,Lombok480,0.5,10,1078,51,15245,56.42506063352723,0.09467455621255642,0.20308611249327851
E1,q2_x3_resunet_cas-single_seed2026,cas-single,single-stream,2026,1120,na,lombok,Lombok481,0.5,0,980,50,15354,74.20904268543983,0.0,0.0
E1,q2_x3_resunet_cas-single_seed2026,cas-single,single-stream,2026,1120,na,lombok,Lombok483,0.5,16,4509,5,11854,54.037024344425184,0.0,0.0
E1,q2_x3_resunet_cas-single_seed2026,cas-single,single-stream,2026,1120,na,lombok,Lombok484,0.5,17,413,42,15912,59.41017375065273,0.18559218559182664,0.2607669616515519
E1,q2_x3_resunet_cas-single_seed2026,cas-single,single-stream,2026,1120,na,lombok,Lombok485,0.5,2,3201,36,13145,50.99754878398196,0.0,0.0
E1,q2_x3_resunet_cas-single_seed2026,cas-single,single-stream,2026,1120,na,lombok,Lombok486,0.5,21,1454,19,14890,42.93188916663304,0.14801980197984632,0.21463414634114933
E1,q2_x3_resunet_cas-single_seed2026,cas-single,single-stream,2026,1120,na,lombok,Lombok487,0.5,16,1315,44,15009,43.04938838128391,0.0530759951745907,0.0818181818178114
E1,q2_x3_resunet_cas-single_seed2026,cas-single,single-stream,2026,1120,na,lombok,Lombok488,0.5,0,1013,36,15335,66.4649030298819,0.0,0.0
E1,q2_x3_resunet_cas-single_seed2026,cas-single,single-stream,2026,1120,na,lombok,Lombok489,0.5,0,1471,43,14870,71.73002562212757,0.0,0.0
E1,q2_x3_resunet_cas-single_seed2026,cas-single,single-stream,2026,1120,na,lombok,Lombok490,0.5,0,1465,39,14880,76.78293391534756,0.0,0.0
E1,q2_x3_resunet_cas-single_seed2026,cas-single,single-stream,2026,1120,na,lombok,Lombok494,0.5,0,1594,43,14747,78.4967752369566,0.0,0.0
E1,q2_x3_resunet_cas-single_seed2026,cas-single,single-stream,2026,1120,na,lombok,Lombok495,0.5,0,75,39,16270,83.59664058366086,0.0,0.0
E1,q2_x3_resunet_cas-single_seed2026,cas-single,single-stream,2026,1120,na,palu,Palu0001,0.5,45,421,233,15685,52.18202438805437,0.18506278916020408,0.3185504568315694
E1,q2_x3_resunet_cas-single_seed2026,cas-single,single-stream,2026,1120,na,palu,Palu0002,0.5,0,1009,181,15194,57.10167328724771,0.0,0.015624999999576294
E1,q2_x3_resunet_cas-single_seed2026,cas-single,single-stream,2026,1120,na,palu,Palu0003,0.5,0,218,535,15631,56.78699568037995,0.0,0.0
E1,q2_x3_resunet_cas-single_seed2026,cas-single,single-stream,2026,1120,na,palu,Palu0004,0.5,0,0,376,16008,181.01933598375618,0.0,0.0
E1,q2_x3_resunet_cas-single_seed2026,cas-single,single-stream,2026,1120,na,palu,Palu0005,0.5,0,0,106,16278,181.01933598375618,0.0,0.0
E1,q2_x3_resunet_cas-single_seed2026,cas-single,single-stream,2026,1120,na,palu,Palu0006,0.5,0,0,200,16184,181.01933598375618,0.0,0.0
E1,q2_x3_resunet_cas-single_seed2026,cas-single,single-stream,2026,1120,na,palu,Palu0007,0.5,92,62,260,15970,32.403336092696804,0.5272843997427741,0.6277895422702717
E1,q2_x3_resunet_cas-single_seed2026,cas-single,single-stream,2026,1120,na,palu,Palu0008,0.5,0,536,282,15566,56.683313724378266,0.0,0.0
E1,q2_x3_resunet_cas-single_seed2026,cas-single,single-stream,2026,1120,na,palu,Palu0009,0.5,0,326,125,15933,107.8343480155087,0.0,0.0
E1,q2_x3_resunet_cas-single_seed2026,cas-single,single-stream,2026,1120,na,palu,Palu0011,0.5,8,286,26,16064,50.95730766436177,0.11147236414285236,0.1157133464824275
E1,q2_x3_resunet_cas-single_seed2026,cas-single,single-stream,2026,1120,na,palu,Palu0012,0.5,0,181,41,16162,64.6571723118279,0.0,0.0
E1,q2_x3_resunet_cas-single_seed2026,cas-single,single-stream,2026,1120,na,palu,Palu0013,0.5,4,229,164,15987,65.25330374804324,0.06779661016901967,0.08700629650797273
E1,q2_x3_resunet_cas-single_seed2026,cas-single,single-stream,2026,1120,na,palu,Palu0014,0.5,0,404,127,15853,45.967379738244816,0.0,0.0
E1,q2_x3_resunet_cas-single_seed2026,cas-single,single-stream,2026,1120,na,palu,Palu0015,0.5,0,634,34,15716,61.580776511813035,0.0,0.0
E1,q2_x3_resunet_cas-single_seed2026,cas-single,single-stream,2026,1120,na,palu,Palu0016,0.5,0,77,34,16273,113.65039722200477,0.0,0.0
E1,q2_x3_resunet_cas-single_seed2026,cas-single,single-stream,2026,1120,na,palu,Palu0017,0.5,0,309,41,16034,67.9955868032128,0.0,0.0
E1,q2_x3_resunet_cas-single_seed2026,cas-single,single-stream,2026,1120,na,palu,Palu0018,0.5,0,16,99,16269,80.25284197438174,0.0,0.0
E1,q2_x3_resunet_cas-single_seed2026,cas-single,single-stream,2026,1120,na,palu,Palu0019,0.5,28,290,75,15991,64.02884202060788,0.22844243792275057,0.22844243792275057
E1,q2_x3_resunet_cas-single_seed2026,cas-single,single-stream,2026,1120,na,palu,Palu0020,0.5,0,73,47,16264,46.91641574847868,0.0,0.0
E1,q2_x3_resunet_cas-single_seed2026,cas-single,single-stream,2026,1120,na,palu,Palu0021,0.5,0,658,26,15700,63.13303917135835,0.0,0.0
E1,q2_x3_resunet_cas-single_seed2026,cas-single,single-stream,2026,1120,na,palu,Palu0022,0.5,0,0,30,16354,181.01933598375618,0.0,0.0
E1,q2_x3_resunet_cas-single_seed2026,cas-single,single-stream,2026,1120,na,palu,Palu0023,0.5,0,35,20,16329,59.00974469797042,0.0,0.0
E1,q2_x3_resunet_cas-single_seed2026,cas-single,single-stream,2026,1120,na,palu,Palu0024,0.5,0,476,85,15823,83.12062753234646,0.0,0.0
E1,q2_x3_resunet_cas-single_seed2026,cas-single,single-stream,2026,1120,na,palu,Palu0025,0.5,19,50,77,16238,51.672955449061725,0.3473227206942157,0.4048943270296482
E1,q2_x3_resunet_cas-single_seed2026,cas-single,single-stream,2026,1120,na,palu,Palu0026,0.5,10,58,69,16247,69.32451806334409,0.2902262057186742,0.31939163498050893
E1,q2_x3_resunet_cas-single_seed2026,cas-single,single-stream,2026,1120,na,palu,Palu0027,0.5,0,0,74,16310,181.01933598375618,0.0,0.0
E1,q2_x3_resunet_cas-single_seed2026,cas-single,single-stream,2026,1120,na,palu,Palu0028,0.5,0,9,28,16347,64.7509444246236,0.0,0.0
E1,q2_x3_resunet_cas-single_seed2026,cas-single,single-stream,2026,1120,na,palu,Palu0029,0.5,0,577,22,15785,48.80661297652338,0.0,0.0
E1,q2_x3_resunet_cas-single_seed2026,cas-single,single-stream,2026,1120,na,palu,Palu0031,0.5,0,1223,53,15108,57.0350769263968,0.0,0.0
E1,q2_x3_resunet_cas-single_seed2026,cas-single,single-stream,2026,1120,na,palu,Palu0032,0.5,39,1292,59,14994,30.07843925853032,0.23461427333108578,0.3674043612354869
E1,q2_x3_resunet_cas-single_seed2026,cas-single,single-stream,2026,1120,na,palu,Palu0033,0.5,24,619,86,15655,51.47979178669881,0.09627648631920586,0.1700120918979284
E1,q2_x3_resunet_cas-single_seed2026,cas-single,single-stream,2026,1120,na,palu,Palu0034,0.5,0,114,57,16213,68.51545354875726,0.0,0.0
E1,q2_x3_resunet_cas-single_seed2026,cas-single,single-stream,2026,1120,na,palu,Palu0037,0.5,0,212,53,16119,26.962880133180008,0.0,0.0
E1,q2_x3_resunet_cas-single_seed2026,cas-single,single-stream,2026,1120,na,palu,Palu0038,0.5,63,581,53,15687,55.392352717036864,0.12639405204420107,0.16563011456588403
E1,q2_x3_resunet_cas-single_seed2026,cas-single,single-stream,2026,1120,na,palu,Palu0039,0.5,107,481,30,15766,88.30542562967521,0.31162647149561856,0.37368836736960975
E1,q2_x3_resunet_cas-single_seed2026,cas-single,single-stream,2026,1120,na,palu,Palu0040,0.5,67,828,58,15431,63.06663131098051,0.2383011069405226,0.3454699407277575
E1,q2_x3_resunet_cas-single_seed2026,cas-single,single-stream,2026,1120,na,palu,Palu0041,0.5,6,911,144,15323,50.216997665345005,0.03739213806278306,0.04812249361963857
E1,q2_x3_resunet_cas-single_seed2026,cas-single,single-stream,2026,1120,na,palu,Palu0042,0.5,1,659,135,15589,39.524593793265794,0.007178750897171139,0.007294832826599092
E1,q2_x3_resunet_cas-single_seed2026,cas-single,single-stream,2026,1120,na,palu,Palu0043,0.5,0,43,37,16304,80.85621602205352,0.0,0.0
E1,q2_x3_resunet_cas-single_seed2026,cas-single,single-stream,2026,1120,na,palu,Palu0044,0.5,0,1096,53,15235,53.225933528685054,0.0,0.0
E1,q2_x3_resunet_cas-single_seed2026,cas-single,single-stream,2026,1120,na,palu,Palu0045,0.5,87,61,190,16046,39.639574211756695,0.33374183006494784,0.3837638376379378
E1,q2_x3_resunet_cas-single_seed2026,cas-single,single-stream,2026,1120,na,palu,Palu0046,0.5,123,622,174,15465,51.871473788795775,0.1446575342460859,0.2642201834857396
E1,q2_x3_resunet_cas-single_seed2026,cas-single,single-stream,2026,1120,na,palu,Palu0047,0.5,11,1404,139,14830,53.39457154003704,0.07920792079158837,0.1456900040464464
E1,q2_x3_resunet_cas-single_seed2026,cas-single,single-stream,2026,1120,na,palu,Palu0048,0.5,1,59,265,16059,68.04813012259608,0.024948024947710475,0.04022988505723763
E1,q2_x3_resunet_cas-single_seed2026,cas-single,single-stream,2026,1120,na,palu,Palu0049,0.5,5,30,209,16140,80.37035926051702,0.15028901734075378,0.2104056841619713
E1,q2_x3_resunet_cas-single_seed2026,cas-single,single-stream,2026,1120,na,palu,Palu0050,0.5,0,310,25,16049,50.59045881556418,0.0,0.0
E1,q2_x3_resunet_cas-single_seed2026,cas-single,single-stream,2026,1120,na,palu,Palu0051,0.5,0,0,36,16348,181.01933598375618,0.0,0.0
E1,q2_x3_resunet_cas-single_seed2026,cas-single,single-stream,2026,1120,na,palu,Palu0053,0.5,17,3097,190,13080,74.82706452723927,0.0758538950541245,0.08131629045391507
E1,q2_x3_resunet_cas-single_seed2026,cas-single,single-stream,2026,1120,na,palu,Palu0054,0.5,116,995,98,15175,24.935406387208847,0.2564102564097962,0.358831373499366
E1,q2_x3_resunet_cas-single_seed2026,cas-single,single-stream,2026,1120,na,palu,Palu0055,0.5,0,224,83,16077,104.16277467245021,0.0,0.0
E1,q2_x3_resunet_cas-single_seed2026,cas-single,single-stream,2026,1120,na,palu,Palu0056,0.5,17,714,193,15460,46.007528567311816,0.15800273597761247,0.1959558823524415
E1,q2_x3_resunet_cas-single_seed2026,cas-single,single-stream,2026,1120,na,palu,Palu0057,0.5,0,32,135,16217,57.03638372231079,0.0,0.0
E1,q2_x3_resunet_cas-single_seed2026,cas-single,single-stream,2026,1120,na,palu,Palu0058,0.5,0,80,17,16287,101.32077942492637,0.0,0.0
E1,q2_x3_resunet_cas-single_seed2026,cas-single,single-stream,2026,1120,na,palu,Palu0059,0.5,0,20,58,16306,44.07715931499252,0.0,0.0
E1,q2_x3_resunet_cas-single_seed2026,cas-single,single-stream,2026,1120,na,palu,Palu0060,0.5,0,266,42,16076,52.08262396858976,0.0,0.0
E1,q2_x3_resunet_cas-single_seed2026,cas-single,single-stream,2026,1120,na,palu,Palu0061,0.5,26,3496,20,12842,99.16019768093057,0.06309148264975212,0.06354708261112979
E1,q2_x3_resunet_cas-single_seed2026,cas-single,single-stream,2026,1120,na,palu,Palu0062,0.5,0,417,46,15921,130.85616164856575,0.0,0.0
E1,q2_x3_resunet_cas-single_seed2026,cas-single,single-stream,2026,1120,na,palu,Palu0063,0.5,0,403,60,15921,106.05917740173057,0.0,0.0
E1,q2_x3_resunet_cas-single_seed2026,cas-single,single-stream,2026,1120,na,palu,Palu0064,0.5,7,792,54,15531,54.145773965399826,0.054586808187540206,0.1518704634277596
E1,q2_x3_resunet_cas-single_seed2026,cas-single,single-stream,2026,1120,na,palu,Palu0066,0.5,0,2196,34,14154,80.77827869197688,0.0,0.0
E1,q2_x3_resunet_cas-single_seed2026,cas-single,single-stream,2026,1120,na,palu,Palu0067,0.5,0,799,31,15554,65.0119146666809,0.0,0.0
E1,q2_x3_resunet_cas-single_seed2026,cas-single,single-stream,2026,1120,na,palu,Palu0070,0.5,0,392,23,15969,66.85329954350341,0.0,0.0
E1,q2_x3_resunet_cas-single_seed2026,cas-single,single-stream,2026,1120,na,palu,Palu0071,0.5,0,777,24,15583,86.35189587920259,0.0,0.0
E1,q2_x3_resunet_cas-single_seed2026,cas-single,single-stream,2026,1120,na,palu,Palu0072,0.5,0,2050,34,14300,63.31586343692213,0.0,0.0
E1,q2_x3_resunet_cas-single_seed2026,cas-single,single-stream,2026,1120,na,palu,Palu0073,0.5,0,2297,34,14053,63.76986922833193,0.0,0.0
E1,q2_x3_resunet_cas-single_seed2026,cas-single,single-stream,2026,1120,na,palu,Palu0078,0.5,0,92,31,16261,122.89240461485511,0.0,0.0
E1,q2_x3_resunet_cas-single_seed2026,cas-single,single-stream,2026,1120,na,palu,Palu0079,0.5,0,270,25,16089,82.79596690244975,0.0,0.019417475727787726
E1,q2_x3_resunet_cas-single_seed2026,cas-single,single-stream,2026,1120,na,palu,Palu0083,0.5,3,3141,21,13219,100.18208419590303,0.047014925372986134,0.07368421052617928
E1,q2_x3_resunet_cas-single_seed2026,cas-single,single-stream,2026,1120,na,palu,Palu0084,0.5,0,680,47,15657,56.93816943356491,0.0,0.0
E1,q2_x3_resunet_cas-single_seed2026,cas-single,single-stream,2026,1120,na,palu,Palu0085,0.5,0,246,30,16108,62.45563064981355,0.0,0.0
E1,q2_x3_resunet_cas-single_seed2026,cas-single,single-stream,2026,1120,na,palu,Palu0086,0.5,0,412,38,15934,50.64352506469309,0.0,0.0
E1,q2_x3_resunet_cas-single_seed2026,cas-single,single-stream,2026,1120,na,palu,Palu0087,0.5,0,513,143,15728,64.03279678135878,0.0,0.0
E1,q2_x3_resunet_cas-single_seed2026,cas-single,single-stream,2026,1120,na,palu,Palu0088,0.5,0,191,112,16081,80.4763363424179,0.0,0.0
E1,q2_x3_resunet_cas-single_seed2026,cas-single,single-stream,2026,1120,na,palu,Palu0089,0.5,0,119,29,16236,148.3684199805735,0.0,0.0
E1,q2_x3_resunet_cas-single_seed2026,cas-single,single-stream,2026,1120,na,palu,Palu0090,0.5,0,229,29,16126,81.55047152005349,0.0,0.0
E1,q2_x3_resunet_cas-single_seed2026,cas-single,single-stream,2026,1120,na,palu,Palu0091,0.5,0,1128,24,15232,104.06825835571074,0.0,0.0
E1,q2_x3_resunet_cas-single_seed2026,cas-single,single-stream,2026,1120,na,palu,Palu0092,0.5,0,31,41,16312,66.30253296390859,0.0,0.0
E1,q2_x3_resunet_cas-single_seed2026,cas-single,single-stream,2026,1120,na,palu,Palu0093,0.5,0,25,30,16329,122.09681795421864,0.0,0.0
E1,q2_x3_resunet_cas-single_seed2026,cas-single,single-stream,2026,1120,na,palu,Palu0094,0.5,0,633,44,15707,61.73413659604273,0.0,0.0
E1,q2_x3_resunet_cas-single_seed2026,cas-single,single-stream,2026,1120,na,palu,Palu0095,0.5,0,0,154,16230,181.01933598375618,0.0,0.0
E1,q2_x3_resunet_cas-single_seed2026,cas-single,single-stream,2026,1120,na,palu,Palu0096,0.5,0,575,123,15686,101.4609691702635,0.0,0.0
E1,q2_x3_resunet_cas-single_seed2026,cas-single,single-stream,2026,1120,na,palu,Palu0097,0.5,0,10,411,15963,141.80610254334186,0.0,0.0
E1,q2_x3_resunet_cas-single_seed2026,cas-single,single-stream,2026,1120,na,palu,Palu0098,0.5,0,118,411,15855,88.16285740651657,0.0,0.0
E1,q2_x3_resunet_cas-single_seed2026,cas-single,single-stream,2026,1120,na,palu,Palu0104,0.5,0,652,382,15350,137.48088699757412,0.0,0.0
E1,q2_x3_resunet_cas-single_seed2026,cas-single,single-stream,2026,1120,na,palu,Palu0105,0.5,0,0,382,16002,181.01933598375618,0.0,0.0
E1,q2_x3_resunet_cas-single_seed2026,cas-single,single-stream,2026,1120,na,palu,Palu0106,0.5,0,0,37,16347,181.01933598375618,0.0,0.0
E1,q2_x3_resunet_cas-single_seed2026,cas-single,single-stream,2026,1120,na,palu,Palu0107,0.5,0,0,157,16227,181.01933598375618,0.0,0.0
E1,q2_x3_resunet_cas-single_seed2026,cas-single,single-stream,2026,1120,na,palu,Palu0108,0.5,0,0,120,16264,181.01933598375618,0.0,0.0
E1,q2_x3_resunet_cas-single_seed2026,cas-single,single-stream,2026,1120,na,palu,Palu0110,0.5,3,804,50,15527,65.52444356229859,0.0693641618492952,0.1091290661066742
E1,q2_x3_resunet_cas-single_seed2026,cas-single,single-stream,2026,1120,na,palu,Palu0111,0.5,0,1652,157,14575,78.61210118389737,0.0,0.0
E1,q2_x3_resunet_cas-single_seed2026,cas-single,single-stream,2026,1120,na,palu,Palu0112,0.5,0,457,120,15807,68.4994618802502,0.0,0.0
E1,q2_x3_resunet_cas-single_seed2026,cas-single,single-stream,2026,1120,na,palu,Palu0113,0.5,0,0,30,16354,181.01933598375618,0.0,0.0
E1,q2_x3_resunet_cas-single_seed2026,cas-single,single-stream,2026,1120,na,palu,Palu0114,0.5,0,0,32,16352,181.01933598375618,0.0,0.0
E1,q2_x3_resunet_cas-single_seed2026,cas-single,single-stream,2026,1120,na,palu,Palu0117,0.5,0,1977,67,14340,113.03842392198764,0.0,0.0
E1,q2_x3_resunet_cas-single_seed2026,cas-single,single-stream,2026,1120,na,palu,Palu0118,0.5,68,745,11,15560,30.854344759702986,0.12389380530939492,0.257781032588386
E1,q2_x3_resunet_cas-single_seed2026,cas-single,single-stream,2026,1120,na,palu,Palu0120,0.5,0,0,30,16354,181.01933598375618,0.0,0.0
E1,q2_x3_resunet_cas-single_seed2026,cas-single,single-stream,2026,1120,na,palu,Palu0121,0.5,0,31,32,16321,28.923156221077992,0.0,0.0
E1,q2_x3_resunet_cas-single_seed2026,cas-single,single-stream,2026,1120,na,palu,Palu0125,0.5,65,1321,2,14996,72.36005801533649,0.0979591836731907,0.165787490579995
E1,q2_x3_resunet_cas-single_seed2026,cas-single,single-stream,2026,1120,na,palu,Palu0126,0.5,42,417,45,15880,118.04257658967452,0.27841052897956775,0.3145615446496476
E1,q2_x3_resunet_cas-single_seed2026,cas-single,single-stream,2026,1120,na,palu,Palu0127,0.5,0,171,34,16179,90.48562036703817,0.0,0.0
E1,q2_x3_resunet_cas-single_seed2026,cas-single,single-stream,2026,1120,na,palu,Palu0130,0.5,15,200,11,16158,76.06985434621228,0.15280135823381652,0.5419354838704712
E1,q2_x3_resunet_cas-single_seed2026,cas-single,single-stream,2026,1120,na,palu,Palu0131,0.5,3,2652,15,13714,74.79287571697759,0.02375296912100778,0.0841300191200815
E1,q2_x3_resunet_cas-single_seed2026,cas-single,single-stream,2026,1120,na,palu,Palu0132,0.5,0,485,24,15875,114.07276435614544,0.0,0.0
E1,q2_x3_resunet_cas-single_seed2026,cas-single,single-stream,2026,1120,na,palu,Palu0133,0.5,0,0,45,16339,181.01933598375618,0.0,0.0
E1,q2_x3_resunet_cas-single_seed2026,cas-single,single-stream,2026,1120,na,palu,Palu0134,0.5,17,50,12,16305,93.62888116613968,0.5775764439406166,0.7916666666661883
E1,q2_x3_resunet_cas-single_seed2026,cas-single,single-stream,2026,1120,na,palu,Palu0138,0.5,0,544,16,15824,50.2766368440986,0.0,0.0
E1,q2_x3_resunet_cas-single_seed2026,cas-single,single-stream,2026,1120,na,palu,Palu0140,0.5,0,1196,54,15134,121.64291443642715,0.0,0.0
E1,q2_x3_resunet_cas-single_seed2026,cas-single,single-stream,2026,1120,na,palu,Palu0141,0.5,0,375,407,15602,102.55727832124374,0.0,0.0
E1,q2_x3_resunet_cas-single_seed2026,cas-single,single-stream,2026,1120,na,palu,Palu0142,0.5,208,102,206,15868,9.096100619242824,0.6852336745214621,0.8805970149248802
E1,q2_x3_resunet_cas-single_seed2026,cas-single,single-stream,2026,1120,na,palu,Palu0146,0.5,0,8,33,16343,125.0239973126756,0.0,0.0
E1,q2_x3_resunet_cas-single_seed2026,cas-single,single-stream,2026,1120,na,palu,Palu0147,0.5,0,342,162,15880,112.86978818938677,0.0,0.0
E1,q2_x3_resunet_cas-single_seed2026,cas-single,single-stream,2026,1120,na,palu,Palu0151,0.5,0,94,444,15846,73.85632195142371,0.0,0.0
E1,q2_x3_resunet_cas-single_seed2026,cas-single,single-stream,2026,1120,na,palu,Palu0152,0.5,1,389,460,15534,52.97030176751533,0.0,0.01576576576535351
E1,q2_x3_resunet_cas-single_seed2026,cas-single,single-stream,2026,1120,na,palu,Palu0157,0.5,51,251,155,15927,55.41389872319405,0.24021673690502435,0.3419444742197131
E1,q2_x3_resunet_cas-single_seed2026,cas-single,single-stream,2026,1120,na,palu,Palu0158,0.5,39,459,154,15732,56.67890325534295,0.12583271650588035,0.2728518301033847
E1,q2_x3_resunet_cas-single_seed2026,cas-single,single-stream,2026,1120,na,palu,Palu0163,0.5,13,136,63,16172,47.876387684864255,0.2756432851598807,0.3655352480412843
E1,q2_x3_resunet_cas-single_seed2026,cas-single,single-stream,2026,1120,na,palu,Palu0167,0.5,0,242,49,16093,80.6969582975866,0.0,0.0
E1,q2_x3_resunet_cas-single_seed2026,cas-single,single-stream,2026,1120,na,palu,Palu0168,0.5,0,0,65,16319,181.01933598375618,0.0,0.0
E1,q2_x3_resunet_cas-single_seed2026,cas-single,single-stream,2026,1120,na,palu,Palu0172,0.5,0,3022,20,13342,83.48652585896721,0.0,0.0
E1,q2_x3_resunet_cas-single_seed2026,cas-single,single-stream,2026,1120,na,palu,Palu0175,0.5,0,23,29,16332,70.750261967229,0.0,0.0
E1,q2_x3_resunet_cas-single_seed2026,cas-single,single-stream,2026,1120,na,palu,Palu0176,0.5,7,1576,23,14778,50.095386632897004,0.05833333333308421,0.08461538461505105
E1,q2_x3_resunet_cas-single_seed2026,cas-single,single-stream,2026,1120,na,palu,Palu0177,0.5,0,1006,42,15336,49.002550754842844,0.0,0.0
E1,q2_x3_resunet_cas-single_seed2026,cas-single,single-stream,2026,1120,na,palu,Palu0178,0.5,0,128,35,16221,69.72686550205,0.0,0.0
E1,q2_x3_resunet_cas-single_seed2026,cas-single,single-stream,2026,1120,na,palu,Palu0181,0.5,15,3556,10,12803,64.53099951707696,0.06496519721566799,0.0910470409710282
E1,q2_x3_resunet_cas-single_seed2026,cas-single,single-stream,2026,1120,na,palu,Palu0182,0.5,33,3174,3,13174,52.81481090737796,0.06593406593381326,0.19517003449948525
E1,q2_x3_resunet_cas-single_seed2026,cas-single,single-stream,2026,1120,na,palu,Palu0183,0.5,0,1102,21,15261,76.82965633214953,0.0,0.0
E1,q2_x3_resunet_cas-single_seed2026,cas-single,single-stream,2026,1120,na,palu,Palu0184,0.5,0,4744,188,11452,104.84325013767426,0.0,0.0
E1,q2_x3_resunet_cas-single_seed2026,cas-single,single-stream,2026,1120,na,palu,Palu0185,0.5,0,4605,754,11025,83.95193370982413,0.0,0.060589667297495056
E1,q2_x3_resunet_cas-single_seed2026,cas-single,single-stream,2026,1120,na,palu,Palu0186,0.5,0,24,566,15794,66.50599202559302,0.0,0.0
E1,q2_x3_resunet_cas-single_seed2026,cas-single,single-stream,2026,1120,na,palu,Palu0194,0.5,0,460,26,15898,67.61435497729146,0.0,0.0
E1,q2_x3_resunet_cas-single_seed2026,cas-single,single-stream,2026,1120,na,palu,Palu0195,0.5,7,1869,20,14488,48.12955356447262,0.0,0.0
E1,q2_x3_resunet_cas-single_seed2026,cas-single,single-stream,2026,1120,na,palu,Palu0196,0.5,27,2979,10,13368,44.78169068523159,0.0,0.0
E1,q2_x3_resunet_cas-single_seed2026,cas-single,single-stream,2026,1120,na,palu,Palu0197,0.5,0,1514,30,14840,63.60619498406769,0.0,0.0
E1,q2_x3_resunet_cas-single_seed2026,cas-single,single-stream,2026,1120,na,palu,Palu0200,0.5,15,2483,10,13876,70.35928508744993,0.04030226700240089,0.07484168105916408
E1,q2_x3_resunet_cas-single_seed2026,cas-single,single-stream,2026,1120,na,palu,Palu0201,0.5,5,3696,37,12646,67.53055523199217,0.029593094944369652,0.03061224489787157
E1,q2_x3_resunet_cas-single_seed2026,cas-single,single-stream,2026,1120,na,palu,Palu0202,0.5,8,2823,19,13534,59.24910097684697,0.081023454157569,0.099173553718755
E1,q2_x3_resunet_cas-single_seed2026,cas-single,single-stream,2026,1120,na,palu,Palu0203,0.5,0,4403,408,11573,85.37564055396598,0.0,0.0
E1,q2_x3_resunet_cas-single_seed2026,cas-single,single-stream,2026,1120,na,palu,Palu0204,0.5,1097,4450,0,10837,31.38470965295043,0.0,0.0
E1,q2_x3_resunet_cas-single_seed2026,cas-single,single-stream,2026,1120,na,palu,Palu0205,0.5,0,1029,689,14666,75.80831034781306,0.0,0.0
E1,q2_x3_resunet_cas-single_seed2026,cas-single,single-stream,2026,1120,na,palu,Palu0206,0.5,43,3531,165,12645,70.60630276822128,0.07915567282282318,0.13765182186201813
E1,q2_x3_resunet_cas-single_seed2026,cas-single,single-stream,2026,1120,na,palu,Palu0207,0.5,154,4465,54,11711,55.416577568050144,0.13160414309302676,0.1691934178578139
E1,q2_x3_resunet_cas-single_seed2026,cas-single,single-stream,2026,1120,na,palu,Palu0210,0.5,0,0,17,16367,181.01933598375618,0.0,0.0
E1,q2_x3_resunet_cas-single_seed2026,cas-single,single-stream,2026,1120,na,palu,Palu0211,0.5,0,0,23,16361,181.01933598375618,0.0,0.0
E1,q2_x3_resunet_cas-single_seed2026,cas-single,single-stream,2026,1120,na,palu,Palu0212,0.5,0,1131,33,15220,54.78269745431782,0.0,0.0
E1,q2_x3_resunet_cas-single_seed2026,cas-single,single-stream,2026,1120,na,palu,Palu0213,0.5,14,2081,13,14276,56.468570877334706,0.05996184246375026,0.11072261072243128
E1,q2_x3_resunet_cas-single_seed2026,cas-single,single-stream,2026,1120,na,palu,Palu0215,0.5,0,0,22,16362,181.01933598375618,0.0,0.0
E1,q2_x3_resunet_cas-single_seed2026,cas-single,single-stream,2026,1120,na,palu,Palu0216,0.5,0,4,21,16359,74.68600939935136,0.0,0.0
E1,q2_x3_resunet_cas-single_seed2026,cas-single,single-stream,2026,1120,na,palu,Palu0217,0.5,0,1238,37,15109,50.0,0.0,0.0
E1,q2_x3_resunet_cas-single_seed2026,cas-single,single-stream,2026,1120,na,palu,Palu0219,0.5,0,2368,19,13997,80.75969964092867,0.0,0.0
E1,q2_x3_resunet_cas-single_seed2026,cas-single,single-stream,2026,1120,na,palu,Palu0220,0.5,0,2786,19,13579,65.44914345242316,0.0,0.0
E1,q2_x3_resunet_cas-single_seed2026,cas-single,single-stream,2026,1120,na,palu,Palu0221,0.5,0,2743,220,13421,93.39901232329186,0.0,0.0
E1,q2_x3_resunet_cas-single_seed2026,cas-single,single-stream,2026,1120,na,palu,Palu0222,0.5,0,3130,343,12911,97.13803648797688,0.0,0.0
E1,q2_x3_resunet_cas-single_seed2026,cas-single,single-stream,2026,1120,na,palu,Palu0223,0.5,0,3899,123,12362,116.48257301015497,0.0,0.0
E1,q2_x3_resunet_cas-single_seed2026,cas-single,single-stream,2026,1120,na,palu,Palu0224,0.5,0,2542,203,13639,72.16577864042833,0.0,0.0
E1,q2_x3_resunet_cas-single_seed2026,cas-single,single-stream,2026,1120,na,palu,Palu0225,0.5,0,3297,203,12884,84.41385602096229,0.0,0.0
E1,q2_x3_resunet_cas-single_seed2026,cas-single,single-stream,2026,1120,na,palu,Palu0226,0.5,0,1727,17,14640,75.2675194288876,0.0,0.0
E1,q2_x3_resunet_cas-single_seed2026,cas-single,single-stream,2026,1120,na,palu,Palu0227,0.5,0,34,17,16333,73.74470957887523,0.0,0.0
E1,q2_x3_resunet_cas-single_seed2026,cas-single,single-stream,2026,1120,na,palu,Palu0228,0.5,7,729,29,15619,73.12045172019606,0.09003215434054072,0.11940298507426332
E1,q2_x3_resunet_cas-single_seed2026,cas-single,single-stream,2026,1120,na,palu,Palu0229,0.5,13,2254,29,14088,36.452468939074365,0.0,0.016293279021953086
E1,q2_x3_resunet_cas-single_seed2026,cas-single,single-stream,2026,1120,na,palu,Palu0231,0.5,0,2261,55,14068,69.04112572024458,0.0,0.0
E1,q2_x3_resunet_cas-single_seed2026,cas-single,single-stream,2026,1120,na,palu,Palu0232,0.5,0,0,72,16312,181.01933598375618,0.0,0.0
E1,q2_x3_resunet_cas-single_seed2026,cas-single,single-stream,2026,1120,na,palu,Palu0233,0.5,0,276,37,16071,55.23622187951196,0.0,0.018518518518068072
E1,q2_x3_resunet_cas-single_seed2026,cas-single,single-stream,2026,1120,na,palu,Palu0235,0.5,26,3266,12,13080,48.30113870293329,0.060248578049133694,0.08884422110530166
E1,q2_x3_resunet_cas-single_seed2026,cas-single,single-stream,2026,1120,na,palu,Palu0236,0.5,13,1839,29,14503,26.38071968664376,0.0,0.0
E1,q2_x3_resunet_cas-single_seed2026,cas-single,single-stream,2026,1120,na,palu,Palu0238,0.5,0,0,445,15939,181.01933598375618,0.0,0.0
E1,q2_x3_resunet_cas-single_seed2026,cas-single,single-stream,2026,1120,na,palu,Palu0239,0.5,0,211,1712,14461,65.35935860046928,0.0,0.0
E1,q2_x3_resunet_cas-single_seed2026,cas-single,single-stream,2026,1120,na,palu,Palu0240,0.5,0,3803,1430,11151,76.88255039729036,0.0,0.0
E1,q2_x3_resunet_cas-single_seed2026,cas-single,single-stream,2026,1120,na,palu,Palu0241,0.5,0,5302,163,10919,116.31677670469594,0.0,0.0
E1,q2_x3_resunet_cas-single_seed2026,cas-single,single-stream,2026,1120,na,palu,Palu0243,0.5,0,939,16,15429,59.37802284349596,0.0,0.0
E1,q2_x3_resunet_cas-single_seed2026,cas-single,single-stream,2026,1120,na,palu,Palu0250,0.5,0,1414,78,14892,42.04580763285441,0.0,0.0
E1,q2_x3_resunet_cas-single_seed2026,cas-single,single-stream,2026,1120,na,palu,Palu0251,0.5,21,1598,63,14702,54.98982192079814,0.09120521172603589,0.1354141066597422
E1,q2_x3_resunet_cas-single_seed2026,cas-single,single-stream,2026,1120,na,palu,Palu0253,0.5,132,2902,35,13315,56.174286503650784,0.1519340874176251,0.22243635257090025
E1,q2_x3_resunet_cas-single_seed2026,cas-single,single-stream,2026,1120,na,palu,Palu0254,0.5,0,2130,142,14112,72.462398018185,0.0,0.0
E1,q2_x3_resunet_cas-single_seed2026,cas-single,single-stream,2026,1120,na,palu,Palu0255,0.5,304,2655,581,12844,67.52773514815247,0.05843792875629632,0.09454696247121991
E1,q2_x3_resunet_cas-single_seed2026,cas-single,single-stream,2026,1120,na,palu,Palu0256,0.5,0,49,3094,13241,59.834761212562306,0.0,0.0
E1,q2_x3_resunet_cas-single_seed2026,cas-single,single-stream,2026,1120,na,palu,Palu0257,0.5,98,53,2879,13354,72.19763916604421,0.0,0.0
E1,q2_x3_resunet_cas-single_seed2026,cas-single,single-stream,2026,1120,na,palu,Palu0258,0.5,0,2248,768,13368,107.24609921102169,0.0,0.0
E1,q2_x3_resunet_cas-single_seed2026,cas-single,single-stream,2026,1120,na,palu,Palu0259,0.5,0,1153,16,15215,109.11965804308292,0.0,0.0
E1,q2_x3_resunet_cas-single_seed2026,cas-single,single-stream,2026,1120,na,palu,Palu0260,0.5,0,695,23,15666,52.15182307048372,0.0,0.007843137254737838
E1,q2_x3_resunet_cas-single_seed2026,cas-single,single-stream,2026,1120,na,palu,Palu0263,0.5,0,2789,27,13568,62.98384512389128,0.0,0.0
E1,q2_x3_resunet_cas-single_seed2026,cas-single,single-stream,2026,1120,na,palu,Palu0267,0.5,0,1900,36,14448,48.38387830425368,0.0,0.0
E1,q2_x3_resunet_cas-single_seed2026,cas-single,single-stream,2026,1120,na,palu,Palu0268,0.5,0,1301,63,15020,61.554853586049575,0.0,0.0
E1,q2_x3_resunet_cas-single_seed2026,cas-single,single-stream,2026,1120,na,palu,Palu0269,0.5,0,1112,61,15211,46.17358552246078,0.0,0.0
E1,q2_x3_resunet_cas-single_seed2026,cas-single,single-stream,2026,1120,na,palu,Palu0270,0.5,0,2755,138,13491,73.54522189292372,0.0,0.0
E1,q2_x3_resunet_cas-single_seed2026,cas-single,single-stream,2026,1120,na,palu,Palu0271,0.5,0,618,138,15628,83.7358918289111,0.0,0.0
E1,q2_x3_resunet_cas-single_seed2026,cas-single,single-stream,2026,1120,na,palu,Palu0272,0.5,0,940,440,15004,107.59505522553114,0.0,0.0
E1,q2_x3_resunet_cas-single_seed2026,cas-single,single-stream,2026,1120,na,palu,Palu0273,0.5,54,486,1328,14516,64.20700843946719,0.0,0.0
E1,q2_x3_resunet_cas-single_seed2026,cas-single,single-stream,2026,1120,na,palu,Palu0274,0.5,0,979,1547,13858,52.39274411120323,0.0,0.0
E1,q2_x3_resunet_cas-single_seed2026,cas-single,single-stream,2026,1120,na,palu,Palu0275,0.5,0,68,605,15711,119.99698203580607,0.0,0.0
E1,q2_x3_resunet_cas-single_seed2026,cas-single,single-stream,2026,1120,na,palu,Palu0279,0.5,0,612,52,15720,55.37236777794389,0.0,0.0
E1,q2_x3_resunet_cas-single_seed2026,cas-single,single-stream,2026,1120,na,palu,Palu0280,0.5,0,80,106,16198,69.20194604655012,0.0,0.0
E1,q2_x3_resunet_cas-single_seed2026,cas-single,single-stream,2026,1120,na,palu,Palu0281,0.5,0,2418,67,13899,53.23532661682466,0.0,0.0
E1,q2_x3_resunet_cas-single_seed2026,cas-single,single-stream,2026,1120,na,palu,Palu0284,0.5,1,488,55,15840,69.48495597667751,0.05150214592224753,0.08304498269847516
E1,q2_x3_resunet_cas-single_seed2026,cas-single,single-stream,2026,1120,na,palu,Palu0285,0.5,44,1887,49,14404,40.0,0.09026548672516599,0.2051874678988398
E1,q2_x3_resunet_cas-single_seed2026,cas-single,single-stream,2026,1120,na,palu,Palu0286,0.5,0,1969,104,14311,69.30512097874742,0.0,0.0
E1,q2_x3_resunet_cas-single_seed2026,cas-single,single-stream,2026,1120,na,palu,Palu0287,0.5,31,737,215,15401,35.02647067731558,0.13482675599238367,0.2643587726194949
E1,q2_x3_resunet_cas-single_seed2026,cas-single,single-stream,2026,1120,na,palu,Palu0288,0.5,32,1098,147,15107,56.636978834189485,0.051746442431609,0.13893783035440055
E1,q2_x3_resunet_cas-single_seed2026,cas-single,single-stream,2026,1120,na,palu,Palu0289,0.5,0,2114,50,14220,51.286382220905764,0.0,0.0
E1,q2_x3_resunet_cas-single_seed2026,cas-single,single-stream,2026,1120,na,palu,Palu0290,0.5,0,0,27,16357,181.01933598375618,0.0,0.0
E1,q2_x3_resunet_cas-single_seed2026,cas-single,single-stream,2026,1120,na,palu,Palu0291,0.5,0,1990,18,14376,68.6789587631355,0.0,0.0
E1,q2_x3_resunet_cas-single_seed2026,cas-single,single-stream,2026,1120,na,palu,Palu0293,0.5,0,655,41,15688,48.718552857594126,0.0,0.0
E1,q2_x3_resunet_cas-single_seed2026,cas-single,single-stream,2026,1120,na,palu,Palu0294,0.5,41,3745,83,12515,35.99797374030131,0.02307692307642453,0.05685279187768628
E1,q2_x3_resunet_cas-single_seed2026,cas-single,single-stream,2026,1120,na,palu,Palu0295,0.5,48,1468,130,14738,44.3708156307744,0.08498845265542129,0.13763670312039467
E1,q2_x3_resunet_cas-single_seed2026,cas-single,single-stream,2026,1120,na,palu,Palu0296,0.5,0,1041,177,15166,58.66608743458118,0.0,0.0
E1,q2_x3_resunet_cas-single_seed2026,cas-single,single-stream,2026,1120,na,palu,Palu0297,0.5,299,1502,91,14492,43.86342439892262,0.2631203537854216,0.4725653926186318
E1,q2_x3_resunet_cas-single_seed2026,cas-single,single-stream,2026,1120,na,palu,Palu0298,0.5,9,425,204,15746,46.634748328548106,0.054170249354663455,0.0717110466645416
E1,q2_x3_resunet_cas-single_seed2026,cas-single,single-stream,2026,1120,na,palu,Palu0299,0.5,34,909,36,15405,47.09875337606559,0.21562755240914003,0.27188422087925757
E1,q2_x3_resunet_cas-single_seed2026,cas-single,single-stream,2026,1120,na,palu,Palu0300,0.5,47,3273,44,13020,39.840302886454104,0.16296296296262847,0.21621621621587728
E1,q2_x3_resunet_cas-single_seed2026,cas-single,single-stream,2026,1120,na,palu,Palu0301,0.5,0,1224,21,15139,81.03054508415077,0.0,0.0
E1,q2_x3_resunet_cas-single_seed2026,cas-single,single-stream,2026,1120,na,palu,Palu0302,0.5,4,3000,14,13366,48.474732879876356,0.0,0.0
E1,q2_x3_resunet_cas-single_seed2026,cas-single,single-stream,2026,1120,na,palu,Palu0303,0.5,6,3013,62,13303,34.17264612693051,0.0,0.01418439716285074
E1,q2_x3_resunet_cas-single_seed2026,cas-single,single-stream,2026,1120,na,palu,Palu0304,0.5,22,1576,108,14678,71.36072544700362,0.06948465547149947,0.1328609388835106
E1,q2_x3_resunet_cas-single_seed2026,cas-single,single-stream,2026,1120,na,palu,Palu0305,0.5,0,123,174,16087,63.074541304258666,0.0,0.0
E1,q2_x3_resunet_cas-single_seed2026,cas-single,single-stream,2026,1120,na,palu,Palu0306,0.5,0,1455,212,14717,79.25968977115868,0.0,0.0
E1,q2_x3_resunet_cas-single_seed2026,cas-single,single-stream,2026,1120,na,palu,Palu0307,0.5,0,1618,215,14551,59.665735560705194,0.0,0.0
E1,q2_x3_resunet_cas-single_seed2026,cas-single,single-stream,2026,1120,na,palu,Palu0309,0.5,0,977,79,15328,74.27920208472732,0.0,0.0
E1,q2_x3_resunet_cas-single_seed2026,cas-single,single-stream,2026,1120,na,palu,Palu0310,0.5,0,940,212,15232,52.17927850165394,0.0,0.0
E1,q2_x3_resunet_cas-single_seed2026,cas-single,single-stream,2026,1120,na,palu,Palu0311,0.5,1,491,132,15760,63.06844892437205,0.01261034047893962,0.013724266999239784
E1,q2_x3_resunet_cas-single_seed2026,cas-single,single-stream,2026,1120,na,palu,Palu0312,0.5,0,1810,27,14547,65.76473218982953,0.0,0.0
E1,q2_x3_resunet_cas-single_seed2026,cas-single,single-stream,2026,1120,na,palu,Palu0313,0.5,19,13,75,16277,108.69253537490462,0.40128558310340817,0.42857142857109176
E1,q2_x3_resunet_cas-single_seed2026,cas-single,single-stream,2026,1120,na,palu,Palu0314,0.5,49,1524,206,14605,39.78328315193386,0.19841517439273412,0.26064291920021
E1,q2_x3_resunet_cas-single_seed2026,cas-single,single-stream,2026,1120,na,palu,Palu0315,0.5,50,2390,138,13806,58.48492633973776,0.08944487881114936,0.1451055266005078
E1,q2_x3_resunet_cas-single_seed2026,cas-single,single-stream,2026,1120,na,palu,Palu0316,0.5,8,1197,59,15120,85.04224794770087,0.06897950902784508,0.1097525473067268
E1,q2_x3_resunet_cas-single_seed2026,cas-single,single-stream,2026,1120,na,palu,Palu0317,0.5,63,1932,67,14322,42.14596095873576,0.15819477434632315,0.2697765912598882
E1,q2_x3_resunet_cas-single_seed2026,cas-single,single-stream,2026,1120,na,palu,Palu0318,0.5,30,2206,116,14032,52.15542111006731,0.09523809523760544,0.16839378238293806
E1,q2_x3_resunet_cas-single_seed2026,cas-single,single-stream,2026,1120,na,palu,Palu0319,0.5,54,1175,103,15052,40.122811722553266,0.14232999472802563,0.26259117749168526
E1,q2_x3_resunet_cas-single_seed2026,cas-single,single-stream,2026,1120,na,palu,Palu0320,0.5,0,37,114,16233,73.16345924587561,0.0,0.09708737864034121
E1,q2_x3_resunet_cas-single_seed2026,cas-single,single-stream,2026,1120,na,palu,Palu0321,0.5,185,2810,136,13253,52.96856098347006,0.0632279534105445,0.11378780112720824
E1,q2_x3_resunet_cas-single_seed2026,cas-single,single-stream,2026,1120,na,palu,Palu0322,0.5,97,461,227,15599,32.77038767816626,0.26792980671366917,0.4221732745957057
E1,q2_x3_resunet_cas-single_seed2026,cas-single,single-stream,2026,1120,na,palu,Palu0325,0.5,4,1773,23,14584,36.05551275463989,0.03267973856184063,0.038095238094954006
E1,q2_x3_resunet_cas-single_seed2026,cas-single,single-stream,2026,1120,na,palu,Palu0326,0.5,0,1274,192,14918,55.165585616310636,0.0,0.0
E1,q2_x3_resunet_cas-single_seed2026,cas-single,single-stream,2026,1120,na,palu,Palu0327,0.5,69,97,288,15930,52.387969848024106,0.22257709251074947,0.3493670886073066
E1,q2_x3_resunet_cas-single_seed2026,cas-single,single-stream,2026,1120,na,palu,Palu0328,0.5,39,2748,158,13439,43.42578029323474,0.1498528231196903,0.20722416939383534
E1,q2_x3_resunet_cas-single_seed2026,cas-single,single-stream,2026,1120,na,palu,Palu0329,0.5,109,2120,150,14005,42.638011210655684,0.22339141767589174,0.3470458162857738
E1,q2_x3_resunet_cas-single_seed2026,cas-single,single-stream,2026,1120,na,palu,Palu0330,0.5,11,1082,240,15051,48.61881717949658,0.11821321406279993,0.19247954904742318
E1,q2_x3_resunet_cas-single_seed2026,cas-single,single-stream,2026,1120,na,palu,Palu0331,0.5,7,3379,63,12935,67.80717694285869,0.06412825651267791,0.08085834240364011
E1,q2_x3_resunet_cas-single_seed2026,cas-single,single-stream,2026,1120,na,palu,Palu0332,0.5,68,3816,78,12422,38.59130609029126,0.05942757264545947,0.23162172146245838
E1,q2_x3_resunet_cas-single_seed2026,cas-single,single-stream,2026,1120,na,palu,Palu0333,0.5,77,2819,85,13403,37.64032288495768,0.10973936899817256,0.2898602017337211
E1,q2_x3_resunet_cas-single_seed2026,cas-single,single-stream,2026,1120,na,palu,Palu0334,0.5,54,4514,126,11690,46.76715383448133,0.059513074841707043,0.14204304620117544
E1,q2_x3_resunet_cas-single_seed2026,cas-single,single-stream,2026,1120,na,palu,Palu0335,0.5,32,1360,93,14899,57.00303380278172,0.16688199827686312,0.2302297460696331
E1,q2_x3_resunet_cas-single_seed2026,cas-single,single-stream,2026,1120,na,palu,Palu0336,0.5,0,1162,28,15194,61.41862992139297,0.0,0.0
E1,q2_x3_resunet_cas-single_seed2026,cas-single,single-stream,2026,1120,na,palu,Palu0337,0.5,0,2871,109,13404,79.17510679459075,0.0,0.0
E1,q2_x3_resunet_cas-single_seed2026,cas-single,single-stream,2026,1120,na,palu,Palu0338,0.5,0,947,164,15273,60.5328355042955,0.0,0.0
E1,q2_x3_resunet_cas-single_seed2026,cas-single,single-stream,2026,1120,na,palu,Palu0339,0.5,34,1934,25,14391,50.99411708155671,0.08901338313070746,0.19708884055507844
E1,q2_x3_resunet_cas-single_seed2026,cas-single,single-stream,2026,1120,na,palu,Palu0342,0.5,14,1037,168,15165,62.98411898361292,0.08055235903288487,0.09756097560925621
E1,q2_x3_resunet_cas-single_seed2026,cas-single,single-stream,2026,1120,na,palu,Palu0343,0.5,55,465,319,15545,40.30197896951827,0.25427482944934066,0.397211645815564
E1,q2_x3_resunet_cas-single_seed2026,cas-single,single-stream,2026,1120,na,palu,Palu0344,0.5,44,779,162,15399,37.05401462729781,0.1416809915854949,0.2857398781793648
E1,q2_x3_resunet_cas-single_seed2026,cas-single,single-stream,2026,1120,na,palu,Palu0345,0.5,77,1990,95,14222,47.5005211630435,0.15913200723286647,0.28399973622274066
E1,q2_x3_resunet_cas-single_seed2026,cas-single,single-stream,2026,1120,na,palu,Palu0346,0.5,1,1042,179,15162,54.313194892770824,0.009852216748464171,0.010972568578382049
E1,q2_x3_resunet_cas-single_seed2026,cas-single,single-stream,2026,1120,na,palu,Palu0347,0.5,0,1927,29,14428,61.51014551428341,0.0,0.0
E1,q2_x3_resunet_cas-single_seed2026,cas-single,single-stream,2026,1120,na,palu,Palu0348,0.5,6,3430,55,12893,44.871454550511054,0.031454783747997095,0.04317656129485517
E1,q2_x3_resunet_cas-single_seed2026,cas-single,single-stream,2026,1120,na,palu,Palu0349,0.5,0,76,73,16235,75.28006297450403,0.0,0.0599999999996058
E1,q2_x3_resunet_cas-single_seed2026,cas-single,single-stream,2026,1120,na,palu,Palu0350,0.5,19,3512,105,12748,36.92682674064547,0.0,0.017492711369765268
E1,q2_x3_resunet_cas-single_seed2026,cas-single,single-stream,2026,1120,na,palu,Palu0351,0.5,21,972,110,15281,62.909978600315796,0.01726618704986436,0.07444608567164421
E1,q2_x3_resunet_cas-single_seed2026,cas-single,single-stream,2026,1120,na,palu,Palu0352,0.5,0,0,90,16294,181.01933598375618,0.0,0.0
E1,q2_x3_resunet_cas-single_seed2026,cas-single,single-stream,2026,1120,na,palu,Palu0353,0.5,0,1533,55,14796,95.47768002597911,0.0,0.0
E1,q2_x3_resunet_cas-single_seed2026,cas-single,single-stream,2026,1120,na,palu,Palu0354,0.5,35,2821,24,13504,55.12303586079039,0.1736404196307796,0.23681758896938213
E1,q2_x3_resunet_cas-single_seed2026,cas-single,single-stream,2026,1120,na,palu,Palu0357,0.5,0,1220,21,15143,74.6407861698213,0.0,0.0
E1,q2_x3_resunet_cas-single_seed2026,cas-single,single-stream,2026,1120,na,palu,Palu0359,0.5,0,1195,52,15137,63.846669198203905,0.0,0.0
E1,q2_x3_resunet_cas-single_seed2026,cas-single,single-stream,2026,1120,na,palu,Palu0360,0.5,26,494,58,15806,85.92811802529454,0.15734989647988823,0.2532203016619534
E1,q2_x3_resunet_cas-single_seed2026,cas-single,single-stream,2026,1120,na,palu,Palu0361,0.5,63,925,61,15335,40.4004659440478,0.22814694209793568,0.3906340176432842
E1,q2_x3_resunet_cas-single_seed2026,cas-single,single-stream,2026,1120,na,palu,Palu0362,0.5,0,0,105,16279,181.01933598375618,0.0,0.0
E1,q2_x3_resunet_cas-single_seed2026,cas-single,single-stream,2026,1120,na,palu,Palu0363,0.5,3,5,30,16346,80.9281529686481,0.3076923076920473,0.39024390243871027
E1,q2_x3_resunet_cas-single_seed2026,cas-single,single-stream,2026,1120,na,palu,Palu0364,0.5,0,0,29,16355,181.01933598375618,0.0,0.0
E1,q2_x3_resunet_cas-single_seed2026,cas-single,single-stream,2026,1120,na,palu,Palu0365,0.5,0,637,24,15723,50.96016567754177,0.0,0.0
E1,q2_x3_resunet_cas-single_seed2026,cas-single,single-stream,2026,1120,na,palu,Palu0366,0.5,0,1,68,16315,89.78195243892138,0.0,0.0
E1,q2_x3_resunet_cas-single_seed2026,cas-single,single-stream,2026,1120,na,palu,Palu0367,0.5,0,1056,102,15226,56.444386428467524,0.0,0.06010016694440859
E1,q2_x3_resunet_cas-single_seed2026,cas-single,single-stream,2026,1120,na,palu,Palu0368,0.5,0,0,102,16282,181.01933598375618,0.0,0.0
E1,q2_x3_resunet_cas-single_seed2026,cas-single,single-stream,2026,1120,na,palu,Palu0370,0.5,23,1205,13,15143,17.282833771126157,0.027491408934335493,0.1756876663704865
E1,q2_x3_resunet_cas-single_seed2026,cas-single,single-stream,2026,1120,na,palu,Palu0371,0.5,3,1347,37,14997,44.63545273960867,0.023310023309525592,0.03179650238427463
E1,q2_x3_resunet_cas-single_seed2026,cas-single,single-stream,2026,1120,na,palu,Palu0372,0.5,11,1083,64,15226,46.63739440579429,0.0,0.0
E1,q2_x3_resunet_cas-single_seed2026,cas-single,single-stream,2026,1120,na,palu,Palu0373,0.5,17,1801,47,14519,43.979309407914734,0.10203895035173757,0.17715803452820128
E1,q2_x3_resunet_cas-single_seed2026,cas-single,single-stream,2026,1120,na,palu,Palu0374,0.5,8,1837,29,14510,62.16027244125821,0.0,0.021141649048495994
E1,q2_x3_resunet_cas-single_seed2026,cas-single,single-stream,2026,1120,na,palu,Palu0375,0.5,0,959,29,15396,84.53253786821521,0.0,0.0
E1,q2_x3_resunet_cas-single_seed2026,cas-single,single-stream,2026,1120,na,palu,Palu0377,0.5,0,0,30,16354,181.01933598375618,0.0,0.0
E1,q2_x3_resunet_cas-single_seed2026,cas-single,single-stream,2026,1120,na,palu,Palu0378,0.5,0,0,25,16359,181.01933598375618,0.0,0.0
E1,q2_x3_resunet_cas-single_seed2026,cas-single,single-stream,2026,1120,na,palu,Palu0379,0.5,0,0,45,16339,181.01933598375618,0.0,0.0
E1,q2_x3_resunet_cas-single_seed2026,cas-single,single-stream,2026,1120,na,palu,Palu0380,0.5,0,0,45,16339,181.01933598375618,0.0,0.0
E1,q2_x3_resunet_cas-single_seed2026,cas-single,single-stream,2026,1120,na,palu,Palu0384,0.5,0,1942,36,14406,62.196461861707284,0.0,0.005555555555375556
E1,q2_x3_resunet_cas-single_seed2026,cas-single,single-stream,2026,1120,na,palu,Palu0385,0.5,2,905,157,15320,66.55823499690649,0.015727391873701497,0.048951048950551385
E1,q2_x3_resunet_cas-single_seed2026,cas-single,single-stream,2026,1120,na,palu,Palu0386,0.5,51,1206,123,15004,43.93176527297759,0.19000819000769,0.37936722147199725
E1,q2_x3_resunet_cas-single_seed2026,cas-single,single-stream,2026,1120,na,palu,Palu0387,0.5,0,1501,42,14841,70.8801290579741,0.0,0.0
E1,q2_x3_resunet_cas-single_seed2026,cas-single,single-stream,2026,1120,na,palu,Palu0390,0.5,0,282,30,16072,45.69025827328381,0.0,0.0
E1,q2_x3_resunet_cas-single_seed2026,cas-single,single-stream,2026,1120,na,palu,Palu0391,0.5,0,27,23,16334,70.17406680796147,0.0,0.0
E1,q2_x3_resunet_cas-single_seed2026,cas-single,single-stream,2026,1120,na,palu,Palu0392,0.5,0,0,87,16297,181.01933598375618,0.0,0.0
E1,q2_x3_resunet_cas-single_seed2026,cas-single,single-stream,2026,1120,na,palu,Palu0393,0.5,0,0,87,16297,181.01933598375618,0.0,0.0
E1,q2_x3_resunet_cas-single_seed2026,cas-single,single-stream,2026,1120,na,palu,Palu0394,0.5,43,2156,0,14185,38.153490206916906,0.0,0.07660283097407253
E1,q2_x3_resunet_cas-single_seed2026,cas-single,single-stream,2026,1120,na,palu,Palu0395,0.5,0,3347,43,12994,87.86892930678322,0.0,0.0
E1,q2_x3_resunet_cas-single_seed2026,cas-single,single-stream,2026,1120,na,palu,Palu0400,0.5,0,1668,16,14700,84.50774326325242,0.0,0.0
E1,q2_x3_resunet_cas-single_seed2026,cas-single,single-stream,2026,1120,na,palu,Palu0401,0.5,25,1211,218,14930,41.690855938415936,0.08108108108058693,0.11867759253976652
E1,q2_x3_resunet_cas-single_seed2026,cas-single,single-stream,2026,1120,na,palu,Palu0402,0.5,173,1537,215,14459,34.801506535367515,0.2953746889570446,0.46056041073133697
E1,q2_x3_resunet_cas-single_seed2026,cas-single,single-stream,2026,1120,na,palu,Palu0403,0.5,12,1005,159,15208,50.908864818916335,0.06237006236956263,0.09472259810505404
E1,q2_x3_resunet_cas-single_seed2026,cas-single,single-stream,2026,1120,na,palu,Palu0407,0.5,0,0,58,16326,181.01933598375618,0.0,0.0
E1,q2_x3_resunet_cas-single_seed2026,cas-single,single-stream,2026,1120,na,palu,Palu0408,0.5,0,0,58,16326,181.01933598375618,0.0,0.0
E1,q2_x3_resunet_cas-single_seed2026,cas-single,single-stream,2026,1120,na,palu,Palu0409,0.5,0,1653,43,14688,84.01220106318517,0.0,0.0
E1,q2_x3_resunet_cas-single_seed2026,cas-single,single-stream,2026,1120,na,palu,Palu0410,0.5,0,2722,43,13619,111.8127877323506,0.0,0.0
E1,q2_x3_resunet_cas-single_seed2026,cas-single,single-stream,2026,1120,na,palu,Palu0414,0.5,0,932,18,15434,74.90523573640809,0.0,0.0
E1,q2_x3_resunet_cas-single_seed2026,cas-single,single-stream,2026,1120,na,palu,Palu0415,0.5,5,1525,28,14826,65.68402092263551,0.07847800237787493,0.11111111111083334
E1,q2_x3_resunet_cas-single_seed2026,cas-single,single-stream,2026,1120,na,palu,Palu0416,0.5,0,4068,21,12295,81.94203219186855,0.0,0.0
E1,q2_x3_resunet_cas-single_seed2026,cas-single,single-stream,2026,1120,na,palu,Palu0418,0.5,3,1383,58,14940,51.09500083786338,0.0,0.0
E1,q2_x3_resunet_cas-single_seed2026,cas-single,single-stream,2026,1120,na,palu,Palu0419,0.5,51,1951,205,14177,43.54037488501604,0.16009417304246668,0.2735383839073886
E1,q2_x3_resunet_cas-single_seed2026,cas-single,single-stream,2026,1120,na,palu,Palu0420,0.5,130,1128,206,14920,31.298311363647038,0.26866916979508265,0.49548236665645506
E1,q2_x3_resunet_cas-single_seed2026,cas-single,single-stream,2026,1120,na,palu,Palu0421,0.5,11,585,131,15657,62.7134821770724,0.09541984732775423,0.12903225806402915
E1,q2_x3_resunet_cas-single_seed2026,cas-single,single-stream,2026,1120,na,palu,Palu0424,0.5,0,2064,24,14296,81.65532041441823,0.0,0.0
E1,q2_x3_resunet_cas-single_seed2026,cas-single,single-stream,2026,1120,na,palu,Palu0425,0.5,0,707,24,15653,56.386165838955705,0.0,0.0
E1,q2_x3_resunet_cas-single_seed2026,cas-single,single-stream,2026,1120,na,palu,Palu0427,0.5,30,523,41,15790,33.26478024826368,0.11779141104249072,0.36363636363586965
E1,q2_x3_resunet_cas-single_seed2026,cas-single,single-stream,2026,1120,na,palu,Palu0428,0.5,23,1757,46,14558,45.95913370158081,0.06582278480983825,0.16564126833850204
E1,q2_x3_resunet_cas-single_seed2026,cas-single,single-stream,2026,1120,na,palu,Palu0431,0.5,10,652,41,15681,71.10787541662847,0.16037735849008566,0.22096317280403574
E1,q2_x3_resunet_cas-single_seed2026,cas-single,single-stream,2026,1120,na,palu,Palu0432,0.5,0,1204,140,15040,56.15926885431217,0.0,0.0
E1,q2_x3_resunet_cas-single_seed2026,cas-single,single-stream,2026,1120,na,palu,Palu0433,0.5,58,1186,75,15065,43.15546562042544,0.2696225284597139,0.384877786041731
E1,q2_x3_resunet_cas-single_seed2026,cas-single,single-stream,2026,1120,na,palu,Palu0434,0.5,0,674,41,15669,58.728187440104094,0.0,0.0
E1,q2_x3_resunet_cas-single_seed2026,cas-single,single-stream,2026,1120,na,palu,Palu0439,0.5,15,2368,3,13998,40.026177757580285,0.10641860465102632,0.23502304147444694
E1,q2_x3_resunet_cas-single_seed2026,cas-single,single-stream,2026,1120,na,palu,Palu0442,0.5,1,1643,52,14688,56.31784761327321,0.005977286311952993,0.006031882809089367
E1,q2_x3_resunet_cas-single_seed2026,cas-single,single-stream,2026,1120,na,palu,Palu0443,0.5,0,1779,47,14558,69.85590630124372,0.0,0.0
E1,q2_x3_resunet_cas-single_seed2026,cas-single,single-stream,2026,1120,na,palu,Palu0446,0.5,0,1821,18,14545,82.76472678623425,0.0,0.0
E1,q2_x3_resunet_cas-single_seed2026,cas-single,single-stream,2026,1120,na,palu,Palu0447,0.5,0,1444,36,14904,47.05755646582294,0.0,0.0
E1,q2_x3_resunet_cas-single_seed2026,cas-single,single-stream,2026,1120,na,palu,Palu0448,0.5,0,3294,57,13033,63.024974153263344,0.0,0.0
E1,q2_x3_resunet_cas-single_seed2026,cas-single,single-stream,2026,1120,na,palu,Palu0449,0.5,38,1490,29,14827,37.29528394450124,0.08727272727229209,0.16621438263182917
E1,q2_x3_resunet_cas-single_seed2026,cas-single,single-stream,2026,1120,na,palu,Palu0450,0.5,6,3128,22,13228,67.73440697621568,0.04636233951475267,0.08269018743078009
E1,q2_x3_resunet_cas-single_seed2026,cas-single,single-stream,2026,1120,na,palu,Palu0452,0.5,10,1739,10,14625,29.00086181285469,0.06666666666654222,0.18523489932859802
E1,q2_x3_resunet_cas-single_seed2026,cas-single,single-stream,2026,1120,na,palu,Palu0453,0.5,2,746,26,15610,38.03879133369633,0.05357142857105356,0.06302521008361839
E1,q2_x3_resunet_cas-single_seed2026,cas-single,single-stream,2026,1120,na,palu,Palu0455,0.5,8,1093,25,15258,54.90163456431395,0.10178117048313631,0.1317647058819648
E1,q2_x3_resunet_cas-single_seed2026,cas-single,single-stream,2026,1120,na,palu,Palu0456,0.5,0,1075,33,15276,55.572002281072194,0.006172839506124676,0.006265664160381154
E1,q2_x3_resunet_cas-single_seed2026,cas-single,single-stream,2026,1120,na,palu,Palu0458,0.5,0,526,21,15837,58.92066573303675,0.0,0.0
E1,q2_x3_resunet_cas-single_seed2026,cas-single,single-stream,2026,1120,na,palu,Palu0459,0.5,0,0,18,16366,181.01933598375618,0.0,0.0
E1,q2_x3_resunet_cas-single_seed2026,cas-single,single-stream,2026,1120,na,palu,Palu0460,0.5,0,1750,37,14597,89.9522039319721,0.0,0.0
E1,q2_x3_resunet_cas-single_seed2026,cas-single,single-stream,2026,1120,na,palu,Palu0461,0.5,4,827,71,15482,53.32612154396766,0.0,0.01990049751197525
E1,q2_x3_resunet_cas-single_seed2026,cas-single,single-stream,2026,1120,na,palu,Palu0462,0.5,0,1155,38,15191,61.33177353044121,0.0,0.0
E1,q2_x3_resunet_cas-single_seed2026,cas-single,single-stream,2026,1120,na,palu,Palu0463,0.5,0,1098,38,15248,73.1665906638823,0.0,0.0
E1,q2_x3_resunet_cas-single_seed2026,cas-single,single-stream,2026,1120,na,palu,Palu0464,0.5,196,2252,0,13936,41.88037178431273,0.0,0.0052493438316743475
E1,q2_x3_resunet_cas-single_seed2026,cas-single,single-stream,2026,1120,na,palu,Palu0465,0.5,0,2838,158,13388,73.03149497027084,0.0,0.0
E1,q2_x3_resunet_cas-single_seed2026,cas-single,single-stream,2026,1120,na,palu,Palu0467,0.5,13,1205,52,15114,50.783821236721934,0.05966968566826065,0.09896907216456387
E1,q2_x3_resunet_cas-single_seed2026,cas-single,single-stream,2026,1120,na,palu,Palu0468,0.5,67,1457,43,14817,27.018512172212592,0.2446672743842054,0.406533575317108
E1,q2_x3_resunet_cas-single_seed2026,cas-single,single-stream,2026,1120,na,palu,Palu0469,0.5,0,3700,47,12637,79.61375126906017,0.0,0.0
E1,q2_x3_resunet_cas-single_seed2026,cas-single,single-stream,2026,1120,na,palu,Palu0474,0.5,11,298,16,16059,39.6030052617169,0.1157822191588537,0.19760479041879428
E1,q2_x3_resunet_cas-single_seed2026,cas-single,single-stream,2026,1120,na,palu,Palu0479,0.5,0,1788,34,14562,70.41837415164837,0.0,0.0
E1,q2_x3_resunet_cas-single_seed2026,cas-single,single-stream,2026,1120,na,palu,Palu0480,0.5,35,2187,5,14157,55.158763560155414,0.07453416149054527,0.1280334000172067
E1,q2_x3_resunet_cas-single_seed2026,cas-single,single-stream,2026,1120,na,palu,Palu0481,0.5,20,4590,82,11692,64.21681335581476,0.07684986914081719,0.09505941213228754
E1,q2_x3_resunet_cas-single_seed2026,cas-single,single-stream,2026,1120,na,palu,Palu0482,0.5,21,2492,104,13767,38.14440593920257,0.0,0.0034071550252800682
E1,q2_x3_resunet_cas-single_seed2026,cas-single,single-stream,2026,1120,na,palu,Palu0483,0.5,0,270,43,16071,60.825981090888284,0.0,0.0
E1,q2_x3_resunet_cas-single_seed2026,cas-single,single-stream,2026,1120,na,palu,Palu0484,0.5,0,645,42,15697,50.4702604535442,0.0,0.0
E1,q2_x3_resunet_cas-single_seed2026,cas-single,single-stream,2026,1120,na,palu,Palu0485,0.5,35,952,54,15343,33.36696808329558,0.17107462393040487,0.25233931584555286
E1,q2_x3_resunet_cas-single_seed2026,cas-single,single-stream,2026,1120,na,palu,Palu0486,0.5,39,1563,8,14774,51.22133532756656,0.11361104923116205,0.23606797003446653
E1,q2_x3_resunet_cas-single_seed2026,cas-single,single-stream,2026,1120,na,palu,Palu0487,0.5,0,2476,38,13870,109.87356345809653,0.0,0.0
E1,q2_x3_resunet_cas-single_seed2026,cas-single,single-stream,2026,1120,na,palu,Palu0488,0.5,0,3085,196,13103,94.8627947426746,0.0,0.0
E1,q2_x3_resunet_cas-single_seed2026,cas-single,single-stream,2026,1120,na,palu,Palu0489,0.5,0,1894,158,14332,81.71407601680414,0.0,0.0
E1,q2_x3_resunet_cas-single_seed2026,cas-single,single-stream,2026,1120,na,palu,Palu0491,0.5,2,620,17,15745,61.76099561454179,0.05555555555516706,0.12185430463527401
E1,q2_x3_resunet_cas-single_seed2026,cas-single,single-stream,2026,1120,na,palu,Palu0492,0.5,0,534,66,15784,60.02665926337163,0.0,0.0
E1,q2_x3_resunet_cas-single_seed2026,cas-single,single-stream,2026,1120,na,palu,Palu0493,0.5,15,1090,84,15195,43.44416749533459,0.025078369905530452,0.09999999999954501
E1,q2_x3_resunet_cas-single_seed2026,cas-single,single-stream,2026,1120,na,palu,Palu0494,0.5,11,1596,44,14733,46.214748832831056,0.06648199445941007,0.1326664911814079
E1,q2_x3_resunet_cas-single_seed2026,cas-single,single-stream,2026,1120,na,palu,Palu0495,0.5,0,527,39,15818,60.80542693911516,0.0,0.010596026489968251
E1,q2_x3_resunet_cas-single_seed2026,cas-single,single-stream,2026,1120,na,palu,Palu0496,0.5,14,1007,11,15352,38.3917943528095,0.04061895551243799,0.07409486387861142
E1,q2_x3_resunet_cas-single_seed2026,cas-single,single-stream,2026,1120,na,palu,Palu0499,0.5,16,1217,9,15142,46.276318306453376,0.12356178089023583,0.18875344081768014
E1,q2_x3_resunet_cas-single_seed2026,cas-single,single-stream,2026,1120,na,palu,Palu0500,0.5,0,2741,31,13612,67.08203932499369,0.0,0.0
E1,q2_x3_resunet_cas-single_seed2026,cas-single,single-stream,2026,1120,na,palu,Palu0501,0.5,0,2139,28,14217,54.49661266436716,0.0,0.0
E1,q2_x3_resunet_cas-single_seed2026,cas-single,single-stream,2026,1120,na,palu,Palu0502,0.5,22,2059,0,14303,40.100966825006886,0.0,0.0
E1,q2_x3_resunet_cas-single_seed2026,cas-single,single-stream,2026,1120,na,palu,Palu0503,0.5,16,1457,4,14907,89.14314247684844,0.09090909090900412,0.11659192825101128
E1,q2_x3_resunet_cas-single_seed2026,cas-single,single-stream,2026,1120,na,palu,Palu0504,0.5,86,5407,42,10849,62.9745903640953,0.11950934579408849,0.19349152984925327
E1,q2_x3_resunet_cas-single_seed2026,cas-single,single-stream,2026,1120,na,palu,Palu0505,0.5,140,3598,0,12646,29.47187337477034,0.016551724137435057,0.08455284552799576
E1,q2_x3_resunet_cas-single_seed2026,cas-single,single-stream,2026,1120,na,palu,Palu0506,0.5,0,1791,32,14561,83.39123020074628,0.0,0.0
E1,q2_x3_resunet_cas-single_seed2026,cas-single,single-stream,2026,1120,na,palu,Palu0508,0.5,0,2607,21,13756,69.65629906907199,0.0,0.0
E1,q2_x3_resunet_cas-single_seed2026,cas-single,single-stream,2026,1120,na,palu,Palu0509,0.5,0,2647,25,13712,90.7739080213571,0.0,0.0
E1,q2_x3_resunet_cas-single_seed2026,cas-single,single-stream,2026,1120,na,palu,Palu0510,0.5,0,2555,20,13809,86.65044687180485,0.0,0.0
E1,q2_x3_resunet_cas-single_seed2026,cas-single,single-stream,2026,1120,na,palu,Palu0512,0.5,0,784,23,15577,59.19145275133288,0.0,0.0
E1,q2_x3_resunet_cas-single_seed2026,cas-single,single-stream,2026,1120,na,palu,Palu0513,0.5,0,596,49,15739,55.56884322293902,0.0,0.0
E1,q2_x3_resunet_cas-single_seed2026,cas-single,single-stream,2026,1120,na,palu,Palu0514,0.5,0,773,69,15542,53.41417122203499,0.0,0.031088082901098015
E1,q2_x3_resunet_cas-single_seed2026,cas-single,single-stream,2026,1120,na,palu,Palu0515,0.5,24,1261,34,15065,36.48775845636485,0.1478060046185454,0.28077937547816195
E1,q2_x3_resunet_cas-single_seed2026,cas-single,single-stream,2026,1120,na,palu,Palu0516,0.5,0,2589,40,13755,45.17742799230607,0.008275862068689275,0.017297297296844767
E1,q2_x3_resunet_cas-single_seed2026,cas-single,single-stream,2026,1120,na,palu,Palu0521,0.5,22,2585,82,13695,44.99733725528262,0.10803556450226959,0.1553014259490564
E1,q2_x3_resunet_cas-single_seed2026,cas-single,single-stream,2026,1120,na,palu,Palu0522,0.5,1,3305,97,12981,63.7808748764079,0.04299020778568642,0.04707266843167736
E1,q2_x3_resunet_cas-single_seed2026,cas-single,single-stream,2026,1120,na,palu,Palu0524,0.5,0,4423,29,11932,106.26734908902196,0.0,0.0
E1,q2_x3_resunet_cas-single_seed2026,cas-single,single-stream,2026,1120,na,palu,Palu0525,0.5,4,5394,32,10954,82.52150892973593,0.028347253859664676,0.04487594390491134
E1,q2_x3_resunet_cas-single_seed2026,cas-single,single-stream,2026,1120,na,palu,Palu0526,0.5,8,1505,65,14806,53.940553719137284,0.12398445778831631,0.19313304720982633
E1,q2_x3_resunet_cas-single_seed2026,cas-single,single-stream,2026,1120,na,palu,Palu0527,0.5,12,2772,118,13482,31.370963738223583,0.031434184675387514,0.11135168574029891
E1,q2_x3_resunet_cas-single_seed2026,cas-single,single-stream,2026,1120,na,palu,Palu0528,0.5,8,1324,59,14993,63.388676000593286,0.05657835653305817,0.08388675288315137
E1,q2_x3_resunet_cas-single_seed2026,cas-single,single-stream,2026,1120,na,palu,Palu0530,0.5,36,2456,66,13826,58.802895205231714,0.1405405405402509,0.17375565610831253
E1,q2_x3_resunet_cas-single_seed2026,cas-single,single-stream,2026,1120,na,palu,Palu0531,0.5,0,2044,101,14239,81.07087844394984,0.0,0.0
E1,q2_x3_resunet_cas-single_seed2026,cas-single,single-stream,2026,1120,na,palu,Palu0532,0.5,172,4930,59,11223,74.63243262818116,0.13610586011306464,0.20924470494177572
E1,q2_x3_resunet_cas-single_seed2026,cas-single,single-stream,2026,1120,na,palu,Palu0533,0.5,0,3083,225,13076,80.08744830723566,0.0,0.0
E1,q2_x3_resunet_cas-single_seed2026,cas-single,single-stream,2026,1120,na,palu,Palu0534,0.5,0,769,39,15576,55.17064410013647,0.0,0.0
E1,q2_x3_resunet_cas-single_seed2026,cas-single,single-stream,2026,1120,na,palu,Palu0535,0.5,37,1484,68,14795,50.85515373735958,0.16407682656069314,0.3109108464752265
E1,q2_x3_resunet_cas-single_seed2026,cas-single,single-stream,2026,1120,na,palu,Palu0536,0.5,7,646,84,15647,48.120599536739185,0.056195965417554054,0.05832320777615344
E1,q2_x3_resunet_cas-single_seed2026,cas-single,single-stream,2026,1120,na,palu,Palu0537,0.5,6,738,31,15609,35.199999999999996,0.03853564547160287,0.05937921727345897
E1,q2_x3_resunet_cas-single_seed2026,cas-single,single-stream,2026,1120,na,palu,Palu0538,0.5,0,1331,28,15025,75.81331640262998,0.0,0.0
E1,q2_x3_resunet_cas-single_seed2026,cas-single,single-stream,2026,1120,na,palu,Palu0539,0.5,7,4415,30,11932,67.76724461172735,0.00918836140860601,0.04992199687962052
E1,q2_x3_resunet_cas-single_seed2026,cas-single,single-stream,2026,1120,na,palu,Palu0540,0.5,0,3480,21,12883,100.02249718831527,0.0,0.0
E1,q2_x3_resunet_cas-single_seed2026,cas-single,single-stream,2026,1120,na,palu,Palu0541,0.5,0,1019,96,15269,66.00933719833917,0.0,0.0
E1,q2_x3_resunet_cas-single_seed2026,cas-single,single-stream,2026,1120,na,palu,Palu0542,0.5,45,1144,60,15135,34.70388558137365,0.17013287117241074,0.29518657233977297
E1,q2_x3_resunet_cas-single_seed2026,cas-single,single-stream,2026,1120,na,palu,Palu0544,0.5,0,553,109,15722,37.43187255000483,0.0,0.0
E1,q2_x3_resunet_cas-single_seed2026,cas-single,single-stream,2026,1120,na,palu,Palu0545,0.5,48,1225,121,14990,49.51374459977454,0.20773117142476852,0.3449205066015089
E1,q2_x3_resunet_cas-single_seed2026,cas-single,single-stream,2026,1120,na,palu,Palu0546,0.5,0,296,63,16025,60.013215673451505,0.0,0.0
E1,q2_x3_resunet_cas-single_seed2026,cas-single,single-stream,2026,1120,na,palu,Palu0547,0.5,4,1885,34,14461,34.701455618954654,0.02024291497932645,0.030816640985633508
E1,q2_x3_resunet_cas-single_seed2026,cas-single,single-stream,2026,1120,na,palu,Palu0548,0.5,99,1667,31,14587,24.637319879681385,0.2960135980240492,0.43709165773790676
E1,q2_x3_resunet_cas-single_seed2026,cas-single,single-stream,2026,1120,na,palu,Palu0549,0.5,0,2487,101,13796,71.46847779697545,0.0,0.0
E1,q2_x3_resunet_cas-single_seed2026,cas-single,single-stream,2026,1120,na,palu,Palu0550,0.5,231,2437,0,13716,61.29437168288782,0.0037037037033519128,0.08505812305033904
E1,q2_x3_resunet_cas-single_seed2026,cas-single,single-stream,2026,1120,na,palu,Palu0551,0.5,0,1505,225,14654,90.54719041407296,0.0,0.0
E1,q2_x3_resunet_cas-single_seed2026,cas-single,single-stream,2026,1120,na,palu,Palu0552,0.5,0,3571,507,12306,100.83991486929571,0.0,0.0
E1,q2_x3_resunet_cas-single_seed2026,cas-single,single-stream,2026,1120,na,palu,Palu0553,0.5,0,3770,802,11812,81.21760852929279,0.0,0.058939096266853994
E1,q2_x3_resunet_cas-single_seed2026,cas-single,single-stream,2026,1120,na,palu,Palu0554,0.5,0,2723,377,13284,87.16304559955626,0.0,0.0
E1,q2_x3_resunet_cas-single_seed2026,cas-single,single-stream,2026,1120,na,palu,Palu0555,0.5,1,2084,264,14035,63.58376626898135,0.01728774490943483,0.04469903277267043
E1,q2_x3_resunet_cas-single_seed2026,cas-single,single-stream,2026,1120,na,palu,Palu0556,0.5,2,602,221,15559,62.593744170065214,0.07608069164215159,0.11747430249583748
E1,q2_x3_resunet_cas-single_seed2026,cas-single,single-stream,2026,1120,na,palu,Palu0557,0.5,4,527,79,15774,52.42782493232144,0.06908462866971488,0.08132147395145166
E1,q2_x3_resunet_cas-single_seed2026,cas-single,single-stream,2026,1120,na,palu,Palu0558,0.5,5,656,40,15683,48.53859737980879,0.009216589861422415,0.08571428571381183
E1,q2_x3_resunet_cas-single_seed2026,cas-single,single-stream,2026,1120,na,palu,Palu0560,0.5,0,0,95,16289,181.01933598375618,0.0,0.0
E1,q2_x3_resunet_cas-single_seed2026,cas-single,single-stream,2026,1120,na,palu,Palu0561,0.5,126,1401,142,14715,33.24154027718932,0.3748298290722845,0.4847542003728947
E1,q2_x3_resunet_cas-single_seed2026,cas-single,single-stream,2026,1120,na,palu,Palu0562,0.5,26,893,162,15303,35.122508310739555,0.12969044790674195,0.18154908732070738
E1,q2_x3_resunet_cas-single_seed2026,cas-single,single-stream,2026,1120,na,palu,Palu0566,0.5,0,3064,43,13277,131.52718030215462,0.0,0.0
E1,q2_x3_resunet_cas-single_seed2026,cas-single,single-stream,2026,1120,na,palu,Palu0567,0.5,0,1423,55,14906,54.82282891691895,0.0,0.0
E1,q2_x3_resunet_cas-single_seed2026,cas-single,single-stream,2026,1120,na,palu,Palu0569,0.5,0,767,28,15589,97.77625907382813,0.0,0.0
E1,q2_x3_resunet_cas-single_seed2026,cas-single,single-stream,2026,1120,na,palu,Palu0570,0.5,0,804,28,15552,67.80117993073571,0.0,0.0
E1,q2_x3_resunet_cas-single_seed2026,cas-single,single-stream,2026,1120,na,palu,Palu0571,0.5,0,1039,724,14621,57.65238024642473,0.0,0.0
E1,q2_x3_resunet_cas-single_seed2026,cas-single,single-stream,2026,1120,na,palu,Palu0572,0.5,1450,2993,0,11941,22.857681157770216,0.025225225224768357,0.08956788736566298
E1,q2_x3_resunet_cas-single_seed2026,cas-single,single-stream,2026,1120,na,palu,Palu0573,0.5,0,2053,808,13523,44.118018230810804,0.0,0.0
E1,q2_x3_resunet_cas-single_seed2026,cas-single,single-stream,2026,1120,na,palu,Palu0574,0.5,297,1513,119,14455,32.36334449313757,0.22101449275312413,0.365832614322192
E1,q2_x3_resunet_cas-single_seed2026,cas-single,single-stream,2026,1120,na,palu,Palu0575,0.5,0,651,341,15392,50.23594111116394,0.0,0.0
E1,q2_x3_resunet_cas-single_seed2026,cas-single,single-stream,2026,1120,na,palu,Palu0578,0.5,0,55,31,16298,73.77954257259697,0.0,0.0
E1,q2_x3_resunet_cas-single_seed2026,cas-single,single-stream,2026,1120,na,palu,Palu0579,0.5,0,0,97,16287,181.01933598375618,0.0,0.0
E1,q2_x3_resunet_cas-single_seed2026,cas-single,single-stream,2026,1120,na,palu,Palu0580,0.5,108,694,136,15446,24.042651999458215,0.30906826672654686,0.46938925141090265
E1,q2_x3_resunet_cas-single_seed2026,cas-single,single-stream,2026,1120,na,palu,Palu0581,0.5,85,667,102,15530,26.125401812422236,0.32387532303099925,0.45243485935711714
E1,q2_x3_resunet_cas-single_seed2026,cas-single,single-stream,2026,1120,na,palu,Palu0582,0.5,0,2466,18,13900,69.70647234166013,0.0,0.0
E1,q2_x3_resunet_cas-single_seed2026,cas-single,single-stream,2026,1120,na,palu,Palu0583,0.5,0,513,43,15828,80.56546449481692,0.0,0.0
E1,q2_x3_resunet_cas-single_seed2026,cas-single,single-stream,2026,1120,na,palu,Palu0584,0.5,0,756,69,15559,66.57768863196296,0.0,0.0
E1,q2_x3_resunet_cas-single_seed2026,cas-single,single-stream,2026,1120,na,palu,Palu0585,0.5,0,590,58,15736,63.17577476658,0.0,0.0
E1,q2_x3_resunet_cas-single_seed2026,cas-single,single-stream,2026,1120,na,palu,Palu0586,0.5,0,2271,63,14050,62.05923781003792,0.0,0.0
E1,q2_x3_resunet_cas-single_seed2026,cas-single,single-stream,2026,1120,na,palu,Palu0587,0.5,0,1993,38,14353,56.3165154241402,0.0,0.0
E1,q2_x3_resunet_cas-single_seed2026,cas-single,single-stream,2026,1120,na,palu,Palu0591,0.5,0,1209,217,14958,106.66770832824712,0.0,0.0
E1,q2_x3_resunet_cas-single_seed2026,cas-single,single-stream,2026,1120,na,palu,Palu0592,0.5,0,1839,648,13897,75.56646858373271,0.0,0.0
E1,q2_x3_resunet_cas-single_seed2026,cas-single,single-stream,2026,1120,na,palu,Palu0593,0.5,0,655,431,15298,74.49350913110571,0.0,0.0
E1,q2_x3_resunet_cas-single_seed2026,cas-single,single-stream,2026,1120,na,palu,Palu0594,0.5,0,1507,208,14669,52.468010348719346,0.0,0.0
E1,q2_x3_resunet_cas-single_seed2026,cas-single,single-stream,2026,1120,na,palu,Palu0595,0.5,24,947,209,15204,42.529393972397976,0.0739236393171281,0.14520632950617082
E1,q2_x3_resunet_cas-single_seed2026,cas-single,single-stream,2026,1120,na,palu,Palu0596,0.5,0,313,26,16045,87.18468679296734,0.0,0.0
E1,q2_x3_resunet_cas-single_seed2026,cas-single,single-stream,2026,1120,na,palu,Palu0598,0.5,0,0,30,16354,181.01933598375618,0.0,0.0
E1,q2_x3_resunet_cas-single_seed2026,cas-single,single-stream,2026,1120,na,palu,Palu0599,0.5,21,178,31,16154,63.18317067209983,0.4208600182977661,0.5793103448271187
E1,q2_x3_resunet_cas-single_seed2026,cas-single,single-stream,2026,1120,na,palu,Palu0600,0.5,20,346,71,15947,56.634669549215005,0.1886492922339547,0.3326137363071692
E1,q2_x3_resunet_cas-single_seed2026,cas-single,single-stream,2026,1120,na,palu,Palu0601,0.5,35,778,78,15493,56.13092192222261,0.20776325124101455,0.3354318811377533
E1,q2_x3_resunet_cas-single_seed2026,cas-single,single-stream,2026,1120,na,palu,Palu0602,0.5,20,1020,71,15273,58.88099377841251,0.10204880595027775,0.24676594032039864
E1,q2_x3_resunet_cas-single_seed2026,cas-single,single-stream,2026,1120,na,palu,Palu0603,0.5,0,1833,47,14504,71.67526993731386,0.0,0.0
E1,q2_x3_resunet_cas-single_seed2026,cas-single,single-stream,2026,1120,na,palu,Palu0607,0.5,0,1781,49,14554,47.16348332669355,0.0,0.0
E1,q2_x3_resunet_cas-single_seed2026,cas-single,single-stream,2026,1120,na,palu,Palu0608,0.5,4,334,96,15950,44.300106052782645,0.08527131782896821,0.1379310344822698
E1,q2_x3_resunet_cas-single_seed2026,cas-single,single-stream,2026,1120,na,palu,Palu0609,0.5,41,460,68,15815,52.428932119297855,0.37004023522080937,0.5027507405835033
E1,q2_x3_resunet_cas-single_seed2026,cas-single,single-stream,2026,1120,na,palu,Palu0610,0.5,5,1153,82,15144,59.523092303468545,0.05671843349042807,0.11522485100185179
E1,q2_x3_resunet_cas-single_seed2026,cas-single,single-stream,2026,1120,na,palu,Palu0611,0.5,0,506,42,15836,50.119526621226,0.0,0.0
E1,q2_x3_resunet_cas-single_seed2026,cas-single,single-stream,2026,1120,na,palu,Palu0613,0.5,4,91,30,16259,41.01303657317323,0.14545454545407338,0.14985590778051733
E1,q2_x3_resunet_cas-single_seed2026,cas-single,single-stream,2026,1120,na,palu,Palu0614,0.5,0,415,25,15944,82.3119003685312,0.0,0.0
E1,q2_x3_resunet_cas-single_seed2026,cas-single,single-stream,2026,1120,na,palu,Palu0615,0.5,0,2599,65,13720,62.897294313565986,0.0,0.0
E1,q2_x3_resunet_cas-single_seed2026,cas-single,single-stream,2026,1120,na,palu,Palu0616,0.5,28,774,82,15500,39.620332058924255,0.1992174763607774,0.41788190293997335
E1,q2_x3_resunet_cas-single_seed2026,cas-single,single-stream,2026,1120,na,palu,Palu0617,0.5,14,26,50,16294,72.86151222832413,0.334217506630915,0.3632734530934977
E1,q2_x3_resunet_cas-single_seed2026,cas-single,single-stream,2026,1120,na,palu,Palu0618,0.5,0,47,20,16317,66.8614483790831,0.0,0.0
E1,q2_x3_resunet_cas-single_seed2026,cas-single,single-stream,2026,1120,na,palu,Palu0619,0.5,0,0,63,16321,181.01933598375618,0.0,0.0
E1,q2_x3_resunet_cas-single_seed2026,cas-single,single-stream,2026,1120,na,palu,Palu0620,0.5,4,1064,124,15192,59.47392751022891,0.0431654676254024,0.05539236256770786
E1,q2_x3_resunet_cas-single_seed2026,cas-single,single-stream,2026,1120,na,palu,Palu0621,0.5,67,1671,100,14546,32.79753636969933,0.1871676710381402,0.3735613479683765
E1,q2_x3_resunet_cas-single_seed2026,cas-single,single-stream,2026,1120,na,palu,Palu0622,0.5,0,77,135,16172,72.41922404953394,0.0,0.0
E1,q2_x3_resunet_cas-single_seed2026,cas-single,single-stream,2026,1120,na,palu,Palu0623,0.5,29,1629,129,14597,42.13780939094189,0.13991040220502235,0.19037729318054059
E1,q2_x3_resunet_cas-single_seed2026,cas-single,single-stream,2026,1120,na,palu,Palu0624,0.5,32,1291,158,14903,39.59462665567867,0.13230716015174135,0.19299026779418121
E1,q2_x3_resunet_cas-single_seed2026,cas-single,single-stream,2026,1120,na,palu,Palu0625,0.5,0,1202,66,15116,63.58929782886254,0.0,0.0
E1,q2_x3_resunet_cas-single_seed2026,cas-single,single-stream,2026,1120,na,palu,Palu0630,0.5,0,2732,37,13615,81.34740244908686,0.0,0.0
E1,q2_x3_resunet_cas-single_seed2026,cas-single,single-stream,2026,1120,na,palu,Palu0631,0.5,16,1234,96,15038,42.031106802062304,0.07623718234457488,0.11585539424944498
E1,q2_x3_resunet_cas-single_seed2026,cas-single,single-stream,2026,1120,na,palu,Palu0632,0.5,9,2245,83,14047,41.66589869187585,0.0,0.019417475727661043
E1,q2_x3_resunet_cas-single_seed2026,cas-single,single-stream,2026,1120,na,palu,Palu0633,0.5,5,2476,17,13886,35.036521703339446,0.0,0.07085617882730105
E1,q2_x3_resunet_cas-single_seed2026,cas-single,single-stream,2026,1120,na,palu,Palu0634,0.5,0,1484,15,14885,47.2227869856944,0.0,0.0
E1,q2_x3_resunet_cas-single_seed2026,cas-single,single-stream,2026,1120,na,palu,Palu0635,0.5,19,1947,25,14393,21.524190699375612,0.15703380588845753,0.3311069747067121
E1,q2_x3_resunet_cas-single_seed2026,cas-single,single-stream,2026,1120,na,palu,Palu0636,0.5,0,743,34,15607,51.24724238834335,0.0,0.0
E1,q2_x3_resunet_cas-single_seed2026,cas-single,single-stream,2026,1120,na,palu,Palu0638,0.5,12,2934,16,13422,66.38209351353957,0.06108515989923275,0.13441902546181778
E1,q2_x3_resunet_cas-single_seed2026,cas-single,single-stream,2026,1120,na,palu,Palu0639,0.5,8,1142,31,15203,35.84689665786984,0.0730593607303128,0.143379978471059
E1,q2_x3_resunet_cas-single_seed2026,cas-single,single-stream,2026,1120,na,palu,Palu0640,0.5,0,780,20,15584,61.905186783639955,0.0,0.0
E1,q2_x3_resunet_cas-single_seed2026,cas-single,single-stream,2026,1120,na,palu,Palu0641,0.5,75,24,416,15869,52.04030650891055,0.19029819046789312,0.23214285714265195
E1,q2_x3_resunet_cas-single_seed2026,cas-single,single-stream,2026,1120,na,palu,Palu0642,0.5,370,467,291,15256,57.05079260470149,0.2641935675638732,0.483463050376054
E1,q2_x3_resunet_cas-single_seed2026,cas-single,single-stream,2026,1120,na,palu,Palu0643,0.5,90,1305,205,14784,39.11521443121589,0.2540466170276647,0.4357450774782435
E1,q2_x3_resunet_cas-single_seed2026,cas-single,single-stream,2026,1120,na,palu,Palu0644,0.5,0,368,128,15888,79.83428844670256,0.0,0.0
E1,q2_x3_resunet_cas-single_seed2026,cas-single,single-stream,2026,1120,na,palu,Palu0645,0.5,27,537,94,15726,56.74854984334962,0.1301750340630783,0.23634984833116968
E1,q2_x3_resunet_cas-single_seed2026,cas-single,single-stream,2026,1120,na,palu,Palu0646,0.5,113,1465,147,14659,40.35343463126187,0.21135646687648357,0.3556527484970303
E1,q2_x3_resunet_cas-single_seed2026,cas-single,single-stream,2026,1120,na,palu,Palu0647,0.5,31,2826,114,13413,57.51780664371903,0.13345690454089293,0.17527924389305302
E1,q2_x3_resunet_cas-single_seed2026,cas-single,single-stream,2026,1120,na,palu,Palu0652,0.5,32,1366,220,14766,55.6716988861395,0.08956413449516733,0.1435257410291654
E1,q2_x3_resunet_cas-single_seed2026,cas-single,single-stream,2026,1120,na,palu,Palu0653,0.5,72,2039,475,13798,34.345115530456724,0.19462418272999307,0.2998946293032734
E1,q2_x3_resunet_cas-single_seed2026,cas-single,single-stream,2026,1120,na,palu,Palu0654,0.5,145,1012,242,14985,32.17900805138521,0.21896932023210525,0.37910217161119136
E1,q2_x3_resunet_cas-single_seed2026,cas-single,single-stream,2026,1120,na,palu,Palu0655,0.5,0,1986,88,14310,58.37077119855662,0.0,0.0
E1,q2_x3_resunet_cas-single_seed2026,cas-single,single-stream,2026,1120,na,palu,Palu0656,0.5,0,1023,17,15344,52.188598328846055,0.0,0.0
E1,q2_x3_resunet_cas-single_seed2026,cas-single,single-stream,2026,1120,na,palu,Palu0660,0.5,31,155,517,15681,68.9673332018532,0.16216216216183102,0.21268793545992978
E1,q2_x3_resunet_cas-single_seed2026,cas-single,single-stream,2026,1120,na,palu,Palu0661,0.5,141,362,562,15319,55.744950060259676,0.27153019524707245,0.4099151234564126
E1,q2_x3_resunet_cas-single_seed2026,cas-single,single-stream,2026,1120,na,palu,Palu0662,0.5,138,594,164,15488,57.558152410487885,0.29149636693868874,0.5405159883716405
E1,q2_x3_resunet_cas-single_seed2026,cas-single,single-stream,2026,1120,na,palu,Palu0663,0.5,9,602,171,15602,50.453937989313374,0.04432132963943647,0.07620320855577406
E1,q2_x3_resunet_cas-single_seed2026,cas-single,single-stream,2026,1120,na,palu,Palu0664,0.5,9,2071,194,14110,50.78481840098358,0.0,0.0034722222218209874
E1,q2_x3_resunet_cas-single_seed2026,cas-single,single-stream,2026,1120,na,palu,Palu0665,0.5,105,3172,212,12895,34.713109915419565,0.06988352745375294,0.135365358984264
E1,q2_x3_resunet_cas-single_seed2026,cas-single,single-stream,2026,1120,na,palu,Palu0666,0.5,81,2170,81,14052,38.853100975309246,0.1980198019797887,0.35970778886671667
E1,q2_x3_resunet_cas-single_seed2026,cas-single,single-stream,2026,1120,na,palu,Palu0673,0.5,31,1591,237,14525,41.35812638077083,0.14965775938695006,0.2276390408909671
E1,q2_x3_resunet_cas-single_seed2026,cas-single,single-stream,2026,1120,na,palu,Palu0674,0.5,130,1245,537,14472,43.93176527297759,0.2407927288726865,0.3534953802653082
E1,q2_x3_resunet_cas-single_seed2026,cas-single,single-stream,2026,1120,na,palu,Palu0675,0.5,181,1239,331,14633,34.52655782851752,0.26466297971432706,0.44206301218258964
E1,q2_x3_resunet_cas-single_seed2026,cas-single,single-stream,2026,1120,na,palu,Palu0676,0.5,0,1520,102,14762,78.77182237323191,0.0,0.0
E1,q2_x3_resunet_cas-single_seed2026,cas-single,single-stream,2026,1120,na,palu,Palu0678,0.5,7,1311,17,15049,38.026297599861046,0.08791208791185896,0.13468013467981227
E1,q2_x3_resunet_cas-single_seed2026,cas-single,single-stream,2026,1120,na,palu,Palu0679,0.5,0,1187,16,15181,86.97700845625813,0.0,0.0
E1,q2_x3_resunet_cas-single_seed2026,cas-single,single-stream,2026,1120,na,palu,Palu0681,0.5,0,1948,19,14417,97.64983388493349,0.0,0.0
E1,q2_x3_resunet_cas-single_seed2026,cas-single,single-stream,2026,1120,na,palu,Palu0682,0.5,0,343,26,16015,77.87810988975015,0.0,0.0
E1,q2_x3_resunet_cas-single_seed2026,cas-single,single-stream,2026,1120,na,palu,Palu0683,0.5,0,377,215,15792,75.5161216932043,0.0,0.0
E1,q2_x3_resunet_cas-single_seed2026,cas-single,single-stream,2026,1120,na,palu,Palu0684,0.5,143,344,283,15614,34.47099256448891,0.41493880218103296,0.6252904425048027
E1,q2_x3_resunet_cas-single_seed2026,cas-single,single-stream,2026,1120,na,palu,Palu0685,0.5,44,428,258,15654,63.87956572950862,0.2079266141356959,0.2808320950961167
E1,q2_x3_resunet_cas-single_seed2026,cas-single,single-stream,2026,1120,na,palu,Palu0686,0.5,10,96,179,16099,83.40971727742145,0.10957254665831521,0.16942675159209153
E1,q2_x3_resunet_cas-single_seed2026,cas-single,single-stream,2026,1120,na,palu,Palu0687,0.5,66,993,164,15161,55.291559746576134,0.2250092581157833,0.40312150399688684
E1,q2_x3_resunet_cas-single_seed2026,cas-single,single-stream,2026,1120,na,palu,Palu0688,0.5,65,560,295,15464,46.76105135745493,0.17160060210688144,0.22485354605460886
E1,q2_x3_resunet_cas-single_seed2026,cas-single,single-stream,2026,1120,na,palu,Palu0689,0.5,194,609,144,15437,30.831704154750664,0.3617300131056666,0.5544344131699823
E1,q2_x3_resunet_cas-single_seed2026,cas-single,single-stream,2026,1120,na,palu,Palu0690,0.5,2,1538,163,14681,66.70782651314374,0.017348203221646652,0.056603773584649346
E1,q2_x3_resunet_cas-single_seed2026,cas-single,single-stream,2026,1120,na,palu,Palu0691,0.5,12,732,53,15587,49.042498755711094,0.07575757575724151,0.10999999999965682
E1,q2_x3_resunet_cas-single_seed2026,cas-single,single-stream,2026,1120,na,palu,Palu0692,0.5,3,693,15,15673,61.72027861165171,0.10256410256374754,0.12859560067640768
E1,q2_x3_resunet_cas-single_seed2026,cas-single,single-stream,2026,1120,na,palu,Palu0693,0.5,10,513,19,15842,47.25842852097956,0.07617896009646939,0.2239565659988828
E1,q2_x3_resunet_cas-single_seed2026,cas-single,single-stream,2026,1120,na,palu,Palu0694,0.5,9,618,36,15721,28.661627020040616,0.10471925594171327,0.1751479289936053
E1,q2_x3_resunet_cas-single_seed2026,cas-single,single-stream,2026,1120,na,palu,Palu0695,0.5,0,109,37,16238,58.444331880978496,0.0,0.0
E1,q2_x3_resunet_cas-single_seed2026,cas-single,single-stream,2026,1120,na,palu,Palu0699,0.5,4,1658,73,14649,50.48076632247302,0.014251781472188828,0.04955264968979701
E1,q2_x3_resunet_cas-single_seed2026,cas-single,single-stream,2026,1120,na,palu,Palu0700,0.5,19,1363,174,14828,68.42800115863422,0.11101973684162655,0.12342857142807838
E1,q2_x3_resunet_cas-single_seed2026,cas-single,single-stream,2026,1120,na,palu,Palu0701,0.5,31,1639,143,14571,38.334007533408624,0.16307513104201748,0.255208333332835
E1,q2_x3_resunet_cas-single_seed2026,cas-single,single-stream,2026,1120,na,palu,Palu0702,0.5,0,1358,52,14974,72.09334188963507,0.0,0.0
E1,q2_x3_resunet_cas-single_seed2026,cas-single,single-stream,2026,1120,na,palu,Palu0704,0.5,4,660,16,15704,41.85626589403929,0.05907172995755417,0.09160305343476138
E1,q2_x3_resunet_cas-single_seed2026,cas-single,single-stream,2026,1120,na,palu,Palu0706,0.5,0,3156,24,13204,80.95399922522964,0.0,0.0
E1,q2_x3_resunet_cas-single_seed2026,cas-single,single-stream,2026,1120,na,palu,Palu0707,0.5,0,852,61,15471,46.253040025493114,0.0,0.0
E1,q2_x3_resunet_cas-single_seed2026,cas-single,single-stream,2026,1120,na,palu,Palu0708,0.5,18,108,138,16120,82.02438661763951,0.09326424870426954,0.19701986754936993
E1,q2_x3_resunet_cas-single_seed2026,cas-single,single-stream,2026,1120,na,palu,Palu0709,0.5,184,659,390,15151,55.563191246244926,0.29165073295047567,0.4509653692916109
E1,q2_x3_resunet_cas-single_seed2026,cas-single,single-stream,2026,1120,na,palu,Palu0710,0.5,306,1084,327,14667,18.43093599819578,0.3860029286417579,0.5859361762209094
E1,q2_x3_resunet_cas-single_seed2026,cas-single,single-stream,2026,1120,na,palu,Palu0711,0.5,24,627,212,15521,56.999127213009515,0.11184982401201495,0.1720717283474588
E1,q2_x3_resunet_cas-single_seed2026,cas-single,single-stream,2026,1120,na,palu,Palu0712,0.5,26,632,114,15612,61.52682033818356,0.1832504145931983,0.24595666768336333
E1,q2_x3_resunet_cas-single_seed2026,cas-single,single-stream,2026,1120,na,palu,Palu0713,0.5,98,887,113,15286,46.6692905420882,0.26359050999389927,0.5076142131975057
E1,q2_x3_resunet_cas-single_seed2026,cas-single,single-stream,2026,1120,na,palu,Palu0714,0.5,16,374,267,15727,48.87647602088623,0.09510008151386828,0.1344833869885435
E1,q2_x3_resunet_cas-single_seed2026,cas-single,single-stream,2026,1120,na,palu,Palu0715,0.5,121,1601,83,14579,28.308069356340987,0.15547506269108427,0.4040544175308921
E1,q2_x3_resunet_cas-single_seed2026,cas-single,single-stream,2026,1120,na,palu,Palu0716,0.5,34,1674,140,14536,48.25753022798797,0.1600889382985917,0.29692170962218756
E1,q2_x3_resunet_cas-single_seed2026,cas-single,single-stream,2026,1120,na,palu,Palu0717,0.5,55,1227,71,15031,45.006494885978576,0.08927967534627301,0.18741437574166636
E1,q2_x3_resunet_cas-single_seed2026,cas-single,single-stream,2026,1120,na,palu,Palu0719,0.5,0,742,33,15609,50.47191380674,0.0,0.0
E1,q2_x3_resunet_cas-single_seed2026,cas-single,single-stream,2026,1120,na,palu,Palu0720,0.5,37,149,38,16160,31.411743919488597,0.36087945413145983,0.4650616559008931
E1,q2_x3_resunet_cas-single_seed2026,cas-single,single-stream,2026,1120,na,palu,Palu0721,0.5,2,549,65,15768,80.04538077029586,0.01530612244872388,0.09019165727125843
E1,q2_x3_resunet_cas-single_seed2026,cas-single,single-stream,2026,1120,na,palu,Palu0722,0.5,17,236,55,16076,39.20561543638911,0.3412969283271452,0.41708043694091645
E1,q2_x3_resunet_cas-single_seed2026,cas-single,single-stream,2026,1120,na,palu,Palu0725,0.5,0,2625,32,13727,66.09991926621399,0.0,0.004750593824087565
E1,q2_x3_resunet_cas-single_seed2026,cas-single,single-stream,2026,1120,na,palu,Palu0726,0.5,29,382,205,15768,43.02324325003089,0.21630060292803385,0.315461803266209
E1,q2_x3_resunet_cas-single_seed2026,cas-single,single-stream,2026,1120,na,palu,Palu0727,0.5,12,724,216,15432,66.32737638319426,0.07657945118019487,0.0832920178479473
E1,q2_x3_resunet_cas-single_seed2026,cas-single,single-stream,2026,1120,na,palu,Palu0728,0.5,7,826,37,15514,37.589892258425,0.12010597586072773,0.174636174635756
E1,q2_x3_resunet_cas-single_seed2026,cas-single,single-stream,2026,1120,na,palu,Palu0729,0.5,17,1232,9,15126,35.49786683080729,0.0,0.0
E1,q2_x3_resunet_cas-single_seed2026,cas-single,single-stream,2026,1120,na,palu,Palu0730,0.5,0,5366,23,10995,97.08707332453466,0.0,0.0
E1,q2_x3_resunet_cas-single_seed2026,cas-single,single-stream,2026,1120,na,palu,Palu0731,0.5,59,2220,15,14090,38.27531841800928,0.16285652079226764,0.2507863283704577
E1,q2_x3_resunet_cas-single_seed2026,cas-single,single-stream,2026,1120,na,palu,Palu0732,0.5,71,1296,117,14900,43.47815659184424,0.1734506387666196,0.2598708056119644
E1,q2_x3_resunet_cas-single_seed2026,cas-single,single-stream,2026,1120,na,palu,Palu0733,0.5,184,1162,217,14821,27.727050363688797,0.30865340120265483,0.4871361167982202
E1,q2_x3_resunet_cas-single_seed2026,cas-single,single-stream,2026,1120,na,palu,Palu0734,0.5,70,239,268,15807,63.65060838798752,0.3341623036644408,0.38193930421861894
E1,q2_x3_resunet_cas-single_seed2026,cas-single,single-stream,2026,1120,na,palu,Palu0735,0.5,0,820,89,15475,58.18934610390462,0.0,0.0
E1,q2_x3_resunet_cas-single_seed2026,cas-single,single-stream,2026,1120,na,palu,Palu0736,0.5,0,80,55,16249,100.31280449990905,0.0,0.0
E1,q2_x3_resunet_cas-single_seed2026,cas-single,single-stream,2026,1120,na,palu,Palu0737,0.5,0,1778,88,14518,57.7260003590756,0.0,0.0
E1,q2_x3_resunet_cas-single_seed2026,cas-single,single-stream,2026,1120,na,palu,Palu0738,0.5,21,111,83,16169,39.234295699093465,0.3121951219507505,0.38281140289242166
E1,q2_x3_resunet_cas-single_seed2026,cas-single,single-stream,2026,1120,na,palu,Palu0739,0.5,0,412,75,15897,57.08884906199525,0.0,0.0
E1,q2_x3_resunet_cas-single_seed2026,cas-single,single-stream,2026,1120,na,palu,Palu0740,0.5,13,560,82,15729,50.527301230830886,0.09876543209828921,0.17910447761144577
E1,q2_x3_resunet_cas-single_seed2026,cas-single,single-stream,2026,1120,na,palu,Palu0741,0.5,10,1289,66,15019,48.39365843479682,0.07430340557225713,0.09824561403458994
E1,q2_x3_resunet_cas-single_seed2026,cas-single,single-stream,2026,1120,na,palu,Palu0742,0.5,3,297,18,16066,51.89364118646523,0.06936416184961235,0.07000686341789941
E1,q2_x3_resunet_cas-single_seed2026,cas-single,single-stream,2026,1120,na,palu,Palu0743,0.5,54,265,22,16043,15.633068926497286,0.27803738317712284,0.7036018008999654
E1,q2_x3_resunet_cas-single_seed2026,cas-single,single-stream,2026,1120,na,palu,Palu0744,0.5,6,748,57,15573,48.323776254745674,0.1452589105577267,0.14880425154959487
E1,q2_x3_resunet_cas-single_seed2026,cas-single,single-stream,2026,1120,na,palu,Palu0745,0.5,0,127,45,16212,48.94912709563077,0.0,0.0
E1,q2_x3_resunet_cas-single_seed2026,cas-single,single-stream,2026,1120,na,palu,Palu0750,0.5,16,899,36,15433,61.86139668522238,0.18880647336437573,0.2971656885998288
E1,q2_x3_resunet_cas-single_seed2026,cas-single,single-stream,2026,1120,na,palu,Palu0751,0.5,83,623,175,15503,29.451496612646405,0.25051576775668993,0.4679245283014311
E1,q2_x3_resunet_cas-single_seed2026,cas-single,single-stream,2026,1120,na,palu,Palu0752,0.5,2,435,231,15716,49.21381290658943,0.030920590301738018,0.03626473254726422
E1,q2_x3_resunet_cas-single_seed2026,cas-single,single-stream,2026,1120,na,palu,Palu0753,0.5,0,1092,45,15247,60.41522986797286,0.0,0.0
E1,q2_x3_resunet_cas-single_seed2026,cas-single,single-stream,2026,1120,na,palu,Palu0754,0.5,0,1045,26,15313,76.32659786665886,0.0,0.0
E1,q2_x3_resunet_cas-single_seed2026,cas-single,single-stream,2026,1120,na,palu,Palu0755,0.5,0,884,32,15468,95.26067495337715,0.0,0.0
E1,q2_x3_resunet_cas-single_seed2026,cas-single,single-stream,2026,1120,na,palu,Palu0756,0.5,0,649,58,15677,70.169395339519,0.0,0.0
E1,q2_x3_resunet_cas-single_seed2026,cas-single,single-stream,2026,1120,na,palu,Palu0757,0.5,14,76,27,16267,51.66236541235796,0.3671096345510075,0.4438466711494891
E1,q2_x3_resunet_cas-single_seed2026,cas-single,single-stream,2026,1120,na,palu,Palu0758,0.5,0,0,40,16344,181.01933598375618,0.0,0.0
E1,q2_x3_resunet_cas-single_seed2026,cas-single,single-stream,2026,1120,na,palu,Palu0759,0.5,0,318,48,16018,73.83560535530617,0.0,0.0
E1,q2_x3_resunet_cas-single_seed2026,cas-single,single-stream,2026,1120,na,palu,Palu0760,0.5,0,0,23,16361,181.01933598375618,0.0,0.0
E1,q2_x3_resunet_cas-single_seed2026,cas-single,single-stream,2026,1120,na,palu,Palu0761,0.5,0,0,21,16363,181.01933598375618,0.0,0.0
E1,q2_x3_resunet_cas-single_seed2026,cas-single,single-stream,2026,1120,na,palu,Palu0762,0.5,0,0,31,16353,181.01933598375618,0.0,0.0
E1,q2_x3_resunet_cas-single_seed2026,cas-single,single-stream,2026,1120,na,palu,Palu0763,0.5,0,0,72,16312,181.01933598375618,0.0,0.0
E1,q2_x3_resunet_cas-single_seed2026,cas-single,single-stream,2026,1120,na,palu,Palu0764,0.5,0,365,68,15951,48.61323316707889,0.0,0.0
E1,q2_x3_resunet_cas-single_seed2026,cas-single,single-stream,2026,1120,na,palu,Palu0772,0.5,0,1941,41,14402,44.764787192652605,0.0,0.0
E1,q2_x3_resunet_cas-single_seed2026,cas-single,single-stream,2026,1120,na,palu,Palu0773,0.5,14,1628,78,14664,52.576973706743956,0.05135730007292039,0.09570132772401638
E1,q2_x3_resunet_cas-single_seed2026,cas-single,single-stream,2026,1120,na,palu,Palu0774,0.5,2,615,72,15695,64.59672976651686,0.02405498281737546,0.03571428571383737
E1,q2_x3_resunet_cas-single_seed2026,cas-single,single-stream,2026,1120,na,palu,Palu0776,0.5,0,197,20,16167,56.1815749930303,0.0,0.0
E1,q2_x3_resunet_cas-single_seed2026,cas-single,single-stream,2026,1120,na,palu,Palu0777,0.5,9,1125,11,15239,49.706127374225886,0.15431164901641736,0.18502202643145726
E1,q2_x3_resunet_cas-single_seed2026,cas-single,single-stream,2026,1120,na,palu,Palu0782,0.5,5,388,21,15970,50.352130993505575,0.12209302325546331,0.12981455064157418
E1,q2_x3_resunet_cas-single_seed2026,cas-single,single-stream,2026,1120,na,palu,Palu0783,0.5,0,0,24,16360,181.01933598375618,0.0,0.0
E1,q2_x3_resunet_cas-single_seed2026,cas-single,single-stream,2026,1120,na,palu,Palu0784,0.5,0,0,45,16339,181.01933598375618,0.0,0.0
E1,q2_x3_resunet_cas-single_seed2026,cas-single,single-stream,2026,1120,na,palu,Palu0785,0.5,0,0,128,16256,181.01933598375618,0.0,0.0
E1,q2_x3_resunet_cas-single_seed2026,cas-single,single-stream,2026,1120,na,palu,Palu0786,0.5,0,0,157,16227,181.01933598375618,0.0,0.0
E1,q2_x3_resunet_cas-single_seed2026,cas-single,single-stream,2026,1120,na,palu,Palu0787,0.5,0,902,65,15417,60.207972893961475,0.0,0.0
E1,q2_x3_resunet_cas-single_seed2026,cas-single,single-stream,2026,1120,na,palu,Palu0792,0.5,0,1065,37,15282,62.13975645188122,0.0,0.0
E1,q2_x3_resunet_cas-single_seed2026,cas-single,single-stream,2026,1120,na,palu,Palu0793,0.5,15,2359,100,13910,47.48261269827042,0.0,0.014869888475357333
E1,q2_x3_resunet_cas-single_seed2026,cas-single,single-stream,2026,1120,na,palu,Palu0794,0.5,12,428,157,15787,64.4980619863884,0.07171314740989858,0.12339475153509456
E1,q2_x3_resunet_cas-single_seed2026,cas-single,single-stream,2026,1120,na,palu,Palu0795,0.5,0,2599,82,13703,42.89416217505869,0.0,0.056158264198696614
E1,q2_x3_resunet_cas-single_seed2026,cas-single,single-stream,2026,1120,na,palu,Palu0797,0.5,0,1061,20,15303,61.28416915258313,0.0,0.0
E1,q2_x3_resunet_cas-single_seed2026,cas-single,single-stream,2026,1120,na,palu,Palu0798,0.5,0,3289,20,13075,83.6270579291355,0.0,0.0
E1,q2_x3_resunet_cas-single_seed2026,cas-single,single-stream,2026,1120,na,palu,Palu0802,0.5,0,2170,22,14192,82.5505896958602,0.0,0.0
E1,q2_x3_resunet_cas-single_seed2026,cas-single,single-stream,2026,1120,na,palu,Palu0803,0.5,0,425,62,15897,60.23484275896089,0.0,0.0
E1,q2_x3_resunet_cas-single_seed2026,cas-single,single-stream,2026,1120,na,palu,Palu0804,0.5,23,410,44,15907,55.49728472029099,0.22588565415600534,0.2756228319137498
E1,q2_x3_resunet_cas-single_seed2026,cas-single,single-stream,2026,1120,na,palu,Palu0805,0.5,10,523,27,15824,61.70810364540055,0.1289629231591866,0.20155038759644262
E1,q2_x3_resunet_cas-single_seed2026,cas-single,single-stream,2026,1120,na,palu,Palu0806,0.5,0,552,17,15815,74.77924691845989,0.0,0.0
E1,q2_x3_resunet_cas-single_seed2026,cas-single,single-stream,2026,1120,na,palu,Palu0807,0.5,0,0,114,16270,181.01933598375618,0.0,0.0
E1,q2_x3_resunet_cas-single_seed2026,cas-single,single-stream,2026,1120,na,palu,Palu0808,0.5,9,39,165,16171,90.82505775056688,0.3089108910888134,0.3668639053251442
E1,q2_x3_resunet_cas-single_seed2026,cas-single,single-stream,2026,1120,na,palu,Palu0809,0.5,30,350,132,15872,42.263435269530014,0.21453724604917687,0.2682139669019633
E1,q2_x3_resunet_cas-single_seed2026,cas-single,single-stream,2026,1120,na,palu,Palu0810,0.5,0,0,95,16289,181.01933598375618,0.0,0.0
E1,q2_x3_resunet_cas-single_seed2026,cas-single,single-stream,2026,1120,na,palu,Palu0814,0.5,0,1394,27,14963,41.611295241569934,0.0,0.04444444444418945
E1,q2_x3_resunet_cas-single_seed2026,cas-single,single-stream,2026,1120,na,palu,Palu0815,0.5,57,1347,47,14933,35.182935626468506,0.1970318913794286,0.3797079169864888
E1,q2_x3_resunet_cas-single_seed2026,cas-single,single-stream,2026,1120,na,palu,Palu0816,0.5,67,2164,210,13943,39.947384651043926,0.19375350663878224,0.2967159151798051
E1,q2_x3_resunet_cas-single_seed2026,cas-single,single-stream,2026,1120,na,palu,Palu0817,0.5,46,248,265,15825,43.9180970981666,0.2855636636049203,0.35444557843511837
E1,q2_x3_resunet_cas-single_seed2026,cas-single,single-stream,2026,1120,na,palu,Palu0818,0.5,0,1152,146,15086,65.09991775558971,0.0,0.0
E1,q2_x3_resunet_cas-single_seed2026,cas-single,single-stream,2026,1120,na,palu,Palu0819,0.5,0,325,69,15990,121.68880673293235,0.0,0.0
E1,q2_x3_resunet_cas-single_seed2026,cas-single,single-stream,2026,1120,na,palu,Palu0820,0.5,0,30,73,16281,129.99379039748166,0.0,0.0
E1,q2_x3_resunet_cas-single_seed2026,cas-single,single-stream,2026,1120,na,palu,Palu0827,0.5,0,1348,20,15016,53.75872022286245,0.0,0.0
E1,q2_x3_resunet_cas-single_seed2026,cas-single,single-stream,2026,1120,na,palu,Palu0828,0.5,3,1447,48,14886,52.5175945647472,0.05231689088153204,0.09521371896548328
E1,q2_x3_resunet_cas-single_seed2026,cas-single,single-stream,2026,1120,na,palu,Palu0829,0.5,43,1927,15,14399,47.1681005912257,0.0,0.08710304601400334
E1,q2_x3_resunet_cas-single_seed2026,cas-single,single-stream,2026,1120,na,palu,Palu0830,0.5,0,48,64,16272,90.06107740131472,0.0,0.0
E1,q2_x3_resunet_cas-single_seed2026,cas-single,single-stream,2026,1120,na,palu,Palu0831,0.5,0,187,175,16022,46.35070000894785,0.0,0.0
E1,q2_x3_resunet_cas-single_seed2026,cas-single,single-stream,2026,1120,na,palu,Palu0832,0.5,77,769,210,15328,60.828036272684116,0.20644718792817102,0.39035016943632544
E1,q2_x3_resunet_cas-single_seed2026,cas-single,single-stream,2026,1120,na,palu,Palu0833,0.5,16,139,195,16034,58.05600344855702,0.1826617826613708,0.21198156681994237
E1,q2_x3_resunet_cas-single_seed2026,cas-single,single-stream,2026,1120,na,palu,Palu0834,0.5,23,1212,48,15101,60.723888391747444,0.12796208530774666,0.1907343518971178
E1,q2_x3_resunet_cas-single_seed2026,cas-single,single-stream,2026,1120,na,palu,Palu0837,0.5,3,1883,20,14478,48.06032945421886,0.03411513859257361,0.1040582726324636
E1,q2_x3_resunet_cas-single_seed2026,cas-single,single-stream,2026,1120,na,palu,Palu0838,0.5,0,855,25,15504,78.44488494475866,0.0,0.0
E1,q2_x3_resunet_cas-single_seed2026,cas-single,single-stream,2026,1120,na,palu,Palu0839,0.5,28,678,71,15607,58.4066037622707,0.13084112149503502,0.20202020201989185
E1,q2_x3_resunet_cas-single_seed2026,cas-single,single-stream,2026,1120,na,palu,Palu0840,0.5,5,329,185,15865,64.61229063383948,0.06054557551532071,0.10928961748607961
E1,q2_x3_resunet_cas-single_seed2026,cas-single,single-stream,2026,1120,na,palu,Palu0841,0.5,0,1,236,16147,79.47793956432615,0.0,0.0
E1,q2_x3_resunet_cas-single_seed2026,cas-single,single-stream,2026,1120,na,palu,Palu0842,0.5,0,537,179,15668,74.24957912338628,0.0,0.0
E1,q2_x3_resunet_cas-single_seed2026,cas-single,single-stream,2026,1120,na,palu,Palu0843,0.5,0,177,189,16018,67.0085063671644,0.009009009008755906,0.028735632183736374
E1,q2_x3_resunet_cas-single_seed2026,cas-single,single-stream,2026,1120,na,palu,Palu0844,0.5,67,682,146,15489,45.38719080079274,0.31529702533273146,0.4448986953641713
E1,q2_x3_resunet_cas-single_seed2026,cas-single,single-stream,2026,1120,na,palu,Palu0845,0.5,0,760,160,15464,59.02703042484036,0.0,0.0
E1,q2_x3_resunet_cas-single_seed2026,cas-single,single-stream,2026,1120,na,palu,Palu0846,0.5,47,675,43,15619,37.261098948662216,0.2148337595905511,0.2596491228067916
E1,q2_x3_resunet_cas-single_seed2026,cas-single,single-stream,2026,1120,na,palu,Palu0847,0.5,13,281,41,16049,35.77708763999664,0.08094435075845315,0.23668240053897924
E1,q2_x3_resunet_cas-single_seed2026,cas-single,single-stream,2026,1120,na,palu,Palu0848,0.5,0,270,54,16060,72.60627387898003,0.0,0.0
E1,q2_x3_resunet_cas-single_seed2026,cas-single,single-stream,2026,1120,na,palu,Palu0849,0.5,0,1953,54,14377,57.71741445787562,0.0,0.0
E1,q2_x3_resunet_cas-single_seed2026,cas-single,single-stream,2026,1120,na,palu,Palu0850,0.5,58,1990,87,14249,56.07138023788937,0.20285373503511317,0.33499703916711077
E1,q2_x3_resunet_cas-single_seed2026,cas-single,single-stream,2026,1120,na,palu,Palu0851,0.5,0,1418,91,14875,108.98531886123101,0.0,0.0
E1,q2_x3_resunet_cas-single_seed2026,cas-single,single-stream,2026,1120,na,palu,Palu0852,0.5,0,1930,341,14113,116.43350612986971,0.0,0.0
E1,q2_x3_resunet_cas-single_seed2026,cas-single,single-stream,2026,1120,na,palu,Palu0853,0.5,65,749,554,15016,71.00492933301486,0.10953316210871529,0.15722672630657375
E1,q2_x3_resunet_cas-single_seed2026,cas-single,single-stream,2026,1120,na,palu,Palu0854,0.5,1,0,466,15917,100.02691842871009,0.07239819004517908,0.14782608695638483
E1,q2_x3_resunet_cas-single_seed2026,cas-single,single-stream,2026,1120,na,palu,Palu0855,0.5,286,1033,43,15022,47.463656573866935,0.28177116063178326,0.6062273747358912
E1,q2_x3_resunet_cas-single_seed2026,cas-single,single-stream,2026,1120,na,palu,Palu0856,0.5,14,245,206,15919,63.93192846506774,0.16282225237401876,0.1964681870614037
E1,q2_x3_resunet_cas-single_seed2026,cas-single,single-stream,2026,1120,na,palu,Palu0857,0.5,38,775,133,15438,60.348649373492925,0.10773291621809591,0.2087155963298034
E1,q2_x3_resunet_cas-single_seed2026,cas-single,single-stream,2026,1120,na,palu,Palu0858,0.5,19,536,74,15755,48.88147238373163,0.13397129186553833,0.21615856368272846
E1,q2_x3_resunet_cas-single_seed2026,cas-single,single-stream,2026,1120,na,palu,Palu0862,0.5,1,115,32,16236,67.19484601514203,0.10169491525374433,0.13240418118427316
E1,q2_x3_resunet_cas-single_seed2026,cas-single,single-stream,2026,1120,na,palu,Palu0863,0.5,9,356,91,15928,49.37255491350335,0.0402684563753975,0.14971209213004888
E1,q2_x3_resunet_cas-single_seed2026,cas-single,single-stream,2026,1120,na,palu,Palu0864,0.5,0,755,96,15533,63.06007475743529,0.0,0.0
E1,q2_x3_resunet_cas-single_seed2026,cas-single,single-stream,2026,1120,na,palu,Palu0865,0.5,0,129,117,16138,70.22768131876347,0.0,0.0
E1,q2_x3_resunet_cas-single_seed2026,cas-single,single-stream,2026,1120,na,palu,Palu0866,0.5,0,1127,251,15006,53.63038482189713,0.0,0.0
E1,q2_x3_resunet_cas-single_seed2026,cas-single,single-stream,2026,1120,na,palu,Palu0867,0.5,44,219,253,15868,57.28001396647874,0.2581450159430058,0.3350905504747331
E1,q2_x3_resunet_cas-single_seed2026,cas-single,single-stream,2026,1120,na,palu,Palu0868,0.5,79,1336,223,14746,39.638360919432294,0.20129135325783867,0.41625560894836616
E1,q2_x3_resunet_cas-single_seed2026,cas-single,single-stream,2026,1120,na,palu,Palu0869,0.5,22,733,238,15391,51.08765372225937,0.08680112330816218,0.16350123864524735
E1,q2_x3_resunet_cas-single_seed2026,cas-single,single-stream,2026,1120,na,palu,Palu0870,0.5,0,161,168,16055,60.84256229806721,0.0,0.0
E1,q2_x3_resunet_cas-single_seed2026,cas-single,single-stream,2026,1120,na,palu,Palu0871,0.5,24,410,97,15853,54.03624951292713,0.14201183431915074,0.20044543429802497
E1,q2_x3_resunet_cas-single_seed2026,cas-single,single-stream,2026,1120,na,palu,Palu0872,0.5,0,485,51,15848,49.72121696788545,0.0,0.0
E1,q2_x3_resunet_cas-single_seed2026,cas-single,single-stream,2026,1120,na,palu,Palu0873,0.5,26,1541,115,14702,51.22499389946279,0.1022843504938941,0.17457697069698636
E1,q2_x3_resunet_cas-single_seed2026,cas-single,single-stream,2026,1120,na,palu,Palu0874,0.5,130,1692,131,14431,41.933219940844154,0.3578808529342285,0.5154085087071433
E1,q2_x3_resunet_cas-single_seed2026,cas-single,single-stream,2026,1120,na,palu,Palu0875,0.5,29,2984,91,13280,62.389057967719886,0.0789742425959509,0.140748424159949
E1,q2_x3_resunet_cas-single_seed2026,cas-single,single-stream,2026,1120,na,palu,Palu0876,0.5,12,377,589,15406,90.95261481204614,0.1008081084778449,0.11035710312564663
E1,q2_x3_resunet_cas-single_seed2026,cas-single,single-stream,2026,1120,na,palu,Palu0877,0.5,849,404,75,15056,58.03888889616702,0.6333263400813224,0.7229447176135816
E1,q2_x3_resunet_cas-single_seed2026,cas-single,single-stream,2026,1120,na,palu,Palu0878,0.5,41,158,651,15534,59.48991389624051,0.18181818181788428,0.26196742885315333
E1,q2_x3_resunet_cas-single_seed2026,cas-single,single-stream,2026,1120,na,palu,Palu0879,0.5,159,528,470,15227,32.22575768470172,0.37297137798715213,0.5223056056071389
E1,q2_x3_resunet_cas-single_seed2026,cas-single,single-stream,2026,1120,na,palu,Palu0880,0.5,60,807,297,15220,36.87817782917155,0.14601547123125336,0.21608643457333718
E1,q2_x3_resunet_cas-single_seed2026,cas-single,single-stream,2026,1120,na,palu,Palu0881,0.5,208,325,208,15643,68.64836821869065,0.39546510809056074,0.5931885093953538
E1,q2_x3_resunet_cas-single_seed2026,cas-single,single-stream,2026,1120,na,palu,Palu0882,0.5,11,88,310,15975,48.288637080824486,0.0964078794898826,0.0964078794898826
E1,q2_x3_resunet_cas-single_seed2026,cas-single,single-stream,2026,1120,na,palu,Palu0887,0.5,5,589,22,15768,67.73924177470705,0.0473372781062404,0.14010507880863646
E1,q2_x3_resunet_cas-single_seed2026,cas-single,single-stream,2026,1120,na,palu,Palu0888,0.5,8,1397,141,14838,53.25410782277739,0.06696802276864398,0.07912957467811398
E1,q2_x3_resunet_cas-single_seed2026,cas-single,single-stream,2026,1120,na,palu,Palu0889,0.5,39,402,431,15512,35.62232496605209,0.20182226088501343,0.26502737144346455
E1,q2_x3_resunet_cas-single_seed2026,cas-single,single-stream,2026,1120,na,palu,Palu0890,0.5,44,120,442,15778,36.71511950137164,0.21066066066037922,0.2924115720321394
E1,q2_x3_resunet_cas-single_seed2026,cas-single,single-stream,2026,1120,na,palu,Palu0891,0.5,0,1146,295,14943,63.59166082144841,0.011100832562047873,0.013355592654210005
E1,q2_x3_resunet_cas-single_seed2026,cas-single,single-stream,2026,1120,na,palu,Palu0892,0.5,54,241,234,15855,29.762356580351685,0.3097949886099809,0.47457627118595813
E1,q2_x3_resunet_cas-single_seed2026,cas-single,single-stream,2026,1120,na,palu,Palu0893,0.5,3,555,274,15552,55.154328932550705,0.033861515085325845,0.03582089552201231
E1,q2_x3_resunet_cas-single_seed2026,cas-single,single-stream,2026,1120,na,palu,Palu0894,0.5,0,250,185,15949,55.0018175811634,0.0,0.011764705881854673
E1,q2_x3_resunet_cas-single_seed2026,cas-single,single-stream,2026,1120,na,palu,Palu0895,0.5,45,492,69,15778,59.3182197172373,0.2918445539131312,0.3791019384872985
E1,q2_x3_resunet_cas-single_seed2026,cas-single,single-stream,2026,1120,na,palu,Palu0896,0.5,0,1030,79,15275,56.7336712313408,0.0,0.0
E1,q2_x3_resunet_cas-single_seed2026,cas-single,single-stream,2026,1120,na,palu,Palu0898,0.5,54,1960,83,14287,39.98686884188166,0.2222222222217778,0.31294587010129327
E1,q2_x3_resunet_cas-single_seed2026,cas-single,single-stream,2026,1120,na,palu,Palu0899,0.5,29,1007,153,15195,58.896008042020746,0.01077199281817343,0.08068459657655529
E1,q2_x3_resunet_cas-single_seed2026,cas-single,single-stream,2026,1120,na,palu,Palu0900,0.5,5,1706,40,14633,63.76937077378776,0.04692082111414474,0.07486631016010083
E1,q2_x3_resunet_cas-single_seed2026,cas-single,single-stream,2026,1120,na,palu,Palu0901,0.5,6,1432,267,14679,47.92702786528704,0.039694656488090375,0.06279434850818601
E1,q2_x3_resunet_cas-single_seed2026,cas-single,single-stream,2026,1120,na,palu,Palu0902,0.5,14,1001,401,14968,47.45311775189396,0.07359238699395176,0.11552447552401682
E1,q2_x3_resunet_cas-single_seed2026,cas-single,single-stream,2026,1120,na,palu,Palu0903,0.5,92,515,319,15458,47.25091366257046,0.22206388789890968,0.3458213256480393
E1,q2_x3_resunet_cas-single_seed2026,cas-single,single-stream,2026,1120,na,palu,Palu0904,0.5,242,2255,678,13209,45.17742799230607,0.29992606729549004,0.4543169621624577
E1,q2_x3_resunet_cas-single_seed2026,cas-single,single-stream,2026,1120,na,palu,Palu0905,0.5,202,1282,757,14143,41.61518873919379,0.32376995489631005,0.5040978320763563
E1,q2_x3_resunet_cas-single_seed2026,cas-single,single-stream,2026,1120,na,palu,Palu0906,0.5,10,138,546,15690,67.24427540506315,0.04076338706668365,0.060303735727564624
E1,q2_x3_resunet_cas-single_seed2026,cas-single,single-stream,2026,1120,na,palu,Palu0907,0.5,2,1223,246,14913,62.75539340325653,0.014723926380005347,0.01651031894909455
E1,q2_x3_resunet_cas-single_seed2026,cas-single,single-stream,2026,1120,na,palu,Palu0911,0.5,0,2248,25,14111,65.30237350916393,0.012552301255130993,0.04771371769365793
E1,q2_x3_resunet_cas-single_seed2026,cas-single,single-stream,2026,1120,na,palu,Palu0912,0.5,0,970,41,15373,67.4166151627327,0.029390154298054194,0.05801687763676822
E1,q2_x3_resunet_cas-single_seed2026,cas-single,single-stream,2026,1120,na,palu,Palu0913,0.5,22,287,120,15955,47.188810053606595,0.20686390532496485,0.27053140096572703
E1,q2_x3_resunet_cas-single_seed2026,cas-single,single-stream,2026,1120,na,palu,Palu0914,0.5,95,913,381,14995,31.038588580766188,0.20839821584052035,0.30879789391249335
E1,q2_x3_resunet_cas-single_seed2026,cas-single,single-stream,2026,1120,na,palu,Palu0915,0.5,29,97,460,15798,72.31645033743995,0.1540577716641747,0.18229378596738427
E1,q2_x3_resunet_cas-single_seed2026,cas-single,single-stream,2026,1120,na,palu,Palu0916,0.5,0,0,148,16236,181.01933598375618,0.0,0.0
E1,q2_x3_resunet_cas-single_seed2026,cas-single,single-stream,2026,1120,na,palu,Palu0917,0.5,1,103,110,16170,35.41571801776662,0.0657534246570347,0.110701107010617
E1,q2_x3_resunet_cas-single_seed2026,cas-single,single-stream,2026,1120,na,palu,Palu0918,0.5,0,0,115,16269,181.01933598375618,0.0,0.0
E1,q2_x3_resunet_cas-single_seed2026,cas-single,single-stream,2026,1120,na,palu,Palu0919,0.5,11,1762,47,14564,43.73785545725808,0.12159141707609807,0.15613910574840772
E1,q2_x3_resunet_cas-single_seed2026,cas-single,single-stream,2026,1120,na,palu,Palu0920,0.5,0,2259,65,14060,54.25308500864475,0.0,0.0
E1,q2_x3_resunet_cas-single_seed2026,cas-single,single-stream,2026,1120,na,palu,Palu0921,0.5,0,2863,70,13451,70.09279563550022,0.0,0.0
E1,q2_x3_resunet_cas-single_seed2026,cas-single,single-stream,2026,1120,na,palu,Palu0922,0.5,34,3182,381,12787,73.21948421182366,0.1123188405793031,0.18747797486152054
E1,q2_x3_resunet_cas-single_seed2026,cas-single,single-stream,2026,1120,na,palu,Palu0923,0.5,0,2053,418,13913,88.78343899960251,0.0,0.0
E1,q2_x3_resunet_cas-single_seed2026,cas-single,single-stream,2026,1120,na,palu,Palu0924,0.5,31,878,70,15405,50.013041303100536,0.05701754385926763,0.18376068376028445
E1,q2_x3_resunet_cas-single_seed2026,cas-single,single-stream,2026,1120,na,palu,Palu0925,0.5,14,1627,76,14667,41.012193308819754,0.062238180729783314,0.09070698088004651
E1,q2_x3_resunet_cas-single_seed2026,cas-single,single-stream,2026,1120,na,palu,Palu0926,0.5,0,765,33,15586,67.06265692098846,0.0,0.0
E1,q2_x3_resunet_cas-single_seed2026,cas-single,single-stream,2026,1120,na,palu,Palu0928,0.5,26,418,201,15739,41.18615482150166,0.2342217607010367,0.2758763741958227
E1,q2_x3_resunet_cas-single_seed2026,cas-single,single-stream,2026,1120,na,palu,Palu0929,0.5,138,146,223,15877,59.45417918383342,0.3348570599329065,0.5083798882677746
E1,q2_x3_resunet_cas-single_seed2026,cas-single,single-stream,2026,1120,na,palu,Palu0930,0.5,0,0,872,15512,181.01933598375618,0.0,0.0
E1,q2_x3_resunet_cas-single_seed2026,cas-single,single-stream,2026,1120,na,palu,Palu0931,0.5,686,600,743,14355,46.77604273928305,0.30053299099320097,0.47570126705124793
E1,q2_x3_resunet_cas-single_seed2026,cas-single,single-stream,2026,1120,na,palu,Palu0932,0.5,0,82,760,15542,74.96665925596525,0.0,0.0
E1,q2_x3_resunet_cas-single_seed2026,cas-single,single-stream,2026,1120,na,palu,Palu0933,0.5,0,320,59,16005,55.59404555096202,0.0,0.0
E1,q2_x3_resunet_cas-single_seed2026,cas-single,single-stream,2026,1120,na,palu,Palu0937,0.5,0,2121,57,14206,88.3076913948031,0.0,0.0
E1,q2_x3_resunet_cas-single_seed2026,cas-single,single-stream,2026,1120,na,palu,Palu0938,0.5,237,2198,253,13696,44.451803885623576,0.17980177591052157,0.35463032185050464
E1,q2_x3_resunet_cas-single_seed2026,cas-single,single-stream,2026,1120,na,palu,Palu0939,0.5,1668,2194,1305,11217,27.788453131211984,0.251932898640934,0.44863760256656704
E1,q2_x3_resunet_cas-single_seed2026,cas-single,single-stream,2026,1120,na,palu,Palu0940,0.5,1847,1831,992,11714,29.077471284170187,0.19570466387039162,0.3488336229137476
E1,q2_x3_resunet_cas-single_seed2026,cas-single,single-stream,2026,1120,na,palu,Palu0941,0.5,12,996,313,15063,62.645828724636914,0.02718622564531507,0.09085992428292065
E1,q2_x3_resunet_cas-single_seed2026,cas-single,single-stream,2026,1120,na,palu,Palu0942,0.5,44,513,17,15810,28.33546496052627,0.20949325280706313,0.3876732729976759
E1,q2_x3_resunet_cas-single_seed2026,cas-single,single-stream,2026,1120,na,palu,Palu0943,0.5,0,3864,35,12485,96.98143145048002,0.0,0.0
E1,q2_x3_resunet_cas-single_seed2026,cas-single,single-stream,2026,1120,na,palu,Palu0945,0.5,6,127,155,16096,65.9298643649396,0.06857142857106377,0.06968641114947415
E1,q2_x3_resunet_cas-single_seed2026,cas-single,single-stream,2026,1120,na,palu,Palu0946,0.5,126,858,317,15083,44.92210505263919,0.24899044617305519,0.4587559251113969
E1,q2_x3_resunet_cas-single_seed2026,cas-single,single-stream,2026,1120,na,palu,Palu0947,0.5,155,257,756,15216,67.66791500689392,0.21935608999193976,0.3219348068687925
E1,q2_x3_resunet_cas-single_seed2026,cas-single,single-stream,2026,1120,na,palu,Palu0948,0.5,93,141,1124,15026,51.24207145344607,0.17305887174584195,0.2073205215476831
E1,q2_x3_resunet_cas-single_seed2026,cas-single,single-stream,2026,1120,na,palu,Palu0949,0.5,0,375,679,15330,73.23571321968157,0.00990099009879301,0.02228510788795911
E1,q2_x3_resunet_cas-single_seed2026,cas-single,single-stream,2026,1120,na,palu,Palu0950,0.5,0,7,93,16284,71.31575067904552,0.0,0.0
E1,q2_x3_resunet_cas-single_seed2026,cas-single,single-stream,2026,1120,na,palu,Palu0952,0.5,0,521,40,15823,84.0931026760254,0.0,0.0
E1,q2_x3_resunet_cas-single_seed2026,cas-single,single-stream,2026,1120,na,palu,Palu0953,0.5,79,813,603,14889,50.63099626364236,0.07719799857007795,0.15530997994588272
E1,q2_x3_resunet_cas-single_seed2026,cas-single,single-stream,2026,1120,na,palu,Palu0954,0.5,238,1177,2606,12363,42.52518681641162,0.23938090627233932,0.3616654130344126
E1,q2_x3_resunet_cas-single_seed2026,cas-single,single-stream,2026,1120,na,palu,Palu0955,0.5,191,2009,2306,11878,56.74034618851432,0.17766074643258936,0.28675130154823414
E1,q2_x3_resunet_cas-single_seed2026,cas-single,single-stream,2026,1120,na,palu,Palu0956,0.5,0,1443,336,14605,62.289646009589745,0.0,0.0
E1,q2_x3_resunet_cas-single_seed2026,cas-single,single-stream,2026,1120,na,palu,Palu0957,0.5,35,1029,32,15288,41.719236698274365,0.1446131597972291,0.27586206896516197
E1,q2_x3_resunet_cas-single_seed2026,cas-single,single-stream,2026,1120,na,palu,Palu0958,0.5,0,1438,26,14920,60.937520715078065,0.0,0.0
E1,q2_x3_resunet_cas-single_seed2026,cas-single,single-stream,2026,1120,na,palu,Palu0959,0.5,0,185,33,16166,81.05746262521122,0.0,0.0
E1,q2_x3_resunet_cas-single_seed2026,cas-single,single-stream,2026,1120,na,palu,Palu0960,0.5,94,428,512,15350,48.75122324081114,0.2267035718988252,0.29764882441175405
E1,q2_x3_resunet_cas-single_seed2026,cas-single,single-stream,2026,1120,na,palu,Palu0961,0.5,465,1607,567,13745,40.32368459142484,0.21573182874169253,0.4304932735421669
E1,q2_x3_resunet_cas-single_seed2026,cas-single,single-stream,2026,1120,na,palu,Palu0962,0.5,130,659,929,14666,46.51881339845203,0.17647226092609458,0.24602007544241153
E1,q2_x3_resunet_cas-single_seed2026,cas-single,single-stream,2026,1120,na,palu,Palu0963,0.5,81,621,701,14981,62.54538236903606,0.1154350677740975,0.23127980409817753
E1,q2_x3_resunet_cas-single_seed2026,cas-single,single-stream,2026,1120,na,palu,Palu0964,0.5,31,646,184,15523,65.7567394737094,0.08566183968948649,0.13500383533573798
E1,q2_x3_resunet_cas-single_seed2026,cas-single,single-stream,2026,1120,na,palu,Palu0965,0.5,0,790,34,15560,79.95304467460514,0.0,0.0
E1,q2_x3_resunet_cas-single_seed2026,cas-single,single-stream,2026,1120,na,palu,Palu0967,0.5,23,216,380,15765,58.57131567689214,0.05080440304798284,0.135972334632886
E1,q2_x3_resunet_cas-single_seed2026,cas-single,single-stream,2026,1120,na,palu,Palu0968,0.5,115,1150,467,14652,43.77197578057044,0.06657018813274827,0.2131546671056446
E1,q2_x3_resunet_cas-single_seed2026,cas-single,single-stream,2026,1120,na,palu,Palu0969,0.5,48,2842,188,13306,54.309750124988994,0.11414005522855947,0.1938543247339916
E1,q2_x3_resunet_cas-single_seed2026,cas-single,single-stream,2026,1120,na,palu,Palu0970,0.5,36,962,33,15353,38.87478692767306,0.13270142180061048,0.3051442617190048
E1,q2_x3_resunet_cas-single_seed2026,cas-single,single-stream,2026,1120,na,palu,Palu0971,0.5,5,1050,97,15232,30.777843761811653,0.050141021622815654,0.12811980033229428
E1,q2_x3_resunet_cas-single_seed2026,cas-single,single-stream,2026,1120,na,palu,Palu0972,0.5,3,778,162,15441,39.11246616528838,0.03619909502226298,0.10954616588376846
E1,q2_x3_resunet_cas-single_seed2026,cas-single,single-stream,2026,1120,na,palu,Palu0973,0.5,1,1830,163,14390,42.186489379183776,0.021827252883866437,0.030097817907703512
E1,q2_x3_resunet_cas-single_seed2026,cas-single,single-stream,2026,1120,na,palu,Palu0974,0.5,403,1399,517,14065,35.78966061296949,0.254774689050027,0.39421778298828597
E1,q2_x3_resunet_cas-single_seed2026,cas-single,single-stream,2026,1120,na,palu,Palu0975,0.5,305,750,864,14465,28.96110255092798,0.3422895112375243,0.5234441357265042
E1,q2_x3_resunet_cas-single_seed2026,cas-single,single-stream,2026,1120,na,palu,Palu0976,0.5,83,336,624,15341,57.551592592138384,0.16399225934593717,0.24482452621447132
E1,q2_x3_resunet_cas-single_seed2026,cas-single,single-stream,2026,1120,na,palu,Palu0977,0.5,166,835,298,15085,47.643117615559355,0.2114278722619392,0.3989144762344122
E1,q2_x3_resunet_cas-single_seed2026,cas-single,single-stream,2026,1120,na,palu,Palu0978,0.5,2,412,87,15883,55.951542717864925,0.03172504956989168,0.03707865168489826
E1,q2_x3_resunet_cas-single_seed2026,cas-single,single-stream,2026,1120,na,palu,Palu0980,0.5,22,1064,119,15179,51.62363799656123,0.09668508287243231,0.19515179322424706
E1,q2_x3_resunet_cas-single_seed2026,cas-single,single-stream,2026,1120,na,palu,Palu0981,0.5,113,1300,183,14788,39.65463868570494,0.1525423728808883,0.276366276054703
E1,q2_x3_resunet_cas-single_seed2026,cas-single,single-stream,2026,1120,na,palu,Palu0982,0.5,12,2434,148,13790,49.119601610268866,0.019206145966209644,0.046464646464264986
E1,q2_x3_resunet_cas-single_seed2026,cas-single,single-stream,2026,1120,na,palu,Palu0984,0.5,28,844,139,15373,66.36254164527956,0.13195507912150117,0.25192936559794127
E1,q2_x3_resunet_cas-single_seed2026,cas-single,single-stream,2026,1120,na,palu,Palu0985,0.5,76,913,275,15120,39.39668631443718,0.1511697660463821,0.3083393572973939
E1,q2_x3_resunet_cas-single_seed2026,cas-single,single-stream,2026,1120,na,palu,Palu0986,0.5,46,1473,310,14555,52.99047386831785,0.06614173228296462,0.15289575289525706
E1,q2_x3_resunet_cas-single_seed2026,cas-single,single-stream,2026,1120,na,palu,Palu0987,0.5,84,477,465,15358,43.35949742042367,0.17337991017280535,0.2632435364306093
E1,q2_x3_resunet_cas-single_seed2026,cas-single,single-stream,2026,1120,na,palu,Palu0988,0.5,134,906,376,14968,43.88392666113911,0.268656716417455,0.37908851761851947
E1,q2_x3_resunet_cas-single_seed2026,cas-single,single-stream,2026,1120,na,palu,Palu0989,0.5,24,79,216,16065,71.0125720411477,0.20415879016987296,0.23383953769632437
E1,q2_x3_resunet_cas-single_seed2026,cas-single,single-stream,2026,1120,na,palu,Palu0990,0.5,0,0,133,16251,181.01933598375618,0.0,0.0
E1,q2_x3_resunet_cas-single_seed2026,cas-single,single-stream,2026,1120,na,palu,Palu0991,0.5,0,849,30,15505,62.47818291498312,0.0,0.0
E1,q2_x3_resunet_cas-single_seed2026,cas-single,single-stream,2026,1120,na,palu,Palu0993,0.5,0,694,19,15671,84.20332230101364,0.0,0.0
E1,q2_x3_resunet_cas-single_seed2026,cas-single,single-stream,2026,1120,na,palu,Palu0994,0.5,7,29,229,16119,63.10689958454613,0.11217948717925184,0.12486883525682564
E1,q2_x3_resunet_cas-single_seed2026,cas-single,single-stream,2026,1120,na,palu,Palu0995,0.5,116,530,414,15324,64.66065264130884,0.24381449884278242,0.3641892151953964
E1,q2_x3_resunet_cas-single_seed2026,cas-single,single-stream,2026,1120,na,palu,Palu0996,0.5,149,1735,549,13951,33.18049797397629,0.25272337466632766,0.35126615808386946
E1,q2_x3_resunet_cas-single_seed2026,cas-single,single-stream,2026,1120,na,palu,Palu0997,0.5,190,466,374,15354,56.652440441131105,0.26354319180051206,0.41458633611955603
E1,q2_x3_resunet_cas-single_seed2026,cas-single,single-stream,2026,1120,na,palu,Palu0998,0.5,75,524,196,15589,71.88808209048233,0.22302897458684942,0.377450021516719
E1,q2_x3_resunet_cas-single_seed2026,cas-single,single-stream,2026,1120,na,palu,Palu0999,0.5,5,68,130,16181,53.47148449150291,0.06997084548088515,0.07125890736328401
E1,q2_x3_resunet_cas-single_seed2026,cas-single,single-stream,2026,1120,na,palu,Palu1000,0.5,0,86,59,16239,64.59866288046871,0.0,0.0
E1,q2_x3_resunet_cas-single_seed2026,cas-single,single-stream,2026,1120,na,palu,Palu1001,0.5,0,61,19,16304,56.655597059510264,0.0,0.0
E1,q2_x3_resunet_cas-single_seed2026,cas-single,single-stream,2026,1120,na,palu,Palu1004,0.5,0,1744,18,14622,99.67281950710756,0.0,0.0
E1,q2_x3_resunet_cas-single_seed2026,cas-single,single-stream,2026,1120,na,palu,Palu1005,0.5,0,1030,61,15293,68.60029154456998,0.0,0.0
E1,q2_x3_resunet_cas-single_seed2026,cas-single,single-stream,2026,1120,na,palu,Palu1006,0.5,62,281,367,15674,58.60715541048437,0.28086912298506406,0.37306804050414766
E1,q2_x3_resunet_cas-single_seed2026,cas-single,single-stream,2026,1120,na,palu,Palu1007,0.5,220,639,1054,14471,37.1799623076327,0.2735526470931446,0.3713564827072943
E1,q2_x3_resunet_cas-single_seed2026,cas-single,single-stream,2026,1120,na,palu,Palu1008,0.5,375,1457,909,13643,39.08641082341192,0.3121187034876643,0.5007687699951637
E1,q2_x3_resunet_cas-single_seed2026,cas-single,single-stream,2026,1120,na,palu,Palu1009,0.5,184,969,396,14835,49.357816592845126,0.1925047616488339,0.36487807642672376
E1,q2_x3_resunet_cas-single_seed2026,cas-single,single-stream,2026,1120,na,palu,Palu1010,0.5,15,30,227,16112,62.609903369994115,0.11374999999987738,0.11428571428559933
E1,q2_x3_resunet_cas-single_seed2026,cas-single,single-stream,2026,1120,na,palu,Palu1011,0.5,6,494,62,15822,59.60486354417402,0.03264417845437603,0.10322580645112732
E1,q2_x3_resunet_cas-single_seed2026,cas-single,single-stream,2026,1120,na,palu,Palu1012,0.5,1,39,43,16301,83.33357762935287,0.07734806629808871,0.15294117647032107
E1,q2_x3_resunet_cas-single_seed2026,cas-single,single-stream,2026,1120,na,palu,Palu1013,0.5,0,147,19,16218,60.241099951631455,0.0,0.0495867768590058
E1,q2_x3_resunet_cas-single_seed2026,cas-single,single-stream,2026,1120,na,palu,Palu1016,0.5,0,334,19,16031,54.048585541308846,0.0,0.0
E1,q2_x3_resunet_cas-single_seed2026,cas-single,single-stream,2026,1120,na,palu,Palu1017,0.5,7,1406,65,14906,41.204272821174015,0.09683098591506327,0.13046701260143984
E1,q2_x3_resunet_cas-single_seed2026,cas-single,single-stream,2026,1120,na,palu,Palu1018,0.5,213,1043,293,14835,36.45589992269726,0.2884915486862174,0.4497876177589428
E1,q2_x3_resunet_cas-single_seed2026,cas-single,single-stream,2026,1120,na,palu,Palu1019,0.5,340,1149,1318,13577,38.8329756778952,0.22230954920532195,0.331899200983086
E1,q2_x3_resunet_cas-single_seed2026,cas-single,single-stream,2026,1120,na,palu,Palu1020,0.5,166,399,1362,14457,53.00188662455886,0.16253658406475394,0.21998915856088633
E1,q2_x3_resunet_cas-single_seed2026,cas-single,single-stream,2026,1120,na,palu,Palu1021,0.5,41,400,386,15557,44.17687792357062,0.14757251069465863,0.3050509525915243
E1,q2_x3_resunet_cas-single_seed2026,cas-single,single-stream,2026,1120,na,palu,Palu1022,0.5,23,116,113,16132,70.4891998318611,0.15267175572487268,0.28589540412014686
E1,q2_x3_resunet_cas-single_seed2026,cas-single,single-stream,2026,1120,na,palu,Palu1023,0.5,16,1209,8,15151,51.907055123198006,0.06779661016925712,0.2539682539679456
E1,q2_x3_resunet_cas-single_seed2026,cas-single,single-stream,2026,1120,na,palu,Palu1028,0.5,0,2522,59,13803,61.30415334677333,0.005747126436500017,0.032461677186155544
E1,q2_x3_resunet_cas-single_seed2026,cas-single,single-stream,2026,1120,na,palu,Palu1029,0.5,108,1231,257,14788,40.654455964164114,0.19658909518558773,0.314339079579416
E1,q2_x3_resunet_cas-single_seed2026,cas-single,single-stream,2026,1120,na,palu,Palu1030,0.5,66,265,1091,14962,60.340116136360606,0.10006688963192328,0.16214319582721642
E1,q2_x3_resunet_cas-single_seed2026,cas-single,single-stream,2026,1120,na,palu,Palu1031,0.5,165,576,1122,14521,55.038582233137674,0.234973769147146,0.3276699029122679
E1,q2_x3_resunet_cas-single_seed2026,cas-single,single-stream,2026,1120,na,palu,Palu1032,0.5,27,750,447,15160,66.48232839823649,0.03480278422239157,0.0780548390175779
E1,q2_x3_resunet_cas-single_seed2026,cas-single,single-stream,2026,1120,na,palu,Palu1033,0.5,2,444,36,15902,70.01571129879575,0.04753820033907269,0.07899461400316378
E1,q2_x3_resunet_cas-single_seed2026,cas-single,single-stream,2026,1120,na,palu,Palu1034,0.5,0,0,19,16365,181.01933598375618,0.0,0.0
E1,q2_x3_resunet_cas-single_seed2026,cas-single,single-stream,2026,1120,na,palu,Palu1035,0.5,0,18,22,16344,88.52344198932309,0.0,0.0
E1,q2_x3_resunet_cas-single_seed2026,cas-single,single-stream,2026,1120,na,palu,Palu1037,0.5,0,19,49,16316,80.38836671306957,0.0,0.0
E1,q2_x3_resunet_cas-single_seed2026,cas-single,single-stream,2026,1120,na,palu,Palu1038,0.5,1,1,240,16142,75.17473756275193,0.056680161943264765,0.10276679841887484
E1,q2_x3_resunet_cas-single_seed2026,cas-single,single-stream,2026,1120,na,palu,Palu1039,0.5,77,562,519,15226,55.999929511054525,0.19079479846724587,0.29808462984710876
E1,q2_x3_resunet_cas-single_seed2026,cas-single,single-stream,2026,1120,na,palu,Palu1040,0.5,219,265,613,15287,62.95627047417768,0.3163965087278502,0.40115703737501207
E1,q2_x3_resunet_cas-single_seed2026,cas-single,single-stream,2026,1120,na,palu,Palu1041,0.5,42,854,410,15078,60.430123714216926,0.07736214453119572,0.135695439125127
E1,q2_x3_resunet_cas-single_seed2026,cas-single,single-stream,2026,1120,na,palu,Palu1042,0.5,0,1308,26,15050,44.53071687294063,0.0,0.0
E1,q2_x3_resunet_cas-single_seed2026,cas-single,single-stream,2026,1120,na,palu,Palu1045,0.5,0,170,39,16175,63.51621279646409,0.0,0.0
E1,q2_x3_resunet_cas-single_seed2026,cas-single,single-stream,2026,1120,na,palu,Palu1046,0.5,0,402,51,15931,67.04614101893387,0.0,0.015936254979611184
E1,q2_x3_resunet_cas-single_seed2026,cas-single,single-stream,2026,1120,na,palu,Palu1047,0.5,0,25,30,16329,71.24579536680076,0.0,0.0
E1,q2_x3_resunet_cas-single_seed2026,cas-single,single-stream,2026,1120,na,palu,Palu1049,0.5,0,0,20,16364,181.01933598375618,0.0,0.0
E1,q2_x3_resunet_cas-single_seed2026,cas-single,single-stream,2026,1120,na,palu,Palu1050,0.5,5,20,94,16265,41.10121192233877,0.20304568527891573,0.25830258302557857
E1,q2_x3_resunet_cas-single_seed2026,cas-single,single-stream,2026,1120,na,palu,Palu1051,0.5,70,1405,154,14755,59.4289072855043,0.22924320352631913,0.3385463182892903
E1,q2_x3_resunet_cas-single_seed2026,cas-single,single-stream,2026,1120,na,palu,Palu1052,0.5,134,1047,343,14860,42.620397016698114,0.14697034808718826,0.2989302226167278
E1,q2_x3_resunet_cas-single_seed2026,cas-single,single-stream,2026,1120,na,palu,Palu1053,0.5,22,235,329,15798,75.15582373756001,0.1191567369382016,0.12250453720468793
E1,q2_x3_resunet_cas-single_seed2026,cas-single,single-stream,2026,1120,na,palu,Palu1054,0.5,0,1205,21,15158,72.38989214877421,0.0,0.0
E1,q2_x3_resunet_cas-single_seed2026,cas-single,single-stream,2026,1120,na,palu,Palu1056,0.5,20,341,6,16017,33.134081098023685,0.16224648985920612,0.5671482075971803
E1,q2_x3_resunet_cas-single_seed2026,cas-single,single-stream,2026,1120,na,palu,Palu1057,0.5,0,406,50,15928,55.96637903781635,0.04145077720157362,0.09670329670280299
E1,q2_x3_resunet_cas-single_seed2026,cas-single,single-stream,2026,1120,na,palu,Palu1058,0.5,0,113,32,16239,57.4967957428518,0.0,0.0
E1,q2_x3_resunet_cas-single_seed2026,cas-single,single-stream,2026,1120,na,palu,Palu1059,0.5,0,0,17,16367,181.01933598375618,0.0,0.0
E1,q2_x3_resunet_cas-single_seed2026,cas-single,single-stream,2026,1120,na,palu,Palu1060,0.5,0,0,22,16362,181.01933598375618,0.0,0.0
E1,q2_x3_resunet_cas-single_seed2026,cas-single,single-stream,2026,1120,na,palu,Palu1062,0.5,6,394,94,15890,72.18181742811144,0.11840688912759764,0.1772694781982192
E1,q2_x3_resunet_cas-single_seed2026,cas-single,single-stream,2026,1120,na,palu,Palu1063,0.5,138,1721,114,14411,29.614185789921695,0.1580793247977754,0.3044349070095149
E1,q2_x3_resunet_cas-single_seed2026,cas-single,single-stream,2026,1120,na,palu,Palu1064,0.5,96,3193,61,13034,64.85136650857969,0.1313316677350147,0.21983733076914752
E1,q2_x3_resunet_cas-single_seed2026,cas-single,single-stream,2026,1120,na,palu,Palu1069,0.5,0,76,26,16282,65.06204763784248,0.0,0.0
E1,q2_x3_resunet_cas-single_seed2026,cas-single,single-stream,2026,1120,na,palu,Palu1070,0.5,0,0,42,16342,181.01933598375618,0.0,0.0
E1,q2_x3_resunet_cas-single_seed2026,cas-single,single-stream,2026,1120,na,palu,Palu1071,0.5,17,144,40,16183,47.38986933064633,0.3851203501089128,0.5228051198841226
E1,q2_x3_resunet_cas-single_seed2026,cas-single,single-stream,2026,1120,na,palu,Palu1072,0.5,19,1152,84,15129,38.259088259069976,0.09836065573733886,0.1811320754712229
E1,q2_x3_resunet_cas-single_seed2026,cas-single,single-stream,2026,1120,na,palu,Palu1073,0.5,0,3055,68,13261,58.038372637312975,0.0,0.0
E1,q2_x3_resunet_cas-single_seed2026,cas-single,single-stream,2026,1120,na,palu,Palu1074,0.5,0,3783,24,12577,67.45506393556629,0.0,0.0
E1,q2_x3_resunet_cas-single_seed2026,cas-single,single-stream,2026,1120,na,palu,Palu1075,0.5,0,99,28,16257,47.70702161229803,0.0,0.0
E1,q2_x3_resunet_cas-single_seed2026,cas-single,single-stream,2026,1120,na,palu,Palu1076,0.5,24,84,6,16270,28.61840367722183,0.8300536672624795,0.9369951534728446
E1,q2_x3_resunet_cas-single_seed2026,cas-single,single-stream,2026,1120,na,palu,Palu1078,0.5,0,0,20,16364,181.01933598375618,0.0,0.0
E1,q2_x3_resunet_cas-single_seed2026,cas-single,single-stream,2026,1120,na,palu,Palu1079,0.5,0,0,25,16359,181.01933598375618,0.0,0.0
E1,q2_x3_resunet_cas-single_seed2026,cas-single,single-stream,2026,1120,na,palu,Palu1080,0.5,0,0,25,16359,181.01933598375618,0.0,0.0
E1,q2_x3_resunet_cas-single_seed2026,cas-single,single-stream,2026,1120,na,palu,Palu1081,0.5,46,975,23,15340,43.24230235646061,0.19948519948485405,0.39639639639597857
E1,q2_x3_resunet_cas-single_seed2026,cas-single,single-stream,2026,1120,na,palu,Palu1082,0.5,30,1464,49,14841,31.527754200433517,0.17156225630318692,0.2517665532578369
E1,q2_x3_resunet_cas-single_seed2026,cas-single,single-stream,2026,1120,na,palu,Palu1083,0.5,24,3543,267,12550,43.259665166087515,0.09208309938199125,0.18926911702531143
E1,q2_x3_resunet_cas-single_seed2026,cas-single,single-stream,2026,1120,na,palu,Palu1084,0.5,552,1863,17,13952,50.33375557023832,0.3803203313918719,0.4987680131408042
E1,q2_x3_resunet_cas-single_seed2026,cas-single,single-stream,2026,1120,na,palu,Palu1085,0.5,26,100,287,15971,57.0653800782117,0.3392226148405999,0.4403669724767107
E1,q2_x3_resunet_cas-single_seed2026,cas-single,single-stream,2026,1120,na,palu,Palu1087,0.5,0,71,26,16287,37.669574248995694,0.0,0.0
E1,q2_x3_resunet_cas-single_seed2026,cas-single,single-stream,2026,1120,na,palu,Palu1088,0.5,1,568,46,15769,33.80120845300129,0.009174311926526344,0.009174311926526344
E1,q2_x3_resunet_cas-single_seed2026,cas-single,single-stream,2026,1120,na,palu,Palu1089,0.5,0,1549,281,14554,53.40171378798397,0.0037735849053270485,0.024356297842331155
E1,q2_x3_resunet_cas-single_seed2026,cas-single,single-stream,2026,1120,na,palu,Palu1090,0.5,277,250,271,15586,58.2387184705969,0.35377469150234087,0.5558739255009402
E1,q2_x3_resunet_cas-single_seed2026,cas-single,single-stream,2026,1120,na,palu,Palu1091,0.5,0,0,290,16094,181.01933598375618,0.0,0.0
