experiment,run_id,regime,role,seed,step,buffer_m,region,id,threshold,tp,fp,fn,tn,hd95,f1_2,f1_4
E1,q2_x3_resunet_cas-single_seed42,cas-single,single-stream,42,1120,na,hokkaido_iburi_tobu,Hokkaido0001,0.5,0,5422,50,10912,99.85439387016486,0.0,0.0
E1,q2_x3_resunet_cas-single_seed42,cas-single,single-stream,42,1120,na,hokkaido_iburi_tobu,Hokkaido0002,0.5,0,4373,67,11944,101.06927106009081,0.0,0.0
E1,q2_x3_resunet_cas-single_seed42,cas-single,single-stream,42,1120,na,hokkaido_iburi_tobu,Hokkaido0003,0.5,0,3937,254,12193,66.40464671818103,0.0,0.0
E1,q2_x3_resunet_cas-single_seed42,cas-single,single-stream,42,1120,na,hokkaido_iburi_tobu,Hokkaido0004,0.5,81,3615,156,12532,55.72296042517438,0.06606142553560107,0.13741820344987485
E1,q2_x3_resunet_cas-single_seed42,cas-single,single-stream,42,1120,na,hokkaido_iburi_tobu,Hokkaido0005,0.5,20,71,26,16267,46.67226094252257,0.4295523207905958,0.4554455445541037
E1,q2_x3_resunet_cas-single_seed42,cas-single,single-stream,42,1120,na,hokkaido_iburi_tobu,Hokkaido0008,0.5,38,2291,32,14023,53.04175663045967,0.0,0.0
E1,q2_x3_resunet_cas-single_seed42,cas-single,single-stream,42,1120,na,hokkaido_iburi_tobu,Hokkaido0009,0.5,27,5329,127,10901,77.37241898645195,0.14625992478031505,0.2161768908979
E1,q2_x3_resunet_cas-single_seed42,cas-single,single-stream,42,1120,na,hokkaido_iburi_tobu,Hokkaido0010,0.5,71,3004,473,12836,50.91168824543142,0.0,0.03129890453784733
E1,q2_x3_resunet_cas-single_seed42,cas-single,single-stream,42,1120,na,hokkaido_iburi_tobu,Hokkaido0011,0.5,0,3619,574,12191,49.5274231471521,0.0,0.0
E1,q2_x3_resunet_cas-single_seed42,cas-single,single-stream,42,1120,na,hokkaido_iburi_tobu,Hokkaido0012,0.5,41,2404,570,13369,51.7927383426602,0.04533635575655346,0.07637839127963407
E1,q2_x3_resunet_cas-single_seed42,cas-single,single-stream,42,1120,na,hokkaido_iburi_tobu,Hokkaido0013,0.5,181,2839,638,12726,46.893481817647796,0.10769942070720136,0.15666999462359643
E1,q2_x3_resunet_cas-single_seed42,cas-single,single-stream,42,1120,na,hokkaido_iburi_tobu,Hokkaido0014,0.5,46,2589,417,13332,47.641363486483016,0.0,0.0
E1,q2_x3_resunet_cas-single_seed42,cas-single,single-stream,42,1120,na,hokkaido_iburi_tobu,Hokkaido0015,0.5,0,3014,127,13243,81.65903974523393,0.0,0.0
E1,q2_x3_resunet_cas-single_seed42,cas-single,single-stream,42,1120,na,hokkaido_iburi_tobu,Hokkaido0017,0.5,0,4350,276,11758,59.58139364577598,0.007142857142413495,0.034934497816111514
E1,q2_x3_resunet_cas-single_seed42,cas-single,single-stream,42,1120,na,hokkaido_iburi_tobu,Hokkaido0018,0.5,60,2818,611,12895,38.94289876278061,0.07382091592567916,0.10093896713565888
E1,q2_x3_resunet_cas-single_seed42,cas-single,single-stream,42,1120,na,hokkaido_iburi_tobu,Hokkaido0019,0.5,0,0,1308,15076,181.01933598375618,0.0,0.0
E1,q2_x3_resunet_cas-single_seed42,cas-single,single-stream,42,1120,na,hokkaido_iburi_tobu,Hokkaido0020,0.5,101,87,1244,14952,61.29437168288782,0.14235094746552887,0.19519187886233053
E1,q2_x3_resunet_cas-single_seed42,cas-single,single-stream,42,1120,na,hokkaido_iburi_tobu,Hokkaido0021,0.5,211,1967,705,13501,51.90952755320221,0.11422916208446067,0.1933680771199588
E1,q2_x3_resunet_cas-single_seed42,cas-single,single-stream,42,1120,na,hokkaido_iburi_tobu,Hokkaido0022,0.5,218,2307,739,13120,45.24488666267135,0.08620969048734944,0.13880126182925193
E1,q2_x3_resunet_cas-single_seed42,cas-single,single-stream,42,1120,na,hokkaido_iburi_tobu,Hokkaido0023,0.5,244,1656,474,14010,43.9089968002003,0.21588646319782223,0.3450207236468982
E1,q2_x3_resunet_cas-single_seed42,cas-single,single-stream,42,1120,na,hokkaido_iburi_tobu,Hokkaido0024,0.5,59,4191,197,11937,51.088159097779204,0.026946107783941898,0.03796781775397524
E1,q2_x3_resunet_cas-single_seed42,cas-single,single-stream,42,1120,na,hokkaido_iburi_tobu,Hokkaido0025,0.5,15,3704,10,12655,72.92324649709876,0.07874015748019693,0.10335917312647197
E1,q2_x3_resunet_cas-single_seed42,cas-single,single-stream,42,1120,na,hokkaido_iburi_tobu,Hokkaido0027,0.5,0,3229,631,12524,66.48857376835484,0.02536461635969725,0.046109510085959315
E1,q2_x3_resunet_cas-single_seed42,cas-single,single-stream,42,1120,na,hokkaido_iburi_tobu,Hokkaido0028,0.5,0,823,825,14736,55.896290899443535,0.0,0.0
E1,q2_x3_resunet_cas-single_seed42,cas-single,single-stream,42,1120,na,hokkaido_iburi_tobu,Hokkaido0029,0.5,0,0,1683,14701,181.01933598375618,0.0,0.0
E1,q2_x3_resunet_cas-single_seed42,cas-single,single-stream,42,1120,na,hokkaido_iburi_tobu,Hokkaido0030,0.5,0,0,1956,14428,181.01933598375618,0.0,0.0
E1,q2_x3_resunet_cas-single_seed42,cas-single,single-stream,42,1120,na,hokkaido_iburi_tobu,Hokkaido0031,0.5,127,968,1132,14157,67.08567697745809,0.1214972386987608,0.19778581843674078
E1,q2_x3_resunet_cas-single_seed42,cas-single,single-stream,42,1120,na,hokkaido_iburi_tobu,Hokkaido0032,0.5,155,3851,545,11833,39.6232255123179,0.14656381486626627,0.27415143603083625
E1,q2_x3_resunet_cas-single_seed42,cas-single,single-stream,42,1120,na,hokkaido_iburi_tobu,Hokkaido0033,0.5,71,3838,382,12093,38.20209229958199,0.07107061503366874,0.11594466690886698
E1,q2_x3_resunet_cas-single_seed42,cas-single,single-stream,42,1120,na,hokkaido_iburi_tobu,Hokkaido0034,0.5,127,2447,292,13518,46.66904755831214,0.042553191488865584,0.08510638297822729
E1,q2_x3_resunet_cas-single_seed42,cas-single,single-stream,42,1120,na,hokkaido_iburi_tobu,Hokkaido0035,0.5,83,3655,308,12338,28.258565170034135,0.06344410876083555,0.14229151200148085
E1,q2_x3_resunet_cas-single_seed42,cas-single,single-stream,42,1120,na,hokkaido_iburi_tobu,Hokkaido0036,0.5,70,4772,109,11433,63.54516373089516,0.0944415661309611,0.14130651264654154
E1,q2_x3_resunet_cas-single_seed42,cas-single,single-stream,42,1120,na,hokkaido_iburi_tobu,Hokkaido0037,0.5,0,2927,39,13418,88.88531911640196,0.0,0.0
E1,q2_x3_resunet_cas-single_seed42,cas-single,single-stream,42,1120,na,hokkaido_iburi_tobu,Hokkaido0038,0.5,0,2734,39,13611,86.83456901350675,0.0,0.0
E1,q2_x3_resunet_cas-single_seed42,cas-single,single-stream,42,1120,na,hokkaido_iburi_tobu,Hokkaido0039,0.5,0,0,515,15869,181.01933598375618,0.0,0.0
E1,q2_x3_resunet_cas-single_seed42,cas-single,single-stream,42,1120,na,hokkaido_iburi_tobu,Hokkaido0040,0.5,539,1290,1759,12796,31.981138830084205,0.2016538071374814,0.33929112390148797
E1,q2_x3_resunet_cas-single_seed42,cas-single,single-stream,42,1120,na,hokkaido_iburi_tobu,Hokkaido0041,0.5,0,0,3071,13313,181.01933598375618,0.0,0.0
E1,q2_x3_resunet_cas-single_seed42,cas-single,single-stream,42,1120,na,hokkaido_iburi_tobu,Hokkaido0042,0.5,0,0,2965,13419,181.01933598375618,0.0,0.0
E1,q2_x3_resunet_cas-single_seed42,cas-single,single-stream,42,1120,na,hokkaido_iburi_tobu,Hokkaido0043,0.5,0,326,2531,13527,77.07788269017254,0.0055126791619303245,0.013502986237231384
E1,q2_x3_resunet_cas-single_seed42,cas-single,single-stream,42,1120,na,hokkaido_iburi_tobu,Hokkaido0044,0.5,238,1528,1421,13197,50.80354318352215,0.08697334687728633,0.15665186512919285
E1,q2_x3_resunet_cas-single_seed42,cas-single,single-stream,42,1120,na,hokkaido_iburi_tobu,Hokkaido0045,0.5,234,2091,1430,12629,38.94675762472022,0.1490668029449493,0.2464093849354451
E1,q2_x3_resunet_cas-single_seed42,cas-single,single-stream,42,1120,na,hokkaido_iburi_tobu,Hokkaido0046,0.5,47,1467,1179,13691,59.58476493439422,0.06663435909821114,0.10985178727073905
E1,q2_x3_resunet_cas-single_seed42,cas-single,single-stream,42,1120,na,hokkaido_iburi_tobu,Hokkaido0047,0.5,0,4691,440,11253,53.814476931952,0.0,0.0
E1,q2_x3_resunet_cas-single_seed42,cas-single,single-stream,42,1120,na,hokkaido_iburi_tobu,Hokkaido0048,0.5,332,2431,281,13340,48.16637831516918,0.184655639659346,0.2767269394212149
E1,q2_x3_resunet_cas-single_seed42,cas-single,single-stream,42,1120,na,hokkaido_iburi_tobu,Hokkaido0049,0.5,349,4420,191,11424,68.2658606078245,0.20161859757707223,0.26857654431467803
E1,q2_x3_resunet_cas-single_seed42,cas-single,single-stream,42,1120,na,hokkaido_iburi_tobu,Hokkaido0050,0.5,12,2699,27,13646,55.52115731362708,0.06054490413700717,0.11913626209952839
E1,q2_x3_resunet_cas-single_seed42,cas-single,single-stream,42,1120,na,hokkaido_iburi_tobu,Hokkaido0051,0.5,39,3255,0,13090,47.51210344135404,0.02322880371625822,0.0933431589287123
E1,q2_x3_resunet_cas-single_seed42,cas-single,single-stream,42,1120,na,hokkaido_iburi_tobu,Hokkaido0053,0.5,0,4542,29,11813,96.27951925305639,0.0,0.0
E1,q2_x3_resunet_cas-single_seed42,cas-single,single-stream,42,1120,na,hokkaido_iburi_tobu,Hokkaido0054,0.5,0,1313,593,14478,65.4115307522824,0.0,0.0
E1,q2_x3_resunet_cas-single_seed42,cas-single,single-stream,42,1120,na,hokkaido_iburi_tobu,Hokkaido0055,0.5,618,447,2622,12697,57.039451774239,0.2194280421440044,0.3800919461123863
E1,q2_x3_resunet_cas-single_seed42,cas-single,single-stream,42,1120,na,hokkaido_iburi_tobu,Hokkaido0056,0.5,126,40,5056,11162,80.02124390066543,0.03651776980758438,0.05945968343410078
E1,q2_x3_resunet_cas-single_seed42,cas-single,single-stream,42,1120,na,hokkaido_iburi_tobu,Hokkaido0057,0.5,0,0,4764,11620,181.01933598375618,0.0,0.0
E1,q2_x3_resunet_cas-single_seed42,cas-single,single-stream,42,1120,na,hokkaido_iburi_tobu,Hokkaido0058,0.5,17,1,3409,12957,75.67826522281428,0.020833333333312713,0.02364066193851092
E1,q2_x3_resunet_cas-single_seed42,cas-single,single-stream,42,1120,na,hokkaido_iburi_tobu,Hokkaido0059,0.5,318,3645,2444,9977,36.094272234279444,0.1665183022918172,0.2386851547362874
E1,q2_x3_resunet_cas-single_seed42,cas-single,single-stream,42,1120,na,hokkaido_iburi_tobu,Hokkaido0060,0.5,75,20,3862,12427,66.40331306789605,0.05534709193240396,0.06893339543542482
E1,q2_x3_resunet_cas-single_seed42,cas-single,single-stream,42,1120,na,hokkaido_iburi_tobu,Hokkaido0061,0.5,0,0,4094,12290,181.01933598375618,0.0,0.0
E1,q2_x3_resunet_cas-single_seed42,cas-single,single-stream,42,1120,na,hokkaido_iburi_tobu,Hokkaido0062,0.5,75,1711,2290,12308,56.859475903318,0.06314808913267744,0.07771373430840543
E1,q2_x3_resunet_cas-single_seed42,cas-single,single-stream,42,1120,na,hokkaido_iburi_tobu,Hokkaido0063,0.5,44,4272,1071,10997,35.05655059300037,0.03062200956892342,0.05637800354741997
E1,q2_x3_resunet_cas-single_seed42,cas-single,single-stream,42,1120,na,hokkaido_iburi_tobu,Hokkaido0064,0.5,11,2663,461,13249,46.655098852133655,0.03854389721584754,0.05328596802793004
E1,q2_x3_resunet_cas-single_seed42,cas-single,single-stream,42,1120,na,hokkaido_iburi_tobu,Hokkaido0067,0.5,0,3337,22,13025,71.41393351176302,0.0,0.0
E1,q2_x3_resunet_cas-single_seed42,cas-single,single-stream,42,1120,na,hokkaido_iburi_tobu,Hokkaido0068,0.5,0,2581,22,13781,83.27404248331953,0.0,0.0
E1,q2_x3_resunet_cas-single_seed42,cas-single,single-stream,42,1120,na,hokkaido_iburi_tobu,Hokkaido0071,0.5,0,1529,21,14834,66.09992402818389,0.0,0.0
E1,q2_x3_resunet_cas-single_seed42,cas-single,single-stream,42,1120,na,hokkaido_iburi_tobu,Hokkaido0072,0.5,24,3161,21,13178,51.83179085726792,0.07389635316675397,0.09832802547745025
E1,q2_x3_resunet_cas-single_seed42,cas-single,single-stream,42,1120,na,hokkaido_iburi_tobu,Hokkaido0073,0.5,21,3603,3,12757,65.27036543971501,0.06642066420649288,0.09101725163573325
E1,q2_x3_resunet_cas-single_seed42,cas-single,single-stream,42,1120,na,hokkaido_iburi_tobu,Hokkaido0076,0.5,0,1071,105,15208,71.25753906898142,0.0,0.0
E1,q2_x3_resunet_cas-single_seed42,cas-single,single-stream,42,1120,na,hokkaido_iburi_tobu,Hokkaido0077,0.5,139,3897,187,12161,60.083045973594565,0.11507994362597046,0.1998017839440862
E1,q2_x3_resunet_cas-single_seed42,cas-single,single-stream,42,1120,na,hokkaido_iburi_tobu,Hokkaido0078,0.5,187,2952,674,12571,52.12476532504499,0.1106272802160524,0.1769710105657565
E1,q2_x3_resunet_cas-single_seed42,cas-single,single-stream,42,1120,na,hokkaido_iburi_tobu,Hokkaido0079,0.5,238,709,2817,12620,44.598206241955516,0.08939215248754798,0.15928979213934058
E1,q2_x3_resunet_cas-single_seed42,cas-single,single-stream,42,1120,na,hokkaido_iburi_tobu,Hokkaido0080,0.5,93,23,5035,11233,110.02545140955164,0.022841217188438363,0.03693516699406984
E1,q2_x3_resunet_cas-single_seed42,cas-single,single-stream,42,1120,na,hokkaido_iburi_tobu,Hokkaido0081,0.5,0,0,5127,11257,181.01933598375618,0.0,0.0
E1,q2_x3_resunet_cas-single_seed42,cas-single,single-stream,42,1120,na,hokkaido_iburi_tobu,Hokkaido0082,0.5,0,0,4055,12329,181.01933598375618,0.0,0.0
E1,q2_x3_resunet_cas-single_seed42,cas-single,single-stream,42,1120,na,hokkaido_iburi_tobu,Hokkaido0083,0.5,633,1555,2934,11262,56.630377785973415,0.1489267357072123,0.23054865649796175
E1,q2_x3_resunet_cas-single_seed42,cas-single,single-stream,42,1120,na,hokkaido_iburi_tobu,Hokkaido0084,0.5,0,0,4275,12109,181.01933598375618,0.0,0.0
E1,q2_x3_resunet_cas-single_seed42,cas-single,single-stream,42,1120,na,hokkaido_iburi_tobu,Hokkaido0085,0.5,0,0,5002,11382,181.01933598375618,0.0,0.0
E1,q2_x3_resunet_cas-single_seed42,cas-single,single-stream,42,1120,na,hokkaido_iburi_tobu,Hokkaido0086,0.5,0,0,4884,11500,181.01933598375618,0.0,0.0
E1,q2_x3_resunet_cas-single_seed42,cas-single,single-stream,42,1120,na,hokkaido_iburi_tobu,Hokkaido0087,0.5,172,507,3463,12242,65.34063713667334,0.09683139769746374,0.15232091908322748
E1,q2_x3_resunet_cas-single_seed42,cas-single,single-stream,42,1120,na,hokkaido_iburi_tobu,Hokkaido0088,0.5,140,2701,1808,11735,53.214177228536805,0.04467081682659591,0.09399928865363709
E1,q2_x3_resunet_cas-single_seed42,cas-single,single-stream,42,1120,na,hokkaido_iburi_tobu,Hokkaido0089,0.5,0,4287,557,11540,90.51572575166983,0.0,0.0
E1,q2_x3_resunet_cas-single_seed42,cas-single,single-stream,42,1120,na,hokkaido_iburi_tobu,Hokkaido0090,0.5,25,4796,68,11495,75.69510385197174,0.09162803381483586,0.15771601056438514
E1,q2_x3_resunet_cas-single_seed42,cas-single,single-stream,42,1120,na,hokkaido_iburi_tobu,Hokkaido0091,0.5,16,2893,64,13411,58.638701599922335,0.060240963855082014,0.09379310344794288
E1,q2_x3_resunet_cas-single_seed42,cas-single,single-stream,42,1120,na,hokkaido_iburi_tobu,Hokkaido0092,0.5,0,2223,22,14139,70.1872478601102,0.0,0.0
E1,q2_x3_resunet_cas-single_seed42,cas-single,single-stream,42,1120,na,hokkaido_iburi_tobu,Hokkaido0093,0.5,0,3937,22,12425,82.23562776737285,0.0,0.0
E1,q2_x3_resunet_cas-single_seed42,cas-single,single-stream,42,1120,na,hokkaido_iburi_tobu,Hokkaido0095,0.5,94,4865,0,11425,36.06313841614653,0.026072786528865775,0.058700209643364414
E1,q2_x3_resunet_cas-single_seed42,cas-single,single-stream,42,1120,na,hokkaido_iburi_tobu,Hokkaido0096,0.5,102,5133,0,11149,61.73410180156312,0.05262270197308244,0.14239923617238534
E1,q2_x3_resunet_cas-single_seed42,cas-single,single-stream,42,1120,na,hokkaido_iburi_tobu,Hokkaido0097,0.5,37,3157,55,13135,44.474149780794626,0.11153924153289098,0.16590587124162515
E1,q2_x3_resunet_cas-single_seed42,cas-single,single-stream,42,1120,na,hokkaido_iburi_tobu,Hokkaido0098,0.5,0,4165,71,12148,70.50032160038853,0.02807486630978744,0.05140186915866151
E1,q2_x3_resunet_cas-single_seed42,cas-single,single-stream,42,1120,na,hokkaido_iburi_tobu,Hokkaido0099,0.5,27,4012,20,12325,72.462398018185,0.0762337836028851,0.11185763573617197
E1,q2_x3_resunet_cas-single_seed42,cas-single,single-stream,42,1120,na,hokkaido_iburi_tobu,Hokkaido0100,0.5,17,1938,30,14399,57.77542730261716,0.006134969324915409,0.05792304509692494
E1,q2_x3_resunet_cas-single_seed42,cas-single,single-stream,42,1120,na,hokkaido_iburi_tobu,Hokkaido0101,0.5,5,3100,218,13061,63.7219888069537,0.043731778425241674,0.06729690754644702
E1,q2_x3_resunet_cas-single_seed42,cas-single,single-stream,42,1120,na,hokkaido_iburi_tobu,Hokkaido0102,0.5,182,760,290,15152,44.23280848140332,0.1934963719425505,0.25837015804722274
E1,q2_x3_resunet_cas-single_seed42,cas-single,single-stream,42,1120,na,hokkaido_iburi_tobu,Hokkaido0103,0.5,11,3134,483,12756,38.42914996434621,0.024132730014583097,0.03819002430225719
E1,q2_x3_resunet_cas-single_seed42,cas-single,single-stream,42,1120,na,hokkaido_iburi_tobu,Hokkaido0104,0.5,145,725,1479,14035,47.552038661911595,0.12250675588695963,0.18289162949325308
E1,q2_x3_resunet_cas-single_seed42,cas-single,single-stream,42,1120,na,hokkaido_iburi_tobu,Hokkaido0105,0.5,0,0,2818,13566,181.01933598375618,0.0,0.0
E1,q2_x3_resunet_cas-single_seed42,cas-single,single-stream,42,1120,na,hokkaido_iburi_tobu,Hokkaido0106,0.5,0,0,3973,12411,181.01933598375618,0.0,0.0
E1,q2_x3_resunet_cas-single_seed42,cas-single,single-stream,42,1120,na,hokkaido_iburi_tobu,Hokkaido0107,0.5,0,0,5412,10972,181.01933598375618,0.0,0.0
E1,q2_x3_resunet_cas-single_seed42,cas-single,single-stream,42,1120,na,hokkaido_iburi_tobu,Hokkaido0108,0.5,174,1,5544,10665,86.17249193719711,0.04640883977892507,0.10455919626214784
E1,q2_x3_resunet_cas-single_seed42,cas-single,single-stream,42,1120,na,hokkaido_iburi_tobu,Hokkaido0109,0.5,32,0,5368,10984,125.48304798301884,0.0047502714440702445,0.007472692493330549
E1,q2_x3_resunet_cas-single_seed42,cas-single,single-stream,42,1120,na,hokkaido_iburi_tobu,Hokkaido0110,0.5,0,0,4990,11394,181.01933598375618,0.0,0.0
E1,q2_x3_resunet_cas-single_seed42,cas-single,single-stream,42,1120,na,hokkaido_iburi_tobu,Hokkaido0111,0.5,245,101,5240,10798,86.74675614106079,0.09728264629623783,0.15966276115949188
E1,q2_x3_resunet_cas-single_seed42,cas-single,single-stream,42,1120,na,hokkaido_iburi_tobu,Hokkaido0112,0.5,262,13,5841,10268,63.150613615387776,0.06784057464949504,0.1352019785654139
E1,q2_x3_resunet_cas-single_seed42,cas-single,single-stream,42,1120,na,hokkaido_iburi_tobu,Hokkaido0113,0.5,159,11,4761,11453,103.28987615049884,0.04227017851422722,0.05903664343379163
E1,q2_x3_resunet_cas-single_seed42,cas-single,single-stream,42,1120,na,hokkaido_iburi_tobu,Hokkaido0114,0.5,335,1337,2325,12387,55.226805085936306,0.09791686345955977,0.1588410430609435
E1,q2_x3_resunet_cas-single_seed42,cas-single,single-stream,42,1120,na,hokkaido_iburi_tobu,Hokkaido0115,0.5,168,4617,747,10852,43.57287791003351,0.023689877960753256,0.06278055458233678
E1,q2_x3_resunet_cas-single_seed42,cas-single,single-stream,42,1120,na,hokkaido_iburi_tobu,Hokkaido0116,0.5,9,3702,121,12552,68.06614430096654,0.03468208092444452,0.11832061068660629
E1,q2_x3_resunet_cas-single_seed42,cas-single,single-stream,42,1120,na,hokkaido_iburi_tobu,Hokkaido0117,0.5,0,4188,24,12172,91.4734896627817,0.0,0.0
E1,q2_x3_resunet_cas-single_seed42,cas-single,single-stream,42,1120,na,hokkaido_iburi_tobu,Hokkaido0118,0.5,0,3463,21,12900,90.74959184691787,0.0,0.0
E1,q2_x3_resunet_cas-single_seed42,cas-single,single-stream,42,1120,na,hokkaido_iburi_tobu,Hokkaido0119,0.5,0,5602,118,10664,83.89246137749102,0.0,0.0
E1,q2_x3_resunet_cas-single_seed42,cas-single,single-stream,42,1120,na,hokkaido_iburi_tobu,Hokkaido0120,0.5,34,6059,165,10126,56.447761915237,0.02308802308774243,0.060219624512570104
E1,q2_x3_resunet_cas-single_seed42,cas-single,single-stream,42,1120,na,hokkaido_iburi_tobu,Hokkaido0121,0.5,34,6815,47,9488,93.0094064671969,0.03449101796386285,0.08674698795157731
E1,q2_x3_resunet_cas-single_seed42,cas-single,single-stream,42,1120,na,hokkaido_iburi_tobu,Hokkaido0122,0.5,101,6071,0,10212,73.6559389020703,0.06295399515712981,0.16867469879487698
E1,q2_x3_resunet_cas-single_seed42,cas-single,single-stream,42,1120,na,hokkaido_iburi_tobu,Hokkaido0123,0.5,98,6277,3,10006,73.30824202111347,0.06804082449450813,0.14931237721000218
E1,q2_x3_resunet_cas-single_seed42,cas-single,single-stream,42,1120,na,hokkaido_iburi_tobu,Hokkaido0125,0.5,8,1320,17,15039,44.92769173308724,0.061448427212667106,0.1228878648230578
E1,q2_x3_resunet_cas-single_seed42,cas-single,single-stream,42,1120,na,hokkaido_iburi_tobu,Hokkaido0126,0.5,0,2973,24,13387,77.47385922014941,0.0,0.0
E1,q2_x3_resunet_cas-single_seed42,cas-single,single-stream,42,1120,na,hokkaido_iburi_tobu,Hokkaido0127,0.5,0,18,23,16343,42.492742163378814,0.0,0.0
E1,q2_x3_resunet_cas-single_seed42,cas-single,single-stream,42,1120,na,hokkaido_iburi_tobu,Hokkaido0128,0.5,0,3829,170,12385,62.24146527838174,0.0,0.0
E1,q2_x3_resunet_cas-single_seed42,cas-single,single-stream,42,1120,na,hokkaido_iburi_tobu,Hokkaido0129,0.5,0,534,175,15675,50.70474278663998,0.0,0.0
E1,q2_x3_resunet_cas-single_seed42,cas-single,single-stream,42,1120,na,hokkaido_iburi_tobu,Hokkaido0130,0.5,0,934,49,15401,68.24221567329127,0.0,0.0
E1,q2_x3_resunet_cas-single_seed42,cas-single,single-stream,42,1120,na,hokkaido_iburi_tobu,Hokkaido0131,0.5,0,696,378,15310,58.84701715748601,0.0,0.0
E1,q2_x3_resunet_cas-single_seed42,cas-single,single-stream,42,1120,na,hokkaido_iburi_tobu,Hokkaido0132,0.5,98,215,1646,14425,60.1215136617759,0.08354646206287072,0.13480761713272005
E1,q2_x3_resunet_cas-single_seed42,cas-single,single-stream,42,1120,na,hokkaido_iburi_tobu,Hokkaido0133,0.5,752,226,4231,11175,51.4465690103491,0.18131868131847717,0.290320924408078
E1,q2_x3_resunet_cas-single_seed42,cas-single,single-stream,42,1120,na,hokkaido_iburi_tobu,Hokkaido0134,0.5,1506,492,6135,8251,82.38628509875691,0.15850209721277153,0.28364975038267876
E1,q2_x3_resunet_cas-single_seed42,cas-single,single-stream,42,1120,na,hokkaido_iburi_tobu,Hokkaido0135,0.5,515,81,7547,8241,62.06285421027603,0.06109810906521616,0.11140574075122073
E1,q2_x3_resunet_cas-single_seed42,cas-single,single-stream,42,1120,na,hokkaido_iburi_tobu,Hokkaido0136,0.5,172,42,6930,9240,86.87488003827724,0.04885088454100219,0.07983727434520685
E1,q2_x3_resunet_cas-single_seed42,cas-single,single-stream,42,1120,na,hokkaido_iburi_tobu,Hokkaido0137,0.5,72,56,5233,11023,83.9612906348012,0.04673907682731021,0.0655836341756285
E1,q2_x3_resunet_cas-single_seed42,cas-single,single-stream,42,1120,na,hokkaido_iburi_tobu,Hokkaido0138,0.5,148,24,4749,11463,88.61291715803735,0.07540229885050044,0.11352040816315823
E1,q2_x3_resunet_cas-single_seed42,cas-single,single-stream,42,1120,na,hokkaido_iburi_tobu,Hokkaido0139,0.5,65,16,5583,10720,65.15980014533446,0.040959742997640915,0.07497768521266213
E1,q2_x3_resunet_cas-single_seed42,cas-single,single-stream,42,1120,na,hokkaido_iburi_tobu,Hokkaido0140,0.5,15,0,5261,11108,126.30751961381975,0.0032180209171247622,0.015414258188809368
E1,q2_x3_resunet_cas-single_seed42,cas-single,single-stream,42,1120,na,hokkaido_iburi_tobu,Hokkaido0141,0.5,43,1,4760,11580,82.20371012036775,0.019057854200210483,0.053975355988722266
E1,q2_x3_resunet_cas-single_seed42,cas-single,single-stream,42,1120,na,hokkaido_iburi_tobu,Hokkaido0142,0.5,139,113,3846,12286,67.42847645645601,0.09970103966788266,0.15531356410937674
E1,q2_x3_resunet_cas-single_seed42,cas-single,single-stream,42,1120,na,hokkaido_iburi_tobu,Hokkaido0143,0.5,19,763,1569,14033,58.82176467941097,0.0,0.012113055181491127
E1,q2_x3_resunet_cas-single_seed42,cas-single,single-stream,42,1120,na,hokkaido_iburi_tobu,Hokkaido0144,0.5,45,5961,100,10278,48.43342752496588,0.030188679244910865,0.04806655368933717
E1,q2_x3_resunet_cas-single_seed42,cas-single,single-stream,42,1120,na,hokkaido_iburi_tobu,Hokkaido0145,0.5,33,5592,11,10748,76.4656727021756,0.040632054175922916,0.07516580692686459
E1,q2_x3_resunet_cas-single_seed42,cas-single,single-stream,42,1120,na,hokkaido_iburi_tobu,Hokkaido0146,0.5,105,5996,0,10283,72.44652452704007,0.049484536082279554,0.07591733445783604
E1,q2_x3_resunet_cas-single_seed42,cas-single,single-stream,42,1120,na,hokkaido_iburi_tobu,Hokkaido0147,0.5,95,5196,10,11083,62.49110699407164,0.07817803569455554,0.10146598583412057
E1,q2_x3_resunet_cas-single_seed42,cas-single,single-stream,42,1120,na,hokkaido_iburi_tobu,Hokkaido0148,0.5,54,5593,0,10737,96.30152919886947,0.055016751895477216,0.09993060374724035
E1,q2_x3_resunet_cas-single_seed42,cas-single,single-stream,42,1120,na,hokkaido_iburi_tobu,Hokkaido0149,0.5,54,5451,0,10879,82.78763720037495,0.025613660618817993,0.08131687242780843
E1,q2_x3_resunet_cas-single_seed42,cas-single,single-stream,42,1120,na,hokkaido_iburi_tobu,Hokkaido0155,0.5,0,0,23,16361,181.01933598375618,0.0,0.0
E1,q2_x3_resunet_cas-single_seed42,cas-single,single-stream,42,1120,na,hokkaido_iburi_tobu,Hokkaido0156,0.5,0,1476,23,14885,76.9298375713914,0.0,0.0
E1,q2_x3_resunet_cas-single_seed42,cas-single,single-stream,42,1120,na,hokkaido_iburi_tobu,Hokkaido0157,0.5,126,894,112,15252,46.191740698089816,0.33531184366677275,0.46995358929496417
E1,q2_x3_resunet_cas-single_seed42,cas-single,single-stream,42,1120,na,hokkaido_iburi_tobu,Hokkaido0158,0.5,0,1726,318,14340,70.14306082164877,0.0,0.0
E1,q2_x3_resunet_cas-single_seed42,cas-single,single-stream,42,1120,na,hokkaido_iburi_tobu,Hokkaido0159,0.5,0,3764,316,12304,66.45202509242093,0.0,0.0
E1,q2_x3_resunet_cas-single_seed42,cas-single,single-stream,42,1120,na,hokkaido_iburi_tobu,Hokkaido0160,0.5,151,1452,1411,13370,39.81954744878573,0.15185496997207446,0.20877137285090575
E1,q2_x3_resunet_cas-single_seed42,cas-single,single-stream,42,1120,na,hokkaido_iburi_tobu,Hokkaido0161,0.5,1319,619,3318,11128,80.07371317430231,0.15985308001688758,0.2685556959532174
E1,q2_x3_resunet_cas-single_seed42,cas-single,single-stream,42,1120,na,hokkaido_iburi_tobu,Hokkaido0162,0.5,2410,894,4168,8912,26.206841834698647,0.2986077495278453,0.45930004509893774
E1,q2_x3_resunet_cas-single_seed42,cas-single,single-stream,42,1120,na,hokkaido_iburi_tobu,Hokkaido0163,0.5,394,22,6886,9082,55.254781600775914,0.08734772785025958,0.12681068618102004
E1,q2_x3_resunet_cas-single_seed42,cas-single,single-stream,42,1120,na,hokkaido_iburi_tobu,Hokkaido0164,0.5,290,89,6832,9173,67.7321923357745,0.0808184143221628,0.12327044025145666
E1,q2_x3_resunet_cas-single_seed42,cas-single,single-stream,42,1120,na,hokkaido_iburi_tobu,Hokkaido0165,0.5,239,17,5511,10617,68.8839603971781,0.08198922461103066,0.14610123119001503
E1,q2_x3_resunet_cas-single_seed42,cas-single,single-stream,42,1120,na,hokkaido_iburi_tobu,Hokkaido0166,0.5,1065,3035,3673,8611,37.64770856076824,0.2150547857292771,0.3424794671087698
E1,q2_x3_resunet_cas-single_seed42,cas-single,single-stream,42,1120,na,hokkaido_iburi_tobu,Hokkaido0167,0.5,721,2233,3372,10058,44.88926690758209,0.2016895926397865,0.3247865519518458
E1,q2_x3_resunet_cas-single_seed42,cas-single,single-stream,42,1120,na,hokkaido_iburi_tobu,Hokkaido0168,0.5,1057,2793,2595,9939,45.48626166217664,0.17508327781447908,0.31611246993154696
E1,q2_x3_resunet_cas-single_seed42,cas-single,single-stream,42,1120,na,hokkaido_iburi_tobu,Hokkaido0169,0.5,184,184,4437,11579,72.11726528656641,0.09362376810821488,0.13379549393401724
E1,q2_x3_resunet_cas-single_seed42,cas-single,single-stream,42,1120,na,hokkaido_iburi_tobu,Hokkaido0170,0.5,664,68,4959,10693,54.328600499533344,0.14174385776600057,0.22412274973542542
E1,q2_x3_resunet_cas-single_seed42,cas-single,single-stream,42,1120,na,hokkaido_iburi_tobu,Hokkaido0171,0.5,289,952,2743,12400,49.41859176019665,0.13157262905134579,0.23193842603363252
E1,q2_x3_resunet_cas-single_seed42,cas-single,single-stream,42,1120,na,hokkaido_iburi_tobu,Hokkaido0172,0.5,89,1338,405,14552,40.669331735018105,0.1784386617095629,0.281960974143671
E1,q2_x3_resunet_cas-single_seed42,cas-single,single-stream,42,1120,na,hokkaido_iburi_tobu,Hokkaido0173,0.5,0,4884,120,11380,83.35466393669883,0.0,0.0
E1,q2_x3_resunet_cas-single_seed42,cas-single,single-stream,42,1120,na,hokkaido_iburi_tobu,Hokkaido0174,0.5,0,5097,22,11265,103.94229168149026,0.0,0.0
E1,q2_x3_resunet_cas-single_seed42,cas-single,single-stream,42,1120,na,hokkaido_iburi_tobu,Hokkaido0175,0.5,0,6317,22,10045,122.75379184582664,0.0,0.0
E1,q2_x3_resunet_cas-single_seed42,cas-single,single-stream,42,1120,na,hokkaido_iburi_tobu,Hokkaido0176,0.5,0,4911,28,11445,95.14875477087432,0.0,0.0
E1,q2_x3_resunet_cas-single_seed42,cas-single,single-stream,42,1120,na,hokkaido_iburi_tobu,Hokkaido0177,0.5,0,5837,36,10511,93.36487009042129,0.0,0.0
E1,q2_x3_resunet_cas-single_seed42,cas-single,single-stream,42,1120,na,hokkaido_iburi_tobu,Hokkaido0179,0.5,24,4163,0,12197,59.08085447416297,0.0,0.0
E1,q2_x3_resunet_cas-single_seed42,cas-single,single-stream,42,1120,na,hokkaido_iburi_tobu,Hokkaido0180,0.5,0,6687,24,9673,99.8473811859779,0.0,0.0
E1,q2_x3_resunet_cas-single_seed42,cas-single,single-stream,42,1120,na,hokkaido_iburi_tobu,Hokkaido0183,0.5,0,1457,335,14592,80.52949770115296,0.0,0.0
E1,q2_x3_resunet_cas-single_seed42,cas-single,single-stream,42,1120,na,hokkaido_iburi_tobu,Hokkaido0184,0.5,588,3955,819,11022,36.37576598897586,0.2062336149136162,0.3302998000153968
E1,q2_x3_resunet_cas-single_seed42,cas-single,single-stream,42,1120,na,hokkaido_iburi_tobu,Hokkaido0185,0.5,530,3084,1618,11152,33.65110751562005,0.18798935837800218,0.31020425730723167
E1,q2_x3_resunet_cas-single_seed42,cas-single,single-stream,42,1120,na,hokkaido_iburi_tobu,Hokkaido0186,0.5,160,1592,1076,13556,48.81802520132505,0.1128958237719651,0.17854493694951856
E1,q2_x3_resunet_cas-single_seed42,cas-single,single-stream,42,1120,na,hokkaido_iburi_tobu,Hokkaido0187,0.5,131,3503,318,12432,46.608955053072826,0.13983020100090238,0.21044882334127363
E1,q2_x3_resunet_cas-single_seed42,cas-single,single-stream,42,1120,na,hokkaido_iburi_tobu,Hokkaido0188,0.5,333,3215,1459,11377,36.71511950137164,0.08398026352387569,0.1337364860451363
E1,q2_x3_resunet_cas-single_seed42,cas-single,single-stream,42,1120,na,hokkaido_iburi_tobu,Hokkaido0189,0.5,1233,2628,2245,10278,38.96406881698574,0.24237288135560225,0.3740755803816098
E1,q2_x3_resunet_cas-single_seed42,cas-single,single-stream,42,1120,na,hokkaido_iburi_tobu,Hokkaido0190,0.5,787,506,4029,11062,48.08326112068523,0.2612062978476842,0.3681440256027055
E1,q2_x3_resunet_cas-single_seed42,cas-single,single-stream,42,1120,na,hokkaido_iburi_tobu,Hokkaido0191,0.5,285,40,5132,10927,51.24011063737667,0.109809256145899,0.18184274104593576
E1,q2_x3_resunet_cas-single_seed42,cas-single,single-stream,42,1120,na,hokkaido_iburi_tobu,Hokkaido0192,0.5,815,210,5048,10311,43.93176527297759,0.19339743923741856,0.288735317948997
E1,q2_x3_resunet_cas-single_seed42,cas-single,single-stream,42,1120,na,hokkaido_iburi_tobu,Hokkaido0193,0.5,1377,784,3571,10652,42.02439422802005,0.3575230935628265,0.51371983826174
E1,q2_x3_resunet_cas-single_seed42,cas-single,single-stream,42,1120,na,hokkaido_iburi_tobu,Hokkaido0194,0.5,882,3530,1626,10346,33.01464365852074,0.14980883630440797,0.2484997160434009
E1,q2_x3_resunet_cas-single_seed42,cas-single,single-stream,42,1120,na,hokkaido_iburi_tobu,Hokkaido0195,0.5,297,1547,1695,12845,39.395431207184416,0.044109277176648004,0.10849431066378719
E1,q2_x3_resunet_cas-single_seed42,cas-single,single-stream,42,1120,na,hokkaido_iburi_tobu,Hokkaido0196,0.5,877,1685,2181,11641,34.42673085653527,0.18566876196954293,0.2958172405895582
E1,q2_x3_resunet_cas-single_seed42,cas-single,single-stream,42,1120,na,hokkaido_iburi_tobu,Hokkaido0197,0.5,325,520,3136,12403,60.53507306466547,0.13298133818822394,0.2012460647887514
E1,q2_x3_resunet_cas-single_seed42,cas-single,single-stream,42,1120,na,hokkaido_iburi_tobu,Hokkaido0198,0.5,536,2640,1524,11684,42.190046219457976,0.1493401689923454,0.2565901783559978
E1,q2_x3_resunet_cas-single_seed42,cas-single,single-stream,42,1120,na,hokkaido_iburi_tobu,Hokkaido0199,0.5,113,4457,496,11318,33.68363392231691,0.06305832895378334,0.12796269913173725
E1,q2_x3_resunet_cas-single_seed42,cas-single,single-stream,42,1120,na,hokkaido_iburi_tobu,Hokkaido0200,0.5,1,3463,106,12814,69.02421823052458,0.005934718100832621,0.006017125665323367
E1,q2_x3_resunet_cas-single_seed42,cas-single,single-stream,42,1120,na,hokkaido_iburi_tobu,Hokkaido0201,0.5,0,4134,84,12166,80.71366949791842,0.0,0.0
E1,q2_x3_resunet_cas-single_seed42,cas-single,single-stream,42,1120,na,hokkaido_iburi_tobu,Hokkaido0202,0.5,39,5253,74,11018,51.125303871765446,0.0,0.0
E1,q2_x3_resunet_cas-single_seed42,cas-single,single-stream,42,1120,na,hokkaido_iburi_tobu,Hokkaido0203,0.5,2,5300,37,11045,78.49359354147667,0.013667425968060483,0.0314960629920545
E1,q2_x3_resunet_cas-single_seed42,cas-single,single-stream,42,1120,na,hokkaido_iburi_tobu,Hokkaido0204,0.5,0,4736,48,11600,102.04410058136096,0.0,0.0
E1,q2_x3_resunet_cas-single_seed42,cas-single,single-stream,42,1120,na,hokkaido_iburi_tobu,Hokkaido0205,0.5,69,3690,38,12587,59.37576712347623,0.0,0.0
E1,q2_x3_resunet_cas-single_seed42,cas-single,single-stream,42,1120,na,hokkaido_iburi_tobu,Hokkaido0206,0.5,0,3765,59,12560,103.94801061781797,0.0,0.0
E1,q2_x3_resunet_cas-single_seed42,cas-single,single-stream,42,1120,na,hokkaido_iburi_tobu,Hokkaido0207,0.5,16,4867,12,11489,55.05087547644022,0.0,0.0
E1,q2_x3_resunet_cas-single_seed42,cas-single,single-stream,42,1120,na,hokkaido_iburi_tobu,Hokkaido0208,0.5,34,5310,16,11024,41.21892233311946,0.0,0.008849557521941068
E1,q2_x3_resunet_cas-single_seed42,cas-single,single-stream,42,1120,na,hokkaido_iburi_tobu,Hokkaido0209,0.5,0,2483,55,13846,59.90277970435378,0.0,0.0
E1,q2_x3_resunet_cas-single_seed42,cas-single,single-stream,42,1120,na,hokkaido_iburi_tobu,Hokkaido0210,0.5,0,2926,57,13401,58.424582399824224,0.0,0.0
E1,q2_x3_resunet_cas-single_seed42,cas-single,single-stream,42,1120,na,hokkaido_iburi_tobu,Hokkaido0211,0.5,67,5358,24,10935,58.55936799776112,0.0,0.0
E1,q2_x3_resunet_cas-single_seed42,cas-single,single-stream,42,1120,na,hokkaido_iburi_tobu,Hokkaido0212,0.5,0,5674,67,10643,96.36380988376631,0.0,0.0
E1,q2_x3_resunet_cas-single_seed42,cas-single,single-stream,42,1120,na,hokkaido_iburi_tobu,Hokkaido0213,0.5,0,4705,39,11640,97.9714205455374,0.0,0.0
E1,q2_x3_resunet_cas-single_seed42,cas-single,single-stream,42,1120,na,hokkaido_iburi_tobu,Hokkaido0214,0.5,39,6103,0,10242,63.595140608770436,0.0,0.0
E1,q2_x3_resunet_cas-single_seed42,cas-single,single-stream,42,1120,na,hokkaido_iburi_tobu,Hokkaido0215,0.5,56,2377,14,13937,39.3039418463362,0.10877343638159863,0.1407942238264563
E1,q2_x3_resunet_cas-single_seed42,cas-single,single-stream,42,1120,na,hokkaido_iburi_tobu,Hokkaido0216,0.5,11,2345,59,13969,48.33218389437829,0.04245465071381364,0.06539299910224804
E1,q2_x3_resunet_cas-single_seed42,cas-single,single-stream,42,1120,na,hokkaido_iburi_tobu,Hokkaido0217,0.5,0,473,362,15549,65.73422725158021,0.0,0.0
E1,q2_x3_resunet_cas-single_seed42,cas-single,single-stream,42,1120,na,hokkaido_iburi_tobu,Hokkaido0218,0.5,765,2298,970,12351,34.261408983640884,0.17841674592590603,0.2862031165154665
E1,q2_x3_resunet_cas-single_seed42,cas-single,single-stream,42,1120,na,hokkaido_iburi_tobu,Hokkaido0219,0.5,446,301,3511,12126,49.8998354133619,0.21129528683182022,0.29792979297904437
E1,q2_x3_resunet_cas-single_seed42,cas-single,single-stream,42,1120,na,hokkaido_iburi_tobu,Hokkaido0220,0.5,923,1568,2337,11556,38.92556542533281,0.1833471802869822,0.2913007557904574
E1,q2_x3_resunet_cas-single_seed42,cas-single,single-stream,42,1120,na,hokkaido_iburi_tobu,Hokkaido0221,0.5,52,2900,836,12596,49.22397370477535,0.11980440097750038,0.17253995763477833
E1,q2_x3_resunet_cas-single_seed42,cas-single,single-stream,42,1120,na,hokkaido_iburi_tobu,Hokkaido0222,0.5,114,4606,757,10907,41.135124661959836,0.11527312849425515,0.16365601760757073
E1,q2_x3_resunet_cas-single_seed42,cas-single,single-stream,42,1120,na,hokkaido_iburi_tobu,Hokkaido0223,0.5,727,2452,1670,11535,37.51660435502567,0.19620520245724923,0.32198043521621666
E1,q2_x3_resunet_cas-single_seed42,cas-single,single-stream,42,1120,na,hokkaido_iburi_tobu,Hokkaido0224,0.5,885,2071,2159,11269,41.72529209005013,0.1283548634457058,0.23909417176332476
E1,q2_x3_resunet_cas-single_seed42,cas-single,single-stream,42,1120,na,hokkaido_iburi_tobu,Hokkaido0225,0.5,923,2228,2061,11172,33.95290039756341,0.28003784025968126,0.41828870913491306
E1,q2_x3_resunet_cas-single_seed42,cas-single,single-stream,42,1120,na,hokkaido_iburi_tobu,Hokkaido0226,0.5,1417,972,2648,11347,28.231188426986208,0.3724762304846006,0.5464798049884726
E1,q2_x3_resunet_cas-single_seed42,cas-single,single-stream,42,1120,na,hokkaido_iburi_tobu,Hokkaido0227,0.5,992,1701,2182,11509,35.51642874377669,0.2851198764070042,0.44245669519303077
E1,q2_x3_resunet_cas-single_seed42,cas-single,single-stream,42,1120,na,hokkaido_iburi_tobu,Hokkaido0228,0.5,146,3186,733,12319,52.10062111711518,0.13688212927709342,0.21973840665824876
E1,q2_x3_resunet_cas-single_seed42,cas-single,single-stream,42,1120,na,hokkaido_iburi_tobu,Hokkaido0229,0.5,183,3461,493,12247,45.55435551834734,0.1559059502412178,0.21362383709052904
E1,q2_x3_resunet_cas-single_seed42,cas-single,single-stream,42,1120,na,hokkaido_iburi_tobu,Hokkaido0230,0.5,172,3107,1128,11977,55.61562862860054,0.11518801888283009,0.1509295048771537
E1,q2_x3_resunet_cas-single_seed42,cas-single,single-stream,42,1120,na,hokkaido_iburi_tobu,Hokkaido0231,0.5,210,4185,861,11128,33.292641016789254,0.15784675493764416,0.22496327130214863
E1,q2_x3_resunet_cas-single_seed42,cas-single,single-stream,42,1120,na,hokkaido_iburi_tobu,Hokkaido0232,0.5,209,4399,497,11279,33.70106199627981,0.10644369717299813,0.19083714190118348
E1,q2_x3_resunet_cas-single_seed42,cas-single,single-stream,42,1120,na,hokkaido_iburi_tobu,Hokkaido0233,0.5,114,4025,237,12008,46.13180483663505,0.053952791307115604,0.09424253913182354
E1,q2_x3_resunet_cas-single_seed42,cas-single,single-stream,42,1120,na,hokkaido_iburi_tobu,Hokkaido0235,0.5,84,3279,0,13021,50.9528647454467,0.0,0.016032064127903985
E1,q2_x3_resunet_cas-single_seed42,cas-single,single-stream,42,1120,na,hokkaido_iburi_tobu,Hokkaido0236,0.5,0,4654,91,11639,82.9511826983068,0.0,0.0
E1,q2_x3_resunet_cas-single_seed42,cas-single,single-stream,42,1120,na,hokkaido_iburi_tobu,Hokkaido0237,0.5,3,4112,69,12200,68.02058426153877,0.05337399923730007,0.08753419304397782
E1,q2_x3_resunet_cas-single_seed42,cas-single,single-stream,42,1120,na,hokkaido_iburi_tobu,Hokkaido0238,0.5,30,4756,134,11464,61.250298807432316,0.0038461538457731435,0.0503350220620051
E1,q2_x3_resunet_cas-single_seed42,cas-single,single-stream,42,1120,na,hokkaido_iburi_tobu,Hokkaido0239,0.5,107,3717,200,12360,32.69556544854363,0.043730886849673085,0.07661799170673356
E1,q2_x3_resunet_cas-single_seed42,cas-single,single-stream,42,1120,na,hokkaido_iburi_tobu,Hokkaido0240,0.5,196,4682,149,11357,45.0,0.06703910614480328,0.1323648978259769
E1,q2_x3_resunet_cas-single_seed42,cas-single,single-stream,42,1120,na,hokkaido_iburi_tobu,Hokkaido0241,0.5,136,4922,11,11315,76.0361741082627,0.13982220882904353,0.1898011002959984
E1,q2_x3_resunet_cas-single_seed42,cas-single,single-stream,42,1120,na,hokkaido_iburi_tobu,Hokkaido0242,0.5,14,3654,13,12703,63.60031446463138,0.044817927170687,0.10045074050206684
E1,q2_x3_resunet_cas-single_seed42,cas-single,single-stream,42,1120,na,hokkaido_iburi_tobu,Hokkaido0243,0.5,28,4177,32,12147,50.01149825082931,0.1184510250567493,0.18323642036567636
E1,q2_x3_resunet_cas-single_seed42,cas-single,single-stream,42,1120,na,hokkaido_iburi_tobu,Hokkaido0244,0.5,11,5084,22,11267,87.67635816568655,0.07256687535563047,0.09200968522993642
E1,q2_x3_resunet_cas-single_seed42,cas-single,single-stream,42,1120,na,hokkaido_iburi_tobu,Hokkaido0245,0.5,22,4528,67,11767,49.8196748283246,0.0,0.0
E1,q2_x3_resunet_cas-single_seed42,cas-single,single-stream,42,1120,na,hokkaido_iburi_tobu,Hokkaido0246,0.5,0,5012,89,11283,90.04997517124492,0.0,0.0
E1,q2_x3_resunet_cas-single_seed42,cas-single,single-stream,42,1120,na,hokkaido_iburi_tobu,Hokkaido0247,0.5,0,5014,39,11331,116.10426251591076,0.0,0.0
E1,q2_x3_resunet_cas-single_seed42,cas-single,single-stream,42,1120,na,hokkaido_iburi_tobu,Hokkaido0248,0.5,14,4365,39,11966,48.36734210047934,0.0,0.0
E1,q2_x3_resunet_cas-single_seed42,cas-single,single-stream,42,1120,na,hokkaido_iburi_tobu,Hokkaido0250,0.5,0,4193,70,12121,82.22165119082108,0.0,0.0
E1,q2_x3_resunet_cas-single_seed42,cas-single,single-stream,42,1120,na,hokkaido_iburi_tobu,Hokkaido0251,0.5,0,4172,70,12142,90.13878188659973,0.0,0.0
E1,q2_x3_resunet_cas-single_seed42,cas-single,single-stream,42,1120,na,hokkaido_iburi_tobu,Hokkaido0252,0.5,0,575,27,15782,84.51092816422478,0.0,0.0
E1,q2_x3_resunet_cas-single_seed42,cas-single,single-stream,42,1120,na,hokkaido_iburi_tobu,Hokkaido0253,0.5,114,4451,540,11279,82.23745296883423,0.09019768063059697,0.11738577212216156
E1,q2_x3_resunet_cas-single_seed42,cas-single,single-stream,42,1120,na,hokkaido_iburi_tobu,Hokkaido0254,0.5,370,2909,2259,10846,42.47822638879848,0.17854198759277773,0.2881077473341366
E1,q2_x3_resunet_cas-single_seed42,cas-single,single-stream,42,1120,na,hokkaido_iburi_tobu,Hokkaido0255,0.5,394,396,2923,12671,46.51881339845203,0.1560650224985686,0.289376892052854
E1,q2_x3_resunet_cas-single_seed42,cas-single,single-stream,42,1120,na,hokkaido_iburi_tobu,Hokkaido0256,0.5,493,1709,1509,12673,35.77079500955883,0.14973188505390744,0.2477234361250201
E1,q2_x3_resunet_cas-single_seed42,cas-single,single-stream,42,1120,na,hokkaido_iburi_tobu,Hokkaido0257,0.5,126,2643,1369,12246,45.617978911828175,0.03735408560273571,0.06179049285232624
E1,q2_x3_resunet_cas-single_seed42,cas-single,single-stream,42,1120,na,hokkaido_iburi_tobu,Hokkaido0258,0.5,444,1536,2413,11991,52.12700268188252,0.15643467314929063,0.2527144256498256
E1,q2_x3_resunet_cas-single_seed42,cas-single,single-stream,42,1120,na,hokkaido_iburi_tobu,Hokkaido0259,0.5,806,3030,2520,10028,44.107717189965726,0.15695235739997196,0.26630353701233145
E1,q2_x3_resunet_cas-single_seed42,cas-single,single-stream,42,1120,na,hokkaido_iburi_tobu,Hokkaido0260,0.5,988,2276,2167,10953,46.09772228646444,0.22208335867865206,0.34254881341289456
E1,q2_x3_resunet_cas-single_seed42,cas-single,single-stream,42,1120,na,hokkaido_iburi_tobu,Hokkaido0261,0.5,856,1573,2479,11476,39.824615503479755,0.20885705112012323,0.3406642953756733
E1,q2_x3_resunet_cas-single_seed42,cas-single,single-stream,42,1120,na,hokkaido_iburi_tobu,Hokkaido0262,0.5,312,3935,1461,10676,33.60059523282288,0.20237262446034618,0.290939107244465
E1,q2_x3_resunet_cas-single_seed42,cas-single,single-stream,42,1120,na,hokkaido_iburi_tobu,Hokkaido0263,0.5,0,2922,316,13146,68.66439377673088,0.0,0.0
E1,q2_x3_resunet_cas-single_seed42,cas-single,single-stream,42,1120,na,hokkaido_iburi_tobu,Hokkaido0264,0.5,15,4107,103,12159,93.82045532453944,0.022613065326517627,0.08429314904856974
E1,q2_x3_resunet_cas-single_seed42,cas-single,single-stream,42,1120,na,hokkaido_iburi_tobu,Hokkaido0265,0.5,0,3321,234,12829,59.115127928828414,0.0,0.0
E1,q2_x3_resunet_cas-single_seed42,cas-single,single-stream,42,1120,na,hokkaido_iburi_tobu,Hokkaido0266,0.5,21,4080,136,12147,52.14593827954013,0.053790983606228505,0.07562117392837504
E1,q2_x3_resunet_cas-single_seed42,cas-single,single-stream,42,1120,na,hokkaido_iburi_tobu,Hokkaido0267,0.5,95,4978,212,11099,47.021800992086916,0.09941318605409984,0.17222383299464483
E1,q2_x3_resunet_cas-single_seed42,cas-single,single-stream,42,1120,na,hokkaido_iburi_tobu,Hokkaido0268,0.5,166,2493,147,13578,38.45117299364153,0.2181187458300762,0.38008373671137013
E1,q2_x3_resunet_cas-single_seed42,cas-single,single-stream,42,1120,na,hokkaido_iburi_tobu,Hokkaido0269,0.5,0,3081,47,13256,90.98561747739083,0.0,0.0
E1,q2_x3_resunet_cas-single_seed42,cas-single,single-stream,42,1120,na,hokkaido_iburi_tobu,Hokkaido0270,0.5,38,2649,115,13582,64.4111638233415,0.06273305549420198,0.15428571428528978
E1,q2_x3_resunet_cas-single_seed42,cas-single,single-stream,42,1120,na,hokkaido_iburi_tobu,Hokkaido0271,0.5,93,3758,185,12348,29.294705226672118,0.0,0.0
E1,q2_x3_resunet_cas-single_seed42,cas-single,single-stream,42,1120,na,hokkaido_iburi_tobu,Hokkaido0272,0.5,78,3818,295,12193,38.455099965925186,0.030429821224305154,0.05400254129557176
E1,q2_x3_resunet_cas-single_seed42,cas-single,single-stream,42,1120,na,hokkaido_iburi_tobu,Hokkaido0273,0.5,114,2732,592,12946,44.914617164180804,0.03584618726871167,0.06404729646461531
E1,q2_x3_resunet_cas-single_seed42,cas-single,single-stream,42,1120,na,hokkaido_iburi_tobu,Hokkaido0274,0.5,0,2345,518,13521,61.366002832946855,0.0,0.0
E1,q2_x3_resunet_cas-single_seed42,cas-single,single-stream,42,1120,na,hokkaido_iburi_tobu,Hokkaido0275,0.5,27,3806,67,12484,58.36043216741187,0.09624639076009399,0.14579732914344273
E1,q2_x3_resunet_cas-single_seed42,cas-single,single-stream,42,1120,na,hokkaido_iburi_tobu,Hokkaido0276,0.5,21,3214,13,13136,60.83420081821286,0.0,0.0
E1,q2_x3_resunet_cas-single_seed42,cas-single,single-stream,42,1120,na,hokkaido_iburi_tobu,Hokkaido0277,0.5,80,4145,0,12159,40.36953461033035,0.08101265822760476,0.11490424646102279
E1,q2_x3_resunet_cas-single_seed42,cas-single,single-stream,42,1120,na,hokkaido_iburi_tobu,Hokkaido0278,0.5,0,4142,80,12162,90.44556369809126,0.0,0.0
E1,q2_x3_resunet_cas-single_seed42,cas-single,single-stream,42,1120,na,hokkaido_iburi_tobu,Hokkaido0279,0.5,0,3325,46,13013,79.58139152324746,0.0,0.0
E1,q2_x3_resunet_cas-single_seed42,cas-single,single-stream,42,1120,na,hokkaido_iburi_tobu,Hokkaido0280,0.5,45,3859,116,12364,47.46508897159669,0.09722222222186336,0.1860925513482844
E1,q2_x3_resunet_cas-single_seed42,cas-single,single-stream,42,1120,na,hokkaido_iburi_tobu,Hokkaido0281,0.5,22,4383,146,11833,73.76131105936594,0.06445012787679781,0.0996734834159373
E1,q2_x3_resunet_cas-single_seed42,cas-single,single-stream,42,1120,na,hokkaido_iburi_tobu,Hokkaido0282,0.5,11,4220,42,12111,73.38255797088762,0.0,0.050195567144479133
E1,q2_x3_resunet_cas-single_seed42,cas-single,single-stream,42,1120,na,hokkaido_iburi_tobu,Hokkaido0283,0.5,6,845,152,15381,43.1781191055822,0.09833998739193278,0.14553135698118558
E1,q2_x3_resunet_cas-single_seed42,cas-single,single-stream,42,1120,na,hokkaido_iburi_tobu,Hokkaido0284,0.5,236,3303,412,12433,37.38445087701807,0.07684278143518822,0.16924076212422126
E1,q2_x3_resunet_cas-single_seed42,cas-single,single-stream,42,1120,na,hokkaido_iburi_tobu,Hokkaido0285,0.5,732,5338,899,9415,24.70424642294429,0.22579427967655233,0.3443986351999815
E1,q2_x3_resunet_cas-single_seed42,cas-single,single-stream,42,1120,na,hokkaido_iburi_tobu,Hokkaido0286,0.5,879,1908,1943,11654,40.80441152620633,0.24004520199608528,0.36401343654119167
E1,q2_x3_resunet_cas-single_seed42,cas-single,single-stream,42,1120,na,hokkaido_iburi_tobu,Hokkaido0287,0.5,1249,3714,1696,9725,26.248809496813376,0.27437931545289107,0.41380470436471506
E1,q2_x3_resunet_cas-single_seed42,cas-single,single-stream,42,1120,na,hokkaido_iburi_tobu,Hokkaido0288,0.5,724,1381,2537,11742,49.678969393496885,0.16542930246191012,0.2850149764652838
E1,q2_x3_resunet_cas-single_seed42,cas-single,single-stream,42,1120,na,hokkaido_iburi_tobu,Hokkaido0289,0.5,536,577,3060,12211,57.42603860545338,0.12814551771691332,0.1722111648183064
E1,q2_x3_resunet_cas-single_seed42,cas-single,single-stream,42,1120,na,hokkaido_iburi_tobu,Hokkaido0290,0.5,407,1376,3190,11411,48.08326112068523,0.20565223183551723,0.2784477483510435
E1,q2_x3_resunet_cas-single_seed42,cas-single,single-stream,42,1120,na,hokkaido_iburi_tobu,Hokkaido0291,0.5,653,648,3398,11685,52.17946162654871,0.17569220259784027,0.26451379769236805
E1,q2_x3_resunet_cas-single_seed42,cas-single,single-stream,42,1120,na,hokkaido_iburi_tobu,Hokkaido0292,0.5,1053,3614,1940,9777,33.982309865428455,0.14248830849619146,0.263618510114614
E1,q2_x3_resunet_cas-single_seed42,cas-single,single-stream,42,1120,na,hokkaido_iburi_tobu,Hokkaido0293,0.5,229,4163,769,11223,55.832767830498796,0.16161844484579455,0.2954811106450263
E1,q2_x3_resunet_cas-single_seed42,cas-single,single-stream,42,1120,na,hokkaido_iburi_tobu,Hokkaido0294,0.5,0,1896,218,14270,66.13618028620759,0.0,0.0
E1,q2_x3_resunet_cas-single_seed42,cas-single,single-stream,42,1120,na,hokkaido_iburi_tobu,Hokkaido0295,0.5,139,4297,131,11817,56.900656738296725,0.17314487632470382,0.2833774452245879
E1,q2_x3_resunet_cas-single_seed42,cas-single,single-stream,42,1120,na,hokkaido_iburi_tobu,Hokkaido0296,0.5,71,4562,69,11682,50.24788510622217,0.0,0.0
E1,q2_x3_resunet_cas-single_seed42,cas-single,single-stream,42,1120,na,hokkaido_iburi_tobu,Hokkaido0297,0.5,41,3188,192,12963,53.33854141237835,0.03685039370043516,0.08792497069122954
E1,q2_x3_resunet_cas-single_seed42,cas-single,single-stream,42,1120,na,hokkaido_iburi_tobu,Hokkaido0298,0.5,107,4111,394,11772,35.355103766987604,0.14769230769180777,0.2755400952027227
E1,q2_x3_resunet_cas-single_seed42,cas-single,single-stream,42,1120,na,hokkaido_iburi_tobu,Hokkaido0299,0.5,24,2712,476,13172,51.51784847785419,0.014906832297663052,0.03268945022238571
E1,q2_x3_resunet_cas-single_seed42,cas-single,single-stream,42,1120,na,hokkaido_iburi_tobu,Hokkaido0300,0.5,18,4110,202,12054,65.08071605109203,0.0096463022503257,0.03442340791692713
E1,q2_x3_resunet_cas-single_seed42,cas-single,single-stream,42,1120,na,hokkaido_iburi_tobu,Hokkaido0301,0.5,0,5705,18,10661,126.09823051049798,0.0,0.0
E1,q2_x3_resunet_cas-single_seed42,cas-single,single-stream,42,1120,na,hokkaido_iburi_tobu,Hokkaido0302,0.5,0,3785,98,12501,92.10182994255322,0.0,0.0
E1,q2_x3_resunet_cas-single_seed42,cas-single,single-stream,42,1120,na,hokkaido_iburi_tobu,Hokkaido0303,0.5,55,2915,426,12988,41.754002238223435,0.0,0.0
E1,q2_x3_resunet_cas-single_seed42,cas-single,single-stream,42,1120,na,hokkaido_iburi_tobu,Hokkaido0304,0.5,159,5171,707,10347,29.1847101898221,0.1315926892945417,0.17544974579535783
E1,q2_x3_resunet_cas-single_seed42,cas-single,single-stream,42,1120,na,hokkaido_iburi_tobu,Hokkaido0305,0.5,589,3647,1127,11021,36.06660462592227,0.07730699798198012,0.15124606923644282
E1,q2_x3_resunet_cas-single_seed42,cas-single,single-stream,42,1120,na,hokkaido_iburi_tobu,Hokkaido0306,0.5,378,2686,1140,12180,38.449959043844444,0.08094758392061072,0.151526936994476
E1,q2_x3_resunet_cas-single_seed42,cas-single,single-stream,42,1120,na,hokkaido_iburi_tobu,Hokkaido0307,0.5,0,2798,362,13224,42.387951838191285,0.010582010581513732,0.03327787021581479
E1,q2_x3_resunet_cas-single_seed42,cas-single,single-stream,42,1120,na,hokkaido_iburi_tobu,Hokkaido0308,0.5,0,3830,77,12477,88.56151199594348,0.0,0.0
E1,q2_x3_resunet_cas-single_seed42,cas-single,single-stream,42,1120,na,hokkaido_iburi_tobu,Hokkaido0309,0.5,0,4636,17,11731,100.01624846905148,0.0,0.0
E1,q2_x3_resunet_cas-single_seed42,cas-single,single-stream,42,1120,na,hokkaido_iburi_tobu,Hokkaido0310,0.5,19,3245,58,13062,41.07309473500412,0.04271222637445902,0.08954437713949485
E1,q2_x3_resunet_cas-single_seed42,cas-single,single-stream,42,1120,na,hokkaido_iburi_tobu,Hokkaido0311,0.5,0,2675,60,13649,91.25809928634811,0.0,0.0
E1,q2_x3_resunet_cas-single_seed42,cas-single,single-stream,42,1120,na,hokkaido_iburi_tobu,Hokkaido0312,0.5,11,4131,93,12149,82.41475005841994,0.07251176573093238,0.11563599798867603
E1,q2_x3_resunet_cas-single_seed42,cas-single,single-stream,42,1120,na,hokkaido_iburi_tobu,Hokkaido0313,0.5,50,4373,102,11859,46.79880557781475,0.05054789678301205,0.07428040854195402
E1,q2_x3_resunet_cas-single_seed42,cas-single,single-stream,42,1120,na,hokkaido_iburi_tobu,Hokkaido0314,0.5,145,3437,407,12395,39.786441444983254,0.09395184967655894,0.1641816333441433
E1,q2_x3_resunet_cas-single_seed42,cas-single,single-stream,42,1120,na,hokkaido_iburi_tobu,Hokkaido0315,0.5,220,1096,337,14731,38.962641583165585,0.0,0.047188360204011945
E1,q2_x3_resunet_cas-single_seed42,cas-single,single-stream,42,1120,na,hokkaido_iburi_tobu,Hokkaido0316,0.5,0,2297,53,14034,50.251227641486174,0.0,0.0
E1,q2_x3_resunet_cas-single_seed42,cas-single,single-stream,42,1120,na,hokkaido_iburi_tobu,Hokkaido0319,0.5,0,2286,84,14014,75.86334462254544,0.0,0.0
E1,q2_x3_resunet_cas-single_seed42,cas-single,single-stream,42,1120,na,hokkaido_iburi_tobu,Hokkaido0320,0.5,0,2171,163,14050,69.02897942168927,0.0,0.0
E1,q2_x3_resunet_cas-single_seed42,cas-single,single-stream,42,1120,na,hokkaido_iburi_tobu,Hokkaido0321,0.5,280,3340,160,12604,26.1725046566048,0.09284974093214336,0.21296296296246883
E1,q2_x3_resunet_cas-single_seed42,cas-single,single-stream,42,1120,na,hokkaido_iburi_tobu,Hokkaido0322,0.5,510,3628,1463,10783,36.489492386298394,0.17740115231511444,0.2659993251598419
E1,q2_x3_resunet_cas-single_seed42,cas-single,single-stream,42,1120,na,hokkaido_iburi_tobu,Hokkaido0323,0.5,1302,3451,1688,9943,33.55293477656204,0.1490581041429239,0.2862973336337163
E1,q2_x3_resunet_cas-single_seed42,cas-single,single-stream,42,1120,na,hokkaido_iburi_tobu,Hokkaido0324,0.5,233,680,3173,12298,59.15064340615199,0.08545454545435464,0.14992299320264288
E1,q2_x3_resunet_cas-single_seed42,cas-single,single-stream,42,1120,na,hokkaido_iburi_tobu,Hokkaido0325,0.5,1043,1514,2817,11010,41.876007042012965,0.1810349632529019,0.30812610542222313
E1,q2_x3_resunet_cas-single_seed42,cas-single,single-stream,42,1120,na,hokkaido_iburi_tobu,Hokkaido0326,0.5,720,583,3559,11522,53.907327887774215,0.20493771677576358,0.315718664656577
E1,q2_x3_resunet_cas-single_seed42,cas-single,single-stream,42,1120,na,hokkaido_iburi_tobu,Hokkaido0327,0.5,888,565,3830,11101,43.283368248942665,0.29261623554821353,0.39532365381140827
E1,q2_x3_resunet_cas-single_seed42,cas-single,single-stream,42,1120,na,hokkaido_iburi_tobu,Hokkaido0328,0.5,916,2112,2080,11276,45.66232034934152,0.15504337364626855,0.2810707456975922
E1,q2_x3_resunet_cas-single_seed42,cas-single,single-stream,42,1120,na,hokkaido_iburi_tobu,Hokkaido0329,0.5,225,2399,754,13006,34.462291436473635,0.18275570583216053,0.3146460974294167
E1,q2_x3_resunet_cas-single_seed42,cas-single,single-stream,42,1120,na,hokkaido_iburi_tobu,Hokkaido0330,0.5,0,1814,420,14150,52.445032367303305,0.0,0.0
E1,q2_x3_resunet_cas-single_seed42,cas-single,single-stream,42,1120,na,hokkaido_iburi_tobu,Hokkaido0331,0.5,144,3480,249,12511,30.083217912982647,0.14914103427034303,0.24202452311062697
E1,q2_x3_resunet_cas-single_seed42,cas-single,single-stream,42,1120,na,hokkaido_iburi_tobu,Hokkaido0332,0.5,253,4525,87,11519,29.137584320880656,0.030576789436630687,0.12982220731249197
E1,q2_x3_resunet_cas-single_seed42,cas-single,single-stream,42,1120,na,hokkaido_iburi_tobu,Hokkaido0333,0.5,111,5648,281,10344,28.460498941515414,0.15768707482944647,0.2497330349170739
E1,q2_x3_resunet_cas-single_seed42,cas-single,single-stream,42,1120,na,hokkaido_iburi_tobu,Hokkaido0334,0.5,323,1399,1139,13523,47.4020017736122,0.11933534743166076,0.17419680592401326
E1,q2_x3_resunet_cas-single_seed42,cas-single,single-stream,42,1120,na,hokkaido_iburi_tobu,Hokkaido0335,0.5,716,3528,970,11170,32.57299494980466,0.19159604206376418,0.33275482700606424
E1,q2_x3_resunet_cas-single_seed42,cas-single,single-stream,42,1120,na,hokkaido_iburi_tobu,Hokkaido0336,0.5,361,4500,274,11249,34.655446902326915,0.10798650168679115,0.1895601029280628
E1,q2_x3_resunet_cas-single_seed42,cas-single,single-stream,42,1120,na,hokkaido_iburi_tobu,Hokkaido0337,0.5,292,5419,242,10431,63.0,0.16732605370000633,0.22795061371274844
E1,q2_x3_resunet_cas-single_seed42,cas-single,single-stream,42,1120,na,hokkaido_iburi_tobu,Hokkaido0338,0.5,122,4678,266,11318,76.04932460595582,0.023965763194987895,0.07103935418722036
E1,q2_x3_resunet_cas-single_seed42,cas-single,single-stream,42,1120,na,hokkaido_iburi_tobu,Hokkaido0339,0.5,238,4899,173,11074,58.25546906000381,0.15683011803813604,0.2807302702227555
E1,q2_x3_resunet_cas-single_seed42,cas-single,single-stream,42,1120,na,hokkaido_iburi_tobu,Hokkaido0340,0.5,676,2554,685,12469,31.391080566256324,0.20798794272752852,0.348286210708753
E1,q2_x3_resunet_cas-single_seed42,cas-single,single-stream,42,1120,na,hokkaido_iburi_tobu,Hokkaido0341,0.5,656,2219,1631,11878,36.235341863986875,0.17558350307369602,0.28812701641235416
E1,q2_x3_resunet_cas-single_seed42,cas-single,single-stream,42,1120,na,hokkaido_iburi_tobu,Hokkaido0342,0.5,901,3908,1221,10354,30.72803610077249,0.20289819010815952,0.31730738349830595
E1,q2_x3_resunet_cas-single_seed42,cas-single,single-stream,42,1120,na,hokkaido_iburi_tobu,Hokkaido0343,0.5,605,2348,773,12658,46.140965707706656,0.15365621079007272,0.2547154486215268
E1,q2_x3_resunet_cas-single_seed42,cas-single,single-stream,42,1120,na,hokkaido_iburi_tobu,Hokkaido0344,0.5,50,3887,543,11904,60.14149981501958,0.0,0.0
E1,q2_x3_resunet_cas-single_seed42,cas-single,single-stream,42,1120,na,hokkaido_iburi_tobu,Hokkaido0345,0.5,0,5680,19,10685,98.67380543955356,0.0,0.0
E1,q2_x3_resunet_cas-single_seed42,cas-single,single-stream,42,1120,na,hokkaido_iburi_tobu,Hokkaido0346,0.5,130,4328,181,11745,47.60556483072466,0.1290174208010321,0.18115363609583923
E1,q2_x3_resunet_cas-single_seed42,cas-single,single-stream,42,1120,na,hokkaido_iburi_tobu,Hokkaido0347,0.5,132,3307,281,12664,53.75406900969124,0.19176755447896382,0.2932706746987639
E1,q2_x3_resunet_cas-single_seed42,cas-single,single-stream,42,1120,na,hokkaido_iburi_tobu,Hokkaido0348,0.5,159,5169,86,10970,42.325376840564346,0.05571926064781379,0.09089378892395365
E1,q2_x3_resunet_cas-single_seed42,cas-single,single-stream,42,1120,na,hokkaido_iburi_tobu,Hokkaido0349,0.5,160,4562,17,11645,38.63935817272331,0.016913319238587292,0.08917623453306128
E1,q2_x3_resunet_cas-single_seed42,cas-single,single-stream,42,1120,na,hokkaido_iburi_tobu,Hokkaido0350,0.5,321,5022,377,10664,40.26164427839479,0.1661695225234145,0.21195492405637464
E1,q2_x3_resunet_cas-single_seed42,cas-single,single-stream,42,1120,na,hokkaido_iburi_tobu,Hokkaido0351,0.5,422,4523,395,11044,37.4993027101281,0.16197133375647238,0.2730093071349718
E1,q2_x3_resunet_cas-single_seed42,cas-single,single-stream,42,1120,na,hokkaido_iburi_tobu,Hokkaido0352,0.5,161,4452,304,11467,53.296324617577866,0.1440995253672667,0.2415959014662711
E1,q2_x3_resunet_cas-single_seed42,cas-single,single-stream,42,1120,na,hokkaido_iburi_tobu,Hokkaido0353,0.5,25,4571,268,11520,68.63963350046507,0.0,0.04997597308940206
E1,q2_x3_resunet_cas-single_seed42,cas-single,single-stream,42,1120,na,hokkaido_iburi_tobu,Hokkaido0354,0.5,72,4283,0,12029,61.61163860482548,0.0,0.03092783505130678
E1,q2_x3_resunet_cas-single_seed42,cas-single,single-stream,42,1120,na,hokkaido_iburi_tobu,Hokkaido0355,0.5,61,4396,11,11916,68.03086161955167,0.05200945626455269,0.10270774976633444
E1,q2_x3_resunet_cas-single_seed42,cas-single,single-stream,42,1120,na,hokkaido_iburi_tobu,Hokkaido0357,0.5,15,2649,80,13640,41.177054662788095,0.0,0.0
E1,q2_x3_resunet_cas-single_seed42,cas-single,single-stream,42,1120,na,hokkaido_iburi_tobu,Hokkaido0358,0.5,12,3652,94,12626,69.55924018487035,0.06360235168329939,0.1391109241337271
E1,q2_x3_resunet_cas-single_seed42,cas-single,single-stream,42,1120,na,hokkaido_iburi_tobu,Hokkaido0359,0.5,0,3773,48,12563,68.52588057567597,0.0,0.0
E1,q2_x3_resunet_cas-single_seed42,cas-single,single-stream,42,1120,na,hokkaido_iburi_tobu,Hokkaido0360,0.5,0,5031,75,11278,50.44359835132937,0.0,0.0
E1,q2_x3_resunet_cas-single_seed42,cas-single,single-stream,42,1120,na,hokkaido_iburi_tobu,Hokkaido0361,0.5,649,4210,1176,10349,34.0147027033899,0.21186175779026453,0.3697992435258438
E1,q2_x3_resunet_cas-single_seed42,cas-single,single-stream,42,1120,na,hokkaido_iburi_tobu,Hokkaido0362,0.5,1080,786,3114,11404,46.05431447900472,0.27079059491843543,0.38455548056421884
E1,q2_x3_resunet_cas-single_seed42,cas-single,single-stream,42,1120,na,hokkaido_iburi_tobu,Hokkaido0363,0.5,801,347,4398,10838,52.13199600618259,0.2387330558956239,0.3609699285269437
E1,q2_x3_resunet_cas-single_seed42,cas-single,single-stream,42,1120,na,hokkaido_iburi_tobu,Hokkaido0364,0.5,2573,2687,2728,8396,22.836241556651764,0.3584511866760943,0.5673625428592993
E1,q2_x3_resunet_cas-single_seed42,cas-single,single-stream,42,1120,na,hokkaido_iburi_tobu,Hokkaido0365,0.5,2327,1480,2986,9591,24.18160292046902,0.4964098111418821,0.6933657547067101
E1,q2_x3_resunet_cas-single_seed42,cas-single,single-stream,42,1120,na,hokkaido_iburi_tobu,Hokkaido0366,0.5,770,1505,3932,10177,40.496913462633174,0.19968251395528816,0.28903015966852824
E1,q2_x3_resunet_cas-single_seed42,cas-single,single-stream,42,1120,na,hokkaido_iburi_tobu,Hokkaido0367,0.5,568,2316,1561,11939,51.652683558408775,0.14381214402899387,0.23524405092582285
E1,q2_x3_resunet_cas-single_seed42,cas-single,single-stream,42,1120,na,hokkaido_iburi_tobu,Hokkaido0368,0.5,131,2176,442,13635,62.57745783838726,0.12905809330347742,0.19887588685107546
E1,q2_x3_resunet_cas-single_seed42,cas-single,single-stream,42,1120,na,hokkaido_iburi_tobu,Hokkaido0369,0.5,251,3046,489,12598,59.78384833134298,0.09485094850898643,0.21234119782164315
E1,q2_x3_resunet_cas-single_seed42,cas-single,single-stream,42,1120,na,hokkaido_iburi_tobu,Hokkaido0370,0.5,62,3056,509,12757,38.01315561749642,0.0,0.0
E1,q2_x3_resunet_cas-single_seed42,cas-single,single-stream,42,1120,na,hokkaido_iburi_tobu,Hokkaido0371,0.5,159,4461,346,11418,39.97369232552196,0.13961555654845528,0.21327030853242443
E1,q2_x3_resunet_cas-single_seed42,cas-single,single-stream,42,1120,na,hokkaido_iburi_tobu,Hokkaido0372,0.5,84,3128,564,12608,41.10960958218893,0.06955474425035357,0.13657134875133678
E1,q2_x3_resunet_cas-single_seed42,cas-single,single-stream,42,1120,na,hokkaido_iburi_tobu,Hokkaido0373,0.5,379,3880,1152,10973,41.012193308819754,0.10102278181846808,0.15944724953452893
E1,q2_x3_resunet_cas-single_seed42,cas-single,single-stream,42,1120,na,hokkaido_iburi_tobu,Hokkaido0374,0.5,682,3150,1494,11058,40.69150729425503,0.14145111034138655,0.25835773701685677
E1,q2_x3_resunet_cas-single_seed42,cas-single,single-stream,42,1120,na,hokkaido_iburi_tobu,Hokkaido0375,0.5,437,2732,1008,12207,30.649533304322077,0.23239695606622923,0.3446862326104324
E1,q2_x3_resunet_cas-single_seed42,cas-single,single-stream,42,1120,na,hokkaido_iburi_tobu,Hokkaido0376,0.5,679,2883,668,12154,32.65654193671621,0.2893043891612939,0.4391350370477572
E1,q2_x3_resunet_cas-single_seed42,cas-single,single-stream,42,1120,na,hokkaido_iburi_tobu,Hokkaido0377,0.5,323,4753,828,10480,41.319914525398865,0.14517431192610553,0.2310115934044153
E1,q2_x3_resunet_cas-single_seed42,cas-single,single-stream,42,1120,na,hokkaido_iburi_tobu,Hokkaido0378,0.5,106,3869,522,11887,40.75527889677822,0.0572487868704451,0.09717818135179655
E1,q2_x3_resunet_cas-single_seed42,cas-single,single-stream,42,1120,na,hokkaido_iburi_tobu,Hokkaido0379,0.5,340,2078,1140,12826,40.03997503120126,0.1381547623847088,0.24652286629864203
E1,q2_x3_resunet_cas-single_seed42,cas-single,single-stream,42,1120,na,hokkaido_iburi_tobu,Hokkaido0380,0.5,504,1925,1790,12165,44.156479874747596,0.1502402849587813,0.2684225250296632
E1,q2_x3_resunet_cas-single_seed42,cas-single,single-stream,42,1120,na,hokkaido_iburi_tobu,Hokkaido0381,0.5,603,3429,1771,10581,36.38611841405017,0.15084452143748495,0.22652799190915907
E1,q2_x3_resunet_cas-single_seed42,cas-single,single-stream,42,1120,na,hokkaido_iburi_tobu,Hokkaido0382,0.5,963,2632,1701,11088,34.93421969073854,0.16948633682943753,0.26450776949645805
E1,q2_x3_resunet_cas-single_seed42,cas-single,single-stream,42,1120,na,hokkaido_iburi_tobu,Hokkaido0383,0.5,498,2601,1511,11774,47.905611961089555,0.20127991347023105,0.29011493054608184
E1,q2_x3_resunet_cas-single_seed42,cas-single,single-stream,42,1120,na,hokkaido_iburi_tobu,Hokkaido0384,0.5,121,4251,765,11247,46.7514684707174,0.13276561948414692,0.18125222917494835
E1,q2_x3_resunet_cas-single_seed42,cas-single,single-stream,42,1120,na,hokkaido_iburi_tobu,Hokkaido0385,0.5,335,3291,333,12425,46.22721051478635,0.12612870861351752,0.19380549535012606
E1,q2_x3_resunet_cas-single_seed42,cas-single,single-stream,42,1120,na,hokkaido_iburi_tobu,Hokkaido0386,0.5,127,3691,350,12216,54.0,0.0967412830817853,0.15791156100112222
E1,q2_x3_resunet_cas-single_seed42,cas-single,single-stream,42,1120,na,hokkaido_iburi_tobu,Hokkaido0387,0.5,212,3570,532,12070,38.54795666962841,0.10866013071845426,0.20270270270220278
E1,q2_x3_resunet_cas-single_seed42,cas-single,single-stream,42,1120,na,hokkaido_iburi_tobu,Hokkaido0388,0.5,280,3268,520,12316,47.13881578701106,0.16633012444185963,0.2590188100113131
E1,q2_x3_resunet_cas-single_seed42,cas-single,single-stream,42,1120,na,hokkaido_iburi_tobu,Hokkaido0389,0.5,97,2062,560,13665,51.066119323334405,0.03260869565172532,0.0516304347821601
E1,q2_x3_resunet_cas-single_seed42,cas-single,single-stream,42,1120,na,hokkaido_iburi_tobu,Hokkaido0390,0.5,301,4866,735,10482,29.5296461204668,0.1522523388155544,0.24052478134061486
E1,q2_x3_resunet_cas-single_seed42,cas-single,single-stream,42,1120,na,hokkaido_iburi_tobu,Hokkaido0391,0.5,266,2807,881,12430,39.1509214519231,0.11753033656368753,0.23560673162046844
E1,q2_x3_resunet_cas-single_seed42,cas-single,single-stream,42,1120,na,hokkaido_iburi_tobu,Hokkaido0392,0.5,251,3905,447,11781,41.69632057055403,0.13617918796804895,0.23834709485892308
E1,q2_x3_resunet_cas-single_seed42,cas-single,single-stream,42,1120,na,hokkaido_iburi_tobu,Hokkaido0393,0.5,105,1975,206,14098,48.792350821628304,0.01908396946516232,0.10575107296088834
E1,q2_x3_resunet_cas-single_seed42,cas-single,single-stream,42,1120,na,hokkaido_iburi_tobu,Hokkaido0394,0.5,60,2830,134,13360,43.95224363356777,0.049008687903315425,0.13768178297860195
E1,q2_x3_resunet_cas-single_seed42,cas-single,single-stream,42,1120,na,hokkaido_iburi_tobu,Hokkaido0395,0.5,0,287,153,15944,76.94359303295177,0.0,0.0
E1,q2_x3_resunet_cas-single_seed42,cas-single,single-stream,42,1120,na,hokkaido_iburi_tobu,Hokkaido0396,0.5,53,3069,180,13082,42.17226201808698,0.054894784995103904,0.08651399491055713
E1,q2_x3_resunet_cas-single_seed42,cas-single,single-stream,42,1120,na,hokkaido_iburi_tobu,Hokkaido0397,0.5,82,4880,19,11403,49.41657984934276,0.047393364928649345,0.09241432421996514
E1,q2_x3_resunet_cas-single_seed42,cas-single,single-stream,42,1120,na,hokkaido_iburi_tobu,Hokkaido0398,0.5,28,3484,12,12860,36.0159675379333,0.0,0.0
E1,q2_x3_resunet_cas-single_seed42,cas-single,single-stream,42,1120,na,hokkaido_iburi_tobu,Hokkaido0399,0.5,211,4665,384,11124,42.44643600122384,0.1712045114102155,0.29533678756428333
E1,q2_x3_resunet_cas-single_seed42,cas-single,single-stream,42,1120,na,hokkaido_iburi_tobu,Hokkaido0400,0.5,613,2703,1986,11082,37.53664875824692,0.24644338224227524,0.38321940688561773
E1,q2_x3_resunet_cas-single_seed42,cas-single,single-stream,42,1120,na,hokkaido_iburi_tobu,Hokkaido0401,0.5,609,108,4873,10794,49.15532146398576,0.1946843031829296,0.28001950963263567
E1,q2_x3_resunet_cas-single_seed42,cas-single,single-stream,42,1120,na,hokkaido_iburi_tobu,Hokkaido0402,0.5,512,93,6030,9749,74.59051366226734,0.07877509062367517,0.15900386186274423
E1,q2_x3_resunet_cas-single_seed42,cas-single,single-stream,42,1120,na,hokkaido_iburi_tobu,Hokkaido0403,0.5,1861,1404,3719,9400,28.633894984832573,0.3416596652229376,0.50574976991601
E1,q2_x3_resunet_cas-single_seed42,cas-single,single-stream,42,1120,na,hokkaido_iburi_tobu,Hokkaido0404,0.5,1589,1893,3591,9311,26.019223662515376,0.3439689999171899,0.540478803387163
E1,q2_x3_resunet_cas-single_seed42,cas-single,single-stream,42,1120,na,hokkaido_iburi_tobu,Hokkaido0405,0.5,1243,1599,3070,10472,42.00833114004308,0.20625110655373055,0.3143940964119448
E1,q2_x3_resunet_cas-single_seed42,cas-single,single-stream,42,1120,na,hokkaido_iburi_tobu,Hokkaido0406,0.5,395,3483,1987,10519,38.897300677553446,0.17660679423425563,0.25502886827344073
E1,q2_x3_resunet_cas-single_seed42,cas-single,single-stream,42,1120,na,hokkaido_iburi_tobu,Hokkaido0407,0.5,164,3917,991,11312,47.50432348412786,0.13192690536275647,0.22378937470568244
E1,q2_x3_resunet_cas-single_seed42,cas-single,single-stream,42,1120,na,hokkaido_iburi_tobu,Hokkaido0408,0.5,621,3626,755,11382,33.458771943144306,0.11222444889732063,0.2313793204361705
E1,q2_x3_resunet_cas-single_seed42,cas-single,single-stream,42,1120,na,hokkaido_iburi_tobu,Hokkaido0409,0.5,559,3101,566,12158,48.34251015827253,0.14801999231016302,0.22614960319644828
E1,q2_x3_resunet_cas-single_seed42,cas-single,single-stream,42,1120,na,hokkaido_iburi_tobu,Hokkaido0410,0.5,146,912,945,14381,62.935604260611356,0.14558804074575188,0.2040447431095602
E1,q2_x3_resunet_cas-single_seed42,cas-single,single-stream,42,1120,na,hokkaido_iburi_tobu,Hokkaido0411,0.5,663,2300,1374,12047,33.927031884119764,0.2506975658751957,0.3821322812889069
E1,q2_x3_resunet_cas-single_seed42,cas-single,single-stream,42,1120,na,hokkaido_iburi_tobu,Hokkaido0412,0.5,517,4001,1222,10644,43.07051276978449,0.16507583639719337,0.25462239232343503
E1,q2_x3_resunet_cas-single_seed42,cas-single,single-stream,42,1120,na,hokkaido_iburi_tobu,Hokkaido0413,0.5,615,1979,1699,12091,38.897300677553446,0.2609369550893387,0.35709359579536276
E1,q2_x3_resunet_cas-single_seed42,cas-single,single-stream,42,1120,na,hokkaido_iburi_tobu,Hokkaido0414,0.5,827,2428,1738,11391,35.3723028392759,0.17079087821412767,0.26615362731801406
E1,q2_x3_resunet_cas-single_seed42,cas-single,single-stream,42,1120,na,hokkaido_iburi_tobu,Hokkaido0415,0.5,526,4782,914,10162,30.88446157164679,0.1705462088034047,0.3825552398069835
E1,q2_x3_resunet_cas-single_seed42,cas-single,single-stream,42,1120,na,hokkaido_iburi_tobu,Hokkaido0416,0.5,375,1751,678,13580,52.9429907418358,0.08248511337262496,0.13518357693189664
E1,q2_x3_resunet_cas-single_seed42,cas-single,single-stream,42,1120,na,hokkaido_iburi_tobu,Hokkaido0417,0.5,167,4579,1001,10637,30.0,0.09594534382840805,0.15222067270141765
E1,q2_x3_resunet_cas-single_seed42,cas-single,single-stream,42,1120,na,hokkaido_iburi_tobu,Hokkaido0418,0.5,524,2711,1074,12075,39.303876299139596,0.2190350740830259,0.3264341901307689
E1,q2_x3_resunet_cas-single_seed42,cas-single,single-stream,42,1120,na,hokkaido_iburi_tobu,Hokkaido0419,0.5,617,3844,1543,10380,37.48332962798263,0.18684537419241004,0.3003180049213741
E1,q2_x3_resunet_cas-single_seed42,cas-single,single-stream,42,1120,na,hokkaido_iburi_tobu,Hokkaido0420,0.5,719,3305,2205,10155,38.897300677553446,0.166828859347993,0.3057833871201205
E1,q2_x3_resunet_cas-single_seed42,cas-single,single-stream,42,1120,na,hokkaido_iburi_tobu,Hokkaido0421,0.5,714,1756,2752,11162,42.5440947723653,0.20102975109634608,0.3242852684565084
E1,q2_x3_resunet_cas-single_seed42,cas-single,single-stream,42,1120,na,hokkaido_iburi_tobu,Hokkaido0422,0.5,314,559,2941,12570,49.50959239153021,0.1969152694895366,0.2687635488438522
E1,q2_x3_resunet_cas-single_seed42,cas-single,single-stream,42,1120,na,hokkaido_iburi_tobu,Hokkaido0423,0.5,774,2418,1627,11565,42.04759208325728,0.07304336256662036,0.18069676876088298
E1,q2_x3_resunet_cas-single_seed42,cas-single,single-stream,42,1120,na,hokkaido_iburi_tobu,Hokkaido0424,0.5,755,481,1380,13768,42.663412672806025,0.20878796815061942,0.33334729040796274
E1,q2_x3_resunet_cas-single_seed42,cas-single,single-stream,42,1120,na,hokkaido_iburi_tobu,Hokkaido0425,0.5,296,2906,1105,12077,48.56728456228531,0.15023144901058333,0.25147049653890263
E1,q2_x3_resunet_cas-single_seed42,cas-single,single-stream,42,1120,na,hokkaido_iburi_tobu,Hokkaido0426,0.5,261,2246,610,13267,43.53823677071253,0.1054257578678279,0.16887127789708814
E1,q2_x3_resunet_cas-single_seed42,cas-single,single-stream,42,1120,na,hokkaido_iburi_tobu,Hokkaido0427,0.5,418,4470,647,10849,38.149644070758136,0.12442298132186959,0.19123505976046382
E1,q2_x3_resunet_cas-single_seed42,cas-single,single-stream,42,1120,na,hokkaido_iburi_tobu,Hokkaido0428,0.5,347,2853,768,12416,38.18373018513238,0.08540081051650822,0.19563878645737348
E1,q2_x3_resunet_cas-single_seed42,cas-single,single-stream,42,1120,na,hokkaido_iburi_tobu,Hokkaido0429,0.5,506,2893,1243,11742,33.61547262794322,0.18237082066827845,0.28624619203387053
E1,q2_x3_resunet_cas-single_seed42,cas-single,single-stream,42,1120,na,hokkaido_iburi_tobu,Hokkaido0430,0.5,688,3469,936,11291,30.877969418750023,0.1433088120202487,0.2308742665235784
E1,q2_x3_resunet_cas-single_seed42,cas-single,single-stream,42,1120,na,hokkaido_iburi_tobu,Hokkaido0431,0.5,512,3821,994,11057,33.270851167237474,0.18940599772930639,0.3057469564976013
E1,q2_x3_resunet_cas-single_seed42,cas-single,single-stream,42,1120,na,hokkaido_iburi_tobu,Hokkaido0432,0.5,82,2746,1236,12320,46.09767644516023,0.06283133712891117,0.11905336875100994
E1,q2_x3_resunet_cas-single_seed42,cas-single,single-stream,42,1120,na,hokkaido_iburi_tobu,Hokkaido0433,0.5,28,3737,401,12218,49.50339292457575,0.005254860745971377,0.02266639192215199
E1,q2_x3_resunet_cas-single_seed42,cas-single,single-stream,42,1120,na,hokkaido_iburi_tobu,Hokkaido0434,0.5,76,1351,85,14872,43.229555935869506,0.2036553524800934,0.32695060844634133
E1,q2_x3_resunet_cas-single_seed42,cas-single,single-stream,42,1120,na,hokkaido_iburi_tobu,Hokkaido0435,0.5,159,4931,2,11292,67.5773232597796,0.055658627086961635,0.08979155531777323
E1,q2_x3_resunet_cas-single_seed42,cas-single,single-stream,42,1120,na,hokkaido_iburi_tobu,Hokkaido0438,0.5,423,4174,858,10929,61.66036003787198,0.1460756656485453,0.21713441654308083
E1,q2_x3_resunet_cas-single_seed42,cas-single,single-stream,42,1120,na,hokkaido_iburi_tobu,Hokkaido0439,0.5,391,1180,1860,12953,45.93739154859146,0.1808879956144329,0.29499093818644945
E1,q2_x3_resunet_cas-single_seed42,cas-single,single-stream,42,1120,na,hokkaido_iburi_tobu,Hokkaido0440,0.5,1411,1230,2559,11184,41.29287422175951,0.3350820298807892,0.4955109747010726
E1,q2_x3_resunet_cas-single_seed42,cas-single,single-stream,42,1120,na,hokkaido_iburi_tobu,Hokkaido0441,0.5,1028,348,5650,9358,46.010868281309364,0.13416563220413746,0.20436685385207148
E1,q2_x3_resunet_cas-single_seed42,cas-single,single-stream,42,1120,na,hokkaido_iburi_tobu,Hokkaido0442,0.5,1052,227,6292,8813,57.0087712549569,0.1816166309809095,0.2848543689317791
E1,q2_x3_resunet_cas-single_seed42,cas-single,single-stream,42,1120,na,hokkaido_iburi_tobu,Hokkaido0443,0.5,2257,712,4416,8999,52.435672929466755,0.3378309853781566,0.49799328758732614
E1,q2_x3_resunet_cas-single_seed42,cas-single,single-stream,42,1120,na,hokkaido_iburi_tobu,Hokkaido0444,0.5,1231,1343,3371,10439,46.010868281309364,0.21194898252660027,0.324029420137415
E1,q2_x3_resunet_cas-single_seed42,cas-single,single-stream,42,1120,na,hokkaido_iburi_tobu,Hokkaido0445,0.5,1374,3940,1758,9312,33.24154027718932,0.23001730875568524,0.3683590431447476
E1,q2_x3_resunet_cas-single_seed42,cas-single,single-stream,42,1120,na,hokkaido_iburi_tobu,Hokkaido0446,0.5,346,555,2335,13148,51.86520991955976,0.15697499439673554,0.2682503791281511
E1,q2_x3_resunet_cas-single_seed42,cas-single,single-stream,42,1120,na,hokkaido_iburi_tobu,Hokkaido0447,0.5,470,3209,1270,11435,42.427585218858155,0.0285827709404158,0.04894327029987124
E1,q2_x3_resunet_cas-single_seed42,cas-single,single-stream,42,1120,na,hokkaido_iburi_tobu,Hokkaido0448,0.5,139,2289,687,13269,57.31404230898128,0.14566332478386423,0.20233600494530274
E1,q2_x3_resunet_cas-single_seed42,cas-single,single-stream,42,1120,na,hokkaido_iburi_tobu,Hokkaido0449,0.5,313,2571,1191,12309,43.039503183958296,0.13810335704587054,0.2196527112533914
E1,q2_x3_resunet_cas-single_seed42,cas-single,single-stream,42,1120,na,hokkaido_iburi_tobu,Hokkaido0450,0.5,1556,3236,1662,9930,34.66047202934009,0.26754702373583816,0.37737711100830024
E1,q2_x3_resunet_cas-single_seed42,cas-single,single-stream,42,1120,na,hokkaido_iburi_tobu,Hokkaido0451,0.5,1070,2326,2465,10523,36.81231592609299,0.25433454144832035,0.42301260902928983
E1,q2_x3_resunet_cas-single_seed42,cas-single,single-stream,42,1120,na,hokkaido_iburi_tobu,Hokkaido0452,0.5,766,2107,2666,10845,41.23105625617661,0.15518145739902015,0.2220079878801575
E1,q2_x3_resunet_cas-single_seed42,cas-single,single-stream,42,1120,na,hokkaido_iburi_tobu,Hokkaido0453,0.5,1076,2999,2182,10127,37.48332962798263,0.1880848305852641,0.3044852051819167
E1,q2_x3_resunet_cas-single_seed42,cas-single,single-stream,42,1120,na,hokkaido_iburi_tobu,Hokkaido0454,0.5,405,3828,1530,10621,33.95511728291204,0.20011357365046956,0.28963448260604724
E1,q2_x3_resunet_cas-single_seed42,cas-single,single-stream,42,1120,na,hokkaido_iburi_tobu,Hokkaido0455,0.5,539,4405,746,10694,32.02966655614381,0.16360776088050846,0.27091761124639124
E1,q2_x3_resunet_cas-single_seed42,cas-single,single-stream,42,1120,na,hokkaido_iburi_tobu,Hokkaido0456,0.5,826,5433,728,9397,28.294871228327107,0.19507937874959078,0.37345759790575345
E1,q2_x3_resunet_cas-single_seed42,cas-single,single-stream,42,1120,na,hokkaido_iburi_tobu,Hokkaido0457,0.5,769,4606,1196,9813,31.851034371048247,0.18142569748465037,0.2822989126759784
E1,q2_x3_resunet_cas-single_seed42,cas-single,single-stream,42,1120,na,hokkaido_iburi_tobu,Hokkaido0458,0.5,485,1651,1806,12442,43.102180132172286,0.16815872145701316,0.2987061926890117
E1,q2_x3_resunet_cas-single_seed42,cas-single,single-stream,42,1120,na,hokkaido_iburi_tobu,Hokkaido0459,0.5,825,1276,1946,12337,41.78456644739528,0.1854146778564599,0.31122123508241567
E1,q2_x3_resunet_cas-single_seed42,cas-single,single-stream,42,1120,na,hokkaido_iburi_tobu,Hokkaido0460,0.5,617,722,2850,12195,48.02915132107696,0.16235291593795634,0.2363029025455532
E1,q2_x3_resunet_cas-single_seed42,cas-single,single-stream,42,1120,na,hokkaido_iburi_tobu,Hokkaido0461,0.5,494,342,3184,12364,54.390714389233345,0.13252287756304135,0.23689715551901042
E1,q2_x3_resunet_cas-single_seed42,cas-single,single-stream,42,1120,na,hokkaido_iburi_tobu,Hokkaido0462,0.5,286,2010,2562,11526,43.238275965801535,0.08484092326858662,0.16371480098856098
E1,q2_x3_resunet_cas-single_seed42,cas-single,single-stream,42,1120,na,hokkaido_iburi_tobu,Hokkaido0463,0.5,1251,3767,1544,9822,31.76476034853718,0.22674077142270394,0.33418128263450014
E1,q2_x3_resunet_cas-single_seed42,cas-single,single-stream,42,1120,na,hokkaido_iburi_tobu,Hokkaido0464,0.5,1069,1559,1288,12468,37.13612667538496,0.3145362742488278,0.5018201774439899
E1,q2_x3_resunet_cas-single_seed42,cas-single,single-stream,42,1120,na,hokkaido_iburi_tobu,Hokkaido0465,0.5,4,766,689,14925,68.60029038322531,0.02997502081556099,0.048309178743519074
E1,q2_x3_resunet_cas-single_seed42,cas-single,single-stream,42,1120,na,hokkaido_iburi_tobu,Hokkaido0466,0.5,185,1306,690,14203,59.53569601365308,0.05538279283236596,0.09660615627424704
E1,q2_x3_resunet_cas-single_seed42,cas-single,single-stream,42,1120,na,hokkaido_iburi_tobu,Hokkaido0467,0.5,525,3809,1121,10929,30.692743377265202,0.09725685785493174,0.177311265396123
E1,q2_x3_resunet_cas-single_seed42,cas-single,single-stream,42,1120,na,hokkaido_iburi_tobu,Hokkaido0468,0.5,572,2405,1743,11664,36.279430594701104,0.1050178353672809,0.243046820404959
E1,q2_x3_resunet_cas-single_seed42,cas-single,single-stream,42,1120,na,hokkaido_iburi_tobu,Hokkaido0469,0.5,903,2336,1427,11718,40.01121853611187,0.2153284104959006,0.38094668003490584
E1,q2_x3_resunet_cas-single_seed42,cas-single,single-stream,42,1120,na,hokkaido_iburi_tobu,Hokkaido0470,0.5,1040,2446,1033,11865,34.828149534535996,0.19769357495837256,0.3696879454079156
E1,q2_x3_resunet_cas-single_seed42,cas-single,single-stream,42,1120,na,hokkaido_iburi_tobu,Hokkaido0471,0.5,775,4871,718,10020,23.252948730252054,0.1449172433499817,0.2495304034644386
E1,q2_x3_resunet_cas-single_seed42,cas-single,single-stream,42,1120,na,hokkaido_iburi_tobu,Hokkaido0472,0.5,280,4583,78,11443,54.17372162710096,0.12655086848589972,0.2785351734548245
E1,q2_x3_resunet_cas-single_seed42,cas-single,single-stream,42,1120,na,hokkaido_iburi_tobu,Hokkaido0473,0.5,0,4076,75,12233,92.22389913148486,0.0,0.0
E1,q2_x3_resunet_cas-single_seed42,cas-single,single-stream,42,1120,na,hokkaido_iburi_tobu,Hokkaido0474,0.5,0,4883,75,11426,99.95797656605157,0.0,0.0
E1,q2_x3_resunet_cas-single_seed42,cas-single,single-stream,42,1120,na,hokkaido_iburi_tobu,Hokkaido0478,0.5,0,4658,15,11711,94.88377725385415,0.0,0.0
E1,q2_x3_resunet_cas-single_seed42,cas-single,single-stream,42,1120,na,hokkaido_iburi_tobu,Hokkaido0479,0.5,307,5110,615,10352,45.88776468206671,0.11888813124173346,0.20677772733043534
E1,q2_x3_resunet_cas-single_seed42,cas-single,single-stream,42,1120,na,hokkaido_iburi_tobu,Hokkaido0480,0.5,721,2551,1745,11367,33.011361028828766,0.244681750004867,0.3604178959420763
E1,q2_x3_resunet_cas-single_seed42,cas-single,single-stream,42,1120,na,hokkaido_iburi_tobu,Hokkaido0481,0.5,747,1295,1706,12636,52.67347088326638,0.1667460054637077,0.23142053614137284
E1,q2_x3_resunet_cas-single_seed42,cas-single,single-stream,42,1120,na,hokkaido_iburi_tobu,Hokkaido0482,0.5,852,4006,1877,9649,38.897300677553446,0.20848028842345193,0.3386784286240083
E1,q2_x3_resunet_cas-single_seed42,cas-single,single-stream,42,1120,na,hokkaido_iburi_tobu,Hokkaido0483,0.5,1089,771,4387,10137,43.004626010457024,0.25299995076854337,0.4231339624671412
E1,q2_x3_resunet_cas-single_seed42,cas-single,single-stream,42,1120,na,hokkaido_iburi_tobu,Hokkaido0484,0.5,2123,590,6637,7034,54.97953021774598,0.2233064057733681,0.36078523458850814
E1,q2_x3_resunet_cas-single_seed42,cas-single,single-stream,42,1120,na,hokkaido_iburi_tobu,Hokkaido0485,0.5,4827,1222,4648,5687,22.012493550049875,0.43488430861091043,0.64673038643086
E1,q2_x3_resunet_cas-single_seed42,cas-single,single-stream,42,1120,na,hokkaido_iburi_tobu,Hokkaido0486,0.5,2790,758,3870,8966,55.31726674375732,0.30398331391477856,0.4956726986620891
E1,q2_x3_resunet_cas-single_seed42,cas-single,single-stream,42,1120,na,hokkaido_iburi_tobu,Hokkaido0487,0.5,1813,1371,2696,10504,28.637387670276315,0.24118895965998502,0.35000360778835327
E1,q2_x3_resunet_cas-single_seed42,cas-single,single-stream,42,1120,na,hokkaido_iburi_tobu,Hokkaido0488,0.5,1547,1844,2229,10764,41.5631224784191,0.19755045964627552,0.3550094732134339
E1,q2_x3_resunet_cas-single_seed42,cas-single,single-stream,42,1120,na,hokkaido_iburi_tobu,Hokkaido0489,0.5,295,3761,1385,10943,41.861454152307466,0.14640720176763755,0.22256973487969567
E1,q2_x3_resunet_cas-single_seed42,cas-single,single-stream,42,1120,na,hokkaido_iburi_tobu,Hokkaido0490,0.5,88,4306,501,11489,34.409597404263316,0.12452830188629442,0.17630679214641662
E1,q2_x3_resunet_cas-single_seed42,cas-single,single-stream,42,1120,na,hokkaido_iburi_tobu,Hokkaido0491,0.5,344,1630,1779,12631,50.215533431993514,0.11147908962085162,0.17237571602720983
E1,q2_x3_resunet_cas-single_seed42,cas-single,single-stream,42,1120,na,hokkaido_iburi_tobu,Hokkaido0492,0.5,294,741,3054,12295,55.17245689653489,0.10050861778541004,0.16199991161643795
E1,q2_x3_resunet_cas-single_seed42,cas-single,single-stream,42,1120,na,hokkaido_iburi_tobu,Hokkaido0493,0.5,1222,746,2886,11530,42.99301947847435,0.3103431312258633,0.45854442763880476
E1,q2_x3_resunet_cas-single_seed42,cas-single,single-stream,42,1120,na,hokkaido_iburi_tobu,Hokkaido0494,0.5,838,1091,3592,10863,34.069771271837695,0.23974572423152382,0.34956695928791787
E1,q2_x3_resunet_cas-single_seed42,cas-single,single-stream,42,1120,na,hokkaido_iburi_tobu,Hokkaido0495,0.5,1491,2050,2821,10022,29.668152485433648,0.32601432303055355,0.4920358702966645
E1,q2_x3_resunet_cas-single_seed42,cas-single,single-stream,42,1120,na,hokkaido_iburi_tobu,Hokkaido0496,0.5,1152,2553,2319,10360,34.40930106817051,0.26908088901742117,0.42747649899831086
E1,q2_x3_resunet_cas-single_seed42,cas-single,single-stream,42,1120,na,hokkaido_iburi_tobu,Hokkaido0497,0.5,530,2164,1916,11774,44.40720662234904,0.113087276241141,0.20580093874082225
E1,q2_x3_resunet_cas-single_seed42,cas-single,single-stream,42,1120,na,hokkaido_iburi_tobu,Hokkaido0498,0.5,925,4740,1002,9717,27.298350615828955,0.11817377745721297,0.19178872767943897
E1,q2_x3_resunet_cas-single_seed42,cas-single,single-stream,42,1120,na,hokkaido_iburi_tobu,Hokkaido0499,0.5,294,2460,1416,12214,44.46567059582846,0.11402426290466709,0.1908583189755488
E1,q2_x3_resunet_cas-single_seed42,cas-single,single-stream,42,1120,na,hokkaido_iburi_tobu,Hokkaido0500,0.5,422,1328,1594,13040,43.72627412182471,0.1155116030434864,0.177088522601379
E1,q2_x3_resunet_cas-single_seed42,cas-single,single-stream,42,1120,na,hokkaido_iburi_tobu,Hokkaido0501,0.5,1132,3699,1459,10094,35.409667021758075,0.05251396648011506,0.1498533913023987
E1,q2_x3_resunet_cas-single_seed42,cas-single,single-stream,42,1120,na,hokkaido_iburi_tobu,Hokkaido0502,0.5,166,1049,2848,12321,56.99472968035492,0.09474292316555627,0.14301164982510786
E1,q2_x3_resunet_cas-single_seed42,cas-single,single-stream,42,1120,na,hokkaido_iburi_tobu,Hokkaido0503,0.5,0,1728,2728,11928,51.910484711227504,0.0,0.0
E1,q2_x3_resunet_cas-single_seed42,cas-single,single-stream,42,1120,na,hokkaido_iburi_tobu,Hokkaido0504,0.5,286,1989,2210,11899,50.16170416370876,0.10217686781266416,0.1768362882796633
E1,q2_x3_resunet_cas-single_seed42,cas-single,single-stream,42,1120,na,hokkaido_iburi_tobu,Hokkaido0505,0.5,628,1343,2285,12128,51.71652292048166,0.10984892351400474,0.1906505371793342
E1,q2_x3_resunet_cas-single_seed42,cas-single,single-stream,42,1120,na,hokkaido_iburi_tobu,Hokkaido0506,0.5,553,2087,2067,11677,47.602489611663366,0.17316200946138852,0.2815519710398196
E1,q2_x3_resunet_cas-single_seed42,cas-single,single-stream,42,1120,na,hokkaido_iburi_tobu,Hokkaido0507,0.5,434,3466,864,11620,38.28837943815329,0.18167865067268374,0.27801884210888816
E1,q2_x3_resunet_cas-single_seed42,cas-single,single-stream,42,1120,na,hokkaido_iburi_tobu,Hokkaido0508,0.5,297,4163,892,11032,33.54101966249684,0.12125453829619307,0.183381088824759
E1,q2_x3_resunet_cas-single_seed42,cas-single,single-stream,42,1120,na,hokkaido_iburi_tobu,Hokkaido0509,0.5,582,3928,1102,10772,31.818225839107804,0.16721547643504847,0.3119515919497782
E1,q2_x3_resunet_cas-single_seed42,cas-single,single-stream,42,1120,na,hokkaido_iburi_tobu,Hokkaido0510,0.5,511,858,1828,13187,51.55863516632759,0.19423704618517082,0.30829993879241735
E1,q2_x3_resunet_cas-single_seed42,cas-single,single-stream,42,1120,na,hokkaido_iburi_tobu,Hokkaido0511,0.5,933,2289,1745,11417,31.78049716414141,0.21070036612695608,0.3480760563719626
E1,q2_x3_resunet_cas-single_seed42,cas-single,single-stream,42,1120,na,hokkaido_iburi_tobu,Hokkaido0512,0.5,563,5138,1396,9287,36.870033944849204,0.1398791839964072,0.24237727033982698
E1,q2_x3_resunet_cas-single_seed42,cas-single,single-stream,42,1120,na,hokkaido_iburi_tobu,Hokkaido0513,0.5,415,3592,413,11964,34.084779192751405,0.27097100350219205,0.3465833966293176
E1,q2_x3_resunet_cas-single_seed42,cas-single,single-stream,42,1120,na,hokkaido_iburi_tobu,Hokkaido0514,0.5,0,4944,182,11258,65.53583886121773,0.0,0.0
E1,q2_x3_resunet_cas-single_seed42,cas-single,single-stream,42,1120,na,hokkaido_iburi_tobu,Hokkaido0515,0.5,156,3044,115,13069,51.71652292048167,0.10826794040667699,0.22136162092336759
E1,q2_x3_resunet_cas-single_seed42,cas-single,single-stream,42,1120,na,hokkaido_iburi_tobu,Hokkaido0516,0.5,111,3780,108,12385,57.27096040742566,0.09103520027696022,0.16993070201823515
E1,q2_x3_resunet_cas-single_seed42,cas-single,single-stream,42,1120,na,hokkaido_iburi_tobu,Hokkaido0517,0.5,0,2575,23,13786,86.37934772563601,0.0,0.0
E1,q2_x3_resunet_cas-single_seed42,cas-single,single-stream,42,1120,na,hokkaido_iburi_tobu,Hokkaido0518,0.5,3,3170,33,13178,46.09772228646444,0.0,0.0
E1,q2_x3_resunet_cas-single_seed42,cas-single,single-stream,42,1120,na,hokkaido_iburi_tobu,Hokkaido0520,0.5,69,4102,4,12209,64.40496875241847,0.0,0.023023791250710218
E1,q2_x3_resunet_cas-single_seed42,cas-single,single-stream,42,1120,na,hokkaido_iburi_tobu,Hokkaido0521,0.5,177,4407,564,11236,55.49679161132829,0.22893864256532526,0.272727272726814
E1,q2_x3_resunet_cas-single_seed42,cas-single,single-stream,42,1120,na,hokkaido_iburi_tobu,Hokkaido0522,0.5,578,4152,1974,9680,29.668152485433662,0.17718582697683666,0.2814578682359309
E1,q2_x3_resunet_cas-single_seed42,cas-single,single-stream,42,1120,na,hokkaido_iburi_tobu,Hokkaido0523,0.5,1512,1196,2306,11370,41.23105625617661,0.2950607810666875,0.4496588570806165
E1,q2_x3_resunet_cas-single_seed42,cas-single,single-stream,42,1120,na,hokkaido_iburi_tobu,Hokkaido0524,0.5,1022,262,3720,11380,51.61976343883904,0.27641973908078726,0.39997558146598194
E1,q2_x3_resunet_cas-single_seed42,cas-single,single-stream,42,1120,na,hokkaido_iburi_tobu,Hokkaido0525,0.5,1785,599,3968,10032,42.306007945482335,0.3182109520531584,0.5268542351164902
E1,q2_x3_resunet_cas-single_seed42,cas-single,single-stream,42,1120,na,hokkaido_iburi_tobu,Hokkaido0526,0.5,157,1,5832,10394,93.42536729619282,0.01569995638893461,0.024431840717015672
E1,q2_x3_resunet_cas-single_seed42,cas-single,single-stream,42,1120,na,hokkaido_iburi_tobu,Hokkaido0527,0.5,2315,909,5323,7837,45.27692569068709,0.27494692144341953,0.4486289048134874
E1,q2_x3_resunet_cas-single_seed42,cas-single,single-stream,42,1120,na,hokkaido_iburi_tobu,Hokkaido0528,0.5,1378,463,7896,6647,88.5095986002136,0.14467969276994727,0.24777435407574588
E1,q2_x3_resunet_cas-single_seed42,cas-single,single-stream,42,1120,na,hokkaido_iburi_tobu,Hokkaido0529,0.5,1230,282,6504,8368,66.61643806526598,0.11003489658679032,0.2156700098029775
E1,q2_x3_resunet_cas-single_seed42,cas-single,single-stream,42,1120,na,hokkaido_iburi_tobu,Hokkaido0530,0.5,678,1214,3703,10789,47.16990566028302,0.23838854445998942,0.34263547421519297
E1,q2_x3_resunet_cas-single_seed42,cas-single,single-stream,42,1120,na,hokkaido_iburi_tobu,Hokkaido0531,0.5,967,428,2525,12464,30.448308491866275,0.3580626025051005,0.5166527009228626
E1,q2_x3_resunet_cas-single_seed42,cas-single,single-stream,42,1120,na,hokkaido_iburi_tobu,Hokkaido0532,0.5,254,373,3246,12511,59.31433103672234,0.08516019038133697,0.1508035421448063
E1,q2_x3_resunet_cas-single_seed42,cas-single,single-stream,42,1120,na,hokkaido_iburi_tobu,Hokkaido0533,0.5,640,1437,2503,11804,52.418029315453346,0.15485656376648918,0.2359837460872386
E1,q2_x3_resunet_cas-single_seed42,cas-single,single-stream,42,1120,na,hokkaido_iburi_tobu,Hokkaido0534,0.5,1208,1234,3355,10587,44.68332595795599,0.1791494011170853,0.33165228789034784
E1,q2_x3_resunet_cas-single_seed42,cas-single,single-stream,42,1120,na,hokkaido_iburi_tobu,Hokkaido0535,0.5,510,536,4013,11325,56.62463974569128,0.14464814205836757,0.19727521921088997
E1,q2_x3_resunet_cas-single_seed42,cas-single,single-stream,42,1120,na,hokkaido_iburi_tobu,Hokkaido0536,0.5,100,30,4379,11875,47.16990566028302,0.08836693317001591,0.17732793522251045
E1,q2_x3_resunet_cas-single_seed42,cas-single,single-stream,42,1120,na,hokkaido_iburi_tobu,Hokkaido0537,0.5,1905,1258,3937,9284,26.0,0.25282184012942616,0.42526192506932886
E1,q2_x3_resunet_cas-single_seed42,cas-single,single-stream,42,1120,na,hokkaido_iburi_tobu,Hokkaido0538,0.5,906,711,4797,9970,101.18398926552754,0.08537026510245353,0.15216530717719476
E1,q2_x3_resunet_cas-single_seed42,cas-single,single-stream,42,1120,na,hokkaido_iburi_tobu,Hokkaido0539,0.5,1093,1188,3183,10920,33.61547262794322,0.26384291738607124,0.36893339612055964
E1,q2_x3_resunet_cas-single_seed42,cas-single,single-stream,42,1120,na,hokkaido_iburi_tobu,Hokkaido0540,0.5,372,900,2738,12374,56.224894326607945,0.09593023255789108,0.17905229487439492
E1,q2_x3_resunet_cas-single_seed42,cas-single,single-stream,42,1120,na,hokkaido_iburi_tobu,Hokkaido0541,0.5,909,4042,1646,9787,32.03430750606873,0.15805596002642616,0.3055256252610445
E1,q2_x3_resunet_cas-single_seed42,cas-single,single-stream,42,1120,na,hokkaido_iburi_tobu,Hokkaido0542,0.5,684,1440,772,13488,55.16067371994517,0.28900185351665164,0.3725506007575472
E1,q2_x3_resunet_cas-single_seed42,cas-single,single-stream,42,1120,na,hokkaido_iburi_tobu,Hokkaido0543,0.5,232,2392,594,13166,45.16855659269076,0.09833096131404677,0.17880279865203166
E1,q2_x3_resunet_cas-single_seed42,cas-single,single-stream,42,1120,na,hokkaido_iburi_tobu,Hokkaido0544,0.5,700,4261,1517,9906,29.068883707497267,0.14692426616702908,0.2174214383668342
E1,q2_x3_resunet_cas-single_seed42,cas-single,single-stream,42,1120,na,hokkaido_iburi_tobu,Hokkaido0545,0.5,662,1657,2204,11861,50.20956084253277,0.22003060156192136,0.3337306502144959
E1,q2_x3_resunet_cas-single_seed42,cas-single,single-stream,42,1120,na,hokkaido_iburi_tobu,Hokkaido0546,0.5,1020,724,2041,12599,31.881020961325216,0.34107316400511967,0.5183498312063367
E1,q2_x3_resunet_cas-single_seed42,cas-single,single-stream,42,1120,na,hokkaido_iburi_tobu,Hokkaido0547,0.5,1361,1368,2952,10703,35.08550539506898,0.2582052298360684,0.42197928111148314
E1,q2_x3_resunet_cas-single_seed42,cas-single,single-stream,42,1120,na,hokkaido_iburi_tobu,Hokkaido0548,0.5,665,371,4352,10996,51.62363799656123,0.12046446459327484,0.19358513599918736
E1,q2_x3_resunet_cas-single_seed42,cas-single,single-stream,42,1120,na,hokkaido_iburi_tobu,Hokkaido0549,0.5,374,381,3339,12290,57.82858986509716,0.10322087037502024,0.15966764431483108
E1,q2_x3_resunet_cas-single_seed42,cas-single,single-stream,42,1120,na,hokkaido_iburi_tobu,Hokkaido0550,0.5,439,2003,1645,12297,47.50789408087881,0.10320878438640917,0.20402657939069832
E1,q2_x3_resunet_cas-single_seed42,cas-single,single-stream,42,1120,na,hokkaido_iburi_tobu,Hokkaido0551,0.5,79,1478,1622,13205,50.16919381844802,0.0353070981975073,0.07622777945127109
E1,q2_x3_resunet_cas-single_seed42,cas-single,single-stream,42,1120,na,hokkaido_iburi_tobu,Hokkaido0552,0.5,335,3122,1073,11854,38.032828766764894,0.1569090602324053,0.2585711145302622
E1,q2_x3_resunet_cas-single_seed42,cas-single,single-stream,42,1120,na,hokkaido_iburi_tobu,Hokkaido0553,0.5,496,2397,1631,11860,35.808501698039585,0.18254791061438322,0.31415620495856383
E1,q2_x3_resunet_cas-single_seed42,cas-single,single-stream,42,1120,na,hokkaido_iburi_tobu,Hokkaido0554,0.5,747,2136,2270,11231,44.61612618216613,0.2490466346521141,0.3280306243933324
E1,q2_x3_resunet_cas-single_seed42,cas-single,single-stream,42,1120,na,hokkaido_iburi_tobu,Hokkaido0555,0.5,959,4474,1580,9371,33.301651610693426,0.16485735673257618,0.2961343764377132
E1,q2_x3_resunet_cas-single_seed42,cas-single,single-stream,42,1120,na,hokkaido_iburi_tobu,Hokkaido0556,0.5,623,2186,877,12698,37.30947761924646,0.2705040133049631,0.3717752808984564
E1,q2_x3_resunet_cas-single_seed42,cas-single,single-stream,42,1120,na,hokkaido_iburi_tobu,Hokkaido0557,0.5,145,3728,823,11688,38.61217014368329,0.13448280664569065,0.2075180947928969
E1,q2_x3_resunet_cas-single_seed42,cas-single,single-stream,42,1120,na,hokkaido_iburi_tobu,Hokkaido0558,0.5,411,3125,570,12278,30.0,0.16381088282134387,0.33267666046327315
E1,q2_x3_resunet_cas-single_seed42,cas-single,single-stream,42,1120,na,hokkaido_iburi_tobu,Hokkaido0559,0.5,207,2459,523,13195,44.63598147613666,0.1335807050087907,0.25318440133206327
E1,q2_x3_resunet_cas-single_seed42,cas-single,single-stream,42,1120,na,hokkaido_iburi_tobu,Hokkaido0560,0.5,112,3151,79,13042,57.299649837302894,0.007843137254496702,0.06768447837104744
E1,q2_x3_resunet_cas-single_seed42,cas-single,single-stream,42,1120,na,hokkaido_iburi_tobu,Hokkaido0561,0.5,30,912,31,15411,46.282812486430664,0.10181818181785748,0.20274689339396884
E1,q2_x3_resunet_cas-single_seed42,cas-single,single-stream,42,1120,na,hokkaido_iburi_tobu,Hokkaido0562,0.5,49,1560,67,14708,49.6583325856148,0.0915476469207722,0.13218488828210892
E1,q2_x3_resunet_cas-single_seed42,cas-single,single-stream,42,1120,na,hokkaido_iburi_tobu,Hokkaido0563,0.5,20,2610,58,13696,40.28952216148257,0.017699115043830645,0.07648087977964772
E1,q2_x3_resunet_cas-single_seed42,cas-single,single-stream,42,1120,na,hokkaido_iburi_tobu,Hokkaido0564,0.5,0,1736,23,14625,65.21502894272147,0.0,0.0
E1,q2_x3_resunet_cas-single_seed42,cas-single,single-stream,42,1120,na,hokkaido_iburi_tobu,Hokkaido0565,0.5,1,1024,69,15290,57.919275860508776,0.022222222222097777,0.023088023087964316
E1,q2_x3_resunet_cas-single_seed42,cas-single,single-stream,42,1120,na,hokkaido_iburi_tobu,Hokkaido0566,0.5,0,3215,143,13026,51.90278643478856,0.0,0.0
E1,q2_x3_resunet_cas-single_seed42,cas-single,single-stream,42,1120,na,hokkaido_iburi_tobu,Hokkaido0567,0.5,456,3054,275,12599,37.92879474872512,0.11669166709723286,0.2252168694413839
E1,q2_x3_resunet_cas-single_seed42,cas-single,single-stream,42,1120,na,hokkaido_iburi_tobu,Hokkaido0568,0.5,853,4373,1308,9850,33.88649404196408,0.21042146547919835,0.3415797084452105
E1,q2_x3_resunet_cas-single_seed42,cas-single,single-stream,42,1120,na,hokkaido_iburi_tobu,Hokkaido0569,0.5,551,886,3167,11780,44.01136216933077,0.13506860241747293,0.19638395404174533
E1,q2_x3_resunet_cas-single_seed42,cas-single,single-stream,42,1120,na,hokkaido_iburi_tobu,Hokkaido0570,0.5,1329,203,6045,8807,64.64905154303904,0.28380298683507005,0.4319522791567821
E1,q2_x3_resunet_cas-single_seed42,cas-single,single-stream,42,1120,na,hokkaido_iburi_tobu,Hokkaido0571,0.5,2303,559,7677,5845,71.69379331573968,0.25739323237292033,0.40310681968831996
E1,q2_x3_resunet_cas-single_seed42,cas-single,single-stream,42,1120,na,hokkaido_iburi_tobu,Hokkaido0572,0.5,1404,220,7345,7415,48.842601086962596,0.2205122994633305,0.38217885105339383
E1,q2_x3_resunet_cas-single_seed42,cas-single,single-stream,42,1120,na,hokkaido_iburi_tobu,Hokkaido0573,0.5,2115,1093,4423,8753,38.32557797570758,0.3101144501212715,0.4967036032427954
E1,q2_x3_resunet_cas-single_seed42,cas-single,single-stream,42,1120,na,hokkaido_iburi_tobu,Hokkaido0574,0.5,1160,647,4638,9939,45.52785276128137,0.2706418538871649,0.3840992479788891
E1,q2_x3_resunet_cas-single_seed42,cas-single,single-stream,42,1120,na,hokkaido_iburi_tobu,Hokkaido0575,0.5,342,142,4915,10985,68.26419266350405,0.07821127478675566,0.15459662288916318
E1,q2_x3_resunet_cas-single_seed42,cas-single,single-stream,42,1120,na,hokkaido_iburi_tobu,Hokkaido0576,0.5,428,2474,1665,11817,45.87374320676085,0.13657760090919818,0.20774073955659508
E1,q2_x3_resunet_cas-single_seed42,cas-single,single-stream,42,1120,na,hokkaido_iburi_tobu,Hokkaido0577,0.5,928,2514,2042,10900,34.147467859083356,0.18952301391591825,0.33215707337106165
E1,q2_x3_resunet_cas-single_seed42,cas-single,single-stream,42,1120,na,hokkaido_iburi_tobu,Hokkaido0578,0.5,730,94,4543,11017,62.99404449326438,0.15109245656970197,0.21968454758004402
E1,q2_x3_resunet_cas-single_seed42,cas-single,single-stream,42,1120,na,hokkaido_iburi_tobu,Hokkaido0579,0.5,162,108,4031,12083,55.71429336839801,0.08413802417435466,0.15114719997978704
E1,q2_x3_resunet_cas-single_seed42,cas-single,single-stream,42,1120,na,hokkaido_iburi_tobu,Hokkaido0580,0.5,1978,1662,2456,10288,34.13868412917973,0.1869373473773565,0.3516854812823595
E1,q2_x3_resunet_cas-single_seed42,cas-single,single-stream,42,1120,na,hokkaido_iburi_tobu,Hokkaido0581,0.5,870,352,3688,11474,56.29118930916512,0.26589439655144176,0.370907221102587
E1,q2_x3_resunet_cas-single_seed42,cas-single,single-stream,42,1120,na,hokkaido_iburi_tobu,Hokkaido0582,0.5,63,0,5095,11226,134.39679928275422,0.0043782837127637935,0.021847690386991574
E1,q2_x3_resunet_cas-single_seed42,cas-single,single-stream,42,1120,na,hokkaido_iburi_tobu,Hokkaido0583,0.5,2028,1196,5153,8007,52.20153254455275,0.19770557836549002,0.32931643407208466
E1,q2_x3_resunet_cas-single_seed42,cas-single,single-stream,42,1120,na,hokkaido_iburi_tobu,Hokkaido0584,0.5,2141,1467,4471,8305,54.56189146281496,0.2319626449763657,0.3743477337537005
E1,q2_x3_resunet_cas-single_seed42,cas-single,single-stream,42,1120,na,hokkaido_iburi_tobu,Hokkaido0585,0.5,393,18,4870,11103,77.0272426615714,0.07632077651941592,0.12389833108866348
E1,q2_x3_resunet_cas-single_seed42,cas-single,single-stream,42,1120,na,hokkaido_iburi_tobu,Hokkaido0586,0.5,635,1132,3358,11259,45.24930095453357,0.14172211350269073,0.25780642293559014
E1,q2_x3_resunet_cas-single_seed42,cas-single,single-stream,42,1120,na,hokkaido_iburi_tobu,Hokkaido0587,0.5,380,144,2300,13560,64.35060217278468,0.12355212355193679,0.17382413087914914
E1,q2_x3_resunet_cas-single_seed42,cas-single,single-stream,42,1120,na,hokkaido_iburi_tobu,Hokkaido0588,0.5,52,3244,1552,11536,50.3188933265241,0.037935436804183646,0.06895872327801819
E1,q2_x3_resunet_cas-single_seed42,cas-single,single-stream,42,1120,na,hokkaido_iburi_tobu,Hokkaido0589,0.5,0,2449,779,13156,58.71795304577879,0.0,0.0
E1,q2_x3_resunet_cas-single_seed42,cas-single,single-stream,42,1120,na,hokkaido_iburi_tobu,Hokkaido0590,0.5,604,1381,1442,12957,38.8329756778952,0.1350019795008342,0.26581409154542546
E1,q2_x3_resunet_cas-single_seed42,cas-single,single-stream,42,1120,na,hokkaido_iburi_tobu,Hokkaido0591,0.5,759,1495,2288,11842,42.42640687119285,0.26017763299908814,0.3610020475290954
E1,q2_x3_resunet_cas-single_seed42,cas-single,single-stream,42,1120,na,hokkaido_iburi_tobu,Hokkaido0592,0.5,934,1215,3133,11102,46.64760776827794,0.23003621449418707,0.34480559006240774
E1,q2_x3_resunet_cas-single_seed42,cas-single,single-stream,42,1120,na,hokkaido_iburi_tobu,Hokkaido0593,0.5,1579,830,3575,10400,49.79959231800164,0.2661239071197201,0.40089997954558704
E1,q2_x3_resunet_cas-single_seed42,cas-single,single-stream,42,1120,na,hokkaido_iburi_tobu,Hokkaido0594,0.5,1336,1124,4504,9420,41.12661963536952,0.25344971404554284,0.39017988642404505
E1,q2_x3_resunet_cas-single_seed42,cas-single,single-stream,42,1120,na,hokkaido_iburi_tobu,Hokkaido0595,0.5,2240,1780,2662,9702,32.561479631600726,0.2225878038334568,0.3429707899825275
E1,q2_x3_resunet_cas-single_seed42,cas-single,single-stream,42,1120,na,hokkaido_iburi_tobu,Hokkaido0596,0.5,958,3802,1691,9933,32.6458224103878,0.29957105198299017,0.4491631508178589
E1,q2_x3_resunet_cas-single_seed42,cas-single,single-stream,42,1120,na,hokkaido_iburi_tobu,Hokkaido0597,0.5,566,2748,1124,11946,42.485291572496,0.05868685999442702,0.15032373088072937
E1,q2_x3_resunet_cas-single_seed42,cas-single,single-stream,42,1120,na,hokkaido_iburi_tobu,Hokkaido0598,0.5,82,1045,906,14351,59.88529383098866,0.09340610181583953,0.14961857107664198
E1,q2_x3_resunet_cas-single_seed42,cas-single,single-stream,42,1120,na,hokkaido_iburi_tobu,Hokkaido0599,0.5,650,4471,983,10280,26.939727256153528,0.20363925462569693,0.32195984979736253
E1,q2_x3_resunet_cas-single_seed42,cas-single,single-stream,42,1120,na,hokkaido_iburi_tobu,Hokkaido0600,0.5,1063,2515,1589,11217,36.124783736376884,0.24535298753034096,0.35020943850663283
E1,q2_x3_resunet_cas-single_seed42,cas-single,single-stream,42,1120,na,hokkaido_iburi_tobu,Hokkaido0601,0.5,1105,2389,1260,11630,34.73464876319218,0.17448522859304524,0.29064831291982146
E1,q2_x3_resunet_cas-single_seed42,cas-single,single-stream,42,1120,na,hokkaido_iburi_tobu,Hokkaido0602,0.5,586,2114,1307,12377,34.700138434809524,0.23052366757534207,0.40715737485378034
E1,q2_x3_resunet_cas-single_seed42,cas-single,single-stream,42,1120,na,hokkaido_iburi_tobu,Hokkaido0603,0.5,797,4591,1103,9893,32.90879348607591,0.15477299035326192,0.2743611603949682
E1,q2_x3_resunet_cas-single_seed42,cas-single,single-stream,42,1120,na,hokkaido_iburi_tobu,Hokkaido0604,0.5,900,3475,895,11114,30.600652540945198,0.23517290968305668,0.399908835371477
E1,q2_x3_resunet_cas-single_seed42,cas-single,single-stream,42,1120,na,hokkaido_iburi_tobu,Hokkaido0605,0.5,90,3095,827,12372,54.68819312652599,0.08757108042193062,0.13773673501280898
E1,q2_x3_resunet_cas-single_seed42,cas-single,single-stream,42,1120,na,hokkaido_iburi_tobu,Hokkaido0606,0.5,52,4019,152,12161,82.45444695884926,0.13995655869258175,0.1571767497030861
E1,q2_x3_resunet_cas-single_seed42,cas-single,single-stream,42,1120,na,hokkaido_iburi_tobu,Hokkaido0610,0.5,164,2925,267,13028,31.699553728839913,0.07885398869709545,0.168608215818018
E1,q2_x3_resunet_cas-single_seed42,cas-single,single-stream,42,1120,na,hokkaido_iburi_tobu,Hokkaido0611,0.5,73,2057,474,13780,36.40054944640259,0.14658851647363935,0.2038298213279326
E1,q2_x3_resunet_cas-single_seed42,cas-single,single-stream,42,1120,na,hokkaido_iburi_tobu,Hokkaido0612,0.5,0,3943,168,12273,68.05041840890193,0.0,0.0
E1,q2_x3_resunet_cas-single_seed42,cas-single,single-stream,42,1120,na,hokkaido_iburi_tobu,Hokkaido0613,0.5,0,1659,252,14473,68.8788791207766,0.0,0.0
E1,q2_x3_resunet_cas-single_seed42,cas-single,single-stream,42,1120,na,hokkaido_iburi_tobu,Hokkaido0614,0.5,67,669,311,15337,59.40201966678453,0.1191320380083172,0.2296753806372832
E1,q2_x3_resunet_cas-single_seed42,cas-single,single-stream,42,1120,na,hokkaido_iburi_tobu,Hokkaido0615,0.5,0,4093,227,12064,50.58159331279511,0.0,0.0
E1,q2_x3_resunet_cas-single_seed42,cas-single,single-stream,42,1120,na,hokkaido_iburi_tobu,Hokkaido0616,0.5,190,5675,208,10311,57.0,0.10540915395237835,0.14797164472462238
E1,q2_x3_resunet_cas-single_seed42,cas-single,single-stream,42,1120,na,hokkaido_iburi_tobu,Hokkaido0617,0.5,421,3162,839,11962,39.97850106211159,0.17519150606839853,0.2702961418483168
E1,q2_x3_resunet_cas-single_seed42,cas-single,single-stream,42,1120,na,hokkaido_iburi_tobu,Hokkaido0618,0.5,785,2475,1518,11606,37.568579732336524,0.14365411436505787,0.27244959838648225
E1,q2_x3_resunet_cas-single_seed42,cas-single,single-stream,42,1120,na,hokkaido_iburi_tobu,Hokkaido0619,0.5,1590,144,4470,10180,58.157110852266925,0.24390687155429203,0.4021327897236664
E1,q2_x3_resunet_cas-single_seed42,cas-single,single-stream,42,1120,na,hokkaido_iburi_tobu,Hokkaido0620,0.5,1229,245,7274,7636,90.24271138020214,0.1093473277049819,0.18444915420962726
E1,q2_x3_resunet_cas-single_seed42,cas-single,single-stream,42,1120,na,hokkaido_iburi_tobu,Hokkaido0621,0.5,2318,577,4619,8870,45.697920903060144,0.2591800522246943,0.4114863550913856
E1,q2_x3_resunet_cas-single_seed42,cas-single,single-stream,42,1120,na,hokkaido_iburi_tobu,Hokkaido0622,0.5,102,67,4093,12122,57.30750378698523,0.08142726440978713,0.14132379248645183
E1,q2_x3_resunet_cas-single_seed42,cas-single,single-stream,42,1120,na,hokkaido_iburi_tobu,Hokkaido0623,0.5,253,2385,2032,11714,39.59797974644666,0.10673554273412621,0.1661834793193938
E1,q2_x3_resunet_cas-single_seed42,cas-single,single-stream,42,1120,na,hokkaido_iburi_tobu,Hokkaido0624,0.5,825,5255,991,9313,39.9173447296884,0.2017461445033137,0.30059068037580505
E1,q2_x3_resunet_cas-single_seed42,cas-single,single-stream,42,1120,na,hokkaido_iburi_tobu,Hokkaido0625,0.5,14,1466,1238,13666,50.167138338519145,0.0633717811154074,0.09838369641554212
E1,q2_x3_resunet_cas-single_seed42,cas-single,single-stream,42,1120,na,hokkaido_iburi_tobu,Hokkaido0626,0.5,56,891,2633,12804,46.04345773288535,0.026241457858505735,0.05215893071551385
E1,q2_x3_resunet_cas-single_seed42,cas-single,single-stream,42,1120,na,hokkaido_iburi_tobu,Hokkaido0627,0.5,1205,1201,2420,11558,46.365884291045546,0.22734637915958184,0.3636338275699766
E1,q2_x3_resunet_cas-single_seed42,cas-single,single-stream,42,1120,na,hokkaido_iburi_tobu,Hokkaido0628,0.5,216,1698,2251,12219,49.44131389703353,0.10821707410694834,0.1901288597127683
E1,q2_x3_resunet_cas-single_seed42,cas-single,single-stream,42,1120,na,hokkaido_iburi_tobu,Hokkaido0629,0.5,728,3461,1864,10331,45.20839039375925,0.15196416719012906,0.2590761460906135
E1,q2_x3_resunet_cas-single_seed42,cas-single,single-stream,42,1120,na,hokkaido_iburi_tobu,Hokkaido0630,0.5,707,1242,2394,12041,53.81998678994016,0.21641838714826256,0.3434759675141452
E1,q2_x3_resunet_cas-single_seed42,cas-single,single-stream,42,1120,na,hokkaido_iburi_tobu,Hokkaido0631,0.5,918,1211,3720,10535,48.27007354458868,0.19734983476937445,0.3341431660455701
E1,q2_x3_resunet_cas-single_seed42,cas-single,single-stream,42,1120,na,hokkaido_iburi_tobu,Hokkaido0632,0.5,356,125,6543,9360,101.75165487418728,0.10769372210934836,0.17612903225790388
E1,q2_x3_resunet_cas-single_seed42,cas-single,single-stream,42,1120,na,hokkaido_iburi_tobu,Hokkaido0633,0.5,47,16,5984,10337,118.93398524424548,0.020202020201990786,0.03749868438853599
E1,q2_x3_resunet_cas-single_seed42,cas-single,single-stream,42,1120,na,hokkaido_iburi_tobu,Hokkaido0634,0.5,1042,500,3952,10890,57.28524980005118,0.18003851091121537,0.2834366696188887
E1,q2_x3_resunet_cas-single_seed42,cas-single,single-stream,42,1120,na,hokkaido_iburi_tobu,Hokkaido0635,0.5,365,125,3012,12882,63.00634120865648,0.1259303840379843,0.16216323322504567
E1,q2_x3_resunet_cas-single_seed42,cas-single,single-stream,42,1120,na,hokkaido_iburi_tobu,Hokkaido0636,0.5,225,2127,1086,12946,50.62730186466241,0.13627326947359478,0.19993652808583753
E1,q2_x3_resunet_cas-single_seed42,cas-single,single-stream,42,1120,na,hokkaido_iburi_tobu,Hokkaido0637,0.5,611,2181,533,13059,47.40779793222711,0.2523312436626586,0.32586603039893497
E1,q2_x3_resunet_cas-single_seed42,cas-single,single-stream,42,1120,na,hokkaido_iburi_tobu,Hokkaido0638,0.5,50,1157,1138,14039,65.05382386916237,0.046846846846411126,0.09369369369325796
E1,q2_x3_resunet_cas-single_seed42,cas-single,single-stream,42,1120,na,hokkaido_iburi_tobu,Hokkaido0639,0.5,679,2402,1345,11958,37.75894821796128,0.201979349641864,0.2976924325978134
E1,q2_x3_resunet_cas-single_seed42,cas-single,single-stream,42,1120,na,hokkaido_iburi_tobu,Hokkaido0640,0.5,727,2450,2811,10396,37.42320650626072,0.14831978588391284,0.2814278758749305
E1,q2_x3_resunet_cas-single_seed42,cas-single,single-stream,42,1120,na,hokkaido_iburi_tobu,Hokkaido0641,0.5,525,972,4117,10770,52.80151512977634,0.12686996285154398,0.19501238344133806
E1,q2_x3_resunet_cas-single_seed42,cas-single,single-stream,42,1120,na,hokkaido_iburi_tobu,Hokkaido0642,0.5,806,1055,4255,10268,53.81449618829484,0.13053248441302195,0.1995612841645682
E1,q2_x3_resunet_cas-single_seed42,cas-single,single-stream,42,1120,na,hokkaido_iburi_tobu,Hokkaido0643,0.5,1047,881,4506,9950,48.64344693929035,0.2400214034785276,0.3707156297267629
E1,q2_x3_resunet_cas-single_seed42,cas-single,single-stream,42,1120,na,hokkaido_iburi_tobu,Hokkaido0644,0.5,2275,2113,3360,8636,28.433253831902185,0.3219902265656186,0.49720885466755727
E1,q2_x3_resunet_cas-single_seed42,cas-single,single-stream,42,1120,na,hokkaido_iburi_tobu,Hokkaido0645,0.5,431,1081,3109,11763,59.98993640636216,0.14498498916177205,0.22487117097157644
E1,q2_x3_resunet_cas-single_seed42,cas-single,single-stream,42,1120,na,hokkaido_iburi_tobu,Hokkaido0646,0.5,346,2199,1532,12307,44.96108707594192,0.047952047951672204,0.12038101277494036
E1,q2_x3_resunet_cas-single_seed42,cas-single,single-stream,42,1120,na,hokkaido_iburi_tobu,Hokkaido0647,0.5,475,1693,1205,13011,52.3450093132096,0.11225786575228515,0.21094461462001066
E1,q2_x3_resunet_cas-single_seed42,cas-single,single-stream,42,1120,na,hokkaido_iburi_tobu,Hokkaido0648,0.5,527,3352,901,11604,48.19437903503481,0.15657979935540908,0.23675936855299082
E1,q2_x3_resunet_cas-single_seed42,cas-single,single-stream,42,1120,na,hokkaido_iburi_tobu,Hokkaido0649,0.5,584,4341,1020,10439,33.24154027718932,0.21249257018942194,0.3322643519248623
E1,q2_x3_resunet_cas-single_seed42,cas-single,single-stream,42,1120,na,hokkaido_iburi_tobu,Hokkaido0650,0.5,435,1939,1525,12485,50.2130458889319,0.13493689455415517,0.23521308136894428
E1,q2_x3_resunet_cas-single_seed42,cas-single,single-stream,42,1120,na,hokkaido_iburi_tobu,Hokkaido0651,0.5,249,4341,1350,10444,38.2099463490856,0.13252462450749097,0.23094599030600815
E1,q2_x3_resunet_cas-single_seed42,cas-single,single-stream,42,1120,na,hokkaido_iburi_tobu,Hokkaido0652,0.5,436,4444,1064,10440,30.4138126514911,0.14867762687589742,0.23697536176725748
E1,q2_x3_resunet_cas-single_seed42,cas-single,single-stream,42,1120,na,hokkaido_iburi_tobu,Hokkaido0653,0.5,577,3301,1122,11384,30.255574205288767,0.19672011484422963,0.3285616938072135
E1,q2_x3_resunet_cas-single_seed42,cas-single,single-stream,42,1120,na,hokkaido_iburi_tobu,Hokkaido0654,0.5,84,2822,681,12797,55.1724479708971,0.027232537576918618,0.06575963718773181
E1,q2_x3_resunet_cas-single_seed42,cas-single,single-stream,42,1120,na,hokkaido_iburi_tobu,Hokkaido0655,0.5,0,4045,24,12315,95.40308438893895,0.0,0.0
E1,q2_x3_resunet_cas-single_seed42,cas-single,single-stream,42,1120,na,hokkaido_iburi_tobu,Hokkaido0657,0.5,104,5141,45,11094,43.93176527297759,0.09690207018032339,0.15877691695852555
E1,q2_x3_resunet_cas-single_seed42,cas-single,single-stream,42,1120,na,hokkaido_iburi_tobu,Hokkaido0658,0.5,77,5084,2,11221,53.587305557883006,0.0,0.0
E1,q2_x3_resunet_cas-single_seed42,cas-single,single-stream,42,1120,na,hokkaido_iburi_tobu,Hokkaido0659,0.5,0,2084,16,14284,56.06469073787654,0.0,0.0
E1,q2_x3_resunet_cas-single_seed42,cas-single,single-stream,42,1120,na,hokkaido_iburi_tobu,Hokkaido0660,0.5,40,1257,330,14757,82.27622173516737,0.09993231185724143,0.1112854303938461
E1,q2_x3_resunet_cas-single_seed42,cas-single,single-stream,42,1120,na,hokkaido_iburi_tobu,Hokkaido0661,0.5,264,3346,167,12607,40.311288741492746,0.12030564135862858,0.18183767556506394
E1,q2_x3_resunet_cas-single_seed42,cas-single,single-stream,42,1120,na,hokkaido_iburi_tobu,Hokkaido0662,0.5,0,5312,147,10925,78.3086766039751,0.0,0.0
E1,q2_x3_resunet_cas-single_seed42,cas-single,single-stream,42,1120,na,hokkaido_iburi_tobu,Hokkaido0663,0.5,84,484,624,15192,52.94146621623643,0.1614715671183135,0.3152542372876742
E1,q2_x3_resunet_cas-single_seed42,cas-single,single-stream,42,1120,na,hokkaido_iburi_tobu,Hokkaido0664,0.5,162,2954,580,12688,38.61016752577962,0.16991613113990026,0.2721008769535836
E1,q2_x3_resunet_cas-single_seed42,cas-single,single-stream,42,1120,na,hokkaido_iburi_tobu,Hokkaido0665,0.5,20,4840,282,11242,51.07934318800128,0.06243348705180783,0.07680299718989005
E1,q2_x3_resunet_cas-single_seed42,cas-single,single-stream,42,1120,na,hokkaido_iburi_tobu,Hokkaido0666,0.5,0,1897,531,13956,52.00817232141587,0.006504065040153327,0.02767102229004589
E1,q2_x3_resunet_cas-single_seed42,cas-single,single-stream,42,1120,na,hokkaido_iburi_tobu,Hokkaido0667,0.5,833,3442,380,11729,46.7514684707174,0.11514177736491667,0.1984845295722295
E1,q2_x3_resunet_cas-single_seed42,cas-single,single-stream,42,1120,na,hokkaido_iburi_tobu,Hokkaido0668,0.5,317,3355,1171,11541,34.655446902326915,0.24154920081683642,0.36673908802846056
E1,q2_x3_resunet_cas-single_seed42,cas-single,single-stream,42,1120,na,hokkaido_iburi_tobu,Hokkaido0669,0.5,747,4268,2482,8887,26.391240439417313,0.217672979560818,0.3379234846734591
E1,q2_x3_resunet_cas-single_seed42,cas-single,single-stream,42,1120,na,hokkaido_iburi_tobu,Hokkaido0670,0.5,1429,634,3873,10448,49.44287625810882,0.22773602537106735,0.3515211462346289
E1,q2_x3_resunet_cas-single_seed42,cas-single,single-stream,42,1120,na,hokkaido_iburi_tobu,Hokkaido0671,0.5,757,690,3368,11569,52.35026243890285,0.10842371194508836,0.18297726269654932
E1,q2_x3_resunet_cas-single_seed42,cas-single,single-stream,42,1120,na,hokkaido_iburi_tobu,Hokkaido0672,0.5,558,2109,1570,12147,31.016124838541646,0.31195241081738023,0.44241453017872717
E1,q2_x3_resunet_cas-single_seed42,cas-single,single-stream,42,1120,na,hokkaido_iburi_tobu,Hokkaido0673,0.5,63,2202,881,13238,49.26188898587126,0.10886611625058956,0.13916772244370626
E1,q2_x3_resunet_cas-single_seed42,cas-single,single-stream,42,1120,na,hokkaido_iburi_tobu,Hokkaido0674,0.5,596,1259,1201,13328,49.74718095294454,0.1342441209402501,0.24910850738620946
E1,q2_x3_resunet_cas-single_seed42,cas-single,single-stream,42,1120,na,hokkaido_iburi_tobu,Hokkaido0675,0.5,761,1944,2356,11323,30.837385787055137,0.2906432968019131,0.443631043714622
E1,q2_x3_resunet_cas-single_seed42,cas-single,single-stream,42,1120,na,hokkaido_iburi_tobu,Hokkaido0676,0.5,269,2385,1906,11824,46.09772228646444,0.14116653899629403,0.21748437075250218
E1,q2_x3_resunet_cas-single_seed42,cas-single,single-stream,42,1120,na,hokkaido_iburi_tobu,Hokkaido0677,0.5,227,2501,847,12809,49.021864386028355,0.17441092270378622,0.24514469160491045
E1,q2_x3_resunet_cas-single_seed42,cas-single,single-stream,42,1120,na,hokkaido_iburi_tobu,Hokkaido0678,0.5,352,1724,750,13558,39.46895054970802,0.13147914032826832,0.2178950515767955
E1,q2_x3_resunet_cas-single_seed42,cas-single,single-stream,42,1120,na,hokkaido_iburi_tobu,Hokkaido0679,0.5,879,2980,1101,11424,29.013789005675054,0.20221812244164425,0.35479495098859853
E1,q2_x3_resunet_cas-single_seed42,cas-single,single-stream,42,1120,na,hokkaido_iburi_tobu,Hokkaido0680,0.5,1101,1863,1665,11755,30.11631754277014,0.3101251348962157,0.4659154670464743
E1,q2_x3_resunet_cas-single_seed42,cas-single,single-stream,42,1120,na,hokkaido_iburi_tobu,Hokkaido0681,0.5,1107,3309,2081,9887,33.24154027718932,0.21067223410245053,0.3270311701580355
E1,q2_x3_resunet_cas-single_seed42,cas-single,single-stream,42,1120,na,hokkaido_iburi_tobu,Hokkaido0682,0.5,1064,1763,2310,11247,38.858705677758486,0.279616581813603,0.38156040522290063
E1,q2_x3_resunet_cas-single_seed42,cas-single,single-stream,42,1120,na,hokkaido_iburi_tobu,Hokkaido0683,0.5,345,732,2614,12693,62.95236093798145,0.06454001088706562,0.12026072008378558
E1,q2_x3_resunet_cas-single_seed42,cas-single,single-stream,42,1120,na,hokkaido_iburi_tobu,Hokkaido0684,0.5,693,2817,3013,9861,41.88078318274385,0.1366617304840751,0.23381646129899203
E1,q2_x3_resunet_cas-single_seed42,cas-single,single-stream,42,1120,na,hokkaido_iburi_tobu,Hokkaido0685,0.5,105,1,3255,13023,56.61625109229279,0.05964214711718405,0.13347367223267795
E1,q2_x3_resunet_cas-single_seed42,cas-single,single-stream,42,1120,na,hokkaido_iburi_tobu,Hokkaido0686,0.5,182,574,1071,14557,41.61241443804382,0.3235913602506389,0.4631224407627118
E1,q2_x3_resunet_cas-single_seed42,cas-single,single-stream,42,1120,na,hokkaido_iburi_tobu,Hokkaido0687,0.5,138,1900,584,13762,46.46660258162782,0.16302765647693832,0.18049490538523527
E1,q2_x3_resunet_cas-single_seed42,cas-single,single-stream,42,1120,na,hokkaido_iburi_tobu,Hokkaido0688,0.5,1,1903,883,13597,56.938563381947034,0.019213174747969942,0.03842634949636884
E1,q2_x3_resunet_cas-single_seed42,cas-single,single-stream,42,1120,na,hokkaido_iburi_tobu,Hokkaido0689,0.5,486,1266,864,13768,56.01604455447159,0.17627937989625053,0.3294750736111305
E1,q2_x3_resunet_cas-single_seed42,cas-single,single-stream,42,1120,na,hokkaido_iburi_tobu,Hokkaido0690,0.5,185,187,2667,13345,57.989568218768056,0.06017004578144347,0.1067525437663665
E1,q2_x3_resunet_cas-single_seed42,cas-single,single-stream,42,1120,na,hokkaido_iburi_tobu,Hokkaido0691,0.5,1378,1923,2989,10094,40.01249804748511,0.16023638042447522,0.24627374935783988
E1,q2_x3_resunet_cas-single_seed42,cas-single,single-stream,42,1120,na,hokkaido_iburi_tobu,Hokkaido0692,0.5,1419,1434,3627,9904,32.202484376209235,0.20001685897438182,0.31582962943217
E1,q2_x3_resunet_cas-single_seed42,cas-single,single-stream,42,1120,na,hokkaido_iburi_tobu,Hokkaido0693,0.5,1366,818,3183,11017,37.53664875824692,0.18914819085336776,0.28784554503185317
E1,q2_x3_resunet_cas-single_seed42,cas-single,single-stream,42,1120,na,hokkaido_iburi_tobu,Hokkaido0694,0.5,1385,1051,2636,11312,46.618101493203646,0.1543139976618749,0.28366609207428123
E1,q2_x3_resunet_cas-single_seed42,cas-single,single-stream,42,1120,na,hokkaido_iburi_tobu,Hokkaido0695,0.5,788,855,2802,11939,51.478150704935004,0.23081795866620192,0.37167448652979257
E1,q2_x3_resunet_cas-single_seed42,cas-single,single-stream,42,1120,na,hokkaido_iburi_tobu,Hokkaido0696,0.5,756,1465,2315,11848,50.21951811795888,0.14445286789132689,0.26369233824886423
E1,q2_x3_resunet_cas-single_seed42,cas-single,single-stream,42,1120,na,hokkaido_iburi_tobu,Hokkaido0697,0.5,684,1801,2356,11543,41.00670631985086,0.2030857065177334,0.3215725667097993
E1,q2_x3_resunet_cas-single_seed42,cas-single,single-stream,42,1120,na,hokkaido_iburi_tobu,Hokkaido0698,0.5,48,1222,1753,13361,51.745525049543645,0.0865704772471586,0.1232314153322991
E1,q2_x3_resunet_cas-single_seed42,cas-single,single-stream,42,1120,na,hokkaido_iburi_tobu,Hokkaido0699,0.5,452,3650,631,11651,35.867758267546826,0.21172057915597756,0.331712348418103
E1,q2_x3_resunet_cas-single_seed42,cas-single,single-stream,42,1120,na,hokkaido_iburi_tobu,Hokkaido0700,0.5,785,3249,1381,10969,30.18766841485813,0.13850824205498505,0.2186824921139854
E1,q2_x3_resunet_cas-single_seed42,cas-single,single-stream,42,1120,na,hokkaido_iburi_tobu,Hokkaido0701,0.5,585,2633,1241,11925,45.6311245149138,0.20967116877864622,0.34549048414607314
E1,q2_x3_resunet_cas-single_seed42,cas-single,single-stream,42,1120,na,hokkaido_iburi_tobu,Hokkaido0702,0.5,162,5031,636,10555,30.688610878616245,0.1280602636530104,0.2283704676470646
E1,q2_x3_resunet_cas-single_seed42,cas-single,single-stream,42,1120,na,hokkaido_iburi_tobu,Hokkaido0703,0.5,458,2619,688,12619,39.57918659027063,0.15660442851448755,0.28226251862258267
E1,q2_x3_resunet_cas-single_seed42,cas-single,single-stream,42,1120,na,hokkaido_iburi_tobu,Hokkaido0704,0.5,503,3912,614,11355,31.312927444421145,0.15393710096906196,0.25820993533763265
E1,q2_x3_resunet_cas-single_seed42,cas-single,single-stream,42,1120,na,hokkaido_iburi_tobu,Hokkaido0705,0.5,0,2921,320,13143,64.17748107899351,0.02303262955807288,0.05420773313072454
E1,q2_x3_resunet_cas-single_seed42,cas-single,single-stream,42,1120,na,hokkaido_iburi_tobu,Hokkaido0707,0.5,34,2557,236,13557,45.686278089454895,0.08297115764483123,0.1039307128577356
E1,q2_x3_resunet_cas-single_seed42,cas-single,single-stream,42,1120,na,hokkaido_iburi_tobu,Hokkaido0708,0.5,247,3823,378,11936,38.2628615990602,0.12250571982921575,0.21361815754289623
E1,q2_x3_resunet_cas-single_seed42,cas-single,single-stream,42,1120,na,hokkaido_iburi_tobu,Hokkaido0709,0.5,54,1314,508,14508,49.40091066616675,0.12887828162241177,0.1457241467462728
E1,q2_x3_resunet_cas-single_seed42,cas-single,single-stream,42,1120,na,hokkaido_iburi_tobu,Hokkaido0710,0.5,86,1072,316,14910,63.24911054341542,0.14177472667133395,0.19904769338804398
E1,q2_x3_resunet_cas-single_seed42,cas-single,single-stream,42,1120,na,hokkaido_iburi_tobu,Hokkaido0711,0.5,404,3525,825,11630,36.05551275463989,0.19819767610277145,0.27617224089431835
E1,q2_x3_resunet_cas-single_seed42,cas-single,single-stream,42,1120,na,hokkaido_iburi_tobu,Hokkaido0712,0.5,3,2001,1720,12660,43.93176527297759,0.01850533807779616,0.04424778761012828
E1,q2_x3_resunet_cas-single_seed42,cas-single,single-stream,42,1120,na,hokkaido_iburi_tobu,Hokkaido0713,0.5,286,1671,1245,13182,54.75214259768102,0.09652744050464414,0.2126328955592755
E1,q2_x3_resunet_cas-single_seed42,cas-single,single-stream,42,1120,na,hokkaido_iburi_tobu,Hokkaido0714,0.5,449,4849,460,10626,40.40418448676725,0.05215918712905389,0.09530526509410633
E1,q2_x3_resunet_cas-single_seed42,cas-single,single-stream,42,1120,na,hokkaido_iburi_tobu,Hokkaido0715,0.5,109,3306,347,12622,40.71956782195731,0.08973487423474595,0.13305453144730264
E1,q2_x3_resunet_cas-single_seed42,cas-single,single-stream,42,1120,na,hokkaido_iburi_tobu,Hokkaido0716,0.5,180,2580,587,13037,48.72721356907722,0.0,0.0
E1,q2_x3_resunet_cas-single_seed42,cas-single,single-stream,42,1120,na,hokkaido_iburi_tobu,Hokkaido0717,0.5,328,2889,1132,12035,37.144963822870075,0.13169446883184124,0.23731207748917357
E1,q2_x3_resunet_cas-single_seed42,cas-single,single-stream,42,1120,na,hokkaido_iburi_tobu,Hokkaido0718,0.5,129,3087,1239,11929,61.7709466284678,0.05303216302435197,0.07987445208029664
E1,q2_x3_resunet_cas-single_seed42,cas-single,single-stream,42,1120,na,hokkaido_iburi_tobu,Hokkaido0719,0.5,240,4081,1013,11050,40.28955923667894,0.04636188023131811,0.11837621315643244
E1,q2_x3_resunet_cas-single_seed42,cas-single,single-stream,42,1120,na,hokkaido_iburi_tobu,Hokkaido0720,0.5,947,1886,1248,12303,40.05959515498397,0.25098710526492307,0.3456059239207149
E1,q2_x3_resunet_cas-single_seed42,cas-single,single-stream,42,1120,na,hokkaido_iburi_tobu,Hokkaido0721,0.5,457,2198,1979,11750,42.43819034784589,0.2254425593791323,0.30266351797435354
E1,q2_x3_resunet_cas-single_seed42,cas-single,single-stream,42,1120,na,hokkaido_iburi_tobu,Hokkaido0722,0.5,408,5033,1058,9885,54.46391315196181,0.13508494520803513,0.23896071055994664
E1,q2_x3_resunet_cas-single_seed42,cas-single,single-stream,42,1120,na,hokkaido_iburi_tobu,Hokkaido0723,0.5,87,1822,476,13999,66.35280503691031,0.16538396719236975,0.21828812733427866
E1,q2_x3_resunet_cas-single_seed42,cas-single,single-stream,42,1120,na,hokkaido_iburi_tobu,Hokkaido0724,0.5,77,2758,1650,11899,51.03918557824427,0.049202043776807536,0.07421790722720786
E1,q2_x3_resunet_cas-single_seed42,cas-single,single-stream,42,1120,na,hokkaido_iburi_tobu,Hokkaido0725,0.5,623,220,3389,12152,49.09683806805736,0.21465039909848,0.3372849447330515
E1,q2_x3_resunet_cas-single_seed42,cas-single,single-stream,42,1120,na,hokkaido_iburi_tobu,Hokkaido0726,0.5,788,642,2610,12344,44.654151257953835,0.18074939888669445,0.3150175937258491
E1,q2_x3_resunet_cas-single_seed42,cas-single,single-stream,42,1120,na,hokkaido_iburi_tobu,Hokkaido0727,0.5,0,2772,874,12738,65.2950967729312,0.0,0.0
E1,q2_x3_resunet_cas-single_seed42,cas-single,single-stream,42,1120,na,hokkaido_iburi_tobu,Hokkaido0728,0.5,0,3655,215,12514,70.18679482547985,0.0,0.0
E1,q2_x3_resunet_cas-single_seed42,cas-single,single-stream,42,1120,na,hokkaido_iburi_tobu,Hokkaido0729,0.5,4,2321,731,13328,58.1700064771152,0.01905165114270989,0.021761392728865847
E1,q2_x3_resunet_cas-single_seed42,cas-single,single-stream,42,1120,na,hokkaido_iburi_tobu,Hokkaido0730,0.5,629,2352,1182,12221,39.09856140692439,0.2762177803971683,0.3626202999583883
E1,q2_x3_resunet_cas-single_seed42,cas-single,single-stream,42,1120,na,hokkaido_iburi_tobu,Hokkaido0731,0.5,723,2024,728,12909,41.76362025819593,0.17206409510046838,0.29164241164191634
E1,q2_x3_resunet_cas-single_seed42,cas-single,single-stream,42,1120,na,hokkaido_iburi_tobu,Hokkaido0732,0.5,0,2195,183,14006,88.76609197823366,0.0,0.0
E1,q2_x3_resunet_cas-single_seed42,cas-single,single-stream,42,1120,na,hokkaido_iburi_tobu,Hokkaido0733,0.5,177,3249,764,12194,43.174066289845804,0.07471486980797871,0.1089363209630994
E1,q2_x3_resunet_cas-single_seed42,cas-single,single-stream,42,1120,na,hokkaido_iburi_tobu,Hokkaido0734,0.5,1074,1474,2786,11050,32.11839594113898,0.2720580590151778,0.4589755808182225
E1,q2_x3_resunet_cas-single_seed42,cas-single,single-stream,42,1120,na,hokkaido_iburi_tobu,Hokkaido0735,0.5,984,1235,4143,10022,43.72627412182465,0.22613505549452223,0.35736991241163724
E1,q2_x3_resunet_cas-single_seed42,cas-single,single-stream,42,1120,na,hokkaido_iburi_tobu,Hokkaido0736,0.5,653,1998,2345,11388,37.939291871377705,0.17377312952496274,0.3096583927250725
E1,q2_x3_resunet_cas-single_seed42,cas-single,single-stream,42,1120,na,hokkaido_iburi_tobu,Hokkaido0737,0.5,442,3956,1179,10807,39.77555006146698,0.12513176238523258,0.18320493248556616
E1,q2_x3_resunet_cas-single_seed42,cas-single,single-stream,42,1120,na,hokkaido_iburi_tobu,Hokkaido0738,0.5,252,2156,1445,12531,43.19027197604768,0.12777360713805935,0.2002397456607102
E1,q2_x3_resunet_cas-single_seed42,cas-single,single-stream,42,1120,na,hokkaido_iburi_tobu,Hokkaido0739,0.5,16,1078,1474,13816,50.93563630220206,0.042026543079491684,0.07357622921784311
E1,q2_x3_resunet_cas-single_seed42,cas-single,single-stream,42,1120,na,hokkaido_iburi_tobu,Hokkaido0740,0.5,311,1899,1558,12616,56.48092818761702,0.13623793667775097,0.2184873949575988
E1,q2_x3_resunet_cas-single_seed42,cas-single,single-stream,42,1120,na,hokkaido_iburi_tobu,Hokkaido0741,0.5,397,2838,2436,10713,44.59371949974905,0.1430668362849706,0.23429128105170863
E1,q2_x3_resunet_cas-single_seed42,cas-single,single-stream,42,1120,na,hokkaido_iburi_tobu,Hokkaido0742,0.5,1127,2724,2389,10144,35.10252345842764,0.15889230342010954,0.30251572045660213
E1,q2_x3_resunet_cas-single_seed42,cas-single,single-stream,42,1120,na,hokkaido_iburi_tobu,Hokkaido0743,0.5,1726,2734,2305,9619,33.24154027718932,0.21498184597709993,0.3703601104541567
E1,q2_x3_resunet_cas-single_seed42,cas-single,single-stream,42,1120,na,hokkaido_iburi_tobu,Hokkaido0744,0.5,535,1488,3393,10968,42.818741123174405,0.1806698106272788,0.2899554358625476
E1,q2_x3_resunet_cas-single_seed42,cas-single,single-stream,42,1120,na,hokkaido_iburi_tobu,Hokkaido0745,0.5,664,2200,2921,10599,36.983760023709,0.13347663292161432,0.21750951366794252
E1,q2_x3_resunet_cas-single_seed42,cas-single,single-stream,42,1120,na,hokkaido_iburi_tobu,Hokkaido0746,0.5,1131,3083,2240,9930,36.89782236915593,0.15180898759221556,0.2759935117596128
E1,q2_x3_resunet_cas-single_seed42,cas-single,single-stream,42,1120,na,hokkaido_iburi_tobu,Hokkaido0747,0.5,500,523,3077,12284,57.658469272159735,0.10746413156000675,0.16841708858091745
E1,q2_x3_resunet_cas-single_seed42,cas-single,single-stream,42,1120,na,hokkaido_iburi_tobu,Hokkaido0748,0.5,514,1461,2288,12121,44.0,0.13652338097240413,0.23944495961175447
E1,q2_x3_resunet_cas-single_seed42,cas-single,single-stream,42,1120,na,hokkaido_iburi_tobu,Hokkaido0749,0.5,420,4088,798,11078,32.91942894131214,0.12264171100096066,0.23198868130475045
E1,q2_x3_resunet_cas-single_seed42,cas-single,single-stream,42,1120,na,hokkaido_iburi_tobu,Hokkaido0750,0.5,527,4706,1195,9956,31.04995184537519,0.20579329496746143,0.34349087500733555
E1,q2_x3_resunet_cas-single_seed42,cas-single,single-stream,42,1120,na,hokkaido_iburi_tobu,Hokkaido0751,0.5,348,1059,1691,13286,49.125323104345064,0.13292472497839325,0.2353380464001981
E1,q2_x3_resunet_cas-single_seed42,cas-single,single-stream,42,1120,na,hokkaido_iburi_tobu,Hokkaido0752,0.5,282,879,760,14463,52.45932137503098,0.1923512747871774,0.281064944756848
E1,q2_x3_resunet_cas-single_seed42,cas-single,single-stream,42,1120,na,hokkaido_iburi_tobu,Hokkaido0753,0.5,212,3775,767,11630,36.82233308642657,0.13137576319056332,0.20485858169906898
E1,q2_x3_resunet_cas-single_seed42,cas-single,single-stream,42,1120,na,hokkaido_iburi_tobu,Hokkaido0754,0.5,580,2907,819,12078,41.74445411339441,0.15332476973917622,0.2803587457472595
E1,q2_x3_resunet_cas-single_seed42,cas-single,single-stream,42,1120,na,hokkaido_iburi_tobu,Hokkaido0755,0.5,132,3614,635,12003,57.9741295953343,0.12181551976524713,0.19848070495240247
E1,q2_x3_resunet_cas-single_seed42,cas-single,single-stream,42,1120,na,hokkaido_iburi_tobu,Hokkaido0758,0.5,515,104,521,15244,43.519891916426936,0.4572425828966022,0.6605880845138152
E1,q2_x3_resunet_cas-single_seed42,cas-single,single-stream,42,1120,na,hokkaido_iburi_tobu,Hokkaido0759,0.5,224,649,447,15064,41.73359713461628,0.27146614627474525,0.4960141718329824
E1,q2_x3_resunet_cas-single_seed42,cas-single,single-stream,42,1120,na,hokkaido_iburi_tobu,Hokkaido0760,0.5,13,1259,527,14585,48.464383937414865,0.024552429667053077,0.06067677946283961
E1,q2_x3_resunet_cas-single_seed42,cas-single,single-stream,42,1120,na,hokkaido_iburi_tobu,Hokkaido0761,0.5,1234,2907,764,11479,23.0,0.25023797663098335,0.43937190959134315
E1,q2_x3_resunet_cas-single_seed42,cas-single,single-stream,42,1120,na,hokkaido_iburi_tobu,Hokkaido0762,0.5,2131,2932,1989,9332,29.0,0.26991259984241384,0.42500639193932166
E1,q2_x3_resunet_cas-single_seed42,cas-single,single-stream,42,1120,na,hokkaido_iburi_tobu,Hokkaido0763,0.5,148,579,2730,12927,50.60632371551998,0.08190008189987133,0.13698020902801508
E1,q2_x3_resunet_cas-single_seed42,cas-single,single-stream,42,1120,na,hokkaido_iburi_tobu,Hokkaido0764,0.5,0,1528,1391,13465,58.99318718795989,0.009227220299505939,0.023612750885117415
E1,q2_x3_resunet_cas-single_seed42,cas-single,single-stream,42,1120,na,hokkaido_iburi_tobu,Hokkaido0765,0.5,735,2679,592,12378,37.173890522001265,0.10187301213289886,0.2104524728160941
E1,q2_x3_resunet_cas-single_seed42,cas-single,single-stream,42,1120,na,hokkaido_iburi_tobu,Hokkaido0766,0.5,28,3700,753,11903,39.00448644219181,0.021573033707373485,0.04634581105120053
E1,q2_x3_resunet_cas-single_seed42,cas-single,single-stream,42,1120,na,hokkaido_iburi_tobu,Hokkaido0767,0.5,1383,509,1248,13244,44.8746117974981,0.35969759230772347,0.5368647868294874
E1,q2_x3_resunet_cas-single_seed42,cas-single,single-stream,42,1120,na,hokkaido_iburi_tobu,Hokkaido0768,0.5,197,2627,2175,11385,64.08968094199567,0.06169241766051356,0.1128877955441642
E1,q2_x3_resunet_cas-single_seed42,cas-single,single-stream,42,1120,na,hokkaido_iburi_tobu,Hokkaido0769,0.5,120,4217,275,11772,63.64706547821322,0.05188199389580956,0.11177779928341083
E1,q2_x3_resunet_cas-single_seed42,cas-single,single-stream,42,1120,na,hokkaido_iburi_tobu,Hokkaido0770,0.5,0,3259,1592,11533,55.2222779275252,0.0,0.0
E1,q2_x3_resunet_cas-single_seed42,cas-single,single-stream,42,1120,na,hokkaido_iburi_tobu,Hokkaido0771,0.5,982,551,1372,13479,52.34118781212858,0.2084202120576306,0.36389936997266503
E1,q2_x3_resunet_cas-single_seed42,cas-single,single-stream,42,1120,na,hokkaido_iburi_tobu,Hokkaido0772,0.5,102,4382,879,11021,69.16790060379354,0.06300192990055083,0.10869234282185812
E1,q2_x3_resunet_cas-single_seed42,cas-single,single-stream,42,1120,na,hokkaido_iburi_tobu,Hokkaido0774,0.5,0,3080,194,13110,87.14198391529753,0.0,0.0
E1,q2_x3_resunet_cas-single_seed42,cas-single,single-stream,42,1120,na,hokkaido_iburi_tobu,Hokkaido0775,0.5,272,3527,1798,10787,44.28317965096906,0.0738104652690649,0.1327659574463487
E1,q2_x3_resunet_cas-single_seed42,cas-single,single-stream,42,1120,na,hokkaido_iburi_tobu,Hokkaido0776,0.5,639,2551,2962,10232,42.43583234414861,0.15305799759622699,0.23257685694384672
E1,q2_x3_resunet_cas-single_seed42,cas-single,single-stream,42,1120,na,hokkaido_iburi_tobu,Hokkaido0777,0.5,555,1021,1230,13578,53.83770411316468,0.12536283046950097,0.18095550932474128
E1,q2_x3_resunet_cas-single_seed42,cas-single,single-stream,42,1120,na,hokkaido_iburi_tobu,Hokkaido0778,0.5,0,884,60,15440,77.60990176182882,0.0,0.0
E1,q2_x3_resunet_cas-single_seed42,cas-single,single-stream,42,1120,na,hokkaido_iburi_tobu,Hokkaido0779,0.5,0,3615,328,12441,70.72057662383982,0.0,0.0
E1,q2_x3_resunet_cas-single_seed42,cas-single,single-stream,42,1120,na,hokkaido_iburi_tobu,Hokkaido0780,0.5,0,2249,328,13807,69.42621983083913,0.0,0.0
E1,q2_x3_resunet_cas-single_seed42,cas-single,single-stream,42,1120,na,hokkaido_iburi_tobu,Hokkaido0781,0.5,0,2095,114,14175,60.409022398610084,0.0,0.0
E1,q2_x3_resunet_cas-single_seed42,cas-single,single-stream,42,1120,na,hokkaido_iburi_tobu,Hokkaido0782,0.5,19,1651,1202,13512,58.86715796492643,0.057373481580692276,0.11540972191952528
E1,q2_x3_resunet_cas-single_seed42,cas-single,single-stream,42,1120,na,hokkaido_iburi_tobu,Hokkaido0783,0.5,1419,2818,2301,9846,36.43200645189947,0.14664292447852256,0.2665269607424069
E1,q2_x3_resunet_cas-single_seed42,cas-single,single-stream,42,1120,na,hokkaido_iburi_tobu,Hokkaido0784,0.5,1268,2341,3832,8943,31.250599011155987,0.16304873417096735,0.31079611084280756
E1,q2_x3_resunet_cas-single_seed42,cas-single,single-stream,42,1120,na,hokkaido_iburi_tobu,Hokkaido0785,0.5,460,961,3482,11481,51.62363799656123,0.14332597069763034,0.24816267781614915
E1,q2_x3_resunet_cas-single_seed42,cas-single,single-stream,42,1120,na,hokkaido_iburi_tobu,Hokkaido0786,0.5,584,897,3058,11845,50.90628099233594,0.1477328374056024,0.2757113140356287
E1,q2_x3_resunet_cas-single_seed42,cas-single,single-stream,42,1120,na,hokkaido_iburi_tobu,Hokkaido0787,0.5,583,866,3529,11406,53.005188217536855,0.15947400862932548,0.26167647965675184
E1,q2_x3_resunet_cas-single_seed42,cas-single,single-stream,42,1120,na,hokkaido_iburi_tobu,Hokkaido0788,0.5,701,1631,2169,11883,44.97220505424423,0.17165740947363914,0.26848616322671204
E1,q2_x3_resunet_cas-single_seed42,cas-single,single-stream,42,1120,na,hokkaido_iburi_tobu,Hokkaido0789,0.5,565,2078,1561,12180,33.626591428114914,0.0996192447177999,0.2360056105065727
E1,q2_x3_resunet_cas-single_seed42,cas-single,single-stream,42,1120,na,hokkaido_iburi_tobu,Hokkaido0790,0.5,327,747,1840,13470,55.90169943749474,0.1607746003149517,0.26710381719568654
E1,q2_x3_resunet_cas-single_seed42,cas-single,single-stream,42,1120,na,hokkaido_iburi_tobu,Hokkaido0791,0.5,888,3461,1503,10532,40.311288741492746,0.2076542757732994,0.3434866755988129
E1,q2_x3_resunet_cas-single_seed42,cas-single,single-stream,42,1120,na,hokkaido_iburi_tobu,Hokkaido0792,0.5,595,1119,3017,11653,49.7332871882146,0.1307762105870318,0.2282026162620082
E1,q2_x3_resunet_cas-single_seed42,cas-single,single-stream,42,1120,na,hokkaido_iburi_tobu,Hokkaido0793,0.5,1058,862,3974,10490,39.46507861726723,0.2519390810143502,0.38953734798309747
E1,q2_x3_resunet_cas-single_seed42,cas-single,single-stream,42,1120,na,hokkaido_iburi_tobu,Hokkaido0794,0.5,1853,1510,3417,9604,38.14180592217195,0.27320079707904904,0.3974754742438758
E1,q2_x3_resunet_cas-single_seed42,cas-single,single-stream,42,1120,na,hokkaido_iburi_tobu,Hokkaido0795,0.5,1493,1669,3445,9777,37.698778896710806,0.19058680042741805,0.3146665997127817
E1,q2_x3_resunet_cas-single_seed42,cas-single,single-stream,42,1120,na,hokkaido_iburi_tobu,Hokkaido0796,0.5,1017,2635,3480,9252,34.528241522499535,0.19744994623348874,0.3362947209545996
E1,q2_x3_resunet_cas-single_seed42,cas-single,single-stream,42,1120,na,hokkaido_iburi_tobu,Hokkaido0797,0.5,707,724,3094,11859,41.933231139726296,0.25515566697878617,0.3801785063100042
E1,q2_x3_resunet_cas-single_seed42,cas-single,single-stream,42,1120,na,hokkaido_iburi_tobu,Hokkaido0798,0.5,767,3761,1494,10362,33.60059523282288,0.159003095098041,0.2592217738128109
E1,q2_x3_resunet_cas-single_seed42,cas-single,single-stream,42,1120,na,hokkaido_iburi_tobu,Hokkaido0799,0.5,278,2130,1081,12895,45.98259533717292,0.14243748354792699,0.21697769501643333
E1,q2_x3_resunet_cas-single_seed42,cas-single,single-stream,42,1120,na,hokkaido_iburi_tobu,Hokkaido0800,0.5,565,3624,1089,11106,42.95171687742987,0.10340749084726666,0.17514444961535588
E1,q2_x3_resunet_cas-single_seed42,cas-single,single-stream,42,1120,na,hokkaido_iburi_tobu,Hokkaido0801,0.5,467,2334,1326,12257,40.10541131643014,0.197333999439266,0.274130067172174
E1,q2_x3_resunet_cas-single_seed42,cas-single,single-stream,42,1120,na,hokkaido_iburi_tobu,Hokkaido0802,0.5,153,3004,1143,12084,48.80313082934484,0.08852977340552859,0.14645312524539542
E1,q2_x3_resunet_cas-single_seed42,cas-single,single-stream,42,1120,na,hokkaido_iburi_tobu,Hokkaido0803,0.5,386,4058,375,11565,40.311288741492746,0.13632357261726596,0.24321897384876612
E1,q2_x3_resunet_cas-single_seed42,cas-single,single-stream,42,1120,na,hokkaido_iburi_tobu,Hokkaido0804,0.5,87,2912,412,12973,44.28317965096906,0.11845730027498506,0.14947450369746063
E1,q2_x3_resunet_cas-single_seed42,cas-single,single-stream,42,1120,na,hokkaido_iburi_tobu,Hokkaido0806,0.5,11,18,574,15781,120.57755279890915,0.22713194301032136,0.32758620689627777
E1,q2_x3_resunet_cas-single_seed42,cas-single,single-stream,42,1120,na,hokkaido_iburi_tobu,Hokkaido0807,0.5,94,1525,112,14653,48.90847685156389,0.20375034984567142,0.3114983662669056
E1,q2_x3_resunet_cas-single_seed42,cas-single,single-stream,42,1120,na,hokkaido_iburi_tobu,Hokkaido0808,0.5,0,2233,402,13749,57.271284253105414,0.0,0.0
E1,q2_x3_resunet_cas-single_seed42,cas-single,single-stream,42,1120,na,hokkaido_iburi_tobu,Hokkaido0809,0.5,372,2453,1344,12215,40.272175632827896,0.21615517095299708,0.3172985027073922
E1,q2_x3_resunet_cas-single_seed42,cas-single,single-stream,42,1120,na,hokkaido_iburi_tobu,Hokkaido0810,0.5,443,1762,3029,11150,46.955248888916316,0.2770107587623218,0.3830955505566393
E1,q2_x3_resunet_cas-single_seed42,cas-single,single-stream,42,1120,na,hokkaido_iburi_tobu,Hokkaido0811,0.5,903,2358,1996,11127,41.61490055264974,0.13618576978910515,0.22907304185575042
E1,q2_x3_resunet_cas-single_seed42,cas-single,single-stream,42,1120,na,hokkaido_iburi_tobu,Hokkaido0812,0.5,476,2122,1629,12157,34.17893975844052,0.26868762421024445,0.43697351887141905
E1,q2_x3_resunet_cas-single_seed42,cas-single,single-stream,42,1120,na,hokkaido_iburi_tobu,Hokkaido0813,0.5,237,1484,1433,13230,47.853944456021594,0.09981851179639352,0.17719399538071068
E1,q2_x3_resunet_cas-single_seed42,cas-single,single-stream,42,1120,na,hokkaido_iburi_tobu,Hokkaido0814,0.5,44,2010,363,13967,55.447722286154175,0.07945265945657476,0.12103246330656608
E1,q2_x3_resunet_cas-single_seed42,cas-single,single-stream,42,1120,na,hokkaido_iburi_tobu,Hokkaido0815,0.5,1143,3457,674,11110,34.46148402391014,0.2656566285691495,0.3603398271229963
E1,q2_x3_resunet_cas-single_seed42,cas-single,single-stream,42,1120,na,hokkaido_iburi_tobu,Hokkaido0816,0.5,1048,352,1102,13882,48.61991952830467,0.46172236286533774,0.6545518474020231
E1,q2_x3_resunet_cas-single_seed42,cas-single,single-stream,42,1120,na,hokkaido_iburi_tobu,Hokkaido0817,0.5,160,690,1342,14192,43.11599099131357,0.14505423344617588,0.2437046680300051
E1,q2_x3_resunet_cas-single_seed42,cas-single,single-stream,42,1120,na,hokkaido_iburi_tobu,Hokkaido0818,0.5,1367,2386,982,11649,36.52872686913648,0.16732901066674252,0.31282944697530735
E1,q2_x3_resunet_cas-single_seed42,cas-single,single-stream,42,1120,na,hokkaido_iburi_tobu,Hokkaido0819,0.5,0,1629,1759,12996,51.09892189665235,0.0,0.0
E1,q2_x3_resunet_cas-single_seed42,cas-single,single-stream,42,1120,na,hokkaido_iburi_tobu,Hokkaido0820,0.5,18,2826,566,12974,37.010652917934465,0.06358535933705427,0.11514736120586945
E1,q2_x3_resunet_cas-single_seed42,cas-single,single-stream,42,1120,na,hokkaido_iburi_tobu,Hokkaido0821,0.5,6,2678,298,13402,50.48316527042468,0.043557168783624686,0.05481239804195699
E1,q2_x3_resunet_cas-single_seed42,cas-single,single-stream,42,1120,na,hokkaido_iburi_tobu,Hokkaido0822,0.5,9,3485,417,12473,52.250349323113284,0.02492917846990012,0.03282051282008997
E1,q2_x3_resunet_cas-single_seed42,cas-single,single-stream,42,1120,na,hokkaido_iburi_tobu,Hokkaido0823,0.5,1834,3503,550,10497,27.230465150603326,0.2681961103989789,0.4243358202681707
E1,q2_x3_resunet_cas-single_seed42,cas-single,single-stream,42,1120,na,hokkaido_iburi_tobu,Hokkaido0824,0.5,2572,1918,2789,9105,31.01773606624056,0.3266389605641266,0.4800848928012366
E1,q2_x3_resunet_cas-single_seed42,cas-single,single-stream,42,1120,na,hokkaido_iburi_tobu,Hokkaido0825,0.5,1348,2966,2547,9523,34.98927475897189,0.21343230043279704,0.3312718122605413
E1,q2_x3_resunet_cas-single_seed42,cas-single,single-stream,42,1120,na,hokkaido_iburi_tobu,Hokkaido0826,0.5,43,3597,1281,11463,59.036005241501066,0.08133655748469347,0.1270746887961875
E1,q2_x3_resunet_cas-single_seed42,cas-single,single-stream,42,1120,na,hokkaido_iburi_tobu,Hokkaido0827,0.5,225,5282,921,9956,75.0949371966714,0.13179288050601395,0.22500644958616586
E1,q2_x3_resunet_cas-single_seed42,cas-single,single-stream,42,1120,na,hokkaido_iburi_tobu,Hokkaido0828,0.5,345,2339,1410,12290,52.20153254455275,0.24716810540879317,0.35906370729441706
E1,q2_x3_resunet_cas-single_seed42,cas-single,single-stream,42,1120,na,hokkaido_iburi_tobu,Hokkaido0829,0.5,446,4579,1560,9799,59.42635654673539,0.16892170172475246,0.27041011318488245
E1,q2_x3_resunet_cas-single_seed42,cas-single,single-stream,42,1120,na,hokkaido_iburi_tobu,Hokkaido0830,0.5,0,3069,1409,11906,53.03104117410473,0.0,0.0
E1,q2_x3_resunet_cas-single_seed42,cas-single,single-stream,42,1120,na,hokkaido_iburi_tobu,Hokkaido0831,0.5,894,2525,1682,11283,36.0,0.13022237993815644,0.22377258011954446
E1,q2_x3_resunet_cas-single_seed42,cas-single,single-stream,42,1120,na,hokkaido_iburi_tobu,Hokkaido0832,0.5,364,380,4293,11347,60.108235708594876,0.11691187595402312,0.20794324591476657
E1,q2_x3_resunet_cas-single_seed42,cas-single,single-stream,42,1120,na,hokkaido_iburi_tobu,Hokkaido0833,0.5,1731,621,3853,10179,39.6232255123179,0.21002514738993014,0.3225132675458848
E1,q2_x3_resunet_cas-single_seed42,cas-single,single-stream,42,1120,na,hokkaido_iburi_tobu,Hokkaido0834,0.5,471,435,3799,11679,57.83765846463831,0.09243678054627902,0.15603351874157154
E1,q2_x3_resunet_cas-single_seed42,cas-single,single-stream,42,1120,na,hokkaido_iburi_tobu,Hokkaido0835,0.5,123,51,3737,12473,65.21502894272147,0.04525550792078959,0.05867460367866006
E1,q2_x3_resunet_cas-single_seed42,cas-single,single-stream,42,1120,na,hokkaido_iburi_tobu,Hokkaido0836,0.5,1229,2402,4075,8678,41.340053217188775,0.2222544730783182,0.34053961831845186
E1,q2_x3_resunet_cas-single_seed42,cas-single,single-stream,42,1120,na,hokkaido_iburi_tobu,Hokkaido0837,0.5,305,740,3795,11544,55.90616978602501,0.06778597206947928,0.13084475842642043
E1,q2_x3_resunet_cas-single_seed42,cas-single,single-stream,42,1120,na,hokkaido_iburi_tobu,Hokkaido0838,0.5,285,110,2142,13847,70.60453243241541,0.1047411060231036,0.15320566194823487
E1,q2_x3_resunet_cas-single_seed42,cas-single,single-stream,42,1120,na,hokkaido_iburi_tobu,Hokkaido0839,0.5,127,2169,2024,12064,61.12420246538841,0.055563158614685415,0.08861784744358338
E1,q2_x3_resunet_cas-single_seed42,cas-single,single-stream,42,1120,na,hokkaido_iburi_tobu,Hokkaido0840,0.5,419,3049,1692,11224,43.05112763607097,0.13001094719242143,0.22305057424899769
E1,q2_x3_resunet_cas-single_seed42,cas-single,single-stream,42,1120,na,hokkaido_iburi_tobu,Hokkaido0841,0.5,1049,2865,2181,10289,39.264142568153176,0.19726657299747924,0.27808693930053907
E1,q2_x3_resunet_cas-single_seed42,cas-single,single-stream,42,1120,na,hokkaido_iburi_tobu,Hokkaido0842,0.5,2079,1816,2421,10068,34.66410174896242,0.21429631634515964,0.3376326387924302
E1,q2_x3_resunet_cas-single_seed42,cas-single,single-stream,42,1120,na,hokkaido_iburi_tobu,Hokkaido0843,0.5,256,119,5087,10922,67.23094525588644,0.07397117555119287,0.13827005244417298
E1,q2_x3_resunet_cas-single_seed42,cas-single,single-stream,42,1120,na,hokkaido_iburi_tobu,Hokkaido0844,0.5,1426,845,4258,9855,49.23413030818348,0.2614637831772863,0.3869033578867924
E1,q2_x3_resunet_cas-single_seed42,cas-single,single-stream,42,1120,na,hokkaido_iburi_tobu,Hokkaido0845,0.5,1528,1963,2819,10074,45.492299429266076,0.19716296630019822,0.31700740497568347
E1,q2_x3_resunet_cas-single_seed42,cas-single,single-stream,42,1120,na,hokkaido_iburi_tobu,Hokkaido0846,0.5,798,1962,2319,11305,41.59507108151217,0.18849840255561132,0.26233603997471033
E1,q2_x3_resunet_cas-single_seed42,cas-single,single-stream,42,1120,na,hokkaido_iburi_tobu,Hokkaido0847,0.5,313,1114,2177,12780,54.45181356024793,0.10760045267091452,0.18816825686792682
E1,q2_x3_resunet_cas-single_seed42,cas-single,single-stream,42,1120,na,hokkaido_iburi_tobu,Hokkaido0848,0.5,445,3022,1104,11813,35.97729960090021,0.1785106095414246,0.27546147439843793
E1,q2_x3_resunet_cas-single_seed42,cas-single,single-stream,42,1120,na,hokkaido_iburi_tobu,Hokkaido0849,0.5,471,5408,796,9709,35.4682957019364,0.23860032570451523,0.3548680618739581
E1,q2_x3_resunet_cas-single_seed42,cas-single,single-stream,42,1120,na,hokkaido_iburi_tobu,Hokkaido0850,0.5,1428,4163,951,9842,29.068883707497267,0.17767346218122482,0.3062626207120126
E1,q2_x3_resunet_cas-single_seed42,cas-single,single-stream,42,1120,na,hokkaido_iburi_tobu,Hokkaido0851,0.5,853,5335,1246,8950,35.13392641568159,0.204268575348652,0.33222275107047494
E1,q2_x3_resunet_cas-single_seed42,cas-single,single-stream,42,1120,na,hokkaido_iburi_tobu,Hokkaido0852,0.5,52,5336,416,10580,58.87901667570331,0.09502899751401556,0.1975762908446136
E1,q2_x3_resunet_cas-single_seed42,cas-single,single-stream,42,1120,na,hokkaido_iburi_tobu,Hokkaido0853,0.5,0,3810,50,12524,69.10938667568287,0.0,0.0
E1,q2_x3_resunet_cas-single_seed42,cas-single,single-stream,42,1120,na,hokkaido_iburi_tobu,Hokkaido0856,0.5,0,0,95,16289,181.01933598375618,0.0,0.0
E1,q2_x3_resunet_cas-single_seed42,cas-single,single-stream,42,1120,na,hokkaido_iburi_tobu,Hokkaido0857,0.5,0,1481,267,14636,81.90725718083523,0.0,0.0
E1,q2_x3_resunet_cas-single_seed42,cas-single,single-stream,42,1120,na,hokkaido_iburi_tobu,Hokkaido0858,0.5,621,2573,1268,11922,33.52983683698453,0.14518950437272982,0.23947884238397307
E1,q2_x3_resunet_cas-single_seed42,cas-single,single-stream,42,1120,na,hokkaido_iburi_tobu,Hokkaido0859,0.5,827,3271,1214,11072,26.39316016148442,0.23135780527216315,0.3566225023271258
E1,q2_x3_resunet_cas-single_seed42,cas-single,single-stream,42,1120,na,hokkaido_iburi_tobu,Hokkaido0860,0.5,197,1240,1484,13463,45.951034760659844,0.0684868116608862,0.13751697519796297
E1,q2_x3_resunet_cas-single_seed42,cas-single,single-stream,42,1120,na,hokkaido_iburi_tobu,Hokkaido0861,0.5,1167,2693,1153,11371,30.007497917823272,0.13651564845864494,0.20504812180638496
E1,q2_x3_resunet_cas-single_seed42,cas-single,single-stream,42,1120,na,hokkaido_iburi_tobu,Hokkaido0862,0.5,328,3221,1233,11602,35.21362512824729,0.08820255097128583,0.15313225057962698
E1,q2_x3_resunet_cas-single_seed42,cas-single,single-stream,42,1120,na,hokkaido_iburi_tobu,Hokkaido0863,0.5,310,4300,300,11474,27.101505152578824,0.16278209396916676,0.2813505777836159
E1,q2_x3_resunet_cas-single_seed42,cas-single,single-stream,42,1120,na,hokkaido_iburi_tobu,Hokkaido0864,0.5,20,1667,253,14444,56.621990784176035,0.0,0.05840600283871422
E1,q2_x3_resunet_cas-single_seed42,cas-single,single-stream,42,1120,na,hokkaido_iburi_tobu,Hokkaido0865,0.5,45,2025,816,13498,40.30259693956722,0.0,0.0
E1,q2_x3_resunet_cas-single_seed42,cas-single,single-stream,42,1120,na,hokkaido_iburi_tobu,Hokkaido0866,0.5,183,843,1485,13873,62.28642114699605,0.11567894643142514,0.1612711022836335
E1,q2_x3_resunet_cas-single_seed42,cas-single,single-stream,42,1120,na,hokkaido_iburi_tobu,Hokkaido0867,0.5,94,3226,879,12185,65.23210675473993,0.06562054208223907,0.09620991253594387
E1,q2_x3_resunet_cas-single_seed42,cas-single,single-stream,42,1120,na,hokkaido_iburi_tobu,Hokkaido0868,0.5,0,3189,502,12693,76.50712999142362,0.0,0.005611672278072533
E1,q2_x3_resunet_cas-single_seed42,cas-single,single-stream,42,1120,na,hokkaido_iburi_tobu,Hokkaido0869,0.5,563,2568,400,12853,62.43605186997342,0.14313327990149066,0.21551799061312762
E1,q2_x3_resunet_cas-single_seed42,cas-single,single-stream,42,1120,na,hokkaido_iburi_tobu,Hokkaido0870,0.5,116,5378,674,10216,34.562316583725924,0.07789239077586228,0.146637690540647
E1,q2_x3_resunet_cas-single_seed42,cas-single,single-stream,42,1120,na,hokkaido_iburi_tobu,Hokkaido0871,0.5,695,2566,788,12335,49.92995093127971,0.14158443328321293,0.24295032832055952
E1,q2_x3_resunet_cas-single_seed42,cas-single,single-stream,42,1120,na,hokkaido_iburi_tobu,Hokkaido0872,0.5,2678,1147,2707,9852,69.28924880528002,0.3213522969960939,0.4758509091902745
E1,q2_x3_resunet_cas-single_seed42,cas-single,single-stream,42,1120,na,hokkaido_iburi_tobu,Hokkaido0873,0.5,3248,1021,5557,6558,33.97057550292606,0.40450777360377427,0.602911931654474
E1,q2_x3_resunet_cas-single_seed42,cas-single,single-stream,42,1120,na,hokkaido_iburi_tobu,Hokkaido0874,0.5,1221,315,5223,9625,68.2257158036434,0.195475470046817,0.29272196160648156
E1,q2_x3_resunet_cas-single_seed42,cas-single,single-stream,42,1120,na,hokkaido_iburi_tobu,Hokkaido0875,0.5,842,979,3388,11175,37.64770856076824,0.30447993252899835,0.46478176490696804
E1,q2_x3_resunet_cas-single_seed42,cas-single,single-stream,42,1120,na,hokkaido_iburi_tobu,Hokkaido0876,0.5,446,398,4089,11451,60.12154135116475,0.1145598321704653,0.17558032481431943
E1,q2_x3_resunet_cas-single_seed42,cas-single,single-stream,42,1120,na,hokkaido_iburi_tobu,Hokkaido0877,0.5,1577,2343,2466,9998,33.3494262099137,0.2522566119686035,0.40514784318505737
E1,q2_x3_resunet_cas-single_seed42,cas-single,single-stream,42,1120,na,hokkaido_iburi_tobu,Hokkaido0878,0.5,1157,1413,2904,10910,41.012193308819754,0.18587906166129828,0.32557935521570586
E1,q2_x3_resunet_cas-single_seed42,cas-single,single-stream,42,1120,na,hokkaido_iburi_tobu,Hokkaido0879,0.5,833,709,2963,11879,48.93404413543416,0.16749508727292103,0.2655535425742896
E1,q2_x3_resunet_cas-single_seed42,cas-single,single-stream,42,1120,na,hokkaido_iburi_tobu,Hokkaido0880,0.5,1433,3213,2118,9620,29.534724305943254,0.2215881638565467,0.3577969987519914
E1,q2_x3_resunet_cas-single_seed42,cas-single,single-stream,42,1120,na,hokkaido_iburi_tobu,Hokkaido0881,0.5,1148,2665,3181,9390,38.92941855249417,0.14059187691346078,0.2681764420742962
E1,q2_x3_resunet_cas-single_seed42,cas-single,single-stream,42,1120,na,hokkaido_iburi_tobu,Hokkaido0882,0.5,1050,1357,3714,10263,39.698866482558415,0.20709020153734425,0.3392036905321858
E1,q2_x3_resunet_cas-single_seed42,cas-single,single-stream,42,1120,na,hokkaido_iburi_tobu,Hokkaido0883,0.5,263,1780,2987,11354,47.847541025814195,0.12401509915434178,0.18290874098267043
E1,q2_x3_resunet_cas-single_seed42,cas-single,single-stream,42,1120,na,hokkaido_iburi_tobu,Hokkaido0884,0.5,149,1287,4463,10485,55.226805085936306,0.06857516055266477,0.116174839138816
E1,q2_x3_resunet_cas-single_seed42,cas-single,single-stream,42,1120,na,hokkaido_iburi_tobu,Hokkaido0885,0.5,2640,370,5293,8081,47.99164514242425,0.1740453369843208,0.2648386256233081
E1,q2_x3_resunet_cas-single_seed42,cas-single,single-stream,42,1120,na,hokkaido_iburi_tobu,Hokkaido0886,0.5,333,76,5934,10041,63.25345840347388,0.058263693087454854,0.09397195410661646
E1,q2_x3_resunet_cas-single_seed42,cas-single,single-stream,42,1120,na,hokkaido_iburi_tobu,Hokkaido0887,0.5,755,2130,3472,10027,42.52528555522394,0.09551283163543449,0.17591051834765567
E1,q2_x3_resunet_cas-single_seed42,cas-single,single-stream,42,1120,na,hokkaido_iburi_tobu,Hokkaido0888,0.5,815,1108,2479,11982,53.03772242470448,0.17583768828746707,0.24367462535372084
E1,q2_x3_resunet_cas-single_seed42,cas-single,single-stream,42,1120,na,hokkaido_iburi_tobu,Hokkaido0889,0.5,605,3767,1612,10400,27.999071438701623,0.19081223070813907,0.304622543721882
E1,q2_x3_resunet_cas-single_seed42,cas-single,single-stream,42,1120,na,hokkaido_iburi_tobu,Hokkaido0890,0.5,458,4353,2381,9192,33.59165889727397,0.24497213161031392,0.37804698271708653
E1,q2_x3_resunet_cas-single_seed42,cas-single,single-stream,42,1120,na,hokkaido_iburi_tobu,Hokkaido0891,0.5,668,2809,2968,9939,56.060231071201315,0.15611156980257349,0.26869852279131873
E1,q2_x3_resunet_cas-single_seed42,cas-single,single-stream,42,1120,na,hokkaido_iburi_tobu,Hokkaido0892,0.5,1332,1678,2972,10402,37.68484928489245,0.3662546358969525,0.5152912626548873
E1,q2_x3_resunet_cas-single_seed42,cas-single,single-stream,42,1120,na,hokkaido_iburi_tobu,Hokkaido0893,0.5,1333,882,3010,11159,28.846143121273084,0.38341089560907643,0.549824028958056
E1,q2_x3_resunet_cas-single_seed42,cas-single,single-stream,42,1120,na,hokkaido_iburi_tobu,Hokkaido0894,0.5,1848,3465,1600,9471,31.41810392336302,0.34561664451699703,0.4820158606655935
E1,q2_x3_resunet_cas-single_seed42,cas-single,single-stream,42,1120,na,hokkaido_iburi_tobu,Hokkaido0895,0.5,179,1799,1851,12555,48.7652472964865,0.01631358332346253,0.06436519600446963
E1,q2_x3_resunet_cas-single_seed42,cas-single,single-stream,42,1120,na,hokkaido_iburi_tobu,Hokkaido0896,0.5,302,3089,1182,11811,39.290259649565606,0.165073138840756,0.25852419111198033
E1,q2_x3_resunet_cas-single_seed42,cas-single,single-stream,42,1120,na,hokkaido_iburi_tobu,Hokkaido0897,0.5,424,1416,1420,13124,43.840620433565945,0.1794945419188236,0.30289155518743566
E1,q2_x3_resunet_cas-single_seed42,cas-single,single-stream,42,1120,na,hokkaido_iburi_tobu,Hokkaido0898,0.5,216,3570,1153,11445,45.20010784844003,0.07348242811458229,0.14046646461939516
E1,q2_x3_resunet_cas-single_seed42,cas-single,single-stream,42,1120,na,hokkaido_iburi_tobu,Hokkaido0899,0.5,956,5137,778,9513,21.470910553583888,0.20899468567911894,0.35840404266852627
E1,q2_x3_resunet_cas-single_seed42,cas-single,single-stream,42,1120,na,hokkaido_iburi_tobu,Hokkaido0900,0.5,792,1994,1222,12376,39.83277104334334,0.21430199285879975,0.37631497926784074
E1,q2_x3_resunet_cas-single_seed42,cas-single,single-stream,42,1120,na,hokkaido_iburi_tobu,Hokkaido0901,0.5,118,2367,682,13217,40.249215919612546,0.12044013873891941,0.18746728583075373
E1,q2_x3_resunet_cas-single_seed42,cas-single,single-stream,42,1120,na,hokkaido_iburi_tobu,Hokkaido0902,0.5,59,3379,24,12922,46.128067580862975,0.0,0.0
E1,q2_x3_resunet_cas-single_seed42,cas-single,single-stream,42,1120,na,hokkaido_iburi_tobu,Hokkaido0903,0.5,0,2818,83,13483,62.60588153666967,0.0,0.0
E1,q2_x3_resunet_cas-single_seed42,cas-single,single-stream,42,1120,na,hokkaido_iburi_tobu,Hokkaido0906,0.5,116,506,1186,14576,47.036145930007294,0.1403546853627846,0.19531249999952807
E1,q2_x3_resunet_cas-single_seed42,cas-single,single-stream,42,1120,na,hokkaido_iburi_tobu,Hokkaido0907,0.5,752,1283,737,13612,24.331050121192877,0.26712115102174366,0.46174057590172035
E1,q2_x3_resunet_cas-single_seed42,cas-single,single-stream,42,1120,na,hokkaido_iburi_tobu,Hokkaido0908,0.5,125,3887,589,11783,60.258177351981594,0.09972299168925391,0.1497559722574007
E1,q2_x3_resunet_cas-single_seed42,cas-single,single-stream,42,1120,na,hokkaido_iburi_tobu,Hokkaido0909,0.5,47,1424,1209,13704,57.63080016496856,0.029712163416539334,0.0642939150397715
E1,q2_x3_resunet_cas-single_seed42,cas-single,single-stream,42,1120,na,hokkaido_iburi_tobu,Hokkaido0910,0.5,324,4638,708,10714,52.7618674384713,0.07367559349735607,0.15683661872431476
E1,q2_x3_resunet_cas-single_seed42,cas-single,single-stream,42,1120,na,hokkaido_iburi_tobu,Hokkaido0911,0.5,155,5227,195,10807,82.74901727387828,0.13824623337283043,0.20062828108157724
E1,q2_x3_resunet_cas-single_seed42,cas-single,single-stream,42,1120,na,hokkaido_iburi_tobu,Hokkaido0912,0.5,0,4333,106,11945,83.23460753633682,0.0,0.0
E1,q2_x3_resunet_cas-single_seed42,cas-single,single-stream,42,1120,na,hokkaido_iburi_tobu,Hokkaido0913,0.5,118,337,454,15475,55.81307308564281,0.1338978565753903,0.2558154603767178
E1,q2_x3_resunet_cas-single_seed42,cas-single,single-stream,42,1120,na,hokkaido_iburi_tobu,Hokkaido0914,0.5,421,2491,185,13287,45.128772841525645,0.12637940094538883,0.2012987012982229
E1,q2_x3_resunet_cas-single_seed42,cas-single,single-stream,42,1120,na,hokkaido_iburi_tobu,Hokkaido0915,0.5,0,1412,132,14840,55.887693453994814,0.0,0.0
E1,q2_x3_resunet_cas-single_seed42,cas-single,single-stream,42,1120,na,hokkaido_iburi_tobu,Hokkaido0916,0.5,156,2704,1084,12440,41.036569057366385,0.10730127750128012,0.1880183432525241
E1,q2_x3_resunet_cas-single_seed42,cas-single,single-stream,42,1120,na,hokkaido_iburi_tobu,Hokkaido0917,0.5,1113,2454,1365,11452,30.23243291566195,0.26058835360460814,0.3810466893299991
E1,q2_x3_resunet_cas-single_seed42,cas-single,single-stream,42,1120,na,hokkaido_iburi_tobu,Hokkaido0918,0.5,446,1576,3044,11318,48.83646178829912,0.09839115683461438,0.1916306087366401
E1,q2_x3_resunet_cas-single_seed42,cas-single,single-stream,42,1120,na,hokkaido_iburi_tobu,Hokkaido0919,0.5,610,1110,4689,9975,41.0,0.13926840997704187,0.2436403404495165
E1,q2_x3_resunet_cas-single_seed42,cas-single,single-stream,42,1120,na,hokkaido_iburi_tobu,Hokkaido0920,0.5,2489,1119,5394,7382,73.12829552263587,0.24219600157221194,0.39099109840266993
E1,q2_x3_resunet_cas-single_seed42,cas-single,single-stream,42,1120,na,hokkaido_iburi_tobu,Hokkaido0921,0.5,3850,1114,5899,5521,16.278820596099706,0.4540327670898077,0.6740545375577581
E1,q2_x3_resunet_cas-single_seed42,cas-single,single-stream,42,1120,na,hokkaido_iburi_tobu,Hokkaido0922,0.5,3561,1543,4218,7062,65.4675331590503,0.2734312596164816,0.4240055335673837
E1,q2_x3_resunet_cas-single_seed42,cas-single,single-stream,42,1120,na,hokkaido_iburi_tobu,Hokkaido0923,0.5,240,58,5393,10693,90.52402941309758,0.0919748299750988,0.16762903492592648
E1,q2_x3_resunet_cas-single_seed42,cas-single,single-stream,42,1120,na,hokkaido_iburi_tobu,Hokkaido0924,0.5,452,204,4979,10749,55.53917314226722,0.12062466343549,0.18445199312415028
E1,q2_x3_resunet_cas-single_seed42,cas-single,single-stream,42,1120,na,hokkaido_iburi_tobu,Hokkaido0925,0.5,788,2283,2985,10328,48.231713328188974,0.14645276292306658,0.21480469387852616
E1,q2_x3_resunet_cas-single_seed42,cas-single,single-stream,42,1120,na,hokkaido_iburi_tobu,Hokkaido0926,0.5,590,2925,2854,10015,35.80921448772966,0.2290192266800595,0.33383265568117826
E1,q2_x3_resunet_cas-single_seed42,cas-single,single-stream,42,1120,na,hokkaido_iburi_tobu,Hokkaido0927,0.5,412,588,3609,11775,54.20332093147061,0.10629370629348622,0.19320572805875086
E1,q2_x3_resunet_cas-single_seed42,cas-single,single-stream,42,1120,na,hokkaido_iburi_tobu,Hokkaido0928,0.5,479,167,3031,12707,57.201398584300364,0.15395090826824478,0.2989130434780066
E1,q2_x3_resunet_cas-single_seed42,cas-single,single-stream,42,1120,na,hokkaido_iburi_tobu,Hokkaido0929,0.5,915,527,3626,11316,47.38143096192854,0.19200988424724466,0.28958396786141233
E1,q2_x3_resunet_cas-single_seed42,cas-single,single-stream,42,1120,na,hokkaido_iburi_tobu,Hokkaido0930,0.5,752,1000,3632,11000,44.94441010848846,0.19497941533207222,0.30266825965722305
E1,q2_x3_resunet_cas-single_seed42,cas-single,single-stream,42,1120,na,hokkaido_iburi_tobu,Hokkaido0931,0.5,532,2188,2318,11346,39.97373768376332,0.14442674508809233,0.21586109807565962
E1,q2_x3_resunet_cas-single_seed42,cas-single,single-stream,42,1120,na,hokkaido_iburi_tobu,Hokkaido0932,0.5,1888,625,4083,9788,50.93721262552309,0.1400032749300292,0.3115685147727758
E1,q2_x3_resunet_cas-single_seed42,cas-single,single-stream,42,1120,na,hokkaido_iburi_tobu,Hokkaido0933,0.5,443,0,8143,7798,67.23540082491827,0.03319102880150916,0.04737763022105077
E1,q2_x3_resunet_cas-single_seed42,cas-single,single-stream,42,1120,na,hokkaido_iburi_tobu,Hokkaido0934,0.5,562,628,5632,9562,50.59693662033537,0.20899575057337133,0.31489400359457814
E1,q2_x3_resunet_cas-single_seed42,cas-single,single-stream,42,1120,na,hokkaido_iburi_tobu,Hokkaido0935,0.5,1725,1535,2821,10303,43.56604182158393,0.17078411102708402,0.27895917810426285
E1,q2_x3_resunet_cas-single_seed42,cas-single,single-stream,42,1120,na,hokkaido_iburi_tobu,Hokkaido0936,0.5,418,1062,3362,11542,52.21109329681105,0.12472861061612468,0.20197718061261083
E1,q2_x3_resunet_cas-single_seed42,cas-single,single-stream,42,1120,na,hokkaido_iburi_tobu,Hokkaido0937,0.5,604,1699,2014,12067,39.395431207184416,0.16517027303528303,0.25368912271814076
E1,q2_x3_resunet_cas-single_seed42,cas-single,single-stream,42,1120,na,hokkaido_iburi_tobu,Hokkaido0938,0.5,705,2423,1676,11580,48.2201686462164,0.1294390839568856,0.27125619542092316
E1,q2_x3_resunet_cas-single_seed42,cas-single,single-stream,42,1120,na,hokkaido_iburi_tobu,Hokkaido0939,0.5,762,3383,2107,10132,29.068883707497267,0.19304210648130563,0.3019889212312993
E1,q2_x3_resunet_cas-single_seed42,cas-single,single-stream,42,1120,na,hokkaido_iburi_tobu,Hokkaido0940,0.5,2197,2554,1691,9942,27.491803964833906,0.3180554088409073,0.499735972534888
E1,q2_x3_resunet_cas-single_seed42,cas-single,single-stream,42,1120,na,hokkaido_iburi_tobu,Hokkaido0941,0.5,275,229,4453,11427,54.18116697529864,0.15985157822357168,0.1981781448266716
E1,q2_x3_resunet_cas-single_seed42,cas-single,single-stream,42,1120,na,hokkaido_iburi_tobu,Hokkaido0942,0.5,1371,1020,2612,11381,47.8466193215958,0.18674767912257415,0.2895524400804293
E1,q2_x3_resunet_cas-single_seed42,cas-single,single-stream,42,1120,na,hokkaido_iburi_tobu,Hokkaido0943,0.5,640,3186,1700,10858,29.53966264960273,0.19527365225195412,0.31263898839042714
E1,q2_x3_resunet_cas-single_seed42,cas-single,single-stream,42,1120,na,hokkaido_iburi_tobu,Hokkaido0944,0.5,304,3059,999,12022,45.27692569068709,0.13081924864446373,0.19710816364611938
E1,q2_x3_resunet_cas-single_seed42,cas-single,single-stream,42,1120,na,hokkaido_iburi_tobu,Hokkaido0945,0.5,823,2443,1966,11152,32.69556544854363,0.20379977586378448,0.34003288593131953
E1,q2_x3_resunet_cas-single_seed42,cas-single,single-stream,42,1120,na,hokkaido_iburi_tobu,Hokkaido0946,0.5,563,2392,2215,11214,45.43124540656694,0.12084034525781963,0.2246937913553918
E1,q2_x3_resunet_cas-single_seed42,cas-single,single-stream,42,1120,na,hokkaido_iburi_tobu,Hokkaido0947,0.5,190,4961,701,10532,33.24154027718932,0.1600273551029479,0.2500962613904399
E1,q2_x3_resunet_cas-single_seed42,cas-single,single-stream,42,1120,na,hokkaido_iburi_tobu,Hokkaido0948,0.5,238,4403,483,11260,27.0,0.29642369675738545,0.41990225183714003
E1,q2_x3_resunet_cas-single_seed42,cas-single,single-stream,42,1120,na,hokkaido_iburi_tobu,Hokkaido0949,0.5,1,3089,406,12888,49.75131143668501,0.052528866481855466,0.10848671154470275
E1,q2_x3_resunet_cas-single_seed42,cas-single,single-stream,42,1120,na,hokkaido_iburi_tobu,Hokkaido0950,0.5,0,4132,113,12139,68.1934706931356,0.0,0.0
E1,q2_x3_resunet_cas-single_seed42,cas-single,single-stream,42,1120,na,hokkaido_iburi_tobu,Hokkaido0951,0.5,63,3576,50,12695,41.965203847479046,0.021314387210922835,0.0799467021981588
E1,q2_x3_resunet_cas-single_seed42,cas-single,single-stream,42,1120,na,hokkaido_iburi_tobu,Hokkaido0953,0.5,0,783,360,15241,71.20252605170865,0.0,0.0
E1,q2_x3_resunet_cas-single_seed42,cas-single,single-stream,42,1120,na,hokkaido_iburi_tobu,Hokkaido0954,0.5,0,2689,489,13206,81.8094949700063,0.0,0.0
E1,q2_x3_resunet_cas-single_seed42,cas-single,single-stream,42,1120,na,hokkaido_iburi_tobu,Hokkaido0955,0.5,0,666,129,15589,82.81424713117399,0.0,0.0
E1,q2_x3_resunet_cas-single_seed42,cas-single,single-stream,42,1120,na,hokkaido_iburi_tobu,Hokkaido0956,0.5,0,3681,125,12578,98.16639553128245,0.0,0.0
E1,q2_x3_resunet_cas-single_seed42,cas-single,single-stream,42,1120,na,hokkaido_iburi_tobu,Hokkaido0957,0.5,0,3743,125,12516,89.44967503885374,0.0,0.0
E1,q2_x3_resunet_cas-single_seed42,cas-single,single-stream,42,1120,na,hokkaido_iburi_tobu,Hokkaido0958,0.5,0,5083,45,11256,109.23161086028867,0.0,0.0
E1,q2_x3_resunet_cas-single_seed42,cas-single,single-stream,42,1120,na,hokkaido_iburi_tobu,Hokkaido0959,0.5,0,3523,45,12816,94.00478709860334,0.0,0.0
E1,q2_x3_resunet_cas-single_seed42,cas-single,single-stream,42,1120,na,hokkaido_iburi_tobu,Hokkaido0960,0.5,0,1695,42,14647,74.08643349591286,0.0,0.0
E1,q2_x3_resunet_cas-single_seed42,cas-single,single-stream,42,1120,na,hokkaido_iburi_tobu,Hokkaido0961,0.5,60,2586,716,13022,66.96623212874364,0.13918345705146198,0.16790555312586916
E1,q2_x3_resunet_cas-single_seed42,cas-single,single-stream,42,1120,na,hokkaido_iburi_tobu,Hokkaido0962,0.5,442,3726,1884,10332,40.67585129758317,0.23458748866686657,0.37912087912045644
E1,q2_x3_resunet_cas-single_seed42,cas-single,single-stream,42,1120,na,hokkaido_iburi_tobu,Hokkaido0963,0.5,858,503,5418,9605,39.359218022185466,0.22356837902823462,0.35212097958999805
E1,q2_x3_resunet_cas-single_seed42,cas-single,single-stream,42,1120,na,hokkaido_iburi_tobu,Hokkaido0964,0.5,2869,905,6251,6359,42.68311534441825,0.3293190896228308,0.5004832266651263
E1,q2_x3_resunet_cas-single_seed42,cas-single,single-stream,42,1120,na,hokkaido_iburi_tobu,Hokkaido0965,0.5,1888,457,6597,7442,32.55764119219941,0.28703144316693613,0.4284651850621759
E1,q2_x3_resunet_cas-single_seed42,cas-single,single-stream,42,1120,na,hokkaido_iburi_tobu,Hokkaido0966,0.5,1805,288,7399,6892,42.20189569201838,0.32602880759417985,0.4816594236147036
E1,q2_x3_resunet_cas-single_seed42,cas-single,single-stream,42,1120,na,hokkaido_iburi_tobu,Hokkaido0967,0.5,2307,687,6080,7310,69.32675944969091,0.22409680497926454,0.34204133808063886
E1,q2_x3_resunet_cas-single_seed42,cas-single,single-stream,42,1120,na,hokkaido_iburi_tobu,Hokkaido0968,0.5,353,83,5404,10544,53.0,0.06539288106421003,0.13552704429492166
E1,q2_x3_resunet_cas-single_seed42,cas-single,single-stream,42,1120,na,hokkaido_iburi_tobu,Hokkaido0969,0.5,608,570,3875,11331,54.20332093147061,0.1524145223825688,0.2626191614406515
E1,q2_x3_resunet_cas-single_seed42,cas-single,single-stream,42,1120,na,hokkaido_iburi_tobu,Hokkaido0970,0.5,873,2852,2820,9839,35.12825809260346,0.20567917489541487,0.3381458276578502
E1,q2_x3_resunet_cas-single_seed42,cas-single,single-stream,42,1120,na,hokkaido_iburi_tobu,Hokkaido0971,0.5,652,532,2656,12544,54.21577086563008,0.14736842105242678,0.24419297200690743
E1,q2_x3_resunet_cas-single_seed42,cas-single,single-stream,42,1120,na,hokkaido_iburi_tobu,Hokkaido0972,0.5,651,3090,1707,10936,37.76502940034606,0.17525332919166742,0.27665773077213135
E1,q2_x3_resunet_cas-single_seed42,cas-single,single-stream,42,1120,na,hokkaido_iburi_tobu,Hokkaido0973,0.5,470,3425,1859,10630,40.00874863323958,0.1674683495589956,0.2595419847324051
E1,q2_x3_resunet_cas-single_seed42,cas-single,single-stream,42,1120,na,hokkaido_iburi_tobu,Hokkaido0974,0.5,1391,2849,2629,9515,35.379371080921125,0.16596506565870908,0.29899643769884465
E1,q2_x3_resunet_cas-single_seed42,cas-single,single-stream,42,1120,na,hokkaido_iburi_tobu,Hokkaido0975,0.5,2029,2584,2448,9323,27.018512172212592,0.369952423813428,0.5147961557374018
E1,q2_x3_resunet_cas-single_seed42,cas-single,single-stream,42,1120,na,hokkaido_iburi_tobu,Hokkaido0976,0.5,1075,2287,2818,10204,36.245688906584505,0.19869379347523242,0.30973509498426627
E1,q2_x3_resunet_cas-single_seed42,cas-single,single-stream,42,1120,na,hokkaido_iburi_tobu,Hokkaido0977,0.5,700,928,4389,10367,40.84352922096503,0.29159485279057035,0.4321865974218025
E1,q2_x3_resunet_cas-single_seed42,cas-single,single-stream,42,1120,na,hokkaido_iburi_tobu,Hokkaido0978,0.5,934,811,4734,9905,38.90240078413861,0.2774082192452808,0.43677727531994837
E1,q2_x3_resunet_cas-single_seed42,cas-single,single-stream,42,1120,na,hokkaido_iburi_tobu,Hokkaido0979,0.5,682,1120,3454,11128,47.491039825806546,0.14407064467883515,0.23045096244135738
E1,q2_x3_resunet_cas-single_seed42,cas-single,single-stream,42,1120,na,hokkaido_iburi_tobu,Hokkaido0980,0.5,804,2010,2130,11440,46.79040317343927,0.15665435039980385,0.26063979659942266
E1,q2_x3_resunet_cas-single_seed42,cas-single,single-stream,42,1120,na,hokkaido_iburi_tobu,Hokkaido0981,0.5,444,2887,2703,10350,37.69615364994153,0.13922298846965075,0.24225500313609302
E1,q2_x3_resunet_cas-single_seed42,cas-single,single-stream,42,1120,na,hokkaido_iburi_tobu,Hokkaido0982,0.5,663,1892,2253,11576,51.19567776377773,0.18693657181894632,0.2849396823083295
E1,q2_x3_resunet_cas-single_seed42,cas-single,single-stream,42,1120,na,hokkaido_iburi_tobu,Hokkaido0983,0.5,620,4072,1748,9944,32.01562118716424,0.14279829740452282,0.24222812202532634
E1,q2_x3_resunet_cas-single_seed42,cas-single,single-stream,42,1120,na,hokkaido_iburi_tobu,Hokkaido0984,0.5,922,4953,1457,9052,28.647857736624935,0.18068771958536212,0.2903350002497284
E1,q2_x3_resunet_cas-single_seed42,cas-single,single-stream,42,1120,na,hokkaido_iburi_tobu,Hokkaido0985,0.5,629,3186,3171,9398,33.37663853655727,0.1135842006935786,0.202639359281767
E1,q2_x3_resunet_cas-single_seed42,cas-single,single-stream,42,1120,na,hokkaido_iburi_tobu,Hokkaido0986,0.5,930,1693,4323,9438,47.89414033111757,0.13489622025316086,0.22866174920944216
E1,q2_x3_resunet_cas-single_seed42,cas-single,single-stream,42,1120,na,hokkaido_iburi_tobu,Hokkaido0987,0.5,1024,2520,2543,10297,38.42199629385662,0.21171422879351434,0.33350817617310846
E1,q2_x3_resunet_cas-single_seed42,cas-single,single-stream,42,1120,na,hokkaido_iburi_tobu,Hokkaido0988,0.5,740,3121,1505,11018,35.38361202590826,0.21389553403485,0.2977371896817817
E1,q2_x3_resunet_cas-single_seed42,cas-single,single-stream,42,1120,na,hokkaido_iburi_tobu,Hokkaido0989,0.5,538,3045,1193,11608,42.89624962269094,0.05284895856429718,0.12080684060480802
E1,q2_x3_resunet_cas-single_seed42,cas-single,single-stream,42,1120,na,hokkaido_iburi_tobu,Hokkaido0990,0.5,493,3401,2270,10220,27.784887978899608,0.14008687558138097,0.25361868395307896
E1,q2_x3_resunet_cas-single_seed42,cas-single,single-stream,42,1120,na,hokkaido_iburi_tobu,Hokkaido0991,0.5,805,854,2781,11944,48.362685321762584,0.16821961308631467,0.27238853100896987
E1,q2_x3_resunet_cas-single_seed42,cas-single,single-stream,42,1120,na,hokkaido_iburi_tobu,Hokkaido0992,0.5,287,2286,1419,12392,39.81832805243368,0.07711856980068874,0.15777125255452917
E1,q2_x3_resunet_cas-single_seed42,cas-single,single-stream,42,1120,na,hokkaido_iburi_tobu,Hokkaido0993,0.5,137,2299,225,13723,41.532858224949535,0.0,0.0
E1,q2_x3_resunet_cas-single_seed42,cas-single,single-stream,42,1120,na,hokkaido_iburi_tobu,Hokkaido0994,0.5,14,3579,69,12722,51.966333250969484,0.0,0.040370058872642445
E1,q2_x3_resunet_cas-single_seed42,cas-single,single-stream,42,1120,na,hokkaido_iburi_tobu,Hokkaido0995,0.5,42,4348,80,11914,43.49131425688438,0.0,0.018148820326238848
E1,q2_x3_resunet_cas-single_seed42,cas-single,single-stream,42,1120,na,hokkaido_iburi_tobu,Hokkaido0996,0.5,0,4461,113,11810,53.541565067431605,0.0,0.0
E1,q2_x3_resunet_cas-single_seed42,cas-single,single-stream,42,1120,na,hokkaido_iburi_tobu,Hokkaido0997,0.5,40,4524,23,11797,69.0425931777343,0.1176470588233218,0.1718777292574543
E1,q2_x3_resunet_cas-single_seed42,cas-single,single-stream,42,1120,na,hokkaido_iburi_tobu,Hokkaido0998,0.5,19,4839,0,11526,77.6852608377501,0.0,0.0
E1,q2_x3_resunet_cas-single_seed42,cas-single,single-stream,42,1120,na,hokkaido_iburi_tobu,Hokkaido1001,0.5,84,804,62,15434,32.54173480624898,0.22570296282271726,0.4357188093726509
E1,q2_x3_resunet_cas-single_seed42,cas-single,single-stream,42,1120,na,hokkaido_iburi_tobu,Hokkaido1002,0.5,0,4053,310,12021,49.957970558767826,0.0,0.0
E1,q2_x3_resunet_cas-single_seed42,cas-single,single-stream,42,1120,na,hokkaido_iburi_tobu,Hokkaido1003,0.5,321,2237,1845,11981,39.11521443121589,0.18223049460281743,0.29313867245771585
E1,q2_x3_resunet_cas-single_seed42,cas-single,single-stream,42,1120,na,hokkaido_iburi_tobu,Hokkaido1004,0.5,1678,754,5436,8516,39.11968328804634,0.21623996330674658,0.34186297958751505
E1,q2_x3_resunet_cas-single_seed42,cas-single,single-stream,42,1120,na,hokkaido_iburi_tobu,Hokkaido1005,0.5,3552,955,6055,5822,30.4138126514911,0.3548099119892408,0.5582392072144807
E1,q2_x3_resunet_cas-single_seed42,cas-single,single-stream,42,1120,na,hokkaido_iburi_tobu,Hokkaido1006,0.5,1339,504,6049,8492,55.18195678238825,0.1926376472667783,0.2952427762919747
E1,q2_x3_resunet_cas-single_seed42,cas-single,single-stream,42,1120,na,hokkaido_iburi_tobu,Hokkaido1007,0.5,1118,286,6081,8899,80.8566058363802,0.0946024376086828,0.1887725328197376
E1,q2_x3_resunet_cas-single_seed42,cas-single,single-stream,42,1120,na,hokkaido_iburi_tobu,Hokkaido1008,0.5,1218,177,6739,8250,38.63288700218962,0.1781674208142405,0.3125512833428978
E1,q2_x3_resunet_cas-single_seed42,cas-single,single-stream,42,1120,na,hokkaido_iburi_tobu,Hokkaido1009,0.5,1005,179,5158,10042,51.4514043654072,0.20691009583791917,0.33390061058523257
E1,q2_x3_resunet_cas-single_seed42,cas-single,single-stream,42,1120,na,hokkaido_iburi_tobu,Hokkaido1010,0.5,62,7,4447,11868,126.52684479835882,0.03236716186082119,0.050847457627069076
E1,q2_x3_resunet_cas-single_seed42,cas-single,single-stream,42,1120,na,hokkaido_iburi_tobu,Hokkaido1011,0.5,688,1562,2701,11433,45.799017134656886,0.18797626174822119,0.28258811234662556
E1,q2_x3_resunet_cas-single_seed42,cas-single,single-stream,42,1120,na,hokkaido_iburi_tobu,Hokkaido1012,0.5,598,3667,1791,10328,35.329857675491816,0.08846749659341012,0.18788553917103484
E1,q2_x3_resunet_cas-single_seed42,cas-single,single-stream,42,1120,na,hokkaido_iburi_tobu,Hokkaido1013,0.5,765,4749,723,10147,34.77345592478139,0.15857489006505676,0.2598944214576508
E1,q2_x3_resunet_cas-single_seed42,cas-single,single-stream,42,1120,na,hokkaido_iburi_tobu,Hokkaido1014,0.5,74,2068,779,13463,49.97627119195096,0.051612903225315636,0.07414448669154299
E1,q2_x3_resunet_cas-single_seed42,cas-single,single-stream,42,1120,na,hokkaido_iburi_tobu,Hokkaido1015,0.5,57,2734,953,12640,38.10445705357153,0.08830548925965415,0.16424698904727575
E1,q2_x3_resunet_cas-single_seed42,cas-single,single-stream,42,1120,na,hokkaido_iburi_tobu,Hokkaido1016,0.5,839,4276,1241,10028,35.12530644918938,0.10399526097499519,0.23294026098361514
E1,q2_x3_resunet_cas-single_seed42,cas-single,single-stream,42,1120,na,hokkaido_iburi_tobu,Hokkaido1017,0.5,1104,4265,2034,8981,28.160255680657446,0.26105098448258823,0.41062665903723916
E1,q2_x3_resunet_cas-single_seed42,cas-single,single-stream,42,1120,na,hokkaido_iburi_tobu,Hokkaido1018,0.5,695,3354,2521,9814,49.48382507682095,0.16646563233698777,0.243103059459893
E1,q2_x3_resunet_cas-single_seed42,cas-single,single-stream,42,1120,na,hokkaido_iburi_tobu,Hokkaido1019,0.5,400,1454,2867,11663,58.83469181458727,0.08793609612864407,0.14481007523636122
E1,q2_x3_resunet_cas-single_seed42,cas-single,single-stream,42,1120,na,hokkaido_iburi_tobu,Hokkaido1020,0.5,754,3183,2183,10264,40.56778496444877,0.15739256650286637,0.2676527404096499
E1,q2_x3_resunet_cas-single_seed42,cas-single,single-stream,42,1120,na,hokkaido_iburi_tobu,Hokkaido1021,0.5,552,3491,1724,10617,33.499205257570814,0.16918214545232813,0.2583051315694714
E1,q2_x3_resunet_cas-single_seed42,cas-single,single-stream,42,1120,na,hokkaido_iburi_tobu,Hokkaido1022,0.5,834,2059,1777,11714,39.42829756179748,0.2600876394522433,0.36969163655387144
E1,q2_x3_resunet_cas-single_seed42,cas-single,single-stream,42,1120,na,hokkaido_iburi_tobu,Hokkaido1023,0.5,1199,2707,1182,11296,34.741096696236895,0.23835337694402275,0.34026341194277465
E1,q2_x3_resunet_cas-single_seed42,cas-single,single-stream,42,1120,na,hokkaido_iburi_tobu,Hokkaido1024,0.5,603,1788,1098,12895,49.24428900898052,0.20339377033897182,0.331859762769346
E1,q2_x3_resunet_cas-single_seed42,cas-single,single-stream,42,1120,na,hokkaido_iburi_tobu,Hokkaido1025,0.5,1023,3373,983,11005,28.284271247461902,0.18281783612235586,0.2796724116851975
E1,q2_x3_resunet_cas-single_seed42,cas-single,single-stream,42,1120,na,hokkaido_iburi_tobu,Hokkaido1026,0.5,1066,3089,2087,10142,26.076809620810597,0.1791897303023362,0.32696808898380497
E1,q2_x3_resunet_cas-single_seed42,cas-single,single-stream,42,1120,na,hokkaido_iburi_tobu,Hokkaido1027,0.5,1064,3537,2559,9224,40.355913801248285,0.14003387140511545,0.24582893347374854
E1,q2_x3_resunet_cas-single_seed42,cas-single,single-stream,42,1120,na,hokkaido_iburi_tobu,Hokkaido1028,0.5,393,1043,1931,13017,47.13490749309582,0.2127358645201478,0.3077578766791568
E1,q2_x3_resunet_cas-single_seed42,cas-single,single-stream,42,1120,na,hokkaido_iburi_tobu,Hokkaido1029,0.5,437,3506,943,11498,32.968552862866474,0.04686192468576883,0.08291873963472901
E1,q2_x3_resunet_cas-single_seed42,cas-single,single-stream,42,1120,na,hokkaido_iburi_tobu,Hokkaido1030,0.5,399,4304,687,10994,36.242929695225136,0.20969692360296158,0.31715451659984034
E1,q2_x3_resunet_cas-single_seed42,cas-single,single-stream,42,1120,na,hokkaido_iburi_tobu,Hokkaido1031,0.5,679,4448,1038,10219,31.827660925679098,0.2029023499667943,0.2862610428076527
E1,q2_x3_resunet_cas-single_seed42,cas-single,single-stream,42,1120,na,hokkaido_iburi_tobu,Hokkaido1032,0.5,529,2335,2086,11434,42.60566815634311,0.17186468392811033,0.28823424997605035
E1,q2_x3_resunet_cas-single_seed42,cas-single,single-stream,42,1120,na,hokkaido_iburi_tobu,Hokkaido1033,0.5,413,2343,1446,12182,44.533107691261115,0.14054384356821448,0.23772173283417394
E1,q2_x3_resunet_cas-single_seed42,cas-single,single-stream,42,1120,na,hokkaido_iburi_tobu,Hokkaido1034,0.5,136,3436,635,12177,46.143615764797595,0.11268444104216803,0.21718422556631223
E1,q2_x3_resunet_cas-single_seed42,cas-single,single-stream,42,1120,na,hokkaido_iburi_tobu,Hokkaido1035,0.5,23,4630,264,11467,50.11985634456667,0.11294574718977793,0.17609191420526846
E1,q2_x3_resunet_cas-single_seed42,cas-single,single-stream,42,1120,na,hokkaido_iburi_tobu,Hokkaido1036,0.5,70,3335,71,12908,25.942243542145693,0.0,0.016059957173134413
E1,q2_x3_resunet_cas-single_seed42,cas-single,single-stream,42,1120,na,hokkaido_iburi_tobu,Hokkaido1037,0.5,0,3144,104,13136,69.87629155481429,0.0,0.0
E1,q2_x3_resunet_cas-single_seed42,cas-single,single-stream,42,1120,na,hokkaido_iburi_tobu,Hokkaido1038,0.5,133,3873,114,12264,34.80499902108055,0.1332636919858962,0.2565062939219376
E1,q2_x3_resunet_cas-single_seed42,cas-single,single-stream,42,1120,na,hokkaido_iburi_tobu,Hokkaido1039,0.5,25,2985,181,13193,50.57496997593283,0.09414408790071895,0.20636974065133448
E1,q2_x3_resunet_cas-single_seed42,cas-single,single-stream,42,1120,na,hokkaido_iburi_tobu,Hokkaido1040,0.5,20,2121,168,14075,47.31750898868008,0.021126760562885143,0.06191950464348436
E1,q2_x3_resunet_cas-single_seed42,cas-single,single-stream,42,1120,na,hokkaido_iburi_tobu,Hokkaido1041,0.5,0,70,102,16212,54.11284303514336,0.0,0.0
E1,q2_x3_resunet_cas-single_seed42,cas-single,single-stream,42,1120,na,hokkaido_iburi_tobu,Hokkaido1042,0.5,37,2339,130,13878,61.55318729880536,0.04792670034035613,0.10603085553965569
E1,q2_x3_resunet_cas-single_seed42,cas-single,single-stream,42,1120,na,hokkaido_iburi_tobu,Hokkaido1043,0.5,0,1606,111,14667,61.228762880082385,0.0,0.0
E1,q2_x3_resunet_cas-single_seed42,cas-single,single-stream,42,1120,na,hokkaido_iburi_tobu,Hokkaido1044,0.5,43,141,3,16197,5.270706689717814,0.2816901408446142,0.8592808147989249
E1,q2_x3_resunet_cas-single_seed42,cas-single,single-stream,42,1120,na,hokkaido_iburi_tobu,Hokkaido1045,0.5,54,2406,89,13835,34.678943024900576,0.004608294930557795,0.03773584905620917
E1,q2_x3_resunet_cas-single_seed42,cas-single,single-stream,42,1120,na,hokkaido_iburi_tobu,Hokkaido1046,0.5,5,4749,145,11485,58.490147927330966,0.039937874417270224,0.07040248479326998
E1,q2_x3_resunet_cas-single_seed42,cas-single,single-stream,42,1120,na,hokkaido_iburi_tobu,Hokkaido1047,0.5,0,2300,146,13938,79.21710285674065,0.0,0.0
E1,q2_x3_resunet_cas-single_seed42,cas-single,single-stream,42,1120,na,hokkaido_iburi_tobu,Hokkaido1048,0.5,45,2340,752,13247,48.171563076640155,0.05754989773559576,0.09760813821464326
E1,q2_x3_resunet_cas-single_seed42,cas-single,single-stream,42,1120,na,hokkaido_iburi_tobu,Hokkaido1049,0.5,881,1508,2194,11801,33.111930558039575,0.3044206919664448,0.46296900201797364
E1,q2_x3_resunet_cas-single_seed42,cas-single,single-stream,42,1120,na,hokkaido_iburi_tobu,Hokkaido1050,0.5,2400,829,4936,8219,25.495097567963924,0.27302767426748065,0.4560273547700941
E1,q2_x3_resunet_cas-single_seed42,cas-single,single-stream,42,1120,na,hokkaido_iburi_tobu,Hokkaido1051,0.5,2526,945,6277,6636,41.525793727150095,0.2605941477898921,0.40277066121673644
E1,q2_x3_resunet_cas-single_seed42,cas-single,single-stream,42,1120,na,hokkaido_iburi_tobu,Hokkaido1052,0.5,1471,1117,4755,9041,51.62363799656123,0.22728674969383209,0.3228314602303757
E1,q2_x3_resunet_cas-single_seed42,cas-single,single-stream,42,1120,na,hokkaido_iburi_tobu,Hokkaido1053,0.5,578,379,4915,10512,52.36265359555859,0.14330260184132207,0.2577286888572057
E1,q2_x3_resunet_cas-single_seed42,cas-single,single-stream,42,1120,na,hokkaido_iburi_tobu,Hokkaido1054,0.5,2037,446,4776,9125,48.30579548165002,0.37419342073664313,0.4879534974985136
E1,q2_x3_resunet_cas-single_seed42,cas-single,single-stream,42,1120,na,hokkaido_iburi_tobu,Hokkaido1055,0.5,886,382,5198,9918,54.48853090330111,0.12478323432817458,0.19656488549600595
E1,q2_x3_resunet_cas-single_seed42,cas-single,single-stream,42,1120,na,hokkaido_iburi_tobu,Hokkaido1056,0.5,938,1816,3434,10196,36.44856231409595,0.21875330443023389,0.35831350186302396
E1,q2_x3_resunet_cas-single_seed42,cas-single,single-stream,42,1120,na,hokkaido_iburi_tobu,Hokkaido1057,0.5,281,1394,1971,12738,58.69412236331676,0.09158615136845376,0.15705039063454662
E1,q2_x3_resunet_cas-single_seed42,cas-single,single-stream,42,1120,na,hokkaido_iburi_tobu,Hokkaido1058,0.5,0,1179,620,14585,62.79529696765177,0.0,0.0
E1,q2_x3_resunet_cas-single_seed42,cas-single,single-stream,42,1120,na,hokkaido_iburi_tobu,Hokkaido1059,0.5,154,4701,496,11033,71.54857992150909,0.09148359915688806,0.15360619587967
E1,q2_x3_resunet_cas-single_seed42,cas-single,single-stream,42,1120,na,hokkaido_iburi_tobu,Hokkaido1060,0.5,105,4818,248,11213,71.0703705825185,0.028481012657742995,0.08048289738380804
E1,q2_x3_resunet_cas-single_seed42,cas-single,single-stream,42,1120,na,hokkaido_iburi_tobu,Hokkaido1061,0.5,30,4149,125,12080,73.33926906415861,0.009501187648215052,0.08523827973618354
E1,q2_x3_resunet_cas-single_seed42,cas-single,single-stream,42,1120,na,hokkaido_iburi_tobu,Hokkaido1062,0.5,17,3596,547,12224,42.028506932918695,0.0,0.008275862068470315
E1,q2_x3_resunet_cas-single_seed42,cas-single,single-stream,42,1120,na,hokkaido_iburi_tobu,Hokkaido1063,0.5,681,4344,786,10573,31.27272997050502,0.07950802381952901,0.1823548506415923
E1,q2_x3_resunet_cas-single_seed42,cas-single,single-stream,42,1120,na,hokkaido_iburi_tobu,Hokkaido1064,0.5,638,4621,1467,9658,28.81578264544713,0.08288937954465156,0.18934000898149975
E1,q2_x3_resunet_cas-single_seed42,cas-single,single-stream,42,1120,na,hokkaido_iburi_tobu,Hokkaido1065,0.5,616,2854,1545,11369,34.121097791767134,0.14170678618493807,0.22944103014301565
E1,q2_x3_resunet_cas-single_seed42,cas-single,single-stream,42,1120,na,hokkaido_iburi_tobu,Hokkaido1066,0.5,903,2383,1065,12033,42.80186911806539,0.17908990869583535,0.32961474333635965
E1,q2_x3_resunet_cas-single_seed42,cas-single,single-stream,42,1120,na,hokkaido_iburi_tobu,Hokkaido1067,0.5,132,1574,1450,13228,49.39635614091387,0.15077061368152758,0.20705051795520996
E1,q2_x3_resunet_cas-single_seed42,cas-single,single-stream,42,1120,na,hokkaido_iburi_tobu,Hokkaido1068,0.5,457,4486,1113,10328,31.622776601683793,0.09264338024730683,0.18901232227444487
E1,q2_x3_resunet_cas-single_seed42,cas-single,single-stream,42,1120,na,hokkaido_iburi_tobu,Hokkaido1069,0.5,109,4055,1444,10776,40.528316174352476,0.13088425139975227,0.20762416641734596
E1,q2_x3_resunet_cas-single_seed42,cas-single,single-stream,42,1120,na,hokkaido_iburi_tobu,Hokkaido1070,0.5,272,4147,1458,10507,36.56488749700148,0.12600684819783306,0.235285261265536
E1,q2_x3_resunet_cas-single_seed42,cas-single,single-stream,42,1120,na,hokkaido_iburi_tobu,Hokkaido1071,0.5,252,4732,1451,9949,38.999589795011715,0.05002766506780506,0.0811597371185473
E1,q2_x3_resunet_cas-single_seed42,cas-single,single-stream,42,1120,na,hokkaido_iburi_tobu,Hokkaido1072,0.5,574,2490,724,12596,42.083205617307456,0.1679977316757534,0.2806804374236048
E1,q2_x3_resunet_cas-single_seed42,cas-single,single-stream,42,1120,na,hokkaido_iburi_tobu,Hokkaido1073,0.5,95,4822,1225,10242,38.92749198891349,0.014184397162676124,0.033756137479053566
E1,q2_x3_resunet_cas-single_seed42,cas-single,single-stream,42,1120,na,hokkaido_iburi_tobu,Hokkaido1074,0.5,219,4772,905,10488,32.4714974217806,0.06588368740652809,0.15717616395635534
E1,q2_x3_resunet_cas-single_seed42,cas-single,single-stream,42,1120,na,hokkaido_iburi_tobu,Hokkaido1075,0.5,167,2517,449,13251,50.204045489241224,0.19047619047570621,0.33116062856805484
E1,q2_x3_resunet_cas-single_seed42,cas-single,single-stream,42,1120,na,hokkaido_iburi_tobu,Hokkaido1076,0.5,44,4578,211,11551,65.38224602927838,0.09192366109713881,0.15566541427683583
E1,q2_x3_resunet_cas-single_seed42,cas-single,single-stream,42,1120,na,hokkaido_iburi_tobu,Hokkaido1077,0.5,427,4176,461,11320,43.04648650006177,0.12064405363970282,0.1856985565823572
E1,q2_x3_resunet_cas-single_seed42,cas-single,single-stream,42,1120,na,hokkaido_iburi_tobu,Hokkaido1078,0.5,202,3233,1090,11859,41.23105625617661,0.003944773175115614,0.048369366067803295
E1,q2_x3_resunet_cas-single_seed42,cas-single,single-stream,42,1120,na,hokkaido_iburi_tobu,Hokkaido1079,0.5,366,2260,650,13108,44.5892327575426,0.11101973684167268,0.2112690767708462
E1,q2_x3_resunet_cas-single_seed42,cas-single,single-stream,42,1120,na,hokkaido_iburi_tobu,Hokkaido1080,0.5,212,4123,603,11446,35.34543758369942,0.1022867444724302,0.20239390641955335
E1,q2_x3_resunet_cas-single_seed42,cas-single,single-stream,42,1120,na,hokkaido_iburi_tobu,Hokkaido1081,0.5,116,2951,193,13124,35.83991575608252,0.03046488625078718,0.08942921903931136
E1,q2_x3_resunet_cas-single_seed42,cas-single,single-stream,42,1120,na,hokkaido_iburi_tobu,Hokkaido1082,0.5,29,3665,29,12661,60.68358877296902,0.04663212435201851,0.14635594478220634
E1,q2_x3_resunet_cas-single_seed42,cas-single,single-stream,42,1120,na,hokkaido_iburi_tobu,Hokkaido1083,0.5,0,2672,30,13682,104.02811915172565,0.0,0.0
E1,q2_x3_resunet_cas-single_seed42,cas-single,single-stream,42,1120,na,hokkaido_iburi_tobu,Hokkaido1084,0.5,123,4363,61,11837,69.6419413859206,0.05812545410475722,0.09447331128918772
E1,q2_x3_resunet_cas-single_seed42,cas-single,single-stream,42,1120,na,hokkaido_iburi_tobu,Hokkaido1085,0.5,112,2665,75,13532,57.48903512665097,0.16193678547373525,0.2328667514993642
E1,q2_x3_resunet_cas-single_seed42,cas-single,single-stream,42,1120,na,hokkaido_iburi_tobu,Hokkaido1086,0.5,0,2368,169,13847,80.3714003344797,0.0,0.0
E1,q2_x3_resunet_cas-single_seed42,cas-single,single-stream,42,1120,na,hokkaido_iburi_tobu,Hokkaido1087,0.5,0,3636,116,12632,80.09993757800315,0.0,0.0
E1,q2_x3_resunet_cas-single_seed42,cas-single,single-stream,42,1120,na,hokkaido_iburi_tobu,Hokkaido1088,0.5,0,0,374,16010,181.01933598375618,0.0,0.0
E1,q2_x3_resunet_cas-single_seed42,cas-single,single-stream,42,1120,na,hokkaido_iburi_tobu,Hokkaido1089,0.5,0,30,553,15801,108.85032866779572,0.0,0.0
E1,q2_x3_resunet_cas-single_seed42,cas-single,single-stream,42,1120,na,hokkaido_iburi_tobu,Hokkaido1090,0.5,0,283,372,15729,60.26602476844796,0.0,0.0
E1,q2_x3_resunet_cas-single_seed42,cas-single,single-stream,42,1120,na,hokkaido_iburi_tobu,Hokkaido1091,0.5,0,3405,123,12856,60.8276253029822,0.0,0.023980815347367387
E1,q2_x3_resunet_cas-single_seed42,cas-single,single-stream,42,1120,na,hokkaido_iburi_tobu,Hokkaido1092,0.5,0,192,46,16146,65.43239919656244,0.0,0.0
E1,q2_x3_resunet_cas-single_seed42,cas-single,single-stream,42,1120,na,hokkaido_iburi_tobu,Hokkaido1093,0.5,20,4896,146,11322,84.8528137423857,0.08789777813922449,0.10894700085325126
E1,q2_x3_resunet_cas-single_seed42,cas-single,single-stream,42,1120,na,hokkaido_iburi_tobu,Hokkaido1094,0.5,102,1536,186,14560,45.989124009777086,0.08447964429573457,0.1395580661234471
E1,q2_x3_resunet_cas-single_seed42,cas-single,single-stream,42,1120,na,hokkaido_iburi_tobu,Hokkaido1095,0.5,0,3949,122,12313,87.4513125227306,0.0,0.0
E1,q2_x3_resunet_cas-single_seed42,cas-single,single-stream,42,1120,na,hokkaido_iburi_tobu,Hokkaido1096,0.5,0,2090,525,13769,60.99830543500438,0.0,0.0
E1,q2_x3_resunet_cas-single_seed42,cas-single,single-stream,42,1120,na,hokkaido_iburi_tobu,Hokkaido1097,0.5,513,3320,1248,11303,50.64259359162607,0.1526535221050446,0.23982590430751957
E1,q2_x3_resunet_cas-single_seed42,cas-single,single-stream,42,1120,na,hokkaido_iburi_tobu,Hokkaido1098,0.5,1867,1223,2430,10864,36.630581806117775,0.3808740086729685,0.5414163922283739
E1,q2_x3_resunet_cas-single_seed42,cas-single,single-stream,42,1120,na,hokkaido_iburi_tobu,Hokkaido1099,0.5,1184,257,4999,9944,69.10119144813194,0.24189530583990576,0.360462153156432
E1,q2_x3_resunet_cas-single_seed42,cas-single,single-stream,42,1120,na,hokkaido_iburi_tobu,Hokkaido1100,0.5,1574,1272,4279,9259,27.529002842518445,0.29912858960579874,0.5067141010033679
E1,q2_x3_resunet_cas-single_seed42,cas-single,single-stream,42,1120,na,hokkaido_iburi_tobu,Hokkaido1101,0.5,1971,2757,2999,8657,35.00570498660791,0.2040836360064041,0.33786853475632045
E1,q2_x3_resunet_cas-single_seed42,cas-single,single-stream,42,1120,na,hokkaido_iburi_tobu,Hokkaido1102,0.5,1554,4522,2878,7430,22.063519438842803,0.2094532616894196,0.33099461905535954
E1,q2_x3_resunet_cas-single_seed42,cas-single,single-stream,42,1120,na,hokkaido_iburi_tobu,Hokkaido1103,0.5,1996,4880,2543,6965,25.077877984400352,0.28188981569974286,0.4412687642614887
E1,q2_x3_resunet_cas-single_seed42,cas-single,single-stream,42,1120,na,hokkaido_iburi_tobu,Hokkaido1104,0.5,611,495,3768,11510,53.823786563191554,0.24777244572816987,0.3558982232700551
E1,q2_x3_resunet_cas-single_seed42,cas-single,single-stream,42,1120,na,hokkaido_iburi_tobu,Hokkaido1105,0.5,554,2029,1751,12050,44.620614594586186,0.18578540946926267,0.29230494093877907
E1,q2_x3_resunet_cas-single_seed42,cas-single,single-stream,42,1120,na,hokkaido_iburi_tobu,Hokkaido1106,0.5,0,1326,272,14786,69.65182003750644,0.0,0.0
E1,q2_x3_resunet_cas-single_seed42,cas-single,single-stream,42,1120,na,hokkaido_iburi_tobu,Hokkaido1108,0.5,0,2814,58,13512,52.67484222103815,0.0,0.0
E1,q2_x3_resunet_cas-single_seed42,cas-single,single-stream,42,1120,na,hokkaido_iburi_tobu,Hokkaido1109,0.5,84,4988,431,10881,53.6399599054878,0.053672316383682715,0.09819848801623539
E1,q2_x3_resunet_cas-single_seed42,cas-single,single-stream,42,1120,na,hokkaido_iburi_tobu,Hokkaido1110,0.5,318,2897,1108,12061,45.454492110503566,0.05849434048223147,0.10232530724074837
E1,q2_x3_resunet_cas-single_seed42,cas-single,single-stream,42,1120,na,hokkaido_iburi_tobu,Hokkaido1111,0.5,493,2448,1804,11639,43.928348229274846,0.1398201016813482,0.2258766869007975
E1,q2_x3_resunet_cas-single_seed42,cas-single,single-stream,42,1120,na,hokkaido_iburi_tobu,Hokkaido1112,0.5,191,1400,1931,12862,50.24937810560445,0.12520847076931246,0.2002814463048516
E1,q2_x3_resunet_cas-single_seed42,cas-single,single-stream,42,1120,na,hokkaido_iburi_tobu,Hokkaido1113,0.5,324,4249,863,10948,38.47726107126865,0.1305318450422459,0.21720725191909937
E1,q2_x3_resunet_cas-single_seed42,cas-single,single-stream,42,1120,na,hokkaido_iburi_tobu,Hokkaido1114,0.5,401,4550,519,10914,30.4138126514911,0.1280443443611959,0.24217282843238633
E1,q2_x3_resunet_cas-single_seed42,cas-single,single-stream,42,1120,na,hokkaido_iburi_tobu,Hokkaido1115,0.5,63,218,1305,14798,69.99569731761491,0.03627526524790217,0.07255053049596098
E1,q2_x3_resunet_cas-single_seed42,cas-single,single-stream,42,1120,na,hokkaido_iburi_tobu,Hokkaido1116,0.5,681,3899,1336,10468,31.45525544806342,0.12101645490484657,0.20237084017554957
E1,q2_x3_resunet_cas-single_seed42,cas-single,single-stream,42,1120,na,hokkaido_iburi_tobu,Hokkaido1117,0.5,187,3413,1111,11673,42.720018726587654,0.07103690973025584,0.10923417345732463
E1,q2_x3_resunet_cas-single_seed42,cas-single,single-stream,42,1120,na,hokkaido_iburi_tobu,Hokkaido1118,0.5,200,3053,584,12547,41.075505315627666,0.10677782676611963,0.15585280568303175
E1,q2_x3_resunet_cas-single_seed42,cas-single,single-stream,42,1120,na,hokkaido_iburi_tobu,Hokkaido1119,0.5,131,2517,626,13110,46.66904755831214,0.13053400273799964,0.1968654213169633
E1,q2_x3_resunet_cas-single_seed42,cas-single,single-stream,42,1120,na,hokkaido_iburi_tobu,Hokkaido1120,0.5,66,4395,85,11838,66.22638528213061,0.10563539237037917,0.22757955641232192
E1,q2_x3_resunet_cas-single_seed42,cas-single,single-stream,42,1120,na,hokkaido_iburi_tobu,Hokkaido1121,0.5,35,4855,53,11441,59.50630218724736,0.12654545454517402,0.16590701914281025
E1,q2_x3_resunet_cas-single_seed42,cas-single,single-stream,42,1120,na,hokkaido_iburi_tobu,Hokkaido1122,0.5,52,5567,43,10722,60.73482718191122,0.0,0.0
E1,q2_x3_resunet_cas-single_seed42,cas-single,single-stream,42,1120,na,hokkaido_iburi_tobu,Hokkaido1123,0.5,113,4075,167,12029,44.9123374307777,0.0,0.004073319755154574
E1,q2_x3_resunet_cas-single_seed42,cas-single,single-stream,42,1120,na,hokkaido_iburi_tobu,Hokkaido1124,0.5,44,4585,343,11412,40.311288741492746,0.0049019607841251575,0.005142857142741833
E1,q2_x3_resunet_cas-single_seed42,cas-single,single-stream,42,1120,na,hokkaido_iburi_tobu,Hokkaido1125,0.5,109,4610,578,11087,41.78334647717184,0.04931151322854116,0.08147174769989446
E1,q2_x3_resunet_cas-single_seed42,cas-single,single-stream,42,1120,na,hokkaido_iburi_tobu,Hokkaido1126,0.5,666,3377,843,11498,32.2490309931942,0.17569432465023052,0.25406750849881266
E1,q2_x3_resunet_cas-single_seed42,cas-single,single-stream,42,1120,na,hokkaido_iburi_tobu,Hokkaido1127,0.5,238,2402,918,12826,38.590153836767094,0.11759113312773806,0.19278506327910805
E1,q2_x3_resunet_cas-single_seed42,cas-single,single-stream,42,1120,na,hokkaido_iburi_tobu,Hokkaido1128,0.5,11,3209,183,12981,59.481079936186745,0.0,0.0
E1,q2_x3_resunet_cas-single_seed42,cas-single,single-stream,42,1120,na,hokkaido_iburi_tobu,Hokkaido1129,0.5,0,3882,19,12483,99.83686284028913,0.0,0.0
E1,q2_x3_resunet_cas-single_seed42,cas-single,single-stream,42,1120,na,hokkaido_iburi_tobu,Hokkaido1132,0.5,83,2603,359,13339,37.0,0.046502615771644655,0.07992713195896972
E1,q2_x3_resunet_cas-single_seed42,cas-single,single-stream,42,1120,na,hokkaido_iburi_tobu,Hokkaido1133,0.5,76,575,395,15338,49.64876634922564,0.17959676202881805,0.23760775862023964
E1,q2_x3_resunet_cas-single_seed42,cas-single,single-stream,42,1120,na,hokkaido_iburi_tobu,Hokkaido1134,0.5,0,3239,211,12934,49.64246474842815,0.0,0.006896551723726422
E1,q2_x3_resunet_cas-single_seed42,cas-single,single-stream,42,1120,na,hokkaido_iburi_tobu,Hokkaido1135,0.5,5,2094,13,14272,56.84403887247091,0.07662835249031312,0.12170022371352598
E1,q2_x3_resunet_cas-single_seed42,cas-single,single-stream,42,1120,na,hokkaido_iburi_tobu,Hokkaido1136,0.5,0,3676,23,12685,108.37896288448492,0.0,0.0
E1,q2_x3_resunet_cas-single_seed42,cas-single,single-stream,42,1120,na,hokkaido_iburi_tobu,Hokkaido1137,0.5,53,4395,92,11844,70.21039727736014,0.0805369127513184,0.14485981308374188
E1,q2_x3_resunet_cas-single_seed42,cas-single,single-stream,42,1120,na,hokkaido_iburi_tobu,Hokkaido1138,0.5,0,4110,122,12152,65.61895111301199,0.0,0.0
E1,q2_x3_resunet_cas-single_seed42,cas-single,single-stream,42,1120,na,hokkaido_iburi_tobu,Hokkaido1139,0.5,0,2800,113,13471,63.61602988511192,0.0,0.0
E1,q2_x3_resunet_cas-single_seed42,cas-single,single-stream,42,1120,na,hokkaido_iburi_tobu,Hokkaido1140,0.5,0,2070,900,13414,41.96601111284035,0.0,0.0
E1,q2_x3_resunet_cas-single_seed42,cas-single,single-stream,42,1120,na,hokkaido_iburi_tobu,Hokkaido1141,0.5,188,2336,1993,11867,44.3034904668646,0.0507291536828036,0.09545734574070919
E1,q2_x3_resunet_cas-single_seed42,cas-single,single-stream,42,1120,na,hokkaido_iburi_tobu,Hokkaido1142,0.5,1354,3520,2367,9143,30.4138126514911,0.20549349738240175,0.3184319638141574
E1,q2_x3_resunet_cas-single_seed42,cas-single,single-stream,42,1120,na,hokkaido_iburi_tobu,Hokkaido1143,0.5,792,1072,3866,10654,54.433903288974996,0.13353456082074294,0.24948049117171447
E1,q2_x3_resunet_cas-single_seed42,cas-single,single-stream,42,1120,na,hokkaido_iburi_tobu,Hokkaido1144,0.5,1580,4007,1499,9298,26.81039258973574,0.20293308137820987,0.28910296190141155
E1,q2_x3_resunet_cas-single_seed42,cas-single,single-stream,42,1120,na,hokkaido_iburi_tobu,Hokkaido1145,0.5,395,3511,1512,10966,41.959455118217534,0.1510420655321133,0.2612236535453152
E1,q2_x3_resunet_cas-single_seed42,cas-single,single-stream,42,1120,na,hokkaido_iburi_tobu,Hokkaido1146,0.5,519,1273,2155,12437,49.078973381966534,0.09513274336260814,0.16340685254517034
E1,q2_x3_resunet_cas-single_seed42,cas-single,single-stream,42,1120,na,hokkaido_iburi_tobu,Hokkaido1147,0.5,214,3119,1441,11610,50.60632371551998,0.059895083998816205,0.10928621468005632
E1,q2_x3_resunet_cas-single_seed42,cas-single,single-stream,42,1120,na,hokkaido_iburi_tobu,Hokkaido1148,0.5,51,3776,183,12374,52.783549465340926,0.010914051841246742,0.01577626389348924
E1,q2_x3_resunet_cas-single_seed42,cas-single,single-stream,42,1120,na,hokkaido_iburi_tobu,Hokkaido1149,0.5,21,4376,217,11770,59.985714989890035,0.0,0.03836930455587472
E1,q2_x3_resunet_cas-single_seed42,cas-single,single-stream,42,1120,na,hokkaido_iburi_tobu,Hokkaido1150,0.5,23,4212,150,11999,70.35481297869438,0.06355932203353412,0.0921695760594774
E1,q2_x3_resunet_cas-single_seed42,cas-single,single-stream,42,1120,na,hokkaido_iburi_tobu,Hokkaido1151,0.5,3,4367,135,11879,54.000925846556314,0.05139186295472626,0.07707910750471546
E1,q2_x3_resunet_cas-single_seed42,cas-single,single-stream,42,1120,na,hokkaido_iburi_tobu,Hokkaido1152,0.5,152,3526,3,12703,34.058772731852805,0.008421052631330625,0.08088235294079783
E1,q2_x3_resunet_cas-single_seed42,cas-single,single-stream,42,1120,na,hokkaido_iburi_tobu,Hokkaido1153,0.5,20,4015,272,12077,44.039960797969364,0.06156101135906534,0.09504412763029763
E1,q2_x3_resunet_cas-single_seed42,cas-single,single-stream,42,1120,na,hokkaido_iburi_tobu,Hokkaido1154,0.5,79,2658,427,13220,54.55088737888788,0.0246141824570332,0.07266982622383236
E1,q2_x3_resunet_cas-single_seed42,cas-single,single-stream,42,1120,na,hokkaido_iburi_tobu,Hokkaido1155,0.5,175,2472,1155,12582,41.15154712404187,0.06810996838566548,0.13166517724114854
E1,q2_x3_resunet_cas-single_seed42,cas-single,single-stream,42,1120,na,hokkaido_iburi_tobu,Hokkaido1156,0.5,236,2244,1280,12624,47.4236228055175,0.129995858355411,0.2133034809309323
E1,q2_x3_resunet_cas-single_seed42,cas-single,single-stream,42,1120,na,hokkaido_iburi_tobu,Hokkaido1157,0.5,361,3947,322,11754,28.411194494817,0.16805304400191193,0.29106678472525666
E1,q2_x3_resunet_cas-single_seed42,cas-single,single-stream,42,1120,na,hokkaido_iburi_tobu,Hokkaido1158,0.5,491,3472,891,11530,35.824544680378125,0.13264415654112077,0.2037831021432953
E1,q2_x3_resunet_cas-single_seed42,cas-single,single-stream,42,1120,na,hokkaido_iburi_tobu,Hokkaido1159,0.5,734,4012,2131,9507,34.41220603289796,0.2255811875243692,0.35636926689372017
E1,q2_x3_resunet_cas-single_seed42,cas-single,single-stream,42,1120,na,hokkaido_iburi_tobu,Hokkaido1160,0.5,1158,1984,2184,11058,41.23105625617661,0.1124004144676292,0.21370065012580458
E1,q2_x3_resunet_cas-single_seed42,cas-single,single-stream,42,1120,na,hokkaido_iburi_tobu,Hokkaido1161,0.5,879,2325,1441,11739,44.026853542851846,0.16050583657547868,0.218595941452593
E1,q2_x3_resunet_cas-single_seed42,cas-single,single-stream,42,1120,na,hokkaido_iburi_tobu,Hokkaido1162,0.5,631,1793,697,13263,47.339484523048526,0.21374616086946135,0.30917599533401996
E1,q2_x3_resunet_cas-single_seed42,cas-single,single-stream,42,1120,na,hokkaido_iburi_tobu,Hokkaido1163,0.5,328,4298,586,11172,40.02561280701587,0.17038612467373765,0.2651880424295881
E1,q2_x3_resunet_cas-single_seed42,cas-single,single-stream,42,1120,na,hokkaido_iburi_tobu,Hokkaido1164,0.5,35,4314,465,11570,63.82908494524573,0.05336721728031398,0.07309291308081677
E1,q2_x3_resunet_cas-single_seed42,cas-single,single-stream,42,1120,na,hokkaido_iburi_tobu,Hokkaido1165,0.5,35,4969,358,11022,50.39779894368385,0.0,0.0
E1,q2_x3_resunet_cas-single_seed42,cas-single,single-stream,42,1120,na,hokkaido_iburi_tobu,Hokkaido1166,0.5,97,4180,153,11954,29.205984047322296,0.01364965875828687,0.037588097102381667
E1,q2_x3_resunet_cas-single_seed42,cas-single,single-stream,42,1120,na,hokkaido_iburi_tobu,Hokkaido1167,0.5,21,2733,194,13436,48.95496858974807,0.020618556700537357,0.049036777582688866
E1,q2_x3_resunet_cas-single_seed42,cas-single,single-stream,42,1120,na,hokkaido_iburi_tobu,Hokkaido1168,0.5,0,2611,161,13612,48.76166504456119,0.0,0.0
E1,q2_x3_resunet_cas-single_seed42,cas-single,single-stream,42,1120,na,hokkaido_iburi_tobu,Hokkaido1169,0.5,117,4566,137,11564,44.05961185391783,0.0,0.0618238021633575
E1,q2_x3_resunet_cas-single_seed42,cas-single,single-stream,42,1120,na,hokkaido_iburi_tobu,Hokkaido1170,0.5,466,2722,784,12412,32.57144332856385,0.22938872542285837,0.3772337568428151
E1,q2_x3_resunet_cas-single_seed42,cas-single,single-stream,42,1120,na,hokkaido_iburi_tobu,Hokkaido1171,0.5,352,3728,1195,11109,36.13561196427479,0.162019371880965,0.25577538132179084
E1,q2_x3_resunet_cas-single_seed42,cas-single,single-stream,42,1120,na,hokkaido_iburi_tobu,Hokkaido1172,0.5,323,2291,403,13367,42.446690533452966,0.12122918793292149,0.19126809706093506
E1,q2_x3_resunet_cas-single_seed42,cas-single,single-stream,42,1120,na,hokkaido_iburi_tobu,Hokkaido1173,0.5,7,2849,234,13294,46.0760164650328,0.0,0.0
E1,q2_x3_resunet_cas-single_seed42,cas-single,single-stream,42,1120,na,hokkaido_iburi_tobu,Hokkaido1174,0.5,65,5303,22,10994,82.0792300158816,0.18471440064333242,0.2465281946609532
E1,q2_x3_resunet_cas-single_seed42,cas-single,single-stream,42,1120,na,hokkaido_iburi_tobu,Hokkaido1175,0.5,0,2349,40,13995,87.46427842267951,0.0,0.0
E1,q2_x3_resunet_cas-single_seed42,cas-single,single-stream,42,1120,na,hokkaido_iburi_tobu,Hokkaido1178,0.5,0,117,61,16206,73.06570414344218,0.0,0.0
E1,q2_x3_resunet_cas-single_seed42,cas-single,single-stream,42,1120,na,hokkaido_iburi_tobu,Hokkaido1179,0.5,0,3555,68,12761,77.2709509408062,0.0,0.0
E1,q2_x3_resunet_cas-single_seed42,cas-single,single-stream,42,1120,na,hokkaido_iburi_tobu,Hokkaido1180,0.5,0,2301,20,14063,90.07380243176294,0.0,0.0
E1,q2_x3_resunet_cas-single_seed42,cas-single,single-stream,42,1120,na,hokkaido_iburi_tobu,Hokkaido1183,0.5,0,2061,94,14229,87.59849542956098,0.0,0.0
E1,q2_x3_resunet_cas-single_seed42,cas-single,single-stream,42,1120,na,hokkaido_iburi_tobu,Hokkaido1184,0.5,0,3435,94,12855,80.98826967528186,0.0,0.0
E1,q2_x3_resunet_cas-single_seed42,cas-single,single-stream,42,1120,na,hokkaido_iburi_tobu,Hokkaido1186,0.5,50,1387,93,14854,80.03747876776201,0.0,0.016574585634949606
E1,q2_x3_resunet_cas-single_seed42,cas-single,single-stream,42,1120,na,hokkaido_iburi_tobu,Hokkaido1187,0.5,67,3100,110,13107,39.92182120807523,0.12543440486496404,0.18048222131928457
E1,q2_x3_resunet_cas-single_seed42,cas-single,single-stream,42,1120,na,hokkaido_iburi_tobu,Hokkaido1188,0.5,50,4574,607,11153,51.43926720819846,0.08111644134272182,0.13905930470297742
E1,q2_x3_resunet_cas-single_seed42,cas-single,single-stream,42,1120,na,hokkaido_iburi_tobu,Hokkaido1189,0.5,845,4760,1418,9361,40.807474460634026,0.18024769646091662,0.29595009911029074
E1,q2_x3_resunet_cas-single_seed42,cas-single,single-stream,42,1120,na,hokkaido_iburi_tobu,Hokkaido1190,0.5,635,4348,1413,9988,32.61865595520426,0.17044301657039757,0.3230057967458858
E1,q2_x3_resunet_cas-single_seed42,cas-single,single-stream,42,1120,na,hokkaido_iburi_tobu,Hokkaido1191,0.5,109,3480,804,11991,43.90207326870566,0.1267188859873209,0.18872549019558454
E1,q2_x3_resunet_cas-single_seed42,cas-single,single-stream,42,1120,na,hokkaido_iburi_tobu,Hokkaido1192,0.5,342,3626,736,11680,39.408120990476064,0.1434907383245811,0.21203991844568815
E1,q2_x3_resunet_cas-single_seed42,cas-single,single-stream,42,1120,na,hokkaido_iburi_tobu,Hokkaido1193,0.5,18,1929,609,13828,56.1515353793611,0.0,0.039999999999546
E1,q2_x3_resunet_cas-single_seed42,cas-single,single-stream,42,1120,na,hokkaido_iburi_tobu,Hokkaido1194,0.5,14,4115,144,12111,62.679720149506466,0.06792528218926096,0.07136514087321578
E1,q2_x3_resunet_cas-single_seed42,cas-single,single-stream,42,1120,na,hokkaido_iburi_tobu,Hokkaido1195,0.5,158,3261,89,12876,48.18971224839054,0.1331118756668873,0.15968063872209912
E1,q2_x3_resunet_cas-single_seed42,cas-single,single-stream,42,1120,na,hokkaido_iburi_tobu,Hokkaido1196,0.5,38,4723,144,11479,45.816476058777106,0.035225048923315565,0.04837780764018124
E1,q2_x3_resunet_cas-single_seed42,cas-single,single-stream,42,1120,na,hokkaido_iburi_tobu,Hokkaido1197,0.5,4,5186,133,11061,62.07052378464044,0.04467912266425534,0.056323499071433754
E1,q2_x3_resunet_cas-single_seed42,cas-single,single-stream,42,1120,na,hokkaido_iburi_tobu,Hokkaido1198,0.5,36,3400,156,12792,42.16593416034364,0.08275685370192519,0.15126167572807284
E1,q2_x3_resunet_cas-single_seed42,cas-single,single-stream,42,1120,na,hokkaido_iburi_tobu,Hokkaido1199,0.5,16,4787,171,11410,45.603506757078584,0.03283173734578652,0.13598791218524475
E1,q2_x3_resunet_cas-single_seed42,cas-single,single-stream,42,1120,na,hokkaido_iburi_tobu,Hokkaido1200,0.5,25,4050,196,12113,39.11521443121589,0.0,0.0
E1,q2_x3_resunet_cas-single_seed42,cas-single,single-stream,42,1120,na,hokkaido_iburi_tobu,Hokkaido1201,0.5,152,4814,272,11146,34.0,0.14341590612728602,0.20147820731085647
E1,q2_x3_resunet_cas-single_seed42,cas-single,single-stream,42,1120,na,hokkaido_iburi_tobu,Hokkaido1202,0.5,194,5400,436,10354,30.743803607993073,0.030966531122486502,0.11105209791849174
E1,q2_x3_resunet_cas-single_seed42,cas-single,single-stream,42,1120,na,hokkaido_iburi_tobu,Hokkaido1203,0.5,235,4640,485,11024,29.59371208835972,0.17596336532322476,0.31967849966460904
E1,q2_x3_resunet_cas-single_seed42,cas-single,single-stream,42,1120,na,hokkaido_iburi_tobu,Hokkaido1204,0.5,435,3871,974,11104,31.304951684997057,0.11144496039288407,0.22403894619037262
E1,q2_x3_resunet_cas-single_seed42,cas-single,single-stream,42,1120,na,hokkaido_iburi_tobu,Hokkaido1205,0.5,1179,2892,1910,10403,36.235341863986875,0.23675787765367667,0.3586346180323181
E1,q2_x3_resunet_cas-single_seed42,cas-single,single-stream,42,1120,na,hokkaido_iburi_tobu,Hokkaido1206,0.5,1523,4028,2142,8691,32.202484376209235,0.13733742510560354,0.2233066562557496
E1,q2_x3_resunet_cas-single_seed42,cas-single,single-stream,42,1120,na,hokkaido_iburi_tobu,Hokkaido1207,0.5,171,1487,2060,12666,59.665735560705194,0.09499755580872166,0.16663621414185187
E1,q2_x3_resunet_cas-single_seed42,cas-single,single-stream,42,1120,na,hokkaido_iburi_tobu,Hokkaido1208,0.5,89,1824,954,13517,44.553338819890925,0.06524466750269715,0.09677094859630245
E1,q2_x3_resunet_cas-single_seed42,cas-single,single-stream,42,1120,na,hokkaido_iburi_tobu,Hokkaido1209,0.5,567,3152,613,12052,48.181932599582105,0.1414022388683504,0.22357701645491718
E1,q2_x3_resunet_cas-single_seed42,cas-single,single-stream,42,1120,na,hokkaido_iburi_tobu,Hokkaido1210,0.5,308,3027,908,12141,40.452030365760294,0.043716927945709326,0.122925760333158
E1,q2_x3_resunet_cas-single_seed42,cas-single,single-stream,42,1120,na,hokkaido_iburi_tobu,Hokkaido1211,0.5,205,4221,499,11459,33.60802733139858,0.17797746547500684,0.2712421658270978
E1,q2_x3_resunet_cas-single_seed42,cas-single,single-stream,42,1120,na,hokkaido_iburi_tobu,Hokkaido1212,0.5,240,5090,303,10751,34.12279032045116,0.14264487369937465,0.2192982456135543
E1,q2_x3_resunet_cas-single_seed42,cas-single,single-stream,42,1120,na,hokkaido_iburi_tobu,Hokkaido1213,0.5,232,4305,71,11776,27.012958520548814,0.06802416647987714,0.17637795275548873
E1,q2_x3_resunet_cas-single_seed42,cas-single,single-stream,42,1120,na,hokkaido_iburi_tobu,Hokkaido1214,0.5,21,5271,6,11086,70.62284203444555,0.09757887013928081,0.18717367747001828
E1,q2_x3_resunet_cas-single_seed42,cas-single,single-stream,42,1120,na,hokkaido_iburi_tobu,Hokkaido1216,0.5,0,3177,115,13092,77.32850003025936,0.0,0.0
E1,q2_x3_resunet_cas-single_seed42,cas-single,single-stream,42,1120,na,hokkaido_iburi_tobu,Hokkaido1217,0.5,56,2718,442,13168,50.84203172986316,0.0,0.0
E1,q2_x3_resunet_cas-single_seed42,cas-single,single-stream,42,1120,na,hokkaido_iburi_tobu,Hokkaido1218,0.5,165,3853,683,11683,34.556988568664345,0.059982947990883766,0.11377008522153693
E1,q2_x3_resunet_cas-single_seed42,cas-single,single-stream,42,1120,na,hokkaido_iburi_tobu,Hokkaido1219,0.5,576,3584,254,11970,30.20489347784443,0.2593909600986226,0.3785722167047857
E1,q2_x3_resunet_cas-single_seed42,cas-single,single-stream,42,1120,na,hokkaido_iburi_tobu,Hokkaido1220,0.5,156,4702,255,11271,44.95263889339975,0.12367520654215368,0.2059121377244083
E1,q2_x3_resunet_cas-single_seed42,cas-single,single-stream,42,1120,na,hokkaido_iburi_tobu,Hokkaido1221,0.5,0,1497,40,14847,81.22488660385012,0.0,0.0
E1,q2_x3_resunet_cas-single_seed42,cas-single,single-stream,42,1120,na,hokkaido_iburi_tobu,Hokkaido1223,0.5,65,2755,37,13527,56.334707945067684,0.07009345794362422,0.10926829268260027
E1,q2_x3_resunet_cas-single_seed42,cas-single,single-stream,42,1120,na,hokkaido_iburi_tobu,Hokkaido1224,0.5,0,2012,102,14270,56.03033251287687,0.0,0.041994750655682526
E1,q2_x3_resunet_cas-single_seed42,cas-single,single-stream,42,1120,na,hokkaido_iburi_tobu,Hokkaido1225,0.5,77,3797,17,12493,59.14895830680461,0.14958205015378576,0.19334277620376236
E1,q2_x3_resunet_cas-single_seed42,cas-single,single-stream,42,1120,na,hokkaido_iburi_tobu,Hokkaido1226,0.5,33,1092,97,15162,50.84708445786739,0.18909090909053683,0.24877832074594608
E1,q2_x3_resunet_cas-single_seed42,cas-single,single-stream,42,1120,na,hokkaido_iburi_tobu,Hokkaido1227,0.5,103,3731,0,12550,43.829214001622255,0.0,0.0
E1,q2_x3_resunet_cas-single_seed42,cas-single,single-stream,42,1120,na,hokkaido_iburi_tobu,Hokkaido1228,0.5,0,4495,67,11822,94.11614887909069,0.0,0.0
E1,q2_x3_resunet_cas-single_seed42,cas-single,single-stream,42,1120,na,hokkaido_iburi_tobu,Hokkaido1230,0.5,0,4044,36,12304,103.14067880322224,0.0,0.0
E1,q2_x3_resunet_cas-single_seed42,cas-single,single-stream,42,1120,na,hokkaido_iburi_tobu,Hokkaido1231,0.5,0,3092,44,13248,93.66295043476046,0.0,0.0
E1,q2_x3_resunet_cas-single_seed42,cas-single,single-stream,42,1120,na,hokkaido_iburi_tobu,Hokkaido1232,0.5,0,1914,124,14346,57.99481256267555,0.0,0.0
E1,q2_x3_resunet_cas-single_seed42,cas-single,single-stream,42,1120,na,hokkaido_iburi_tobu,Hokkaido1233,0.5,150,3448,776,12010,30.4138126514911,0.06706494507563401,0.12335591343950418
E1,q2_x3_resunet_cas-single_seed42,cas-single,single-stream,42,1120,na,hokkaido_iburi_tobu,Hokkaido1234,0.5,279,834,1178,14093,49.68649419193471,0.0781440781437311,0.17104677060096682
E1,q2_x3_resunet_cas-single_seed42,cas-single,single-stream,42,1120,na,hokkaido_iburi_tobu,Hokkaido1235,0.5,84,4262,927,11111,43.17232469133106,0.038854805725522905,0.06934088875587073
E1,q2_x3_resunet_cas-single_seed42,cas-single,single-stream,42,1120,na,hokkaido_iburi_tobu,Hokkaido1236,0.5,414,4458,120,11392,47.63845766185641,0.17616339793383504,0.2317434015855027
E1,q2_x3_resunet_cas-single_seed42,cas-single,single-stream,42,1120,na,hokkaido_iburi_tobu,Hokkaido1237,0.5,0,2761,160,13463,83.75350000891868,0.0,0.0
E1,q2_x3_resunet_cas-single_seed42,cas-single,single-stream,42,1120,na,hokkaido_iburi_tobu,Hokkaido1238,0.5,35,4554,0,11795,76.66974501512688,0.0,0.01492537313420737
E1,q2_x3_resunet_cas-single_seed42,cas-single,single-stream,42,1120,na,hokkaido_iburi_tobu,Hokkaido1239,0.5,34,2974,48,13328,44.37566075617988,0.08815426997217585,0.11331444759182482
E1,q2_x3_resunet_cas-single_seed42,cas-single,single-stream,42,1120,na,hokkaido_iburi_tobu,Hokkaido1240,0.5,15,4545,47,11777,41.43669871020132,0.04556962025292852,0.07644703312681994
E1,q2_x3_resunet_cas-single_seed42,cas-single,single-stream,42,1120,na,hokkaido_iburi_tobu,Hokkaido1241,0.5,15,5517,10,10842,60.02415549955136,0.0,0.0
E1,q2_x3_resunet_cas-single_seed42,cas-single,single-stream,42,1120,na,hokkaido_iburi_tobu,Hokkaido1242,0.5,16,2736,58,13574,59.79612720043796,0.10807017543829907,0.15877598152388991
E1,q2_x3_resunet_cas-single_seed42,cas-single,single-stream,42,1120,na,hokkaido_iburi_tobu,Hokkaido1243,0.5,0,3520,219,12645,35.92557613392359,0.011385199240581127,0.031602708803165305
E1,q2_x3_resunet_cas-single_seed42,cas-single,single-stream,42,1120,na,hokkaido_iburi_tobu,Hokkaido1244,0.5,148,4483,107,11646,42.48757920755072,0.0526645768020891,0.07631969472081074
E1,q2_x3_resunet_cas-single_seed42,cas-single,single-stream,42,1120,na,hokkaido_iburi_tobu,Hokkaido1245,0.5,18,2448,184,13734,32.18011925933864,0.0,0.0
E1,q2_x3_resunet_cas-single_seed42,cas-single,single-stream,42,1120,na,hokkaido_iburi_tobu,Hokkaido1246,0.5,104,3285,194,12801,47.41307836451879,0.0,0.0
E1,q2_x3_resunet_cas-single_seed42,cas-single,single-stream,42,1120,na,hokkaido_iburi_tobu,Hokkaido1247,0.5,206,3797,513,11868,34.713109915419565,0.05045796083973679,0.10326349070203686
E1,q2_x3_resunet_cas-single_seed42,cas-single,single-stream,42,1120,na,hokkaido_iburi_tobu,Hokkaido1248,0.5,238,4570,685,10891,39.84027624493014,0.11711711711664625,0.19791751624343681
E1,q2_x3_resunet_cas-single_seed42,cas-single,single-stream,42,1120,na,hokkaido_iburi_tobu,Hokkaido1249,0.5,416,1938,1530,12500,46.26224406674004,0.16861377131816035,0.30810290626770825
E1,q2_x3_resunet_cas-single_seed42,cas-single,single-stream,42,1120,na,hokkaido_iburi_tobu,Hokkaido1250,0.5,768,2773,1665,11178,48.12066385820301,0.13881334421139255,0.21694214875995768
E1,q2_x3_resunet_cas-single_seed42,cas-single,single-stream,42,1120,na,hokkaido_iburi_tobu,Hokkaido1251,0.5,170,3994,1142,11078,34.665544223401675,0.09826272059285843,0.15431115276430457
E1,q2_x3_resunet_cas-single_seed42,cas-single,single-stream,42,1120,na,hokkaido_iburi_tobu,Hokkaido1252,0.5,484,3624,552,11724,35.608987629529715,0.06974128233923411,0.13808967430944516
E1,q2_x3_resunet_cas-single_seed42,cas-single,single-stream,42,1120,na,hokkaido_iburi_tobu,Hokkaido1253,0.5,728,4590,615,10451,29.45837421269448,0.1410313568133334,0.2068672491165502
E1,q2_x3_resunet_cas-single_seed42,cas-single,single-stream,42,1120,na,hokkaido_iburi_tobu,Hokkaido1254,0.5,35,2401,941,13007,35.62791000066195,0.04569687737955379,0.06934229880178884
E1,q2_x3_resunet_cas-single_seed42,cas-single,single-stream,42,1120,na,hokkaido_iburi_tobu,Hokkaido1255,0.5,511,4126,386,11361,33.26614600499807,0.11490059221608226,0.21124209315648715
E1,q2_x3_resunet_cas-single_seed42,cas-single,single-stream,42,1120,na,hokkaido_iburi_tobu,Hokkaido1256,0.5,193,3605,1011,11575,35.657997617131365,0.08874458874410945,0.157207023274337
E1,q2_x3_resunet_cas-single_seed42,cas-single,single-stream,42,1120,na,hokkaido_iburi_tobu,Hokkaido1257,0.5,437,4867,242,10838,30.083217912982647,0.08563447725411855,0.19972285389376962
E1,q2_x3_resunet_cas-single_seed42,cas-single,single-stream,42,1120,na,hokkaido_iburi_tobu,Hokkaido1258,0.5,0,4374,164,11846,47.01063709417264,0.016032064127928902,0.06388804380868007
E1,q2_x3_resunet_cas-single_seed42,cas-single,single-stream,42,1120,na,hokkaido_iburi_tobu,Hokkaido1259,0.5,36,4524,31,11793,53.90476723195627,0.02369668246417825,0.05809859154904374
E1,q2_x3_resunet_cas-single_seed42,cas-single,single-stream,42,1120,na,hokkaido_iburi_tobu,Hokkaido1260,0.5,30,3026,1,13327,53.41348144429457,0.0,0.0
E1,q2_x3_resunet_cas-single_seed42,cas-single,single-stream,42,1120,na,hokkaido_iburi_tobu,Hokkaido1261,0.5,0,1937,33,14414,93.3835758024018,0.0,0.0
E1,q2_x3_resunet_cas-single_seed42,cas-single,single-stream,42,1120,na,hokkaido_iburi_tobu,Hokkaido1262,0.5,53,3334,316,12681,48.138332320793296,0.0,0.0
E1,q2_x3_resunet_cas-single_seed42,cas-single,single-stream,42,1120,na,hokkaido_iburi_tobu,Hokkaido1263,0.5,209,3841,451,11883,58.91979410573493,0.21242844334042296,0.3483681701498668
E1,q2_x3_resunet_cas-single_seed42,cas-single,single-stream,42,1120,na,hokkaido_iburi_tobu,Hokkaido1264,0.5,112,5026,212,11034,81.52851344964533,0.10469890510914738,0.1499696417725948
E1,q2_x3_resunet_cas-single_seed42,cas-single,single-stream,42,1120,na,hokkaido_iburi_tobu,Hokkaido1265,0.5,8,2479,94,13803,53.36384403073244,0.07922637772314275,0.12244897959154265
E1,q2_x3_resunet_cas-single_seed42,cas-single,single-stream,42,1120,na,hokkaido_iburi_tobu,Hokkaido1266,0.5,7,2234,95,14048,70.1872478601102,0.06399999999966742,0.11027649033041736
E1,q2_x3_resunet_cas-single_seed42,cas-single,single-stream,42,1120,na,hokkaido_iburi_tobu,Hokkaido1267,0.5,0,984,36,15364,95.14330879354412,0.0,0.0
E1,q2_x3_resunet_cas-single_seed42,cas-single,single-stream,42,1120,na,hokkaido_iburi_tobu,Hokkaido1268,0.5,60,3861,43,12420,70.22962310515193,0.11627906976721876,0.14504532666440312
E1,q2_x3_resunet_cas-single_seed42,cas-single,single-stream,42,1120,na,hokkaido_iburi_tobu,Hokkaido1269,0.5,0,2365,67,13952,103.84916831890028,0.0,0.0
E1,q2_x3_resunet_cas-single_seed42,cas-single,single-stream,42,1120,na,hokkaido_iburi_tobu,Hokkaido1270,0.5,0,2449,106,13829,89.10274951618494,0.0,0.0
E1,q2_x3_resunet_cas-single_seed42,cas-single,single-stream,42,1120,na,hokkaido_iburi_tobu,Hokkaido1271,0.5,0,3140,726,12518,55.14526271584895,0.0,0.0
E1,q2_x3_resunet_cas-single_seed42,cas-single,single-stream,42,1120,na,hokkaido_iburi_tobu,Hokkaido1272,0.5,548,3076,605,12155,32.17445489785248,0.09306503772856949,0.15510925311332188
E1,q2_x3_resunet_cas-single_seed42,cas-single,single-stream,42,1120,na,hokkaido_iburi_tobu,Hokkaido1273,0.5,58,4227,625,11474,43.9112630107611,0.018617021276096175,0.05444999027628888
E1,q2_x3_resunet_cas-single_seed42,cas-single,single-stream,42,1120,na,hokkaido_iburi_tobu,Hokkaido1274,0.5,141,4456,26,11761,47.41307836451879,0.02461322081531379,0.048148148147737276
E1,q2_x3_resunet_cas-single_seed42,cas-single,single-stream,42,1120,na,hokkaido_iburi_tobu,Hokkaido1275,0.5,76,3753,17,12538,49.07646538646109,0.0,0.0047619047616842295
E1,q2_x3_resunet_cas-single_seed42,cas-single,single-stream,42,1120,na,hokkaido_iburi_tobu,Hokkaido1276,0.5,35,4107,76,12166,64.31443743301475,0.07079646017668853,0.12999999999968606
E1,q2_x3_resunet_cas-single_seed42,cas-single,single-stream,42,1120,na,hokkaido_iburi_tobu,Hokkaido1277,0.5,0,2913,73,13398,61.5223536610881,0.0,0.038834951456035056
E1,q2_x3_resunet_cas-single_seed42,cas-single,single-stream,42,1120,na,hokkaido_iburi_tobu,Hokkaido1278,0.5,49,4173,15,12147,42.194193534854115,0.06790622473702468,0.11004585243831308
E1,q2_x3_resunet_cas-single_seed42,cas-single,single-stream,42,1120,na,hokkaido_iburi_tobu,Hokkaido1279,0.5,18,5288,16,11062,50.6862318783387,0.04477611940285977,0.0897855325334222
E1,q2_x3_resunet_cas-single_seed42,cas-single,single-stream,42,1120,na,hokkaido_iburi_tobu,Hokkaido1280,0.5,21,4455,31,11877,46.54318121067428,0.04023470243062301,0.06504065040617539
E1,q2_x3_resunet_cas-single_seed42,cas-single,single-stream,42,1120,na,hokkaido_iburi_tobu,Hokkaido1281,0.5,31,4343,164,11846,38.88246155023765,0.0,0.0
E1,q2_x3_resunet_cas-single_seed42,cas-single,single-stream,42,1120,na,hokkaido_iburi_tobu,Hokkaido1282,0.5,13,4254,138,11979,81.3172280425757,0.09931987477027134,0.12319098880703701
E1,q2_x3_resunet_cas-single_seed42,cas-single,single-stream,42,1120,na,hokkaido_iburi_tobu,Hokkaido1283,0.5,0,3612,62,12710,92.93572735904067,0.0,0.0
E1,q2_x3_resunet_cas-single_seed42,cas-single,single-stream,42,1120,na,hokkaido_iburi_tobu,Hokkaido1284,0.5,0,1294,153,14937,62.701893659263014,0.0,0.0
E1,q2_x3_resunet_cas-single_seed42,cas-single,single-stream,42,1120,na,hokkaido_iburi_tobu,Hokkaido1285,0.5,56,4705,274,11349,34.441150480715116,0.07474273334490324,0.126417795396502
E1,q2_x3_resunet_cas-single_seed42,cas-single,single-stream,42,1120,na,hokkaido_iburi_tobu,Hokkaido1286,0.5,186,4833,578,10787,35.38361202590826,0.12851761577615223,0.20208775814494573
E1,q2_x3_resunet_cas-single_seed42,cas-single,single-stream,42,1120,na,hokkaido_iburi_tobu,Hokkaido1287,0.5,560,3083,1124,11617,35.805027579936315,0.14857112290843594,0.26370965827680126
E1,q2_x3_resunet_cas-single_seed42,cas-single,single-stream,42,1120,na,hokkaido_iburi_tobu,Hokkaido1288,0.5,560,4401,989,10434,32.202484376209235,0.12568908489480546,0.20268514508399163
E1,q2_x3_resunet_cas-single_seed42,cas-single,single-stream,42,1120,na,hokkaido_iburi_tobu,Hokkaido1289,0.5,11,5278,762,10333,38.075580033728386,0.037453183520099256,0.09232638185817611
E1,q2_x3_resunet_cas-single_seed42,cas-single,single-stream,42,1120,na,hokkaido_iburi_tobu,Hokkaido1290,0.5,370,3402,543,12069,35.42518929673829,0.05581200167805663,0.1473458198334997
E1,q2_x3_resunet_cas-single_seed42,cas-single,single-stream,42,1120,na,hokkaido_iburi_tobu,Hokkaido1291,0.5,212,3636,875,11661,42.4505492833098,0.12790172522759424,0.19779712499839155
E1,q2_x3_resunet_cas-single_seed42,cas-single,single-stream,42,1120,na,hokkaido_iburi_tobu,Hokkaido1292,0.5,423,2619,625,12717,45.293430256350995,0.15626373626328294,0.23635582294753243
E1,q2_x3_resunet_cas-single_seed42,cas-single,single-stream,42,1120,na,hokkaido_iburi_tobu,Hokkaido1293,0.5,564,3273,1214,11333,29.96657355607051,0.270553404690965,0.38976073630614294
E1,q2_x3_resunet_cas-single_seed42,cas-single,single-stream,42,1120,na,hokkaido_iburi_tobu,Hokkaido1294,0.5,425,2573,1293,12093,46.16920855782668,0.20542816674919473,0.3087140290041707
E1,q2_x3_resunet_cas-single_seed42,cas-single,single-stream,42,1120,na,hokkaido_iburi_tobu,Hokkaido1295,0.5,423,4534,119,11308,43.53813881935743,0.08100181555745746,0.16249561864655743
E1,q2_x3_resunet_cas-single_seed42,cas-single,single-stream,42,1120,na,hokkaido_iburi_tobu,Hokkaido1296,0.5,0,3227,147,13010,67.74256024455579,0.0,0.0
E1,q2_x3_resunet_cas-single_seed42,cas-single,single-stream,42,1120,na,hokkaido_iburi_tobu,Hokkaido1297,0.5,92,4195,138,11959,46.09772228646444,0.16669823830231215,0.26120588438390296
E1,q2_x3_resunet_cas-single_seed42,cas-single,single-stream,42,1120,na,hokkaido_iburi_tobu,Hokkaido1298,0.5,165,4044,112,12063,36.06383165810168,0.06335600484438522,0.15955098222588854
E1,q2_x3_resunet_cas-single_seed42,cas-single,single-stream,42,1120,na,hokkaido_iburi_tobu,Hokkaido1299,0.5,0,4821,84,11479,63.08323335332298,0.0,0.0
E1,q2_x3_resunet_cas-single_seed42,cas-single,single-stream,42,1120,na,hokkaido_iburi_tobu,Hokkaido1300,0.5,0,4062,53,12269,82.4669473412283,0.0,0.019999999999840312
E1,q2_x3_resunet_cas-single_seed42,cas-single,single-stream,42,1120,na,hokkaido_iburi_tobu,Hokkaido1301,0.5,0,3744,52,12588,99.82469611680196,0.0,0.0
E1,q2_x3_resunet_cas-single_seed42,cas-single,single-stream,42,1120,na,hokkaido_iburi_tobu,Hokkaido1302,0.5,77,4773,293,11241,62.8485945856631,0.07788595271168092,0.1452830188675179
E1,q2_x3_resunet_cas-single_seed42,cas-single,single-stream,42,1120,na,hokkaido_iburi_tobu,Hokkaido1303,0.5,195,2196,360,13633,34.33507480285841,0.1281729077652703,0.294467795621357
E1,q2_x3_resunet_cas-single_seed42,cas-single,single-stream,42,1120,na,hokkaido_iburi_tobu,Hokkaido1304,0.5,54,3226,362,12742,45.7743930186307,0.0,0.0
E1,q2_x3_resunet_cas-single_seed42,cas-single,single-stream,42,1120,na,hokkaido_iburi_tobu,Hokkaido1305,0.5,182,4651,332,11219,29.2146609054177,0.126876192055229,0.1855515212215154
E1,q2_x3_resunet_cas-single_seed42,cas-single,single-stream,42,1120,na,hokkaido_iburi_tobu,Hokkaido1306,0.5,223,3574,151,12436,42.63193516996921,0.24388065034792278,0.35508884808523394
E1,q2_x3_resunet_cas-single_seed42,cas-single,single-stream,42,1120,na,hokkaido_iburi_tobu,Hokkaido1307,0.5,0,3559,91,12734,77.16117093537689,0.0,0.0
E1,q2_x3_resunet_cas-single_seed42,cas-single,single-stream,42,1120,na,hokkaido_iburi_tobu,Hokkaido1309,0.5,0,4910,19,11455,93.62691676911886,0.0,0.0
E1,q2_x3_resunet_cas-single_seed42,cas-single,single-stream,42,1120,na,hokkaido_iburi_tobu,Hokkaido1310,0.5,0,4876,26,11482,90.75238193192071,0.0,0.0
E1,q2_x3_resunet_cas-single_seed42,cas-single,single-stream,42,1120,na,hokkaido_iburi_tobu,Hokkaido1311,0.5,0,3356,18,13010,90.77746389820922,0.0,0.0
E1,q2_x3_resunet_cas-single_seed42,cas-single,single-stream,42,1120,na,hokkaido_iburi_tobu,Hokkaido1312,0.5,69,2339,31,13945,33.59313177807752,0.06774193548348648,0.1729106628238178
E1,q2_x3_resunet_cas-single_seed42,cas-single,single-stream,42,1120,na,hokkaido_iburi_tobu,Hokkaido1313,0.5,45,2426,193,13720,40.03963178260622,0.07111317685286656,0.15307802040990312
E1,q2_x3_resunet_cas-single_seed42,cas-single,single-stream,42,1120,na,hokkaido_iburi_tobu,Hokkaido1314,0.5,131,2967,594,12692,45.45327270945405,0.16263180759004842,0.22426465341257681
E1,q2_x3_resunet_cas-single_seed42,cas-single,single-stream,42,1120,na,hokkaido_iburi_tobu,Hokkaido1315,0.5,161,2691,1242,12290,42.05948168962618,0.10172626387136818,0.17271993543143874
E1,q2_x3_resunet_cas-single_seed42,cas-single,single-stream,42,1120,na,hokkaido_iburi_tobu,Hokkaido1316,0.5,380,4681,497,10826,40.496913462633174,0.137931034482264,0.21026554153392
E1,q2_x3_resunet_cas-single_seed42,cas-single,single-stream,42,1120,na,hokkaido_iburi_tobu,Hokkaido1317,0.5,25,3797,140,12422,48.093657501954,0.03692824171184432,0.09424538545022311
E1,q2_x3_resunet_cas-single_seed42,cas-single,single-stream,42,1120,na,hokkaido_iburi_tobu,Hokkaido1318,0.5,58,3288,421,12617,43.480384364962774,0.1415077311829454,0.1852430396025536
E1,q2_x3_resunet_cas-single_seed42,cas-single,single-stream,42,1120,na,hokkaido_iburi_tobu,Hokkaido1319,0.5,110,3586,691,11997,51.4489983714711,0.0683522605523351,0.1365817644882429
E1,q2_x3_resunet_cas-single_seed42,cas-single,single-stream,42,1120,na,hokkaido_iburi_tobu,Hokkaido1320,0.5,279,1951,725,13429,43.40621786261969,0.12635915311598087,0.19805387895540963
E1,q2_x3_resunet_cas-single_seed42,cas-single,single-stream,42,1120,na,hokkaido_iburi_tobu,Hokkaido1321,0.5,513,3494,952,11425,41.27465504058147,0.12695699118184883,0.217986395771675
E1,q2_x3_resunet_cas-single_seed42,cas-single,single-stream,42,1120,na,hokkaido_iburi_tobu,Hokkaido1322,0.5,170,2550,852,12812,50.15974481593781,0.12766370753079861,0.2051781143339992
E1,q2_x3_resunet_cas-single_seed42,cas-single,single-stream,42,1120,na,hokkaido_iburi_tobu,Hokkaido1323,0.5,0,5991,135,10258,95.32968888072105,0.0,0.0
E1,q2_x3_resunet_cas-single_seed42,cas-single,single-stream,42,1120,na,hokkaido_iburi_tobu,Hokkaido1324,0.5,0,4318,163,11903,83.09502185258195,0.0,0.0
E1,q2_x3_resunet_cas-single_seed42,cas-single,single-stream,42,1120,na,hokkaido_iburi_tobu,Hokkaido1325,0.5,98,3054,170,13062,38.3275357934736,0.12043795620390046,0.1648996165120332
E1,q2_x3_resunet_cas-single_seed42,cas-single,single-stream,42,1120,na,hokkaido_iburi_tobu,Hokkaido1326,0.5,9,2354,96,13925,56.82904620033484,0.026041666666296925,0.04907975460081659
E1,q2_x3_resunet_cas-single_seed42,cas-single,single-stream,42,1120,na,hokkaido_iburi_tobu,Hokkaido1327,0.5,183,3978,189,12034,51.86520991955976,0.11577849421533934,0.2038746323152014
E1,q2_x3_resunet_cas-single_seed42,cas-single,single-stream,42,1120,na,hokkaido_iburi_tobu,Hokkaido1328,0.5,92,4683,354,11255,26.86536863698374,0.1480276535172034,0.22034336642280342
E1,q2_x3_resunet_cas-single_seed42,cas-single,single-stream,42,1120,na,hokkaido_iburi_tobu,Hokkaido1329,0.5,414,2633,343,12994,37.65501273571666,0.23495284236694988,0.3437892095352596
E1,q2_x3_resunet_cas-single_seed42,cas-single,single-stream,42,1120,na,hokkaido_iburi_tobu,Hokkaido1330,0.5,504,3714,531,11635,35.448472709208595,0.10765630223959408,0.22050470248579906
E1,q2_x3_resunet_cas-single_seed42,cas-single,single-stream,42,1120,na,hokkaido_iburi_tobu,Hokkaido1331,0.5,102,2819,399,13064,37.243022903270564,0.02657807308922577,0.09194069411033397
E1,q2_x3_resunet_cas-single_seed42,cas-single,single-stream,42,1120,na,hokkaido_iburi_tobu,Hokkaido1332,0.5,45,4002,174,12163,41.06529905927279,0.041078838173799995,0.057609365372273076
E1,q2_x3_resunet_cas-single_seed42,cas-single,single-stream,42,1120,na,hokkaido_iburi_tobu,Hokkaido1333,0.5,94,4456,3,11831,53.07541469289929,0.10401891252925005,0.16598202059865055
E1,q2_x3_resunet_cas-single_seed42,cas-single,single-stream,42,1120,na,hokkaido_iburi_tobu,Hokkaido1334,0.5,0,4963,27,11394,88.59458060848354,0.0,0.0
E1,q2_x3_resunet_cas-single_seed42,cas-single,single-stream,42,1120,na,hokkaido_iburi_tobu,Hokkaido1335,0.5,101,3542,0,12741,56.53570695753729,0.0,0.0
E1,q2_x3_resunet_cas-single_seed42,cas-single,single-stream,42,1120,na,hokkaido_iburi_tobu,Hokkaido1336,0.5,0,5099,101,11184,103.37696960890358,0.0,0.0
E1,q2_x3_resunet_cas-single_seed42,cas-single,single-stream,42,1120,na,hokkaido_iburi_tobu,Hokkaido1337,0.5,10,4835,27,11512,68.94635586728077,0.034408602150325776,0.07869514040673845
E1,q2_x3_resunet_cas-single_seed42,cas-single,single-stream,42,1120,na,hokkaido_iburi_tobu,Hokkaido1338,0.5,78,5149,45,11112,40.3453407641979,0.05621216488867322,0.1275670813966862
E1,q2_x3_resunet_cas-single_seed42,cas-single,single-stream,42,1120,na,hokkaido_iburi_tobu,Hokkaido1339,0.5,145,2358,466,13415,40.311288741492746,0.15427295486789774,0.2195828680083406
E1,q2_x3_resunet_cas-single_seed42,cas-single,single-stream,42,1120,na,hokkaido_iburi_tobu,Hokkaido1340,0.5,112,2920,843,12509,35.58417825183113,0.09750624497180337,0.15005870841443206
E1,q2_x3_resunet_cas-single_seed42,cas-single,single-stream,42,1120,na,hokkaido_iburi_tobu,Hokkaido1341,0.5,200,3852,353,11979,34.36568055487916,0.17676801725831848,0.2668463611854845
E1,q2_x3_resunet_cas-single_seed42,cas-single,single-stream,42,1120,na,hokkaido_iburi_tobu,Hokkaido1342,0.5,0,2614,315,13455,49.172057797792924,0.0,0.0
E1,q2_x3_resunet_cas-single_seed42,cas-single,single-stream,42,1120,na,hokkaido_iburi_tobu,Hokkaido1343,0.5,454,3512,119,12299,26.626994319712757,0.06219244058163875,0.15662414131454333
E1,q2_x3_resunet_cas-single_seed42,cas-single,single-stream,42,1120,na,hokkaido_iburi_tobu,Hokkaido1344,0.5,97,2609,373,13305,50.48684306636502,0.07052896725390806,0.15607803901901532
E1,q2_x3_resunet_cas-single_seed42,cas-single,single-stream,42,1120,na,hokkaido_iburi_tobu,Hokkaido1345,0.5,54,3252,145,12933,42.190046219457976,0.05006257822232781,0.08325074330981251
E1,q2_x3_resunet_cas-single_seed42,cas-single,single-stream,42,1120,na,hokkaido_iburi_tobu,Hokkaido1346,0.5,0,3098,268,13018,74.69303788344605,0.0,0.0
E1,q2_x3_resunet_cas-single_seed42,cas-single,single-stream,42,1120,na,hokkaido_iburi_tobu,Hokkaido1347,0.5,0,3067,221,13096,79.0300567660746,0.0,0.0
E1,q2_x3_resunet_cas-single_seed42,cas-single,single-stream,42,1120,na,hokkaido_iburi_tobu,Hokkaido1348,0.5,0,4528,90,11766,102.69246717142518,0.0,0.0
E1,q2_x3_resunet_cas-single_seed42,cas-single,single-stream,42,1120,na,hokkaido_iburi_tobu,Hokkaido1349,0.5,0,5017,27,11340,123.89407506415755,0.0,0.0
E1,q2_x3_resunet_cas-single_seed42,cas-single,single-stream,42,1120,na,hokkaido_iburi_tobu,Hokkaido1350,0.5,0,4731,22,11631,111.31531430924487,0.0,0.0
E1,q2_x3_resunet_cas-single_seed42,cas-single,single-stream,42,1120,na,hokkaido_iburi_tobu,Hokkaido1351,0.5,0,2110,22,14252,103.60741928140213,0.0,0.0
E1,q2_x3_resunet_cas-single_seed42,cas-single,single-stream,42,1120,na,hokkaido_iburi_tobu,Hokkaido1352,0.5,17,2959,28,13380,63.582131930935965,0.05578202102537055,0.12471343420423782
E1,q2_x3_resunet_cas-single_seed42,cas-single,single-stream,42,1120,na,hokkaido_iburi_tobu,Hokkaido1353,0.5,13,3903,87,12381,67.0,0.031042128602787412,0.06010733452559274
E1,q2_x3_resunet_cas-single_seed42,cas-single,single-stream,42,1120,na,hokkaido_iburi_tobu,Hokkaido1354,0.5,147,4747,473,11017,29.006888370749724,0.07417218542996962,0.18986626483280747
E1,q2_x3_resunet_cas-single_seed42,cas-single,single-stream,42,1120,na,hokkaido_iburi_tobu,Hokkaido1355,0.5,103,3032,625,12624,42.658513089638674,0.08277159429328217,0.16818558409229445
E1,q2_x3_resunet_cas-single_seed42,cas-single,single-stream,42,1120,na,hokkaido_iburi_tobu,Hokkaido1356,0.5,251,4092,213,11828,40.41761721858368,0.19681032845972457,0.3061134838311053
E1,q2_x3_resunet_cas-single_seed42,cas-single,single-stream,42,1120,na,hokkaido_iburi_tobu,Hokkaido1357,0.5,91,4602,288,11403,35.2750605092674,0.05981485876999645,0.1270211442781105
E1,q2_x3_resunet_cas-single_seed42,cas-single,single-stream,42,1120,na,hokkaido_iburi_tobu,Hokkaido1358,0.5,77,3853,28,12426,69.86057515928236,0.10944910616532735,0.1872146118718418
E1,q2_x3_resunet_cas-single_seed42,cas-single,single-stream,42,1120,na,hokkaido_iburi_tobu,Hokkaido1359,0.5,0,3549,27,12808,93.63866525303015,0.0,0.0
E1,q2_x3_resunet_cas-single_seed42,cas-single,single-stream,42,1120,na,hokkaido_iburi_tobu,Hokkaido1360,0.5,77,5023,24,11260,75.16648189186454,0.07682634045943813,0.1109436237562655
E1,q2_x3_resunet_cas-single_seed42,cas-single,single-stream,42,1120,na,hokkaido_iburi_tobu,Hokkaido1361,0.5,0,5177,101,11106,94.4118632095701,0.0,0.0
E1,q2_x3_resunet_cas-single_seed42,cas-single,single-stream,42,1120,na,hokkaido_iburi_tobu,Hokkaido1363,0.5,0,5867,28,10489,100.18383101086995,0.0,0.0
E1,q2_x3_resunet_cas-single_seed42,cas-single,single-stream,42,1120,na,hokkaido_iburi_tobu,Hokkaido1364,0.5,34,5521,565,10264,51.859907221223075,0.06450712091544938,0.10076976906879392
E1,q2_x3_resunet_cas-single_seed42,cas-single,single-stream,42,1120,na,hokkaido_iburi_tobu,Hokkaido1365,0.5,570,4574,852,10388,29.68164415931166,0.17972001513385816,0.24265138258106328
E1,q2_x3_resunet_cas-single_seed42,cas-single,single-stream,42,1120,na,hokkaido_iburi_tobu,Hokkaido1366,0.5,238,1700,1367,13079,52.57752127810853,0.07615912514608571,0.12273225374368836
E1,q2_x3_resunet_cas-single_seed42,cas-single,single-stream,42,1120,na,hokkaido_iburi_tobu,Hokkaido1367,0.5,27,4313,886,11158,43.18564576337837,0.04623683534499456,0.06522435164383089
E1,q2_x3_resunet_cas-single_seed42,cas-single,single-stream,42,1120,na,hokkaido_iburi_tobu,Hokkaido1368,0.5,0,4748,307,11329,78.21636151368072,0.0,0.0
E1,q2_x3_resunet_cas-single_seed42,cas-single,single-stream,42,1120,na,hokkaido_iburi_tobu,Hokkaido1369,0.5,0,3845,156,12383,92.61938205469875,0.0,0.0
E1,q2_x3_resunet_cas-single_seed42,cas-single,single-stream,42,1120,na,hokkaido_iburi_tobu,Hokkaido1370,0.5,0,4027,17,12340,96.19251403740114,0.0,0.0
E1,q2_x3_resunet_cas-single_seed42,cas-single,single-stream,42,1120,na,hokkaido_iburi_tobu,Hokkaido1371,0.5,11,5133,20,11220,82.00243893371345,0.057174271577670584,0.08311134789540983
E1,q2_x3_resunet_cas-single_seed42,cas-single,single-stream,42,1120,na,hokkaido_iburi_tobu,Hokkaido1372,0.5,0,2421,77,13886,58.54877381376621,0.0,0.0
E1,q2_x3_resunet_cas-single_seed42,cas-single,single-stream,42,1120,na,hokkaido_iburi_tobu,Hokkaido1373,0.5,119,1660,0,14605,25.709920264364882,0.0,0.05990586221603773
E1,q2_x3_resunet_cas-single_seed42,cas-single,single-stream,42,1120,na,hokkaido_iburi_tobu,Hokkaido1374,0.5,0,2986,56,13342,91.52813281889519,0.0,0.0
E1,q2_x3_resunet_cas-single_seed42,cas-single,single-stream,42,1120,na,hokkaido_iburi_tobu,Hokkaido1375,0.5,0,3433,36,12915,82.69581671529518,0.0,0.0
E1,q2_x3_resunet_cas-single_seed42,cas-single,single-stream,42,1120,na,hokkaido_iburi_tobu,Hokkaido1376,0.5,38,4769,25,11552,58.73879717394973,0.02570379436928034,0.06469500924168209
E1,q2_x3_resunet_cas-single_seed42,cas-single,single-stream,42,1120,na,hokkaido_iburi_tobu,Hokkaido1377,0.5,53,4624,124,11583,29.72708959191671,0.044191919191457076,0.11646408839736373
E1,q2_x3_resunet_cas-single_seed42,cas-single,single-stream,42,1120,na,hokkaido_iburi_tobu,Hokkaido1378,0.5,213,5080,196,10895,36.76955262170047,0.16793479599075098,0.29288135593172027
E1,q2_x3_resunet_cas-single_seed42,cas-single,single-stream,42,1120,na,hokkaido_iburi_tobu,Hokkaido1379,0.5,103,4420,164,11697,49.39027908024009,0.08202567760296707,0.15322014872973358
E1,q2_x3_resunet_cas-single_seed42,cas-single,single-stream,42,1120,na,hokkaido_iburi_tobu,Hokkaido1382,0.5,86,4471,51,11776,62.76941930590086,0.0,0.026478375992602145
E1,q2_x3_resunet_cas-single_seed42,cas-single,single-stream,42,1120,na,hokkaido_iburi_tobu,Hokkaido1383,0.5,180,2551,907,12746,55.038582233137674,0.009463722397102131,0.04791666666622504
E1,q2_x3_resunet_cas-single_seed42,cas-single,single-stream,42,1120,na,hokkaido_iburi_tobu,Hokkaido1384,0.5,663,2211,1659,11851,34.92849839314596,0.13323464100631957,0.22650779736550367
E1,q2_x3_resunet_cas-single_seed42,cas-single,single-stream,42,1120,na,hokkaido_iburi_tobu,Hokkaido1385,0.5,821,3372,1599,10592,34.713109915419565,0.14812647623359637,0.22173852325168372
E1,q2_x3_resunet_cas-single_seed42,cas-single,single-stream,42,1120,na,hokkaido_iburi_tobu,Hokkaido1386,0.5,597,4314,479,10994,55.090771367021866,0.05527638190905357,0.11712078080470824
E1,q2_x3_resunet_cas-single_seed42,cas-single,single-stream,42,1120,na,hokkaido_iburi_tobu,Hokkaido1387,0.5,0,3900,28,12456,103.76704638507589,0.0,0.0
E1,q2_x3_resunet_cas-single_seed42,cas-single,single-stream,42,1120,na,hokkaido_iburi_tobu,Hokkaido1388,0.5,0,3104,64,13216,72.86147746970259,0.0,0.019184652277891755
E1,q2_x3_resunet_cas-single_seed42,cas-single,single-stream,42,1120,na,hokkaido_iburi_tobu,Hokkaido1389,0.5,199,4136,6,12043,25.1074793493681,0.11918063314669983,0.17611928646666508
E1,q2_x3_resunet_cas-single_seed42,cas-single,single-stream,42,1120,na,hokkaido_iburi_tobu,Hokkaido1390,0.5,39,2911,397,13037,45.96725630727648,0.05924950625362692,0.08164547024602574
E1,q2_x3_resunet_cas-single_seed42,cas-single,single-stream,42,1120,na,hokkaido_iburi_tobu,Hokkaido1391,0.5,170,1277,154,14783,36.05551275463989,0.2470531244949089,0.32299375023918253
E1,q2_x3_resunet_cas-single_seed42,cas-single,single-stream,42,1120,na,hokkaido_iburi_tobu,Hokkaido1392,0.5,0,3676,29,12679,119.29117900712414,0.0,0.0
E1,q2_x3_resunet_cas-single_seed42,cas-single,single-stream,42,1120,na,hokkaido_iburi_tobu,Hokkaido1393,0.5,0,3979,22,12383,85.29471674040246,0.0,0.0
E1,q2_x3_resunet_cas-single_seed42,cas-single,single-stream,42,1120,na,hokkaido_iburi_tobu,Hokkaido1394,0.5,47,5975,48,10314,49.136938278370856,0.06868108745032904,0.1097393689984139
E1,q2_x3_resunet_cas-single_seed42,cas-single,single-stream,42,1120,na,hokkaido_iburi_tobu,Hokkaido1395,0.5,141,6466,24,9753,69.62398317036654,0.07287449392678386,0.1084938340027002
E1,q2_x3_resunet_cas-single_seed42,cas-single,single-stream,42,1120,na,hokkaido_iburi_tobu,Hokkaido1396,0.5,52,2746,40,13546,71.51782367592143,0.1152658662090403,0.20519621435870408
E1,q2_x3_resunet_cas-single_seed42,cas-single,single-stream,42,1120,na,hokkaido_iburi_tobu,Hokkaido1397,0.5,29,3934,0,12421,49.30463386820992,0.0,0.0
E1,q2_x3_resunet_cas-single_seed42,cas-single,single-stream,42,1120,na,hokkaido_iburi_tobu,Hokkaido1398,0.5,0,4074,29,12281,80.30068431046537,0.005714285714153062,0.03888888888871334
E1,q2_x3_resunet_cas-single_seed42,cas-single,single-stream,42,1120,na,hokkaido_iburi_tobu,Hokkaido1400,0.5,24,4469,0,11891,51.90998721645714,0.0,0.0
E1,q2_x3_resunet_cas-single_seed42,cas-single,single-stream,42,1120,na,hokkaido_iburi_tobu,Hokkaido1401,0.5,0,4944,23,11417,89.44801335020874,0.0,0.0
E1,q2_x3_resunet_cas-single_seed42,cas-single,single-stream,42,1120,na,hokkaido_iburi_tobu,Hokkaido1403,0.5,0,3436,349,12599,55.77453295621026,0.008955223880186854,0.05364327223911603
E1,q2_x3_resunet_cas-single_seed42,cas-single,single-stream,42,1120,na,hokkaido_iburi_tobu,Hokkaido1404,0.5,138,2171,1507,12568,53.16640786499874,0.02967359050407382,0.052482180028654936
E1,q2_x3_resunet_cas-single_seed42,cas-single,single-stream,42,1120,na,hokkaido_iburi_tobu,Hokkaido1405,0.5,692,1928,1425,12339,47.642239606390696,0.06910829775896928,0.15259088841890198
E1,q2_x3_resunet_cas-single_seed42,cas-single,single-stream,42,1120,na,hokkaido_iburi_tobu,Hokkaido1406,0.5,362,4721,881,10420,30.364452901377952,0.1597935975989727,0.2399999999995087
E1,q2_x3_resunet_cas-single_seed42,cas-single,single-stream,42,1120,na,hokkaido_iburi_tobu,Hokkaido1407,0.5,123,3913,299,12049,59.77457653551382,0.06598240469160566,0.1431420341231742
E1,q2_x3_resunet_cas-single_seed42,cas-single,single-stream,42,1120,na,hokkaido_iburi_tobu,Hokkaido1408,0.5,0,2571,47,13766,111.75060695134341,0.0,0.0
E1,q2_x3_resunet_cas-single_seed42,cas-single,single-stream,42,1120,na,hokkaido_iburi_tobu,Hokkaido1409,0.5,0,1290,174,14920,48.041648597857254,0.0,0.021739130434328926
E1,q2_x3_resunet_cas-single_seed42,cas-single,single-stream,42,1120,na,hokkaido_iburi_tobu,Hokkaido1410,0.5,43,3049,379,12913,65.80121563626298,0.10118636620375732,0.11985332634838097
E1,q2_x3_resunet_cas-single_seed42,cas-single,single-stream,42,1120,na,hokkaido_iburi_tobu,Hokkaido1411,0.5,0,2050,295,14039,68.3593446428504,0.0,0.0
E1,q2_x3_resunet_cas-single_seed42,cas-single,single-stream,42,1120,na,hokkaido_iburi_tobu,Hokkaido1414,0.5,0,4584,29,11771,97.7117465730057,0.0,0.0
E1,q2_x3_resunet_cas-single_seed42,cas-single,single-stream,42,1120,na,hokkaido_iburi_tobu,Hokkaido1415,0.5,0,3507,29,12848,115.95731712824244,0.0,0.0
E1,q2_x3_resunet_cas-single_seed42,cas-single,single-stream,42,1120,na,hokkaido_iburi_tobu,Hokkaido1417,0.5,0,3524,61,12799,71.71772232560518,0.0,0.0
E1,q2_x3_resunet_cas-single_seed42,cas-single,single-stream,42,1120,na,hokkaido_iburi_tobu,Hokkaido1418,0.5,94,5111,627,10552,63.56610721071231,0.06694293911336983,0.13105241342889182
E1,q2_x3_resunet_cas-single_seed42,cas-single,single-stream,42,1120,na,hokkaido_iburi_tobu,Hokkaido1419,0.5,309,4825,986,10264,72.08432157240813,0.10753689306780313,0.16995412843989027
E1,q2_x3_resunet_cas-single_seed42,cas-single,single-stream,42,1120,na,hokkaido_iburi_tobu,Hokkaido1420,0.5,161,2173,1072,12978,43.324904276356115,0.07510832932067812,0.10402593893494806
E1,q2_x3_resunet_cas-single_seed42,cas-single,single-stream,42,1120,na,hokkaido_iburi_tobu,Hokkaido1421,0.5,474,3463,891,11556,31.886302974501668,0.11625615763499807,0.22979436688828067
E1,q2_x3_resunet_cas-single_seed42,cas-single,single-stream,42,1120,na,hokkaido_iburi_tobu,Hokkaido1422,0.5,472,3784,463,11665,38.41874542459709,0.10160775688436209,0.23613008300886612
E1,q2_x3_resunet_cas-single_seed42,cas-single,single-stream,42,1120,na,hokkaido_iburi_tobu,Hokkaido1423,0.5,71,4879,157,11277,60.28858485619519,0.08166920390392264,0.14769988204477905
E1,q2_x3_resunet_cas-single_seed42,cas-single,single-stream,42,1120,na,hokkaido_iburi_tobu,Hokkaido1424,0.5,18,4315,93,11958,47.00159556412589,0.0,0.0
E1,q2_x3_resunet_cas-single_seed42,cas-single,single-stream,42,1120,na,hokkaido_iburi_tobu,Hokkaido1425,0.5,34,2670,18,13662,43.29374810329524,0.0,0.0
E1,q2_x3_resunet_cas-single_seed42,cas-single,single-stream,42,1120,na,hokkaido_iburi_tobu,Hokkaido1426,0.5,0,4086,115,12183,93.05912099305473,0.0,0.0
E1,q2_x3_resunet_cas-single_seed42,cas-single,single-stream,42,1120,na,hokkaido_iburi_tobu,Hokkaido1427,0.5,155,3275,83,12871,35.32985767549183,0.0724200362095852,0.13537469782390302
E1,q2_x3_resunet_cas-single_seed42,cas-single,single-stream,42,1120,na,hokkaido_iburi_tobu,Hokkaido1428,0.5,64,1654,59,14607,41.777979432536135,0.17419104824612164,0.21139386928829623
E1,q2_x3_resunet_cas-single_seed42,cas-single,single-stream,42,1120,na,hokkaido_iburi_tobu,Hokkaido1429,0.5,23,5130,16,11215,85.12314202540625,0.0823909531501385,0.11138014527834517
E1,q2_x3_resunet_cas-single_seed42,cas-single,single-stream,42,1120,na,hokkaido_iburi_tobu,Hokkaido1430,0.5,0,6044,39,10301,112.45354545836696,0.0,0.0
E1,q2_x3_resunet_cas-single_seed42,cas-single,single-stream,42,1120,na,hokkaido_iburi_tobu,Hokkaido1431,0.5,2,3370,111,12901,78.23745903545456,0.0369271348496994,0.059657905715187295
E1,q2_x3_resunet_cas-single_seed42,cas-single,single-stream,42,1120,na,hokkaido_iburi_tobu,Hokkaido1432,0.5,149,1999,709,13527,29.56347650152166,0.13858398793062476,0.25226767071659895
E1,q2_x3_resunet_cas-single_seed42,cas-single,single-stream,42,1120,na,hokkaido_iburi_tobu,Hokkaido1433,0.5,1177,2336,342,12529,38.8329756778952,0.3072808530100234,0.4215092402459078
E1,q2_x3_resunet_cas-single_seed42,cas-single,single-stream,42,1120,na,hokkaido_iburi_tobu,Hokkaido1434,0.5,277,3552,976,11579,32.466980295735986,0.11339563862878553,0.20805927269928184
E1,q2_x3_resunet_cas-single_seed42,cas-single,single-stream,42,1120,na,hokkaido_iburi_tobu,Hokkaido1435,0.5,41,4756,628,10959,48.0,0.1046312753608519,0.19370107409380452
E1,q2_x3_resunet_cas-single_seed42,cas-single,single-stream,42,1120,na,hokkaido_iburi_tobu,Hokkaido1436,0.5,63,4629,159,11533,40.208079257116495,0.04491017964028418,0.06873508353179561
E1,q2_x3_resunet_cas-single_seed42,cas-single,single-stream,42,1120,na,hokkaido_iburi_tobu,Hokkaido1437,0.5,20,4347,30,11987,61.68468205316454,0.0,0.0
E1,q2_x3_resunet_cas-single_seed42,cas-single,single-stream,42,1120,na,hokkaido_iburi_tobu,Hokkaido1438,0.5,18,5611,52,10703,71.01549051391177,0.0,0.04828973843025257
E1,q2_x3_resunet_cas-single_seed42,cas-single,single-stream,42,1120,na,hokkaido_iburi_tobu,Hokkaido1439,0.5,0,3848,52,12484,87.56568791780415,0.0,0.0
E1,q2_x3_resunet_cas-single_seed42,cas-single,single-stream,42,1120,na,hokkaido_iburi_tobu,Hokkaido1440,0.5,0,2900,115,13369,104.03844610016733,0.0,0.0
E1,q2_x3_resunet_cas-single_seed42,cas-single,single-stream,42,1120,na,hokkaido_iburi_tobu,Hokkaido1441,0.5,0,3468,238,12678,76.77065756931901,0.0,0.0
E1,q2_x3_resunet_cas-single_seed42,cas-single,single-stream,42,1120,na,hokkaido_iburi_tobu,Hokkaido1442,0.5,0,4996,166,11222,60.34428695336794,0.0,0.0
E1,q2_x3_resunet_cas-single_seed42,cas-single,single-stream,42,1120,na,hokkaido_iburi_tobu,Hokkaido1443,0.5,39,2776,43,13526,40.559765755639745,0.0,0.0
E1,q2_x3_resunet_cas-single_seed42,cas-single,single-stream,42,1120,na,hokkaido_iburi_tobu,Hokkaido1444,0.5,1,4751,38,11594,86.17112286318455,0.005102040816306331,0.005123825789911259
E1,q2_x3_resunet_cas-single_seed42,cas-single,single-stream,42,1120,na,hokkaido_iburi_tobu,Hokkaido1445,0.5,12,5374,73,10925,61.47112906437432,0.04857584455708772,0.06804562149597325
E1,q2_x3_resunet_cas-single_seed42,cas-single,single-stream,42,1120,na,hokkaido_iburi_tobu,Hokkaido1446,0.5,0,4124,169,12091,68.19566827421028,0.0,0.0
E1,q2_x3_resunet_cas-single_seed42,cas-single,single-stream,42,1120,na,hokkaido_iburi_tobu,Hokkaido1447,0.5,0,5606,224,10554,80.02871286010529,0.0,0.0039525691696028365
E1,q2_x3_resunet_cas-single_seed42,cas-single,single-stream,42,1120,na,hokkaido_iburi_tobu,Hokkaido1448,0.5,208,4886,24,11266,65.86377067861605,0.06451612903194588,0.10973220117538232
E1,q2_x3_resunet_cas-single_seed42,cas-single,single-stream,42,1120,na,hokkaido_iburi_tobu,Hokkaido1449,0.5,0,4309,154,11921,85.51607077025412,0.0,0.0
E1,q2_x3_resunet_cas-single_seed42,cas-single,single-stream,42,1120,na,hokkaido_iburi_tobu,Hokkaido1450,0.5,0,4942,95,11347,78.61357323092717,0.0,0.0
E1,q2_x3_resunet_cas-single_seed42,cas-single,single-stream,42,1120,na,hokkaido_iburi_tobu,Hokkaido1451,0.5,131,3479,20,12754,35.28928272309597,0.0,0.0
E1,q2_x3_resunet_cas-single_seed42,cas-single,single-stream,42,1120,na,hokkaido_iburi_tobu,Hokkaido1452,0.5,0,5282,118,10984,94.11694807706172,0.0,0.0
E1,q2_x3_resunet_cas-single_seed42,cas-single,single-stream,42,1120,na,hokkaido_iburi_tobu,Hokkaido1453,0.5,43,4635,0,11706,74.35014831130471,0.0,0.0
E1,q2_x3_resunet_cas-single_seed42,cas-single,single-stream,42,1120,na,hokkaido_iburi_tobu,Hokkaido1454,0.5,29,3938,14,12403,77.079482626087,0.1044176706826177,0.14857142857129102
E1,q2_x3_resunet_cas-single_seed42,cas-single,single-stream,42,1120,na,hokkaido_iburi_tobu,Hokkaido1455,0.5,0,4878,65,11441,110.57732914185625,0.0,0.0
E1,q2_x3_resunet_cas-single_seed42,cas-single,single-stream,42,1120,na,hokkaido_iburi_tobu,Hokkaido1456,0.5,63,4013,7,12301,64.358279497261,0.11043067965048373,0.13564540961008983
E1,q2_x3_resunet_cas-single_seed42,cas-single,single-stream,42,1120,na,hokkaido_iburi_tobu,Hokkaido1460,0.5,0,4100,277,12007,93.76823775589591,0.0,0.0
E1,q2_x3_resunet_cas-single_seed42,cas-single,single-stream,42,1120,na,hokkaido_iburi_tobu,Hokkaido1461,0.5,145,3454,371,12414,50.02349225586422,0.10901162790656682,0.1717557251904628
E1,q2_x3_resunet_cas-single_seed42,cas-single,single-stream,42,1120,na,hokkaido_iburi_tobu,Hokkaido1462,0.5,0,2099,339,13946,72.58765653575139,0.0,0.0
E1,q2_x3_resunet_cas-single_seed42,cas-single,single-stream,42,1120,na,hokkaido_iburi_tobu,Hokkaido1463,0.5,0,5241,100,11043,116.96430520884815,0.0,0.0
E1,q2_x3_resunet_cas-single_seed42,cas-single,single-stream,42,1120,na,hokkaido_iburi_tobu,Hokkaido1464,0.5,0,2134,65,14185,95.09545010523915,0.0,0.0
E1,q2_x3_resunet_cas-single_seed42,cas-single,single-stream,42,1120,na,hokkaido_iburi_tobu,Hokkaido1465,0.5,70,2070,0,14244,40.496913462633174,0.0,0.0
E1,q2_x3_resunet_cas-single_seed42,cas-single,single-stream,42,1120,na,hokkaido_iburi_tobu,Hokkaido1467,0.5,0,4761,277,11346,99.37922308030255,0.0,0.0
E1,q2_x3_resunet_cas-single_seed42,cas-single,single-stream,42,1120,na,hokkaido_iburi_tobu,Hokkaido1468,0.5,432,3267,53,12632,50.532658971400345,0.143368259646968,0.26125430156575924
E1,q2_x3_resunet_cas-single_seed42,cas-single,single-stream,42,1120,na,hokkaido_iburi_tobu,Hokkaido1469,0.5,0,3306,208,12870,90.33825324855468,0.0,0.0
E1,q2_x3_resunet_cas-single_seed42,cas-single,single-stream,42,1120,na,hokkaido_iburi_tobu,Hokkaido1471,0.5,0,978,140,15266,66.8004103011643,0.0,0.0
E1,q2_x3_resunet_cas-single_seed42,cas-single,single-stream,42,1120,na,hokkaido_iburi_tobu,Hokkaido1472,0.5,17,5201,158,11008,64.0195221913709,0.0,0.0
E1,q2_x3_resunet_cas-single_seed42,cas-single,single-stream,42,1120,na,hokkaido_iburi_tobu,Hokkaido1473,0.5,2,4741,82,11559,86.78881930800907,0.04669260700367303,0.07966082784760552
E1,q2_x3_resunet_cas-single_seed42,cas-single,single-stream,42,1120,na,hokkaido_iburi_tobu,Hokkaido1474,0.5,0,3992,23,12369,92.52133976547795,0.0,0.0
E1,q2_x3_resunet_cas-single_seed42,cas-single,single-stream,42,1120,na,hokkaido_iburi_tobu,Hokkaido1475,0.5,0,3549,23,12812,100.22250198533503,0.0,0.0
E1,q2_x3_resunet_cas-single_seed42,cas-single,single-stream,42,1120,na,hokkaido_iburi_tobu,Hokkaido1481,0.5,0,3436,154,12794,69.11150151446887,0.0,0.0
E1,q2_x3_resunet_cas-single_seed42,cas-single,single-stream,42,1120,na,hokkaido_iburi_tobu,Hokkaido1482,0.5,228,1764,105,14287,31.045119415827536,0.029005524861397958,0.0465324384782478
E1,q2_x3_resunet_cas-single_seed42,cas-single,single-stream,42,1120,na,hokkaido_iburi_tobu,Hokkaido1483,0.5,17,4809,246,11312,51.4217453534526,0.04458706299569884,0.10822444273589635
E1,q2_x3_resunet_cas-single_seed42,cas-single,single-stream,42,1120,na,hokkaido_iburi_tobu,Hokkaido1484,0.5,64,4813,20,11487,64.87982910005688,0.04959938954576045,0.06934507429807774
E1,q2_x3_resunet_cas-single_seed42,cas-single,single-stream,42,1120,na,hokkaido_iburi_tobu,Hokkaido1485,0.5,23,3265,0,13096,62.982837504207644,0.037735849056383844,0.06423982869359894
E1,q2_x3_resunet_cas-single_seed42,cas-single,single-stream,42,1120,na,hokkaido_iburi_tobu,Hokkaido1486,0.5,23,4335,0,12026,71.57896184428361,0.01666666666656173,0.07544910179625357
E1,q2_x3_resunet_cas-single_seed42,cas-single,single-stream,42,1120,na,hokkaido_iburi_tobu,Hokkaido1487,0.5,2,4608,80,11694,77.47483184932724,0.02898550724621802,0.06631762652686311
E1,q2_x3_resunet_cas-single_seed42,cas-single,single-stream,42,1120,na,hokkaido_iburi_tobu,Hokkaido1488,0.5,85,3949,64,12286,52.352170054686,0.0,0.0
E1,q2_x3_resunet_cas-single_seed42,cas-single,single-stream,42,1120,na,hokkaido_iburi_tobu,Hokkaido1489,0.5,97,4611,146,11530,54.92011149248131,0.06796416434929003,0.13703443429332113
E1,q2_x3_resunet_cas-single_seed42,cas-single,single-stream,42,1120,na,hokkaido_iburi_tobu,Hokkaido1490,0.5,74,3263,196,12851,35.54203924568343,0.10714285714246082,0.1711413412051618
E1,q2_x3_resunet_cas-single_seed42,cas-single,single-stream,42,1120,na,hokkaido_iburi_tobu,Hokkaido1492,0.5,0,3665,135,12584,94.88437757036371,0.0,0.0
E1,q2_x3_resunet_cas-single_seed42,cas-single,single-stream,42,1120,na,hokkaido_iburi_tobu,Hokkaido1493,0.5,117,4980,190,11097,44.32595285764969,0.07918050941264757,0.1726379858897071
E1,q2_x3_resunet_cas-single_seed42,cas-single,single-stream,42,1120,na,hokkaido_iburi_tobu,Hokkaido1494,0.5,0,2208,378,13798,64.95379140424816,0.0,0.0
E1,q2_x3_resunet_cas-single_seed42,cas-single,single-stream,42,1120,na,hokkaido_iburi_tobu,Hokkaido1495,0.5,0,4196,238,11950,85.07173428203565,0.0,0.012875536480292141
E1,q2_x3_resunet_cas-single_seed42,cas-single,single-stream,42,1120,na,hokkaido_iburi_tobu,Hokkaido1496,0.5,0,4195,51,12138,90.85205760640707,0.0,0.0
E1,q2_x3_resunet_cas-single_seed42,cas-single,single-stream,42,1120,na,hokkaido_iburi_tobu,Hokkaido1497,0.5,0,2367,143,13874,63.0317380372777,0.0,0.0
E1,q2_x3_resunet_cas-single_seed42,cas-single,single-stream,42,1120,na,hokkaido_iburi_tobu,Hokkaido1498,0.5,0,3420,124,12840,89.6764251025607,0.0,0.0
E1,q2_x3_resunet_cas-single_seed42,cas-single,single-stream,42,1120,na,hokkaido_iburi_tobu,Hokkaido1499,0.5,0,5318,79,10987,115.54522309821067,0.0,0.0
E1,q2_x3_resunet_cas-single_seed42,cas-single,single-stream,42,1120,na,hokkaido_iburi_tobu,Hokkaido1500,0.5,31,3362,115,12876,56.690815534375616,0.025052192066346745,0.06974427100590355
E1,q2_x3_resunet_cas-single_seed42,cas-single,single-stream,42,1120,na,hokkaido_iburi_tobu,Hokkaido1501,0.5,34,3895,257,12198,47.62760067562659,0.04724205061601625,0.08467801628375698
E1,q2_x3_resunet_cas-single_seed42,cas-single,single-stream,42,1120,na,hokkaido_iburi_tobu,Hokkaido1502,0.5,319,2239,96,13730,24.336093285600377,0.12290134971967998,0.2806410533645497
E1,q2_x3_resunet_cas-single_seed42,cas-single,single-stream,42,1120,na,hokkaido_iburi_tobu,Hokkaido1503,0.5,60,4495,148,11681,61.09290332884391,0.11243851018938524,0.13467432950156824
E1,q2_x3_resunet_cas-single_seed42,cas-single,single-stream,42,1120,na,hokkaido_iburi_tobu,Hokkaido1504,0.5,251,2763,22,13348,35.36310019681748,0.07444168734453264,0.09809646152011757
E1,q2_x3_resunet_cas-single_seed42,cas-single,single-stream,42,1120,na,hokkaido_iburi_tobu,Hokkaido1506,0.5,0,3040,31,13313,83.8808602821963,0.0,0.0
E1,q2_x3_resunet_cas-single_seed42,cas-single,single-stream,42,1120,na,hokkaido_iburi_tobu,Hokkaido1507,0.5,138,2861,220,13165,34.587919279923995,0.05573988055698099,0.11467133216650503
E1,q2_x3_resunet_cas-single_seed42,cas-single,single-stream,42,1120,na,hokkaido_iburi_tobu,Hokkaido1508,0.5,95,3922,790,11577,36.61966684720111,0.0476703932802634,0.10807491556598041
E1,q2_x3_resunet_cas-single_seed42,cas-single,single-stream,42,1120,na,hokkaido_iburi_tobu,Hokkaido1509,0.5,171,3056,547,12610,41.014630883674414,0.09567789883780296,0.1661096256679496
E1,q2_x3_resunet_cas-single_seed42,cas-single,single-stream,42,1120,na,hokkaido_iburi_tobu,Hokkaido1510,0.5,128,2559,171,13526,49.3659270455261,0.08728179551072796,0.13768824564785845
E1,q2_x3_resunet_cas-single_seed42,cas-single,single-stream,42,1120,na,hokkaido_iburi_tobu,Hokkaido1511,0.5,210,5126,146,10902,36.40054944640259,0.10002646202660917,0.19485272061869144
E1,q2_x3_resunet_cas-single_seed42,cas-single,single-stream,42,1120,na,hokkaido_iburi_tobu,Hokkaido1512,0.5,66,5520,151,10647,74.46172350299969,0.08384754990892014,0.1434435575823073
E1,q2_x3_resunet_cas-single_seed42,cas-single,single-stream,42,1120,na,hokkaido_iburi_tobu,Hokkaido1513,0.5,0,3460,37,12887,90.70308600158107,0.0,0.0
E1,q2_x3_resunet_cas-single_seed42,cas-single,single-stream,42,1120,na,hokkaido_iburi_tobu,Hokkaido1514,0.5,0,3402,37,12945,88.58298001942401,0.0,0.0
E1,q2_x3_resunet_cas-single_seed42,cas-single,single-stream,42,1120,na,hokkaido_iburi_tobu,Hokkaido1515,0.5,45,5633,82,10624,61.76241725743734,0.07170834588703455,0.0942991855976798
E1,q2_x3_resunet_cas-single_seed42,cas-single,single-stream,42,1120,na,hokkaido_iburi_tobu,Hokkaido1516,0.5,0,4171,254,11959,68.48027417595507,0.0,0.0
E1,q2_x3_resunet_cas-single_seed42,cas-single,single-stream,42,1120,na,hokkaido_iburi_tobu,Hokkaido1517,0.5,0,5015,144,11225,92.82348300456066,0.0,0.0
E1,q2_x3_resunet_cas-single_seed42,cas-single,single-stream,42,1120,na,hokkaido_iburi_tobu,Hokkaido1518,0.5,51,5052,226,11055,80.21572067991812,0.16428644816569626,0.2160018481438233
E1,q2_x3_resunet_cas-single_seed42,cas-single,single-stream,42,1120,na,hokkaido_iburi_tobu,Hokkaido1519,0.5,19,4865,241,11259,59.089761353792326,0.0,0.0
E1,q2_x3_resunet_cas-single_seed42,cas-single,single-stream,42,1120,na,hokkaido_iburi_tobu,Hokkaido1521,0.5,36,3761,28,12559,51.47513597812015,0.05079227262841991,0.10386567746950698
E1,q2_x3_resunet_cas-single_seed42,cas-single,single-stream,42,1120,na,hokkaido_iburi_tobu,Hokkaido1522,0.5,146,5141,614,10483,31.822944549525328,0.09883203268164324,0.12410037778806758
E1,q2_x3_resunet_cas-single_seed42,cas-single,single-stream,42,1120,na,hokkaido_iburi_tobu,Hokkaido1523,0.5,720,1955,596,13113,42.43936100067003,0.22903163654539907,0.3654473196495448
E1,q2_x3_resunet_cas-single_seed42,cas-single,single-stream,42,1120,na,hokkaido_iburi_tobu,Hokkaido1524,0.5,357,2628,570,12829,37.2787544044936,0.15191516425847323,0.22953315838879673
E1,q2_x3_resunet_cas-single_seed42,cas-single,single-stream,42,1120,na,hokkaido_iburi_tobu,Hokkaido1525,0.5,14,3094,428,12848,53.87481017740651,0.037799854615443884,0.0863829118889362
E1,q2_x3_resunet_cas-single_seed42,cas-single,single-stream,42,1120,na,hokkaido_iburi_tobu,Hokkaido1526,0.5,44,5646,190,10504,77.943131022195,0.08478146392803478,0.11627906976711869
E1,q2_x3_resunet_cas-single_seed42,cas-single,single-stream,42,1120,na,hokkaido_iburi_tobu,Hokkaido1527,0.5,98,4966,16,11304,50.60632371551998,0.09593908629419048,0.12744651797883186
E1,q2_x3_resunet_cas-single_seed42,cas-single,single-stream,42,1120,na,hokkaido_iburi_tobu,Hokkaido1528,0.5,0,1380,37,14967,67.85860672576504,0.0,0.0
E1,q2_x3_resunet_cas-single_seed42,cas-single,single-stream,42,1120,na,hokkaido_iburi_tobu,Hokkaido1529,0.5,37,3796,0,12551,64.37390635165579,0.05037783375300465,0.10651670525954259
E1,q2_x3_resunet_cas-single_seed42,cas-single,single-stream,42,1120,na,hokkaido_iburi_tobu,Hokkaido1530,0.5,98,4834,1,11451,63.59281353244343,0.08484848484819511,0.1289271061650887
E1,q2_x3_resunet_cas-single_seed42,cas-single,single-stream,42,1120,na,hokkaido_iburi_tobu,Hokkaido1531,0.5,49,2977,50,13308,57.31925296412357,0.11503894547606928,0.17187082999703854
E1,q2_x3_resunet_cas-single_seed42,cas-single,single-stream,42,1120,na,hokkaido_iburi_tobu,Hokkaido1534,0.5,0,3697,33,12654,68.5576237547306,0.0,0.0
E1,q2_x3_resunet_cas-single_seed42,cas-single,single-stream,42,1120,na,hokkaido_iburi_tobu,Hokkaido1535,0.5,11,2974,159,13240,33.606008753986266,0.0,0.0
E1,q2_x3_resunet_cas-single_seed42,cas-single,single-stream,42,1120,na,hokkaido_iburi_tobu,Hokkaido1536,0.5,358,4167,327,11532,28.00174396245624,0.14031195225261267,0.20505809979444256
E1,q2_x3_resunet_cas-single_seed42,cas-single,single-stream,42,1120,na,hokkaido_iburi_tobu,Hokkaido1537,0.5,436,4103,405,11440,29.56277405273886,0.10789440122383777,0.23005751437811625
E1,q2_x3_resunet_cas-single_seed42,cas-single,single-stream,42,1120,na,hokkaido_iburi_tobu,Hokkaido1538,0.5,137,4778,412,11057,32.98279313470867,0.13969732246748603,0.23053618532687883
E1,q2_x3_resunet_cas-single_seed42,cas-single,single-stream,42,1120,na,hokkaido_iburi_tobu,Hokkaido1539,0.5,39,3874,217,12254,74.79772446036739,0.023778071333805034,0.05802707930318794
E1,q2_x3_resunet_cas-single_seed42,cas-single,single-stream,42,1120,na,hokkaido_iburi_tobu,Hokkaido1540,0.5,0,4430,21,11933,108.18964830333815,0.0,0.0
E1,q2_x3_resunet_cas-single_seed42,cas-single,single-stream,42,1120,na,hokkaido_iburi_tobu,Hokkaido1541,0.5,0,4492,21,11871,105.85768064435592,0.0,0.0
E1,q2_x3_resunet_cas-single_seed42,cas-single,single-stream,42,1120,na,hokkaido_iburi_tobu,Hokkaido1542,0.5,0,1926,35,14423,93.13215909988433,0.0,0.0
E1,q2_x3_resunet_cas-single_seed42,cas-single,single-stream,42,1120,na,hokkaido_iburi_tobu,Hokkaido1543,0.5,0,4317,35,12032,104.0192263263026,0.0,0.0
E1,q2_x3_resunet_cas-single_seed42,cas-single,single-stream,42,1120,na,hokkaido_iburi_tobu,Hokkaido1544,0.5,0,1154,27,15203,70.84019157021864,0.0,0.0
E1,q2_x3_resunet_cas-single_seed42,cas-single,single-stream,42,1120,na,hokkaido_iburi_tobu,Hokkaido1545,0.5,176,4087,123,11998,56.438461499678105,0.13755357050610084,0.2200733577855239
E1,q2_x3_resunet_cas-single_seed42,cas-single,single-stream,42,1120,na,hokkaido_iburi_tobu,Hokkaido1546,0.5,175,5223,97,10889,78.38332866174423,0.1342717325558372,0.1966875908780992
E1,q2_x3_resunet_cas-single_seed42,cas-single,single-stream,42,1120,na,hokkaido_iburi_tobu,Hokkaido1547,0.5,7,2826,11,13540,68.6614248381891,0.05298013245018482,0.09476534296007481
E1,q2_x3_resunet_cas-single_seed42,cas-single,single-stream,42,1120,na,hokkaido_iburi_tobu,Hokkaido1548,0.5,7,5440,100,10837,82.27970883434878,0.017621145374223206,0.07104300888008781
E1,q2_x3_resunet_cas-single_seed42,cas-single,single-stream,42,1120,na,hokkaido_iburi_tobu,Hokkaido1549,0.5,6,3310,205,12863,54.90945796606893,0.04849101390264681,0.06120218579197227
E1,q2_x3_resunet_cas-single_seed42,cas-single,single-stream,42,1120,na,hokkaido_iburi_tobu,Hokkaido1550,0.5,15,2026,454,13889,53.07727474834354,0.0,0.0172307692303314
E1,q2_x3_resunet_cas-single_seed42,cas-single,single-stream,42,1120,na,hokkaido_iburi_tobu,Hokkaido1551,0.5,213,3368,296,12507,44.26447050843062,0.07799442896886137,0.12040133779218067
E1,q2_x3_resunet_cas-single_seed42,cas-single,single-stream,42,1120,na,hokkaido_iburi_tobu,Hokkaido1552,0.5,52,3818,110,12404,69.34693578378014,0.10546811617675686,0.2043313742850713
E1,q2_x3_resunet_cas-single_seed42,cas-single,single-stream,42,1120,na,hokkaido_iburi_tobu,Hokkaido1554,0.5,182,2962,152,13088,36.92413238944903,0.21012416427844574,0.36861858325042773
E1,q2_x3_resunet_cas-single_seed42,cas-single,single-stream,42,1120,na,hokkaido_iburi_tobu,Hokkaido1555,0.5,209,4183,63,11929,67.61582214201547,0.15447483048143598,0.19773013871333472
E1,q2_x3_resunet_cas-single_seed42,cas-single,single-stream,42,1120,na,hokkaido_iburi_tobu,Hokkaido1556,0.5,4,4607,17,11756,74.08167480621658,0.0398009950247291,0.06161137440736687
E1,q2_x3_resunet_cas-single_seed42,cas-single,single-stream,42,1120,na,hokkaido_iburi_tobu,Hokkaido1557,0.5,176,4171,139,11898,33.10209340769387,0.1877256317685024,0.22310756972069334
E1,q2_x3_resunet_cas-single_seed42,cas-single,single-stream,42,1120,na,hokkaido_iburi_tobu,Hokkaido1558,0.5,547,3335,318,12184,46.00752856731182,0.12279148543005888,0.26324670941566847
E1,q2_x3_resunet_cas-single_seed42,cas-single,single-stream,42,1120,na,hokkaido_iburi_tobu,Hokkaido1559,0.5,212,3976,459,11737,41.76034782910724,0.08156235583528147,0.1368224299060459
E1,q2_x3_resunet_cas-single_seed42,cas-single,single-stream,42,1120,na,hokkaido_iburi_tobu,Hokkaido1560,0.5,0,3777,100,12507,96.31217271683452,0.0,0.0
E1,q2_x3_resunet_cas-single_seed42,cas-single,single-stream,42,1120,na,hokkaido_iburi_tobu,Hokkaido1562,0.5,0,638,35,15711,71.4380560214637,0.0,0.0
E1,q2_x3_resunet_cas-single_seed42,cas-single,single-stream,42,1120,na,hokkaido_iburi_tobu,Hokkaido1563,0.5,7,4809,20,11548,76.96199856034549,0.043789808917102886,0.06847360912968209
E1,q2_x3_resunet_cas-single_seed42,cas-single,single-stream,42,1120,na,hokkaido_iburi_tobu,Hokkaido1564,0.5,12,3702,267,12403,69.58868275599445,0.014897579142970846,0.0323159784555769
E1,q2_x3_resunet_cas-single_seed42,cas-single,single-stream,42,1120,na,hokkaido_iburi_tobu,Hokkaido1565,0.5,12,3748,504,12120,76.01644494881614,0.03430012610296474,0.05111603339536544
E1,q2_x3_resunet_cas-single_seed42,cas-single,single-stream,42,1120,na,hokkaido_iburi_tobu,Hokkaido1566,0.5,18,4382,273,11711,41.289508602595745,0.0,0.03844889911222216
E1,q2_x3_resunet_cas-single_seed42,cas-single,single-stream,42,1120,na,hokkaido_iburi_tobu,Hokkaido1567,0.5,0,2373,27,13984,70.05568683914721,0.0,0.0
E1,q2_x3_resunet_cas-single_seed42,cas-single,single-stream,42,1120,na,hokkaido_iburi_tobu,Hokkaido1570,0.5,0,2290,27,14067,70.90904386747289,0.0,0.0
E1,q2_x3_resunet_cas-single_seed42,cas-single,single-stream,42,1120,na,hokkaido_iburi_tobu,Hokkaido1571,0.5,0,1171,27,15186,79.37879130040649,0.0,0.0
E1,q2_x3_resunet_cas-single_seed42,cas-single,single-stream,42,1120,na,lombok,Lombok003,0.5,50,14594,0,1740,62.056397702240496,0.0,0.0
E1,q2_x3_resunet_cas-single_seed42,cas-single,single-stream,42,1120,na,lombok,Lombok005,0.5,38,5280,12,11054,30.1843863746068,0.10671688637763872,0.3148936170209416
E1,q2_x3_resunet_cas-single_seed42,cas-single,single-stream,42,1120,na,lombok,Lombok006,0.5,35,9159,24,7166,37.07017197775371,0.0,0.0314685314681041
E1,q2_x3_resunet_cas-single_seed42,cas-single,single-stream,42,1120,na,lombok,Lombok009,0.5,88,1692,35,14569,104.04326023342406,0.15868172108589368,0.35847620428381627
E1,q2_x3_resunet_cas-single_seed42,cas-single,single-stream,42,1120,na,lombok,Lombok010,0.5,0,1377,40,14967,48.92049378051893,0.0,0.0
E1,q2_x3_resunet_cas-single_seed42,cas-single,single-stream,42,1120,na,lombok,Lombok013,0.5,64,2342,38,13940,99.22195497595725,0.10576923076881826,0.20352429628454166
E1,q2_x3_resunet_cas-single_seed42,cas-single,single-stream,42,1120,na,lombok,Lombok014,0.5,0,591,33,15760,64.53448652746091,0.0,0.0
E1,q2_x3_resunet_cas-single_seed42,cas-single,single-stream,42,1120,na,lombok,Lombok016,0.5,65,2165,81,14073,33.42147974413421,0.16723383568264086,0.2915794057267027
E1,q2_x3_resunet_cas-single_seed42,cas-single,single-stream,42,1120,na,lombok,Lombok017,0.5,56,1848,40,14440,38.72637121232948,0.2558051008751453,0.41190326112156067
E1,q2_x3_resunet_cas-single_seed42,cas-single,single-stream,42,1120,na,lombok,Lombok029,0.5,75,2111,18,14180,38.90115634929364,0.08415013148421094,0.2679228850793776
E1,q2_x3_resunet_cas-single_seed42,cas-single,single-stream,42,1120,na,lombok,Lombok030,0.5,61,1226,17,15080,24.23173508483501,0.17382307294317378,0.35354089875263456
E1,q2_x3_resunet_cas-single_seed42,cas-single,single-stream,42,1120,na,lombok,Lombok033,0.5,0,0,61,16323,181.01933598375618,0.0,0.0
E1,q2_x3_resunet_cas-single_seed42,cas-single,single-stream,42,1120,na,lombok,Lombok034,0.5,28,75,278,16003,55.28108208062891,0.17131545798072004,0.25829273176243517
E1,q2_x3_resunet_cas-single_seed42,cas-single,single-stream,42,1120,na,lombok,Lombok035,0.5,85,682,161,15456,46.812387569615034,0.2733383121727676,0.3618290258444341
E1,q2_x3_resunet_cas-single_seed42,cas-single,single-stream,42,1120,na,lombok,Lombok036,0.5,9,106,65,16204,49.44081348094953,0.1658986175110529,0.19501625135389164
E1,q2_x3_resunet_cas-single_seed42,cas-single,single-stream,42,1120,na,lombok,Lombok037,0.5,100,164,64,16056,46.35375022103764,0.4922905443056913,0.7268539253946333
E1,q2_x3_resunet_cas-single_seed42,cas-single,single-stream,42,1120,na,lombok,Lombok038,0.5,0,268,182,15934,62.24104809250016,0.0,0.0
E1,q2_x3_resunet_cas-single_seed42,cas-single,single-stream,42,1120,na,lombok,Lombok039,0.5,33,93,276,15982,67.59902769000836,0.11093602269125415,0.1736972704712618
E1,q2_x3_resunet_cas-single_seed42,cas-single,single-stream,42,1120,na,lombok,Lombok040,0.5,0,0,257,16127,181.01933598375618,0.0,0.0
E1,q2_x3_resunet_cas-single_seed42,cas-single,single-stream,42,1120,na,lombok,Lombok041,0.5,66,57,262,15999,51.62121367377109,0.2875252865808985,0.347281921617802
E1,q2_x3_resunet_cas-single_seed42,cas-single,single-stream,42,1120,na,lombok,Lombok042,0.5,0,129,288,15967,58.281188776246466,0.0,0.0
E1,q2_x3_resunet_cas-single_seed42,cas-single,single-stream,42,1120,na,lombok,Lombok043,0.5,0,1850,22,14512,58.13556462336657,0.0,0.0
E1,q2_x3_resunet_cas-single_seed42,cas-single,single-stream,42,1120,na,lombok,Lombok044,0.5,4,2314,127,13939,41.02921624457639,0.06891861255910713,0.17359855334498378
E1,q2_x3_resunet_cas-single_seed42,cas-single,single-stream,42,1120,na,lombok,Lombok045,0.5,91,1146,390,14757,40.84716540876165,0.3003193846951121,0.38136749545130183
E1,q2_x3_resunet_cas-single_seed42,cas-single,single-stream,42,1120,na,lombok,Lombok046,0.5,33,287,340,15724,42.45783122179834,0.2251082251078207,0.274599542333731
E1,q2_x3_resunet_cas-single_seed42,cas-single,single-stream,42,1120,na,lombok,Lombok047,0.5,0,0,17,16367,181.01933598375618,0.0,0.0
E1,q2_x3_resunet_cas-single_seed42,cas-single,single-stream,42,1120,na,lombok,Lombok048,0.5,0,50,85,16249,118.01086341444861,0.0,0.0
E1,q2_x3_resunet_cas-single_seed42,cas-single,single-stream,42,1120,na,lombok,Lombok049,0.5,0,10,92,16282,126.11967788160506,0.0,0.0
E1,q2_x3_resunet_cas-single_seed42,cas-single,single-stream,42,1120,na,lombok,Lombok050,0.5,0,130,59,16195,130.11148248897462,0.0,0.0
E1,q2_x3_resunet_cas-single_seed42,cas-single,single-stream,42,1120,na,lombok,Lombok051,0.5,0,0,82,16302,181.01933598375618,0.0,0.0
E1,q2_x3_resunet_cas-single_seed42,cas-single,single-stream,42,1120,na,lombok,Lombok052,0.5,0,342,78,15964,67.30915219799522,0.0,0.0
E1,q2_x3_resunet_cas-single_seed42,cas-single,single-stream,42,1120,na,lombok,Lombok053,0.5,17,1353,24,14990,58.79954945176974,0.07672634271074838,0.11288805268075428
E1,q2_x3_resunet_cas-single_seed42,cas-single,single-stream,42,1120,na,lombok,Lombok055,0.5,0,4,162,16218,71.72544766471394,0.0,0.0
E1,q2_x3_resunet_cas-single_seed42,cas-single,single-stream,42,1120,na,lombok,Lombok056,0.5,0,38,307,16039,82.08223769707551,0.0,0.0
E1,q2_x3_resunet_cas-single_seed42,cas-single,single-stream,42,1120,na,lombok,Lombok057,0.5,332,902,152,14998,32.974667869268394,0.27408373171038225,0.47666899870630114
E1,q2_x3_resunet_cas-single_seed42,cas-single,single-stream,42,1120,na,lombok,Lombok058,0.5,46,319,252,15767,64.65898800173794,0.0953984287313455,0.26744186046472174
E1,q2_x3_resunet_cas-single_seed42,cas-single,single-stream,42,1120,na,lombok,Lombok059,0.5,46,86,209,16043,62.43411952312967,0.20915032679711223,0.3673469387752103
E1,q2_x3_resunet_cas-single_seed42,cas-single,single-stream,42,1120,na,lombok,Lombok060,0.5,0,1251,223,14910,100.26852258431138,0.0,0.0
E1,q2_x3_resunet_cas-single_seed42,cas-single,single-stream,42,1120,na,lombok,Lombok061,0.5,0,56,63,16265,115.49968152268039,0.0,0.0
E1,q2_x3_resunet_cas-single_seed42,cas-single,single-stream,42,1120,na,lombok,Lombok062,0.5,0,1556,100,14728,120.14540200304337,0.0,0.0
E1,q2_x3_resunet_cas-single_seed42,cas-single,single-stream,42,1120,na,lombok,Lombok063,0.5,0,1480,247,14657,106.51102068914253,0.005369127516312779,0.01275626423652648
E1,q2_x3_resunet_cas-single_seed42,cas-single,single-stream,42,1120,na,lombok,Lombok064,0.5,45,822,816,14701,103.07764064044152,0.07414983380170624,0.1225274005498638
E1,q2_x3_resunet_cas-single_seed42,cas-single,single-stream,42,1120,na,lombok,Lombok065,0.5,115,3,543,15723,52.81852027581876,0.201883514674752,0.2995780590714752
E1,q2_x3_resunet_cas-single_seed42,cas-single,single-stream,42,1120,na,lombok,Lombok066,0.5,0,159,117,16108,106.13949991583921,0.0,0.0
E1,q2_x3_resunet_cas-single_seed42,cas-single,single-stream,42,1120,na,lombok,Lombok067,0.5,93,69,348,15874,98.77450464160351,0.29408425116353515,0.29408425116353515
E1,q2_x3_resunet_cas-single_seed42,cas-single,single-stream,42,1120,na,lombok,Lombok068,0.5,68,8,510,15798,52.73129589698987,0.21901973459047003,0.3039215686271932
E1,q2_x3_resunet_cas-single_seed42,cas-single,single-stream,42,1120,na,lombok,Lombok069,0.5,99,62,412,15811,79.4586814398254,0.2528552456836967,0.3422459893045291
E1,q2_x3_resunet_cas-single_seed42,cas-single,single-stream,42,1120,na,lombok,Lombok070,0.5,69,91,246,15978,95.22294283669414,0.18762035763390253,0.2982456140348339
E1,q2_x3_resunet_cas-single_seed42,cas-single,single-stream,42,1120,na,lombok,Lombok076,0.5,0,0,289,16095,181.01933598375618,0.0,0.0
E1,q2_x3_resunet_cas-single_seed42,cas-single,single-stream,42,1120,na,lombok,Lombok077,0.5,0,309,157,15918,63.66850435053836,0.0,0.0
E1,q2_x3_resunet_cas-single_seed42,cas-single,single-stream,42,1120,na,lombok,Lombok078,0.5,0,0,114,16270,181.01933598375618,0.0,0.0
E1,q2_x3_resunet_cas-single_seed42,cas-single,single-stream,42,1120,na,lombok,Lombok079,0.5,0,494,147,15743,59.68833308384232,0.0,0.02873563218345983
E1,q2_x3_resunet_cas-single_seed42,cas-single,single-stream,42,1120,na,lombok,Lombok080,0.5,0,263,126,15995,109.72690538597053,0.0,0.0
E1,q2_x3_resunet_cas-single_seed42,cas-single,single-stream,42,1120,na,lombok,Lombok081,0.5,12,533,123,15716,116.46197271291099,0.016064257027616005,0.12499999999958253
E1,q2_x3_resunet_cas-single_seed42,cas-single,single-stream,42,1120,na,lombok,Lombok082,0.5,95,461,490,15338,64.49796142935877,0.21126760563344044,0.3057062103731751
E1,q2_x3_resunet_cas-single_seed42,cas-single,single-stream,42,1120,na,lombok,Lombok083,0.5,38,0,785,15561,107.2323806879032,0.11247803163434024,0.12891986062705707
E1,q2_x3_resunet_cas-single_seed42,cas-single,single-stream,42,1120,na,lombok,Lombok084,0.5,0,0,305,16079,181.01933598375618,0.0,0.0
E1,q2_x3_resunet_cas-single_seed42,cas-single,single-stream,42,1120,na,lombok,Lombok085,0.5,0,583,43,15758,85.96301521028964,0.0,0.0
E1,q2_x3_resunet_cas-single_seed42,cas-single,single-stream,42,1120,na,lombok,Lombok092,0.5,0,0,19,16365,181.01933598375618,0.0,0.0
E1,q2_x3_resunet_cas-single_seed42,cas-single,single-stream,42,1120,na,lombok,Lombok093,0.5,18,2,287,16077,47.97958233059735,0.18430034129676098,0.3003194888176361
E1,q2_x3_resunet_cas-single_seed42,cas-single,single-stream,42,1120,na,lombok,Lombok094,0.5,21,10,675,15678,68.54610588724965,0.12865497076011354,0.20476858345002658
E1,q2_x3_resunet_cas-single_seed42,cas-single,single-stream,42,1120,na,lombok,Lombok095,0.5,425,258,1080,14621,46.82394882360529,0.4253059595064648,0.5368303571424643
E1,q2_x3_resunet_cas-single_seed42,cas-single,single-stream,42,1120,na,lombok,Lombok096,0.5,570,216,1256,14342,33.511152230406836,0.5061062857227449,0.5986577181203858
E1,q2_x3_resunet_cas-single_seed42,cas-single,single-stream,42,1120,na,lombok,Lombok097,0.5,350,202,867,14965,60.786497748465976,0.42451703743643304,0.5054794520544168
E1,q2_x3_resunet_cas-single_seed42,cas-single,single-stream,42,1120,na,lombok,Lombok098,0.5,85,222,489,15588,34.92476899164826,0.21903973509892927,0.29053816391092957
E1,q2_x3_resunet_cas-single_seed42,cas-single,single-stream,42,1120,na,lombok,Lombok099,0.5,0,167,81,16136,85.4429119301179,0.0,0.0
E1,q2_x3_resunet_cas-single_seed42,cas-single,single-stream,42,1120,na,lombok,Lombok100,0.5,48,714,12,15610,94.84195184545814,0.1935784085616585,0.33226324237514454
E1,q2_x3_resunet_cas-single_seed42,cas-single,single-stream,42,1120,na,lombok,Lombok101,0.5,44,493,87,15760,123.59757263247704,0.14893617021228642,0.24468085106335025
E1,q2_x3_resunet_cas-single_seed42,cas-single,single-stream,42,1120,na,lombok,Lombok102,0.5,8,139,117,16120,84.68763121553091,0.08376963350737646,0.13799933971568157
E1,q2_x3_resunet_cas-single_seed42,cas-single,single-stream,42,1120,na,lombok,Lombok103,0.5,0,1708,79,14597,70.03854695261107,0.0,0.0
E1,q2_x3_resunet_cas-single_seed42,cas-single,single-stream,42,1120,na,lombok,Lombok104,0.5,0,2892,101,13391,84.2886405436015,0.0,0.0
E1,q2_x3_resunet_cas-single_seed42,cas-single,single-stream,42,1120,na,lombok,Lombok105,0.5,16,1499,90,14779,98.30336948184392,0.01807228915619402,0.09640102827714273
E1,q2_x3_resunet_cas-single_seed42,cas-single,single-stream,42,1120,na,lombok,Lombok106,0.5,123,4813,142,11306,41.120953311762555,0.1879111041913581,0.33592379042319914
E1,q2_x3_resunet_cas-single_seed42,cas-single,single-stream,42,1120,na,lombok,Lombok107,0.5,491,6976,299,8618,25.54187930293851,0.2796630565578643,0.42766183233059446
E1,q2_x3_resunet_cas-single_seed42,cas-single,single-stream,42,1120,na,lombok,Lombok108,0.5,383,3820,195,11986,48.03540198561205,0.1804721329789753,0.2792857714784035
E1,q2_x3_resunet_cas-single_seed42,cas-single,single-stream,42,1120,na,lombok,Lombok109,0.5,0,3853,19,12512,103.79907586038475,0.0,0.0
E1,q2_x3_resunet_cas-single_seed42,cas-single,single-stream,42,1120,na,lombok,Lombok110,0.5,0,1347,54,14983,118.7483956479496,0.0,0.0
E1,q2_x3_resunet_cas-single_seed42,cas-single,single-stream,42,1120,na,lombok,Lombok111,0.5,0,128,54,16202,115.43866054645387,0.0,0.0
E1,q2_x3_resunet_cas-single_seed42,cas-single,single-stream,42,1120,na,lombok,Lombok112,0.5,0,659,87,15638,110.52146547233275,0.0,0.0
E1,q2_x3_resunet_cas-single_seed42,cas-single,single-stream,42,1120,na,lombok,Lombok113,0.5,0,0,188,16196,181.01933598375618,0.0,0.0
E1,q2_x3_resunet_cas-single_seed42,cas-single,single-stream,42,1120,na,lombok,Lombok114,0.5,0,0,101,16283,181.01933598375618,0.0,0.0
E1,q2_x3_resunet_cas-single_seed42,cas-single,single-stream,42,1120,na,lombok,Lombok115,0.5,0,0,220,16164,181.01933598375618,0.0,0.0
E1,q2_x3_resunet_cas-single_seed42,cas-single,single-stream,42,1120,na,lombok,Lombok116,0.5,6,4,748,15626,85.58621384311844,0.057268722466904724,0.09503239740811682
E1,q2_x3_resunet_cas-single_seed42,cas-single,single-stream,42,1120,na,lombok,Lombok117,0.5,0,0,732,15652,181.01933598375618,0.0,0.0
E1,q2_x3_resunet_cas-single_seed42,cas-single,single-stream,42,1120,na,lombok,Lombok119,0.5,0,89,183,16112,57.0087712549569,0.0,0.0
E1,q2_x3_resunet_cas-single_seed42,cas-single,single-stream,42,1120,na,lombok,Lombok120,0.5,0,18,140,16226,119.24239972093348,0.0,0.0
E1,q2_x3_resunet_cas-single_seed42,cas-single,single-stream,42,1120,na,lombok,Lombok121,0.5,0,844,19,15521,79.34913908242974,0.0,0.0
E1,q2_x3_resunet_cas-single_seed42,cas-single,single-stream,42,1120,na,lombok,Lombok122,0.5,0,91,31,16262,147.9252239092719,0.0,0.0
E1,q2_x3_resunet_cas-single_seed42,cas-single,single-stream,42,1120,na,lombok,Lombok123,0.5,152,86,423,15723,58.70932671303822,0.4099606815199613,0.49699845081292754
E1,q2_x3_resunet_cas-single_seed42,cas-single,single-stream,42,1120,na,lombok,Lombok124,0.5,325,206,1077,14776,71.32057906591466,0.25693639040033855,0.39454094292772296
E1,q2_x3_resunet_cas-single_seed42,cas-single,single-stream,42,1120,na,lombok,Lombok125,0.5,544,433,1816,13591,64.19501538281614,0.3044469094082641,0.4355919583019675
E1,q2_x3_resunet_cas-single_seed42,cas-single,single-stream,42,1120,na,lombok,Lombok126,0.5,842,562,1800,13180,24.56009686879184,0.49923612858908656,0.6419753086415394
E1,q2_x3_resunet_cas-single_seed42,cas-single,single-stream,42,1120,na,lombok,Lombok127,0.5,230,81,1385,14688,70.6792044562035,0.3063011035908094,0.3892916899048733
E1,q2_x3_resunet_cas-single_seed42,cas-single,single-stream,42,1120,na,lombok,Lombok128,0.5,95,57,533,15699,93.79551527254806,0.2928438105935846,0.33570412517753
E1,q2_x3_resunet_cas-single_seed42,cas-single,single-stream,42,1120,na,lombok,Lombok129,0.5,0,83,319,15982,80.00427844431918,0.0,0.0
E1,q2_x3_resunet_cas-single_seed42,cas-single,single-stream,42,1120,na,lombok,Lombok132,0.5,131,1153,53,15047,23.374233458563257,0.32852452144713523,0.5403533714753139
E1,q2_x3_resunet_cas-single_seed42,cas-single,single-stream,42,1120,na,lombok,Lombok133,0.5,100,1875,46,14363,73.79024325749306,0.1993185689945794,0.33692005090789373
E1,q2_x3_resunet_cas-single_seed42,cas-single,single-stream,42,1120,na,lombok,Lombok134,0.5,0,838,73,15473,55.882088231915674,0.0,0.0
E1,q2_x3_resunet_cas-single_seed42,cas-single,single-stream,42,1120,na,lombok,Lombok135,0.5,0,1956,107,14321,67.16663915433769,0.0,0.0
E1,q2_x3_resunet_cas-single_seed42,cas-single,single-stream,42,1120,na,lombok,Lombok136,0.5,49,6752,81,9502,54.60541418180613,0.027486161480890052,0.10117526826737659
E1,q2_x3_resunet_cas-single_seed42,cas-single,single-stream,42,1120,na,lombok,Lombok137,0.5,94,9336,23,6931,41.23105625617661,0.02820874471051871,0.09446004595312171
E1,q2_x3_resunet_cas-single_seed42,cas-single,single-stream,42,1120,na,lombok,Lombok138,0.5,188,12331,52,3813,29.45838785201001,0.31352282515025554,0.5106345109899967
E1,q2_x3_resunet_cas-single_seed42,cas-single,single-stream,42,1120,na,lombok,Lombok139,0.5,443,12786,106,3049,28.867748673155123,0.15202518617134742,0.31251911198042487
E1,q2_x3_resunet_cas-single_seed42,cas-single,single-stream,42,1120,na,lombok,Lombok140,0.5,415,13675,38,2256,54.10127690188645,0.07016901580279769,0.13594771241784315
E1,q2_x3_resunet_cas-single_seed42,cas-single,single-stream,42,1120,na,lombok,Lombok141,0.5,26,10686,73,5599,98.01678277360263,0.06337860376433395,0.20138550102415217
E1,q2_x3_resunet_cas-single_seed42,cas-single,single-stream,42,1120,na,lombok,Lombok142,0.5,0,3684,51,12649,92.61956001909851,0.0,0.0
E1,q2_x3_resunet_cas-single_seed42,cas-single,single-stream,42,1120,na,lombok,Lombok143,0.5,0,0,51,16333,181.01933598375618,0.0,0.0
E1,q2_x3_resunet_cas-single_seed42,cas-single,single-stream,42,1120,na,lombok,Lombok144,0.5,0,0,27,16357,181.01933598375618,0.0,0.0
E1,q2_x3_resunet_cas-single_seed42,cas-single,single-stream,42,1120,na,lombok,Lombok145,0.5,0,0,27,16357,181.01933598375618,0.0,0.0
E1,q2_x3_resunet_cas-single_seed42,cas-single,single-stream,42,1120,na,lombok,Lombok146,0.5,0,529,32,15823,79.57070086700534,0.0,0.0
E1,q2_x3_resunet_cas-single_seed42,cas-single,single-stream,42,1120,na,lombok,Lombok147,0.5,0,0,64,16320,181.01933598375618,0.0,0.0
E1,q2_x3_resunet_cas-single_seed42,cas-single,single-stream,42,1120,na,lombok,Lombok148,0.5,0,0,57,16327,181.01933598375618,0.0,0.0
E1,q2_x3_resunet_cas-single_seed42,cas-single,single-stream,42,1120,na,lombok,Lombok149,0.5,0,0,675,15709,181.01933598375618,0.0,0.0
E1,q2_x3_resunet_cas-single_seed42,cas-single,single-stream,42,1120,na,lombok,Lombok150,0.5,0,0,1074,15310,181.01933598375618,0.0,0.0
E1,q2_x3_resunet_cas-single_seed42,cas-single,single-stream,42,1120,na,lombok,Lombok153,0.5,0,0,183,16201,181.01933598375618,0.0,0.0
E1,q2_x3_resunet_cas-single_seed42,cas-single,single-stream,42,1120,na,lombok,Lombok154,0.5,0,0,130,16254,181.01933598375618,0.0,0.0
E1,q2_x3_resunet_cas-single_seed42,cas-single,single-stream,42,1120,na,lombok,Lombok155,0.5,0,1449,20,14915,80.04244370412438,0.0,0.0
E1,q2_x3_resunet_cas-single_seed42,cas-single,single-stream,42,1120,na,lombok,Lombok156,0.5,0,76,21,16287,98.00510190801293,0.0,0.0
E1,q2_x3_resunet_cas-single_seed42,cas-single,single-stream,42,1120,na,lombok,Lombok157,0.5,82,59,205,16038,63.40887105249003,0.3424066078465115,0.4594867197127326
E1,q2_x3_resunet_cas-single_seed42,cas-single,single-stream,42,1120,na,lombok,Lombok158,0.5,0,0,1073,15311,181.01933598375618,0.0,0.0
E1,q2_x3_resunet_cas-single_seed42,cas-single,single-stream,42,1120,na,lombok,Lombok159,0.5,265,134,2190,13795,60.960926107488824,0.20030253731750697,0.28026994839197816
E1,q2_x3_resunet_cas-single_seed42,cas-single,single-stream,42,1120,na,lombok,Lombok160,0.5,388,137,2406,13453,26.60167688129155,0.32165714207374835,0.44311677382191594
E1,q2_x3_resunet_cas-single_seed42,cas-single,single-stream,42,1120,na,lombok,Lombok161,0.5,222,128,1336,14698,30.805843601498726,0.323421259214796,0.4087809415314642
E1,q2_x3_resunet_cas-single_seed42,cas-single,single-stream,42,1120,na,lombok,Lombok162,0.5,127,54,416,15787,89.55445270895244,0.3992972893095899,0.4451634983350985
E1,q2_x3_resunet_cas-single_seed42,cas-single,single-stream,42,1120,na,lombok,Lombok163,0.5,204,1144,302,14734,47.35573111724436,0.15844801597354924,0.36940509914968456
E1,q2_x3_resunet_cas-single_seed42,cas-single,single-stream,42,1120,na,lombok,Lombok164,0.5,29,173,530,15652,68.87132388661342,0.19944979367232918,0.25631352358942416
E1,q2_x3_resunet_cas-single_seed42,cas-single,single-stream,42,1120,na,lombok,Lombok166,0.5,132,546,307,15399,24.67478505316224,0.2885682574912003,0.44103992571910494
E1,q2_x3_resunet_cas-single_seed42,cas-single,single-stream,42,1120,na,lombok,Lombok167,0.5,64,306,604,15410,79.11826161417824,0.13579415330697692,0.25389796106618695
E1,q2_x3_resunet_cas-single_seed42,cas-single,single-stream,42,1120,na,lombok,Lombok168,0.5,39,2714,320,13311,47.1380339403649,0.06678820019838712,0.11086474501060682
E1,q2_x3_resunet_cas-single_seed42,cas-single,single-stream,42,1120,na,lombok,Lombok169,0.5,35,2984,293,13072,50.7190704690704,0.026644674236735444,0.08121104185175153
E1,q2_x3_resunet_cas-single_seed42,cas-single,single-stream,42,1120,na,lombok,Lombok170,0.5,0,587,754,15043,50.00849915016995,0.0,0.0
E1,q2_x3_resunet_cas-single_seed42,cas-single,single-stream,42,1120,na,lombok,Lombok171,0.5,46,4530,1587,10221,43.05519448931533,0.03796610169441683,0.07161001263656545
E1,q2_x3_resunet_cas-single_seed42,cas-single,single-stream,42,1120,na,lombok,Lombok172,0.5,95,9926,1070,5293,46.26978389539249,0.012242518460441476,0.032749899930361336
E1,q2_x3_resunet_cas-single_seed42,cas-single,single-stream,42,1120,na,lombok,Lombok173,0.5,75,14817,45,1447,35.940773901416364,0.18783252370992404,0.23575638506826946
E1,q2_x3_resunet_cas-single_seed42,cas-single,single-stream,42,1120,na,lombok,Lombok174,0.5,184,8827,444,6929,69.28544918922171,0.14698467123793074,0.25054339950685556
E1,q2_x3_resunet_cas-single_seed42,cas-single,single-stream,42,1120,na,lombok,Lombok175,0.5,271,7117,743,8253,68.78021306650726,0.005131494547538234,0.03316157338885702
E1,q2_x3_resunet_cas-single_seed42,cas-single,single-stream,42,1120,na,lombok,Lombok176,0.5,31,6608,431,9314,81.71469211957908,0.05526315789423692,0.10875816993415183
E1,q2_x3_resunet_cas-single_seed42,cas-single,single-stream,42,1120,na,lombok,Lombok177,0.5,0,7746,67,8571,80.1884481613263,0.03474065138701468,0.125365649811703
E1,q2_x3_resunet_cas-single_seed42,cas-single,single-stream,42,1120,na,lombok,Lombok178,0.5,10,2893,63,13418,38.11167291267074,0.04904632152559761,0.07413945277991223
E1,q2_x3_resunet_cas-single_seed42,cas-single,single-stream,42,1120,na,lombok,Lombok179,0.5,59,1511,70,14744,31.381290941722074,0.14693877550985143,0.202399261765255
E1,q2_x3_resunet_cas-single_seed42,cas-single,single-stream,42,1120,na,lombok,Lombok180,0.5,0,519,123,15742,52.90269656693505,0.0,0.0
E1,q2_x3_resunet_cas-single_seed42,cas-single,single-stream,42,1120,na,lombok,Lombok181,0.5,3,1897,34,14450,69.86912311518861,0.01886792452817526,0.05342831700780273
E1,q2_x3_resunet_cas-single_seed42,cas-single,single-stream,42,1120,na,lombok,Lombok182,0.5,0,0,168,16216,181.01933598375618,0.0,0.0
E1,q2_x3_resunet_cas-single_seed42,cas-single,single-stream,42,1120,na,lombok,Lombok183,0.5,0,4,512,15868,120.9905312253791,0.0,0.0
E1,q2_x3_resunet_cas-single_seed42,cas-single,single-stream,42,1120,na,lombok,Lombok184,0.5,0,0,996,15388,181.01933598375618,0.0,0.0
E1,q2_x3_resunet_cas-single_seed42,cas-single,single-stream,42,1120,na,lombok,Lombok185,0.5,0,0,975,15409,181.01933598375618,0.0,0.0
E1,q2_x3_resunet_cas-single_seed42,cas-single,single-stream,42,1120,na,lombok,Lombok186,0.5,0,0,885,15499,181.01933598375618,0.0,0.0
E1,q2_x3_resunet_cas-single_seed42,cas-single,single-stream,42,1120,na,lombok,Lombok187,0.5,0,31,25,16328,112.72432690354545,0.0,0.0
E1,q2_x3_resunet_cas-single_seed42,cas-single,single-stream,42,1120,na,lombok,Lombok188,0.5,0,14,32,16338,115.46732253841624,0.0,0.0
E1,q2_x3_resunet_cas-single_seed42,cas-single,single-stream,42,1120,na,lombok,Lombok189,0.5,50,16,242,16076,94.23504792257685,0.293333333333083,0.38485804416372704
E1,q2_x3_resunet_cas-single_seed42,cas-single,single-stream,42,1120,na,lombok,Lombok190,0.5,205,57,1025,15097,35.27245811071567,0.2781015820147481,0.4006187161636394
E1,q2_x3_resunet_cas-single_seed42,cas-single,single-stream,42,1120,na,lombok,Lombok191,0.5,197,126,1313,14748,37.52065301916763,0.19336299592113645,0.30939831216301644
E1,q2_x3_resunet_cas-single_seed42,cas-single,single-stream,42,1120,na,lombok,Lombok192,0.5,31,1285,756,14312,85.78067067778463,0.039890981169008306,0.039890981169008306
E1,q2_x3_resunet_cas-single_seed42,cas-single,single-stream,42,1120,na,lombok,Lombok193,0.5,27,1202,278,14877,62.007257592538984,0.07349310094358592,0.07349310094358592
E1,q2_x3_resunet_cas-single_seed42,cas-single,single-stream,42,1120,na,lombok,Lombok194,0.5,0,274,318,15792,72.16271706917358,0.0,0.0
E1,q2_x3_resunet_cas-single_seed42,cas-single,single-stream,42,1120,na,lombok,Lombok195,0.5,161,261,781,15181,66.18662825457876,0.33186876792299197,0.43834489244108205
E1,q2_x3_resunet_cas-single_seed42,cas-single,single-stream,42,1120,na,lombok,Lombok196,0.5,85,5,881,15413,59.41127826537123,0.2362002567392012,0.31203931203904867
E1,q2_x3_resunet_cas-single_seed42,cas-single,single-stream,42,1120,na,lombok,Lombok197,0.5,19,152,732,15481,107.60104235668385,0.0993633860974832,0.15765443985436345
E1,q2_x3_resunet_cas-single_seed42,cas-single,single-stream,42,1120,na,lombok,Lombok198,0.5,22,962,784,14616,76.56920691694405,0.0716573556792222,0.11367500607188637
E1,q2_x3_resunet_cas-single_seed42,cas-single,single-stream,42,1120,na,lombok,Lombok199,0.5,404,5449,552,9979,49.0,0.14987956106650202,0.3130213847126127
E1,q2_x3_resunet_cas-single_seed42,cas-single,single-stream,42,1120,na,lombok,Lombok200,0.5,343,4455,558,11028,19.25094883250266,0.17960352511697567,0.31078977491703297
E1,q2_x3_resunet_cas-single_seed42,cas-single,single-stream,42,1120,na,lombok,Lombok201,0.5,224,3336,655,12169,41.573990126450646,0.12172371709140178,0.2261737614362758
E1,q2_x3_resunet_cas-single_seed42,cas-single,single-stream,42,1120,na,lombok,Lombok202,0.5,214,2696,1459,12015,41.74904363805673,0.07709446806139857,0.1333545918362898
E1,q2_x3_resunet_cas-single_seed42,cas-single,single-stream,42,1120,na,lombok,Lombok203,0.5,18,6111,1069,9186,71.82525950064893,0.0,0.0
E1,q2_x3_resunet_cas-single_seed42,cas-single,single-stream,42,1120,na,lombok,Lombok204,0.5,1471,12411,222,2280,41.02193493615667,0.20343461030333665,0.2923126653651945
E1,q2_x3_resunet_cas-single_seed42,cas-single,single-stream,42,1120,na,lombok,Lombok205,0.5,734,1065,2821,11764,63.644263480192194,0.0445205479449732,0.1185515411115894
E1,q2_x3_resunet_cas-single_seed42,cas-single,single-stream,42,1120,na,lombok,Lombok206,0.5,307,443,2626,13008,101.53915174588221,0.0713381427967173,0.1256240940568167
E1,q2_x3_resunet_cas-single_seed42,cas-single,single-stream,42,1120,na,lombok,Lombok207,0.5,257,4859,1388,9880,62.19926474618754,0.09648559736775295,0.13979101948555486
E1,q2_x3_resunet_cas-single_seed42,cas-single,single-stream,42,1120,na,lombok,Lombok208,0.5,206,5769,582,9827,71.16986717500204,0.08356193289675619,0.17218543046309726
E1,q2_x3_resunet_cas-single_seed42,cas-single,single-stream,42,1120,na,lombok,Lombok209,0.5,19,5648,194,10523,54.978552729928445,0.0,0.0
E1,q2_x3_resunet_cas-single_seed42,cas-single,single-stream,42,1120,na,lombok,Lombok210,0.5,5,4359,45,11975,44.36776282234624,0.042801556419897045,0.06840390879433819
E1,q2_x3_resunet_cas-single_seed42,cas-single,single-stream,42,1120,na,lombok,Lombok211,0.5,0,1642,120,14622,82.90353651407236,0.0,0.0
E1,q2_x3_resunet_cas-single_seed42,cas-single,single-stream,42,1120,na,lombok,Lombok212,0.5,0,197,96,16091,72.80109889280519,0.0,0.0
E1,q2_x3_resunet_cas-single_seed42,cas-single,single-stream,42,1120,na,lombok,Lombok213,0.5,0,151,387,15846,76.64458873806521,0.0,0.0
E1,q2_x3_resunet_cas-single_seed42,cas-single,single-stream,42,1120,na,lombok,Lombok214,0.5,0,980,1281,14123,101.02276081392046,0.0,0.0
E1,q2_x3_resunet_cas-single_seed42,cas-single,single-stream,42,1120,na,lombok,Lombok215,0.5,0,0,1520,14864,181.01933598375618,0.0,0.0
E1,q2_x3_resunet_cas-single_seed42,cas-single,single-stream,42,1120,na,lombok,Lombok216,0.5,0,0,1002,15382,181.01933598375618,0.0,0.0
E1,q2_x3_resunet_cas-single_seed42,cas-single,single-stream,42,1120,na,lombok,Lombok217,0.5,0,0,850,15534,181.01933598375618,0.0,0.0
E1,q2_x3_resunet_cas-single_seed42,cas-single,single-stream,42,1120,na,lombok,Lombok218,0.5,0,1045,30,15309,60.004583015090496,0.0,0.0
E1,q2_x3_resunet_cas-single_seed42,cas-single,single-stream,42,1120,na,lombok,Lombok219,0.5,0,858,57,15469,89.76049389415361,0.0,0.0
E1,q2_x3_resunet_cas-single_seed42,cas-single,single-stream,42,1120,na,lombok,Lombok220,0.5,0,253,31,16100,94.46158437336473,0.0,0.0
E1,q2_x3_resunet_cas-single_seed42,cas-single,single-stream,42,1120,na,lombok,Lombok221,0.5,0,56,47,16281,65.84561408141289,0.0,0.0
E1,q2_x3_resunet_cas-single_seed42,cas-single,single-stream,42,1120,na,lombok,Lombok222,0.5,0,0,71,16313,181.01933598375618,0.0,0.0
E1,q2_x3_resunet_cas-single_seed42,cas-single,single-stream,42,1120,na,lombok,Lombok223,0.5,0,23,25,16336,82.43899916418647,0.0,0.0
E1,q2_x3_resunet_cas-single_seed42,cas-single,single-stream,42,1120,na,lombok,Lombok224,0.5,0,0,25,16359,181.01933598375618,0.0,0.0
E1,q2_x3_resunet_cas-single_seed42,cas-single,single-stream,42,1120,na,lombok,Lombok230,0.5,224,234,566,15360,52.540412120621625,0.3811126088229925,0.4760681181284316
E1,q2_x3_resunet_cas-single_seed42,cas-single,single-stream,42,1120,na,lombok,Lombok231,0.5,1,475,417,15491,37.35836243860799,0.01874023945828557,0.03895528995101446
E1,q2_x3_resunet_cas-single_seed42,cas-single,single-stream,42,1120,na,lombok,Lombok232,0.5,6,1215,319,14844,75.84168572931083,0.021130480717938455,0.02801120448129275
E1,q2_x3_resunet_cas-single_seed42,cas-single,single-stream,42,1120,na,lombok,Lombok233,0.5,1624,2953,409,11398,54.0809568925831,0.29645669493785604,0.46304309169530944
E1,q2_x3_resunet_cas-single_seed42,cas-single,single-stream,42,1120,na,lombok,Lombok234,0.5,1284,1699,662,12739,27.057334570617012,0.20529684655541044,0.3979995521380612
E1,q2_x3_resunet_cas-single_seed42,cas-single,single-stream,42,1120,na,lombok,Lombok235,0.5,206,5324,0,10854,96.10210967476169,0.11088810837884902,0.17190740894334067
E1,q2_x3_resunet_cas-single_seed42,cas-single,single-stream,42,1120,na,lombok,Lombok236,0.5,197,8120,0,8067,80.06247560499239,0.06275852232157414,0.09572712268427905
E1,q2_x3_resunet_cas-single_seed42,cas-single,single-stream,42,1120,na,lombok,Lombok237,0.5,76,11006,0,5302,83.63789029059659,0.0,0.0
E1,q2_x3_resunet_cas-single_seed42,cas-single,single-stream,42,1120,na,lombok,Lombok238,0.5,1817,14157,90,320,46.14108798023731,0.20630431428973334,0.3014247713438385
E1,q2_x3_resunet_cas-single_seed42,cas-single,single-stream,42,1120,na,lombok,Lombok239,0.5,1925,5251,3534,5674,60.46893823081725,0.0871931956254664,0.1592364442060169
E1,q2_x3_resunet_cas-single_seed42,cas-single,single-stream,42,1120,na,lombok,Lombok240,0.5,0,0,6618,9766,181.01933598375618,0.0,0.0
E1,q2_x3_resunet_cas-single_seed42,cas-single,single-stream,42,1120,na,lombok,Lombok241,0.5,0,0,4269,12115,181.01933598375618,0.0,0.0
E1,q2_x3_resunet_cas-single_seed42,cas-single,single-stream,42,1120,na,lombok,Lombok242,0.5,293,1341,1572,13178,58.56273852995574,0.1227905284537227,0.17584969389874036
E1,q2_x3_resunet_cas-single_seed42,cas-single,single-stream,42,1120,na,lombok,Lombok243,0.5,119,2565,722,12978,53.81867685699836,0.028856825748731846,0.059681450258847565
E1,q2_x3_resunet_cas-single_seed42,cas-single,single-stream,42,1120,na,lombok,Lombok244,0.5,41,3458,199,12686,46.175707309768704,0.1339521930837719,0.189917702328512
E1,q2_x3_resunet_cas-single_seed42,cas-single,single-stream,42,1120,na,lombok,Lombok245,0.5,0,1941,37,14406,55.86591089385369,0.0,0.03595890410924389
E1,q2_x3_resunet_cas-single_seed42,cas-single,single-stream,42,1120,na,lombok,Lombok246,0.5,0,1279,528,14577,54.29525434824521,0.0,0.0
E1,q2_x3_resunet_cas-single_seed42,cas-single,single-stream,42,1120,na,lombok,Lombok247,0.5,0,7,1127,15250,124.50400714266155,0.0,0.0
E1,q2_x3_resunet_cas-single_seed42,cas-single,single-stream,42,1120,na,lombok,Lombok248,0.5,0,0,1172,15212,181.01933598375618,0.0,0.0
E1,q2_x3_resunet_cas-single_seed42,cas-single,single-stream,42,1120,na,lombok,Lombok249,0.5,0,0,752,15632,181.01933598375618,0.0,0.0
E1,q2_x3_resunet_cas-single_seed42,cas-single,single-stream,42,1120,na,lombok,Lombok250,0.5,0,1,635,15748,150.47744700519365,0.0,0.0
E1,q2_x3_resunet_cas-single_seed42,cas-single,single-stream,42,1120,na,lombok,Lombok251,0.5,0,24,33,16327,124.30673347430975,0.0,0.0
E1,q2_x3_resunet_cas-single_seed42,cas-single,single-stream,42,1120,na,lombok,Lombok252,0.5,0,0,62,16322,181.01933598375618,0.0,0.0
E1,q2_x3_resunet_cas-single_seed42,cas-single,single-stream,42,1120,na,lombok,Lombok253,0.5,0,32,30,16322,97.89037728810716,0.0,0.0
E1,q2_x3_resunet_cas-single_seed42,cas-single,single-stream,42,1120,na,lombok,Lombok254,0.5,0,106,99,16179,82.56243627942246,0.0,0.0
E1,q2_x3_resunet_cas-single_seed42,cas-single,single-stream,42,1120,na,lombok,Lombok255,0.5,22,329,222,15811,67.34982517229517,0.15819209039504767,0.2511961722484039
E1,q2_x3_resunet_cas-single_seed42,cas-single,single-stream,42,1120,na,lombok,Lombok256,0.5,0,340,147,15897,59.33782020255778,0.0,0.02205882352909132
E1,q2_x3_resunet_cas-single_seed42,cas-single,single-stream,42,1120,na,lombok,Lombok260,0.5,16,544,401,15423,98.52095758507946,0.08415576466947426,0.1458475851685507
E1,q2_x3_resunet_cas-single_seed42,cas-single,single-stream,42,1120,na,lombok,Lombok261,0.5,2476,1217,602,12089,49.16294363566686,0.41268473556742313,0.5555098515070701
E1,q2_x3_resunet_cas-single_seed42,cas-single,single-stream,42,1120,na,lombok,Lombok262,0.5,1507,608,1326,12943,29.705215346795395,0.306287507615839,0.4451712758807441
E1,q2_x3_resunet_cas-single_seed42,cas-single,single-stream,42,1120,na,lombok,Lombok263,0.5,0,3640,66,12678,144.1125963957042,0.0,0.0
E1,q2_x3_resunet_cas-single_seed42,cas-single,single-stream,42,1120,na,lombok,Lombok264,0.5,81,11493,0,4810,88.01931579788268,0.0,0.0
E1,q2_x3_resunet_cas-single_seed42,cas-single,single-stream,42,1120,na,lombok,Lombok265,0.5,109,15738,0,537,69.06518659932803,0.0,0.0
E1,q2_x3_resunet_cas-single_seed42,cas-single,single-stream,42,1120,na,lombok,Lombok266,0.5,864,12336,1,3183,45.2715029965586,0.009433962263785556,0.010256410256122341
E1,q2_x3_resunet_cas-single_seed42,cas-single,single-stream,42,1120,na,lombok,Lombok267,0.5,1195,6697,4958,3534,57.0087712549569,0.044954538678977356,0.09852769863394524
E1,q2_x3_resunet_cas-single_seed42,cas-single,single-stream,42,1120,na,lombok,Lombok268,0.5,766,233,9151,6234,84.09517912141942,0.026185402921337794,0.059137919066919155
E1,q2_x3_resunet_cas-single_seed42,cas-single,single-stream,42,1120,na,lombok,Lombok269,0.5,1392,1011,4357,9624,73.5091798787881,0.1564340551202386,0.254867817001459
E1,q2_x3_resunet_cas-single_seed42,cas-single,single-stream,42,1120,na,lombok,Lombok270,0.5,286,835,2270,12993,50.323698938295834,0.1328744927377858,0.20925198708934173
E1,q2_x3_resunet_cas-single_seed42,cas-single,single-stream,42,1120,na,lombok,Lombok271,0.5,221,1761,1409,12993,49.198574855393886,0.09593084545603026,0.1718917107989052
E1,q2_x3_resunet_cas-single_seed42,cas-single,single-stream,42,1120,na,lombok,Lombok272,0.5,43,1549,257,14535,59.15007871930635,0.046846846846347316,0.07699037620247634
E1,q2_x3_resunet_cas-single_seed42,cas-single,single-stream,42,1120,na,lombok,Lombok273,0.5,22,3767,251,12344,34.83349095739416,0.03470883146889388,0.07584869059116761
E1,q2_x3_resunet_cas-single_seed42,cas-single,single-stream,42,1120,na,lombok,Lombok274,0.5,63,3675,148,12498,73.9364084469094,0.17387403552816016,0.2133088572736972
E1,q2_x3_resunet_cas-single_seed42,cas-single,single-stream,42,1120,na,lombok,Lombok275,0.5,0,12,16,16356,87.31980402119329,0.0,0.0
E1,q2_x3_resunet_cas-single_seed42,cas-single,single-stream,42,1120,na,lombok,Lombok276,0.5,0,199,294,15891,92.59452333132649,0.0,0.0
E1,q2_x3_resunet_cas-single_seed42,cas-single,single-stream,42,1120,na,lombok,Lombok277,0.5,0,0,379,16005,181.01933598375618,0.0,0.0
E1,q2_x3_resunet_cas-single_seed42,cas-single,single-stream,42,1120,na,lombok,Lombok278,0.5,0,0,213,16171,181.01933598375618,0.0,0.0
E1,q2_x3_resunet_cas-single_seed42,cas-single,single-stream,42,1120,na,lombok,Lombok279,0.5,0,0,171,16213,181.01933598375618,0.0,0.0
E1,q2_x3_resunet_cas-single_seed42,cas-single,single-stream,42,1120,na,lombok,Lombok280,0.5,0,0,144,16240,181.01933598375618,0.0,0.0
E1,q2_x3_resunet_cas-single_seed42,cas-single,single-stream,42,1120,na,lombok,Lombok281,0.5,0,0,17,16367,181.01933598375618,0.0,0.0
E1,q2_x3_resunet_cas-single_seed42,cas-single,single-stream,42,1120,na,lombok,Lombok282,0.5,0,0,23,16361,181.01933598375618,0.0,0.0
E1,q2_x3_resunet_cas-single_seed42,cas-single,single-stream,42,1120,na,lombok,Lombok283,0.5,0,0,63,16321,181.01933598375618,0.0,0.0
E1,q2_x3_resunet_cas-single_seed42,cas-single,single-stream,42,1120,na,lombok,Lombok284,0.5,0,0,196,16188,181.01933598375618,0.0,0.0
E1,q2_x3_resunet_cas-single_seed42,cas-single,single-stream,42,1120,na,lombok,Lombok285,0.5,31,826,126,15401,43.60524001185651,0.0963855421681769,0.15335614014342253
E1,q2_x3_resunet_cas-single_seed42,cas-single,single-stream,42,1120,na,lombok,Lombok286,0.5,0,55,51,16278,53.543233286210835,0.0,0.0
E1,q2_x3_resunet_cas-single_seed42,cas-single,single-stream,42,1120,na,lombok,Lombok287,0.5,0,0,60,16324,181.01933598375618,0.0,0.0
E1,q2_x3_resunet_cas-single_seed42,cas-single,single-stream,42,1120,na,lombok,Lombok288,0.5,0,5,33,16346,95.74798872630141,0.0,0.0
E1,q2_x3_resunet_cas-single_seed42,cas-single,single-stream,42,1120,na,lombok,Lombok290,0.5,123,9765,244,6252,77.36947069640199,0.2489391796318007,0.37935877784216077
E1,q2_x3_resunet_cas-single_seed42,cas-single,single-stream,42,1120,na,lombok,Lombok291,0.5,611,5109,1421,9243,44.75208629246003,0.2011008215981032,0.3179113986232873
E1,q2_x3_resunet_cas-single_seed42,cas-single,single-stream,42,1120,na,lombok,Lombok292,0.5,345,1411,1622,13006,32.1432099543849,0.24460580912816918,0.35998434850611216
E1,q2_x3_resunet_cas-single_seed42,cas-single,single-stream,42,1120,na,lombok,Lombok293,0.5,0,1898,258,14228,79.94997190430998,0.0,0.036413290850669564
E1,q2_x3_resunet_cas-single_seed42,cas-single,single-stream,42,1120,na,lombok,Lombok294,0.5,154,7070,11,9149,74.93627194957114,0.054901960783930046,0.1087613293047456
E1,q2_x3_resunet_cas-single_seed42,cas-single,single-stream,42,1120,na,lombok,Lombok295,0.5,146,13774,0,2464,71.95132414456592,0.0,0.0
E1,q2_x3_resunet_cas-single_seed42,cas-single,single-stream,42,1120,na,lombok,Lombok296,0.5,682,15294,1,407,93.3423283946195,0.025183630639597516,0.02811950790815676
E1,q2_x3_resunet_cas-single_seed42,cas-single,single-stream,42,1120,na,lombok,Lombok297,0.5,1278,6877,4157,4072,53.600373133029585,0.06303217958602916,0.08907903281217766
E1,q2_x3_resunet_cas-single_seed42,cas-single,single-stream,42,1120,na,lombok,Lombok298,0.5,334,46,7426,8578,100.4987562112089,0.03399112453955352,0.04878284856979722
E1,q2_x3_resunet_cas-single_seed42,cas-single,single-stream,42,1120,na,lombok,Lombok299,0.5,957,333,2702,12392,95.92876015664324,0.07876062671241732,0.147003965454897
E1,q2_x3_resunet_cas-single_seed42,cas-single,single-stream,42,1120,na,lombok,Lombok300,0.5,52,775,1946,13611,58.0,0.05576851737323025,0.11205475581197161
E1,q2_x3_resunet_cas-single_seed42,cas-single,single-stream,42,1120,na,lombok,Lombok301,0.5,190,204,1260,14730,70.29827796108145,0.12320328542077018,0.18308112130966084
E1,q2_x3_resunet_cas-single_seed42,cas-single,single-stream,42,1120,na,lombok,Lombok302,0.5,6,2339,160,13879,63.05030974017703,0.007366482504217806,0.027795325331148854
E1,q2_x3_resunet_cas-single_seed42,cas-single,single-stream,42,1120,na,lombok,Lombok303,0.5,0,2012,254,14118,50.58853242712294,0.0,0.0
E1,q2_x3_resunet_cas-single_seed42,cas-single,single-stream,42,1120,na,lombok,Lombok304,0.5,52,406,155,15771,24.163950173137874,0.2270765206012024,0.3388879144004839
E1,q2_x3_resunet_cas-single_seed42,cas-single,single-stream,42,1120,na,lombok,Lombok305,0.5,0,0,16,16368,181.01933598375618,0.0,0.0
E1,q2_x3_resunet_cas-single_seed42,cas-single,single-stream,42,1120,na,lombok,Lombok306,0.5,0,2299,19,14066,92.01928554852189,0.0,0.0
E1,q2_x3_resunet_cas-single_seed42,cas-single,single-stream,42,1120,na,lombok,Lombok307,0.5,0,927,174,15283,67.68308503607086,0.0,0.04904632152539376
E1,q2_x3_resunet_cas-single_seed42,cas-single,single-stream,42,1120,na,lombok,Lombok308,0.5,8,7,414,15955,69.07821640094676,0.10557184750723136,0.1595441595440127
E1,q2_x3_resunet_cas-single_seed42,cas-single,single-stream,42,1120,na,lombok,Lombok309,0.5,0,0,620,15764,181.01933598375618,0.0,0.0
E1,q2_x3_resunet_cas-single_seed42,cas-single,single-stream,42,1120,na,lombok,Lombok310,0.5,0,0,615,15769,181.01933598375618,0.0,0.0
E1,q2_x3_resunet_cas-single_seed42,cas-single,single-stream,42,1120,na,lombok,Lombok311,0.5,0,0,567,15817,181.01933598375618,0.0,0.0
E1,q2_x3_resunet_cas-single_seed42,cas-single,single-stream,42,1120,na,lombok,Lombok313,0.5,0,0,47,16337,181.01933598375618,0.0,0.0
E1,q2_x3_resunet_cas-single_seed42,cas-single,single-stream,42,1120,na,lombok,Lombok314,0.5,0,0,17,16367,181.01933598375618,0.0,0.0
E1,q2_x3_resunet_cas-single_seed42,cas-single,single-stream,42,1120,na,lombok,Lombok315,0.5,19,4742,36,11587,36.6742416417845,0.02006018054122538,0.03144654088001228
E1,q2_x3_resunet_cas-single_seed42,cas-single,single-stream,42,1120,na,lombok,Lombok316,0.5,26,4244,67,12047,50.490411803692226,0.05773501110246811,0.12768019382147155
E1,q2_x3_resunet_cas-single_seed42,cas-single,single-stream,42,1120,na,lombok,Lombok317,0.5,12,874,63,15435,62.68929637936239,0.0459016393438108,0.10499999999950782
E1,q2_x3_resunet_cas-single_seed42,cas-single,single-stream,42,1120,na,lombok,Lombok318,0.5,0,169,28,16187,76.03247269018996,0.0,0.0
E1,q2_x3_resunet_cas-single_seed42,cas-single,single-stream,42,1120,na,lombok,Lombok321,0.5,189,4824,191,11180,38.72144422591799,0.16147285772268255,0.29003690036863716
E1,q2_x3_resunet_cas-single_seed42,cas-single,single-stream,42,1120,na,lombok,Lombok322,0.5,32,992,491,14869,68.0,0.0808988764040865,0.14159292035351376
E1,q2_x3_resunet_cas-single_seed42,cas-single,single-stream,42,1120,na,lombok,Lombok323,0.5,23,2318,169,13874,62.944874004985614,0.0,0.0
E1,q2_x3_resunet_cas-single_seed42,cas-single,single-stream,42,1120,na,lombok,Lombok324,0.5,21,1333,138,14892,43.44299395653464,0.10847457627082806,0.17429193899743517
E1,q2_x3_resunet_cas-single_seed42,cas-single,single-stream,42,1120,na,lombok,Lombok325,0.5,67,7592,89,8636,49.24631949200422,0.050840829096250255,0.07859639112730057
E1,q2_x3_resunet_cas-single_seed42,cas-single,single-stream,42,1120,na,lombok,Lombok326,0.5,12,10665,202,5505,44.32538155908028,0.1324786324782098,0.23473379826454896
E1,q2_x3_resunet_cas-single_seed42,cas-single,single-stream,42,1120,na,lombok,Lombok327,0.5,56,3355,1661,11312,58.3393911201427,0.033399742176931015,0.09417040358694667
E1,q2_x3_resunet_cas-single_seed42,cas-single,single-stream,42,1120,na,lombok,Lombok328,0.5,93,365,2267,13659,105.73433450298934,0.013777267508453404,0.045717035611000406
E1,q2_x3_resunet_cas-single_seed42,cas-single,single-stream,42,1120,na,lombok,Lombok329,0.5,102,1536,1180,13566,46.37334066827595,0.07670877874923519,0.1472603831316526
E1,q2_x3_resunet_cas-single_seed42,cas-single,single-stream,42,1120,na,lombok,Lombok330,0.5,307,372,689,15016,57.723478758647246,0.1837830670287965,0.28546640172368914
E1,q2_x3_resunet_cas-single_seed42,cas-single,single-stream,42,1120,na,lombok,Lombok331,0.5,114,36,536,15698,54.958488793917205,0.3958557325771402,0.49814126394014635
E1,q2_x3_resunet_cas-single_seed42,cas-single,single-stream,42,1120,na,lombok,Lombok332,0.5,0,12,97,16275,85.9250579700082,0.0,0.0
E1,q2_x3_resunet_cas-single_seed42,cas-single,single-stream,42,1120,na,lombok,Lombok333,0.5,0,423,14,15947,70.1961333715083,0.0,0.0
E1,q2_x3_resunet_cas-single_seed42,cas-single,single-stream,42,1120,na,lombok,Lombok334,0.5,20,1387,83,14894,46.65395585789744,0.08795811518278575,0.14257748776462476
E1,q2_x3_resunet_cas-single_seed42,cas-single,single-stream,42,1120,na,lombok,Lombok335,0.5,0,0,98,16286,181.01933598375618,0.0,0.0
E1,q2_x3_resunet_cas-single_seed42,cas-single,single-stream,42,1120,na,lombok,Lombok336,0.5,0,340,135,15909,60.656692588328504,0.0,0.0
E1,q2_x3_resunet_cas-single_seed42,cas-single,single-stream,42,1120,na,lombok,Lombok337,0.5,0,0,361,16023,181.01933598375618,0.0,0.0
E1,q2_x3_resunet_cas-single_seed42,cas-single,single-stream,42,1120,na,lombok,Lombok338,0.5,0,0,605,15779,181.01933598375618,0.0,0.0
E1,q2_x3_resunet_cas-single_seed42,cas-single,single-stream,42,1120,na,lombok,Lombok339,0.5,0,0,874,15510,181.01933598375618,0.0,0.0
E1,q2_x3_resunet_cas-single_seed42,cas-single,single-stream,42,1120,na,lombok,Lombok340,0.5,0,0,824,15560,181.01933598375618,0.0,0.0
E1,q2_x3_resunet_cas-single_seed42,cas-single,single-stream,42,1120,na,lombok,Lombok342,0.5,0,0,159,16225,181.01933598375618,0.0,0.0
E1,q2_x3_resunet_cas-single_seed42,cas-single,single-stream,42,1120,na,lombok,Lombok343,0.5,0,0,119,16265,181.01933598375618,0.0,0.0
E1,q2_x3_resunet_cas-single_seed42,cas-single,single-stream,42,1120,na,lombok,Lombok344,0.5,0,0,31,16353,181.01933598375618,0.0,0.0
E1,q2_x3_resunet_cas-single_seed42,cas-single,single-stream,42,1120,na,lombok,Lombok345,0.5,0,0,18,16366,181.01933598375618,0.0,0.0
E1,q2_x3_resunet_cas-single_seed42,cas-single,single-stream,42,1120,na,lombok,Lombok346,0.5,0,0,56,16328,181.01933598375618,0.0,0.0
E1,q2_x3_resunet_cas-single_seed42,cas-single,single-stream,42,1120,na,lombok,Lombok347,0.5,11,3425,143,12805,47.271392518376814,0.0,0.06425702811197599
E1,q2_x3_resunet_cas-single_seed42,cas-single,single-stream,42,1120,na,lombok,Lombok348,0.5,82,761,144,15397,54.938406438373704,0.2863961813837506,0.4399375975034005
E1,q2_x3_resunet_cas-single_seed42,cas-single,single-stream,42,1120,na,lombok,Lombok349,0.5,0,0,164,16220,181.01933598375618,0.0,0.0
E1,q2_x3_resunet_cas-single_seed42,cas-single,single-stream,42,1120,na,lombok,Lombok352,0.5,0,49,19,16316,52.41658937139528,0.0,0.0
E1,q2_x3_resunet_cas-single_seed42,cas-single,single-stream,42,1120,na,lombok,Lombok354,0.5,7,0,94,16283,99.74356971879686,0.3207547169808627,0.41071428571395935
E1,q2_x3_resunet_cas-single_seed42,cas-single,single-stream,42,1120,na,lombok,Lombok355,0.5,83,3758,113,12430,51.06649016553224,0.11501755835525844,0.19735682819337197
E1,q2_x3_resunet_cas-single_seed42,cas-single,single-stream,42,1120,na,lombok,Lombok356,0.5,117,4286,82,11899,38.98329756778951,0.17473371983249317,0.31795511221907735
E1,q2_x3_resunet_cas-single_seed42,cas-single,single-stream,42,1120,na,lombok,Lombok357,0.5,0,702,92,15590,93.94245444935578,0.0,0.0
E1,q2_x3_resunet_cas-single_seed42,cas-single,single-stream,42,1120,na,lombok,Lombok358,0.5,0,1380,93,14911,76.0,0.0,0.0
E1,q2_x3_resunet_cas-single_seed42,cas-single,single-stream,42,1120,na,lombok,Lombok359,0.5,4,41,177,16162,115.62022258992275,0.07155025553639897,0.0852878464817063
E1,q2_x3_resunet_cas-single_seed42,cas-single,single-stream,42,1120,na,lombok,Lombok360,0.5,0,638,198,15548,106.43979791559606,0.0,0.0
E1,q2_x3_resunet_cas-single_seed42,cas-single,single-stream,42,1120,na,lombok,Lombok361,0.5,35,1286,249,14814,81.21914793089142,0.09627507163274081,0.14803738317707157
E1,q2_x3_resunet_cas-single_seed42,cas-single,single-stream,42,1120,na,lombok,Lombok362,0.5,0,217,241,15926,60.89080001683236,0.0,0.0
E1,q2_x3_resunet_cas-single_seed42,cas-single,single-stream,42,1120,na,lombok,Lombok363,0.5,0,311,135,15938,56.31784761327321,0.0,0.0
E1,q2_x3_resunet_cas-single_seed42,cas-single,single-stream,42,1120,na,lombok,Lombok364,0.5,0,136,378,15870,77.79460135510689,0.0,0.0
E1,q2_x3_resunet_cas-single_seed42,cas-single,single-stream,42,1120,na,lombok,Lombok365,0.5,0,0,546,15838,181.01933598375618,0.0,0.0
E1,q2_x3_resunet_cas-single_seed42,cas-single,single-stream,42,1120,na,lombok,Lombok366,0.5,0,0,249,16135,181.01933598375618,0.0,0.0
E1,q2_x3_resunet_cas-single_seed42,cas-single,single-stream,42,1120,na,lombok,Lombok367,0.5,0,940,21,15423,57.21887800367987,0.0,0.0
E1,q2_x3_resunet_cas-single_seed42,cas-single,single-stream,42,1120,na,lombok,Lombok368,0.5,0,0,18,16366,181.01933598375618,0.0,0.0
E1,q2_x3_resunet_cas-single_seed42,cas-single,single-stream,42,1120,na,lombok,Lombok369,0.5,0,231,62,16091,48.9803218881861,0.0,0.0
E1,q2_x3_resunet_cas-single_seed42,cas-single,single-stream,42,1120,na,lombok,Lombok370,0.5,0,498,156,15730,40.311288741492746,0.0,0.0
E1,q2_x3_resunet_cas-single_seed42,cas-single,single-stream,42,1120,na,lombok,Lombok371,0.5,0,0,141,16243,181.01933598375618,0.0,0.0
E1,q2_x3_resunet_cas-single_seed42,cas-single,single-stream,42,1120,na,lombok,Lombok372,0.5,0,0,65,16319,181.01933598375618,0.0,0.0
E1,q2_x3_resunet_cas-single_seed42,cas-single,single-stream,42,1120,na,lombok,Lombok373,0.5,0,0,73,16311,181.01933598375618,0.0,0.0
E1,q2_x3_resunet_cas-single_seed42,cas-single,single-stream,42,1120,na,lombok,Lombok374,0.5,0,0,72,16312,181.01933598375618,0.0,0.0
E1,q2_x3_resunet_cas-single_seed42,cas-single,single-stream,42,1120,na,lombok,Lombok375,0.5,0,0,272,16112,181.01933598375618,0.0,0.0
E1,q2_x3_resunet_cas-single_seed42,cas-single,single-stream,42,1120,na,lombok,Lombok376,0.5,0,3,270,16111,127.72747066173656,0.0,0.0
E1,q2_x3_resunet_cas-single_seed42,cas-single,single-stream,42,1120,na,lombok,Lombok377,0.5,0,36,295,16053,64.86112712308075,0.0,0.0
E1,q2_x3_resunet_cas-single_seed42,cas-single,single-stream,42,1120,na,lombok,Lombok378,0.5,0,14,309,16061,78.5989788468686,0.0,0.0
E1,q2_x3_resunet_cas-single_seed42,cas-single,single-stream,42,1120,na,lombok,Lombok379,0.5,0,415,42,15927,63.953107821277925,0.0,0.0
E1,q2_x3_resunet_cas-single_seed42,cas-single,single-stream,42,1120,na,lombok,Lombok380,0.5,0,0,20,16364,181.01933598375618,0.0,0.0
E1,q2_x3_resunet_cas-single_seed42,cas-single,single-stream,42,1120,na,lombok,Lombok381,0.5,0,0,83,16301,181.01933598375618,0.0,0.0
E1,q2_x3_resunet_cas-single_seed42,cas-single,single-stream,42,1120,na,lombok,Lombok382,0.5,62,4707,162,11453,34.04995300896013,0.011988011987568659,0.04727039177861276
E1,q2_x3_resunet_cas-single_seed42,cas-single,single-stream,42,1120,na,lombok,Lombok383,0.5,26,917,273,15168,66.89954556032704,0.14321646732664095,0.19323671497535105
E1,q2_x3_resunet_cas-single_seed42,cas-single,single-stream,42,1120,na,lombok,Lombok384,0.5,0,0,246,16138,181.01933598375618,0.0,0.0
E1,q2_x3_resunet_cas-single_seed42,cas-single,single-stream,42,1120,na,lombok,Lombok385,0.5,0,0,103,16281,181.01933598375618,0.0,0.0
E1,q2_x3_resunet_cas-single_seed42,cas-single,single-stream,42,1120,na,lombok,Lombok386,0.5,0,0,16,16368,181.01933598375618,0.0,0.0
E1,q2_x3_resunet_cas-single_seed42,cas-single,single-stream,42,1120,na,lombok,Lombok387,0.5,0,46,19,16319,69.35963312367667,0.0,0.0
E1,q2_x3_resunet_cas-single_seed42,cas-single,single-stream,42,1120,na,lombok,Lombok388,0.5,0,0,87,16297,181.01933598375618,0.0,0.0
E1,q2_x3_resunet_cas-single_seed42,cas-single,single-stream,42,1120,na,lombok,Lombok389,0.5,66,1468,115,14735,85.10529393447227,0.12602739725978226,0.23304393237106646
E1,q2_x3_resunet_cas-single_seed42,cas-single,single-stream,42,1120,na,lombok,Lombok390,0.5,0,16,178,16190,135.0761332006966,0.0,0.0
E1,q2_x3_resunet_cas-single_seed42,cas-single,single-stream,42,1120,na,lombok,Lombok391,0.5,40,465,98,15781,126.90231196916908,0.09836065573732856,0.1762962962958848
E1,q2_x3_resunet_cas-single_seed42,cas-single,single-stream,42,1120,na,lombok,Lombok392,0.5,25,88,189,16082,117.40394304897487,0.20323785803213712,0.36290322580615453
E1,q2_x3_resunet_cas-single_seed42,cas-single,single-stream,42,1120,na,lombok,Lombok393,0.5,29,448,271,15636,71.86480323803687,0.12573344509591375,0.2202573058044091
E1,q2_x3_resunet_cas-single_seed42,cas-single,single-stream,42,1120,na,lombok,Lombok394,0.5,9,45,389,15941,102.0068430780239,0.06968641114961163,0.09302325581368091
E1,q2_x3_resunet_cas-single_seed42,cas-single,single-stream,42,1120,na,lombok,Lombok395,0.5,8,17,641,15718,114.20702712763823,0.05924706850434822,0.10817259892609599
E1,q2_x3_resunet_cas-single_seed42,cas-single,single-stream,42,1120,na,lombok,Lombok396,0.5,0,0,423,15961,181.01933598375618,0.0,0.0
E1,q2_x3_resunet_cas-single_seed42,cas-single,single-stream,42,1120,na,lombok,Lombok397,0.5,0,0,39,16345,181.01933598375618,0.0,0.0
E1,q2_x3_resunet_cas-single_seed42,cas-single,single-stream,42,1120,na,lombok,Lombok398,0.5,0,0,19,16365,181.01933598375618,0.0,0.0
E1,q2_x3_resunet_cas-single_seed42,cas-single,single-stream,42,1120,na,lombok,Lombok399,0.5,0,0,79,16305,181.01933598375618,0.0,0.0
E1,q2_x3_resunet_cas-single_seed42,cas-single,single-stream,42,1120,na,lombok,Lombok400,0.5,0,0,68,16316,181.01933598375618,0.0,0.0
E1,q2_x3_resunet_cas-single_seed42,cas-single,single-stream,42,1120,na,lombok,Lombok401,0.5,0,0,21,16363,181.01933598375618,0.0,0.0
E1,q2_x3_resunet_cas-single_seed42,cas-single,single-stream,42,1120,na,lombok,Lombok402,0.5,0,0,18,16366,181.01933598375618,0.0,0.0
E1,q2_x3_resunet_cas-single_seed42,cas-single,single-stream,42,1120,na,lombok,Lombok403,0.5,0,0,75,16309,181.01933598375618,0.0,0.0
E1,q2_x3_resunet_cas-single_seed42,cas-single,single-stream,42,1120,na,lombok,Lombok404,0.5,0,0,90,16294,181.01933598375618,0.0,0.0
E1,q2_x3_resunet_cas-single_seed42,cas-single,single-stream,42,1120,na,lombok,Lombok405,0.5,0,0,62,16322,181.01933598375618,0.0,0.0
E1,q2_x3_resunet_cas-single_seed42,cas-single,single-stream,42,1120,na,lombok,Lombok406,0.5,0,0,65,16319,181.01933598375618,0.0,0.0
E1,q2_x3_resunet_cas-single_seed42,cas-single,single-stream,42,1120,na,lombok,Lombok407,0.5,0,0,106,16278,181.01933598375618,0.0,0.0
E1,q2_x3_resunet_cas-single_seed42,cas-single,single-stream,42,1120,na,lombok,Lombok408,0.5,0,0,152,16232,181.01933598375618,0.0,0.0
E1,q2_x3_resunet_cas-single_seed42,cas-single,single-stream,42,1120,na,lombok,Lombok409,0.5,0,0,67,16317,181.01933598375618,0.0,0.0
E1,q2_x3_resunet_cas-single_seed42,cas-single,single-stream,42,1120,na,lombok,Lombok410,0.5,0,0,38,16346,181.01933598375618,0.0,0.0
E1,q2_x3_resunet_cas-single_seed42,cas-single,single-stream,42,1120,na,lombok,Lombok411,0.5,0,0,194,16190,181.01933598375618,0.0,0.0
E1,q2_x3_resunet_cas-single_seed42,cas-single,single-stream,42,1120,na,lombok,Lombok412,0.5,0,0,212,16172,181.01933598375618,0.0,0.0
E1,q2_x3_resunet_cas-single_seed42,cas-single,single-stream,42,1120,na,lombok,Lombok413,0.5,0,0,25,16359,181.01933598375618,0.0,0.0
E1,q2_x3_resunet_cas-single_seed42,cas-single,single-stream,42,1120,na,lombok,Lombok414,0.5,0,0,19,16365,181.01933598375618,0.0,0.0
E1,q2_x3_resunet_cas-single_seed42,cas-single,single-stream,42,1120,na,lombok,Lombok415,0.5,7,1218,87,15072,50.39671139471133,0.08589835361438909,0.12480429434085673
E1,q2_x3_resunet_cas-single_seed42,cas-single,single-stream,42,1120,na,lombok,Lombok416,0.5,58,4523,138,11665,30.0,0.08380338436694595,0.1511389398678103
E1,q2_x3_resunet_cas-single_seed42,cas-single,single-stream,42,1120,na,lombok,Lombok417,0.5,3,681,155,15545,70.02427312129889,0.10635359115973955,0.21918038293535888
E1,q2_x3_resunet_cas-single_seed42,cas-single,single-stream,42,1120,na,lombok,Lombok418,0.5,25,932,69,15358,41.34331683474949,0.06530612244850859,0.10989010988962089
E1,q2_x3_resunet_cas-single_seed42,cas-single,single-stream,42,1120,na,lombok,Lombok419,0.5,0,0,57,16327,181.01933598375618,0.0,0.0
E1,q2_x3_resunet_cas-single_seed42,cas-single,single-stream,42,1120,na,lombok,Lombok420,0.5,0,305,19,16060,47.79423955885667,0.0,0.0
E1,q2_x3_resunet_cas-single_seed42,cas-single,single-stream,42,1120,na,lombok,Lombok421,0.5,4,13,33,16334,55.04543278175077,0.258992805755074,0.2790697674416203
E1,q2_x3_resunet_cas-single_seed42,cas-single,single-stream,42,1120,na,lombok,Lombok422,0.5,0,0,59,16325,181.01933598375618,0.0,0.0
E1,q2_x3_resunet_cas-single_seed42,cas-single,single-stream,42,1120,na,lombok,Lombok423,0.5,0,0,184,16200,181.01933598375618,0.0,0.0
E1,q2_x3_resunet_cas-single_seed42,cas-single,single-stream,42,1120,na,lombok,Lombok424,0.5,71,774,172,15367,64.55023570014626,0.2068965517236528,0.32341350726952545
E1,q2_x3_resunet_cas-single_seed42,cas-single,single-stream,42,1120,na,lombok,Lombok425,0.5,116,758,219,15291,73.54114478595078,0.2892783347358619,0.4253138075308815
E1,q2_x3_resunet_cas-single_seed42,cas-single,single-stream,42,1120,na,lombok,Lombok426,0.5,120,384,402,15478,41.53566952630044,0.3254612277569081,0.47758736040301036
E1,q2_x3_resunet_cas-single_seed42,cas-single,single-stream,42,1120,na,lombok,Lombok427,0.5,137,591,445,15211,48.644450302898,0.23117782909885787,0.37158848306460696
E1,q2_x3_resunet_cas-single_seed42,cas-single,single-stream,42,1120,na,lombok,Lombok428,0.5,32,21,563,15768,105.93109856149957,0.11483547413119015,0.13490725126462966
E1,q2_x3_resunet_cas-single_seed42,cas-single,single-stream,42,1120,na,lombok,Lombok429,0.5,0,0,389,15995,181.01933598375618,0.0,0.0
E1,q2_x3_resunet_cas-single_seed42,cas-single,single-stream,42,1120,na,lombok,Lombok430,0.5,0,0,78,16306,181.01933598375618,0.0,0.0
E1,q2_x3_resunet_cas-single_seed42,cas-single,single-stream,42,1120,na,lombok,Lombok431,0.5,0,0,27,16357,181.01933598375618,0.0,0.0
E1,q2_x3_resunet_cas-single_seed42,cas-single,single-stream,42,1120,na,lombok,Lombok432,0.5,0,0,27,16357,181.01933598375618,0.0,0.0
E1,q2_x3_resunet_cas-single_seed42,cas-single,single-stream,42,1120,na,lombok,Lombok433,0.5,0,0,40,16344,181.01933598375618,0.0,0.0
E1,q2_x3_resunet_cas-single_seed42,cas-single,single-stream,42,1120,na,lombok,Lombok434,0.5,0,0,94,16290,181.01933598375618,0.0,0.0
E1,q2_x3_resunet_cas-single_seed42,cas-single,single-stream,42,1120,na,lombok,Lombok435,0.5,0,0,54,16330,181.01933598375618,0.0,0.0
E1,q2_x3_resunet_cas-single_seed42,cas-single,single-stream,42,1120,na,lombok,Lombok436,0.5,0,0,25,16359,181.01933598375618,0.0,0.0
E1,q2_x3_resunet_cas-single_seed42,cas-single,single-stream,42,1120,na,lombok,Lombok437,0.5,0,0,36,16348,181.01933598375618,0.0,0.0
E1,q2_x3_resunet_cas-single_seed42,cas-single,single-stream,42,1120,na,lombok,Lombok438,0.5,0,163,43,16178,75.68947230309679,0.0,0.0
E1,q2_x3_resunet_cas-single_seed42,cas-single,single-stream,42,1120,na,lombok,Lombok439,0.5,0,653,20,15711,86.65111192539756,0.012422360248229621,0.07588075880739478
E1,q2_x3_resunet_cas-single_seed42,cas-single,single-stream,42,1120,na,lombok,Lombok440,0.5,0,27,25,16332,77.00114574318924,0.0,0.0
E1,q2_x3_resunet_cas-single_seed42,cas-single,single-stream,42,1120,na,lombok,Lombok441,0.5,0,1433,34,14917,61.14431206138369,0.0,0.02142857142827349
E1,q2_x3_resunet_cas-single_seed42,cas-single,single-stream,42,1120,na,lombok,Lombok442,0.5,11,4208,44,12121,40.36697615783488,0.059113300492215776,0.09649385675709592
E1,q2_x3_resunet_cas-single_seed42,cas-single,single-stream,42,1120,na,lombok,Lombok443,0.5,0,1733,89,14562,48.17823972397538,0.006451612902816462,0.026291079811721015
E1,q2_x3_resunet_cas-single_seed42,cas-single,single-stream,42,1120,na,lombok,Lombok444,0.5,8,4180,55,12141,55.626365401800236,0.03167420814435244,0.07589285714240737
E1,q2_x3_resunet_cas-single_seed42,cas-single,single-stream,42,1120,na,lombok,Lombok445,0.5,0,278,17,16089,71.91794567511154,0.0,0.0
E1,q2_x3_resunet_cas-single_seed42,cas-single,single-stream,42,1120,na,lombok,Lombok446,0.5,0,0,35,16349,181.01933598375618,0.0,0.0
E1,q2_x3_resunet_cas-single_seed42,cas-single,single-stream,42,1120,na,lombok,Lombok447,0.5,0,0,23,16361,181.01933598375618,0.0,0.0
E1,q2_x3_resunet_cas-single_seed42,cas-single,single-stream,42,1120,na,lombok,Lombok448,0.5,0,0,213,16171,181.01933598375618,0.0,0.0
E1,q2_x3_resunet_cas-single_seed42,cas-single,single-stream,42,1120,na,lombok,Lombok449,0.5,105,244,270,15765,49.10956167918259,0.3044847757608624,0.5063340798008523
E1,q2_x3_resunet_cas-single_seed42,cas-single,single-stream,42,1120,na,lombok,Lombok450,0.5,16,80,234,16054,77.10155576942638,0.18770226537176374,0.2842377260977021
E1,q2_x3_resunet_cas-single_seed42,cas-single,single-stream,42,1120,na,lombok,Lombok451,0.5,24,0,269,16091,85.85435131301871,0.17419777341175222,0.28235294117622806
E1,q2_x3_resunet_cas-single_seed42,cas-single,single-stream,42,1120,na,lombok,Lombok452,0.5,4,8,534,15838,120.17693432949496,0.04128440366968433,0.06787330316735524
E1,q2_x3_resunet_cas-single_seed42,cas-single,single-stream,42,1120,na,lombok,Lombok453,0.5,46,111,503,15724,101.67235738008912,0.1633180020977243,0.24420222047978848
E1,q2_x3_resunet_cas-single_seed42,cas-single,single-stream,42,1120,na,lombok,Lombok454,0.5,0,5,359,16020,112.57573679307848,0.0,0.0
E1,q2_x3_resunet_cas-single_seed42,cas-single,single-stream,42,1120,na,lombok,Lombok455,0.5,0,0,209,16175,181.01933598375618,0.0,0.0
E1,q2_x3_resunet_cas-single_seed42,cas-single,single-stream,42,1120,na,lombok,Lombok456,0.5,0,152,73,16159,53.863975582094575,0.0,0.0
E1,q2_x3_resunet_cas-single_seed42,cas-single,single-stream,42,1120,na,lombok,Lombok457,0.5,0,0,26,16358,181.01933598375618,0.0,0.0
E1,q2_x3_resunet_cas-single_seed42,cas-single,single-stream,42,1120,na,lombok,Lombok458,0.5,0,0,31,16353,181.01933598375618,0.0,0.0
E1,q2_x3_resunet_cas-single_seed42,cas-single,single-stream,42,1120,na,lombok,Lombok459,0.5,0,6,16,16362,71.77745659148975,0.0,0.0
E1,q2_x3_resunet_cas-single_seed42,cas-single,single-stream,42,1120,na,lombok,Lombok460,0.5,0,258,20,16106,70.91457902436011,0.0,0.0
E1,q2_x3_resunet_cas-single_seed42,cas-single,single-stream,42,1120,na,lombok,Lombok461,0.5,1,4333,23,12027,68.63562501930639,0.0,0.0
E1,q2_x3_resunet_cas-single_seed42,cas-single,single-stream,42,1120,na,lombok,Lombok462,0.5,13,5058,5,11308,28.635642126552707,0.0,0.0
E1,q2_x3_resunet_cas-single_seed42,cas-single,single-stream,42,1120,na,lombok,Lombok463,0.5,0,0,195,16189,181.01933598375618,0.0,0.0
E1,q2_x3_resunet_cas-single_seed42,cas-single,single-stream,42,1120,na,lombok,Lombok464,0.5,5,0,259,16120,50.954873842163565,0.11895910780657953,0.1599999999998528
E1,q2_x3_resunet_cas-single_seed42,cas-single,single-stream,42,1120,na,lombok,Lombok465,0.5,0,0,96,16288,181.01933598375618,0.0,0.0
E1,q2_x3_resunet_cas-single_seed42,cas-single,single-stream,42,1120,na,lombok,Lombok466,0.5,0,0,119,16265,181.01933598375618,0.0,0.0
E1,q2_x3_resunet_cas-single_seed42,cas-single,single-stream,42,1120,na,lombok,Lombok467,0.5,13,16,278,16077,87.17444638766764,0.13559322033885662,0.18481848184801708
E1,q2_x3_resunet_cas-single_seed42,cas-single,single-stream,42,1120,na,lombok,Lombok468,0.5,68,91,270,15955,66.26642173852153,0.2914880587872291,0.3673469387752103
E1,q2_x3_resunet_cas-single_seed42,cas-single,single-stream,42,1120,na,lombok,Lombok469,0.5,81,87,187,16029,50.25733210790865,0.4425752183755593,0.5611111111107074
E1,q2_x3_resunet_cas-single_seed42,cas-single,single-stream,42,1120,na,lombok,Lombok470,0.5,0,0,121,16263,181.01933598375618,0.0,0.0
E1,q2_x3_resunet_cas-single_seed42,cas-single,single-stream,42,1120,na,lombok,Lombok471,0.5,0,3741,16,12627,54.979012888746205,0.0,0.0
E1,q2_x3_resunet_cas-single_seed42,cas-single,single-stream,42,1120,na,lombok,Lombok472,0.5,0,321,35,16028,58.508693826506736,0.0,0.0
E1,q2_x3_resunet_cas-single_seed42,cas-single,single-stream,42,1120,na,lombok,Lombok473,0.5,4,77,65,16238,75.09318849035215,0.07117437722390219,0.22660944205985767
E1,q2_x3_resunet_cas-single_seed42,cas-single,single-stream,42,1120,na,lombok,Lombok474,0.5,0,0,34,16350,181.01933598375618,0.0,0.0
E1,q2_x3_resunet_cas-single_seed42,cas-single,single-stream,42,1120,na,lombok,Lombok475,0.5,0,12,41,16331,78.56844150166147,0.0,0.0
E1,q2_x3_resunet_cas-single_seed42,cas-single,single-stream,42,1120,na,lombok,Lombok476,0.5,6,0,173,16205,81.22622123085382,0.10582010582000557,0.14507772020711932
E1,q2_x3_resunet_cas-single_seed42,cas-single,single-stream,42,1120,na,lombok,Lombok477,0.5,19,201,158,16006,64.62494221102737,0.10944250154246601,0.20450076469260728
E1,q2_x3_resunet_cas-single_seed42,cas-single,single-stream,42,1120,na,lombok,Lombok478,0.5,16,26,29,16313,46.08508158011221,0.5806451612899105,0.5806451612899105
E1,q2_x3_resunet_cas-single_seed42,cas-single,single-stream,42,1120,na,lombok,Lombok479,0.5,0,0,51,16333,181.01933598375618,0.0,0.0
E1,q2_x3_resunet_cas-single_seed42,cas-single,single-stream,42,1120,na,lombok,Lombok480,0.5,0,79,61,16244,70.22819946431775,0.0,0.0
E1,q2_x3_resunet_cas-single_seed42,cas-single,single-stream,42,1120,na,lombok,Lombok481,0.5,0,535,50,15799,75.0405264488538,0.0,0.0
E1,q2_x3_resunet_cas-single_seed42,cas-single,single-stream,42,1120,na,lombok,Lombok483,0.5,16,4297,5,12066,53.12107797699688,0.0,0.0
E1,q2_x3_resunet_cas-single_seed42,cas-single,single-stream,42,1120,na,lombok,Lombok484,0.5,24,581,35,15744,53.967129378081566,0.17463617463581738,0.24038929440354764
E1,q2_x3_resunet_cas-single_seed42,cas-single,single-stream,42,1120,na,lombok,Lombok485,0.5,2,3834,36,12512,54.14332771476701,0.0,0.0
E1,q2_x3_resunet_cas-single_seed42,cas-single,single-stream,42,1120,na,lombok,Lombok486,0.5,9,1122,31,15222,46.540744104904206,0.08252063015728435,0.12537673297135832
E1,q2_x3_resunet_cas-single_seed42,cas-single,single-stream,42,1120,na,lombok,Lombok487,0.5,16,558,44,15766,65.13988827070919,0.05211726384314911,0.16129032258016715
E1,q2_x3_resunet_cas-single_seed42,cas-single,single-stream,42,1120,na,lombok,Lombok488,0.5,0,189,36,16159,72.50979174305778,0.0,0.0
E1,q2_x3_resunet_cas-single_seed42,cas-single,single-stream,42,1120,na,lombok,Lombok489,0.5,0,1714,43,14627,72.17340230306452,0.0,0.0
E1,q2_x3_resunet_cas-single_seed42,cas-single,single-stream,42,1120,na,lombok,Lombok490,0.5,0,1435,39,14910,76.00953854849246,0.0,0.0
E1,q2_x3_resunet_cas-single_seed42,cas-single,single-stream,42,1120,na,lombok,Lombok494,0.5,0,1679,43,14662,77.01817908104964,0.0,0.0
E1,q2_x3_resunet_cas-single_seed42,cas-single,single-stream,42,1120,na,lombok,Lombok495,0.5,0,66,39,16279,77.78945918527222,0.0,0.0
E1,q2_x3_resunet_cas-single_seed42,cas-single,single-stream,42,1120,na,palu,Palu0001,0.5,41,415,237,15691,42.11974664904093,0.18367346938733026,0.2833243389095224
E1,q2_x3_resunet_cas-single_seed42,cas-single,single-stream,42,1120,na,palu,Palu0002,0.5,15,1499,166,14704,51.72897756824773,0.07371418998109004,0.1270345375143954
E1,q2_x3_resunet_cas-single_seed42,cas-single,single-stream,42,1120,na,palu,Palu0003,0.5,2,265,533,15584,46.388817487684186,0.041002277904015755,0.08006672226822224
E1,q2_x3_resunet_cas-single_seed42,cas-single,single-stream,42,1120,na,palu,Palu0004,0.5,0,0,376,16008,181.01933598375618,0.0,0.0
E1,q2_x3_resunet_cas-single_seed42,cas-single,single-stream,42,1120,na,palu,Palu0005,0.5,0,322,106,15956,53.0,0.0,0.0
E1,q2_x3_resunet_cas-single_seed42,cas-single,single-stream,42,1120,na,palu,Palu0006,0.5,14,31,186,16153,30.90665927567458,0.24095819633591145,0.2833954814647979
E1,q2_x3_resunet_cas-single_seed42,cas-single,single-stream,42,1120,na,palu,Palu0007,0.5,90,111,262,15921,34.00735135169495,0.4006138437925131,0.5197574743880164
E1,q2_x3_resunet_cas-single_seed42,cas-single,single-stream,42,1120,na,palu,Palu0008,0.5,45,510,237,15592,47.18525294600718,0.16831037574328472,0.18687524113456128
E1,q2_x3_resunet_cas-single_seed42,cas-single,single-stream,42,1120,na,palu,Palu0009,0.5,0,564,125,15695,57.950245414667016,0.0,0.0
E1,q2_x3_resunet_cas-single_seed42,cas-single,single-stream,42,1120,na,palu,Palu0011,0.5,0,33,34,16317,38.00562147311784,0.0,0.0
E1,q2_x3_resunet_cas-single_seed42,cas-single,single-stream,42,1120,na,palu,Palu0012,0.5,0,527,41,15816,68.06907056455617,0.0,0.0
E1,q2_x3_resunet_cas-single_seed42,cas-single,single-stream,42,1120,na,palu,Palu0013,0.5,2,11,166,16205,66.01508580350375,0.09958506224049798,0.10389610389600538
E1,q2_x3_resunet_cas-single_seed42,cas-single,single-stream,42,1120,na,palu,Palu0014,0.5,0,875,127,15382,46.17358552246078,0.0,0.015831134564216986
E1,q2_x3_resunet_cas-single_seed42,cas-single,single-stream,42,1120,na,palu,Palu0015,0.5,0,0,34,16350,181.01933598375618,0.0,0.0
E1,q2_x3_resunet_cas-single_seed42,cas-single,single-stream,42,1120,na,palu,Palu0016,0.5,0,360,34,15990,117.77685287904103,0.0,0.0
E1,q2_x3_resunet_cas-single_seed42,cas-single,single-stream,42,1120,na,palu,Palu0017,0.5,0,84,41,16259,70.4982393506174,0.0,0.0
E1,q2_x3_resunet_cas-single_seed42,cas-single,single-stream,42,1120,na,palu,Palu0018,0.5,0,27,99,16258,80.25284197438174,0.0,0.0
E1,q2_x3_resunet_cas-single_seed42,cas-single,single-stream,42,1120,na,palu,Palu0019,0.5,0,617,103,15664,77.27651991738043,0.0,0.0
E1,q2_x3_resunet_cas-single_seed42,cas-single,single-stream,42,1120,na,palu,Palu0020,0.5,0,211,47,16126,35.56351930595542,0.0,0.0
E1,q2_x3_resunet_cas-single_seed42,cas-single,single-stream,42,1120,na,palu,Palu0021,0.5,0,305,26,16053,61.42146187913125,0.0,0.0
E1,q2_x3_resunet_cas-single_seed42,cas-single,single-stream,42,1120,na,palu,Palu0022,0.5,0,0,30,16354,181.01933598375618,0.0,0.0
E1,q2_x3_resunet_cas-single_seed42,cas-single,single-stream,42,1120,na,palu,Palu0023,0.5,0,105,20,16259,58.03662560762457,0.0,0.0
E1,q2_x3_resunet_cas-single_seed42,cas-single,single-stream,42,1120,na,palu,Palu0024,0.5,0,217,85,16082,89.38931058174667,0.0,0.0
E1,q2_x3_resunet_cas-single_seed42,cas-single,single-stream,42,1120,na,palu,Palu0025,0.5,15,103,81,16185,48.32286103899069,0.29690721649436075,0.33346693386725934
E1,q2_x3_resunet_cas-single_seed42,cas-single,single-stream,42,1120,na,palu,Palu0026,0.5,16,390,63,15915,68.746546606355,0.19739793629382668,0.2121212121207325
E1,q2_x3_resunet_cas-single_seed42,cas-single,single-stream,42,1120,na,palu,Palu0027,0.5,0,0,74,16310,181.01933598375618,0.0,0.0
E1,q2_x3_resunet_cas-single_seed42,cas-single,single-stream,42,1120,na,palu,Palu0028,0.5,0,0,28,16356,181.01933598375618,0.0,0.0
E1,q2_x3_resunet_cas-single_seed42,cas-single,single-stream,42,1120,na,palu,Palu0029,0.5,0,596,22,15766,45.554887976701444,0.0,0.0
E1,q2_x3_resunet_cas-single_seed42,cas-single,single-stream,42,1120,na,palu,Palu0031,0.5,0,1697,53,14634,58.16863680422436,0.0,0.0
E1,q2_x3_resunet_cas-single_seed42,cas-single,single-stream,42,1120,na,palu,Palu0032,0.5,8,707,90,15579,43.05519448931533,0.05696202531600576,0.12614678899034426
E1,q2_x3_resunet_cas-single_seed42,cas-single,single-stream,42,1120,na,palu,Palu0033,0.5,33,851,77,15423,52.009614495783374,0.09178905206893,0.19722939657146554
E1,q2_x3_resunet_cas-single_seed42,cas-single,single-stream,42,1120,na,palu,Palu0034,0.5,8,146,49,16181,50.597535006950366,0.17241379310307764,0.1781219748302465
E1,q2_x3_resunet_cas-single_seed42,cas-single,single-stream,42,1120,na,palu,Palu0037,0.5,0,46,53,16285,74.0978141069223,0.0,0.0
E1,q2_x3_resunet_cas-single_seed42,cas-single,single-stream,42,1120,na,palu,Palu0038,0.5,63,1520,53,14748,70.86485726700924,0.02792321116905182,0.05738880918201293
E1,q2_x3_resunet_cas-single_seed42,cas-single,single-stream,42,1120,na,palu,Palu0039,0.5,6,42,131,16205,108.19881877503785,0.1172638436477212,0.1571194762679204
E1,q2_x3_resunet_cas-single_seed42,cas-single,single-stream,42,1120,na,palu,Palu0040,0.5,55,1046,70,15213,62.887035624224616,0.16168595612330414,0.2849531190529844
E1,q2_x3_resunet_cas-single_seed42,cas-single,single-stream,42,1120,na,palu,Palu0041,0.5,9,1208,141,15026,49.71668193364407,0.0264171711608186,0.04144464179939077
E1,q2_x3_resunet_cas-single_seed42,cas-single,single-stream,42,1120,na,palu,Palu0042,0.5,5,678,131,15570,40.64842223056545,0.063797468353932,0.10441767068223326
E1,q2_x3_resunet_cas-single_seed42,cas-single,single-stream,42,1120,na,palu,Palu0043,0.5,0,141,37,16206,80.85621602205352,0.0,0.0
E1,q2_x3_resunet_cas-single_seed42,cas-single,single-stream,42,1120,na,palu,Palu0044,0.5,0,5256,53,11075,98.73702446397704,0.0,0.0
E1,q2_x3_resunet_cas-single_seed42,cas-single,single-stream,42,1120,na,palu,Palu0045,0.5,36,274,241,15833,87.20951740526837,0.137482814647669,0.1785918717796989
E1,q2_x3_resunet_cas-single_seed42,cas-single,single-stream,42,1120,na,palu,Palu0046,0.5,117,116,180,15971,70.13984736692515,0.3834586466161332,0.5902606984747405
E1,q2_x3_resunet_cas-single_seed42,cas-single,single-stream,42,1120,na,palu,Palu0047,0.5,0,38,150,16196,64.58662974589774,0.012422360248143976,0.028659160695892902
E1,q2_x3_resunet_cas-single_seed42,cas-single,single-stream,42,1120,na,palu,Palu0048,0.5,0,756,266,15362,37.653381762285704,0.0,0.0
E1,q2_x3_resunet_cas-single_seed42,cas-single,single-stream,42,1120,na,palu,Palu0049,0.5,0,159,214,16011,69.1183052360325,0.0,0.0
E1,q2_x3_resunet_cas-single_seed42,cas-single,single-stream,42,1120,na,palu,Palu0050,0.5,0,0,25,16359,181.01933598375618,0.0,0.0
E1,q2_x3_resunet_cas-single_seed42,cas-single,single-stream,42,1120,na,palu,Palu0051,0.5,0,0,36,16348,181.01933598375618,0.0,0.0
E1,q2_x3_resunet_cas-single_seed42,cas-single,single-stream,42,1120,na,palu,Palu0053,0.5,0,493,207,15684,82.52694843986902,0.0,0.0
E1,q2_x3_resunet_cas-single_seed42,cas-single,single-stream,42,1120,na,palu,Palu0054,0.5,159,810,55,15360,54.64379653672546,0.2622017580572966,0.46867749419907667
E1,q2_x3_resunet_cas-single_seed42,cas-single,single-stream,42,1120,na,palu,Palu0055,0.5,0,299,83,16002,113.31116243631541,0.0,0.0
E1,q2_x3_resunet_cas-single_seed42,cas-single,single-stream,42,1120,na,palu,Palu0056,0.5,49,859,161,15315,48.254519260175755,0.1447612620207679,0.36459314601219256
E1,q2_x3_resunet_cas-single_seed42,cas-single,single-stream,42,1120,na,palu,Palu0057,0.5,0,61,135,16188,60.10275319615471,0.0,0.0
E1,q2_x3_resunet_cas-single_seed42,cas-single,single-stream,42,1120,na,palu,Palu0058,0.5,0,229,17,16138,54.52686927304351,0.0,0.0
E1,q2_x3_resunet_cas-single_seed42,cas-single,single-stream,42,1120,na,palu,Palu0059,0.5,0,79,58,16247,64.90761023202667,0.0,0.0
E1,q2_x3_resunet_cas-single_seed42,cas-single,single-stream,42,1120,na,palu,Palu0060,0.5,0,0,42,16342,181.01933598375618,0.0,0.0
E1,q2_x3_resunet_cas-single_seed42,cas-single,single-stream,42,1120,na,palu,Palu0061,0.5,0,2193,46,14145,93.75092021683096,0.0,0.0
E1,q2_x3_resunet_cas-single_seed42,cas-single,single-stream,42,1120,na,palu,Palu0062,0.5,0,32,46,16306,59.22837157984339,0.0,0.0
E1,q2_x3_resunet_cas-single_seed42,cas-single,single-stream,42,1120,na,palu,Palu0063,0.5,0,9,60,16315,116.95757355457539,0.0,0.0
E1,q2_x3_resunet_cas-single_seed42,cas-single,single-stream,42,1120,na,palu,Palu0064,0.5,0,176,61,16147,96.34226105526906,0.0,0.0
E1,q2_x3_resunet_cas-single_seed42,cas-single,single-stream,42,1120,na,palu,Palu0066,0.5,0,2369,34,13981,63.03372054165811,0.0,0.0
E1,q2_x3_resunet_cas-single_seed42,cas-single,single-stream,42,1120,na,palu,Palu0067,0.5,0,874,31,15479,64.37741802116768,0.0,0.0
E1,q2_x3_resunet_cas-single_seed42,cas-single,single-stream,42,1120,na,palu,Palu0070,0.5,0,296,23,16065,72.08364450963337,0.0,0.0
E1,q2_x3_resunet_cas-single_seed42,cas-single,single-stream,42,1120,na,palu,Palu0071,0.5,0,246,24,16114,75.93184669414077,0.0,0.014084507041972626
E1,q2_x3_resunet_cas-single_seed42,cas-single,single-stream,42,1120,na,palu,Palu0072,0.5,0,1843,34,14507,61.72434264024764,0.0,0.0
E1,q2_x3_resunet_cas-single_seed42,cas-single,single-stream,42,1120,na,palu,Palu0073,0.5,0,2304,34,14046,74.7421969010577,0.0,0.0
E1,q2_x3_resunet_cas-single_seed42,cas-single,single-stream,42,1120,na,palu,Palu0078,0.5,0,32,31,16321,123.43419299367578,0.0,0.0
E1,q2_x3_resunet_cas-single_seed42,cas-single,single-stream,42,1120,na,palu,Palu0079,0.5,0,304,25,16055,82.04491592954687,0.0,0.07058823529362457
E1,q2_x3_resunet_cas-single_seed42,cas-single,single-stream,42,1120,na,palu,Palu0083,0.5,0,23,24,16337,107.18675291284833,0.0,0.0
E1,q2_x3_resunet_cas-single_seed42,cas-single,single-stream,42,1120,na,palu,Palu0084,0.5,0,5,47,16332,114.23568627227728,0.0,0.0
E1,q2_x3_resunet_cas-single_seed42,cas-single,single-stream,42,1120,na,palu,Palu0085,0.5,0,681,30,15673,54.00601800261602,0.0,0.0
E1,q2_x3_resunet_cas-single_seed42,cas-single,single-stream,42,1120,na,palu,Palu0086,0.5,0,902,38,15444,66.03923190883377,0.0,0.0
E1,q2_x3_resunet_cas-single_seed42,cas-single,single-stream,42,1120,na,palu,Palu0087,0.5,0,1423,143,14818,52.7595973524558,0.0,0.0
E1,q2_x3_resunet_cas-single_seed42,cas-single,single-stream,42,1120,na,palu,Palu0088,0.5,0,1000,112,15272,55.22408767646623,0.0,0.0
E1,q2_x3_resunet_cas-single_seed42,cas-single,single-stream,42,1120,na,palu,Palu0089,0.5,0,1624,29,14731,124.12271069189701,0.0,0.0
E1,q2_x3_resunet_cas-single_seed42,cas-single,single-stream,42,1120,na,palu,Palu0090,0.5,0,11,29,16344,86.80595709425191,0.0,0.0
E1,q2_x3_resunet_cas-single_seed42,cas-single,single-stream,42,1120,na,palu,Palu0091,0.5,0,987,24,15373,85.37313735259393,0.0,0.0
E1,q2_x3_resunet_cas-single_seed42,cas-single,single-stream,42,1120,na,palu,Palu0092,0.5,0,6,41,16337,68.47517024890902,0.0,0.0
E1,q2_x3_resunet_cas-single_seed42,cas-single,single-stream,42,1120,na,palu,Palu0093,0.5,0,0,30,16354,181.01933598375618,0.0,0.0
E1,q2_x3_resunet_cas-single_seed42,cas-single,single-stream,42,1120,na,palu,Palu0094,0.5,0,526,44,15814,65.30915406674215,0.0,0.0
E1,q2_x3_resunet_cas-single_seed42,cas-single,single-stream,42,1120,na,palu,Palu0095,0.5,0,428,154,15802,98.49441005991625,0.0,0.0
E1,q2_x3_resunet_cas-single_seed42,cas-single,single-stream,42,1120,na,palu,Palu0096,0.5,0,350,123,15911,53.105542448786736,0.0,0.0
E1,q2_x3_resunet_cas-single_seed42,cas-single,single-stream,42,1120,na,palu,Palu0097,0.5,0,5,411,15968,59.06563860637123,0.0,0.0
E1,q2_x3_resunet_cas-single_seed42,cas-single,single-stream,42,1120,na,palu,Palu0098,0.5,0,0,411,15973,181.01933598375618,0.0,0.0
E1,q2_x3_resunet_cas-single_seed42,cas-single,single-stream,42,1120,na,palu,Palu0104,0.5,0,997,382,15005,130.1479916222467,0.0,0.0
E1,q2_x3_resunet_cas-single_seed42,cas-single,single-stream,42,1120,na,palu,Palu0105,0.5,0,491,382,15511,63.66238855883426,0.0,0.0
E1,q2_x3_resunet_cas-single_seed42,cas-single,single-stream,42,1120,na,palu,Palu0106,0.5,0,0,37,16347,181.01933598375618,0.0,0.0
E1,q2_x3_resunet_cas-single_seed42,cas-single,single-stream,42,1120,na,palu,Palu0107,0.5,0,0,157,16227,181.01933598375618,0.0,0.0
E1,q2_x3_resunet_cas-single_seed42,cas-single,single-stream,42,1120,na,palu,Palu0108,0.5,0,573,120,15691,103.98942083150527,0.0,0.0
E1,q2_x3_resunet_cas-single_seed42,cas-single,single-stream,42,1120,na,palu,Palu0110,0.5,0,579,53,15752,63.146403380837455,0.0,0.0
E1,q2_x3_resunet_cas-single_seed42,cas-single,single-stream,42,1120,na,palu,Palu0111,0.5,0,547,157,15680,78.62833234871017,0.0,0.0
E1,q2_x3_resunet_cas-single_seed42,cas-single,single-stream,42,1120,na,palu,Palu0112,0.5,0,234,120,16030,68.56710548580602,0.0,0.0
E1,q2_x3_resunet_cas-single_seed42,cas-single,single-stream,42,1120,na,palu,Palu0113,0.5,0,0,30,16354,181.01933598375618,0.0,0.0
E1,q2_x3_resunet_cas-single_seed42,cas-single,single-stream,42,1120,na,palu,Palu0114,0.5,0,0,32,16352,181.01933598375618,0.0,0.0
E1,q2_x3_resunet_cas-single_seed42,cas-single,single-stream,42,1120,na,palu,Palu0117,0.5,0,476,67,15841,120.92368019491771,0.0,0.0
E1,q2_x3_resunet_cas-single_seed42,cas-single,single-stream,42,1120,na,palu,Palu0118,0.5,54,153,25,16152,118.05052803978265,0.41329479768738575,0.4841149773066438
E1,q2_x3_resunet_cas-single_seed42,cas-single,single-stream,42,1120,na,palu,Palu0120,0.5,0,0,30,16354,181.01933598375618,0.0,0.0
E1,q2_x3_resunet_cas-single_seed42,cas-single,single-stream,42,1120,na,palu,Palu0121,0.5,0,0,32,16352,181.01933598375618,0.0,0.0
E1,q2_x3_resunet_cas-single_seed42,cas-single,single-stream,42,1120,na,palu,Palu0125,0.5,44,1010,23,15307,30.59411708155671,0.2038527188487535,0.2879114118729956
E1,q2_x3_resunet_cas-single_seed42,cas-single,single-stream,42,1120,na,palu,Palu0126,0.5,0,190,87,16107,66.6096218499956,0.0,0.0
E1,q2_x3_resunet_cas-single_seed42,cas-single,single-stream,42,1120,na,palu,Palu0127,0.5,0,612,34,15738,76.0023025319238,0.0,0.0
E1,q2_x3_resunet_cas-single_seed42,cas-single,single-stream,42,1120,na,palu,Palu0130,0.5,15,1053,11,15305,67.82105481477919,0.0,0.02429149797544257
E1,q2_x3_resunet_cas-single_seed42,cas-single,single-stream,42,1120,na,palu,Palu0131,0.5,3,3007,15,13359,67.88225099390856,0.004938271604853334,0.044742729306255266
E1,q2_x3_resunet_cas-single_seed42,cas-single,single-stream,42,1120,na,palu,Palu0132,0.5,0,874,24,15486,78.2425696310725,0.0,0.0
E1,q2_x3_resunet_cas-single_seed42,cas-single,single-stream,42,1120,na,palu,Palu0133,0.5,0,32,45,16307,138.57733156285096,0.0,0.0
E1,q2_x3_resunet_cas-single_seed42,cas-single,single-stream,42,1120,na,palu,Palu0134,0.5,0,2,29,16353,129.36913774805657,0.0,0.0
E1,q2_x3_resunet_cas-single_seed42,cas-single,single-stream,42,1120,na,palu,Palu0138,0.5,0,411,16,15957,51.251737340693055,0.0,0.0
E1,q2_x3_resunet_cas-single_seed42,cas-single,single-stream,42,1120,na,palu,Palu0140,0.5,46,1062,8,15268,63.74677860088243,0.18495193901201754,0.2784233310546551
E1,q2_x3_resunet_cas-single_seed42,cas-single,single-stream,42,1120,na,palu,Palu0141,0.5,29,34,378,15943,60.37377847317058,0.20387393302657067,0.29480737018382436
E1,q2_x3_resunet_cas-single_seed42,cas-single,single-stream,42,1120,na,palu,Palu0142,0.5,281,110,133,15860,18.291599076012638,0.6887406826201492,0.848811817597454
E1,q2_x3_resunet_cas-single_seed42,cas-single,single-stream,42,1120,na,palu,Palu0146,0.5,0,2,33,16349,110.00181814425399,0.0,0.0
E1,q2_x3_resunet_cas-single_seed42,cas-single,single-stream,42,1120,na,palu,Palu0147,0.5,42,74,120,16148,52.36926120738242,0.3353057199207831,0.49999999999962497
E1,q2_x3_resunet_cas-single_seed42,cas-single,single-stream,42,1120,na,palu,Palu0151,0.5,0,1952,444,13988,43.444211251394805,0.0,0.0
E1,q2_x3_resunet_cas-single_seed42,cas-single,single-stream,42,1120,na,palu,Palu0152,0.5,16,332,445,15591,58.438478421677246,0.07909604519734481,0.10215053763398353
E1,q2_x3_resunet_cas-single_seed42,cas-single,single-stream,42,1120,na,palu,Palu0157,0.5,97,1782,109,14396,37.05050743021209,0.17327952198705224,0.3029257950525573
E1,q2_x3_resunet_cas-single_seed42,cas-single,single-stream,42,1120,na,palu,Palu0158,0.5,41,957,152,15234,53.05468545107554,0.026905829595955034,0.11073646850014558
E1,q2_x3_resunet_cas-single_seed42,cas-single,single-stream,42,1120,na,palu,Palu0163,0.5,0,45,76,16263,123.44309438802776,0.0,0.0
E1,q2_x3_resunet_cas-single_seed42,cas-single,single-stream,42,1120,na,palu,Palu0167,0.5,0,1067,49,15268,74.50757719097052,0.0,0.0
E1,q2_x3_resunet_cas-single_seed42,cas-single,single-stream,42,1120,na,palu,Palu0168,0.5,7,679,58,15640,53.47884977039283,0.02536997885786635,0.08921933085451914
E1,q2_x3_resunet_cas-single_seed42,cas-single,single-stream,42,1120,na,palu,Palu0172,0.5,0,588,20,15776,83.79647572420137,0.0,0.0
E1,q2_x3_resunet_cas-single_seed42,cas-single,single-stream,42,1120,na,palu,Palu0175,0.5,3,642,26,15713,51.64687444603926,0.0,0.050450450449986486
E1,q2_x3_resunet_cas-single_seed42,cas-single,single-stream,42,1120,na,palu,Palu0176,0.5,16,2533,14,13821,44.50906102633943,0.05897840968908935,0.09427609427577187
E1,q2_x3_resunet_cas-single_seed42,cas-single,single-stream,42,1120,na,palu,Palu0177,0.5,0,267,42,16075,58.15412971273642,0.0,0.0
E1,q2_x3_resunet_cas-single_seed42,cas-single,single-stream,42,1120,na,palu,Palu0178,0.5,3,490,32,15859,71.04413374244339,0.06622516556249551,0.12448132780033712
E1,q2_x3_resunet_cas-single_seed42,cas-single,single-stream,42,1120,na,palu,Palu0181,0.5,10,2766,15,13593,62.17475360963094,0.07022959675851645,0.09549071618022487
E1,q2_x3_resunet_cas-single_seed42,cas-single,single-stream,42,1120,na,palu,Palu0182,0.5,18,2110,18,14238,44.879172634620005,0.029850746268362663,0.09335727109482075
E1,q2_x3_resunet_cas-single_seed42,cas-single,single-stream,42,1120,na,palu,Palu0183,0.5,0,1659,21,14704,77.42995181916504,0.0,0.0
E1,q2_x3_resunet_cas-single_seed42,cas-single,single-stream,42,1120,na,palu,Palu0184,0.5,0,3004,188,13192,98.27509204131275,0.0,0.0
E1,q2_x3_resunet_cas-single_seed42,cas-single,single-stream,42,1120,na,palu,Palu0185,0.5,0,4775,754,10855,76.9532314644859,0.0,0.0
E1,q2_x3_resunet_cas-single_seed42,cas-single,single-stream,42,1120,na,palu,Palu0186,0.5,0,0,566,15818,181.01933598375618,0.0,0.0
E1,q2_x3_resunet_cas-single_seed42,cas-single,single-stream,42,1120,na,palu,Palu0194,0.5,0,976,26,15382,65.20135379927542,0.0,0.0
E1,q2_x3_resunet_cas-single_seed42,cas-single,single-stream,42,1120,na,palu,Palu0195,0.5,7,1559,20,14798,50.75060385768511,0.0,0.02214022140179491
E1,q2_x3_resunet_cas-single_seed42,cas-single,single-stream,42,1120,na,palu,Palu0196,0.5,27,2854,10,13493,45.845921926377635,0.0,0.0
E1,q2_x3_resunet_cas-single_seed42,cas-single,single-stream,42,1120,na,palu,Palu0197,0.5,0,1354,30,15000,74.09453421137081,0.0,0.0
E1,q2_x3_resunet_cas-single_seed42,cas-single,single-stream,42,1120,na,palu,Palu0200,0.5,3,2755,22,13604,70.22997874450058,0.03859407305293852,0.0625683657841602
E1,q2_x3_resunet_cas-single_seed42,cas-single,single-stream,42,1120,na,palu,Palu0201,0.5,0,2292,42,14050,60.636179886774094,0.0,0.0
E1,q2_x3_resunet_cas-single_seed42,cas-single,single-stream,42,1120,na,palu,Palu0202,0.5,7,2583,20,13774,61.68951257823849,0.04113345521004021,0.14170040485796487
E1,q2_x3_resunet_cas-single_seed42,cas-single,single-stream,42,1120,na,palu,Palu0203,0.5,0,5385,408,10591,88.64536084872124,0.045151359671343816,0.08334084964345174
E1,q2_x3_resunet_cas-single_seed42,cas-single,single-stream,42,1120,na,palu,Palu0204,0.5,1097,4438,0,10849,37.71270850852916,0.0,0.0
E1,q2_x3_resunet_cas-single_seed42,cas-single,single-stream,42,1120,na,palu,Palu0205,0.5,0,0,689,15695,181.01933598375618,0.0,0.0
E1,q2_x3_resunet_cas-single_seed42,cas-single,single-stream,42,1120,na,palu,Palu0206,0.5,0,2636,208,13540,61.094188342393956,0.0,0.0
E1,q2_x3_resunet_cas-single_seed42,cas-single,single-stream,42,1120,na,palu,Palu0207,0.5,0,951,208,15225,48.64666335240114,0.0,0.0
E1,q2_x3_resunet_cas-single_seed42,cas-single,single-stream,42,1120,na,palu,Palu0210,0.5,0,483,17,15884,127.12906266187099,0.0,0.0
E1,q2_x3_resunet_cas-single_seed42,cas-single,single-stream,42,1120,na,palu,Palu0211,0.5,0,1,23,16360,47.37262837656097,0.2307692307690266,0.29629629629604387
E1,q2_x3_resunet_cas-single_seed42,cas-single,single-stream,42,1120,na,palu,Palu0212,0.5,0,1049,33,15302,54.40531954542625,0.0,0.0
E1,q2_x3_resunet_cas-single_seed42,cas-single,single-stream,42,1120,na,palu,Palu0213,0.5,7,1080,20,15277,21.0,0.0,0.01606425702777278
E1,q2_x3_resunet_cas-single_seed42,cas-single,single-stream,42,1120,na,palu,Palu0215,0.5,0,0,22,16362,181.01933598375618,0.0,0.0
E1,q2_x3_resunet_cas-single_seed42,cas-single,single-stream,42,1120,na,palu,Palu0216,0.5,0,134,21,16229,67.08203932499369,0.0,0.0
E1,q2_x3_resunet_cas-single_seed42,cas-single,single-stream,42,1120,na,palu,Palu0217,0.5,11,705,26,15642,46.553725347165255,0.14716459197755669,0.18216318785545496
E1,q2_x3_resunet_cas-single_seed42,cas-single,single-stream,42,1120,na,palu,Palu0219,0.5,0,2080,19,14285,78.26234166215153,0.0,0.0
E1,q2_x3_resunet_cas-single_seed42,cas-single,single-stream,42,1120,na,palu,Palu0220,0.5,0,2042,19,14323,50.02891638427205,0.0,0.0
E1,q2_x3_resunet_cas-single_seed42,cas-single,single-stream,42,1120,na,palu,Palu0221,0.5,0,3005,220,13159,91.31249048714585,0.0,0.0
E1,q2_x3_resunet_cas-single_seed42,cas-single,single-stream,42,1120,na,palu,Palu0222,0.5,0,1887,343,14154,91.00357132075797,0.0,0.0
E1,q2_x3_resunet_cas-single_seed42,cas-single,single-stream,42,1120,na,palu,Palu0223,0.5,0,2609,123,13652,145.41303157634715,0.0,0.0
E1,q2_x3_resunet_cas-single_seed42,cas-single,single-stream,42,1120,na,palu,Palu0224,0.5,0,2316,203,13865,75.54435286608617,0.0,0.0
E1,q2_x3_resunet_cas-single_seed42,cas-single,single-stream,42,1120,na,palu,Palu0225,0.5,0,3477,203,12704,80.5526055169487,0.0,0.0
E1,q2_x3_resunet_cas-single_seed42,cas-single,single-stream,42,1120,na,palu,Palu0226,0.5,0,0,17,16367,181.01933598375618,0.0,0.0
E1,q2_x3_resunet_cas-single_seed42,cas-single,single-stream,42,1120,na,palu,Palu0227,0.5,0,82,17,16285,43.84450585590381,0.0,0.0
E1,q2_x3_resunet_cas-single_seed42,cas-single,single-stream,42,1120,na,palu,Palu0228,0.5,0,536,36,15812,74.45904940672894,0.0,0.0
E1,q2_x3_resunet_cas-single_seed42,cas-single,single-stream,42,1120,na,palu,Palu0229,0.5,13,2742,29,13600,37.00675552332174,0.021333333332985684,0.08474576271157182
E1,q2_x3_resunet_cas-single_seed42,cas-single,single-stream,42,1120,na,palu,Palu0231,0.5,43,2582,12,13747,55.00909015790027,0.09052183173566791,0.15224834512644406
E1,q2_x3_resunet_cas-single_seed42,cas-single,single-stream,42,1120,na,palu,Palu0232,0.5,47,1187,25,15125,80.73041139453281,0.04265041888761143,0.06546644844469772
E1,q2_x3_resunet_cas-single_seed42,cas-single,single-stream,42,1120,na,palu,Palu0233,0.5,21,1839,16,14508,59.4254796379743,0.025052192066544604,0.05211726384343622
E1,q2_x3_resunet_cas-single_seed42,cas-single,single-stream,42,1120,na,palu,Palu0235,0.5,16,1622,22,14724,38.00197334262446,0.04332129963859098,0.11552346570357294
E1,q2_x3_resunet_cas-single_seed42,cas-single,single-stream,42,1120,na,palu,Palu0236,0.5,13,1077,29,15265,25.060787691093307,0.04545454545411157,0.1226795803062623
E1,q2_x3_resunet_cas-single_seed42,cas-single,single-stream,42,1120,na,palu,Palu0238,0.5,0,468,445,15471,124.73863567300573,0.0,0.0
E1,q2_x3_resunet_cas-single_seed42,cas-single,single-stream,42,1120,na,palu,Palu0239,0.5,124,174,1588,14498,65.37766530106823,0.007142857142357371,0.038885288398728575
E1,q2_x3_resunet_cas-single_seed42,cas-single,single-stream,42,1120,na,palu,Palu0240,0.5,0,3518,1430,11436,74.69939278972775,0.0,0.0
E1,q2_x3_resunet_cas-single_seed42,cas-single,single-stream,42,1120,na,palu,Palu0241,0.5,0,4180,163,12041,113.84638773364749,0.0,0.0
E1,q2_x3_resunet_cas-single_seed42,cas-single,single-stream,42,1120,na,palu,Palu0243,0.5,0,1089,16,15279,47.910328549272826,0.0,0.0
E1,q2_x3_resunet_cas-single_seed42,cas-single,single-stream,42,1120,na,palu,Palu0250,0.5,9,2134,69,14172,42.46763106303912,0.06675224646957786,0.11083123425664973
E1,q2_x3_resunet_cas-single_seed42,cas-single,single-stream,42,1120,na,palu,Palu0251,0.5,38,4159,46,12141,46.13005914737045,0.0795042675082399,0.10396624472551502
E1,q2_x3_resunet_cas-single_seed42,cas-single,single-stream,42,1120,na,palu,Palu0253,0.5,138,2711,29,13506,52.561522095686904,0.07144858503749166,0.16072047107687124
E1,q2_x3_resunet_cas-single_seed42,cas-single,single-stream,42,1120,na,palu,Palu0254,0.5,0,2182,142,14060,69.88132422555559,0.0,0.0
E1,q2_x3_resunet_cas-single_seed42,cas-single,single-stream,42,1120,na,palu,Palu0255,0.5,82,1530,803,13969,65.06554888938972,0.13435700575779672,0.2277580071170244
E1,q2_x3_resunet_cas-single_seed42,cas-single,single-stream,42,1120,na,palu,Palu0256,0.5,0,0,3094,13290,181.01933598375618,0.0,0.0
E1,q2_x3_resunet_cas-single_seed42,cas-single,single-stream,42,1120,na,palu,Palu0257,0.5,250,1332,2727,12075,58.571259061186296,0.024614182457013148,0.041901692183223156
E1,q2_x3_resunet_cas-single_seed42,cas-single,single-stream,42,1120,na,palu,Palu0258,0.5,0,1501,768,14115,99.72462083156798,0.0,0.0
E1,q2_x3_resunet_cas-single_seed42,cas-single,single-stream,42,1120,na,palu,Palu0259,0.5,0,2832,16,13536,111.4535755229912,0.0,0.0
E1,q2_x3_resunet_cas-single_seed42,cas-single,single-stream,42,1120,na,palu,Palu0260,0.5,0,190,23,16171,91.73918864649686,0.0,0.0
E1,q2_x3_resunet_cas-single_seed42,cas-single,single-stream,42,1120,na,palu,Palu0263,0.5,0,0,27,16357,181.01933598375618,0.0,0.0
E1,q2_x3_resunet_cas-single_seed42,cas-single,single-stream,42,1120,na,palu,Palu0267,0.5,0,1195,36,15153,47.496857538311936,0.0,0.0
E1,q2_x3_resunet_cas-single_seed42,cas-single,single-stream,42,1120,na,palu,Palu0268,0.5,0,2118,63,14203,61.07372593840988,0.0,0.0
E1,q2_x3_resunet_cas-single_seed42,cas-single,single-stream,42,1120,na,palu,Palu0269,0.5,0,231,61,16092,55.54277630799526,0.0,0.0
E1,q2_x3_resunet_cas-single_seed42,cas-single,single-stream,42,1120,na,palu,Palu0270,0.5,0,2973,138,13273,73.93760846172388,0.0,0.0
E1,q2_x3_resunet_cas-single_seed42,cas-single,single-stream,42,1120,na,palu,Palu0271,0.5,0,1808,138,14438,82.3574455134168,0.0,0.0
E1,q2_x3_resunet_cas-single_seed42,cas-single,single-stream,42,1120,na,palu,Palu0272,0.5,0,2416,440,13528,94.65436583244504,0.0,0.0
E1,q2_x3_resunet_cas-single_seed42,cas-single,single-stream,42,1120,na,palu,Palu0273,0.5,38,1000,1344,14002,91.51033795147292,0.0,0.0
E1,q2_x3_resunet_cas-single_seed42,cas-single,single-stream,42,1120,na,palu,Palu0274,0.5,5,858,1542,13979,58.31134687736615,0.0,0.0
E1,q2_x3_resunet_cas-single_seed42,cas-single,single-stream,42,1120,na,palu,Palu0275,0.5,0,23,605,15756,123.0203017903142,0.0,0.0
E1,q2_x3_resunet_cas-single_seed42,cas-single,single-stream,42,1120,na,palu,Palu0279,0.5,0,30,52,16302,54.06894846126396,0.0,0.0
E1,q2_x3_resunet_cas-single_seed42,cas-single,single-stream,42,1120,na,palu,Palu0280,0.5,0,0,106,16278,181.01933598375618,0.0,0.0
E1,q2_x3_resunet_cas-single_seed42,cas-single,single-stream,42,1120,na,palu,Palu0281,0.5,0,170,67,16147,63.96553702228252,0.0,0.0
E1,q2_x3_resunet_cas-single_seed42,cas-single,single-stream,42,1120,na,palu,Palu0284,0.5,4,1283,52,15045,63.864475469095126,0.0,0.06376811594153473
E1,q2_x3_resunet_cas-single_seed42,cas-single,single-stream,42,1120,na,palu,Palu0285,0.5,31,647,62,15644,48.42722043089062,0.15566037735800972,0.30721457406015645
E1,q2_x3_resunet_cas-single_seed42,cas-single,single-stream,42,1120,na,palu,Palu0286,0.5,0,696,104,15584,62.639027664930516,0.0,0.0
E1,q2_x3_resunet_cas-single_seed42,cas-single,single-stream,42,1120,na,palu,Palu0287,0.5,50,1193,196,14945,25.670842282882425,0.12759389470028515,0.21759157709974802
E1,q2_x3_resunet_cas-single_seed42,cas-single,single-stream,42,1120,na,palu,Palu0288,0.5,31,305,148,15900,57.99091257269887,0.11007655700344603,0.2333828628028754
E1,q2_x3_resunet_cas-single_seed42,cas-single,single-stream,42,1120,na,palu,Palu0289,0.5,0,1536,50,14798,47.1320967706628,0.0,0.0
E1,q2_x3_resunet_cas-single_seed42,cas-single,single-stream,42,1120,na,palu,Palu0290,0.5,13,1349,14,15008,49.01118859850245,0.07462686567136236,0.15120674614687105
E1,q2_x3_resunet_cas-single_seed42,cas-single,single-stream,42,1120,na,palu,Palu0291,0.5,0,1890,18,14476,69.73232033481092,0.0,0.0
E1,q2_x3_resunet_cas-single_seed42,cas-single,single-stream,42,1120,na,palu,Palu0293,0.5,0,469,41,15874,48.875316560709216,0.0,0.0
E1,q2_x3_resunet_cas-single_seed42,cas-single,single-stream,42,1120,na,palu,Palu0294,0.5,40,3191,84,13069,37.63774363033618,0.09996155324826674,0.21755702099290852
E1,q2_x3_resunet_cas-single_seed42,cas-single,single-stream,42,1120,na,palu,Palu0295,0.5,35,1176,143,15030,46.158049079404734,0.08628659476070823,0.13916146297905047
E1,q2_x3_resunet_cas-single_seed42,cas-single,single-stream,42,1120,na,palu,Palu0296,0.5,0,776,177,15431,56.25768957274187,0.0,0.0
E1,q2_x3_resunet_cas-single_seed42,cas-single,single-stream,42,1120,na,palu,Palu0297,0.5,241,966,149,15028,47.15895464127499,0.2991918381378627,0.5410278412434247
E1,q2_x3_resunet_cas-single_seed42,cas-single,single-stream,42,1120,na,palu,Palu0298,0.5,33,183,180,15988,39.64608577248635,0.26162632580860257,0.285714285713814
E1,q2_x3_resunet_cas-single_seed42,cas-single,single-stream,42,1120,na,palu,Palu0299,0.5,28,1291,42,15023,50.56562023447932,0.07817589576513852,0.16286644951106688
E1,q2_x3_resunet_cas-single_seed42,cas-single,single-stream,42,1120,na,palu,Palu0300,0.5,47,2970,44,13323,46.52621624035021,0.10434452665498911,0.19284848484813705
E1,q2_x3_resunet_cas-single_seed42,cas-single,single-stream,42,1120,na,palu,Palu0301,0.5,0,841,21,15522,78.07482452825361,0.0,0.0
E1,q2_x3_resunet_cas-single_seed42,cas-single,single-stream,42,1120,na,palu,Palu0302,0.5,4,2843,14,13523,48.690857925996305,0.0,0.0
E1,q2_x3_resunet_cas-single_seed42,cas-single,single-stream,42,1120,na,palu,Palu0303,0.5,6,2016,62,14300,36.87817782917155,0.0,0.0
E1,q2_x3_resunet_cas-single_seed42,cas-single,single-stream,42,1120,na,palu,Palu0304,0.5,0,853,130,15401,68.88384287388003,0.026344676179529646,0.03573555687873236
E1,q2_x3_resunet_cas-single_seed42,cas-single,single-stream,42,1120,na,palu,Palu0305,0.5,0,221,174,15989,65.13040264742612,0.0,0.0
E1,q2_x3_resunet_cas-single_seed42,cas-single,single-stream,42,1120,na,palu,Palu0306,0.5,0,1590,212,14582,78.49585923631955,0.0,0.0
E1,q2_x3_resunet_cas-single_seed42,cas-single,single-stream,42,1120,na,palu,Palu0307,0.5,0,1377,215,14792,57.007017003965515,0.015533980582041284,0.03310344827537464
E1,q2_x3_resunet_cas-single_seed42,cas-single,single-stream,42,1120,na,palu,Palu0309,0.5,0,969,79,15336,74.32496040481725,0.0,0.0
E1,q2_x3_resunet_cas-single_seed42,cas-single,single-stream,42,1120,na,palu,Palu0310,0.5,0,504,212,15668,55.45809181686184,0.0,0.0
E1,q2_x3_resunet_cas-single_seed42,cas-single,single-stream,42,1120,na,palu,Palu0311,0.5,16,527,117,15724,62.26433198050837,0.13385826771603795,0.15786278081310287
E1,q2_x3_resunet_cas-single_seed42,cas-single,single-stream,42,1120,na,palu,Palu0312,0.5,0,663,27,15694,54.32002222454955,0.0,0.0
E1,q2_x3_resunet_cas-single_seed42,cas-single,single-stream,42,1120,na,palu,Palu0313,0.5,16,857,78,15433,26.874669467551247,0.13588850174180614,0.1401869158875238
E1,q2_x3_resunet_cas-single_seed42,cas-single,single-stream,42,1120,na,palu,Palu0314,0.5,25,1575,230,14554,48.85671661585541,0.127049180327375,0.18290359456319924
E1,q2_x3_resunet_cas-single_seed42,cas-single,single-stream,42,1120,na,palu,Palu0315,0.5,38,2239,150,13957,51.45142773259309,0.0523560209419983,0.09062499999960125
E1,q2_x3_resunet_cas-single_seed42,cas-single,single-stream,42,1120,na,palu,Palu0316,0.5,4,2677,63,13640,82.0047519891827,0.05807622504500395,0.07264616855153264
E1,q2_x3_resunet_cas-single_seed42,cas-single,single-stream,42,1120,na,palu,Palu0317,0.5,40,1104,90,15150,44.268251465360926,0.17325552724536783,0.2767467535876683
E1,q2_x3_resunet_cas-single_seed42,cas-single,single-stream,42,1120,na,palu,Palu0318,0.5,45,3237,101,13001,40.25333486357197,0.12557555462490455,0.2371134020613889
E1,q2_x3_resunet_cas-single_seed42,cas-single,single-stream,42,1120,na,palu,Palu0319,0.5,60,1644,97,14583,41.483669702992174,0.043343653250274804,0.11406844106415474
E1,q2_x3_resunet_cas-single_seed42,cas-single,single-stream,42,1120,na,palu,Palu0320,0.5,19,1594,95,14676,38.06550841419982,0.013114754097970568,0.05979885838498845
E1,q2_x3_resunet_cas-single_seed42,cas-single,single-stream,42,1120,na,palu,Palu0321,0.5,184,2441,137,13622,50.07244184903283,0.06365551134986537,0.11250627825168517
E1,q2_x3_resunet_cas-single_seed42,cas-single,single-stream,42,1120,na,palu,Palu0322,0.5,87,307,237,15753,34.48622666954641,0.3490375802011787,0.5193811485743096
E1,q2_x3_resunet_cas-single_seed42,cas-single,single-stream,42,1120,na,palu,Palu0325,0.5,6,1236,21,15121,21.239101940026504,0.03149606299179118,0.16562107904595655
E1,q2_x3_resunet_cas-single_seed42,cas-single,single-stream,42,1120,na,palu,Palu0326,0.5,0,106,192,16086,62.2066725127475,0.0,0.0
E1,q2_x3_resunet_cas-single_seed42,cas-single,single-stream,42,1120,na,palu,Palu0327,0.5,74,114,283,15913,53.74011537017761,0.23999999999969848,0.35353535353506244
E1,q2_x3_resunet_cas-single_seed42,cas-single,single-stream,42,1120,na,palu,Palu0328,0.5,39,3450,158,12737,48.12874229130044,0.09759403591964338,0.156434455982623
E1,q2_x3_resunet_cas-single_seed42,cas-single,single-stream,42,1120,na,palu,Palu0329,0.5,63,554,196,15571,46.601969826961806,0.24899797822105055,0.3337612323486768
E1,q2_x3_resunet_cas-single_seed42,cas-single,single-stream,42,1120,na,palu,Palu0330,0.5,2,738,249,15395,55.67992443002422,0.006666666666288357,0.025380710659487233
E1,q2_x3_resunet_cas-single_seed42,cas-single,single-stream,42,1120,na,palu,Palu0331,0.5,0,2822,70,13492,70.4512354455712,0.0,0.0
E1,q2_x3_resunet_cas-single_seed42,cas-single,single-stream,42,1120,na,palu,Palu0332,0.5,46,2457,100,13781,39.0,0.15634180610507373,0.29967891544727265
E1,q2_x3_resunet_cas-single_seed42,cas-single,single-stream,42,1120,na,palu,Palu0333,0.5,65,1812,97,14410,40.20509179733402,0.23662474886478374,0.33229302615850503
E1,q2_x3_resunet_cas-single_seed42,cas-single,single-stream,42,1120,na,palu,Palu0334,0.5,40,3706,140,12498,44.29674182831508,0.09699909063303465,0.23314199205148672
E1,q2_x3_resunet_cas-single_seed42,cas-single,single-stream,42,1120,na,palu,Palu0335,0.5,23,1135,102,15124,58.88261760673559,0.10123296560629635,0.16930312099137831
E1,q2_x3_resunet_cas-single_seed42,cas-single,single-stream,42,1120,na,palu,Palu0336,0.5,0,1412,28,14944,67.88298748356672,0.0,0.0
E1,q2_x3_resunet_cas-single_seed42,cas-single,single-stream,42,1120,na,palu,Palu0337,0.5,0,2187,109,14088,76.64038524538951,0.0,0.0
E1,q2_x3_resunet_cas-single_seed42,cas-single,single-stream,42,1120,na,palu,Palu0338,0.5,0,663,164,15557,65.40806158148833,0.0,0.0
E1,q2_x3_resunet_cas-single_seed42,cas-single,single-stream,42,1120,na,palu,Palu0339,0.5,34,1274,25,15051,55.74892376153588,0.12012870933112159,0.2113854315442765
E1,q2_x3_resunet_cas-single_seed42,cas-single,single-stream,42,1120,na,palu,Palu0342,0.5,3,4,179,16198,66.65702684685242,0.09160305343492361,0.14840989399264654
E1,q2_x3_resunet_cas-single_seed42,cas-single,single-stream,42,1120,na,palu,Palu0343,0.5,28,1346,346,14664,33.22345778411468,0.12998859749096373,0.1975144841001737
E1,q2_x3_resunet_cas-single_seed42,cas-single,single-stream,42,1120,na,palu,Palu0344,0.5,26,385,180,15793,36.069377593742864,0.160714285713805,0.29750715161373276
E1,q2_x3_resunet_cas-single_seed42,cas-single,single-stream,42,1120,na,palu,Palu0345,0.5,91,2476,81,13736,44.229812463433554,0.05531667635053081,0.11064278187517353
E1,q2_x3_resunet_cas-single_seed42,cas-single,single-stream,42,1120,na,palu,Palu0346,0.5,0,685,180,15519,66.57625006341657,0.0,0.0
E1,q2_x3_resunet_cas-single_seed42,cas-single,single-stream,42,1120,na,palu,Palu0347,0.5,0,1958,29,14397,65.98014108936513,0.0,0.0
E1,q2_x3_resunet_cas-single_seed42,cas-single,single-stream,42,1120,na,palu,Palu0348,0.5,6,2539,55,13784,46.507523727831064,0.029325513196187165,0.061412487205302374
E1,q2_x3_resunet_cas-single_seed42,cas-single,single-stream,42,1120,na,palu,Palu0349,0.5,0,56,73,16255,78.07357593816877,0.0,0.0776699029122085
E1,q2_x3_resunet_cas-single_seed42,cas-single,single-stream,42,1120,na,palu,Palu0350,0.5,16,2130,108,14130,48.49613281959526,0.04363636363586919,0.07532956685449327
E1,q2_x3_resunet_cas-single_seed42,cas-single,single-stream,42,1120,na,palu,Palu0351,0.5,21,2100,110,14153,55.88930923062279,0.005333333332885389,0.02196461256821733
E1,q2_x3_resunet_cas-single_seed42,cas-single,single-stream,42,1120,na,palu,Palu0352,0.5,0,322,90,15972,57.36903986915365,0.030303030302576216,0.0374149659860799
E1,q2_x3_resunet_cas-single_seed42,cas-single,single-stream,42,1120,na,palu,Palu0353,0.5,0,2686,55,13643,94.06912352095134,0.0,0.0
E1,q2_x3_resunet_cas-single_seed42,cas-single,single-stream,42,1120,na,palu,Palu0354,0.5,41,2180,18,14145,55.362442142665635,0.16768521496708308,0.24124824964969785
E1,q2_x3_resunet_cas-single_seed42,cas-single,single-stream,42,1120,na,palu,Palu0357,0.5,0,772,21,15591,65.04613474692977,0.0,0.0
E1,q2_x3_resunet_cas-single_seed42,cas-single,single-stream,42,1120,na,palu,Palu0359,0.5,0,2087,52,14245,67.06713054842886,0.0,0.0
E1,q2_x3_resunet_cas-single_seed42,cas-single,single-stream,42,1120,na,palu,Palu0360,0.5,27,402,57,15898,86.11093929942756,0.25461121157273964,0.30872483221426783
E1,q2_x3_resunet_cas-single_seed42,cas-single,single-stream,42,1120,na,palu,Palu0361,0.5,44,1244,80,15016,36.75594434161826,0.24124066628329327,0.341987585930275
E1,q2_x3_resunet_cas-single_seed42,cas-single,single-stream,42,1120,na,palu,Palu0362,0.5,0,199,105,16080,61.83202367659633,0.0,0.0
E1,q2_x3_resunet_cas-single_seed42,cas-single,single-stream,42,1120,na,palu,Palu0363,0.5,5,14,28,16337,80.55785402594613,0.308068459657304,0.4651162790694105
E1,q2_x3_resunet_cas-single_seed42,cas-single,single-stream,42,1120,na,palu,Palu0364,0.5,0,0,29,16355,181.01933598375618,0.0,0.0
E1,q2_x3_resunet_cas-single_seed42,cas-single,single-stream,42,1120,na,palu,Palu0365,0.5,0,253,24,16107,55.932052456551055,0.0,0.0
E1,q2_x3_resunet_cas-single_seed42,cas-single,single-stream,42,1120,na,palu,Palu0366,0.5,0,20,68,16296,88.62953413205,0.0,0.0
E1,q2_x3_resunet_cas-single_seed42,cas-single,single-stream,42,1120,na,palu,Palu0367,0.5,0,615,102,15667,55.99256179288008,0.0,0.08367228355557216
E1,q2_x3_resunet_cas-single_seed42,cas-single,single-stream,42,1120,na,palu,Palu0368,0.5,23,160,79,16122,48.51771092646432,0.254335260115113,0.32359550561748884
E1,q2_x3_resunet_cas-single_seed42,cas-single,single-stream,42,1120,na,palu,Palu0370,0.5,24,1025,12,15323,16.56198251923149,0.10996563573845922,0.22592324402563813
E1,q2_x3_resunet_cas-single_seed42,cas-single,single-stream,42,1120,na,palu,Palu0371,0.5,2,554,38,15790,44.86112702912671,0.0,0.0421052631574072
E1,q2_x3_resunet_cas-single_seed42,cas-single,single-stream,42,1120,na,palu,Palu0372,0.5,11,369,64,15940,49.742766012730065,0.04444444444396913,0.12315789473634299
E1,q2_x3_resunet_cas-single_seed42,cas-single,single-stream,42,1120,na,palu,Palu0373,0.5,15,1246,49,15074,41.66359901406508,0.005617977527813361,0.05059021922390956
E1,q2_x3_resunet_cas-single_seed42,cas-single,single-stream,42,1120,na,palu,Palu0374,0.5,8,582,29,15765,59.60319321033098,0.005221932114725031,0.08278580814686066
E1,q2_x3_resunet_cas-single_seed42,cas-single,single-stream,42,1120,na,palu,Palu0375,0.5,0,216,29,16139,63.7259294730538,0.0,0.0
E1,q2_x3_resunet_cas-single_seed42,cas-single,single-stream,42,1120,na,palu,Palu0377,0.5,0,749,30,15605,47.599999999999994,0.0,0.0
E1,q2_x3_resunet_cas-single_seed42,cas-single,single-stream,42,1120,na,palu,Palu0378,0.5,0,0,25,16359,181.01933598375618,0.0,0.0
E1,q2_x3_resunet_cas-single_seed42,cas-single,single-stream,42,1120,na,palu,Palu0379,0.5,0,0,45,16339,181.01933598375618,0.0,0.0
E1,q2_x3_resunet_cas-single_seed42,cas-single,single-stream,42,1120,na,palu,Palu0380,0.5,0,0,45,16339,181.01933598375618,0.0,0.0
E1,q2_x3_resunet_cas-single_seed42,cas-single,single-stream,42,1120,na,palu,Palu0384,0.5,0,1535,36,14813,65.99016490627045,0.0,0.00959232613880303
E1,q2_x3_resunet_cas-single_seed42,cas-single,single-stream,42,1120,na,palu,Palu0385,0.5,2,651,157,15574,58.74458851254597,0.0,0.03565062388542214
E1,q2_x3_resunet_cas-single_seed42,cas-single,single-stream,42,1120,na,palu,Palu0386,0.5,45,1221,129,14989,39.47001667049309,0.14807892004105638,0.31499542822260274
E1,q2_x3_resunet_cas-single_seed42,cas-single,single-stream,42,1120,na,palu,Palu0387,0.5,0,824,42,15518,59.63625988021832,0.0,0.0
E1,q2_x3_resunet_cas-single_seed42,cas-single,single-stream,42,1120,na,palu,Palu0390,0.5,0,1,30,16353,49.46960158148047,0.0,0.0
E1,q2_x3_resunet_cas-single_seed42,cas-single,single-stream,42,1120,na,palu,Palu0391,0.5,0,190,23,16171,48.547316720714505,0.0,0.0
E1,q2_x3_resunet_cas-single_seed42,cas-single,single-stream,42,1120,na,palu,Palu0392,0.5,0,0,87,16297,181.01933598375618,0.0,0.0
E1,q2_x3_resunet_cas-single_seed42,cas-single,single-stream,42,1120,na,palu,Palu0393,0.5,0,0,87,16297,181.01933598375618,0.0,0.0
E1,q2_x3_resunet_cas-single_seed42,cas-single,single-stream,42,1120,na,palu,Palu0394,0.5,39,784,4,15557,38.28837276187536,0.22710622710599282,0.3438596491225222
E1,q2_x3_resunet_cas-single_seed42,cas-single,single-stream,42,1120,na,palu,Palu0395,0.5,0,3860,43,12481,98.78116427792384,0.0,0.0
E1,q2_x3_resunet_cas-single_seed42,cas-single,single-stream,42,1120,na,palu,Palu0400,0.5,0,958,16,15410,75.61974879409982,0.0,0.0
E1,q2_x3_resunet_cas-single_seed42,cas-single,single-stream,42,1120,na,palu,Palu0401,0.5,19,207,224,15934,71.301670046627,0.11739264751275207,0.19575856443686185
E1,q2_x3_resunet_cas-single_seed42,cas-single,single-stream,42,1120,na,palu,Palu0402,0.5,188,2092,200,13904,34.422329597097956,0.1623193363546016,0.37294487655085906
E1,q2_x3_resunet_cas-single_seed42,cas-single,single-stream,42,1120,na,palu,Palu0403,0.5,13,991,158,15222,48.22231927134111,0.09744463373036104,0.12449977767857352
E1,q2_x3_resunet_cas-single_seed42,cas-single,single-stream,42,1120,na,palu,Palu0407,0.5,0,0,58,16326,181.01933598375618,0.0,0.0
E1,q2_x3_resunet_cas-single_seed42,cas-single,single-stream,42,1120,na,palu,Palu0408,0.5,0,3,58,16323,64.97314796347798,0.0,0.0
E1,q2_x3_resunet_cas-single_seed42,cas-single,single-stream,42,1120,na,palu,Palu0409,0.5,0,228,43,16113,86.34522809606227,0.0,0.0
E1,q2_x3_resunet_cas-single_seed42,cas-single,single-stream,42,1120,na,palu,Palu0410,0.5,0,2231,43,14110,89.5820643277376,0.0,0.0
E1,q2_x3_resunet_cas-single_seed42,cas-single,single-stream,42,1120,na,palu,Palu0414,0.5,0,1112,18,15254,75.9901223210129,0.0,0.0
E1,q2_x3_resunet_cas-single_seed42,cas-single,single-stream,42,1120,na,palu,Palu0415,0.5,0,1018,33,15333,65.68402092263551,0.0,0.0
E1,q2_x3_resunet_cas-single_seed42,cas-single,single-stream,42,1120,na,palu,Palu0416,0.5,0,3289,21,13074,78.39005038906404,0.0,0.0
E1,q2_x3_resunet_cas-single_seed42,cas-single,single-stream,42,1120,na,palu,Palu0418,0.5,3,158,58,16165,63.26135325579772,0.0,0.07407407407368999
E1,q2_x3_resunet_cas-single_seed42,cas-single,single-stream,42,1120,na,palu,Palu0419,0.5,52,1086,204,15042,44.502445335983865,0.23455169910317977,0.36627304744099454
E1,q2_x3_resunet_cas-single_seed42,cas-single,single-stream,42,1120,na,palu,Palu0420,0.5,79,873,257,15175,54.66077038651075,0.169352574540465,0.31868623226652926
E1,q2_x3_resunet_cas-single_seed42,cas-single,single-stream,42,1120,na,palu,Palu0421,0.5,13,764,129,15478,56.20880785880311,0.09790209790160495,0.14428735192921416
E1,q2_x3_resunet_cas-single_seed42,cas-single,single-stream,42,1120,na,palu,Palu0424,0.5,0,3241,24,13119,78.60847182976738,0.0,0.0
E1,q2_x3_resunet_cas-single_seed42,cas-single,single-stream,42,1120,na,palu,Palu0425,0.5,0,3254,24,13106,67.87819744074991,0.0,0.0
E1,q2_x3_resunet_cas-single_seed42,cas-single,single-stream,42,1120,na,palu,Palu0427,0.5,37,863,34,15450,32.13121244411619,0.1747331844126008,0.30991407321786507
E1,q2_x3_resunet_cas-single_seed42,cas-single,single-stream,42,1120,na,palu,Palu0428,0.5,14,1386,55,14929,44.25485581353777,0.013114754098010556,0.12491513917129801
E1,q2_x3_resunet_cas-single_seed42,cas-single,single-stream,42,1120,na,palu,Palu0431,0.5,11,728,40,15605,69.23761742942128,0.13740458015219975,0.2503597122297295
E1,q2_x3_resunet_cas-single_seed42,cas-single,single-stream,42,1120,na,palu,Palu0432,0.5,0,1019,140,15225,55.59551900057501,0.0,0.0
E1,q2_x3_resunet_cas-single_seed42,cas-single,single-stream,42,1120,na,palu,Palu0433,0.5,51,885,82,15366,43.638171240791785,0.2981884609525163,0.38497459844976517
E1,q2_x3_resunet_cas-single_seed42,cas-single,single-stream,42,1120,na,palu,Palu0434,0.5,0,659,41,15684,60.14149981501958,0.0,0.0
E1,q2_x3_resunet_cas-single_seed42,cas-single,single-stream,42,1120,na,palu,Palu0439,0.5,13,2775,5,13591,37.00405331399305,0.0,0.004618937644262118
E1,q2_x3_resunet_cas-single_seed42,cas-single,single-stream,42,1120,na,palu,Palu0442,0.5,0,658,53,15673,55.36613386973806,0.0,0.0
E1,q2_x3_resunet_cas-single_seed42,cas-single,single-stream,42,1120,na,palu,Palu0443,0.5,0,734,47,15603,73.18052262446179,0.0,0.0
E1,q2_x3_resunet_cas-single_seed42,cas-single,single-stream,42,1120,na,palu,Palu0446,0.5,0,1209,18,15157,82.03170097184064,0.0,0.0
E1,q2_x3_resunet_cas-single_seed42,cas-single,single-stream,42,1120,na,palu,Palu0447,0.5,0,1491,36,14857,43.99659702888445,0.0,0.0
E1,q2_x3_resunet_cas-single_seed42,cas-single,single-stream,42,1120,na,palu,Palu0448,0.5,0,2263,57,14064,65.64448504357665,0.0,0.0
E1,q2_x3_resunet_cas-single_seed42,cas-single,single-stream,42,1120,na,palu,Palu0449,0.5,30,1195,37,15122,51.032318807016765,0.041006523764696746,0.14955706096879834
E1,q2_x3_resunet_cas-single_seed42,cas-single,single-stream,42,1120,na,palu,Palu0450,0.5,6,2787,22,13569,62.85971410508335,0.045155221072247974,0.08350168350143396
E1,q2_x3_resunet_cas-single_seed42,cas-single,single-stream,42,1120,na,palu,Palu0452,0.5,10,2203,10,14161,31.918571926701006,0.04351464435136157,0.11703810208464091
E1,q2_x3_resunet_cas-single_seed42,cas-single,single-stream,42,1120,na,palu,Palu0453,0.5,0,1023,28,15333,35.4950395341492,0.0,0.0
E1,q2_x3_resunet_cas-single_seed42,cas-single,single-stream,42,1120,na,palu,Palu0455,0.5,0,2936,33,13415,70.178344238091,0.0,0.0
E1,q2_x3_resunet_cas-single_seed42,cas-single,single-stream,42,1120,na,palu,Palu0456,0.5,0,2539,33,13812,61.85788285905169,0.003968253968135047,0.020207852193907267
E1,q2_x3_resunet_cas-single_seed42,cas-single,single-stream,42,1120,na,palu,Palu0458,0.5,0,33,21,16330,32.14031735997639,0.0,0.0
E1,q2_x3_resunet_cas-single_seed42,cas-single,single-stream,42,1120,na,palu,Palu0459,0.5,0,0,18,16366,181.01933598375618,0.0,0.0
E1,q2_x3_resunet_cas-single_seed42,cas-single,single-stream,42,1120,na,palu,Palu0460,0.5,0,854,37,15493,87.70119600464257,0.0,0.0
E1,q2_x3_resunet_cas-single_seed42,cas-single,single-stream,42,1120,na,palu,Palu0461,0.5,0,312,75,15997,70.24609846861529,0.0,0.0
E1,q2_x3_resunet_cas-single_seed42,cas-single,single-stream,42,1120,na,palu,Palu0462,0.5,0,1347,38,14999,57.80638878227229,0.0,0.0
E1,q2_x3_resunet_cas-single_seed42,cas-single,single-stream,42,1120,na,palu,Palu0463,0.5,0,1030,38,15316,74.47079744162795,0.0,0.0
E1,q2_x3_resunet_cas-single_seed42,cas-single,single-stream,42,1120,na,palu,Palu0464,0.5,196,1015,0,15173,27.19371957520797,0.08530805687155679,0.2742756027422868
E1,q2_x3_resunet_cas-single_seed42,cas-single,single-stream,42,1120,na,palu,Palu0465,0.5,0,2993,158,13233,84.12608731833907,0.0,0.0
E1,q2_x3_resunet_cas-single_seed42,cas-single,single-stream,42,1120,na,palu,Palu0467,0.5,13,1851,52,14468,49.02036558569114,0.0,0.04456824512498972
E1,q2_x3_resunet_cas-single_seed42,cas-single,single-stream,42,1120,na,palu,Palu0468,0.5,16,451,94,15823,40.727659823655344,0.12950138504106695,0.3539937759331142
E1,q2_x3_resunet_cas-single_seed42,cas-single,single-stream,42,1120,na,palu,Palu0469,0.5,0,2441,47,13896,79.83951806281472,0.0,0.0
E1,q2_x3_resunet_cas-single_seed42,cas-single,single-stream,42,1120,na,palu,Palu0474,0.5,11,464,16,15893,54.249272194645535,0.05907172995741558,0.17222908941046183
E1,q2_x3_resunet_cas-single_seed42,cas-single,single-stream,42,1120,na,palu,Palu0479,0.5,0,3230,34,13120,81.03790383946313,0.0,0.0
E1,q2_x3_resunet_cas-single_seed42,cas-single,single-stream,42,1120,na,palu,Palu0480,0.5,37,1981,3,14363,34.221335284324425,0.11965811965797045,0.19327731092419512
E1,q2_x3_resunet_cas-single_seed42,cas-single,single-stream,42,1120,na,palu,Palu0481,0.5,9,4656,93,11626,68.00330864465475,0.05246203405412377,0.07496711968410524
E1,q2_x3_resunet_cas-single_seed42,cas-single,single-stream,42,1120,na,palu,Palu0482,0.5,24,2462,101,13797,38.06243805136376,0.04554326610230554,0.05479452054744655
E1,q2_x3_resunet_cas-single_seed42,cas-single,single-stream,42,1120,na,palu,Palu0483,0.5,0,577,43,15764,63.52036423656872,0.0,0.0
E1,q2_x3_resunet_cas-single_seed42,cas-single,single-stream,42,1120,na,palu,Palu0484,0.5,0,0,42,16342,181.01933598375618,0.0,0.0
E1,q2_x3_resunet_cas-single_seed42,cas-single,single-stream,42,1120,na,palu,Palu0485,0.5,28,194,61,16101,51.330185495110186,0.29556038497311254,0.36664576802457916
E1,q2_x3_resunet_cas-single_seed42,cas-single,single-stream,42,1120,na,palu,Palu0486,0.5,39,2722,8,13615,50.70105002456182,0.016853932584040474,0.104575163398509
E1,q2_x3_resunet_cas-single_seed42,cas-single,single-stream,42,1120,na,palu,Palu0487,0.5,0,3923,38,12423,108.9963262411031,0.0,0.0
E1,q2_x3_resunet_cas-single_seed42,cas-single,single-stream,42,1120,na,palu,Palu0488,0.5,0,2388,196,13800,78.17344979736724,0.0,0.0
E1,q2_x3_resunet_cas-single_seed42,cas-single,single-stream,42,1120,na,palu,Palu0489,0.5,0,1237,158,14989,79.73287910286405,0.0,0.0
E1,q2_x3_resunet_cas-single_seed42,cas-single,single-stream,42,1120,na,palu,Palu0491,0.5,2,375,17,15990,59.03915007478384,0.026315789473309207,0.11080332409922437
E1,q2_x3_resunet_cas-single_seed42,cas-single,single-stream,42,1120,na,palu,Palu0492,0.5,0,525,66,15793,61.18819918602369,0.0,0.0
E1,q2_x3_resunet_cas-single_seed42,cas-single,single-stream,42,1120,na,palu,Palu0493,0.5,15,762,84,15523,44.70791550086185,0.10154305624640356,0.14285714285664286
E1,q2_x3_resunet_cas-single_seed42,cas-single,single-stream,42,1120,na,palu,Palu0494,0.5,11,1249,44,15080,51.134066551113534,0.005633802816639556,0.07841845139990315
E1,q2_x3_resunet_cas-single_seed42,cas-single,single-stream,42,1120,na,palu,Palu0495,0.5,0,587,39,15758,58.81665016558689,0.0,0.0
E1,q2_x3_resunet_cas-single_seed42,cas-single,single-stream,42,1120,na,palu,Palu0496,0.5,14,1207,11,15152,28.92988978475093,0.0,0.028388928317794306
E1,q2_x3_resunet_cas-single_seed42,cas-single,single-stream,42,1120,na,palu,Palu0499,0.5,15,2036,10,14323,46.34003763657765,0.0920150409199891,0.15523215523194211
E1,q2_x3_resunet_cas-single_seed42,cas-single,single-stream,42,1120,na,palu,Palu0500,0.5,0,2284,31,14069,62.42388361685688,0.0,0.0
E1,q2_x3_resunet_cas-single_seed42,cas-single,single-stream,42,1120,na,palu,Palu0501,0.5,0,1392,28,14964,60.14368093026014,0.0,0.0
E1,q2_x3_resunet_cas-single_seed42,cas-single,single-stream,42,1120,na,palu,Palu0502,0.5,22,1987,0,14375,32.58217913773035,0.0,0.0
E1,q2_x3_resunet_cas-single_seed42,cas-single,single-stream,42,1120,na,palu,Palu0503,0.5,0,2692,20,13672,70.73966066436178,0.0,0.0
E1,q2_x3_resunet_cas-single_seed42,cas-single,single-stream,42,1120,na,palu,Palu0504,0.5,82,3124,46,13132,62.366390189015824,0.11759902000789993,0.2155558726984565
E1,q2_x3_resunet_cas-single_seed42,cas-single,single-stream,42,1120,na,palu,Palu0505,0.5,140,2529,0,13715,26.014258642771956,0.1371485399146921,0.27588548149783737
E1,q2_x3_resunet_cas-single_seed42,cas-single,single-stream,42,1120,na,palu,Palu0506,0.5,0,1686,32,14666,85.97012400104447,0.0,0.0
E1,q2_x3_resunet_cas-single_seed42,cas-single,single-stream,42,1120,na,palu,Palu0508,0.5,0,1046,21,15317,68.57109564925217,0.0,0.0
E1,q2_x3_resunet_cas-single_seed42,cas-single,single-stream,42,1120,na,palu,Palu0509,0.5,0,2380,25,13979,94.67944989874246,0.0,0.0
E1,q2_x3_resunet_cas-single_seed42,cas-single,single-stream,42,1120,na,palu,Palu0510,0.5,0,2393,20,13971,88.04314984289313,0.0,0.0
E1,q2_x3_resunet_cas-single_seed42,cas-single,single-stream,42,1120,na,palu,Palu0512,0.5,4,761,19,15600,57.36343809071533,0.04846225535872502,0.04846225535872502
E1,q2_x3_resunet_cas-single_seed42,cas-single,single-stream,42,1120,na,palu,Palu0513,0.5,0,247,49,16088,62.61693425872322,0.0,0.0
E1,q2_x3_resunet_cas-single_seed42,cas-single,single-stream,42,1120,na,palu,Palu0514,0.5,0,796,69,15519,59.75357509317646,0.0,0.03166226912879052
E1,q2_x3_resunet_cas-single_seed42,cas-single,single-stream,42,1120,na,palu,Palu0515,0.5,10,90,48,16236,52.86053430348889,0.29739776951623165,0.33945686900909716
E1,q2_x3_resunet_cas-single_seed42,cas-single,single-stream,42,1120,na,palu,Palu0516,0.5,0,1837,40,14507,49.696150159899055,0.0,0.0
E1,q2_x3_resunet_cas-single_seed42,cas-single,single-stream,42,1120,na,palu,Palu0521,0.5,23,2617,81,13663,44.322653541112416,0.0,0.05202392544131462
E1,q2_x3_resunet_cas-single_seed42,cas-single,single-stream,42,1120,na,palu,Palu0522,0.5,0,4000,98,12286,64.03124237432849,0.0,0.0
E1,q2_x3_resunet_cas-single_seed42,cas-single,single-stream,42,1120,na,palu,Palu0524,0.5,0,3498,29,12857,112.84409659360306,0.0,0.0
E1,q2_x3_resunet_cas-single_seed42,cas-single,single-stream,42,1120,na,palu,Palu0525,0.5,0,4086,36,12262,83.38944653260515,0.0,0.0
E1,q2_x3_resunet_cas-single_seed42,cas-single,single-stream,42,1120,na,palu,Palu0526,0.5,14,768,59,15543,60.2527804016451,0.09459459459422646,0.16007416563610402
E1,q2_x3_resunet_cas-single_seed42,cas-single,single-stream,42,1120,na,palu,Palu0527,0.5,10,2515,120,13739,34.76724023719323,0.05333333333283347,0.0891435848451018
E1,q2_x3_resunet_cas-single_seed42,cas-single,single-stream,42,1120,na,palu,Palu0528,0.5,8,1366,59,14951,58.11194751893616,0.06307490144507776,0.08357515960488453
E1,q2_x3_resunet_cas-single_seed42,cas-single,single-stream,42,1120,na,palu,Palu0530,0.5,9,1420,93,14862,50.61413865197013,0.0814663951117042,0.10169491525396711
E1,q2_x3_resunet_cas-single_seed42,cas-single,single-stream,42,1120,na,palu,Palu0531,0.5,0,2752,101,13531,84.55054588240604,0.0,0.0
E1,q2_x3_resunet_cas-single_seed42,cas-single,single-stream,42,1120,na,palu,Palu0532,0.5,136,4057,95,12096,72.55445780320755,0.1478053820923247,0.19827586206867456
E1,q2_x3_resunet_cas-single_seed42,cas-single,single-stream,42,1120,na,palu,Palu0533,0.5,15,4783,210,11376,89.68942392674512,0.04834710743775349,0.06416957026688594
E1,q2_x3_resunet_cas-single_seed42,cas-single,single-stream,42,1120,na,palu,Palu0534,0.5,0,823,39,15522,55.2367550547919,0.0,0.0
E1,q2_x3_resunet_cas-single_seed42,cas-single,single-stream,42,1120,na,palu,Palu0535,0.5,49,1312,56,14967,48.19589973104917,0.15671641791001736,0.3147094989236073
E1,q2_x3_resunet_cas-single_seed42,cas-single,single-stream,42,1120,na,palu,Palu0536,0.5,9,1307,82,14986,46.617578730769466,0.04094398635180076,0.04094398635180076
E1,q2_x3_resunet_cas-single_seed42,cas-single,single-stream,42,1120,na,palu,Palu0537,0.5,5,701,32,15646,49.22648195086003,0.043636363635882205,0.10909090909042767
E1,q2_x3_resunet_cas-single_seed42,cas-single,single-stream,42,1120,na,palu,Palu0538,0.5,0,1578,28,14778,71.26918173994889,0.00695652173904093,0.01993355481711244
E1,q2_x3_resunet_cas-single_seed42,cas-single,single-stream,42,1120,na,palu,Palu0539,0.5,7,5013,30,11334,68.93837341282341,0.0,0.026666666666397866
E1,q2_x3_resunet_cas-single_seed42,cas-single,single-stream,42,1120,na,palu,Palu0540,0.5,0,3857,21,12506,96.66436778875658,0.0,0.0
E1,q2_x3_resunet_cas-single_seed42,cas-single,single-stream,42,1120,na,palu,Palu0541,0.5,6,3108,90,13180,66.84347385753158,0.031245827213070364,0.08383233532907025
E1,q2_x3_resunet_cas-single_seed42,cas-single,single-stream,42,1120,na,palu,Palu0542,0.5,73,2111,32,14168,33.71554182948854,0.10751818916698572,0.21671272963702606
E1,q2_x3_resunet_cas-single_seed42,cas-single,single-stream,42,1120,na,palu,Palu0544,0.5,0,1085,109,15190,37.13470612150286,0.0,0.0
E1,q2_x3_resunet_cas-single_seed42,cas-single,single-stream,42,1120,na,palu,Palu0545,0.5,34,510,135,15705,60.02478405579068,0.23129613619688108,0.2883591043073202
E1,q2_x3_resunet_cas-single_seed42,cas-single,single-stream,42,1120,na,palu,Palu0546,0.5,0,299,63,16022,59.81417032936835,0.0,0.0
E1,q2_x3_resunet_cas-single_seed42,cas-single,single-stream,42,1120,na,palu,Palu0547,0.5,0,402,38,15944,48.33734259636229,0.0,0.018348623852803975
E1,q2_x3_resunet_cas-single_seed42,cas-single,single-stream,42,1120,na,palu,Palu0548,0.5,90,1174,40,15080,46.00434499984968,0.27883561643799726,0.3567999106740339
E1,q2_x3_resunet_cas-single_seed42,cas-single,single-stream,42,1120,na,palu,Palu0549,0.5,0,2228,101,14055,70.56166230090868,0.0,0.0
E1,q2_x3_resunet_cas-single_seed42,cas-single,single-stream,42,1120,na,palu,Palu0550,0.5,231,2104,0,14049,54.15420843912185,0.0146520146516656,0.061946902654471114
E1,q2_x3_resunet_cas-single_seed42,cas-single,single-stream,42,1120,na,palu,Palu0551,0.5,0,2348,225,13811,91.99184349101947,0.0,0.0
E1,q2_x3_resunet_cas-single_seed42,cas-single,single-stream,42,1120,na,palu,Palu0552,0.5,0,3067,507,12810,103.37552485955597,0.0,0.0
E1,q2_x3_resunet_cas-single_seed42,cas-single,single-stream,42,1120,na,palu,Palu0553,0.5,0,849,802,14733,65.35283993180002,0.0,0.0
E1,q2_x3_resunet_cas-single_seed42,cas-single,single-stream,42,1120,na,palu,Palu0554,0.5,0,2579,377,13428,86.2670273047588,0.0,0.0
E1,q2_x3_resunet_cas-single_seed42,cas-single,single-stream,42,1120,na,palu,Palu0555,0.5,2,803,263,15316,40.807466189464456,0.019925280198906353,0.02223869532964381
E1,q2_x3_resunet_cas-single_seed42,cas-single,single-stream,42,1120,na,palu,Palu0556,0.5,8,340,215,15821,60.94580534202696,0.11881188118766593,0.14637579169557233
E1,q2_x3_resunet_cas-single_seed42,cas-single,single-stream,42,1120,na,palu,Palu0557,0.5,0,200,83,16101,51.53930135838904,0.0,0.0
E1,q2_x3_resunet_cas-single_seed42,cas-single,single-stream,42,1120,na,palu,Palu0558,0.5,3,168,42,16171,52.27793034972436,0.11538461538411612,0.1354166666661906
E1,q2_x3_resunet_cas-single_seed42,cas-single,single-stream,42,1120,na,palu,Palu0560,0.5,7,142,88,16147,64.47633698323443,0.09395973154315841,0.11699164345370204
E1,q2_x3_resunet_cas-single_seed42,cas-single,single-stream,42,1120,na,palu,Palu0561,0.5,43,98,225,16018,49.72349853280037,0.23074217375971467,0.35598665513363525
E1,q2_x3_resunet_cas-single_seed42,cas-single,single-stream,42,1120,na,palu,Palu0562,0.5,0,929,188,15267,53.585234166009535,0.014985014984622416,0.014985014984622416
E1,q2_x3_resunet_cas-single_seed42,cas-single,single-stream,42,1120,na,palu,Palu0566,0.5,0,364,43,15977,133.22537295875736,0.0,0.0
E1,q2_x3_resunet_cas-single_seed42,cas-single,single-stream,42,1120,na,palu,Palu0567,0.5,0,0,55,16329,181.01933598375618,0.0,0.0
E1,q2_x3_resunet_cas-single_seed42,cas-single,single-stream,42,1120,na,palu,Palu0569,0.5,0,7,28,16349,118.3706652109772,0.0,0.0
E1,q2_x3_resunet_cas-single_seed42,cas-single,single-stream,42,1120,na,palu,Palu0570,0.5,0,774,28,15582,66.61080993352356,0.0,0.0
E1,q2_x3_resunet_cas-single_seed42,cas-single,single-stream,42,1120,na,palu,Palu0571,0.5,0,1123,724,14537,59.889451741834364,0.0,0.0
E1,q2_x3_resunet_cas-single_seed42,cas-single,single-stream,42,1120,na,palu,Palu0572,0.5,1205,1023,245,13911,19.018408313308313,0.2758880672751457,0.3729941959708424
E1,q2_x3_resunet_cas-single_seed42,cas-single,single-stream,42,1120,na,palu,Palu0573,0.5,0,1387,808,14189,45.75692218719986,0.0,0.0
E1,q2_x3_resunet_cas-single_seed42,cas-single,single-stream,42,1120,na,palu,Palu0574,0.5,300,1351,116,14617,41.65632221210649,0.28998066795497046,0.42391832766114423
E1,q2_x3_resunet_cas-single_seed42,cas-single,single-stream,42,1120,na,palu,Palu0575,0.5,0,219,341,15824,47.83042257570269,0.0,0.0
E1,q2_x3_resunet_cas-single_seed42,cas-single,single-stream,42,1120,na,palu,Palu0578,0.5,0,61,31,16292,73.77954257259697,0.0,0.0
E1,q2_x3_resunet_cas-single_seed42,cas-single,single-stream,42,1120,na,palu,Palu0579,0.5,0,0,97,16287,181.01933598375618,0.0,0.0
E1,q2_x3_resunet_cas-single_seed42,cas-single,single-stream,42,1120,na,palu,Palu0580,0.5,118,762,126,15378,23.0,0.3052064631951948,0.5183822534825289
E1,q2_x3_resunet_cas-single_seed42,cas-single,single-stream,42,1120,na,palu,Palu0581,0.5,79,1186,108,15011,27.319343974049303,0.22373529908231704,0.4237685445930675
E1,q2_x3_resunet_cas-single_seed42,cas-single,single-stream,42,1120,na,palu,Palu0582,0.5,0,2603,18,13763,67.46406033762602,0.0,0.006191950464291041
E1,q2_x3_resunet_cas-single_seed42,cas-single,single-stream,42,1120,na,palu,Palu0583,0.5,0,569,43,15772,86.29656687905701,0.0,0.0
E1,q2_x3_resunet_cas-single_seed42,cas-single,single-stream,42,1120,na,palu,Palu0584,0.5,0,1351,69,14964,58.38116809924742,0.0,0.0
E1,q2_x3_resunet_cas-single_seed42,cas-single,single-stream,42,1120,na,palu,Palu0585,0.5,0,566,58,15760,86.1,0.0,0.0
E1,q2_x3_resunet_cas-single_seed42,cas-single,single-stream,42,1120,na,palu,Palu0586,0.5,0,574,63,15747,90.20184176125422,0.0,0.0
E1,q2_x3_resunet_cas-single_seed42,cas-single,single-stream,42,1120,na,palu,Palu0587,0.5,0,3,38,16343,132.39802798768716,0.0,0.0
E1,q2_x3_resunet_cas-single_seed42,cas-single,single-stream,42,1120,na,palu,Palu0591,0.5,0,1312,217,14855,106.89153256503998,0.0,0.0
E1,q2_x3_resunet_cas-single_seed42,cas-single,single-stream,42,1120,na,palu,Palu0592,0.5,0,535,648,15201,68.90897223858063,0.0,0.0
E1,q2_x3_resunet_cas-single_seed42,cas-single,single-stream,42,1120,na,palu,Palu0593,0.5,0,902,431,15051,72.99451617489024,0.0,0.0
E1,q2_x3_resunet_cas-single_seed42,cas-single,single-stream,42,1120,na,palu,Palu0594,0.5,0,1473,208,14703,49.92581334351099,0.0,0.004662004661535765
E1,q2_x3_resunet_cas-single_seed42,cas-single,single-stream,42,1120,na,palu,Palu0595,0.5,29,900,204,15251,43.95167110552099,0.12055291185086811,0.18927444794902706
E1,q2_x3_resunet_cas-single_seed42,cas-single,single-stream,42,1120,na,palu,Palu0596,0.5,0,37,26,16321,61.613616547371855,0.0,0.0
E1,q2_x3_resunet_cas-single_seed42,cas-single,single-stream,42,1120,na,palu,Palu0598,0.5,0,0,30,16354,181.01933598375618,0.0,0.0
E1,q2_x3_resunet_cas-single_seed42,cas-single,single-stream,42,1120,na,palu,Palu0599,0.5,24,800,28,15532,48.04892335210289,0.05008347245359885,0.20418848167490947
E1,q2_x3_resunet_cas-single_seed42,cas-single,single-stream,42,1120,na,palu,Palu0600,0.5,15,149,76,16144,65.85050474874444,0.28425096030682523,0.37075582151640774
E1,q2_x3_resunet_cas-single_seed42,cas-single,single-stream,42,1120,na,palu,Palu0601,0.5,32,1120,81,15151,50.09300151418398,0.10390001505749834,0.25858585858536304
E1,q2_x3_resunet_cas-single_seed42,cas-single,single-stream,42,1120,na,palu,Palu0602,0.5,24,914,67,15379,58.97283649564897,0.21417843196112155,0.34801762114492063
E1,q2_x3_resunet_cas-single_seed42,cas-single,single-stream,42,1120,na,palu,Palu0603,0.5,0,881,47,15456,71.21936522505385,0.0,0.0
E1,q2_x3_resunet_cas-single_seed42,cas-single,single-stream,42,1120,na,palu,Palu0607,0.5,2,2643,47,13692,49.72573734489986,0.02259887005609678,0.03851444291559512
E1,q2_x3_resunet_cas-single_seed42,cas-single,single-stream,42,1120,na,palu,Palu0608,0.5,4,690,96,15594,39.22624750750162,0.0651530108584396,0.1051028179736128
E1,q2_x3_resunet_cas-single_seed42,cas-single,single-stream,42,1120,na,palu,Palu0609,0.5,32,313,77,15962,57.22532879007928,0.31189603465461657,0.4365256124716608
E1,q2_x3_resunet_cas-single_seed42,cas-single,single-stream,42,1120,na,palu,Palu0610,0.5,0,0,87,16297,181.01933598375618,0.0,0.0
E1,q2_x3_resunet_cas-single_seed42,cas-single,single-stream,42,1120,na,palu,Palu0611,0.5,0,205,42,16137,56.62169408689826,0.0,0.0
E1,q2_x3_resunet_cas-single_seed42,cas-single,single-stream,42,1120,na,palu,Palu0613,0.5,0,63,34,16287,64.30650756163553,0.0,0.0
E1,q2_x3_resunet_cas-single_seed42,cas-single,single-stream,42,1120,na,palu,Palu0614,0.5,0,945,25,15414,83.46099457180064,0.0,0.0
E1,q2_x3_resunet_cas-single_seed42,cas-single,single-stream,42,1120,na,palu,Palu0615,0.5,0,1955,65,14364,57.804842122396074,0.0,0.0
E1,q2_x3_resunet_cas-single_seed42,cas-single,single-stream,42,1120,na,palu,Palu0616,0.5,23,1076,87,15198,31.67148109072589,0.09584664536695628,0.20848310567888928
E1,q2_x3_resunet_cas-single_seed42,cas-single,single-stream,42,1120,na,palu,Palu0617,0.5,16,38,48,16282,74.32765207070489,0.31075697211117,0.3582677165351051
E1,q2_x3_resunet_cas-single_seed42,cas-single,single-stream,42,1120,na,palu,Palu0618,0.5,0,11,20,16353,68.22575676293295,0.0,0.0
E1,q2_x3_resunet_cas-single_seed42,cas-single,single-stream,42,1120,na,palu,Palu0619,0.5,0,0,63,16321,181.01933598375618,0.0,0.0
E1,q2_x3_resunet_cas-single_seed42,cas-single,single-stream,42,1120,na,palu,Palu0620,0.5,0,7,128,16249,76.55063683601855,0.0,0.0
E1,q2_x3_resunet_cas-single_seed42,cas-single,single-stream,42,1120,na,palu,Palu0621,0.5,77,1225,90,14992,29.63576094815755,0.23670862295648654,0.4161039898893725
E1,q2_x3_resunet_cas-single_seed42,cas-single,single-stream,42,1120,na,palu,Palu0622,0.5,11,99,124,16150,65.30716178505084,0.1294964028771985,0.1360544217682114
E1,q2_x3_resunet_cas-single_seed42,cas-single,single-stream,42,1120,na,palu,Palu0623,0.5,16,473,142,15753,73.25807017129868,0.0990099009896143,0.10521042084121425
E1,q2_x3_resunet_cas-single_seed42,cas-single,single-stream,42,1120,na,palu,Palu0624,0.5,21,2253,169,13941,41.66049929204183,0.06694968334559495,0.11902897415768578
E1,q2_x3_resunet_cas-single_seed42,cas-single,single-stream,42,1120,na,palu,Palu0625,0.5,0,721,66,15597,63.13160844573364,0.0,0.0
E1,q2_x3_resunet_cas-single_seed42,cas-single,single-stream,42,1120,na,palu,Palu0630,0.5,0,2204,37,14143,82.15746454637768,0.0,0.0
E1,q2_x3_resunet_cas-single_seed42,cas-single,single-stream,42,1120,na,palu,Palu0631,0.5,12,368,100,15904,54.93662499912138,0.03560830860484125,0.17677642980894454
E1,q2_x3_resunet_cas-single_seed42,cas-single,single-stream,42,1120,na,palu,Palu0632,0.5,5,432,87,15860,55.3083527048076,0.05695687550804469,0.09374999999959571
E1,q2_x3_resunet_cas-single_seed42,cas-single,single-stream,42,1120,na,palu,Palu0633,0.5,3,725,19,15637,44.58847763108502,0.05283381364052463,0.08771929824530257
E1,q2_x3_resunet_cas-single_seed42,cas-single,single-stream,42,1120,na,palu,Palu0634,0.5,0,367,15,16002,62.675455107581215,0.0,0.0
E1,q2_x3_resunet_cas-single_seed42,cas-single,single-stream,42,1120,na,palu,Palu0635,0.5,6,937,38,15403,24.99197423483742,0.13855970829504252,0.254265640682087
E1,q2_x3_resunet_cas-single_seed42,cas-single,single-stream,42,1120,na,palu,Palu0636,0.5,0,8,34,16342,63.807887209732165,0.0,0.0
E1,q2_x3_resunet_cas-single_seed42,cas-single,single-stream,42,1120,na,palu,Palu0638,0.5,2,2932,26,13424,66.17394835786826,0.030959752321823075,0.058536585365617795
E1,q2_x3_resunet_cas-single_seed42,cas-single,single-stream,42,1120,na,palu,Palu0639,0.5,2,167,37,16178,53.90468235895018,0.06208425720571945,0.07345575959889664
E1,q2_x3_resunet_cas-single_seed42,cas-single,single-stream,42,1120,na,palu,Palu0640,0.5,0,1086,20,15278,62.201049033329944,0.0,0.0
E1,q2_x3_resunet_cas-single_seed42,cas-single,single-stream,42,1120,na,palu,Palu0641,0.5,69,8,422,15885,53.833062528190716,0.2067565072916436,0.23738872403539907
E1,q2_x3_resunet_cas-single_seed42,cas-single,single-stream,42,1120,na,palu,Palu0642,0.5,339,807,322,14916,56.398517470521945,0.29185334186655676,0.4116361407493835
E1,q2_x3_resunet_cas-single_seed42,cas-single,single-stream,42,1120,na,palu,Palu0643,0.5,75,966,220,15123,52.392747589718944,0.14253320375721637,0.30011198208240025
E1,q2_x3_resunet_cas-single_seed42,cas-single,single-stream,42,1120,na,palu,Palu0644,0.5,0,396,128,15860,54.854976180793926,0.0,0.0
E1,q2_x3_resunet_cas-single_seed42,cas-single,single-stream,42,1120,na,palu,Palu0645,0.5,15,639,106,15624,42.82208138960657,0.0724637681155884,0.07491972886160965
E1,q2_x3_resunet_cas-single_seed42,cas-single,single-stream,42,1120,na,palu,Palu0646,0.5,86,1439,174,14685,40.66921811323383,0.20807453416102006,0.36032757051815334
E1,q2_x3_resunet_cas-single_seed42,cas-single,single-stream,42,1120,na,palu,Palu0647,0.5,40,1888,105,14351,56.96573820617791,0.15730337078613904,0.2153642188991621
E1,q2_x3_resunet_cas-single_seed42,cas-single,single-stream,42,1120,na,palu,Palu0652,0.5,25,422,227,15710,62.779980894061794,0.12940496822595876,0.14460942543526556
E1,q2_x3_resunet_cas-single_seed42,cas-single,single-stream,42,1120,na,palu,Palu0653,0.5,50,819,497,15018,42.190046219457976,0.13143800587883958,0.22725373505090435
E1,q2_x3_resunet_cas-single_seed42,cas-single,single-stream,42,1120,na,palu,Palu0654,0.5,109,297,278,15700,41.88631275849126,0.39252615844503186,0.5063888806912938
E1,q2_x3_resunet_cas-single_seed42,cas-single,single-stream,42,1120,na,palu,Palu0655,0.5,0,457,88,15839,61.41036404837372,0.0,0.0
E1,q2_x3_resunet_cas-single_seed42,cas-single,single-stream,42,1120,na,palu,Palu0656,0.5,0,134,17,16233,51.451911125642646,0.0,0.0
E1,q2_x3_resunet_cas-single_seed42,cas-single,single-stream,42,1120,na,palu,Palu0660,0.5,78,206,470,15630,66.19283257767458,0.22916666666628657,0.3291438094572835
E1,q2_x3_resunet_cas-single_seed42,cas-single,single-stream,42,1120,na,palu,Palu0661,0.5,320,1631,383,14050,53.282178161406556,0.27003560497170326,0.4209803941207419
E1,q2_x3_resunet_cas-single_seed42,cas-single,single-stream,42,1120,na,palu,Palu0662,0.5,106,313,196,15769,56.15729728843421,0.3687662040562986,0.5947151298914104
E1,q2_x3_resunet_cas-single_seed42,cas-single,single-stream,42,1120,na,palu,Palu0663,0.5,9,1229,171,14975,47.82450482016761,0.0,0.031552851024988095
E1,q2_x3_resunet_cas-single_seed42,cas-single,single-stream,42,1120,na,palu,Palu0664,0.5,7,284,196,15897,72.49749199126384,0.06483790523645175,0.08833982061228754
E1,q2_x3_resunet_cas-single_seed42,cas-single,single-stream,42,1120,na,palu,Palu0665,0.5,91,1533,226,14534,38.108333462623,0.16099789687382307,0.30235648929051506
E1,q2_x3_resunet_cas-single_seed42,cas-single,single-stream,42,1120,na,palu,Palu0666,0.5,96,3682,66,12540,36.978346698278685,0.13577904279951136,0.33108094560135987
E1,q2_x3_resunet_cas-single_seed42,cas-single,single-stream,42,1120,na,palu,Palu0673,0.5,35,1802,233,14314,41.56309884226945,0.11615571338618041,0.16528925619785942
E1,q2_x3_resunet_cas-single_seed42,cas-single,single-stream,42,1120,na,palu,Palu0674,0.5,193,1936,474,13781,40.11961539549299,0.2270110215491365,0.40953074002247525
E1,q2_x3_resunet_cas-single_seed42,cas-single,single-stream,42,1120,na,palu,Palu0675,0.5,87,440,425,15432,47.69725453336904,0.24192450260951803,0.358277120134015
E1,q2_x3_resunet_cas-single_seed42,cas-single,single-stream,42,1120,na,palu,Palu0676,0.5,0,17,102,16265,82.17234467264669,0.0,0.0
E1,q2_x3_resunet_cas-single_seed42,cas-single,single-stream,42,1120,na,palu,Palu0678,0.5,7,677,17,15683,34.79349501194566,0.05567153792600369,0.17261904761866384
E1,q2_x3_resunet_cas-single_seed42,cas-single,single-stream,42,1120,na,palu,Palu0679,0.5,0,453,16,15915,92.16068199323614,0.0,0.0
E1,q2_x3_resunet_cas-single_seed42,cas-single,single-stream,42,1120,na,palu,Palu0681,0.5,0,1705,19,14660,95.85666350752822,0.0,0.0
E1,q2_x3_resunet_cas-single_seed42,cas-single,single-stream,42,1120,na,palu,Palu0682,0.5,0,709,26,15649,76.10188938304952,0.0,0.0
E1,q2_x3_resunet_cas-single_seed42,cas-single,single-stream,42,1120,na,palu,Palu0683,0.5,0,477,215,15692,73.90025756012041,0.0,0.0
E1,q2_x3_resunet_cas-single_seed42,cas-single,single-stream,42,1120,na,palu,Palu0684,0.5,183,453,243,15505,63.862316658054965,0.28836164537372816,0.5213229269970845
E1,q2_x3_resunet_cas-single_seed42,cas-single,single-stream,42,1120,na,palu,Palu0685,0.5,68,1025,234,15057,60.950794856951184,0.2216541671062924,0.3325418240685985
E1,q2_x3_resunet_cas-single_seed42,cas-single,single-stream,42,1120,na,palu,Palu0686,0.5,1,250,188,15945,66.16127492466103,0.009216589861526386,0.009852216748640053
E1,q2_x3_resunet_cas-single_seed42,cas-single,single-stream,42,1120,na,palu,Palu0687,0.5,80,2100,150,14054,44.55060340227756,0.202540020951936,0.34764034443578734
E1,q2_x3_resunet_cas-single_seed42,cas-single,single-stream,42,1120,na,palu,Palu0688,0.5,47,421,313,15603,49.39635614091387,0.1428153693193758,0.1982423525430499
E1,q2_x3_resunet_cas-single_seed42,cas-single,single-stream,42,1120,na,palu,Palu0689,0.5,213,1042,125,15004,29.846245815071676,0.36223929747481276,0.5152371976118202
E1,q2_x3_resunet_cas-single_seed42,cas-single,single-stream,42,1120,na,palu,Palu0690,0.5,15,1351,150,14868,58.8459508549166,0.04283528811805639,0.053763440859969425
E1,q2_x3_resunet_cas-single_seed42,cas-single,single-stream,42,1120,na,palu,Palu0691,0.5,12,589,53,15730,65.58663614789185,0.06844106463844808,0.17101512826091156
E1,q2_x3_resunet_cas-single_seed42,cas-single,single-stream,42,1120,na,palu,Palu0692,0.5,0,695,18,15671,58.50556163202206,0.0,0.0
E1,q2_x3_resunet_cas-single_seed42,cas-single,single-stream,42,1120,na,palu,Palu0693,0.5,10,930,19,15425,46.87216658103186,0.02855103497483227,0.09676245907570712
E1,q2_x3_resunet_cas-single_seed42,cas-single,single-stream,42,1120,na,palu,Palu0694,0.5,9,379,36,15960,29.576267222294618,0.14482758620643463,0.2219215155610697
E1,q2_x3_resunet_cas-single_seed42,cas-single,single-stream,42,1120,na,palu,Palu0695,0.5,0,157,37,16190,36.815642097360374,0.0,0.0
E1,q2_x3_resunet_cas-single_seed42,cas-single,single-stream,42,1120,na,palu,Palu0699,0.5,19,1819,58,14488,54.031471168652764,0.0680634469695093,0.12349914236678497
E1,q2_x3_resunet_cas-single_seed42,cas-single,single-stream,42,1120,na,palu,Palu0700,0.5,22,2505,171,13686,58.63785372288737,0.06497433373138624,0.1208320976142407
E1,q2_x3_resunet_cas-single_seed42,cas-single,single-stream,42,1120,na,palu,Palu0701,0.5,12,1081,162,15129,34.07184196354095,0.05326049846318069,0.1101532567044817
E1,q2_x3_resunet_cas-single_seed42,cas-single,single-stream,42,1120,na,palu,Palu0702,0.5,0,11,52,16321,82.3195195203193,0.0,0.0
E1,q2_x3_resunet_cas-single_seed42,cas-single,single-stream,42,1120,na,palu,Palu0704,0.5,0,293,20,16071,58.70220403906335,0.0,0.0
E1,q2_x3_resunet_cas-single_seed42,cas-single,single-stream,42,1120,na,palu,Palu0706,0.5,0,3029,24,13331,74.33538536294859,0.0,0.0
E1,q2_x3_resunet_cas-single_seed42,cas-single,single-stream,42,1120,na,palu,Palu0707,0.5,0,1615,61,14708,46.58956179338854,0.004854368931825573,0.0163398692805625
E1,q2_x3_resunet_cas-single_seed42,cas-single,single-stream,42,1120,na,palu,Palu0708,0.5,18,317,138,15911,59.81638571495272,0.0,0.07736943907107086
E1,q2_x3_resunet_cas-single_seed42,cas-single,single-stream,42,1120,na,palu,Palu0709,0.5,184,837,390,14973,62.268202076813864,0.22012823507988544,0.39460337188980205
E1,q2_x3_resunet_cas-single_seed42,cas-single,single-stream,42,1120,na,palu,Palu0710,0.5,263,720,370,15031,26.29255405399911,0.3368577891066219,0.567711400584107
E1,q2_x3_resunet_cas-single_seed42,cas-single,single-stream,42,1120,na,palu,Palu0711,0.5,21,234,215,15914,64.52002650241913,0.14759859429866298,0.19761499148165998
E1,q2_x3_resunet_cas-single_seed42,cas-single,single-stream,42,1120,na,palu,Palu0712,0.5,7,37,133,16207,64.02650514262395,0.23529411764672045,0.27259684361513364
E1,q2_x3_resunet_cas-single_seed42,cas-single,single-stream,42,1120,na,palu,Palu0713,0.5,78,660,133,15513,49.03743706302311,0.34139518619918985,0.5336450646594336
E1,q2_x3_resunet_cas-single_seed42,cas-single,single-stream,42,1120,na,palu,Palu0714,0.5,29,596,254,15505,53.02343853882734,0.11149086623407573,0.16914958538206787
E1,q2_x3_resunet_cas-single_seed42,cas-single,single-stream,42,1120,na,palu,Palu0715,0.5,125,2935,79,13245,25.22077509615088,0.06354135562812774,0.204182094471192
E1,q2_x3_resunet_cas-single_seed42,cas-single,single-stream,42,1120,na,palu,Palu0716,0.5,21,1144,153,15066,49.49747468305833,0.10950932416297043,0.19381857197198693
E1,q2_x3_resunet_cas-single_seed42,cas-single,single-stream,42,1120,na,palu,Palu0717,0.5,55,1720,71,14538,48.479610063345696,0.10558732952007528,0.19491486739354436
E1,q2_x3_resunet_cas-single_seed42,cas-single,single-stream,42,1120,na,palu,Palu0719,0.5,0,267,33,16084,49.69837944720898,0.0,0.0
E1,q2_x3_resunet_cas-single_seed42,cas-single,single-stream,42,1120,na,palu,Palu0720,0.5,26,128,49,16181,31.806944784196286,0.3566121842491493,0.44033302497638205
E1,q2_x3_resunet_cas-single_seed42,cas-single,single-stream,42,1120,na,palu,Palu0721,0.5,0,0,67,16317,181.01933598375618,0.0,0.0
E1,q2_x3_resunet_cas-single_seed42,cas-single,single-stream,42,1120,na,palu,Palu0722,0.5,30,454,42,15858,36.4149297347725,0.1379456706277112,0.4194214876028067
E1,q2_x3_resunet_cas-single_seed42,cas-single,single-stream,42,1120,na,palu,Palu0725,0.5,0,847,32,15505,56.0866771249563,0.0,0.0
E1,q2_x3_resunet_cas-single_seed42,cas-single,single-stream,42,1120,na,palu,Palu0726,0.5,60,293,174,15857,38.33321414623451,0.3031323678001503,0.42121612176705414
E1,q2_x3_resunet_cas-single_seed42,cas-single,single-stream,42,1120,na,palu,Palu0727,0.5,7,88,221,16068,75.56678580783078,0.07967618236015846,0.11979036685773281
E1,q2_x3_resunet_cas-single_seed42,cas-single,single-stream,42,1120,na,palu,Palu0728,0.5,0,0,44,16340,181.01933598375618,0.0,0.0
E1,q2_x3_resunet_cas-single_seed42,cas-single,single-stream,42,1120,na,palu,Palu0729,0.5,17,261,9,16097,36.5970820918093,0.17090539165778534,0.3442796610165256
E1,q2_x3_resunet_cas-single_seed42,cas-single,single-stream,42,1120,na,palu,Palu0730,0.5,0,1321,23,15040,81.39410298049853,0.0,0.0
E1,q2_x3_resunet_cas-single_seed42,cas-single,single-stream,42,1120,na,palu,Palu0731,0.5,61,2597,13,13713,35.83642938838646,0.14939973321446226,0.3216420435318706
E1,q2_x3_resunet_cas-single_seed42,cas-single,single-stream,42,1120,na,palu,Palu0732,0.5,46,823,142,15373,45.88818384807979,0.1736259311451136,0.26108223784728896
E1,q2_x3_resunet_cas-single_seed42,cas-single,single-stream,42,1120,na,palu,Palu0733,0.5,114,759,287,15224,30.456510278388507,0.2511406986306626,0.43966659542587383
E1,q2_x3_resunet_cas-single_seed42,cas-single,single-stream,42,1120,na,palu,Palu0734,0.5,54,241,284,15805,66.81464650224659,0.21280684895559,0.2889908256875822
E1,q2_x3_resunet_cas-single_seed42,cas-single,single-stream,42,1120,na,palu,Palu0735,0.5,0,381,89,15914,61.66036003787198,0.0,0.0
E1,q2_x3_resunet_cas-single_seed42,cas-single,single-stream,42,1120,na,palu,Palu0736,0.5,0,260,55,16069,68.37097622115553,0.0,0.0
E1,q2_x3_resunet_cas-single_seed42,cas-single,single-stream,42,1120,na,palu,Palu0737,0.5,0,1285,88,15011,61.08929426499035,0.0,0.0
E1,q2_x3_resunet_cas-single_seed42,cas-single,single-stream,42,1120,na,palu,Palu0738,0.5,51,709,53,15571,37.9096551812087,0.17192885702425295,0.29413781282093826
E1,q2_x3_resunet_cas-single_seed42,cas-single,single-stream,42,1120,na,palu,Palu0739,0.5,8,568,67,15741,52.67348238978466,0.12105926859984575,0.16259298618444964
E1,q2_x3_resunet_cas-single_seed42,cas-single,single-stream,42,1120,na,palu,Palu0740,0.5,16,1021,79,15268,49.65782726250701,0.06576200417491211,0.15181138585347795
E1,q2_x3_resunet_cas-single_seed42,cas-single,single-stream,42,1120,na,palu,Palu0741,0.5,7,616,69,15692,49.86475612124345,0.05752212389330962,0.12889725884034145
E1,q2_x3_resunet_cas-single_seed42,cas-single,single-stream,42,1120,na,palu,Palu0742,0.5,0,146,21,16217,48.14428000063867,0.0,0.0
E1,q2_x3_resunet_cas-single_seed42,cas-single,single-stream,42,1120,na,palu,Palu0743,0.5,52,279,24,16029,28.47546934478302,0.254335260115146,0.5320864237337951
E1,q2_x3_resunet_cas-single_seed42,cas-single,single-stream,42,1120,na,palu,Palu0744,0.5,3,974,60,15347,45.793221100367326,0.051502145922340724,0.07433628318535732
E1,q2_x3_resunet_cas-single_seed42,cas-single,single-stream,42,1120,na,palu,Palu0745,0.5,0,21,45,16318,72.4759732827415,0.0,0.0
E1,q2_x3_resunet_cas-single_seed42,cas-single,single-stream,42,1120,na,palu,Palu0750,0.5,17,918,35,15414,49.11408591778288,0.13523666416196964,0.2863280262820896
E1,q2_x3_resunet_cas-single_seed42,cas-single,single-stream,42,1120,na,palu,Palu0751,0.5,72,382,186,15744,33.63329007178164,0.2575558475685516,0.3960027887516298
E1,q2_x3_resunet_cas-single_seed42,cas-single,single-stream,42,1120,na,palu,Palu0752,0.5,0,77,233,16074,75.30947041073941,0.0,0.0
E1,q2_x3_resunet_cas-single_seed42,cas-single,single-stream,42,1120,na,palu,Palu0753,0.5,0,13,45,16326,77.79395858387755,0.0,0.0
E1,q2_x3_resunet_cas-single_seed42,cas-single,single-stream,42,1120,na,palu,Palu0754,0.5,0,1,26,16357,75.41749188621347,0.0,0.0
E1,q2_x3_resunet_cas-single_seed42,cas-single,single-stream,42,1120,na,palu,Palu0755,0.5,0,2780,32,13572,93.68295593562404,0.0,0.0
E1,q2_x3_resunet_cas-single_seed42,cas-single,single-stream,42,1120,na,palu,Palu0756,0.5,0,2569,58,13757,87.3719036698282,0.0,0.0
E1,q2_x3_resunet_cas-single_seed42,cas-single,single-stream,42,1120,na,palu,Palu0757,0.5,15,644,26,15699,35.014282800023196,0.052830188678983724,0.13258872275237513
E1,q2_x3_resunet_cas-single_seed42,cas-single,single-stream,42,1120,na,palu,Palu0758,0.5,0,3,40,16341,78.81143292838361,0.0,0.0
E1,q2_x3_resunet_cas-single_seed42,cas-single,single-stream,42,1120,na,palu,Palu0759,0.5,0,77,48,16259,68.58636098513308,0.0,0.0
E1,q2_x3_resunet_cas-single_seed42,cas-single,single-stream,42,1120,na,palu,Palu0760,0.5,0,75,23,16286,51.08326325007122,0.0,0.0
E1,q2_x3_resunet_cas-single_seed42,cas-single,single-stream,42,1120,na,palu,Palu0761,0.5,0,0,21,16363,181.01933598375618,0.0,0.0
E1,q2_x3_resunet_cas-single_seed42,cas-single,single-stream,42,1120,na,palu,Palu0762,0.5,0,0,31,16353,181.01933598375618,0.0,0.0
E1,q2_x3_resunet_cas-single_seed42,cas-single,single-stream,42,1120,na,palu,Palu0763,0.5,5,44,67,16268,61.749281564653856,0.18918918918869002,0.21176470588186652
E1,q2_x3_resunet_cas-single_seed42,cas-single,single-stream,42,1120,na,palu,Palu0764,0.5,0,201,68,16115,50.060893330276656,0.0,0.0
E1,q2_x3_resunet_cas-single_seed42,cas-single,single-stream,42,1120,na,palu,Palu0772,0.5,0,2010,41,14333,44.22441672012767,0.0,0.0
E1,q2_x3_resunet_cas-single_seed42,cas-single,single-stream,42,1120,na,palu,Palu0773,0.5,7,668,85,15624,35.87229691221745,0.05716619028136002,0.08545072018079981
E1,q2_x3_resunet_cas-single_seed42,cas-single,single-stream,42,1120,na,palu,Palu0774,0.5,0,168,74,16142,75.97990365245757,0.0,0.0
E1,q2_x3_resunet_cas-single_seed42,cas-single,single-stream,42,1120,na,palu,Palu0776,0.5,0,72,20,16292,39.23559276460804,0.0,0.0
E1,q2_x3_resunet_cas-single_seed42,cas-single,single-stream,42,1120,na,palu,Palu0777,0.5,0,421,20,15943,41.212825780913704,0.0,0.0
E1,q2_x3_resunet_cas-single_seed42,cas-single,single-stream,42,1120,na,palu,Palu0782,0.5,0,421,26,15937,50.420632918773,0.0,0.0
E1,q2_x3_resunet_cas-single_seed42,cas-single,single-stream,42,1120,na,palu,Palu0783,0.5,0,0,24,16360,181.01933598375618,0.0,0.0
E1,q2_x3_resunet_cas-single_seed42,cas-single,single-stream,42,1120,na,palu,Palu0784,0.5,0,0,45,16339,181.01933598375618,0.0,0.0
E1,q2_x3_resunet_cas-single_seed42,cas-single,single-stream,42,1120,na,palu,Palu0785,0.5,0,0,128,16256,181.01933598375618,0.0,0.0
E1,q2_x3_resunet_cas-single_seed42,cas-single,single-stream,42,1120,na,palu,Palu0786,0.5,0,0,157,16227,181.01933598375618,0.0,0.0
E1,q2_x3_resunet_cas-single_seed42,cas-single,single-stream,42,1120,na,palu,Palu0787,0.5,0,510,65,15809,71.49685028520192,0.0,0.0
E1,q2_x3_resunet_cas-single_seed42,cas-single,single-stream,42,1120,na,palu,Palu0792,0.5,0,206,37,16141,60.86964117360043,0.0,0.0
E1,q2_x3_resunet_cas-single_seed42,cas-single,single-stream,42,1120,na,palu,Palu0793,0.5,25,1803,90,14466,46.071666084917915,0.050377833752754855,0.1262896594519055
E1,q2_x3_resunet_cas-single_seed42,cas-single,single-stream,42,1120,na,palu,Palu0794,0.5,1,8,168,16207,71.34423592694787,0.03576751117727001,0.03658536585362262
E1,q2_x3_resunet_cas-single_seed42,cas-single,single-stream,42,1120,na,palu,Palu0795,0.5,0,2026,82,14276,45.642700349879775,0.0,0.011940298507092963
E1,q2_x3_resunet_cas-single_seed42,cas-single,single-stream,42,1120,na,palu,Palu0797,0.5,1,2307,19,14057,74.30136230709837,0.005434782608668848,0.005459508644203988
E1,q2_x3_resunet_cas-single_seed42,cas-single,single-stream,42,1120,na,palu,Palu0798,0.5,0,3541,20,12823,84.80093074400122,0.005376344085969187,0.031650339110689846
E1,q2_x3_resunet_cas-single_seed42,cas-single,single-stream,42,1120,na,palu,Palu0802,0.5,0,1829,22,14533,77.80712763530337,0.0,0.0
E1,q2_x3_resunet_cas-single_seed42,cas-single,single-stream,42,1120,na,palu,Palu0803,0.5,0,232,62,16090,65.88882914149445,0.0,0.0
E1,q2_x3_resunet_cas-single_seed42,cas-single,single-stream,42,1120,na,palu,Palu0804,0.5,25,792,42,15525,43.120457916287826,0.13508442776698965,0.18650131170960854
E1,q2_x3_resunet_cas-single_seed42,cas-single,single-stream,42,1120,na,palu,Palu0805,0.5,10,120,27,16227,67.53242483509258,0.1323529411759733,0.3415977961427698
E1,q2_x3_resunet_cas-single_seed42,cas-single,single-stream,42,1120,na,palu,Palu0806,0.5,0,832,17,15535,73.681200019398,0.0,0.0
E1,q2_x3_resunet_cas-single_seed42,cas-single,single-stream,42,1120,na,palu,Palu0807,0.5,0,0,114,16270,181.01933598375618,0.0,0.0
E1,q2_x3_resunet_cas-single_seed42,cas-single,single-stream,42,1120,na,palu,Palu0808,0.5,5,67,169,16143,69.32819270858162,0.07640449438180923,0.07640449438180923
E1,q2_x3_resunet_cas-single_seed42,cas-single,single-stream,42,1120,na,palu,Palu0809,0.5,40,155,122,16067,44.540951080249506,0.3814851893288215,0.4363522069054675
E1,q2_x3_resunet_cas-single_seed42,cas-single,single-stream,42,1120,na,palu,Palu0810,0.5,0,0,95,16289,181.01933598375618,0.0,0.0
E1,q2_x3_resunet_cas-single_seed42,cas-single,single-stream,42,1120,na,palu,Palu0814,0.5,0,1039,27,15318,48.853021662962085,0.016107382550141762,0.05397070161893455
E1,q2_x3_resunet_cas-single_seed42,cas-single,single-stream,42,1120,na,palu,Palu0815,0.5,61,1278,43,15002,37.906324000974074,0.09683426443156234,0.2607076350088436
E1,q2_x3_resunet_cas-single_seed42,cas-single,single-stream,42,1120,na,palu,Palu0816,0.5,41,1120,236,14987,49.89462990476769,0.14557131388766367,0.18345952242233488
E1,q2_x3_resunet_cas-single_seed42,cas-single,single-stream,42,1120,na,palu,Palu0817,0.5,133,799,178,15274,36.83739059169414,0.42378841155736613,0.6357646315724104
E1,q2_x3_resunet_cas-single_seed42,cas-single,single-stream,42,1120,na,palu,Palu0818,0.5,0,830,146,15408,50.88474119515244,0.0,0.0
E1,q2_x3_resunet_cas-single_seed42,cas-single,single-stream,42,1120,na,palu,Palu0819,0.5,0,629,69,15686,114.1723660032431,0.0,0.0
E1,q2_x3_resunet_cas-single_seed42,cas-single,single-stream,42,1120,na,palu,Palu0820,0.5,0,2,73,16309,133.54169367175416,0.0,0.0
E1,q2_x3_resunet_cas-single_seed42,cas-single,single-stream,42,1120,na,palu,Palu0827,0.5,0,1033,20,15331,55.15749407136205,0.0,0.0
E1,q2_x3_resunet_cas-single_seed42,cas-single,single-stream,42,1120,na,palu,Palu0828,0.5,5,1804,46,14529,47.01063709417264,0.05698005697965449,0.11542991754957731
E1,q2_x3_resunet_cas-single_seed42,cas-single,single-stream,42,1120,na,palu,Palu0829,0.5,43,1510,15,14816,52.7976612971459,0.016053511705434613,0.11030195381859871
E1,q2_x3_resunet_cas-single_seed42,cas-single,single-stream,42,1120,na,palu,Palu0830,0.5,11,871,53,15449,42.434053413237585,0.07411852963212455,0.1263157894733518
E1,q2_x3_resunet_cas-single_seed42,cas-single,single-stream,42,1120,na,palu,Palu0831,0.5,82,1829,93,14380,40.28334217724045,0.19626168224258714,0.26865671641748007
E1,q2_x3_resunet_cas-single_seed42,cas-single,single-stream,42,1120,na,palu,Palu0832,0.5,94,478,193,15619,52.20870638298559,0.25503238228553315,0.4278892072583942
E1,q2_x3_resunet_cas-single_seed42,cas-single,single-stream,42,1120,na,palu,Palu0833,0.5,3,1207,208,14966,39.824615503479755,0.045351473922427686,0.04910988336353984
E1,q2_x3_resunet_cas-single_seed42,cas-single,single-stream,42,1120,na,palu,Palu0834,0.5,37,1882,34,14431,47.37269871264049,0.04548900682308641,0.20653133274453647
E1,q2_x3_resunet_cas-single_seed42,cas-single,single-stream,42,1120,na,palu,Palu0837,0.5,5,2380,18,13981,41.034131482511725,0.07789799072620648,0.11962403873508722
E1,q2_x3_resunet_cas-single_seed42,cas-single,single-stream,42,1120,na,palu,Palu0838,0.5,0,1322,25,15037,70.95994011200372,0.0,0.0
E1,q2_x3_resunet_cas-single_seed42,cas-single,single-stream,42,1120,na,palu,Palu0839,0.5,9,2213,90,14072,49.164490752457624,0.06666666666633358,0.09097666121563035
E1,q2_x3_resunet_cas-single_seed42,cas-single,single-stream,42,1120,na,palu,Palu0840,0.5,12,368,178,15826,64.97498073958795,0.0954907161799866,0.12131895479031404
E1,q2_x3_resunet_cas-single_seed42,cas-single,single-stream,42,1120,na,palu,Palu0841,0.5,0,0,236,16148,181.01933598375618,0.0,0.0
E1,q2_x3_resunet_cas-single_seed42,cas-single,single-stream,42,1120,na,palu,Palu0842,0.5,0,652,179,15553,63.68510044835017,0.0,0.0
E1,q2_x3_resunet_cas-single_seed42,cas-single,single-stream,42,1120,na,palu,Palu0843,0.5,0,0,189,16195,181.01933598375618,0.0,0.0
E1,q2_x3_resunet_cas-single_seed42,cas-single,single-stream,42,1120,na,palu,Palu0844,0.5,46,245,167,15926,51.85556864985669,0.30826397146208595,0.4779116465859394
E1,q2_x3_resunet_cas-single_seed42,cas-single,single-stream,42,1120,na,palu,Palu0845,0.5,0,110,160,16114,64.9193939775858,0.0,0.0
E1,q2_x3_resunet_cas-single_seed42,cas-single,single-stream,42,1120,na,palu,Palu0846,0.5,0,1,90,16293,31.088561295251154,0.0,0.0
E1,q2_x3_resunet_cas-single_seed42,cas-single,single-stream,42,1120,na,palu,Palu0847,0.5,12,23,42,16307,50.039984012787215,0.44905008635537247,0.48148148148111586
E1,q2_x3_resunet_cas-single_seed42,cas-single,single-stream,42,1120,na,palu,Palu0848,0.5,0,422,54,15908,71.29409472723837,0.0,0.0
E1,q2_x3_resunet_cas-single_seed42,cas-single,single-stream,42,1120,na,palu,Palu0849,0.5,0,1541,54,14789,55.768608253961084,0.0,0.01886792452801993
E1,q2_x3_resunet_cas-single_seed42,cas-single,single-stream,42,1120,na,palu,Palu0850,0.5,31,2012,114,14227,56.711100592197674,0.08806262230875203,0.17478528813956393
E1,q2_x3_resunet_cas-single_seed42,cas-single,single-stream,42,1120,na,palu,Palu0851,0.5,0,1978,91,14315,102.65746862196009,0.0,0.0
E1,q2_x3_resunet_cas-single_seed42,cas-single,single-stream,42,1120,na,palu,Palu0852,0.5,0,2127,341,13916,113.2717170092312,0.0,0.0
E1,q2_x3_resunet_cas-single_seed42,cas-single,single-stream,42,1120,na,palu,Palu0853,0.5,0,125,619,15640,67.72317270269068,0.0,0.0
E1,q2_x3_resunet_cas-single_seed42,cas-single,single-stream,42,1120,na,palu,Palu0854,0.5,15,285,452,15632,61.823805445801504,0.09310209936057788,0.09821858449639706
E1,q2_x3_resunet_cas-single_seed42,cas-single,single-stream,42,1120,na,palu,Palu0855,0.5,286,1334,43,14721,45.585053624987005,0.1873373807453833,0.5165993498172626
E1,q2_x3_resunet_cas-single_seed42,cas-single,single-stream,42,1120,na,palu,Palu0856,0.5,24,299,196,15865,33.236267415907946,0.18447348193647867,0.2820157630757199
E1,q2_x3_resunet_cas-single_seed42,cas-single,single-stream,42,1120,na,palu,Palu0857,0.5,36,847,135,15366,60.28245973304824,0.08486562941958671,0.15974294239105932
E1,q2_x3_resunet_cas-single_seed42,cas-single,single-stream,42,1120,na,palu,Palu0858,0.5,18,597,75,15694,49.130371823744206,0.09259259259210648,0.22827938671160541
E1,q2_x3_resunet_cas-single_seed42,cas-single,single-stream,42,1120,na,palu,Palu0862,0.5,3,343,30,16008,55.655482212160315,0.07821229050230305,0.11999999999955122
E1,q2_x3_resunet_cas-single_seed42,cas-single,single-stream,42,1120,na,palu,Palu0863,0.5,22,1254,78,15030,47.03128637973988,0.09467572089314977,0.21449329708396644
E1,q2_x3_resunet_cas-single_seed42,cas-single,single-stream,42,1120,na,palu,Palu0864,0.5,0,641,96,15647,63.56552375740812,0.0,0.0
E1,q2_x3_resunet_cas-single_seed42,cas-single,single-stream,42,1120,na,palu,Palu0865,0.5,0,117,117,16150,70.42111594730247,0.0,0.0
E1,q2_x3_resunet_cas-single_seed42,cas-single,single-stream,42,1120,na,palu,Palu0866,0.5,0,748,251,15385,58.27347473567032,0.0,0.0
E1,q2_x3_resunet_cas-single_seed42,cas-single,single-stream,42,1120,na,palu,Palu0867,0.5,8,93,289,15994,68.79680225126747,0.09294696555463858,0.10464355788071787
E1,q2_x3_resunet_cas-single_seed42,cas-single,single-stream,42,1120,na,palu,Palu0868,0.5,44,361,258,15721,64.79889634144071,0.22947087710126357,0.2840781495617247
E1,q2_x3_resunet_cas-single_seed42,cas-single,single-stream,42,1120,na,palu,Palu0869,0.5,36,169,224,15955,59.92324868754867,0.30028873917185184,0.3167701863349709
E1,q2_x3_resunet_cas-single_seed42,cas-single,single-stream,42,1120,na,palu,Palu0870,0.5,0,153,168,16063,57.575279575699945,0.0,0.0
E1,q2_x3_resunet_cas-single_seed42,cas-single,single-stream,42,1120,na,palu,Palu0871,0.5,0,0,121,16263,181.01933598375618,0.0,0.0
E1,q2_x3_resunet_cas-single_seed42,cas-single,single-stream,42,1120,na,palu,Palu0872,0.5,0,491,51,15842,56.52208410503192,0.0,0.0
E1,q2_x3_resunet_cas-single_seed42,cas-single,single-stream,42,1120,na,palu,Palu0873,0.5,24,1861,117,14382,52.40229002629561,0.11766712141836555,0.17878441057718103
E1,q2_x3_resunet_cas-single_seed42,cas-single,single-stream,42,1120,na,palu,Palu0874,0.5,180,2274,81,13849,27.692180993596622,0.3242464272842531,0.5477500809318514
E1,q2_x3_resunet_cas-single_seed42,cas-single,single-stream,42,1120,na,palu,Palu0875,0.5,57,3964,63,12300,63.51377803280167,0.12079179309319302,0.16966343937265735
E1,q2_x3_resunet_cas-single_seed42,cas-single,single-stream,42,1120,na,palu,Palu0876,0.5,0,1017,601,14766,72.00694410957877,0.0,0.0
E1,q2_x3_resunet_cas-single_seed42,cas-single,single-stream,42,1120,na,palu,Palu0877,0.5,804,317,120,15143,40.846218405875206,0.6269208934474214,0.7970399070122857
E1,q2_x3_resunet_cas-single_seed42,cas-single,single-stream,42,1120,na,palu,Palu0878,0.5,59,527,633,15165,67.32268911644216,0.18719678678564575,0.2606042628920916
E1,q2_x3_resunet_cas-single_seed42,cas-single,single-stream,42,1120,na,palu,Palu0879,0.5,210,573,419,15182,30.536774076741786,0.3888299838225238,0.5580458998787656
E1,q2_x3_resunet_cas-single_seed42,cas-single,single-stream,42,1120,na,palu,Palu0880,0.5,55,770,302,15257,37.698574724646264,0.1841412160264135,0.2571133941866066
E1,q2_x3_resunet_cas-single_seed42,cas-single,single-stream,42,1120,na,palu,Palu0881,0.5,238,722,178,15246,64.35060217278468,0.24502838494703372,0.4671325144972626
E1,q2_x3_resunet_cas-single_seed42,cas-single,single-stream,42,1120,na,palu,Palu0882,0.5,14,264,307,15799,46.671189814452426,0.06399999999961907,0.09706774519690872
E1,q2_x3_resunet_cas-single_seed42,cas-single,single-stream,42,1120,na,palu,Palu0887,0.5,5,841,22,15516,65.5911803341884,0.06666666666637146,0.13123359580006738
E1,q2_x3_resunet_cas-single_seed42,cas-single,single-stream,42,1120,na,palu,Palu0888,0.5,7,1935,142,14300,48.373546489791295,0.03603603603554776,0.05947955390284689
E1,q2_x3_resunet_cas-single_seed42,cas-single,single-stream,42,1120,na,palu,Palu0889,0.5,82,1767,388,14147,35.49814676621047,0.20744501795282538,0.3045801667863767
E1,q2_x3_resunet_cas-single_seed42,cas-single,single-stream,42,1120,na,palu,Palu0890,0.5,97,425,389,15473,41.773197148410844,0.32206343673711746,0.416379858095561
E1,q2_x3_resunet_cas-single_seed42,cas-single,single-stream,42,1120,na,palu,Palu0891,0.5,0,1300,295,14789,61.06225360622016,0.0,0.012262415695579674
E1,q2_x3_resunet_cas-single_seed42,cas-single,single-stream,42,1120,na,palu,Palu0892,0.5,0,0,288,16096,181.01933598375618,0.0,0.0
E1,q2_x3_resunet_cas-single_seed42,cas-single,single-stream,42,1120,na,palu,Palu0893,0.5,0,0,277,16107,181.01933598375618,0.0,0.0
E1,q2_x3_resunet_cas-single_seed42,cas-single,single-stream,42,1120,na,palu,Palu0894,0.5,0,1,185,16198,72.08947462396223,0.0,0.0
E1,q2_x3_resunet_cas-single_seed42,cas-single,single-stream,42,1120,na,palu,Palu0895,0.5,0,0,114,16270,181.01933598375618,0.0,0.0
E1,q2_x3_resunet_cas-single_seed42,cas-single,single-stream,42,1120,na,palu,Palu0896,0.5,0,6,79,16299,61.44259802622749,0.0,0.0
E1,q2_x3_resunet_cas-single_seed42,cas-single,single-stream,42,1120,na,palu,Palu0898,0.5,44,1584,93,14663,45.16378986549744,0.1930477167773764,0.2891038510672247
E1,q2_x3_resunet_cas-single_seed42,cas-single,single-stream,42,1120,na,palu,Palu0899,0.5,24,437,158,15765,69.38261012227241,0.14732142857094224,0.2002781641163712
E1,q2_x3_resunet_cas-single_seed42,cas-single,single-stream,42,1120,na,palu,Palu0900,0.5,3,1790,42,14549,67.2173849040215,0.05413533834561123,0.08207934336490355
E1,q2_x3_resunet_cas-single_seed42,cas-single,single-stream,42,1120,na,palu,Palu0901,0.5,9,1696,264,14415,48.77703500189636,0.0498533724335983,0.07627952755857063
E1,q2_x3_resunet_cas-single_seed42,cas-single,single-stream,42,1120,na,palu,Palu0902,0.5,11,664,404,15305,47.0504091143457,0.04848484848438245,0.08860759493628191
E1,q2_x3_resunet_cas-single_seed42,cas-single,single-stream,42,1120,na,palu,Palu0903,0.5,138,893,273,15080,36.98644011144241,0.2996334520493113,0.4994054696784672
E1,q2_x3_resunet_cas-single_seed42,cas-single,single-stream,42,1120,na,palu,Palu0904,0.5,230,1727,690,13737,43.266615305567875,0.2719969561904322,0.4391563154027613
E1,q2_x3_resunet_cas-single_seed42,cas-single,single-stream,42,1120,na,palu,Palu0905,0.5,174,1201,785,14224,41.463229783551284,0.22178221158663183,0.415778421625786
E1,q2_x3_resunet_cas-single_seed42,cas-single,single-stream,42,1120,na,palu,Palu0906,0.5,4,132,552,15696,61.52885364608039,0.023446658850986974,0.023446658850986974
E1,q2_x3_resunet_cas-single_seed42,cas-single,single-stream,42,1120,na,palu,Palu0907,0.5,0,827,248,15309,64.20051377142013,0.011428571428088147,0.016477857878224634
E1,q2_x3_resunet_cas-single_seed42,cas-single,single-stream,42,1120,na,palu,Palu0911,0.5,6,2205,19,14154,46.98935326750181,0.03686635944689604,0.10091100210207153
E1,q2_x3_resunet_cas-single_seed42,cas-single,single-stream,42,1120,na,palu,Palu0912,0.5,6,702,35,15641,60.802960454241045,0.07623888182934789,0.12330129267435497
E1,q2_x3_resunet_cas-single_seed42,cas-single,single-stream,42,1120,na,palu,Palu0913,0.5,14,273,128,15969,46.124274419063156,0.18021105799535658,0.24200448156397356
E1,q2_x3_resunet_cas-single_seed42,cas-single,single-stream,42,1120,na,palu,Palu0914,0.5,64,649,412,15259,30.01499583564654,0.24588957792111865,0.3605816408452419
E1,q2_x3_resunet_cas-single_seed42,cas-single,single-stream,42,1120,na,palu,Palu0915,0.5,35,47,454,15848,42.13309160548858,0.20074349442361122,0.26211849192077763
E1,q2_x3_resunet_cas-single_seed42,cas-single,single-stream,42,1120,na,palu,Palu0916,0.5,0,140,148,16096,76.38410220184677,0.0,0.0
E1,q2_x3_resunet_cas-single_seed42,cas-single,single-stream,42,1120,na,palu,Palu0917,0.5,0,0,111,16273,181.01933598375618,0.0,0.0
E1,q2_x3_resunet_cas-single_seed42,cas-single,single-stream,42,1120,na,palu,Palu0918,0.5,0,0,115,16269,181.01933598375618,0.0,0.0
E1,q2_x3_resunet_cas-single_seed42,cas-single,single-stream,42,1120,na,palu,Palu0919,0.5,1,532,57,15794,38.368615756940905,0.015463917525518917,0.017057569296259244
E1,q2_x3_resunet_cas-single_seed42,cas-single,single-stream,42,1120,na,palu,Palu0920,0.5,0,2729,65,13590,58.0,0.0,0.0
E1,q2_x3_resunet_cas-single_seed42,cas-single,single-stream,42,1120,na,palu,Palu0921,0.5,4,1846,66,14468,64.53448652746091,0.07074829931937376,0.12254901960741812
E1,q2_x3_resunet_cas-single_seed42,cas-single,single-stream,42,1120,na,palu,Palu0922,0.5,15,2159,400,13810,69.36496917856383,0.0899685110207372,0.12364052661666398
E1,q2_x3_resunet_cas-single_seed42,cas-single,single-stream,42,1120,na,palu,Palu0923,0.5,0,926,418,15040,78.8305105224251,0.0,0.0
E1,q2_x3_resunet_cas-single_seed42,cas-single,single-stream,42,1120,na,palu,Palu0924,0.5,31,865,70,15418,56.59416862830207,0.05263157894703601,0.1541425818878457
E1,q2_x3_resunet_cas-single_seed42,cas-single,single-stream,42,1120,na,palu,Palu0925,0.5,14,903,76,15391,45.274716521212284,0.07017543859607842,0.15300413524643058
E1,q2_x3_resunet_cas-single_seed42,cas-single,single-stream,42,1120,na,palu,Palu0926,0.5,0,720,33,15631,72.20802482738613,0.0,0.0
E1,q2_x3_resunet_cas-single_seed42,cas-single,single-stream,42,1120,na,palu,Palu0928,0.5,32,1166,195,14991,32.30013839614724,0.12598976333126835,0.2515035538540653
E1,q2_x3_resunet_cas-single_seed42,cas-single,single-stream,42,1120,na,palu,Palu0929,0.5,125,112,236,15911,67.4581218580763,0.30766208251442245,0.44594594594559206
E1,q2_x3_resunet_cas-single_seed42,cas-single,single-stream,42,1120,na,palu,Palu0930,0.5,1,440,871,15072,86.42626523368767,0.004432624113389647,0.004543577034242505
E1,q2_x3_resunet_cas-single_seed42,cas-single,single-stream,42,1120,na,palu,Palu0931,0.5,711,425,718,14530,50.0,0.29008660556601557,0.39464979477763207
E1,q2_x3_resunet_cas-single_seed42,cas-single,single-stream,42,1120,na,palu,Palu0932,0.5,4,84,756,15540,65.76473218982953,0.015838206627617826,0.016098074422604094
E1,q2_x3_resunet_cas-single_seed42,cas-single,single-stream,42,1120,na,palu,Palu0933,0.5,0,409,59,15916,53.15918881898839,0.0,0.0
E1,q2_x3_resunet_cas-single_seed42,cas-single,single-stream,42,1120,na,palu,Palu0937,0.5,0,1085,57,15242,83.37264103790159,0.0,0.0
E1,q2_x3_resunet_cas-single_seed42,cas-single,single-stream,42,1120,na,palu,Palu0938,0.5,270,2987,220,12907,29.519187067547946,0.15065842261715334,0.3249989241291394
E1,q2_x3_resunet_cas-single_seed42,cas-single,single-stream,42,1120,na,palu,Palu0939,0.5,1197,913,1776,12498,50.98917699983687,0.19973402464435416,0.33017025830325675
E1,q2_x3_resunet_cas-single_seed42,cas-single,single-stream,42,1120,na,palu,Palu0940,0.5,1652,1784,1187,11761,29.533877941697178,0.13465564738242844,0.2570093457939012
E1,q2_x3_resunet_cas-single_seed42,cas-single,single-stream,42,1120,na,palu,Palu0941,0.5,12,904,313,15155,61.83766974440807,0.06693004880268798,0.09811937857678146
E1,q2_x3_resunet_cas-single_seed42,cas-single,single-stream,42,1120,na,palu,Palu0942,0.5,46,446,15,15877,43.18564576337837,0.19674225487025163,0.3177570093453868
E1,q2_x3_resunet_cas-single_seed42,cas-single,single-stream,42,1120,na,palu,Palu0943,0.5,0,4163,35,12186,98.01835016690686,0.0,0.0
E1,q2_x3_resunet_cas-single_seed42,cas-single,single-stream,42,1120,na,palu,Palu0945,0.5,8,675,153,15548,66.3698051145688,0.06948571428522633,0.08387942332854241
E1,q2_x3_resunet_cas-single_seed42,cas-single,single-stream,42,1120,na,palu,Palu0946,0.5,147,794,296,15147,48.483965562744515,0.24366074030846124,0.42351205115545143
E1,q2_x3_resunet_cas-single_seed42,cas-single,single-stream,42,1120,na,palu,Palu0947,0.5,195,782,716,14691,63.06059315441872,0.22082967301081002,0.35811821235034114
E1,q2_x3_resunet_cas-single_seed42,cas-single,single-stream,42,1120,na,palu,Palu0948,0.5,185,419,1032,14748,50.58306634099167,0.15519159309812858,0.2749976615842506
E1,q2_x3_resunet_cas-single_seed42,cas-single,single-stream,42,1120,na,palu,Palu0949,0.5,6,758,673,14947,65.09223816219429,0.041071005449536055,0.047550947443512515
E1,q2_x3_resunet_cas-single_seed42,cas-single,single-stream,42,1120,na,palu,Palu0950,0.5,0,54,93,16237,73.25858950883759,0.0,0.0
E1,q2_x3_resunet_cas-single_seed42,cas-single,single-stream,42,1120,na,palu,Palu0952,0.5,0,172,40,16172,79.00189865812442,0.0,0.0
E1,q2_x3_resunet_cas-single_seed42,cas-single,single-stream,42,1120,na,palu,Palu0953,0.5,368,3210,314,12492,25.515666056603,0.307275554201517,0.4300509842469887
E1,q2_x3_resunet_cas-single_seed42,cas-single,single-stream,42,1120,na,palu,Palu0954,0.5,456,2987,2388,10553,33.24154027718932,0.19177011044818146,0.3294447809579872
E1,q2_x3_resunet_cas-single_seed42,cas-single,single-stream,42,1120,na,palu,Palu0955,0.5,338,3241,2159,10646,44.4950934874332,0.10475912894983541,0.22405431619741273
E1,q2_x3_resunet_cas-single_seed42,cas-single,single-stream,42,1120,na,palu,Palu0956,0.5,5,594,331,15454,67.80641057098367,0.07476635513970267,0.07720861172929319
E1,q2_x3_resunet_cas-single_seed42,cas-single,single-stream,42,1120,na,palu,Palu0957,0.5,28,1067,39,15250,38.606344137460425,0.1411764705879697,0.1686521215363375
E1,q2_x3_resunet_cas-single_seed42,cas-single,single-stream,42,1120,na,palu,Palu0958,0.5,0,903,26,15455,55.994626215548855,0.0,0.0
E1,q2_x3_resunet_cas-single_seed42,cas-single,single-stream,42,1120,na,palu,Palu0959,0.5,0,560,33,15791,86.85269902045044,0.0,0.0
E1,q2_x3_resunet_cas-single_seed42,cas-single,single-stream,42,1120,na,palu,Palu0960,0.5,122,2272,484,13506,45.656675416843804,0.1312192454888678,0.2389639325994203
E1,q2_x3_resunet_cas-single_seed42,cas-single,single-stream,42,1120,na,palu,Palu0961,0.5,466,1926,566,13426,41.20375895011312,0.17618750229558314,0.3726645543211954
E1,q2_x3_resunet_cas-single_seed42,cas-single,single-stream,42,1120,na,palu,Palu0962,0.5,294,1120,765,14205,33.24154027718932,0.3173164146430073,0.4259739647661546
E1,q2_x3_resunet_cas-single_seed42,cas-single,single-stream,42,1120,na,palu,Palu0963,0.5,250,1590,532,14012,42.660093227930325,0.2640831128341233,0.40429449590616395
E1,q2_x3_resunet_cas-single_seed42,cas-single,single-stream,42,1120,na,palu,Palu0964,0.5,19,186,196,15983,75.65214769763162,0.15425344158088686,0.24043041100686177
E1,q2_x3_resunet_cas-single_seed42,cas-single,single-stream,42,1120,na,palu,Palu0965,0.5,0,901,34,15449,81.60698487784597,0.0,0.0
E1,q2_x3_resunet_cas-single_seed42,cas-single,single-stream,42,1120,na,palu,Palu0967,0.5,216,3174,187,12807,33.20084540838063,0.1793055068392091,0.3005430502005614
E1,q2_x3_resunet_cas-single_seed42,cas-single,single-stream,42,1120,na,palu,Palu0968,0.5,189,1401,393,14401,44.23348198652813,0.21193979271934024,0.35018294019414403
E1,q2_x3_resunet_cas-single_seed42,cas-single,single-stream,42,1120,na,palu,Palu0969,0.5,44,2315,192,13833,56.1913047817519,0.1273584905655436,0.20040416364769634
E1,q2_x3_resunet_cas-single_seed42,cas-single,single-stream,42,1120,na,palu,Palu0970,0.5,31,591,38,15724,44.42458800711105,0.33898305084700947,0.42296072507504456
E1,q2_x3_resunet_cas-single_seed42,cas-single,single-stream,42,1120,na,palu,Palu0971,0.5,2,723,100,15559,33.13608305156178,0.04605263157850365,0.10181818181771705
E1,q2_x3_resunet_cas-single_seed42,cas-single,single-stream,42,1120,na,palu,Palu0972,0.5,2,637,163,15582,53.613424798422656,0.02609262883185515,0.07820173781596224
E1,q2_x3_resunet_cas-single_seed42,cas-single,single-stream,42,1120,na,palu,Palu0973,0.5,3,2055,161,14165,46.52956049652737,0.03866272458446555,0.05242553191440779
E1,q2_x3_resunet_cas-single_seed42,cas-single,single-stream,42,1120,na,palu,Palu0974,0.5,440,2012,480,13452,33.54101966249684,0.17434099046617155,0.31562603697632075
E1,q2_x3_resunet_cas-single_seed42,cas-single,single-stream,42,1120,na,palu,Palu0975,0.5,248,987,921,14228,39.16625577075231,0.25034086441499315,0.44447125927292586
E1,q2_x3_resunet_cas-single_seed42,cas-single,single-stream,42,1120,na,palu,Palu0976,0.5,96,385,611,15292,56.568542494923804,0.183743779507222,0.2656852032891828
E1,q2_x3_resunet_cas-single_seed42,cas-single,single-stream,42,1120,na,palu,Palu0977,0.5,175,1339,289,14581,38.258800640325425,0.20645762185611605,0.3363095238090774
E1,q2_x3_resunet_cas-single_seed42,cas-single,single-stream,42,1120,na,palu,Palu0978,0.5,0,696,89,15599,59.65535267299235,0.0,0.0
E1,q2_x3_resunet_cas-single_seed42,cas-single,single-stream,42,1120,na,palu,Palu0980,0.5,18,454,123,15789,48.41487374764082,0.12280347404515071,0.16454965357920112
E1,q2_x3_resunet_cas-single_seed42,cas-single,single-stream,42,1120,na,palu,Palu0981,0.5,126,1608,170,14480,36.03039442145331,0.1273799494519796,0.2570889533406036
E1,q2_x3_resunet_cas-single_seed42,cas-single,single-stream,42,1120,na,palu,Palu0982,0.5,5,1770,155,14454,64.35060217278468,0.035999999999511555,0.043352601155644356
E1,q2_x3_resunet_cas-single_seed42,cas-single,single-stream,42,1120,na,palu,Palu0984,0.5,12,252,155,15965,68.48859929284532,0.054901960783854696,0.09208690452418584
E1,q2_x3_resunet_cas-single_seed42,cas-single,single-stream,42,1120,na,palu,Palu0985,0.5,77,952,274,15081,44.15204089203584,0.11812038592204371,0.27543389304324417
E1,q2_x3_resunet_cas-single_seed42,cas-single,single-stream,42,1120,na,palu,Palu0986,0.5,45,1311,311,14717,52.15642342447137,0.10682492581552606,0.2002415193759462
E1,q2_x3_resunet_cas-single_seed42,cas-single,single-stream,42,1120,na,palu,Palu0987,0.5,22,167,527,15668,53.88227197038108,0.08686757415978878,0.08739265901639456
E1,q2_x3_resunet_cas-single_seed42,cas-single,single-stream,42,1120,na,palu,Palu0988,0.5,131,1324,379,14550,48.86101302217139,0.1638000754834169,0.31008891881815853
E1,q2_x3_resunet_cas-single_seed42,cas-single,single-stream,42,1120,na,palu,Palu0989,0.5,37,628,203,15516,61.35133576299123,0.12301868937738071,0.2423621778457007
E1,q2_x3_resunet_cas-single_seed42,cas-single,single-stream,42,1120,na,palu,Palu0990,0.5,0,0,133,16251,181.01933598375618,0.0,0.0
E1,q2_x3_resunet_cas-single_seed42,cas-single,single-stream,42,1120,na,palu,Palu0991,0.5,0,350,30,16004,64.64752017970996,0.0,0.0
E1,q2_x3_resunet_cas-single_seed42,cas-single,single-stream,42,1120,na,palu,Palu0993,0.5,0,554,19,15811,88.47336108367678,0.0,0.0
E1,q2_x3_resunet_cas-single_seed42,cas-single,single-stream,42,1120,na,palu,Palu0994,0.5,20,13,216,16135,73.33819965583162,0.2356796434655088,0.2696629213480813
E1,q2_x3_resunet_cas-single_seed42,cas-single,single-stream,42,1120,na,palu,Palu0995,0.5,76,236,454,15618,48.89067817739691,0.2035968781809415,0.3366666666663866
E1,q2_x3_resunet_cas-single_seed42,cas-single,single-stream,42,1120,na,palu,Palu0996,0.5,84,1308,614,14378,54.90871644849346,0.13343923748965192,0.2232448630132933
E1,q2_x3_resunet_cas-single_seed42,cas-single,single-stream,42,1120,na,palu,Palu0997,0.5,197,591,367,15229,55.240374334609456,0.243212669682866,0.4313943779567588
E1,q2_x3_resunet_cas-single_seed42,cas-single,single-stream,42,1120,na,palu,Palu0998,0.5,75,566,196,15547,73.36890517458541,0.19421597240599342,0.35087719298200065
E1,q2_x3_resunet_cas-single_seed42,cas-single,single-stream,42,1120,na,palu,Palu0999,0.5,0,0,135,16249,181.01933598375618,0.0,0.0
E1,q2_x3_resunet_cas-single_seed42,cas-single,single-stream,42,1120,na,palu,Palu1000,0.5,0,0,59,16325,181.01933598375618,0.0,0.0
E1,q2_x3_resunet_cas-single_seed42,cas-single,single-stream,42,1120,na,palu,Palu1001,0.5,0,0,19,16365,181.01933598375618,0.0,0.0
E1,q2_x3_resunet_cas-single_seed42,cas-single,single-stream,42,1120,na,palu,Palu1004,0.5,0,1725,18,14641,96.97212932127779,0.0,0.0
E1,q2_x3_resunet_cas-single_seed42,cas-single,single-stream,42,1120,na,palu,Palu1005,0.5,0,767,61,15556,62.24122860866273,0.0,0.0
E1,q2_x3_resunet_cas-single_seed42,cas-single,single-stream,42,1120,na,palu,Palu1006,0.5,90,742,339,15213,59.95164245340191,0.17959777581413433,0.2964770895689855
E1,q2_x3_resunet_cas-single_seed42,cas-single,single-stream,42,1120,na,palu,Palu1007,0.5,264,1317,1010,13793,34.764877744021966,0.25381477564545374,0.38504498283910943
E1,q2_x3_resunet_cas-single_seed42,cas-single,single-stream,42,1120,na,palu,Palu1008,0.5,269,1830,1015,13270,45.47801442399599,0.21067323839185353,0.3706315815069401
E1,q2_x3_resunet_cas-single_seed42,cas-single,single-stream,42,1120,na,palu,Palu1009,0.5,194,1137,386,14667,50.99803902718557,0.17367706919907197,0.3619337685935255
E1,q2_x3_resunet_cas-single_seed42,cas-single,single-stream,42,1120,na,palu,Palu1010,0.5,15,79,227,16063,63.06346010171025,0.10116731517490925,0.10894941634222442
E1,q2_x3_resunet_cas-single_seed42,cas-single,single-stream,42,1120,na,palu,Palu1011,0.5,5,62,63,16254,72.00031942769995,0.024793388429487327,0.1341350601293494
E1,q2_x3_resunet_cas-single_seed42,cas-single,single-stream,42,1120,na,palu,Palu1012,0.5,0,0,44,16340,181.01933598375618,0.0,0.0
E1,q2_x3_resunet_cas-single_seed42,cas-single,single-stream,42,1120,na,palu,Palu1013,0.5,0,246,19,16119,57.489035126650975,0.0,0.01960784313695175
E1,q2_x3_resunet_cas-single_seed42,cas-single,single-stream,42,1120,na,palu,Palu1016,0.5,2,817,17,15548,50.808950436617614,0.035398230088389764,0.06886657101850117
E1,q2_x3_resunet_cas-single_seed42,cas-single,single-stream,42,1120,na,palu,Palu1017,0.5,19,2008,53,14304,40.759001229592556,0.10013410818025341,0.20056435858431412
E1,q2_x3_resunet_cas-single_seed42,cas-single,single-stream,42,1120,na,palu,Palu1018,0.5,188,635,318,15243,40.258533366970696,0.2369629745347781,0.38738825338799215
E1,q2_x3_resunet_cas-single_seed42,cas-single,single-stream,42,1120,na,palu,Palu1019,0.5,274,945,1384,13781,42.43229533314471,0.15089013250077066,0.2466246062688464
E1,q2_x3_resunet_cas-single_seed42,cas-single,single-stream,42,1120,na,palu,Palu1020,0.5,258,836,1270,14020,52.94712407661847,0.1476364621424937,0.27741413547074234
E1,q2_x3_resunet_cas-single_seed42,cas-single,single-stream,42,1120,na,palu,Palu1021,0.5,62,1031,365,14926,51.03129669767844,0.1342085096453751,0.2267112338318819
E1,q2_x3_resunet_cas-single_seed42,cas-single,single-stream,42,1120,na,palu,Palu1022,0.5,23,196,113,16052,67.09133815140046,0.19777503090187884,0.22376873661624203
E1,q2_x3_resunet_cas-single_seed42,cas-single,single-stream,42,1120,na,palu,Palu1023,0.5,7,740,17,15620,53.91555207800185,0.10563380281668003,0.14627659574439142
E1,q2_x3_resunet_cas-single_seed42,cas-single,single-stream,42,1120,na,palu,Palu1028,0.5,0,1731,59,14594,62.213202089529794,0.0,0.02203856749267415
E1,q2_x3_resunet_cas-single_seed42,cas-single,single-stream,42,1120,na,palu,Palu1029,0.5,84,359,281,15660,52.027491321778484,0.2325086125895854,0.3408572153178351
E1,q2_x3_resunet_cas-single_seed42,cas-single,single-stream,42,1120,na,palu,Palu1030,0.5,69,294,1088,14933,61.89238384298885,0.08747662291695846,0.13848291191980597
E1,q2_x3_resunet_cas-single_seed42,cas-single,single-stream,42,1120,na,palu,Palu1031,0.5,210,740,1077,14357,54.86341022099724,0.2910228045405145,0.3941460203836481
E1,q2_x3_resunet_cas-single_seed42,cas-single,single-stream,42,1120,na,palu,Palu1032,0.5,39,1260,435,14650,65.04612882362184,0.07005677014090471,0.1339055793987643
E1,q2_x3_resunet_cas-single_seed42,cas-single,single-stream,42,1120,na,palu,Palu1033,0.5,2,797,36,15549,67.96321699185482,0.03431839847431762,0.05578800557830084
E1,q2_x3_resunet_cas-single_seed42,cas-single,single-stream,42,1120,na,palu,Palu1034,0.5,0,0,19,16365,181.01933598375618,0.0,0.0
E1,q2_x3_resunet_cas-single_seed42,cas-single,single-stream,42,1120,na,palu,Palu1035,0.5,0,195,22,16167,82.61173537541008,0.0,0.0
E1,q2_x3_resunet_cas-single_seed42,cas-single,single-stream,42,1120,na,palu,Palu1037,0.5,0,1106,49,15229,59.34104003665907,0.0,0.0
E1,q2_x3_resunet_cas-single_seed42,cas-single,single-stream,42,1120,na,palu,Palu1038,0.5,2,0,239,16143,76.07624119424719,0.07999999999992319,0.11023622047233678
E1,q2_x3_resunet_cas-single_seed42,cas-single,single-stream,42,1120,na,palu,Palu1039,0.5,96,688,500,15100,56.58838795589142,0.21187042842181772,0.31407698607667484
E1,q2_x3_resunet_cas-single_seed42,cas-single,single-stream,42,1120,na,palu,Palu1040,0.5,281,453,551,15099,59.75987822370592,0.3343653250770236,0.48257293330929013
E1,q2_x3_resunet_cas-single_seed42,cas-single,single-stream,42,1120,na,palu,Palu1041,0.5,45,940,407,14992,58.086108468633796,0.12971175166251434,0.19570397936822853
E1,q2_x3_resunet_cas-single_seed42,cas-single,single-stream,42,1120,na,palu,Palu1042,0.5,0,1112,26,15246,44.94441010848846,0.0,0.0
E1,q2_x3_resunet_cas-single_seed42,cas-single,single-stream,42,1120,na,palu,Palu1045,0.5,0,146,39,16199,66.1576876295503,0.0,0.0
E1,q2_x3_resunet_cas-single_seed42,cas-single,single-stream,42,1120,na,palu,Palu1046,0.5,0,65,51,16268,70.83202053737959,0.0,0.0
E1,q2_x3_resunet_cas-single_seed42,cas-single,single-stream,42,1120,na,palu,Palu1047,0.5,0,157,30,16197,69.08891985076077,0.0,0.0
E1,q2_x3_resunet_cas-single_seed42,cas-single,single-stream,42,1120,na,palu,Palu1049,0.5,0,1083,20,15281,68.18357573492314,0.0,0.0
E1,q2_x3_resunet_cas-single_seed42,cas-single,single-stream,42,1120,na,palu,Palu1050,0.5,0,0,99,16285,181.01933598375618,0.0,0.0
E1,q2_x3_resunet_cas-single_seed42,cas-single,single-stream,42,1120,na,palu,Palu1051,0.5,69,688,155,15472,71.55417527999327,0.26488471494743887,0.399246274195847
E1,q2_x3_resunet_cas-single_seed42,cas-single,single-stream,42,1120,na,palu,Palu1052,0.5,149,768,328,15139,43.85448848585866,0.16087645956420543,0.2912621359219255
E1,q2_x3_resunet_cas-single_seed42,cas-single,single-stream,42,1120,na,palu,Palu1053,0.5,50,641,301,15392,45.19330376363766,0.1913200957242287,0.25446754637920627
E1,q2_x3_resunet_cas-single_seed42,cas-single,single-stream,42,1120,na,palu,Palu1054,0.5,0,1296,21,15067,70.09267386987196,0.0,0.0
E1,q2_x3_resunet_cas-single_seed42,cas-single,single-stream,42,1120,na,palu,Palu1056,0.5,19,44,7,16314,41.63392747904523,0.8515057113183011,0.8695652173908129
E1,q2_x3_resunet_cas-single_seed42,cas-single,single-stream,42,1120,na,palu,Palu1057,0.5,4,463,46,15871,55.01981553810491,0.06976744185998465,0.09958506224017444
E1,q2_x3_resunet_cas-single_seed42,cas-single,single-stream,42,1120,na,palu,Palu1058,0.5,0,152,32,16200,56.11223207990495,0.0,0.0
E1,q2_x3_resunet_cas-single_seed42,cas-single,single-stream,42,1120,na,palu,Palu1059,0.5,6,183,11,16184,42.035482195249415,0.2282608695647798,0.34791252485040663
E1,q2_x3_resunet_cas-single_seed42,cas-single,single-stream,42,1120,na,palu,Palu1060,0.5,0,0,22,16362,181.01933598375618,0.0,0.0
E1,q2_x3_resunet_cas-single_seed42,cas-single,single-stream,42,1120,na,palu,Palu1062,0.5,3,6,97,16278,82.38079439322009,0.13084112149520483,0.14814814814801094
E1,q2_x3_resunet_cas-single_seed42,cas-single,single-stream,42,1120,na,palu,Palu1063,0.5,121,1621,131,14511,39.824615503479755,0.1871750433270699,0.3034349609841411
E1,q2_x3_resunet_cas-single_seed42,cas-single,single-stream,42,1120,na,palu,Palu1064,0.5,46,2414,111,13813,68.414910327631,0.1660841012600873,0.21511438794281518
E1,q2_x3_resunet_cas-single_seed42,cas-single,single-stream,42,1120,na,palu,Palu1069,0.5,0,433,26,15925,59.92558698508965,0.0,0.0
E1,q2_x3_resunet_cas-single_seed42,cas-single,single-stream,42,1120,na,palu,Palu1070,0.5,0,0,42,16342,181.01933598375618,0.0,0.0
E1,q2_x3_resunet_cas-single_seed42,cas-single,single-stream,42,1120,na,palu,Palu1071,0.5,7,21,50,16306,48.14002000890739,0.20812685827526164,0.21355932203367134
E1,q2_x3_resunet_cas-single_seed42,cas-single,single-stream,42,1120,na,palu,Palu1072,0.5,36,1454,67,14827,29.069477866420826,0.11614241271998527,0.23963691376656907
E1,q2_x3_resunet_cas-single_seed42,cas-single,single-stream,42,1120,na,palu,Palu1073,0.5,6,3214,62,13102,68.01727633207338,0.07125890736320752,0.12445604873776056
E1,q2_x3_resunet_cas-single_seed42,cas-single,single-stream,42,1120,na,palu,Palu1074,0.5,0,3944,24,12416,71.38035218670723,0.0,0.0
E1,q2_x3_resunet_cas-single_seed42,cas-single,single-stream,42,1120,na,palu,Palu1075,0.5,15,883,13,15473,38.048651224542446,0.19844357976633223,0.24855491329458
E1,q2_x3_resunet_cas-single_seed42,cas-single,single-stream,42,1120,na,palu,Palu1076,0.5,4,237,26,16117,31.136785617717198,0.10511227902507693,0.11791730474709933
E1,q2_x3_resunet_cas-single_seed42,cas-single,single-stream,42,1120,na,palu,Palu1078,0.5,0,0,20,16364,181.01933598375618,0.0,0.0
E1,q2_x3_resunet_cas-single_seed42,cas-single,single-stream,42,1120,na,palu,Palu1079,0.5,0,0,25,16359,181.01933598375618,0.0,0.0
E1,q2_x3_resunet_cas-single_seed42,cas-single,single-stream,42,1120,na,palu,Palu1080,0.5,0,0,25,16359,181.01933598375618,0.0,0.0
E1,q2_x3_resunet_cas-single_seed42,cas-single,single-stream,42,1120,na,palu,Palu1081,0.5,27,158,42,16157,69.0200492573932,0.36854646544827063,0.49918433931438294
E1,q2_x3_resunet_cas-single_seed42,cas-single,single-stream,42,1120,na,palu,Palu1082,0.5,31,1095,48,15210,32.69015613802667,0.11484474691578396,0.24164443747008774
E1,q2_x3_resunet_cas-single_seed42,cas-single,single-stream,42,1120,na,palu,Palu1083,0.5,15,3073,276,13020,38.47076812334269,0.08948904274152937,0.16430100705687298
E1,q2_x3_resunet_cas-single_seed42,cas-single,single-stream,42,1120,na,palu,Palu1084,0.5,470,1310,99,14505,47.31621903728377,0.32365430965180986,0.4189441930613973
E1,q2_x3_resunet_cas-single_seed42,cas-single,single-stream,42,1120,na,palu,Palu1085,0.5,18,54,295,16017,57.91762718100058,0.38834422657916456,0.44444444444409875
E1,q2_x3_resunet_cas-single_seed42,cas-single,single-stream,42,1120,na,palu,Palu1087,0.5,0,0,26,16358,181.01933598375618,0.0,0.0
E1,q2_x3_resunet_cas-single_seed42,cas-single,single-stream,42,1120,na,palu,Palu1088,0.5,0,98,47,16239,74.64715269793261,0.0,0.0
E1,q2_x3_resunet_cas-single_seed42,cas-single,single-stream,42,1120,na,palu,Palu1089,0.5,0,1018,281,15085,53.26339584825669,0.0,0.020093770930542598
E1,q2_x3_resunet_cas-single_seed42,cas-single,single-stream,42,1120,na,palu,Palu1090,0.5,466,528,82,15308,57.909738635533024,0.5761586306874493,0.5974320241687111
E1,q2_x3_resunet_cas-single_seed42,cas-single,single-stream,42,1120,na,palu,Palu1091,0.5,0,0,290,16094,181.01933598375618,0.0,0.0
