experiment,run_id,regime,role,seed,step,buffer_m,region,id,threshold,tp,fp,fn,tn,hd95,f1_2,f1_4
E1,q2_x3_resunet_pooled_seed2026,pooled,intervention,2026,1120,na,hokkaido_iburi_tobu,Hokkaido0001,0.5,19,648,31,15686,130.20752666416791,0.07978016133309009,0.07998632712344776
E1,q2_x3_resunet_pooled_seed2026,pooled,intervention,2026,1120,na,hokkaido_iburi_tobu,Hokkaido0002,0.5,34,611,33,15706,114.5237523512071,0.1678607983621244,0.17223974763385982
E1,q2_x3_resunet_pooled_seed2026,pooled,intervention,2026,1120,na,hokkaido_iburi_tobu,Hokkaido0003,0.5,116,585,138,15545,85.99069563045636,0.3491780688441596,0.37994322687378196
E1,q2_x3_resunet_pooled_seed2026,pooled,intervention,2026,1120,na,hokkaido_iburi_tobu,Hokkaido0004,0.5,90,26,147,16121,33.44179175668052,0.681348933241102,0.8400708920579073
E1,q2_x3_resunet_pooled_seed2026,pooled,intervention,2026,1120,na,hokkaido_iburi_tobu,Hokkaido0005,0.5,38,152,8,16186,109.42563998248458,0.4162565040075278,0.43181818181784326
E1,q2_x3_resunet_pooled_seed2026,pooled,intervention,2026,1120,na,hokkaido_iburi_tobu,Hokkaido0008,0.5,26,90,44,16224,98.1650828581495,0.48283687943219267,0.5211267605629949
E1,q2_x3_resunet_pooled_seed2026,pooled,intervention,2026,1120,na,hokkaido_iburi_tobu,Hokkaido0009,0.5,61,401,93,15829,79.71375641602995,0.3584080016666328,0.3952187182092205
E1,q2_x3_resunet_pooled_seed2026,pooled,intervention,2026,1120,na,hokkaido_iburi_tobu,Hokkaido0010,0.5,88,281,456,15559,40.22437072223753,0.331275410329272,0.38177017984057293
E1,q2_x3_resunet_pooled_seed2026,pooled,intervention,2026,1120,na,hokkaido_iburi_tobu,Hokkaido0011,0.5,160,442,414,15368,41.08392466208971,0.42170485848755435,0.539591855654094
E1,q2_x3_resunet_pooled_seed2026,pooled,intervention,2026,1120,na,hokkaido_iburi_tobu,Hokkaido0012,0.5,366,321,245,15452,33.74889823000364,0.6868594474352122,0.7447301975385499
E1,q2_x3_resunet_pooled_seed2026,pooled,intervention,2026,1120,na,hokkaido_iburi_tobu,Hokkaido0013,0.5,405,196,414,15369,46.58616918260126,0.746990223712935,0.8311890124104664
E1,q2_x3_resunet_pooled_seed2026,pooled,intervention,2026,1120,na,hokkaido_iburi_tobu,Hokkaido0014,0.5,188,622,275,15299,51.6275107381409,0.464490333982343,0.5176625098188884
E1,q2_x3_resunet_pooled_seed2026,pooled,intervention,2026,1120,na,hokkaido_iburi_tobu,Hokkaido0015,0.5,51,89,76,16168,40.311288741492746,0.5445705024306388,0.6473029045638664
E1,q2_x3_resunet_pooled_seed2026,pooled,intervention,2026,1120,na,hokkaido_iburi_tobu,Hokkaido0017,0.5,20,147,256,15961,78.79530635103959,0.21616057642771067,0.26000288892048856
E1,q2_x3_resunet_pooled_seed2026,pooled,intervention,2026,1120,na,hokkaido_iburi_tobu,Hokkaido0018,0.5,44,54,627,15659,72.46446899111224,0.2239530421038495,0.2762534968794423
E1,q2_x3_resunet_pooled_seed2026,pooled,intervention,2026,1120,na,hokkaido_iburi_tobu,Hokkaido0019,0.5,31,30,1277,15046,103.36437647109844,0.10238282272833144,0.12074253430170337
E1,q2_x3_resunet_pooled_seed2026,pooled,intervention,2026,1120,na,hokkaido_iburi_tobu,Hokkaido0020,0.5,273,300,1072,14739,39.668600461724886,0.404900967295708,0.5340895181357057
E1,q2_x3_resunet_pooled_seed2026,pooled,intervention,2026,1120,na,hokkaido_iburi_tobu,Hokkaido0021,0.5,573,480,343,14988,16.962803428004854,0.7712743981458314,0.8540084388180694
E1,q2_x3_resunet_pooled_seed2026,pooled,intervention,2026,1120,na,hokkaido_iburi_tobu,Hokkaido0022,0.5,512,465,445,14962,18.952525221630857,0.7183098591544296,0.7963582804897714
E1,q2_x3_resunet_pooled_seed2026,pooled,intervention,2026,1120,na,hokkaido_iburi_tobu,Hokkaido0023,0.5,334,479,384,15187,34.655446902326915,0.5762381242461295,0.6836300068728803
E1,q2_x3_resunet_pooled_seed2026,pooled,intervention,2026,1120,na,hokkaido_iburi_tobu,Hokkaido0024,0.5,125,232,131,15896,36.54216249867631,0.591543955001736,0.6734366648846299
E1,q2_x3_resunet_pooled_seed2026,pooled,intervention,2026,1120,na,hokkaido_iburi_tobu,Hokkaido0025,0.5,11,41,14,16318,43.364621464884664,0.568475452195933,0.5866666666662314
E1,q2_x3_resunet_pooled_seed2026,pooled,intervention,2026,1120,na,hokkaido_iburi_tobu,Hokkaido0027,0.5,75,713,556,15040,92.20682639635126,0.1378635346751425,0.17085277103895607
E1,q2_x3_resunet_pooled_seed2026,pooled,intervention,2026,1120,na,hokkaido_iburi_tobu,Hokkaido0028,0.5,143,78,682,15481,21.95449840010015,0.37900297127727617,0.5628222922847909
E1,q2_x3_resunet_pooled_seed2026,pooled,intervention,2026,1120,na,hokkaido_iburi_tobu,Hokkaido0029,0.5,1,0,1682,14701,146.98026835963663,0.009199632014710255,0.012855831037636446
E1,q2_x3_resunet_pooled_seed2026,pooled,intervention,2026,1120,na,hokkaido_iburi_tobu,Hokkaido0030,0.5,0,0,1956,14428,181.01933598375618,0.0,0.0
E1,q2_x3_resunet_pooled_seed2026,pooled,intervention,2026,1120,na,hokkaido_iburi_tobu,Hokkaido0031,0.5,569,345,690,14780,36.4210694362809,0.5437523762009512,0.6290168176207751
E1,q2_x3_resunet_pooled_seed2026,pooled,intervention,2026,1120,na,hokkaido_iburi_tobu,Hokkaido0032,0.5,407,237,293,15447,19.053834044876268,0.7923449914932296,0.861231028369339
E1,q2_x3_resunet_pooled_seed2026,pooled,intervention,2026,1120,na,hokkaido_iburi_tobu,Hokkaido0033,0.5,247,443,206,15488,19.692632313671837,0.6175390266294419,0.709367534263313
E1,q2_x3_resunet_pooled_seed2026,pooled,intervention,2026,1120,na,hokkaido_iburi_tobu,Hokkaido0034,0.5,184,370,235,15595,17.487004878211085,0.5938771944577912,0.7182997002671822
E1,q2_x3_resunet_pooled_seed2026,pooled,intervention,2026,1120,na,hokkaido_iburi_tobu,Hokkaido0035,0.5,191,271,200,15722,26.345534136053505,0.6418549017798787,0.7098884186220559
E1,q2_x3_resunet_pooled_seed2026,pooled,intervention,2026,1120,na,hokkaido_iburi_tobu,Hokkaido0036,0.5,91,162,88,16043,46.74039334158787,0.49103880285318546,0.5334137879011948
E1,q2_x3_resunet_pooled_seed2026,pooled,intervention,2026,1120,na,hokkaido_iburi_tobu,Hokkaido0037,0.5,22,167,17,16178,127.93742016210327,0.41636141636102975,0.47233468286061076
E1,q2_x3_resunet_pooled_seed2026,pooled,intervention,2026,1120,na,hokkaido_iburi_tobu,Hokkaido0038,0.5,16,80,23,16265,136.8575902169843,0.5394990366083939,0.6261035552369415
E1,q2_x3_resunet_pooled_seed2026,pooled,intervention,2026,1120,na,hokkaido_iburi_tobu,Hokkaido0039,0.5,187,339,328,15530,81.6177064214695,0.48980929406896384,0.5411396902084249
E1,q2_x3_resunet_pooled_seed2026,pooled,intervention,2026,1120,na,hokkaido_iburi_tobu,Hokkaido0040,0.5,102,44,2196,14042,72.0,0.1443010358240895,0.21077920311838205
E1,q2_x3_resunet_pooled_seed2026,pooled,intervention,2026,1120,na,hokkaido_iburi_tobu,Hokkaido0041,0.5,13,4,3058,13309,104.08650248711405,0.013001083423582478,0.051435919417002984
E1,q2_x3_resunet_pooled_seed2026,pooled,intervention,2026,1120,na,hokkaido_iburi_tobu,Hokkaido0042,0.5,0,0,2965,13419,181.01933598375618,0.0,0.0
E1,q2_x3_resunet_pooled_seed2026,pooled,intervention,2026,1120,na,hokkaido_iburi_tobu,Hokkaido0043,0.5,2,0,2529,13853,156.2285152348841,0.009512485136732505,0.011876484560558264
E1,q2_x3_resunet_pooled_seed2026,pooled,intervention,2026,1120,na,hokkaido_iburi_tobu,Hokkaido0044,0.5,213,133,1446,14592,33.103623704250666,0.3331790380612587,0.42923588039833394
E1,q2_x3_resunet_pooled_seed2026,pooled,intervention,2026,1120,na,hokkaido_iburi_tobu,Hokkaido0045,0.5,320,82,1344,14638,24.08318915758459,0.4692854863831463,0.5580448065169092
E1,q2_x3_resunet_pooled_seed2026,pooled,intervention,2026,1120,na,hokkaido_iburi_tobu,Hokkaido0046,0.5,164,56,1062,15102,30.0,0.3666526261215634,0.48802945335035797
E1,q2_x3_resunet_pooled_seed2026,pooled,intervention,2026,1120,na,hokkaido_iburi_tobu,Hokkaido0047,0.5,182,99,258,15845,28.83399500468584,0.694605380035834,0.7776370803961106
E1,q2_x3_resunet_pooled_seed2026,pooled,intervention,2026,1120,na,hokkaido_iburi_tobu,Hokkaido0048,0.5,372,90,241,15681,21.96356337059068,0.6721450418243269,0.7415533128560229
E1,q2_x3_resunet_pooled_seed2026,pooled,intervention,2026,1120,na,hokkaido_iburi_tobu,Hokkaido0049,0.5,340,122,200,15722,71.19900805075616,0.5856843159966215,0.6333285364795743
E1,q2_x3_resunet_pooled_seed2026,pooled,intervention,2026,1120,na,hokkaido_iburi_tobu,Hokkaido0050,0.5,34,167,5,16178,89.80534505250787,0.49999999999962497,0.6153846153841893
E1,q2_x3_resunet_pooled_seed2026,pooled,intervention,2026,1120,na,hokkaido_iburi_tobu,Hokkaido0051,0.5,28,128,11,16217,66.71169264495865,0.518339934561325,0.6666666666662222
E1,q2_x3_resunet_pooled_seed2026,pooled,intervention,2026,1120,na,hokkaido_iburi_tobu,Hokkaido0053,0.5,18,472,11,15883,90.96205460209866,0.18657098923610835,0.18791946308707805
E1,q2_x3_resunet_pooled_seed2026,pooled,intervention,2026,1120,na,hokkaido_iburi_tobu,Hokkaido0054,0.5,170,163,423,15628,35.1368641553505,0.36220660073821764,0.5837652145580987
E1,q2_x3_resunet_pooled_seed2026,pooled,intervention,2026,1120,na,hokkaido_iburi_tobu,Hokkaido0055,0.5,76,296,3164,12848,85.03822542792979,0.04448692059854023,0.0641833810886643
E1,q2_x3_resunet_pooled_seed2026,pooled,intervention,2026,1120,na,hokkaido_iburi_tobu,Hokkaido0056,0.5,0,8,5182,11194,138.70832707519762,0.0,0.0
E1,q2_x3_resunet_pooled_seed2026,pooled,intervention,2026,1120,na,hokkaido_iburi_tobu,Hokkaido0057,0.5,0,0,4764,11620,181.01933598375618,0.0,0.0
E1,q2_x3_resunet_pooled_seed2026,pooled,intervention,2026,1120,na,hokkaido_iburi_tobu,Hokkaido0058,0.5,56,5,3370,12953,74.68766634405496,0.0701754385964235,0.0860805860805037
E1,q2_x3_resunet_pooled_seed2026,pooled,intervention,2026,1120,na,hokkaido_iburi_tobu,Hokkaido0059,0.5,348,67,2414,13555,37.497318452202,0.2841858599503048,0.4350042593308889
E1,q2_x3_resunet_pooled_seed2026,pooled,intervention,2026,1120,na,hokkaido_iburi_tobu,Hokkaido0060,0.5,471,67,3466,12380,54.56555671711658,0.2680438866129955,0.38481861414249985
E1,q2_x3_resunet_pooled_seed2026,pooled,intervention,2026,1120,na,hokkaido_iburi_tobu,Hokkaido0061,0.5,27,1,4067,12289,117.98727647929624,0.024575109294534457,0.04298974108447186
E1,q2_x3_resunet_pooled_seed2026,pooled,intervention,2026,1120,na,hokkaido_iburi_tobu,Hokkaido0062,0.5,131,32,2234,13987,64.75331199440137,0.1875445831095219,0.23880788746846116
E1,q2_x3_resunet_pooled_seed2026,pooled,intervention,2026,1120,na,hokkaido_iburi_tobu,Hokkaido0063,0.5,545,130,570,15139,19.814122883640092,0.717165856841942,0.84241245136138
E1,q2_x3_resunet_pooled_seed2026,pooled,intervention,2026,1120,na,hokkaido_iburi_tobu,Hokkaido0064,0.5,302,153,170,15759,40.52159917870962,0.5942102590142357,0.6838046272488666
E1,q2_x3_resunet_pooled_seed2026,pooled,intervention,2026,1120,na,hokkaido_iburi_tobu,Hokkaido0067,0.5,9,116,13,16246,87.13896928694957,0.15254237288121503,0.15254237288121503
E1,q2_x3_resunet_pooled_seed2026,pooled,intervention,2026,1120,na,hokkaido_iburi_tobu,Hokkaido0068,0.5,9,150,13,16212,86.13738823457656,0.13533834586453547,0.13533834586453547
E1,q2_x3_resunet_pooled_seed2026,pooled,intervention,2026,1120,na,hokkaido_iburi_tobu,Hokkaido0071,0.5,20,220,1,16143,101.28671523891799,0.24999999999978123,0.2972972972970441
E1,q2_x3_resunet_pooled_seed2026,pooled,intervention,2026,1120,na,hokkaido_iburi_tobu,Hokkaido0072,0.5,37,298,8,16041,98.19504221811243,0.33382526564316367,0.37288135593189997
E1,q2_x3_resunet_pooled_seed2026,pooled,intervention,2026,1120,na,hokkaido_iburi_tobu,Hokkaido0073,0.5,18,167,6,16193,103.33007891664226,0.2809364548492473,0.30845771144252515
E1,q2_x3_resunet_pooled_seed2026,pooled,intervention,2026,1120,na,hokkaido_iburi_tobu,Hokkaido0076,0.5,84,674,21,15605,102.0517231826223,0.21194065661594857,0.23949579831911688
E1,q2_x3_resunet_pooled_seed2026,pooled,intervention,2026,1120,na,hokkaido_iburi_tobu,Hokkaido0077,0.5,207,604,119,15454,82.85041366839994,0.573523070288448,0.6074376696416556
E1,q2_x3_resunet_pooled_seed2026,pooled,intervention,2026,1120,na,hokkaido_iburi_tobu,Hokkaido0078,0.5,219,35,642,15488,35.63646135832508,0.46104116673746054,0.6349522566458241
E1,q2_x3_resunet_pooled_seed2026,pooled,intervention,2026,1120,na,hokkaido_iburi_tobu,Hokkaido0079,0.5,0,11,3055,13318,134.33535647893126,0.0,0.0
E1,q2_x3_resunet_pooled_seed2026,pooled,intervention,2026,1120,na,hokkaido_iburi_tobu,Hokkaido0080,0.5,0,0,5128,11256,181.01933598375618,0.0,0.0
E1,q2_x3_resunet_pooled_seed2026,pooled,intervention,2026,1120,na,hokkaido_iburi_tobu,Hokkaido0081,0.5,0,0,5127,11257,181.01933598375618,0.0,0.0
E1,q2_x3_resunet_pooled_seed2026,pooled,intervention,2026,1120,na,hokkaido_iburi_tobu,Hokkaido0082,0.5,32,5,4023,12324,104.37360574905844,0.043715846994492755,0.05522861023081999
E1,q2_x3_resunet_pooled_seed2026,pooled,intervention,2026,1120,na,hokkaido_iburi_tobu,Hokkaido0083,0.5,294,60,3273,12757,73.17766613867246,0.18080351974044095,0.29410842934516046
E1,q2_x3_resunet_pooled_seed2026,pooled,intervention,2026,1120,na,hokkaido_iburi_tobu,Hokkaido0084,0.5,442,40,3833,12069,66.0938268355227,0.17639658693096158,0.2938749594221219
E1,q2_x3_resunet_pooled_seed2026,pooled,intervention,2026,1120,na,hokkaido_iburi_tobu,Hokkaido0085,0.5,0,0,5002,11382,181.01933598375618,0.0,0.0
E1,q2_x3_resunet_pooled_seed2026,pooled,intervention,2026,1120,na,hokkaido_iburi_tobu,Hokkaido0086,0.5,87,7,4797,11493,91.98124790460511,0.06640096335205743,0.09510390982731343
E1,q2_x3_resunet_pooled_seed2026,pooled,intervention,2026,1120,na,hokkaido_iburi_tobu,Hokkaido0087,0.5,74,10,3561,12739,101.13652857698757,0.07048955788693462,0.09314823107917673
E1,q2_x3_resunet_pooled_seed2026,pooled,intervention,2026,1120,na,hokkaido_iburi_tobu,Hokkaido0088,0.5,0,38,1948,14398,116.44569291289243,0.0,0.0
E1,q2_x3_resunet_pooled_seed2026,pooled,intervention,2026,1120,na,hokkaido_iburi_tobu,Hokkaido0089,0.5,218,141,339,15686,89.02213595499957,0.571310816243991,0.6467017990182258
E1,q2_x3_resunet_pooled_seed2026,pooled,intervention,2026,1120,na,hokkaido_iburi_tobu,Hokkaido0090,0.5,64,393,29,15898,84.00148804251737,0.3121735000787987,0.38203651002946787
E1,q2_x3_resunet_pooled_seed2026,pooled,intervention,2026,1120,na,hokkaido_iburi_tobu,Hokkaido0091,0.5,64,337,16,15967,55.82242778712719,0.3671116762022459,0.42264150943359985
E1,q2_x3_resunet_pooled_seed2026,pooled,intervention,2026,1120,na,hokkaido_iburi_tobu,Hokkaido0092,0.5,8,50,14,16312,105.65769047015263,0.2736418511063921,0.27586206896527943
E1,q2_x3_resunet_pooled_seed2026,pooled,intervention,2026,1120,na,hokkaido_iburi_tobu,Hokkaido0093,0.5,8,166,14,16196,99.90232393991138,0.11074918566764204,0.11111111111100616
E1,q2_x3_resunet_pooled_seed2026,pooled,intervention,2026,1120,na,hokkaido_iburi_tobu,Hokkaido0095,0.5,83,510,11,15780,61.479984028808964,0.35845186455466027,0.4161358811037044
E1,q2_x3_resunet_pooled_seed2026,pooled,intervention,2026,1120,na,hokkaido_iburi_tobu,Hokkaido0096,0.5,89,243,13,16039,42.1936010612261,0.5096011816835058,0.6217948717944433
E1,q2_x3_resunet_pooled_seed2026,pooled,intervention,2026,1120,na,hokkaido_iburi_tobu,Hokkaido0097,0.5,77,663,15,15629,41.61245830070899,0.2991583779645413,0.38065522620874015
E1,q2_x3_resunet_pooled_seed2026,pooled,intervention,2026,1120,na,hokkaido_iburi_tobu,Hokkaido0098,0.5,55,553,16,15760,79.68304759819894,0.23813181748326384,0.2990654205604933
E1,q2_x3_resunet_pooled_seed2026,pooled,intervention,2026,1120,na,hokkaido_iburi_tobu,Hokkaido0099,0.5,39,426,8,15911,67.17588124856634,0.2414663593456292,0.2836879432621679
E1,q2_x3_resunet_pooled_seed2026,pooled,intervention,2026,1120,na,hokkaido_iburi_tobu,Hokkaido0100,0.5,27,45,20,16292,8.85083258100946,0.6449882668449808,0.7975830815705139
E1,q2_x3_resunet_pooled_seed2026,pooled,intervention,2026,1120,na,hokkaido_iburi_tobu,Hokkaido0101,0.5,132,416,91,15745,100.31948963187563,0.5108433734935386,0.5737389597640509
E1,q2_x3_resunet_pooled_seed2026,pooled,intervention,2026,1120,na,hokkaido_iburi_tobu,Hokkaido0102,0.5,304,234,168,15678,24.77783869065006,0.7277481371758707,0.7661238802363094
E1,q2_x3_resunet_pooled_seed2026,pooled,intervention,2026,1120,na,hokkaido_iburi_tobu,Hokkaido0103,0.5,250,408,244,15482,43.06912727212104,0.5943356176840171,0.6742332549265383
E1,q2_x3_resunet_pooled_seed2026,pooled,intervention,2026,1120,na,hokkaido_iburi_tobu,Hokkaido0104,0.5,58,91,1566,14669,87.61763009661561,0.09598280263318769,0.12691436027727426
E1,q2_x3_resunet_pooled_seed2026,pooled,intervention,2026,1120,na,hokkaido_iburi_tobu,Hokkaido0105,0.5,0,5,2818,13561,151.4887784577162,0.0,0.0
E1,q2_x3_resunet_pooled_seed2026,pooled,intervention,2026,1120,na,hokkaido_iburi_tobu,Hokkaido0106,0.5,339,9,3634,12402,121.14347756208618,0.0789128550150843,0.16455086985664077
E1,q2_x3_resunet_pooled_seed2026,pooled,intervention,2026,1120,na,hokkaido_iburi_tobu,Hokkaido0107,0.5,23,0,5389,10972,110.71268742564004,0.003081664098544885,0.0059523809522534195
E1,q2_x3_resunet_pooled_seed2026,pooled,intervention,2026,1120,na,hokkaido_iburi_tobu,Hokkaido0108,0.5,0,0,5718,10666,181.01933598375618,0.0,0.0
E1,q2_x3_resunet_pooled_seed2026,pooled,intervention,2026,1120,na,hokkaido_iburi_tobu,Hokkaido0109,0.5,26,0,5374,10984,142.30107173929122,0.015582655826542802,0.02494942683746693
E1,q2_x3_resunet_pooled_seed2026,pooled,intervention,2026,1120,na,hokkaido_iburi_tobu,Hokkaido0110,0.5,0,0,4990,11394,181.01933598375618,0.0,0.0
E1,q2_x3_resunet_pooled_seed2026,pooled,intervention,2026,1120,na,hokkaido_iburi_tobu,Hokkaido0111,0.5,2,0,5483,10899,149.65459964034633,0.003730183400680143,0.01053283767037366
E1,q2_x3_resunet_pooled_seed2026,pooled,intervention,2026,1120,na,hokkaido_iburi_tobu,Hokkaido0112,0.5,0,0,6103,10281,181.01933598375618,0.0,0.0
E1,q2_x3_resunet_pooled_seed2026,pooled,intervention,2026,1120,na,hokkaido_iburi_tobu,Hokkaido0113,0.5,0,0,4920,11464,181.01933598375618,0.0,0.0
E1,q2_x3_resunet_pooled_seed2026,pooled,intervention,2026,1120,na,hokkaido_iburi_tobu,Hokkaido0114,0.5,41,7,2619,13717,95.23234270521019,0.027383863080641245,0.05082831325295009
E1,q2_x3_resunet_pooled_seed2026,pooled,intervention,2026,1120,na,hokkaido_iburi_tobu,Hokkaido0115,0.5,256,235,659,15234,26.90724809414742,0.512784462168872,0.5899471322009554
E1,q2_x3_resunet_pooled_seed2026,pooled,intervention,2026,1120,na,hokkaido_iburi_tobu,Hokkaido0116,0.5,114,354,16,15900,86.03342262120935,0.41186313542170283,0.47530640740510616
E1,q2_x3_resunet_pooled_seed2026,pooled,intervention,2026,1120,na,hokkaido_iburi_tobu,Hokkaido0117,0.5,5,583,19,15777,95.24388007070115,0.031213052731084302,0.031544765733686864
E1,q2_x3_resunet_pooled_seed2026,pooled,intervention,2026,1120,na,hokkaido_iburi_tobu,Hokkaido0118,0.5,6,143,15,16220,149.5710114257609,0.09893992932848451,0.10144927536222254
E1,q2_x3_resunet_pooled_seed2026,pooled,intervention,2026,1120,na,hokkaido_iburi_tobu,Hokkaido0119,0.5,23,101,95,16165,68.41052550594829,0.24890006285306138,0.3143498673194594
E1,q2_x3_resunet_pooled_seed2026,pooled,intervention,2026,1120,na,hokkaido_iburi_tobu,Hokkaido0120,0.5,93,51,106,16134,23.5,0.6697599816687462,0.8017278617705585
E1,q2_x3_resunet_pooled_seed2026,pooled,intervention,2026,1120,na,hokkaido_iburi_tobu,Hokkaido0121,0.5,0,57,81,16246,62.702829135311035,0.0,0.044117647058341806
E1,q2_x3_resunet_pooled_seed2026,pooled,intervention,2026,1120,na,hokkaido_iburi_tobu,Hokkaido0122,0.5,65,112,36,16171,58.00086200490927,0.5472636815916132,0.609999999999576
E1,q2_x3_resunet_pooled_seed2026,pooled,intervention,2026,1120,na,hokkaido_iburi_tobu,Hokkaido0123,0.5,70,287,31,15996,75.94699815039843,0.3316136114157307,0.4072948328264233
E1,q2_x3_resunet_pooled_seed2026,pooled,intervention,2026,1120,na,hokkaido_iburi_tobu,Hokkaido0125,0.5,25,181,0,16178,51.44689669761262,0.3840528426512479,0.5263157894732964
E1,q2_x3_resunet_pooled_seed2026,pooled,intervention,2026,1120,na,hokkaido_iburi_tobu,Hokkaido0126,0.5,20,316,4,16044,100.48631516610205,0.18369489153236632,0.2857142857140408
E1,q2_x3_resunet_pooled_seed2026,pooled,intervention,2026,1120,na,hokkaido_iburi_tobu,Hokkaido0127,0.5,0,211,23,16150,124.5097978046861,0.0,0.04878048780468263
E1,q2_x3_resunet_pooled_seed2026,pooled,intervention,2026,1120,na,hokkaido_iburi_tobu,Hokkaido0128,0.5,89,561,81,15653,75.22360203851035,0.46310186305305623,0.50802153217854
E1,q2_x3_resunet_pooled_seed2026,pooled,intervention,2026,1120,na,hokkaido_iburi_tobu,Hokkaido0129,0.5,95,765,80,15444,93.73498995244115,0.3878887070372597,0.4043085405070661
E1,q2_x3_resunet_pooled_seed2026,pooled,intervention,2026,1120,na,hokkaido_iburi_tobu,Hokkaido0130,0.5,20,842,29,15493,96.02603757090849,0.155763881734622,0.162632021684072
E1,q2_x3_resunet_pooled_seed2026,pooled,intervention,2026,1120,na,hokkaido_iburi_tobu,Hokkaido0131,0.5,34,637,344,15369,87.47516922272811,0.16592046352335846,0.19870536646436307
E1,q2_x3_resunet_pooled_seed2026,pooled,intervention,2026,1120,na,hokkaido_iburi_tobu,Hokkaido0132,0.5,1076,588,668,14052,36.069377593742864,0.5859370217497482,0.7539910841697938
E1,q2_x3_resunet_pooled_seed2026,pooled,intervention,2026,1120,na,hokkaido_iburi_tobu,Hokkaido0133,0.5,1698,395,3285,11006,31.178484499385974,0.39990635717103745,0.5786153215890971
E1,q2_x3_resunet_pooled_seed2026,pooled,intervention,2026,1120,na,hokkaido_iburi_tobu,Hokkaido0134,0.5,445,171,7196,8572,82.76472678623425,0.07770247531662716,0.1247019466883638
E1,q2_x3_resunet_pooled_seed2026,pooled,intervention,2026,1120,na,hokkaido_iburi_tobu,Hokkaido0135,0.5,0,0,8062,8322,181.01933598375618,0.0,0.0
E1,q2_x3_resunet_pooled_seed2026,pooled,intervention,2026,1120,na,hokkaido_iburi_tobu,Hokkaido0136,0.5,1,0,7101,9282,153.53745325708653,0.0,0.0010587612493372159
E1,q2_x3_resunet_pooled_seed2026,pooled,intervention,2026,1120,na,hokkaido_iburi_tobu,Hokkaido0137,0.5,104,6,5201,11073,118.74299150243452,0.02862484596967694,0.06088685565375422
E1,q2_x3_resunet_pooled_seed2026,pooled,intervention,2026,1120,na,hokkaido_iburi_tobu,Hokkaido0138,0.5,70,2,4827,11485,96.02083107326243,0.013354955642444264,0.035856573705144064
E1,q2_x3_resunet_pooled_seed2026,pooled,intervention,2026,1120,na,hokkaido_iburi_tobu,Hokkaido0139,0.5,0,0,5648,10736,181.01933598375618,0.0,0.0
E1,q2_x3_resunet_pooled_seed2026,pooled,intervention,2026,1120,na,hokkaido_iburi_tobu,Hokkaido0140,0.5,33,1,5243,11107,109.4440496326776,0.01980640833144441,0.03495170310113361
E1,q2_x3_resunet_pooled_seed2026,pooled,intervention,2026,1120,na,hokkaido_iburi_tobu,Hokkaido0141,0.5,144,34,4659,11547,100.47959299634903,0.05991511781056434,0.1127868852457952
E1,q2_x3_resunet_pooled_seed2026,pooled,intervention,2026,1120,na,hokkaido_iburi_tobu,Hokkaido0142,0.5,173,22,3812,12377,63.06504570634538,0.05383043413238707,0.11677158221810416
E1,q2_x3_resunet_pooled_seed2026,pooled,intervention,2026,1120,na,hokkaido_iburi_tobu,Hokkaido0143,0.5,311,177,1277,14619,76.41477560409284,0.2281925428394761,0.4022799999995449
E1,q2_x3_resunet_pooled_seed2026,pooled,intervention,2026,1120,na,hokkaido_iburi_tobu,Hokkaido0144,0.5,28,291,117,15948,67.44478744702991,0.1433016268108499,0.14959245644838118
E1,q2_x3_resunet_pooled_seed2026,pooled,intervention,2026,1120,na,hokkaido_iburi_tobu,Hokkaido0145,0.5,10,67,34,16273,67.17886572427373,0.19672131147502286,0.20571428571393305
E1,q2_x3_resunet_pooled_seed2026,pooled,intervention,2026,1120,na,hokkaido_iburi_tobu,Hokkaido0146,0.5,28,3,77,16276,82.98054893693144,0.5260960334024765,0.7859358841773741
E1,q2_x3_resunet_pooled_seed2026,pooled,intervention,2026,1120,na,hokkaido_iburi_tobu,Hokkaido0147,0.5,28,73,77,16206,73.60002593321244,0.31945556445108003,0.42499367568894525
E1,q2_x3_resunet_pooled_seed2026,pooled,intervention,2026,1120,na,hokkaido_iburi_tobu,Hokkaido0148,0.5,41,121,13,16209,92.08319516374291,0.3773773773770553,0.3823529411761613
E1,q2_x3_resunet_pooled_seed2026,pooled,intervention,2026,1120,na,hokkaido_iburi_tobu,Hokkaido0149,0.5,42,94,12,16236,87.73900089444084,0.4269535673835662,0.43333333333299384
E1,q2_x3_resunet_pooled_seed2026,pooled,intervention,2026,1120,na,hokkaido_iburi_tobu,Hokkaido0155,0.5,0,159,23,16202,89.11193380365069,0.0,0.0
E1,q2_x3_resunet_pooled_seed2026,pooled,intervention,2026,1120,na,hokkaido_iburi_tobu,Hokkaido0156,0.5,10,762,13,15599,79.16121723703722,0.1124090808903443,0.1407407407406099
E1,q2_x3_resunet_pooled_seed2026,pooled,intervention,2026,1120,na,hokkaido_iburi_tobu,Hokkaido0157,0.5,102,890,136,15256,80.84217787563375,0.22360815333094977,0.26254790810791745
E1,q2_x3_resunet_pooled_seed2026,pooled,intervention,2026,1120,na,hokkaido_iburi_tobu,Hokkaido0158,0.5,117,1320,201,14746,93.50292704966998,0.20458319495149394,0.26786757167112524
E1,q2_x3_resunet_pooled_seed2026,pooled,intervention,2026,1120,na,hokkaido_iburi_tobu,Hokkaido0159,0.5,98,902,218,15166,89.33192871667133,0.24182561307864373,0.39090320492031144
E1,q2_x3_resunet_pooled_seed2026,pooled,intervention,2026,1120,na,hokkaido_iburi_tobu,Hokkaido0160,0.5,917,823,645,13999,36.069377593742864,0.4646592549441762,0.6226291693912613
E1,q2_x3_resunet_pooled_seed2026,pooled,intervention,2026,1120,na,hokkaido_iburi_tobu,Hokkaido0161,0.5,2332,1051,2305,10696,20.615528128088304,0.4044995547690588,0.6241012052628185
E1,q2_x3_resunet_pooled_seed2026,pooled,intervention,2026,1120,na,hokkaido_iburi_tobu,Hokkaido0162,0.5,1548,497,5030,9309,51.00441134074233,0.27739658025344527,0.4396728016356488
E1,q2_x3_resunet_pooled_seed2026,pooled,intervention,2026,1120,na,hokkaido_iburi_tobu,Hokkaido0163,0.5,147,14,7133,9090,81.26561344410706,0.051945580820028855,0.0945147679323994
E1,q2_x3_resunet_pooled_seed2026,pooled,intervention,2026,1120,na,hokkaido_iburi_tobu,Hokkaido0164,0.5,77,2,7045,9260,94.00292544914649,0.020494539050366408,0.06334371754926368
E1,q2_x3_resunet_pooled_seed2026,pooled,intervention,2026,1120,na,hokkaido_iburi_tobu,Hokkaido0165,0.5,233,3,5517,10631,75.79082894676324,0.09248225178511486,0.1921024546423023
E1,q2_x3_resunet_pooled_seed2026,pooled,intervention,2026,1120,na,hokkaido_iburi_tobu,Hokkaido0166,0.5,475,99,4263,11547,66.4123234095483,0.2154400945055956,0.32958152958125425
E1,q2_x3_resunet_pooled_seed2026,pooled,intervention,2026,1120,na,hokkaido_iburi_tobu,Hokkaido0167,0.5,312,100,3781,12191,60.18928121336318,0.16925511451376032,0.3160083160080499
E1,q2_x3_resunet_pooled_seed2026,pooled,intervention,2026,1120,na,hokkaido_iburi_tobu,Hokkaido0168,0.5,754,202,2898,12530,22.825424421026653,0.3840384546082179,0.5514564225736575
E1,q2_x3_resunet_pooled_seed2026,pooled,intervention,2026,1120,na,hokkaido_iburi_tobu,Hokkaido0169,0.5,460,47,4161,11716,42.190046219457976,0.17723877121387324,0.2850398748868318
E1,q2_x3_resunet_pooled_seed2026,pooled,intervention,2026,1120,na,hokkaido_iburi_tobu,Hokkaido0170,0.5,324,9,5299,10752,56.61271941887264,0.07752949288989512,0.182370820668519
E1,q2_x3_resunet_pooled_seed2026,pooled,intervention,2026,1120,na,hokkaido_iburi_tobu,Hokkaido0171,0.5,678,71,2354,13281,21.213203435596427,0.3707428869346159,0.5285205373617001
E1,q2_x3_resunet_pooled_seed2026,pooled,intervention,2026,1120,na,hokkaido_iburi_tobu,Hokkaido0172,0.5,124,70,370,15820,62.83252597449765,0.552846174211901,0.6822518971699428
E1,q2_x3_resunet_pooled_seed2026,pooled,intervention,2026,1120,na,hokkaido_iburi_tobu,Hokkaido0173,0.5,37,12,83,16252,83.59754698724318,0.5230491111776392,0.609545073959908
E1,q2_x3_resunet_pooled_seed2026,pooled,intervention,2026,1120,na,hokkaido_iburi_tobu,Hokkaido0174,0.5,7,15,15,16347,85.19389220888935,0.6153846153841235,0.7058823529407197
E1,q2_x3_resunet_pooled_seed2026,pooled,intervention,2026,1120,na,hokkaido_iburi_tobu,Hokkaido0175,0.5,7,21,15,16341,126.02719830331294,0.5333333333328631,0.5999999999995799
E1,q2_x3_resunet_pooled_seed2026,pooled,intervention,2026,1120,na,hokkaido_iburi_tobu,Hokkaido0176,0.5,1,0,27,16356,52.032680759181275,0.3870967741932362,0.6486486486482104
E1,q2_x3_resunet_pooled_seed2026,pooled,intervention,2026,1120,na,hokkaido_iburi_tobu,Hokkaido0177,0.5,1,3,35,16345,86.9472914574109,0.2142857142852245,0.29999999999952
E1,q2_x3_resunet_pooled_seed2026,pooled,intervention,2026,1120,na,hokkaido_iburi_tobu,Hokkaido0179,0.5,2,0,22,16360,6.047882644140033,0.6249999999995702,0.8108108108103287
E1,q2_x3_resunet_pooled_seed2026,pooled,intervention,2026,1120,na,hokkaido_iburi_tobu,Hokkaido0180,0.5,2,0,22,16360,6.047882644140033,0.6249999999995702,0.8108108108103287
E1,q2_x3_resunet_pooled_seed2026,pooled,intervention,2026,1120,na,hokkaido_iburi_tobu,Hokkaido0183,0.5,182,660,153,15389,110.05354131807324,0.3297342558719692,0.39295440879952953
E1,q2_x3_resunet_pooled_seed2026,pooled,intervention,2026,1120,na,hokkaido_iburi_tobu,Hokkaido0184,0.5,752,874,655,14103,42.97489122668597,0.6217221389182359,0.7476005430960869
E1,q2_x3_resunet_pooled_seed2026,pooled,intervention,2026,1120,na,hokkaido_iburi_tobu,Hokkaido0185,0.5,1100,1276,1048,12960,17.0,0.6093796154448862,0.7785914695508339
E1,q2_x3_resunet_pooled_seed2026,pooled,intervention,2026,1120,na,hokkaido_iburi_tobu,Hokkaido0186,0.5,642,655,594,14493,17.02497841103744,0.5759007085066113,0.7960568138469686
E1,q2_x3_resunet_pooled_seed2026,pooled,intervention,2026,1120,na,hokkaido_iburi_tobu,Hokkaido0187,0.5,159,84,290,15851,20.059547678376813,0.6451548729778166,0.8258853892840281
E1,q2_x3_resunet_pooled_seed2026,pooled,intervention,2026,1120,na,hokkaido_iburi_tobu,Hokkaido0188,0.5,776,349,1016,14243,15.264337522473747,0.6776356355182209,0.837517646435251
E1,q2_x3_resunet_pooled_seed2026,pooled,intervention,2026,1120,na,hokkaido_iburi_tobu,Hokkaido0189,0.5,1324,511,2154,12395,9.219544457292887,0.6309636847815365,0.8398347426168886
E1,q2_x3_resunet_pooled_seed2026,pooled,intervention,2026,1120,na,hokkaido_iburi_tobu,Hokkaido0190,0.5,1527,309,3289,11259,11.313708498984761,0.5607010294834295,0.7738192684248452
E1,q2_x3_resunet_pooled_seed2026,pooled,intervention,2026,1120,na,hokkaido_iburi_tobu,Hokkaido0191,0.5,1021,139,4396,10828,17.960990336999423,0.3890875252703976,0.6134196176226259
E1,q2_x3_resunet_pooled_seed2026,pooled,intervention,2026,1120,na,hokkaido_iburi_tobu,Hokkaido0192,0.5,915,169,4948,10352,38.19947428308078,0.26809334185486183,0.3946666390018921
E1,q2_x3_resunet_pooled_seed2026,pooled,intervention,2026,1120,na,hokkaido_iburi_tobu,Hokkaido0193,0.5,1519,449,3429,10987,16.0,0.50976386418051,0.6920715099287295
E1,q2_x3_resunet_pooled_seed2026,pooled,intervention,2026,1120,na,hokkaido_iburi_tobu,Hokkaido0194,0.5,887,649,1621,13227,25.90842660689124,0.5321175716931489,0.6865833167198201
E1,q2_x3_resunet_pooled_seed2026,pooled,intervention,2026,1120,na,hokkaido_iburi_tobu,Hokkaido0195,0.5,872,718,1120,13674,29.860173539873607,0.620614943845973,0.7596426236647911
E1,q2_x3_resunet_pooled_seed2026,pooled,intervention,2026,1120,na,hokkaido_iburi_tobu,Hokkaido0196,0.5,1123,367,1935,12959,12.132533425795685,0.5809991090796899,0.741140175451332
E1,q2_x3_resunet_pooled_seed2026,pooled,intervention,2026,1120,na,hokkaido_iburi_tobu,Hokkaido0197,0.5,1064,358,2397,12565,16.34002003147822,0.5463669074042816,0.7022530150411361
E1,q2_x3_resunet_pooled_seed2026,pooled,intervention,2026,1120,na,hokkaido_iburi_tobu,Hokkaido0198,0.5,697,260,1363,14064,37.18600925300381,0.6378640961165006,0.7840260798691239
E1,q2_x3_resunet_pooled_seed2026,pooled,intervention,2026,1120,na,hokkaido_iburi_tobu,Hokkaido0199,0.5,147,78,462,15697,49.586862335557065,0.5252632510393256,0.6142863613711264
E1,q2_x3_resunet_pooled_seed2026,pooled,intervention,2026,1120,na,hokkaido_iburi_tobu,Hokkaido0200,0.5,38,10,69,16267,46.55744718427969,0.612732095490261,0.6807980049870558
E1,q2_x3_resunet_pooled_seed2026,pooled,intervention,2026,1120,na,hokkaido_iburi_tobu,Hokkaido0201,0.5,51,6,33,16294,6.016552506059644,0.8026192703456329,0.9117564138703785
E1,q2_x3_resunet_pooled_seed2026,pooled,intervention,2026,1120,na,hokkaido_iburi_tobu,Hokkaido0202,0.5,61,18,52,16253,3.6252737116907885,0.8408530393147496,0.9839332419972582
E1,q2_x3_resunet_pooled_seed2026,pooled,intervention,2026,1120,na,hokkaido_iburi_tobu,Hokkaido0203,0.5,12,19,27,16326,88.97100595374943,0.7146321746155107,0.8695652173908129
E1,q2_x3_resunet_pooled_seed2026,pooled,intervention,2026,1120,na,hokkaido_iburi_tobu,Hokkaido0204,0.5,22,8,26,16328,58.97463250843574,0.7984981226528248,0.9217199558980667
E1,q2_x3_resunet_pooled_seed2026,pooled,intervention,2026,1120,na,hokkaido_iburi_tobu,Hokkaido0205,0.5,63,29,44,16248,2.8090169943749475,0.8872923215082565,0.9999999999995
E1,q2_x3_resunet_pooled_seed2026,pooled,intervention,2026,1120,na,hokkaido_iburi_tobu,Hokkaido0206,0.5,2,6,57,16319,73.19496058729324,0.062499999999625,0.31249999999953126
E1,q2_x3_resunet_pooled_seed2026,pooled,intervention,2026,1120,na,hokkaido_iburi_tobu,Hokkaido0207,0.5,13,15,15,16341,48.08325662008681,0.6591549295770006,0.6721088435369578
E1,q2_x3_resunet_pooled_seed2026,pooled,intervention,2026,1120,na,hokkaido_iburi_tobu,Hokkaido0208,0.5,5,0,45,16334,83.26750392197125,0.4137931034479476,0.4406779661013513
E1,q2_x3_resunet_pooled_seed2026,pooled,intervention,2026,1120,na,hokkaido_iburi_tobu,Hokkaido0209,0.5,26,4,29,16325,102.15111060283671,0.6874999999995489,0.6874999999995489
E1,q2_x3_resunet_pooled_seed2026,pooled,intervention,2026,1120,na,hokkaido_iburi_tobu,Hokkaido0210,0.5,33,15,24,16312,22.543110511518965,0.8635703918717822,0.9264305177106719
E1,q2_x3_resunet_pooled_seed2026,pooled,intervention,2026,1120,na,hokkaido_iburi_tobu,Hokkaido0211,0.5,42,16,49,16277,5.11332677826987,0.8235294117642213,0.9380530973446346
E1,q2_x3_resunet_pooled_seed2026,pooled,intervention,2026,1120,na,hokkaido_iburi_tobu,Hokkaido0212,0.5,29,6,38,16311,3.024341649025257,0.8484848484843598,0.9999999999995
E1,q2_x3_resunet_pooled_seed2026,pooled,intervention,2026,1120,na,hokkaido_iburi_tobu,Hokkaido0213,0.5,18,17,21,16328,3.58113883008419,0.8006962576148207,0.9836065573765493
E1,q2_x3_resunet_pooled_seed2026,pooled,intervention,2026,1120,na,hokkaido_iburi_tobu,Hokkaido0214,0.5,18,22,21,16323,3.58113883008419,0.7461139896368063,0.9836065573765493
E1,q2_x3_resunet_pooled_seed2026,pooled,intervention,2026,1120,na,hokkaido_iburi_tobu,Hokkaido0215,0.5,16,67,54,16247,75.61608141801929,0.265763418446611,0.33009708737819854
E1,q2_x3_resunet_pooled_seed2026,pooled,intervention,2026,1120,na,hokkaido_iburi_tobu,Hokkaido0216,0.5,16,6,54,16308,17.477122116156295,0.42726347914508866,0.622222222221752
E1,q2_x3_resunet_pooled_seed2026,pooled,intervention,2026,1120,na,hokkaido_iburi_tobu,Hokkaido0217,0.5,140,42,222,15980,113.10697760216345,0.5411880002173132,0.7114076735527047
E1,q2_x3_resunet_pooled_seed2026,pooled,intervention,2026,1120,na,hokkaido_iburi_tobu,Hokkaido0218,0.5,772,299,963,14350,64.11588394783755,0.6167431329316668,0.8065444542322558
E1,q2_x3_resunet_pooled_seed2026,pooled,intervention,2026,1120,na,hokkaido_iburi_tobu,Hokkaido0219,0.5,1422,543,2535,11884,12.727922061357855,0.5557490766038574,0.7718904791496153
E1,q2_x3_resunet_pooled_seed2026,pooled,intervention,2026,1120,na,hokkaido_iburi_tobu,Hokkaido0220,0.5,1066,280,2194,12844,18.027756377319946,0.47141923861141943,0.693289050594683
E1,q2_x3_resunet_pooled_seed2026,pooled,intervention,2026,1120,na,hokkaido_iburi_tobu,Hokkaido0221,0.5,427,136,461,15360,12.30650502986812,0.6707928619828009,0.8627898513278454
E1,q2_x3_resunet_pooled_seed2026,pooled,intervention,2026,1120,na,hokkaido_iburi_tobu,Hokkaido0222,0.5,285,191,586,15322,69.00108689945166,0.617629108662962,0.7944329509116804
E1,q2_x3_resunet_pooled_seed2026,pooled,intervention,2026,1120,na,hokkaido_iburi_tobu,Hokkaido0223,0.5,891,492,1506,13495,10.251714139776352,0.6625715839647209,0.8503896513423775
E1,q2_x3_resunet_pooled_seed2026,pooled,intervention,2026,1120,na,hokkaido_iburi_tobu,Hokkaido0224,0.5,1067,423,1977,12917,13.0,0.5977246468456704,0.774692442881775
E1,q2_x3_resunet_pooled_seed2026,pooled,intervention,2026,1120,na,hokkaido_iburi_tobu,Hokkaido0225,0.5,937,391,2047,13009,14.422205101855956,0.6096449224891197,0.7759660332722346
E1,q2_x3_resunet_pooled_seed2026,pooled,intervention,2026,1120,na,hokkaido_iburi_tobu,Hokkaido0226,0.5,1339,365,2726,11954,18.73491796016267,0.5041958580333098,0.6847014081012335
E1,q2_x3_resunet_pooled_seed2026,pooled,intervention,2026,1120,na,hokkaido_iburi_tobu,Hokkaido0227,0.5,1150,313,2024,12897,14.815445903775952,0.5302591471202944,0.7118589704189809
E1,q2_x3_resunet_pooled_seed2026,pooled,intervention,2026,1120,na,hokkaido_iburi_tobu,Hokkaido0228,0.5,262,1418,617,14087,49.24986906355042,0.3050353421258593,0.3641605360174316
E1,q2_x3_resunet_pooled_seed2026,pooled,intervention,2026,1120,na,hokkaido_iburi_tobu,Hokkaido0229,0.5,228,1367,448,14341,51.34781550703623,0.24657117601729153,0.3045986484254966
E1,q2_x3_resunet_pooled_seed2026,pooled,intervention,2026,1120,na,hokkaido_iburi_tobu,Hokkaido0230,0.5,411,394,889,14690,24.698178070456937,0.45452513966431063,0.6247288503248805
E1,q2_x3_resunet_pooled_seed2026,pooled,intervention,2026,1120,na,hokkaido_iburi_tobu,Hokkaido0231,0.5,246,379,825,14934,33.62797582846296,0.41427550548524195,0.5356024948405623
E1,q2_x3_resunet_pooled_seed2026,pooled,intervention,2026,1120,na,hokkaido_iburi_tobu,Hokkaido0232,0.5,126,211,580,15467,48.08326112068523,0.40047073780372605,0.5102539235322068
E1,q2_x3_resunet_pooled_seed2026,pooled,intervention,2026,1120,na,hokkaido_iburi_tobu,Hokkaido0233,0.5,50,31,301,16002,50.66115566705945,0.43234254832640295,0.5931372549015436
E1,q2_x3_resunet_pooled_seed2026,pooled,intervention,2026,1120,na,hokkaido_iburi_tobu,Hokkaido0235,0.5,52,8,32,16292,6.016552506059644,0.8124999999995176,0.9245283018862953
E1,q2_x3_resunet_pooled_seed2026,pooled,intervention,2026,1120,na,hokkaido_iburi_tobu,Hokkaido0236,0.5,48,4,43,16289,80.2191687123413,0.7346938775505556,0.8518518518513628
E1,q2_x3_resunet_pooled_seed2026,pooled,intervention,2026,1120,na,hokkaido_iburi_tobu,Hokkaido0237,0.5,0,0,72,16312,181.01933598375618,0.0,0.0
E1,q2_x3_resunet_pooled_seed2026,pooled,intervention,2026,1120,na,hokkaido_iburi_tobu,Hokkaido0238,0.5,30,8,134,16212,87.76322422647993,0.3975903614454645,0.45348837209267256
E1,q2_x3_resunet_pooled_seed2026,pooled,intervention,2026,1120,na,hokkaido_iburi_tobu,Hokkaido0239,0.5,154,525,153,15552,42.04759208325728,0.4277141298412969,0.5266903914585758
E1,q2_x3_resunet_pooled_seed2026,pooled,intervention,2026,1120,na,hokkaido_iburi_tobu,Hokkaido0240,0.5,161,127,184,15912,62.19511700779614,0.4443562785157022,0.6698700595555582
E1,q2_x3_resunet_pooled_seed2026,pooled,intervention,2026,1120,na,hokkaido_iburi_tobu,Hokkaido0241,0.5,128,40,19,16197,2.0,0.9999999999995,0.9999999999995
E1,q2_x3_resunet_pooled_seed2026,pooled,intervention,2026,1120,na,hokkaido_iburi_tobu,Hokkaido0242,0.5,0,0,27,16357,181.01933598375618,0.0,0.0
E1,q2_x3_resunet_pooled_seed2026,pooled,intervention,2026,1120,na,hokkaido_iburi_tobu,Hokkaido0243,0.5,25,4,35,16320,95.18236537250155,0.6197183098587272,0.6197183098587272
E1,q2_x3_resunet_pooled_seed2026,pooled,intervention,2026,1120,na,hokkaido_iburi_tobu,Hokkaido0244,0.5,26,8,7,16343,76.64142135623719,0.9545454545449554,0.9545454545449554
E1,q2_x3_resunet_pooled_seed2026,pooled,intervention,2026,1120,na,hokkaido_iburi_tobu,Hokkaido0245,0.5,40,19,49,16276,51.28057657296418,0.7099019297685966,0.7745803357309352
E1,q2_x3_resunet_pooled_seed2026,pooled,intervention,2026,1120,na,hokkaido_iburi_tobu,Hokkaido0246,0.5,25,2,64,16293,76.12368011149356,0.6117647058819283,0.7835051546386985
E1,q2_x3_resunet_pooled_seed2026,pooled,intervention,2026,1120,na,hokkaido_iburi_tobu,Hokkaido0247,0.5,21,17,18,16328,3.5,0.8416220351946041,0.9999999999995
E1,q2_x3_resunet_pooled_seed2026,pooled,intervention,2026,1120,na,hokkaido_iburi_tobu,Hokkaido0248,0.5,13,24,40,16307,4.0,0.7829632985948835,0.9772727272722275
E1,q2_x3_resunet_pooled_seed2026,pooled,intervention,2026,1120,na,hokkaido_iburi_tobu,Hokkaido0250,0.5,16,83,54,16231,82.00243893371345,0.24909185262016317,0.304761904761481
E1,q2_x3_resunet_pooled_seed2026,pooled,intervention,2026,1120,na,hokkaido_iburi_tobu,Hokkaido0251,0.5,15,82,55,16232,82.63406801565225,0.2678571428566454,0.3333333333328889
E1,q2_x3_resunet_pooled_seed2026,pooled,intervention,2026,1120,na,hokkaido_iburi_tobu,Hokkaido0252,0.5,0,95,27,16262,159.8593510361509,0.0,0.0
E1,q2_x3_resunet_pooled_seed2026,pooled,intervention,2026,1120,na,hokkaido_iburi_tobu,Hokkaido0253,0.5,179,317,475,15413,60.340571350311144,0.3375456709008567,0.4881470051895704
E1,q2_x3_resunet_pooled_seed2026,pooled,intervention,2026,1120,na,hokkaido_iburi_tobu,Hokkaido0254,0.5,709,530,1920,13225,37.1024866786655,0.36581708068300084,0.567695481469647
E1,q2_x3_resunet_pooled_seed2026,pooled,intervention,2026,1120,na,hokkaido_iburi_tobu,Hokkaido0255,0.5,1251,443,2066,12624,15.117828514614251,0.5474368206858683,0.7784469732229504
E1,q2_x3_resunet_pooled_seed2026,pooled,intervention,2026,1120,na,hokkaido_iburi_tobu,Hokkaido0256,0.5,973,526,1029,13856,11.038556864609168,0.6805047113983134,0.8851431849264777
E1,q2_x3_resunet_pooled_seed2026,pooled,intervention,2026,1120,na,hokkaido_iburi_tobu,Hokkaido0257,0.5,710,679,785,14210,16.207526687674974,0.6472989883012877,0.8286602446451327
E1,q2_x3_resunet_pooled_seed2026,pooled,intervention,2026,1120,na,hokkaido_iburi_tobu,Hokkaido0258,0.5,1174,684,1683,12843,14.317821063276353,0.6524071804789382,0.820065840067126
E1,q2_x3_resunet_pooled_seed2026,pooled,intervention,2026,1120,na,hokkaido_iburi_tobu,Hokkaido0259,0.5,1344,357,1982,12701,16.140004959000304,0.5754218027127528,0.7395301327880937
E1,q2_x3_resunet_pooled_seed2026,pooled,intervention,2026,1120,na,hokkaido_iburi_tobu,Hokkaido0260,0.5,1144,297,2011,12932,23.74445286170941,0.48670310753086854,0.5974338412185064
E1,q2_x3_resunet_pooled_seed2026,pooled,intervention,2026,1120,na,hokkaido_iburi_tobu,Hokkaido0261,0.5,947,337,2388,12712,18.471486179216246,0.5118403591185547,0.6633532140485957
E1,q2_x3_resunet_pooled_seed2026,pooled,intervention,2026,1120,na,hokkaido_iburi_tobu,Hokkaido0262,0.5,541,193,1232,14418,56.90957135919753,0.5459922558610205,0.6968319050111162
E1,q2_x3_resunet_pooled_seed2026,pooled,intervention,2026,1120,na,hokkaido_iburi_tobu,Hokkaido0263,0.5,51,682,265,15386,103.63218025934215,0.2209934482594232,0.2514614687535249
E1,q2_x3_resunet_pooled_seed2026,pooled,intervention,2026,1120,na,hokkaido_iburi_tobu,Hokkaido0264,0.5,47,1276,71,14990,90.4267659490264,0.0919888804648404,0.11178781217330189
E1,q2_x3_resunet_pooled_seed2026,pooled,intervention,2026,1120,na,hokkaido_iburi_tobu,Hokkaido0265,0.5,94,825,140,15325,49.64876634922564,0.22743042555814072,0.3390576838393998
E1,q2_x3_resunet_pooled_seed2026,pooled,intervention,2026,1120,na,hokkaido_iburi_tobu,Hokkaido0266,0.5,40,335,117,15892,67.11846288406122,0.17481672440144286,0.2865329512890155
E1,q2_x3_resunet_pooled_seed2026,pooled,intervention,2026,1120,na,hokkaido_iburi_tobu,Hokkaido0267,0.5,36,435,271,15642,56.634669549215005,0.16619900712235575,0.20325337380760225
E1,q2_x3_resunet_pooled_seed2026,pooled,intervention,2026,1120,na,hokkaido_iburi_tobu,Hokkaido0268,0.5,50,42,263,16029,41.5727312800597,0.46746547740546446,0.5941450752291125
E1,q2_x3_resunet_pooled_seed2026,pooled,intervention,2026,1120,na,hokkaido_iburi_tobu,Hokkaido0269,0.5,0,0,47,16337,181.01933598375618,0.0,0.0
E1,q2_x3_resunet_pooled_seed2026,pooled,intervention,2026,1120,na,hokkaido_iburi_tobu,Hokkaido0270,0.5,13,303,140,15928,67.19523629492559,0.11215427556412076,0.12502504508074402
E1,q2_x3_resunet_pooled_seed2026,pooled,intervention,2026,1120,na,hokkaido_iburi_tobu,Hokkaido0271,0.5,67,10,211,16096,46.42191003304745,0.47345983448930995,0.6051660516600944
E1,q2_x3_resunet_pooled_seed2026,pooled,intervention,2026,1120,na,hokkaido_iburi_tobu,Hokkaido0272,0.5,111,47,262,15964,64.0062484748657,0.5405627438894816,0.5881392995850452
E1,q2_x3_resunet_pooled_seed2026,pooled,intervention,2026,1120,na,hokkaido_iburi_tobu,Hokkaido0273,0.5,332,118,374,15560,64.01718416366401,0.7079311508601384,0.7687453990951106
E1,q2_x3_resunet_pooled_seed2026,pooled,intervention,2026,1120,na,hokkaido_iburi_tobu,Hokkaido0274,0.5,263,83,255,15783,35.84689665786984,0.7440472378410175,0.8248821513370717
E1,q2_x3_resunet_pooled_seed2026,pooled,intervention,2026,1120,na,hokkaido_iburi_tobu,Hokkaido0275,0.5,1,9,93,16281,82.48728091231507,0.09523809523759638,0.13215859030792176
E1,q2_x3_resunet_pooled_seed2026,pooled,intervention,2026,1120,na,hokkaido_iburi_tobu,Hokkaido0276,0.5,0,44,34,16306,89.11624634622194,0.0,0.0
E1,q2_x3_resunet_pooled_seed2026,pooled,intervention,2026,1120,na,hokkaido_iburi_tobu,Hokkaido0277,0.5,26,18,54,16286,49.69149346900038,0.6010050251251715,0.7692307692302958
E1,q2_x3_resunet_pooled_seed2026,pooled,intervention,2026,1120,na,hokkaido_iburi_tobu,Hokkaido0278,0.5,8,2,72,16302,51.514522527841564,0.3283582089549494,0.6823529411760211
E1,q2_x3_resunet_pooled_seed2026,pooled,intervention,2026,1120,na,hokkaido_iburi_tobu,Hokkaido0279,0.5,28,29,18,16309,49.041287004547826,0.7692307692302958,0.8235294117642213
E1,q2_x3_resunet_pooled_seed2026,pooled,intervention,2026,1120,na,hokkaido_iburi_tobu,Hokkaido0280,0.5,83,70,78,16153,47.1189142193158,0.7984790874519744,0.8969707269400625
E1,q2_x3_resunet_pooled_seed2026,pooled,intervention,2026,1120,na,hokkaido_iburi_tobu,Hokkaido0281,0.5,79,54,89,16162,51.45962963752438,0.7328463922084639,0.8774703557307327
E1,q2_x3_resunet_pooled_seed2026,pooled,intervention,2026,1120,na,hokkaido_iburi_tobu,Hokkaido0282,0.5,25,35,28,16296,29.53980249141971,0.5135520684731425,0.5270331667419322
E1,q2_x3_resunet_pooled_seed2026,pooled,intervention,2026,1120,na,hokkaido_iburi_tobu,Hokkaido0283,0.5,13,741,145,15485,94.48570727736377,0.12289685442533646,0.14345153077037714
E1,q2_x3_resunet_pooled_seed2026,pooled,intervention,2026,1120,na,hokkaido_iburi_tobu,Hokkaido0284,0.5,151,922,497,14814,41.05480479109447,0.3987184332390097,0.5147970071730369
E1,q2_x3_resunet_pooled_seed2026,pooled,intervention,2026,1120,na,hokkaido_iburi_tobu,Hokkaido0285,0.5,642,452,989,14301,19.753357722572872,0.6288177339896754,0.8207660077717706
E1,q2_x3_resunet_pooled_seed2026,pooled,intervention,2026,1120,na,hokkaido_iburi_tobu,Hokkaido0286,0.5,1136,552,1686,13010,10.295630140987,0.6309669610523612,0.8338275837614043
E1,q2_x3_resunet_pooled_seed2026,pooled,intervention,2026,1120,na,hokkaido_iburi_tobu,Hokkaido0287,0.5,1362,838,1583,12601,8.983281572999738,0.6850501071104338,0.856585894274057
E1,q2_x3_resunet_pooled_seed2026,pooled,intervention,2026,1120,na,hokkaido_iburi_tobu,Hokkaido0288,0.5,1183,676,2078,12447,10.0,0.6266875481388527,0.813550426650021
E1,q2_x3_resunet_pooled_seed2026,pooled,intervention,2026,1120,na,hokkaido_iburi_tobu,Hokkaido0289,0.5,1372,446,2224,12342,15.226606198662486,0.5712644625432765,0.7310426540279721
E1,q2_x3_resunet_pooled_seed2026,pooled,intervention,2026,1120,na,hokkaido_iburi_tobu,Hokkaido0290,0.5,1324,334,2273,12453,22.360679774997898,0.5049936544718217,0.6352941176466254
E1,q2_x3_resunet_pooled_seed2026,pooled,intervention,2026,1120,na,hokkaido_iburi_tobu,Hokkaido0291,0.5,1301,403,2750,11930,14.317821063276353,0.572222457896327,0.7461757842878392
E1,q2_x3_resunet_pooled_seed2026,pooled,intervention,2026,1120,na,hokkaido_iburi_tobu,Hokkaido0292,0.5,1054,342,1939,13049,10.63014581273465,0.6439775572448356,0.8047808764935429
E1,q2_x3_resunet_pooled_seed2026,pooled,intervention,2026,1120,na,hokkaido_iburi_tobu,Hokkaido0293,0.5,291,449,707,14937,53.73080569393486,0.4959059999069979,0.5959668742777179
E1,q2_x3_resunet_pooled_seed2026,pooled,intervention,2026,1120,na,hokkaido_iburi_tobu,Hokkaido0294,0.5,74,1489,144,14677,84.18514763756876,0.1620214099716176,0.20527266161029653
E1,q2_x3_resunet_pooled_seed2026,pooled,intervention,2026,1120,na,hokkaido_iburi_tobu,Hokkaido0295,0.5,112,823,158,15291,76.49378164804455,0.25171624713912155,0.3784194528870721
E1,q2_x3_resunet_pooled_seed2026,pooled,intervention,2026,1120,na,hokkaido_iburi_tobu,Hokkaido0296,0.5,59,483,81,15761,67.3661053095338,0.2146892655363612,0.2852983988351804
E1,q2_x3_resunet_pooled_seed2026,pooled,intervention,2026,1120,na,hokkaido_iburi_tobu,Hokkaido0297,0.5,52,342,181,15809,59.29620096170741,0.2839303319088119,0.3326359832631234
E1,q2_x3_resunet_pooled_seed2026,pooled,intervention,2026,1120,na,hokkaido_iburi_tobu,Hokkaido0298,0.5,138,74,363,15809,47.34688291981785,0.44616653750930246,0.5592841163306933
E1,q2_x3_resunet_pooled_seed2026,pooled,intervention,2026,1120,na,hokkaido_iburi_tobu,Hokkaido0299,0.5,124,61,376,15823,93.33018567807753,0.43480753694157614,0.5365853658532659
E1,q2_x3_resunet_pooled_seed2026,pooled,intervention,2026,1120,na,hokkaido_iburi_tobu,Hokkaido0300,0.5,62,31,158,16133,31.05720048969666,0.49086924762560014,0.555066079294753
E1,q2_x3_resunet_pooled_seed2026,pooled,intervention,2026,1120,na,hokkaido_iburi_tobu,Hokkaido0301,0.5,0,2,18,16364,132.34273372122627,0.0,0.0
E1,q2_x3_resunet_pooled_seed2026,pooled,intervention,2026,1120,na,hokkaido_iburi_tobu,Hokkaido0302,0.5,19,6,79,16280,72.70555773724254,0.47168347556204826,0.612408272181004
E1,q2_x3_resunet_pooled_seed2026,pooled,intervention,2026,1120,na,hokkaido_iburi_tobu,Hokkaido0303,0.5,180,40,301,15863,45.880278987817846,0.6127126230971386,0.7573627650300216
E1,q2_x3_resunet_pooled_seed2026,pooled,intervention,2026,1120,na,hokkaido_iburi_tobu,Hokkaido0304,0.5,294,103,572,15415,30.760301496098744,0.5960671052392517,0.7293788094924535
E1,q2_x3_resunet_pooled_seed2026,pooled,intervention,2026,1120,na,hokkaido_iburi_tobu,Hokkaido0305,0.5,615,226,1101,14442,14.67542266084197,0.5990616356846366,0.7432966119305175
E1,q2_x3_resunet_pooled_seed2026,pooled,intervention,2026,1120,na,hokkaido_iburi_tobu,Hokkaido0306,0.5,570,189,948,14677,35.30433539864325,0.6250646262015866,0.7801933388120834
E1,q2_x3_resunet_pooled_seed2026,pooled,intervention,2026,1120,na,hokkaido_iburi_tobu,Hokkaido0307,0.5,100,76,262,15946,70.06425622241343,0.5427838657025096,0.6735376790250831
E1,q2_x3_resunet_pooled_seed2026,pooled,intervention,2026,1120,na,hokkaido_iburi_tobu,Hokkaido0308,0.5,36,111,41,16196,88.85240300029119,0.3619302949057548,0.39735099337706503
E1,q2_x3_resunet_pooled_seed2026,pooled,intervention,2026,1120,na,hokkaido_iburi_tobu,Hokkaido0309,0.5,0,93,17,16274,91.00821116217978,0.0,0.0
E1,q2_x3_resunet_pooled_seed2026,pooled,intervention,2026,1120,na,hokkaido_iburi_tobu,Hokkaido0310,0.5,19,12,58,16295,76.13474322954012,0.5486610058780904,0.79999999999952
E1,q2_x3_resunet_pooled_seed2026,pooled,intervention,2026,1120,na,hokkaido_iburi_tobu,Hokkaido0311,0.5,7,2,53,16322,19.478533590324552,0.42553191489328207,0.8437499999995121
E1,q2_x3_resunet_pooled_seed2026,pooled,intervention,2026,1120,na,hokkaido_iburi_tobu,Hokkaido0312,0.5,53,29,51,16251,16.5158675044266,0.5399999999995287,0.7474747474742794
E1,q2_x3_resunet_pooled_seed2026,pooled,intervention,2026,1120,na,hokkaido_iburi_tobu,Hokkaido0313,0.5,82,76,70,16156,33.92703188411977,0.5619223659884108,0.7259684361544498
E1,q2_x3_resunet_pooled_seed2026,pooled,intervention,2026,1120,na,hokkaido_iburi_tobu,Hokkaido0314,0.5,246,116,306,15716,36.01804886512838,0.6461019281485209,0.8207028355235135
E1,q2_x3_resunet_pooled_seed2026,pooled,intervention,2026,1120,na,hokkaido_iburi_tobu,Hokkaido0315,0.5,227,199,330,15628,34.91415398001658,0.5138236107266245,0.715354870898839
E1,q2_x3_resunet_pooled_seed2026,pooled,intervention,2026,1120,na,hokkaido_iburi_tobu,Hokkaido0316,0.5,29,256,24,16075,42.020825327214325,0.263684306237206,0.263684306237206
E1,q2_x3_resunet_pooled_seed2026,pooled,intervention,2026,1120,na,hokkaido_iburi_tobu,Hokkaido0319,0.5,6,230,78,16070,84.64275697198863,0.10238739847366922,0.11529933481128322
E1,q2_x3_resunet_pooled_seed2026,pooled,intervention,2026,1120,na,hokkaido_iburi_tobu,Hokkaido0320,0.5,8,414,155,15807,90.12628380311858,0.1019809769001554,0.13038324772788293
E1,q2_x3_resunet_pooled_seed2026,pooled,intervention,2026,1120,na,hokkaido_iburi_tobu,Hokkaido0321,0.5,166,216,274,15728,48.34605708235299,0.48890900860067804,0.659031545106997
E1,q2_x3_resunet_pooled_seed2026,pooled,intervention,2026,1120,na,hokkaido_iburi_tobu,Hokkaido0322,0.5,1060,509,913,13902,6.4031242374328485,0.7419806647759277,0.9082752652025763
E1,q2_x3_resunet_pooled_seed2026,pooled,intervention,2026,1120,na,hokkaido_iburi_tobu,Hokkaido0323,0.5,1050,315,1940,13079,12.041594578792296,0.6191136102299996,0.7741707833446207
E1,q2_x3_resunet_pooled_seed2026,pooled,intervention,2026,1120,na,hokkaido_iburi_tobu,Hokkaido0324,0.5,1430,384,1976,12594,12.074755694634115,0.6369344805147571,0.8018292682922026
E1,q2_x3_resunet_pooled_seed2026,pooled,intervention,2026,1120,na,hokkaido_iburi_tobu,Hokkaido0325,0.5,1765,559,2095,11965,14.317821063276353,0.6444386470426945,0.799255223125409
E1,q2_x3_resunet_pooled_seed2026,pooled,intervention,2026,1120,na,hokkaido_iburi_tobu,Hokkaido0326,0.5,1266,242,3013,11863,17.0,0.4908092473016737,0.6933976951803085
E1,q2_x3_resunet_pooled_seed2026,pooled,intervention,2026,1120,na,hokkaido_iburi_tobu,Hokkaido0327,0.5,1658,353,3060,11313,13.416407864998739,0.5772378007337978,0.7599505465350087
E1,q2_x3_resunet_pooled_seed2026,pooled,intervention,2026,1120,na,hokkaido_iburi_tobu,Hokkaido0328,0.5,1097,316,1899,13072,15.0,0.6204154733405542,0.8028169014079701
E1,q2_x3_resunet_pooled_seed2026,pooled,intervention,2026,1120,na,hokkaido_iburi_tobu,Hokkaido0329,0.5,324,348,655,15057,52.32781255834503,0.6043339192379977,0.7456988530269792
E1,q2_x3_resunet_pooled_seed2026,pooled,intervention,2026,1120,na,hokkaido_iburi_tobu,Hokkaido0330,0.5,158,968,262,14996,47.0,0.4342057968168174,0.5460016319864651
E1,q2_x3_resunet_pooled_seed2026,pooled,intervention,2026,1120,na,hokkaido_iburi_tobu,Hokkaido0331,0.5,104,1396,289,14595,50.995097567963924,0.20367537212646522,0.2740468210564397
E1,q2_x3_resunet_pooled_seed2026,pooled,intervention,2026,1120,na,hokkaido_iburi_tobu,Hokkaido0332,0.5,54,918,286,15126,37.16442258970994,0.2620590352766939,0.40583634175643657
E1,q2_x3_resunet_pooled_seed2026,pooled,intervention,2026,1120,na,hokkaido_iburi_tobu,Hokkaido0333,0.5,79,195,313,15797,33.24154027718932,0.38483305036737736,0.5601255074474843
E1,q2_x3_resunet_pooled_seed2026,pooled,intervention,2026,1120,na,hokkaido_iburi_tobu,Hokkaido0334,0.5,447,183,1015,14739,38.6257641582033,0.5181689327755523,0.6600892105895682
E1,q2_x3_resunet_pooled_seed2026,pooled,intervention,2026,1120,na,hokkaido_iburi_tobu,Hokkaido0335,0.5,407,201,1279,14497,27.65863337187866,0.47232244684223057,0.6486113817234561
E1,q2_x3_resunet_pooled_seed2026,pooled,intervention,2026,1120,na,hokkaido_iburi_tobu,Hokkaido0336,0.5,103,72,532,15677,43.945233917099515,0.42222480327499395,0.6043000203391233
E1,q2_x3_resunet_pooled_seed2026,pooled,intervention,2026,1120,na,hokkaido_iburi_tobu,Hokkaido0337,0.5,263,89,271,15761,20.223748416156685,0.6422922708754474,0.8769507007454399
E1,q2_x3_resunet_pooled_seed2026,pooled,intervention,2026,1120,na,hokkaido_iburi_tobu,Hokkaido0338,0.5,237,112,151,15884,70.94855376353401,0.6078544702334305,0.8082688753503124
E1,q2_x3_resunet_pooled_seed2026,pooled,intervention,2026,1120,na,hokkaido_iburi_tobu,Hokkaido0339,0.5,165,84,246,15889,42.62230522024818,0.6246553761318558,0.7239857052759401
E1,q2_x3_resunet_pooled_seed2026,pooled,intervention,2026,1120,na,hokkaido_iburi_tobu,Hokkaido0340,0.5,612,366,749,14657,30.384196801423208,0.7200265801439862,0.8565108946298423
E1,q2_x3_resunet_pooled_seed2026,pooled,intervention,2026,1120,na,hokkaido_iburi_tobu,Hokkaido0341,0.5,742,236,1545,13861,20.062367818371285,0.589935652093141,0.751803139583748
E1,q2_x3_resunet_pooled_seed2026,pooled,intervention,2026,1120,na,hokkaido_iburi_tobu,Hokkaido0342,0.5,696,247,1426,14015,15.620499351813308,0.5845072949615553,0.7669452181982271
E1,q2_x3_resunet_pooled_seed2026,pooled,intervention,2026,1120,na,hokkaido_iburi_tobu,Hokkaido0343,0.5,477,206,901,14800,11.180339887498949,0.6808036912807104,0.8657314629253606
E1,q2_x3_resunet_pooled_seed2026,pooled,intervention,2026,1120,na,hokkaido_iburi_tobu,Hokkaido0344,0.5,197,67,396,15724,14.993985859861752,0.6603870175074747,0.8402777777772905
E1,q2_x3_resunet_pooled_seed2026,pooled,intervention,2026,1120,na,hokkaido_iburi_tobu,Hokkaido0345,0.5,0,0,19,16365,181.01933598375618,0.0,0.0
E1,q2_x3_resunet_pooled_seed2026,pooled,intervention,2026,1120,na,hokkaido_iburi_tobu,Hokkaido0346,0.5,127,37,184,16036,70.34006592203515,0.6058430998706001,0.7054263565886906
E1,q2_x3_resunet_pooled_seed2026,pooled,intervention,2026,1120,na,hokkaido_iburi_tobu,Hokkaido0347,0.5,131,62,282,15909,39.00768725692999,0.510287490829914,0.699239642660484
E1,q2_x3_resunet_pooled_seed2026,pooled,intervention,2026,1120,na,hokkaido_iburi_tobu,Hokkaido0348,0.5,73,64,172,16075,61.106449666400906,0.4375724217840413,0.6611018363935205
E1,q2_x3_resunet_pooled_seed2026,pooled,intervention,2026,1120,na,hokkaido_iburi_tobu,Hokkaido0349,0.5,72,62,105,16145,33.87321944577979,0.5669982445869884,0.6943105110891877
E1,q2_x3_resunet_pooled_seed2026,pooled,intervention,2026,1120,na,hokkaido_iburi_tobu,Hokkaido0350,0.5,220,525,478,15161,44.63011124466167,0.27776164900516515,0.39164104759260426
E1,q2_x3_resunet_pooled_seed2026,pooled,intervention,2026,1120,na,hokkaido_iburi_tobu,Hokkaido0351,0.5,219,109,598,15458,51.04654439226135,0.35963608253514173,0.49104167672724663
E1,q2_x3_resunet_pooled_seed2026,pooled,intervention,2026,1120,na,hokkaido_iburi_tobu,Hokkaido0352,0.5,82,50,383,15869,67.71140789041763,0.3606557377045355,0.48333612460181646
E1,q2_x3_resunet_pooled_seed2026,pooled,intervention,2026,1120,na,hokkaido_iburi_tobu,Hokkaido0353,0.5,63,21,230,16070,27.376874281702165,0.408229124646669,0.6153846153841893
E1,q2_x3_resunet_pooled_seed2026,pooled,intervention,2026,1120,na,hokkaido_iburi_tobu,Hokkaido0354,0.5,10,2,62,16310,25.469582828552586,0.4117647058820259,0.6829268292678429
E1,q2_x3_resunet_pooled_seed2026,pooled,intervention,2026,1120,na,hokkaido_iburi_tobu,Hokkaido0355,0.5,10,3,62,16309,24.787063567943886,0.43478260869531193,0.6829268292678429
E1,q2_x3_resunet_pooled_seed2026,pooled,intervention,2026,1120,na,hokkaido_iburi_tobu,Hokkaido0357,0.5,5,293,90,15996,78.67094580208523,0.0592747559272256,0.06243996157522689
E1,q2_x3_resunet_pooled_seed2026,pooled,intervention,2026,1120,na,hokkaido_iburi_tobu,Hokkaido0358,0.5,12,370,94,15908,74.75490369009756,0.06885368591718152,0.07033539563638361
E1,q2_x3_resunet_pooled_seed2026,pooled,intervention,2026,1120,na,hokkaido_iburi_tobu,Hokkaido0359,0.5,0,299,48,16037,75.32229579450092,0.015624999999882812,0.016260162601578424
E1,q2_x3_resunet_pooled_seed2026,pooled,intervention,2026,1120,na,hokkaido_iburi_tobu,Hokkaido0360,0.5,13,293,62,16016,57.42821606144492,0.11940298507425945,0.1299052774016045
E1,q2_x3_resunet_pooled_seed2026,pooled,intervention,2026,1120,na,hokkaido_iburi_tobu,Hokkaido0361,0.5,1241,424,584,14135,11.180339887498949,0.6635098732928937,0.8793828704708561
E1,q2_x3_resunet_pooled_seed2026,pooled,intervention,2026,1120,na,hokkaido_iburi_tobu,Hokkaido0362,0.5,2172,485,2022,11705,12.041594578792296,0.6033179714832312,0.7979829282284177
E1,q2_x3_resunet_pooled_seed2026,pooled,intervention,2026,1120,na,hokkaido_iburi_tobu,Hokkaido0363,0.5,1754,247,3445,10938,32.28002478313795,0.43948557198529625,0.6359423727698853
E1,q2_x3_resunet_pooled_seed2026,pooled,intervention,2026,1120,na,hokkaido_iburi_tobu,Hokkaido0364,0.5,1340,266,3961,10817,22.37740856688486,0.3916224615560247,0.5492612275882113
E1,q2_x3_resunet_pooled_seed2026,pooled,intervention,2026,1120,na,hokkaido_iburi_tobu,Hokkaido0365,0.5,1570,195,3743,10876,13.444320001554967,0.518688148292101,0.7219761747867369
E1,q2_x3_resunet_pooled_seed2026,pooled,intervention,2026,1120,na,hokkaido_iburi_tobu,Hokkaido0366,0.5,2272,750,2430,10932,12.041594578792296,0.7050345750943301,0.8560642735159405
E1,q2_x3_resunet_pooled_seed2026,pooled,intervention,2026,1120,na,hokkaido_iburi_tobu,Hokkaido0367,0.5,857,305,1272,13950,16.940763653560055,0.6510738814779516,0.8128134641645979
E1,q2_x3_resunet_pooled_seed2026,pooled,intervention,2026,1120,na,hokkaido_iburi_tobu,Hokkaido0368,0.5,111,204,462,15607,73.0,0.44258044405357105,0.5424140126618756
E1,q2_x3_resunet_pooled_seed2026,pooled,intervention,2026,1120,na,hokkaido_iburi_tobu,Hokkaido0369,0.5,385,1904,355,13740,32.01562118716424,0.26511141399046445,0.37621621621574686
E1,q2_x3_resunet_pooled_seed2026,pooled,intervention,2026,1120,na,hokkaido_iburi_tobu,Hokkaido0370,0.5,318,1208,253,14605,47.45677354800463,0.28664495113965904,0.42389581250111275
E1,q2_x3_resunet_pooled_seed2026,pooled,intervention,2026,1120,na,hokkaido_iburi_tobu,Hokkaido0371,0.5,132,892,373,14987,51.705833750728715,0.362966706483629,0.5072247950378863
E1,q2_x3_resunet_pooled_seed2026,pooled,intervention,2026,1120,na,hokkaido_iburi_tobu,Hokkaido0372,0.5,145,251,503,15485,37.90454349736668,0.4300102471308062,0.6057613168719519
E1,q2_x3_resunet_pooled_seed2026,pooled,intervention,2026,1120,na,hokkaido_iburi_tobu,Hokkaido0373,0.5,363,165,1168,14688,40.07986381784595,0.44384309956717266,0.567567567567161
E1,q2_x3_resunet_pooled_seed2026,pooled,intervention,2026,1120,na,hokkaido_iburi_tobu,Hokkaido0374,0.5,460,209,1716,13999,25.46852960312097,0.4277758989963754,0.5886405067327839
E1,q2_x3_resunet_pooled_seed2026,pooled,intervention,2026,1120,na,hokkaido_iburi_tobu,Hokkaido0375,0.5,377,187,1068,14752,30.61043832531655,0.4841595005081466,0.6428728484854777
E1,q2_x3_resunet_pooled_seed2026,pooled,intervention,2026,1120,na,hokkaido_iburi_tobu,Hokkaido0376,0.5,520,235,827,14802,20.118350818329013,0.6062935759489951,0.8193679732727968
E1,q2_x3_resunet_pooled_seed2026,pooled,intervention,2026,1120,na,hokkaido_iburi_tobu,Hokkaido0377,0.5,430,211,721,15022,18.104942302071102,0.5308194343722764,0.7251514940442368
E1,q2_x3_resunet_pooled_seed2026,pooled,intervention,2026,1120,na,hokkaido_iburi_tobu,Hokkaido0378,0.5,245,181,383,15575,21.26311989840309,0.6540245454167402,0.7596131163005158
E1,q2_x3_resunet_pooled_seed2026,pooled,intervention,2026,1120,na,hokkaido_iburi_tobu,Hokkaido0379,0.5,744,371,736,14533,7.615773105863909,0.7923992508000672,0.9026060526458934
E1,q2_x3_resunet_pooled_seed2026,pooled,intervention,2026,1120,na,hokkaido_iburi_tobu,Hokkaido0380,0.5,850,374,1444,13716,14.142135623730951,0.6836714000648652,0.8191655213992566
E1,q2_x3_resunet_pooled_seed2026,pooled,intervention,2026,1120,na,hokkaido_iburi_tobu,Hokkaido0381,0.5,799,309,1575,13701,15.0,0.6291783802397352,0.7663388871052402
E1,q2_x3_resunet_pooled_seed2026,pooled,intervention,2026,1120,na,hokkaido_iburi_tobu,Hokkaido0382,0.5,1072,333,1592,13387,11.40175425099138,0.7108477920383566,0.8526970954351956
E1,q2_x3_resunet_pooled_seed2026,pooled,intervention,2026,1120,na,hokkaido_iburi_tobu,Hokkaido0383,0.5,877,269,1132,14106,10.295630140987,0.7232239235592801,0.855731225295953
E1,q2_x3_resunet_pooled_seed2026,pooled,intervention,2026,1120,na,hokkaido_iburi_tobu,Hokkaido0384,0.5,393,175,493,15323,20.59488805900876,0.6579442909193103,0.7979539641938936
E1,q2_x3_resunet_pooled_seed2026,pooled,intervention,2026,1120,na,hokkaido_iburi_tobu,Hokkaido0385,0.5,189,60,479,15656,19.828402674362515,0.5299688656328003,0.6704761904757448
E1,q2_x3_resunet_pooled_seed2026,pooled,intervention,2026,1120,na,hokkaido_iburi_tobu,Hokkaido0386,0.5,120,50,357,15857,81.21853102593573,0.4580403496086249,0.6277372262769415
E1,q2_x3_resunet_pooled_seed2026,pooled,intervention,2026,1120,na,hokkaido_iburi_tobu,Hokkaido0387,0.5,284,175,460,15465,57.79229919912391,0.5035328140913402,0.6203956086202309
E1,q2_x3_resunet_pooled_seed2026,pooled,intervention,2026,1120,na,hokkaido_iburi_tobu,Hokkaido0388,0.5,288,139,512,15445,66.10635281786108,0.5231607629423392,0.6119794249758045
E1,q2_x3_resunet_pooled_seed2026,pooled,intervention,2026,1120,na,hokkaido_iburi_tobu,Hokkaido0389,0.5,48,39,609,15688,77.19131892071677,0.30452972470403494,0.4271844660190815
E1,q2_x3_resunet_pooled_seed2026,pooled,intervention,2026,1120,na,hokkaido_iburi_tobu,Hokkaido0390,0.5,261,125,775,15223,59.56251729226515,0.46649079735853416,0.5376549094371664
E1,q2_x3_resunet_pooled_seed2026,pooled,intervention,2026,1120,na,hokkaido_iburi_tobu,Hokkaido0391,0.5,532,192,615,15045,26.92582403567252,0.6984434121672931,0.7971808927168267
E1,q2_x3_resunet_pooled_seed2026,pooled,intervention,2026,1120,na,hokkaido_iburi_tobu,Hokkaido0392,0.5,302,51,396,15635,26.4573316515133,0.6965853658531966,0.8168439943592134
E1,q2_x3_resunet_pooled_seed2026,pooled,intervention,2026,1120,na,hokkaido_iburi_tobu,Hokkaido0393,0.5,99,39,212,16034,29.0,0.6285157676849287,0.745501285346576
E1,q2_x3_resunet_pooled_seed2026,pooled,intervention,2026,1120,na,hokkaido_iburi_tobu,Hokkaido0394,0.5,46,18,148,16172,24.50640829574549,0.5920344456400429,0.7088607594932133
E1,q2_x3_resunet_pooled_seed2026,pooled,intervention,2026,1120,na,hokkaido_iburi_tobu,Hokkaido0395,0.5,112,481,41,15750,140.77142803405664,0.2367866630024251,0.25822784810104094
E1,q2_x3_resunet_pooled_seed2026,pooled,intervention,2026,1120,na,hokkaido_iburi_tobu,Hokkaido0396,0.5,158,146,75,16005,49.69484607019654,0.5299508054398503,0.5630632650311268
E1,q2_x3_resunet_pooled_seed2026,pooled,intervention,2026,1120,na,hokkaido_iburi_tobu,Hokkaido0397,0.5,20,93,81,16190,60.66766259027892,0.2292993630568443,0.239230064160851
E1,q2_x3_resunet_pooled_seed2026,pooled,intervention,2026,1120,na,hokkaido_iburi_tobu,Hokkaido0398,0.5,0,103,40,16241,54.13455006294381,0.0,0.0
E1,q2_x3_resunet_pooled_seed2026,pooled,intervention,2026,1120,na,hokkaido_iburi_tobu,Hokkaido0399,0.5,296,164,299,15625,21.0,0.6003824091773404,0.7135069781010899
E1,q2_x3_resunet_pooled_seed2026,pooled,intervention,2026,1120,na,hokkaido_iburi_tobu,Hokkaido0400,0.5,1756,544,843,13241,8.963776741499448,0.7028453368380855,0.869921788459108
E1,q2_x3_resunet_pooled_seed2026,pooled,intervention,2026,1120,na,hokkaido_iburi_tobu,Hokkaido0401,0.5,1949,334,3533,10568,13.397721914780638,0.4575572770722799,0.7003702936391835
E1,q2_x3_resunet_pooled_seed2026,pooled,intervention,2026,1120,na,hokkaido_iburi_tobu,Hokkaido0402,0.5,1516,158,5026,9684,26.0,0.3116120242746906,0.4820650464934878
E1,q2_x3_resunet_pooled_seed2026,pooled,intervention,2026,1120,na,hokkaido_iburi_tobu,Hokkaido0403,0.5,1378,308,4202,10496,31.76476034853718,0.337070473327621,0.5275217253190763
E1,q2_x3_resunet_pooled_seed2026,pooled,intervention,2026,1120,na,hokkaido_iburi_tobu,Hokkaido0404,0.5,1205,247,3975,10957,27.508175729504888,0.44663589183751706,0.6391314609389089
E1,q2_x3_resunet_pooled_seed2026,pooled,intervention,2026,1120,na,hokkaido_iburi_tobu,Hokkaido0405,0.5,1831,954,2482,11117,12.083045973594572,0.6289834838632894,0.8068292523843084
E1,q2_x3_resunet_pooled_seed2026,pooled,intervention,2026,1120,na,hokkaido_iburi_tobu,Hokkaido0406,0.5,825,556,1557,13446,21.73401924699375,0.6372323459532269,0.815925985179867
E1,q2_x3_resunet_pooled_seed2026,pooled,intervention,2026,1120,na,hokkaido_iburi_tobu,Hokkaido0407,0.5,149,157,1006,15072,76.22715492744993,0.3681426924865111,0.5552591905364975
E1,q2_x3_resunet_pooled_seed2026,pooled,intervention,2026,1120,na,hokkaido_iburi_tobu,Hokkaido0408,0.5,600,618,776,14390,39.820220543437905,0.42880747994952756,0.5639564278158363
E1,q2_x3_resunet_pooled_seed2026,pooled,intervention,2026,1120,na,hokkaido_iburi_tobu,Hokkaido0409,0.5,733,1100,392,14159,43.39412089479371,0.4575786463293396,0.6216743046725897
E1,q2_x3_resunet_pooled_seed2026,pooled,intervention,2026,1120,na,hokkaido_iburi_tobu,Hokkaido0410,0.5,363,298,728,14995,21.505555315725914,0.5786687364202442,0.6989084947576948
E1,q2_x3_resunet_pooled_seed2026,pooled,intervention,2026,1120,na,hokkaido_iburi_tobu,Hokkaido0411,0.5,891,306,1146,14041,26.60167688129156,0.6658502442807419,0.8146122084831953
E1,q2_x3_resunet_pooled_seed2026,pooled,intervention,2026,1120,na,hokkaido_iburi_tobu,Hokkaido0412,0.5,707,344,1032,14301,31.13518561501884,0.603180247352122,0.7648803529270276
E1,q2_x3_resunet_pooled_seed2026,pooled,intervention,2026,1120,na,hokkaido_iburi_tobu,Hokkaido0413,0.5,715,353,1599,13717,25.96150997149434,0.5209834349964949,0.7103123662810995
E1,q2_x3_resunet_pooled_seed2026,pooled,intervention,2026,1120,na,hokkaido_iburi_tobu,Hokkaido0414,0.5,856,307,1709,13512,12.041594578792296,0.594631888372286,0.7483672685358359
E1,q2_x3_resunet_pooled_seed2026,pooled,intervention,2026,1120,na,hokkaido_iburi_tobu,Hokkaido0415,0.5,458,254,982,14690,15.292150388032661,0.6287267735877368,0.7653631284911476
E1,q2_x3_resunet_pooled_seed2026,pooled,intervention,2026,1120,na,hokkaido_iburi_tobu,Hokkaido0416,0.5,299,218,754,15113,17.717221233297828,0.5339143042106925,0.7261600348296968
E1,q2_x3_resunet_pooled_seed2026,pooled,intervention,2026,1120,na,hokkaido_iburi_tobu,Hokkaido0417,0.5,565,323,603,14893,23.53720459187964,0.7100551062759042,0.8244347760475891
E1,q2_x3_resunet_pooled_seed2026,pooled,intervention,2026,1120,na,hokkaido_iburi_tobu,Hokkaido0418,0.5,853,376,745,14410,7.933587386567303,0.7791834610869389,0.8980874859369
E1,q2_x3_resunet_pooled_seed2026,pooled,intervention,2026,1120,na,hokkaido_iburi_tobu,Hokkaido0419,0.5,804,298,1356,13926,16.278820596099706,0.6663578545464882,0.7928739955543161
E1,q2_x3_resunet_pooled_seed2026,pooled,intervention,2026,1120,na,hokkaido_iburi_tobu,Hokkaido0420,0.5,969,302,1955,13158,10.805072773361228,0.6118075495478539,0.764592687619797
E1,q2_x3_resunet_pooled_seed2026,pooled,intervention,2026,1120,na,hokkaido_iburi_tobu,Hokkaido0421,0.5,1333,345,2133,12573,12.041594578792296,0.6094762564166921,0.7664493183160654
E1,q2_x3_resunet_pooled_seed2026,pooled,intervention,2026,1120,na,hokkaido_iburi_tobu,Hokkaido0422,0.5,1338,438,1917,12691,13.0,0.6370015546867185,0.7801158410799632
E1,q2_x3_resunet_pooled_seed2026,pooled,intervention,2026,1120,na,hokkaido_iburi_tobu,Hokkaido0423,0.5,1020,441,1381,13542,15.53060959422883,0.6075592471899747,0.7183147052270722
E1,q2_x3_resunet_pooled_seed2026,pooled,intervention,2026,1120,na,hokkaido_iburi_tobu,Hokkaido0424,0.5,1289,361,846,13888,13.038404810405298,0.6405269314882558,0.8132943664569688
E1,q2_x3_resunet_pooled_seed2026,pooled,intervention,2026,1120,na,hokkaido_iburi_tobu,Hokkaido0425,0.5,806,196,595,14787,14.0,0.5960347314529668,0.8252765133565907
E1,q2_x3_resunet_pooled_seed2026,pooled,intervention,2026,1120,na,hokkaido_iburi_tobu,Hokkaido0426,0.5,451,194,420,15319,17.23212459828649,0.647807033541452,0.7700628772856426
E1,q2_x3_resunet_pooled_seed2026,pooled,intervention,2026,1120,na,hokkaido_iburi_tobu,Hokkaido0427,0.5,371,80,694,15239,34.0,0.6328433696850383,0.7566137566132862
E1,q2_x3_resunet_pooled_seed2026,pooled,intervention,2026,1120,na,hokkaido_iburi_tobu,Hokkaido0428,0.5,389,222,726,15047,23.116563307985658,0.6376939157218471,0.7937199446306635
E1,q2_x3_resunet_pooled_seed2026,pooled,intervention,2026,1120,na,hokkaido_iburi_tobu,Hokkaido0429,0.5,902,424,847,14211,32.56759306800535,0.7516848735377941,0.8803045196908043
E1,q2_x3_resunet_pooled_seed2026,pooled,intervention,2026,1120,na,hokkaido_iburi_tobu,Hokkaido0430,0.5,956,336,668,14424,13.049999999999955,0.8245360010525566,0.9268582755198189
E1,q2_x3_resunet_pooled_seed2026,pooled,intervention,2026,1120,na,hokkaido_iburi_tobu,Hokkaido0431,0.5,801,177,705,14701,16.66092683965847,0.761512720027229,0.8893831295532857
E1,q2_x3_resunet_pooled_seed2026,pooled,intervention,2026,1120,na,hokkaido_iburi_tobu,Hokkaido0432,0.5,544,123,774,14943,22.360679774997898,0.6249861112293656,0.8069345941681553
E1,q2_x3_resunet_pooled_seed2026,pooled,intervention,2026,1120,na,hokkaido_iburi_tobu,Hokkaido0433,0.5,118,15,311,15940,22.59740036885082,0.5528740675730558,0.7731958762881854
E1,q2_x3_resunet_pooled_seed2026,pooled,intervention,2026,1120,na,hokkaido_iburi_tobu,Hokkaido0434,0.5,130,315,31,15908,82.01158411929039,0.43162146566611487,0.4399999999996568
E1,q2_x3_resunet_pooled_seed2026,pooled,intervention,2026,1120,na,hokkaido_iburi_tobu,Hokkaido0435,0.5,147,245,14,15978,60.009582320935216,0.5084887280819634,0.5434243176174669
E1,q2_x3_resunet_pooled_seed2026,pooled,intervention,2026,1120,na,hokkaido_iburi_tobu,Hokkaido0438,0.5,590,149,691,14954,10.807388983967375,0.6363339704438141,0.7930521406029196
E1,q2_x3_resunet_pooled_seed2026,pooled,intervention,2026,1120,na,hokkaido_iburi_tobu,Hokkaido0439,0.5,1228,327,1023,13806,11.676882432050757,0.6650453669682398,0.8169724971247169
E1,q2_x3_resunet_pooled_seed2026,pooled,intervention,2026,1120,na,hokkaido_iburi_tobu,Hokkaido0440,0.5,1909,600,2061,11814,14.7648230602334,0.5401499721475739,0.7461993913440552
E1,q2_x3_resunet_pooled_seed2026,pooled,intervention,2026,1120,na,hokkaido_iburi_tobu,Hokkaido0441,0.5,1691,309,4987,9397,25.079872407968907,0.36441547180205086,0.5544317887595231
E1,q2_x3_resunet_pooled_seed2026,pooled,intervention,2026,1120,na,hokkaido_iburi_tobu,Hokkaido0442,0.5,1586,139,5758,8901,33.96468677883535,0.33120461219545266,0.5151655765740908
E1,q2_x3_resunet_pooled_seed2026,pooled,intervention,2026,1120,na,hokkaido_iburi_tobu,Hokkaido0443,0.5,1652,172,5021,9539,30.616982487060728,0.3418033351437857,0.4864753221949723
E1,q2_x3_resunet_pooled_seed2026,pooled,intervention,2026,1120,na,hokkaido_iburi_tobu,Hokkaido0444,0.5,1638,371,2964,11411,27.65863337187866,0.4544460194952356,0.6174670284592065
E1,q2_x3_resunet_pooled_seed2026,pooled,intervention,2026,1120,na,hokkaido_iburi_tobu,Hokkaido0445,0.5,1172,649,1960,12603,17.08800749063506,0.5452423993421897,0.7137317976845544
E1,q2_x3_resunet_pooled_seed2026,pooled,intervention,2026,1120,na,hokkaido_iburi_tobu,Hokkaido0446,0.5,936,384,1745,13319,18.94718490564527,0.551644817562374,0.7247449035646573
E1,q2_x3_resunet_pooled_seed2026,pooled,intervention,2026,1120,na,hokkaido_iburi_tobu,Hokkaido0447,0.5,770,433,970,14211,44.06528415904877,0.5222812837212016,0.6522722060215997
E1,q2_x3_resunet_pooled_seed2026,pooled,intervention,2026,1120,na,hokkaido_iburi_tobu,Hokkaido0448,0.5,482,714,344,14844,27.586228448267445,0.5559038662481971,0.6896361353387161
E1,q2_x3_resunet_pooled_seed2026,pooled,intervention,2026,1120,na,hokkaido_iburi_tobu,Hokkaido0449,0.5,656,323,848,14557,16.1245154965971,0.6586359896563155,0.7644354587621329
E1,q2_x3_resunet_pooled_seed2026,pooled,intervention,2026,1120,na,hokkaido_iburi_tobu,Hokkaido0450,0.5,1441,620,1777,12546,13.038404810405298,0.6739839272401916,0.8140796342507423
E1,q2_x3_resunet_pooled_seed2026,pooled,intervention,2026,1120,na,hokkaido_iburi_tobu,Hokkaido0451,0.5,1538,634,1997,12215,17.0,0.6374391092549309,0.8057932507128901
E1,q2_x3_resunet_pooled_seed2026,pooled,intervention,2026,1120,na,hokkaido_iburi_tobu,Hokkaido0452,0.5,1260,486,2172,12466,21.45095373237965,0.5594444690432374,0.7461044912919245
E1,q2_x3_resunet_pooled_seed2026,pooled,intervention,2026,1120,na,hokkaido_iburi_tobu,Hokkaido0453,0.5,1273,420,1985,12706,12.80233215419029,0.6361417312606682,0.7958687727820238
E1,q2_x3_resunet_pooled_seed2026,pooled,intervention,2026,1120,na,hokkaido_iburi_tobu,Hokkaido0454,0.5,786,308,1149,14141,24.081111227722495,0.6428785275163348,0.7932678245048806
E1,q2_x3_resunet_pooled_seed2026,pooled,intervention,2026,1120,na,hokkaido_iburi_tobu,Hokkaido0455,0.5,518,465,767,14634,25.0,0.624419866903224,0.7910750507094514
E1,q2_x3_resunet_pooled_seed2026,pooled,intervention,2026,1120,na,hokkaido_iburi_tobu,Hokkaido0456,0.5,804,705,750,14125,16.01873172512884,0.6977235251050561,0.8394400703882546
E1,q2_x3_resunet_pooled_seed2026,pooled,intervention,2026,1120,na,hokkaido_iburi_tobu,Hokkaido0457,0.5,981,700,984,13719,19.859292911256322,0.6780971196507979,0.7936818085544766
E1,q2_x3_resunet_pooled_seed2026,pooled,intervention,2026,1120,na,hokkaido_iburi_tobu,Hokkaido0458,0.5,960,335,1331,13758,18.027756377319946,0.6768053228896389,0.7982243744950812
E1,q2_x3_resunet_pooled_seed2026,pooled,intervention,2026,1120,na,hokkaido_iburi_tobu,Hokkaido0459,0.5,1267,480,1504,13133,10.047381840064837,0.6800236280441769,0.8185403195856403
E1,q2_x3_resunet_pooled_seed2026,pooled,intervention,2026,1120,na,hokkaido_iburi_tobu,Hokkaido0460,0.5,1376,355,2091,12562,19.034165148850676,0.5630214636006131,0.7098470172730733
E1,q2_x3_resunet_pooled_seed2026,pooled,intervention,2026,1120,na,hokkaido_iburi_tobu,Hokkaido0461,0.5,1606,313,2072,12393,13.341664064126334,0.5412981792687194,0.7078448230663607
E1,q2_x3_resunet_pooled_seed2026,pooled,intervention,2026,1120,na,hokkaido_iburi_tobu,Hokkaido0462,0.5,1534,587,1314,12949,15.196966120270613,0.5785388464350691,0.7279787967335888
E1,q2_x3_resunet_pooled_seed2026,pooled,intervention,2026,1120,na,hokkaido_iburi_tobu,Hokkaido0463,0.5,1322,591,1473,12998,14.866068747318506,0.531636156787626,0.7227275803881243
E1,q2_x3_resunet_pooled_seed2026,pooled,intervention,2026,1120,na,hokkaido_iburi_tobu,Hokkaido0464,0.5,960,403,1397,13624,16.45700169084531,0.5540279635707831,0.7443476103335355
E1,q2_x3_resunet_pooled_seed2026,pooled,intervention,2026,1120,na,hokkaido_iburi_tobu,Hokkaido0465,0.5,296,403,397,15288,32.86180309121779,0.5185794920032701,0.603181395348361
E1,q2_x3_resunet_pooled_seed2026,pooled,intervention,2026,1120,na,hokkaido_iburi_tobu,Hokkaido0466,0.5,349,241,526,15268,34.720304350062825,0.5715188968905184,0.7273047916423939
E1,q2_x3_resunet_pooled_seed2026,pooled,intervention,2026,1120,na,hokkaido_iburi_tobu,Hokkaido0467,0.5,712,339,934,14399,10.449798474101748,0.713258493885175,0.8882622488539298
E1,q2_x3_resunet_pooled_seed2026,pooled,intervention,2026,1120,na,hokkaido_iburi_tobu,Hokkaido0468,0.5,1246,525,1069,13544,9.486832980505138,0.8014673963923009,0.9386313407213931
E1,q2_x3_resunet_pooled_seed2026,pooled,intervention,2026,1120,na,hokkaido_iburi_tobu,Hokkaido0469,0.5,1229,346,1101,13708,9.219544457292887,0.763821182840365,0.8916496242058138
E1,q2_x3_resunet_pooled_seed2026,pooled,intervention,2026,1120,na,hokkaido_iburi_tobu,Hokkaido0470,0.5,1063,173,1010,14138,11.180339887498949,0.7264886441243663,0.8586964402228078
E1,q2_x3_resunet_pooled_seed2026,pooled,intervention,2026,1120,na,hokkaido_iburi_tobu,Hokkaido0471,0.5,702,81,791,14810,15.106078230111246,0.6790389578359549,0.8293864135989732
E1,q2_x3_resunet_pooled_seed2026,pooled,intervention,2026,1120,na,hokkaido_iburi_tobu,Hokkaido0472,0.5,102,26,256,16000,79.45608444882707,0.44451794278109336,0.6466715435254853
E1,q2_x3_resunet_pooled_seed2026,pooled,intervention,2026,1120,na,hokkaido_iburi_tobu,Hokkaido0473,0.5,0,25,75,16284,46.88227871116823,0.0,0.0
E1,q2_x3_resunet_pooled_seed2026,pooled,intervention,2026,1120,na,hokkaido_iburi_tobu,Hokkaido0474,0.5,0,81,75,16228,139.49364253665894,0.0,0.0
E1,q2_x3_resunet_pooled_seed2026,pooled,intervention,2026,1120,na,hokkaido_iburi_tobu,Hokkaido0478,0.5,0,238,15,16131,119.81399689043249,0.0,0.0
E1,q2_x3_resunet_pooled_seed2026,pooled,intervention,2026,1120,na,hokkaido_iburi_tobu,Hokkaido0479,0.5,574,245,348,15217,12.858989225842494,0.7199578586944633,0.8642241379305436
E1,q2_x3_resunet_pooled_seed2026,pooled,intervention,2026,1120,na,hokkaido_iburi_tobu,Hokkaido0480,0.5,1279,413,1187,13505,13.892443989449804,0.6467335508432283,0.7909122215810781
E1,q2_x3_resunet_pooled_seed2026,pooled,intervention,2026,1120,na,hokkaido_iburi_tobu,Hokkaido0481,0.5,1341,572,1112,13359,23.473273631392946,0.5623021228130837,0.7068543582406179
E1,q2_x3_resunet_pooled_seed2026,pooled,intervention,2026,1120,na,hokkaido_iburi_tobu,Hokkaido0482,0.5,1417,369,1312,13286,18.027756377319946,0.5434495748271327,0.7675257265160081
E1,q2_x3_resunet_pooled_seed2026,pooled,intervention,2026,1120,na,hokkaido_iburi_tobu,Hokkaido0483,0.5,1690,364,3786,10544,19.235384061671343,0.41622689717712225,0.6117018680929261
E1,q2_x3_resunet_pooled_seed2026,pooled,intervention,2026,1120,na,hokkaido_iburi_tobu,Hokkaido0484,0.5,1186,69,7574,7555,34.11376543177722,0.2644125452432416,0.4630973776057176
E1,q2_x3_resunet_pooled_seed2026,pooled,intervention,2026,1120,na,hokkaido_iburi_tobu,Hokkaido0485,0.5,470,43,9005,6866,31.356004096151963,0.13605442176852225,0.2502452702965482
E1,q2_x3_resunet_pooled_seed2026,pooled,intervention,2026,1120,na,hokkaido_iburi_tobu,Hokkaido0486,0.5,661,52,5999,9672,77.07885241564088,0.1507322198157924,0.27216369262458506
E1,q2_x3_resunet_pooled_seed2026,pooled,intervention,2026,1120,na,hokkaido_iburi_tobu,Hokkaido0487,0.5,2091,343,2418,11532,17.46424919657298,0.5325065520028207,0.7317183376999311
E1,q2_x3_resunet_pooled_seed2026,pooled,intervention,2026,1120,na,hokkaido_iburi_tobu,Hokkaido0488,0.5,1874,472,1902,12136,19.026297590440446,0.553748761267087,0.7249606712108603
E1,q2_x3_resunet_pooled_seed2026,pooled,intervention,2026,1120,na,hokkaido_iburi_tobu,Hokkaido0489,0.5,884,442,796,14262,63.20596286876674,0.5563660577479825,0.6540950096445521
E1,q2_x3_resunet_pooled_seed2026,pooled,intervention,2026,1120,na,hokkaido_iburi_tobu,Hokkaido0490,0.5,239,411,350,15384,38.007893370497854,0.46719789506940307,0.5214152700181252
E1,q2_x3_resunet_pooled_seed2026,pooled,intervention,2026,1120,na,hokkaido_iburi_tobu,Hokkaido0491,0.5,1180,420,943,13841,18.681541692269406,0.6923431269034895,0.7987821808627193
E1,q2_x3_resunet_pooled_seed2026,pooled,intervention,2026,1120,na,hokkaido_iburi_tobu,Hokkaido0492,0.5,1620,606,1728,12430,12.041594578792296,0.6375391385213738,0.8018037378827302
E1,q2_x3_resunet_pooled_seed2026,pooled,intervention,2026,1120,na,hokkaido_iburi_tobu,Hokkaido0493,0.5,1618,420,2490,11856,17.0,0.5546295061559402,0.7737016111527166
E1,q2_x3_resunet_pooled_seed2026,pooled,intervention,2026,1120,na,hokkaido_iburi_tobu,Hokkaido0494,0.5,1481,317,2949,11637,18.613145205917952,0.5172688328752088,0.7173485178366054
E1,q2_x3_resunet_pooled_seed2026,pooled,intervention,2026,1120,na,hokkaido_iburi_tobu,Hokkaido0495,0.5,1706,275,2606,11797,13.0,0.6122907667312611,0.7818966391676283
E1,q2_x3_resunet_pooled_seed2026,pooled,intervention,2026,1120,na,hokkaido_iburi_tobu,Hokkaido0496,0.5,1797,385,1674,12528,18.62521517409761,0.7141329008974971,0.8592544987141627
E1,q2_x3_resunet_pooled_seed2026,pooled,intervention,2026,1120,na,hokkaido_iburi_tobu,Hokkaido0497,0.5,924,386,1522,13552,22.00795044094083,0.6224510645249066,0.8007085916735676
E1,q2_x3_resunet_pooled_seed2026,pooled,intervention,2026,1120,na,hokkaido_iburi_tobu,Hokkaido0498,0.5,747,973,1180,13484,21.080777696108914,0.5225958493018775,0.66136738464102
E1,q2_x3_resunet_pooled_seed2026,pooled,intervention,2026,1120,na,hokkaido_iburi_tobu,Hokkaido0499,0.5,814,1806,896,12868,31.647123432450503,0.5079624495349836,0.6205162938837934
E1,q2_x3_resunet_pooled_seed2026,pooled,intervention,2026,1120,na,hokkaido_iburi_tobu,Hokkaido0500,0.5,806,657,1210,13711,19.057735245998536,0.6037785146856992,0.7221242667537703
E1,q2_x3_resunet_pooled_seed2026,pooled,intervention,2026,1120,na,hokkaido_iburi_tobu,Hokkaido0501,0.5,1487,1162,1104,12631,11.40175425099138,0.6389527714214439,0.7573665990501813
E1,q2_x3_resunet_pooled_seed2026,pooled,intervention,2026,1120,na,hokkaido_iburi_tobu,Hokkaido0502,0.5,1617,1244,1397,12126,18.665448401363175,0.5875010964645029,0.7395890355342305
E1,q2_x3_resunet_pooled_seed2026,pooled,intervention,2026,1120,na,hokkaido_iburi_tobu,Hokkaido0503,0.5,1335,537,1393,13119,17.592330848745014,0.5246949220115502,0.7096049915567209
E1,q2_x3_resunet_pooled_seed2026,pooled,intervention,2026,1120,na,hokkaido_iburi_tobu,Hokkaido0504,0.5,1111,420,1385,13468,16.64331697709324,0.5510460988439115,0.7243254015985499
E1,q2_x3_resunet_pooled_seed2026,pooled,intervention,2026,1120,na,hokkaido_iburi_tobu,Hokkaido0505,0.5,1056,595,1857,12876,13.917604990863818,0.6203611693636863,0.7601231464156826
E1,q2_x3_resunet_pooled_seed2026,pooled,intervention,2026,1120,na,hokkaido_iburi_tobu,Hokkaido0506,0.5,894,425,1726,13339,12.206555615733702,0.6552483718886342,0.8039708313214636
E1,q2_x3_resunet_pooled_seed2026,pooled,intervention,2026,1120,na,hokkaido_iburi_tobu,Hokkaido0507,0.5,590,478,708,14608,29.710263249515698,0.5850639913735652,0.7708638172631876
E1,q2_x3_resunet_pooled_seed2026,pooled,intervention,2026,1120,na,hokkaido_iburi_tobu,Hokkaido0508,0.5,525,346,664,14849,33.19406293024585,0.4988069103746363,0.6837641659033575
E1,q2_x3_resunet_pooled_seed2026,pooled,intervention,2026,1120,na,hokkaido_iburi_tobu,Hokkaido0509,0.5,765,383,919,14317,16.05370954848227,0.7274894046890782,0.8808458069543798
E1,q2_x3_resunet_pooled_seed2026,pooled,intervention,2026,1120,na,hokkaido_iburi_tobu,Hokkaido0510,0.5,1077,521,1262,13524,10.0,0.7340613269372955,0.8877569557484403
E1,q2_x3_resunet_pooled_seed2026,pooled,intervention,2026,1120,na,hokkaido_iburi_tobu,Hokkaido0511,0.5,1132,280,1546,13426,12.054029997232977,0.6874778378508342,0.8453442197580006
E1,q2_x3_resunet_pooled_seed2026,pooled,intervention,2026,1120,na,hokkaido_iburi_tobu,Hokkaido0512,0.5,842,193,1117,14232,15.122800993216678,0.686298932383877,0.839836130826335
E1,q2_x3_resunet_pooled_seed2026,pooled,intervention,2026,1120,na,hokkaido_iburi_tobu,Hokkaido0513,0.5,372,108,456,15448,25.83587132480563,0.6707273378712638,0.7787583265067884
E1,q2_x3_resunet_pooled_seed2026,pooled,intervention,2026,1120,na,hokkaido_iburi_tobu,Hokkaido0514,0.5,18,40,164,16162,72.23412584921248,0.2777303754261659,0.3436860702989323
E1,q2_x3_resunet_pooled_seed2026,pooled,intervention,2026,1120,na,hokkaido_iburi_tobu,Hokkaido0515,0.5,33,42,238,16071,45.934639812479496,0.32741312741271855,0.44444444444396913
E1,q2_x3_resunet_pooled_seed2026,pooled,intervention,2026,1120,na,hokkaido_iburi_tobu,Hokkaido0516,0.5,25,105,194,16060,91.24381158534415,0.2194285714281075,0.2549222797922574
E1,q2_x3_resunet_pooled_seed2026,pooled,intervention,2026,1120,na,hokkaido_iburi_tobu,Hokkaido0517,0.5,0,1354,23,15007,125.01214650146319,0.011029411764631658,0.017921146953287437
E1,q2_x3_resunet_pooled_seed2026,pooled,intervention,2026,1120,na,hokkaido_iburi_tobu,Hokkaido0518,0.5,2,1248,34,15100,42.02132611730824,0.02051282051261506,0.056707171789135855
E1,q2_x3_resunet_pooled_seed2026,pooled,intervention,2026,1120,na,hokkaido_iburi_tobu,Hokkaido0520,0.5,64,736,9,15575,81.11338756376738,0.27390290438812315,0.27390290438812315
E1,q2_x3_resunet_pooled_seed2026,pooled,intervention,2026,1120,na,hokkaido_iburi_tobu,Hokkaido0521,0.5,525,308,216,15335,48.11206394693739,0.7018551236744165,0.8023680910831938
E1,q2_x3_resunet_pooled_seed2026,pooled,intervention,2026,1120,na,hokkaido_iburi_tobu,Hokkaido0522,0.5,1671,437,881,13395,9.316040960936569,0.7380073522986897,0.8990497878691461
E1,q2_x3_resunet_pooled_seed2026,pooled,intervention,2026,1120,na,hokkaido_iburi_tobu,Hokkaido0523,0.5,1839,471,1979,12095,22.847319317591726,0.48974605113843317,0.6615486146316444
E1,q2_x3_resunet_pooled_seed2026,pooled,intervention,2026,1120,na,hokkaido_iburi_tobu,Hokkaido0524,0.5,2544,691,2198,10951,23.08679276123039,0.49711323919090766,0.6925554760195847
E1,q2_x3_resunet_pooled_seed2026,pooled,intervention,2026,1120,na,hokkaido_iburi_tobu,Hokkaido0525,0.5,3575,949,2178,9682,25.0,0.4271182320885161,0.677548550708051
E1,q2_x3_resunet_pooled_seed2026,pooled,intervention,2026,1120,na,hokkaido_iburi_tobu,Hokkaido0526,0.5,1667,216,4322,10179,21.526686761587495,0.29709348313993733,0.4873765342689707
E1,q2_x3_resunet_pooled_seed2026,pooled,intervention,2026,1120,na,hokkaido_iburi_tobu,Hokkaido0527,0.5,1195,106,6443,8640,28.016066307019422,0.2826323750004691,0.43676866802082975
E1,q2_x3_resunet_pooled_seed2026,pooled,intervention,2026,1120,na,hokkaido_iburi_tobu,Hokkaido0528,0.5,175,5,9099,7105,48.104053883222775,0.040682683256183794,0.08528426421311489
E1,q2_x3_resunet_pooled_seed2026,pooled,intervention,2026,1120,na,hokkaido_iburi_tobu,Hokkaido0529,0.5,481,25,7253,8625,67.06936686491358,0.07544387009761806,0.1633263535744697
E1,q2_x3_resunet_pooled_seed2026,pooled,intervention,2026,1120,na,hokkaido_iburi_tobu,Hokkaido0530,0.5,708,314,3673,11689,25.80697580112788,0.2697274603851679,0.45108517831783873
E1,q2_x3_resunet_pooled_seed2026,pooled,intervention,2026,1120,na,hokkaido_iburi_tobu,Hokkaido0531,0.5,2145,734,1347,12158,47.41307484462026,0.6043286367790256,0.7570187557070018
E1,q2_x3_resunet_pooled_seed2026,pooled,intervention,2026,1120,na,hokkaido_iburi_tobu,Hokkaido0532,0.5,1387,182,2113,12702,15.739877694587374,0.5401888633256497,0.7322093094187592
E1,q2_x3_resunet_pooled_seed2026,pooled,intervention,2026,1120,na,hokkaido_iburi_tobu,Hokkaido0533,0.5,1486,285,1657,12956,18.027756377319946,0.6473813273784751,0.809635825542947
E1,q2_x3_resunet_pooled_seed2026,pooled,intervention,2026,1120,na,hokkaido_iburi_tobu,Hokkaido0534,0.5,1547,299,3016,11522,20.248456731316587,0.48144467800456114,0.6641484958189768
E1,q2_x3_resunet_pooled_seed2026,pooled,intervention,2026,1120,na,hokkaido_iburi_tobu,Hokkaido0535,0.5,1416,221,3107,11640,17.0,0.46161418181038716,0.6471077356301955
E1,q2_x3_resunet_pooled_seed2026,pooled,intervention,2026,1120,na,hokkaido_iburi_tobu,Hokkaido0536,0.5,1242,339,3237,11566,24.269243497506643,0.4052881429025277,0.6041540352351055
E1,q2_x3_resunet_pooled_seed2026,pooled,intervention,2026,1120,na,hokkaido_iburi_tobu,Hokkaido0537,0.5,1610,578,4232,9964,23.681138993702415,0.32790684098863226,0.5346828476024903
E1,q2_x3_resunet_pooled_seed2026,pooled,intervention,2026,1120,na,hokkaido_iburi_tobu,Hokkaido0538,0.5,1949,681,3754,10000,27.80826744946094,0.3577969751777135,0.5648657936049702
E1,q2_x3_resunet_pooled_seed2026,pooled,intervention,2026,1120,na,hokkaido_iburi_tobu,Hokkaido0539,0.5,2013,248,2263,11860,14.142135623730951,0.6765962040056207,0.8134434634002579
E1,q2_x3_resunet_pooled_seed2026,pooled,intervention,2026,1120,na,hokkaido_iburi_tobu,Hokkaido0540,0.5,1490,309,1620,12965,11.180339887498949,0.6916998532138869,0.8542199488486154
E1,q2_x3_resunet_pooled_seed2026,pooled,intervention,2026,1120,na,hokkaido_iburi_tobu,Hokkaido0541,0.5,1190,781,1365,13048,24.594202046451386,0.5579219485463155,0.7275219111668487
E1,q2_x3_resunet_pooled_seed2026,pooled,intervention,2026,1120,na,hokkaido_iburi_tobu,Hokkaido0542,0.5,764,1318,692,13610,38.681878272567744,0.4257231836126909,0.6258878748590333
E1,q2_x3_resunet_pooled_seed2026,pooled,intervention,2026,1120,na,hokkaido_iburi_tobu,Hokkaido0543,0.5,198,560,628,14998,28.469180428365387,0.36104199461688186,0.49290060851877
E1,q2_x3_resunet_pooled_seed2026,pooled,intervention,2026,1120,na,hokkaido_iburi_tobu,Hokkaido0544,0.5,1016,1240,1201,12927,33.265584810590966,0.47471743010065015,0.586449254989667
E1,q2_x3_resunet_pooled_seed2026,pooled,intervention,2026,1120,na,hokkaido_iburi_tobu,Hokkaido0545,0.5,1204,354,1662,13164,19.860747081863007,0.5620242473350978,0.7337355435692534
E1,q2_x3_resunet_pooled_seed2026,pooled,intervention,2026,1120,na,hokkaido_iburi_tobu,Hokkaido0546,0.5,1556,764,1505,12559,14.202090186578747,0.6076762652900014,0.7626397158670578
E1,q2_x3_resunet_pooled_seed2026,pooled,intervention,2026,1120,na,hokkaido_iburi_tobu,Hokkaido0547,0.5,1865,486,2448,11585,13.0,0.5902262768402308,0.7599911461304825
E1,q2_x3_resunet_pooled_seed2026,pooled,intervention,2026,1120,na,hokkaido_iburi_tobu,Hokkaido0548,0.5,1951,441,3066,10926,15.0,0.6009513835433985,0.757011058102519
E1,q2_x3_resunet_pooled_seed2026,pooled,intervention,2026,1120,na,hokkaido_iburi_tobu,Hokkaido0549,0.5,1259,305,2454,12366,17.909425703596543,0.5873231596310715,0.7347118426276062
E1,q2_x3_resunet_pooled_seed2026,pooled,intervention,2026,1120,na,hokkaido_iburi_tobu,Hokkaido0550,0.5,953,390,1131,13910,20.248456731316587,0.5908919321489705,0.7436984511447053
E1,q2_x3_resunet_pooled_seed2026,pooled,intervention,2026,1120,na,hokkaido_iburi_tobu,Hokkaido0551,0.5,689,373,1012,14310,17.850721317643256,0.5679872875043743,0.7631188852648652
E1,q2_x3_resunet_pooled_seed2026,pooled,intervention,2026,1120,na,hokkaido_iburi_tobu,Hokkaido0552,0.5,554,356,854,14620,21.0,0.6804359130882329,0.8159021406722998
E1,q2_x3_resunet_pooled_seed2026,pooled,intervention,2026,1120,na,hokkaido_iburi_tobu,Hokkaido0553,0.5,918,376,1209,13881,14.926337811025185,0.6884819332203339,0.8193979933105532
E1,q2_x3_resunet_pooled_seed2026,pooled,intervention,2026,1120,na,hokkaido_iburi_tobu,Hokkaido0554,0.5,1175,403,1842,12964,16.401219466856727,0.6135701630645068,0.7648195876283935
E1,q2_x3_resunet_pooled_seed2026,pooled,intervention,2026,1120,na,hokkaido_iburi_tobu,Hokkaido0555,0.5,869,352,1670,13493,20.081059530306533,0.5682262046988954,0.7393638992147342
E1,q2_x3_resunet_pooled_seed2026,pooled,intervention,2026,1120,na,hokkaido_iburi_tobu,Hokkaido0556,0.5,466,214,1034,14670,19.95979797464466,0.5882009462064454,0.74645892351228
E1,q2_x3_resunet_pooled_seed2026,pooled,intervention,2026,1120,na,hokkaido_iburi_tobu,Hokkaido0557,0.5,346,176,622,15240,25.67084060515033,0.639404281724646,0.8091287265999337
E1,q2_x3_resunet_pooled_seed2026,pooled,intervention,2026,1120,na,hokkaido_iburi_tobu,Hokkaido0558,0.5,322,132,659,15271,33.01134193158342,0.5303828657184028,0.6537342386028577
E1,q2_x3_resunet_pooled_seed2026,pooled,intervention,2026,1120,na,hokkaido_iburi_tobu,Hokkaido0559,0.5,156,83,574,15571,37.92850294568212,0.38450244141148127,0.48920863309315565
E1,q2_x3_resunet_pooled_seed2026,pooled,intervention,2026,1120,na,hokkaido_iburi_tobu,Hokkaido0560,0.5,72,51,119,16142,26.40075756488817,0.5531583051724409,0.6350710900469599
E1,q2_x3_resunet_pooled_seed2026,pooled,intervention,2026,1120,na,hokkaido_iburi_tobu,Hokkaido0561,0.5,0,36,61,16287,110.66786976002274,0.14084507042204328,0.20618556700984803
E1,q2_x3_resunet_pooled_seed2026,pooled,intervention,2026,1120,na,hokkaido_iburi_tobu,Hokkaido0562,0.5,6,394,110,15874,83.38465086573187,0.08320950965782417,0.08791208791169955
E1,q2_x3_resunet_pooled_seed2026,pooled,intervention,2026,1120,na,hokkaido_iburi_tobu,Hokkaido0563,0.5,19,992,59,15314,58.05815941683158,0.08409343715215924,0.1251902335734359
E1,q2_x3_resunet_pooled_seed2026,pooled,intervention,2026,1120,na,hokkaido_iburi_tobu,Hokkaido0564,0.5,0,1727,23,14634,60.99240809527726,0.012598425196766093,0.03971631205649822
E1,q2_x3_resunet_pooled_seed2026,pooled,intervention,2026,1120,na,hokkaido_iburi_tobu,Hokkaido0565,0.5,15,1064,55,15250,108.2783416154276,0.07346189164353559,0.09935419771470047
E1,q2_x3_resunet_pooled_seed2026,pooled,intervention,2026,1120,na,hokkaido_iburi_tobu,Hokkaido0566,0.5,81,615,62,15626,52.54422865957446,0.2362840794342364,0.26353011240944374
E1,q2_x3_resunet_pooled_seed2026,pooled,intervention,2026,1120,na,hokkaido_iburi_tobu,Hokkaido0567,0.5,545,628,186,15025,26.191580866656945,0.5287033821788384,0.6740320586733565
E1,q2_x3_resunet_pooled_seed2026,pooled,intervention,2026,1120,na,hokkaido_iburi_tobu,Hokkaido0568,0.5,1464,483,697,13740,9.041538853603063,0.7314550606428007,0.8837285767123366
E1,q2_x3_resunet_pooled_seed2026,pooled,intervention,2026,1120,na,hokkaido_iburi_tobu,Hokkaido0569,0.5,2012,392,1706,12274,21.808537205226195,0.6772648503497587,0.8196137515403972
E1,q2_x3_resunet_pooled_seed2026,pooled,intervention,2026,1120,na,hokkaido_iburi_tobu,Hokkaido0570,0.5,4058,431,3316,8579,24.186773244895647,0.4878555489146666,0.6779843428522986
E1,q2_x3_resunet_pooled_seed2026,pooled,intervention,2026,1120,na,hokkaido_iburi_tobu,Hokkaido0571,0.5,3626,372,6354,6032,38.47076812334269,0.35477116362507394,0.5149581892503032
E1,q2_x3_resunet_pooled_seed2026,pooled,intervention,2026,1120,na,hokkaido_iburi_tobu,Hokkaido0572,0.5,667,15,8082,7620,42.18826779932087,0.05082984592927325,0.13857949651409557
E1,q2_x3_resunet_pooled_seed2026,pooled,intervention,2026,1120,na,hokkaido_iburi_tobu,Hokkaido0573,0.5,864,106,5674,9740,32.014840127806025,0.25055439937198265,0.4151409806544812
E1,q2_x3_resunet_pooled_seed2026,pooled,intervention,2026,1120,na,hokkaido_iburi_tobu,Hokkaido0574,0.5,739,172,5059,10414,29.053389472376224,0.2171174077539786,0.38823629855264036
E1,q2_x3_resunet_pooled_seed2026,pooled,intervention,2026,1120,na,hokkaido_iburi_tobu,Hokkaido0575,0.5,939,217,4318,10910,20.12461179749811,0.3035209607457267,0.48899678563588717
E1,q2_x3_resunet_pooled_seed2026,pooled,intervention,2026,1120,na,hokkaido_iburi_tobu,Hokkaido0576,0.5,1083,785,1010,13506,27.018512172212592,0.48166003458356454,0.6906420189598831
E1,q2_x3_resunet_pooled_seed2026,pooled,intervention,2026,1120,na,hokkaido_iburi_tobu,Hokkaido0577,0.5,2052,941,918,12473,58.26447737474535,0.6051517524448451,0.7640743018094229
E1,q2_x3_resunet_pooled_seed2026,pooled,intervention,2026,1120,na,hokkaido_iburi_tobu,Hokkaido0578,0.5,1926,349,3347,10762,24.020824298928627,0.42526154351718176,0.5865099744117399
E1,q2_x3_resunet_pooled_seed2026,pooled,intervention,2026,1120,na,hokkaido_iburi_tobu,Hokkaido0579,0.5,1419,200,2774,11991,22.79031446153539,0.4725861043099315,0.6666831671146679
E1,q2_x3_resunet_pooled_seed2026,pooled,intervention,2026,1120,na,hokkaido_iburi_tobu,Hokkaido0580,0.5,2282,572,2152,11378,28.460498941515414,0.6362813162377997,0.7816106667799716
E1,q2_x3_resunet_pooled_seed2026,pooled,intervention,2026,1120,na,hokkaido_iburi_tobu,Hokkaido0581,0.5,1603,459,2955,11367,22.313556835850857,0.478100247545581,0.6178675609009968
E1,q2_x3_resunet_pooled_seed2026,pooled,intervention,2026,1120,na,hokkaido_iburi_tobu,Hokkaido0582,0.5,1513,561,3645,10665,24.0,0.4336967155831135,0.5992018623208181
E1,q2_x3_resunet_pooled_seed2026,pooled,intervention,2026,1120,na,hokkaido_iburi_tobu,Hokkaido0583,0.5,988,238,6193,8965,39.72150488100446,0.20278882923225822,0.33769572912932966
E1,q2_x3_resunet_pooled_seed2026,pooled,intervention,2026,1120,na,hokkaido_iburi_tobu,Hokkaido0584,0.5,1862,643,4750,9129,29.0,0.32782897640499764,0.5251772914195911
E1,q2_x3_resunet_pooled_seed2026,pooled,intervention,2026,1120,na,hokkaido_iburi_tobu,Hokkaido0585,0.5,2624,321,2639,10800,15.033296378372908,0.6539524959031414,0.7870301611030772
E1,q2_x3_resunet_pooled_seed2026,pooled,intervention,2026,1120,na,hokkaido_iburi_tobu,Hokkaido0586,0.5,1948,314,2045,12077,14.7648230602334,0.6356092128420683,0.8051035722486787
E1,q2_x3_resunet_pooled_seed2026,pooled,intervention,2026,1120,na,hokkaido_iburi_tobu,Hokkaido0587,0.5,1479,429,1201,13275,22.45547626235727,0.6362927933460183,0.8081644326361698
E1,q2_x3_resunet_pooled_seed2026,pooled,intervention,2026,1120,na,hokkaido_iburi_tobu,Hokkaido0588,0.5,909,161,695,14619,50.591226688391174,0.6046424320112309,0.7971475290692748
E1,q2_x3_resunet_pooled_seed2026,pooled,intervention,2026,1120,na,hokkaido_iburi_tobu,Hokkaido0589,0.5,256,399,523,15206,39.002629237022575,0.3556491401906674,0.4474213101229084
E1,q2_x3_resunet_pooled_seed2026,pooled,intervention,2026,1120,na,hokkaido_iburi_tobu,Hokkaido0590,0.5,959,683,1087,13655,33.659908582461476,0.5971126082766949,0.7279585864301751
E1,q2_x3_resunet_pooled_seed2026,pooled,intervention,2026,1120,na,hokkaido_iburi_tobu,Hokkaido0591,0.5,1471,510,1576,12827,18.027756377319946,0.653304728597416,0.8171981621587314
E1,q2_x3_resunet_pooled_seed2026,pooled,intervention,2026,1120,na,hokkaido_iburi_tobu,Hokkaido0592,0.5,1615,395,2452,11922,14.142135623730951,0.5653838961203633,0.7460606060601384
E1,q2_x3_resunet_pooled_seed2026,pooled,intervention,2026,1120,na,hokkaido_iburi_tobu,Hokkaido0593,0.5,1839,359,3315,10871,14.7648230602334,0.48603112655235176,0.6960267829517648
E1,q2_x3_resunet_pooled_seed2026,pooled,intervention,2026,1120,na,hokkaido_iburi_tobu,Hokkaido0594,0.5,1362,234,4478,10310,15.684258334167174,0.39801823669340763,0.5932579479891014
E1,q2_x3_resunet_pooled_seed2026,pooled,intervention,2026,1120,na,hokkaido_iburi_tobu,Hokkaido0595,0.5,1607,356,3295,11126,29.21879019059625,0.4526841803636959,0.621392484066138
E1,q2_x3_resunet_pooled_seed2026,pooled,intervention,2026,1120,na,hokkaido_iburi_tobu,Hokkaido0596,0.5,1177,278,1472,13457,22.44631972153705,0.5041494581361876,0.6770907479595959
E1,q2_x3_resunet_pooled_seed2026,pooled,intervention,2026,1120,na,hokkaido_iburi_tobu,Hokkaido0597,0.5,640,241,1050,14453,13.45362404707371,0.6013984069832269,0.784002130033732
E1,q2_x3_resunet_pooled_seed2026,pooled,intervention,2026,1120,na,hokkaido_iburi_tobu,Hokkaido0598,0.5,353,130,635,15266,36.85102152730378,0.6048862050966296,0.7309417040354105
E1,q2_x3_resunet_pooled_seed2026,pooled,intervention,2026,1120,na,hokkaido_iburi_tobu,Hokkaido0599,0.5,660,231,973,14520,15.67631271125003,0.6882541900497424,0.7901234567896455
E1,q2_x3_resunet_pooled_seed2026,pooled,intervention,2026,1120,na,hokkaido_iburi_tobu,Hokkaido0600,0.5,1175,401,1477,13331,15.24630230156348,0.6636947471461362,0.7833299851719523
E1,q2_x3_resunet_pooled_seed2026,pooled,intervention,2026,1120,na,hokkaido_iburi_tobu,Hokkaido0601,0.5,1164,634,1201,13385,18.390207571223783,0.5850758902250262,0.7609636165254613
E1,q2_x3_resunet_pooled_seed2026,pooled,intervention,2026,1120,na,hokkaido_iburi_tobu,Hokkaido0602,0.5,843,333,1050,14158,16.928916384272075,0.6893478940106956,0.8177290836648552
E1,q2_x3_resunet_pooled_seed2026,pooled,intervention,2026,1120,na,hokkaido_iburi_tobu,Hokkaido0603,0.5,685,266,1215,14218,19.887146043225243,0.6114488251777616,0.7749114820430256
E1,q2_x3_resunet_pooled_seed2026,pooled,intervention,2026,1120,na,hokkaido_iburi_tobu,Hokkaido0604,0.5,570,202,1225,14387,29.068883707497267,0.541134838457675,0.6773835920172904
E1,q2_x3_resunet_pooled_seed2026,pooled,intervention,2026,1120,na,hokkaido_iburi_tobu,Hokkaido0605,0.5,234,98,683,15369,35.35958000431451,0.47092122439480955,0.5646794150727106
E1,q2_x3_resunet_pooled_seed2026,pooled,intervention,2026,1120,na,hokkaido_iburi_tobu,Hokkaido0606,0.5,63,86,141,16094,90.63134117971615,0.43023093072031704,0.493670886075465
E1,q2_x3_resunet_pooled_seed2026,pooled,intervention,2026,1120,na,hokkaido_iburi_tobu,Hokkaido0610,0.5,117,362,314,15591,74.68031727224754,0.3186868934814288,0.36245283562264907
E1,q2_x3_resunet_pooled_seed2026,pooled,intervention,2026,1120,na,hokkaido_iburi_tobu,Hokkaido0611,0.5,139,928,408,14909,45.11539690655619,0.32713754646790166,0.387443946187841
E1,q2_x3_resunet_pooled_seed2026,pooled,intervention,2026,1120,na,hokkaido_iburi_tobu,Hokkaido0612,0.5,18,1177,150,15039,68.1013813188019,0.110514198004247,0.123955559636109
E1,q2_x3_resunet_pooled_seed2026,pooled,intervention,2026,1120,na,hokkaido_iburi_tobu,Hokkaido0613,0.5,55,1820,197,14312,65.79513659838392,0.13178945830403221,0.18176810795887693
E1,q2_x3_resunet_pooled_seed2026,pooled,intervention,2026,1120,na,hokkaido_iburi_tobu,Hokkaido0614,0.5,91,858,287,15148,36.10946148744399,0.2098346757095628,0.3569131832792904
E1,q2_x3_resunet_pooled_seed2026,pooled,intervention,2026,1120,na,hokkaido_iburi_tobu,Hokkaido0615,0.5,27,591,200,15566,46.84015371452148,0.08717474573996457,0.1762063469058459
E1,q2_x3_resunet_pooled_seed2026,pooled,intervention,2026,1120,na,hokkaido_iburi_tobu,Hokkaido0616,0.5,150,812,248,15174,71.78529980791083,0.3157180805963816,0.3458324768130689
E1,q2_x3_resunet_pooled_seed2026,pooled,intervention,2026,1120,na,hokkaido_iburi_tobu,Hokkaido0617,0.5,565,235,695,14889,47.47865796661148,0.5435581400100553,0.6902549070317411
E1,q2_x3_resunet_pooled_seed2026,pooled,intervention,2026,1120,na,hokkaido_iburi_tobu,Hokkaido0618,0.5,1434,633,869,13448,21.170700702279465,0.615675306215332,0.8068417280136884
E1,q2_x3_resunet_pooled_seed2026,pooled,intervention,2026,1120,na,hokkaido_iburi_tobu,Hokkaido0619,0.5,3265,391,2795,9933,15.585216760673202,0.4686143013761615,0.7077349783684995
E1,q2_x3_resunet_pooled_seed2026,pooled,intervention,2026,1120,na,hokkaido_iburi_tobu,Hokkaido0620,0.5,2840,278,5663,7603,47.05581229833385,0.2954563055381713,0.4659051742603685
E1,q2_x3_resunet_pooled_seed2026,pooled,intervention,2026,1120,na,hokkaido_iburi_tobu,Hokkaido0621,0.5,439,19,6498,9428,44.45104628161156,0.11852861035403943,0.27028912026101476
E1,q2_x3_resunet_pooled_seed2026,pooled,intervention,2026,1120,na,hokkaido_iburi_tobu,Hokkaido0622,0.5,955,773,3240,11416,23.327021701452644,0.32834378081642673,0.49566566292500297
E1,q2_x3_resunet_pooled_seed2026,pooled,intervention,2026,1120,na,hokkaido_iburi_tobu,Hokkaido0623,0.5,996,1049,1289,13050,31.887298612577702,0.49089583092280736,0.6040646330641738
E1,q2_x3_resunet_pooled_seed2026,pooled,intervention,2026,1120,na,hokkaido_iburi_tobu,Hokkaido0624,0.5,704,306,1112,14262,66.16185161517055,0.49269746201937387,0.6594808527859606
E1,q2_x3_resunet_pooled_seed2026,pooled,intervention,2026,1120,na,hokkaido_iburi_tobu,Hokkaido0625,0.5,468,330,784,14802,73.00582164470953,0.553775758310138,0.7195257092193588
E1,q2_x3_resunet_pooled_seed2026,pooled,intervention,2026,1120,na,hokkaido_iburi_tobu,Hokkaido0626,0.5,1282,508,1407,13187,20.922398461583718,0.49826670615162877,0.650039531373049
E1,q2_x3_resunet_pooled_seed2026,pooled,intervention,2026,1120,na,hokkaido_iburi_tobu,Hokkaido0627,0.5,1710,522,1915,12237,22.0,0.5410853364254242,0.7080629839992263
E1,q2_x3_resunet_pooled_seed2026,pooled,intervention,2026,1120,na,hokkaido_iburi_tobu,Hokkaido0628,0.5,1164,410,1303,13507,9.486832980505138,0.6794653871731455,0.8565292096215034
E1,q2_x3_resunet_pooled_seed2026,pooled,intervention,2026,1120,na,hokkaido_iburi_tobu,Hokkaido0629,0.5,1476,598,1116,13194,13.015361924162114,0.7079156743923563,0.8338391599340564
E1,q2_x3_resunet_pooled_seed2026,pooled,intervention,2026,1120,na,hokkaido_iburi_tobu,Hokkaido0630,0.5,1722,906,1379,12377,12.206555615733702,0.6612340775991442,0.7960321096826003
E1,q2_x3_resunet_pooled_seed2026,pooled,intervention,2026,1120,na,hokkaido_iburi_tobu,Hokkaido0631,0.5,2007,622,2631,11124,15.524174696260024,0.4899574930997526,0.6834536758734009
E1,q2_x3_resunet_pooled_seed2026,pooled,intervention,2026,1120,na,hokkaido_iburi_tobu,Hokkaido0632,0.5,1500,157,5399,9328,22.627416997969522,0.2902143522829864,0.4658718050012035
E1,q2_x3_resunet_pooled_seed2026,pooled,intervention,2026,1120,na,hokkaido_iburi_tobu,Hokkaido0633,0.5,1329,101,4702,10252,23.53720459187964,0.3401345039436629,0.5149715055946334
E1,q2_x3_resunet_pooled_seed2026,pooled,intervention,2026,1120,na,hokkaido_iburi_tobu,Hokkaido0634,0.5,3285,1487,1709,9903,13.80515194523551,0.6809392068378429,0.8270483760784915
E1,q2_x3_resunet_pooled_seed2026,pooled,intervention,2026,1120,na,hokkaido_iburi_tobu,Hokkaido0635,0.5,1861,301,1516,12706,21.470910553583888,0.6408803128506558,0.8169948699068006
E1,q2_x3_resunet_pooled_seed2026,pooled,intervention,2026,1120,na,hokkaido_iburi_tobu,Hokkaido0636,0.5,545,99,766,14974,89.0,0.5106076704249102,0.6481311742535523
E1,q2_x3_resunet_pooled_seed2026,pooled,intervention,2026,1120,na,hokkaido_iburi_tobu,Hokkaido0637,0.5,598,54,546,15186,74.58549125680074,0.5069257193509248,0.7265099034047369
E1,q2_x3_resunet_pooled_seed2026,pooled,intervention,2026,1120,na,hokkaido_iburi_tobu,Hokkaido0638,0.5,531,387,657,14809,26.124657138707697,0.4982566842038966,0.6598591788831357
E1,q2_x3_resunet_pooled_seed2026,pooled,intervention,2026,1120,na,hokkaido_iburi_tobu,Hokkaido0639,0.5,1067,782,957,13578,13.562305898749054,0.6730202353770636,0.813272254549457
E1,q2_x3_resunet_pooled_seed2026,pooled,intervention,2026,1120,na,hokkaido_iburi_tobu,Hokkaido0640,0.5,1779,595,1759,12251,10.44030650891055,0.7253192662080492,0.8741910506538347
E1,q2_x3_resunet_pooled_seed2026,pooled,intervention,2026,1120,na,hokkaido_iburi_tobu,Hokkaido0641,0.5,1990,362,2652,11380,11.704699910719626,0.6235490332801752,0.8095982668179211
E1,q2_x3_resunet_pooled_seed2026,pooled,intervention,2026,1120,na,hokkaido_iburi_tobu,Hokkaido0642,0.5,2637,549,2424,10774,10.0,0.6393702509151782,0.8438606501122736
E1,q2_x3_resunet_pooled_seed2026,pooled,intervention,2026,1120,na,hokkaido_iburi_tobu,Hokkaido0643,0.5,2169,369,3384,10462,16.278820596099706,0.5017115623828786,0.700027349396462
E1,q2_x3_resunet_pooled_seed2026,pooled,intervention,2026,1120,na,hokkaido_iburi_tobu,Hokkaido0644,0.5,3350,731,2285,10018,16.1245154965971,0.5979470476986544,0.7675710213305
E1,q2_x3_resunet_pooled_seed2026,pooled,intervention,2026,1120,na,hokkaido_iburi_tobu,Hokkaido0645,0.5,2566,742,974,12102,18.665448401363175,0.6599595350029269,0.8108169114696637
E1,q2_x3_resunet_pooled_seed2026,pooled,intervention,2026,1120,na,hokkaido_iburi_tobu,Hokkaido0646,0.5,985,217,893,14289,18.981566172707193,0.6783444844160263,0.7992988606480677
E1,q2_x3_resunet_pooled_seed2026,pooled,intervention,2026,1120,na,hokkaido_iburi_tobu,Hokkaido0647,0.5,939,163,741,14541,46.155678729270555,0.669387198565884,0.7897318508824424
E1,q2_x3_resunet_pooled_seed2026,pooled,intervention,2026,1120,na,hokkaido_iburi_tobu,Hokkaido0648,0.5,602,221,826,14735,22.147180428869607,0.6231717701175328,0.7313827184651251
E1,q2_x3_resunet_pooled_seed2026,pooled,intervention,2026,1120,na,hokkaido_iburi_tobu,Hokkaido0649,0.5,686,276,918,14504,19.8116007152373,0.6548147235226635,0.776311076084918
E1,q2_x3_resunet_pooled_seed2026,pooled,intervention,2026,1120,na,hokkaido_iburi_tobu,Hokkaido0650,0.5,955,422,1005,14002,18.53620063038536,0.6959491688106566,0.8295156261645728
E1,q2_x3_resunet_pooled_seed2026,pooled,intervention,2026,1120,na,hokkaido_iburi_tobu,Hokkaido0651,0.5,936,464,663,14321,11.180339887498949,0.791538061163785,0.9248756682910081
E1,q2_x3_resunet_pooled_seed2026,pooled,intervention,2026,1120,na,hokkaido_iburi_tobu,Hokkaido0652,0.5,538,225,962,14659,22.08488576574932,0.605430405639672,0.7548543689315689
E1,q2_x3_resunet_pooled_seed2026,pooled,intervention,2026,1120,na,hokkaido_iburi_tobu,Hokkaido0653,0.5,497,165,1202,14520,16.15549442140351,0.5533298756636755,0.6781737193759436
E1,q2_x3_resunet_pooled_seed2026,pooled,intervention,2026,1120,na,hokkaido_iburi_tobu,Hokkaido0654,0.5,182,42,583,15577,21.071147890120585,0.4806856291140197,0.5968586387430367
E1,q2_x3_resunet_pooled_seed2026,pooled,intervention,2026,1120,na,hokkaido_iburi_tobu,Hokkaido0655,0.5,0,0,24,16360,181.01933598375618,0.0,0.0
E1,q2_x3_resunet_pooled_seed2026,pooled,intervention,2026,1120,na,hokkaido_iburi_tobu,Hokkaido0657,0.5,35,679,114,15556,57.66274762945507,0.3075778984155466,0.34170238824208043
E1,q2_x3_resunet_pooled_seed2026,pooled,intervention,2026,1120,na,hokkaido_iburi_tobu,Hokkaido0658,0.5,13,651,66,15654,80.72583680383761,0.12307692307662202,0.1282229965154237
E1,q2_x3_resunet_pooled_seed2026,pooled,intervention,2026,1120,na,hokkaido_iburi_tobu,Hokkaido0659,0.5,0,1347,16,15021,63.870910778273085,0.0,0.0
E1,q2_x3_resunet_pooled_seed2026,pooled,intervention,2026,1120,na,hokkaido_iburi_tobu,Hokkaido0660,0.5,111,808,259,15206,76.20128334224887,0.2745382692147916,0.30378070581961086
E1,q2_x3_resunet_pooled_seed2026,pooled,intervention,2026,1120,na,hokkaido_iburi_tobu,Hokkaido0661,0.5,110,1212,321,14741,80.96418825868237,0.21940350396604555,0.2342886225229319
E1,q2_x3_resunet_pooled_seed2026,pooled,intervention,2026,1120,na,hokkaido_iburi_tobu,Hokkaido0662,0.5,12,1433,135,14804,75.29276193632427,0.06846846846810216,0.0759145960791433
E1,q2_x3_resunet_pooled_seed2026,pooled,intervention,2026,1120,na,hokkaido_iburi_tobu,Hokkaido0663,0.5,202,1815,506,13861,63.74348916502697,0.284007663698373,0.38149936332721046
E1,q2_x3_resunet_pooled_seed2026,pooled,intervention,2026,1120,na,hokkaido_iburi_tobu,Hokkaido0664,0.5,265,1347,477,14295,35.94652256553777,0.38307665607714425,0.4808421496109872
E1,q2_x3_resunet_pooled_seed2026,pooled,intervention,2026,1120,na,hokkaido_iburi_tobu,Hokkaido0665,0.5,26,913,276,15169,53.495292497128375,0.13371757925028702,0.22169978708259513
E1,q2_x3_resunet_pooled_seed2026,pooled,intervention,2026,1120,na,hokkaido_iburi_tobu,Hokkaido0666,0.5,162,697,369,15156,35.42171968012092,0.40694411414932197,0.4763702825920465
E1,q2_x3_resunet_pooled_seed2026,pooled,intervention,2026,1120,na,hokkaido_iburi_tobu,Hokkaido0667,0.5,709,167,504,15004,34.51736938084488,0.5840796999218859,0.7317526983692013
E1,q2_x3_resunet_pooled_seed2026,pooled,intervention,2026,1120,na,hokkaido_iburi_tobu,Hokkaido0668,0.5,762,291,726,14605,18.29159907601263,0.5619798636512995,0.7707623073771255
E1,q2_x3_resunet_pooled_seed2026,pooled,intervention,2026,1120,na,hokkaido_iburi_tobu,Hokkaido0669,0.5,1599,434,1630,12721,16.101191507918173,0.5846601633977658,0.7653650509446811
E1,q2_x3_resunet_pooled_seed2026,pooled,intervention,2026,1120,na,hokkaido_iburi_tobu,Hokkaido0670,0.5,1885,160,3417,10922,22.50773437068931,0.4085560992119381,0.6120317972809203
E1,q2_x3_resunet_pooled_seed2026,pooled,intervention,2026,1120,na,hokkaido_iburi_tobu,Hokkaido0671,0.5,1207,226,2918,12033,23.23034583884319,0.3383737786565737,0.4883406342068252
E1,q2_x3_resunet_pooled_seed2026,pooled,intervention,2026,1120,na,hokkaido_iburi_tobu,Hokkaido0672,0.5,690,1506,1438,12750,15.208210054153065,0.4586257640397188,0.647618330383216
E1,q2_x3_resunet_pooled_seed2026,pooled,intervention,2026,1120,na,hokkaido_iburi_tobu,Hokkaido0673,0.5,178,559,766,14881,63.97831374755703,0.2734443795588905,0.3545289145800226
E1,q2_x3_resunet_pooled_seed2026,pooled,intervention,2026,1120,na,hokkaido_iburi_tobu,Hokkaido0674,0.5,1097,513,700,14074,56.42339686784341,0.5451859118043922,0.6962213626891758
E1,q2_x3_resunet_pooled_seed2026,pooled,intervention,2026,1120,na,hokkaido_iburi_tobu,Hokkaido0675,0.5,1444,426,1673,12841,11.045361017187261,0.5965323973792601,0.7521261925561524
E1,q2_x3_resunet_pooled_seed2026,pooled,intervention,2026,1120,na,hokkaido_iburi_tobu,Hokkaido0676,0.5,940,415,1235,13794,12.668813495844603,0.6375842951761763,0.7970009182698389
E1,q2_x3_resunet_pooled_seed2026,pooled,intervention,2026,1120,na,hokkaido_iburi_tobu,Hokkaido0677,0.5,584,1153,490,14157,69.18699298668415,0.47163852131237527,0.5593026014069853
E1,q2_x3_resunet_pooled_seed2026,pooled,intervention,2026,1120,na,hokkaido_iburi_tobu,Hokkaido0678,0.5,540,784,562,14498,64.41582241184587,0.5132766230567705,0.6022040526123785
E1,q2_x3_resunet_pooled_seed2026,pooled,intervention,2026,1120,na,hokkaido_iburi_tobu,Hokkaido0679,0.5,1140,540,840,13864,18.649355110456955,0.6467891149503839,0.7808354716272476
E1,q2_x3_resunet_pooled_seed2026,pooled,intervention,2026,1120,na,hokkaido_iburi_tobu,Hokkaido0680,0.5,1430,644,1336,12974,12.854686356149273,0.6294558670287826,0.7968228138111584
E1,q2_x3_resunet_pooled_seed2026,pooled,intervention,2026,1120,na,hokkaido_iburi_tobu,Hokkaido0681,0.5,2071,848,1117,12348,21.03390084334395,0.607638333088538,0.7715382906466274
E1,q2_x3_resunet_pooled_seed2026,pooled,intervention,2026,1120,na,hokkaido_iburi_tobu,Hokkaido0682,0.5,1868,623,1506,12387,33.806775107386315,0.5127100379180921,0.7177750821702678
E1,q2_x3_resunet_pooled_seed2026,pooled,intervention,2026,1120,na,hokkaido_iburi_tobu,Hokkaido0683,0.5,1323,519,1636,12906,18.027756377319946,0.48202692516506745,0.6632825753389189
E1,q2_x3_resunet_pooled_seed2026,pooled,intervention,2026,1120,na,hokkaido_iburi_tobu,Hokkaido0684,0.5,2285,1627,1421,11051,15.0,0.6229991220005606,0.7677548403752675
E1,q2_x3_resunet_pooled_seed2026,pooled,intervention,2026,1120,na,hokkaido_iburi_tobu,Hokkaido0685,0.5,1719,484,1641,12540,13.003840481040527,0.5874432086832024,0.7936021499407998
E1,q2_x3_resunet_pooled_seed2026,pooled,intervention,2026,1120,na,hokkaido_iburi_tobu,Hokkaido0686,0.5,599,233,654,14898,32.00078105935821,0.5724935464822345,0.7485669739069908
E1,q2_x3_resunet_pooled_seed2026,pooled,intervention,2026,1120,na,hokkaido_iburi_tobu,Hokkaido0687,0.5,312,241,410,15421,38.39915195840814,0.4947624253096703,0.6279382135656518
E1,q2_x3_resunet_pooled_seed2026,pooled,intervention,2026,1120,na,hokkaido_iburi_tobu,Hokkaido0688,0.5,359,331,525,15169,46.00597755472015,0.42053741541241746,0.5615526802213116
E1,q2_x3_resunet_pooled_seed2026,pooled,intervention,2026,1120,na,hokkaido_iburi_tobu,Hokkaido0689,0.5,789,539,561,14495,28.054037986456215,0.6660355596825488,0.7945433823192156
E1,q2_x3_resunet_pooled_seed2026,pooled,intervention,2026,1120,na,hokkaido_iburi_tobu,Hokkaido0690,0.5,1474,886,1378,12646,15.565961851743484,0.6825714943235512,0.8242280458170582
E1,q2_x3_resunet_pooled_seed2026,pooled,intervention,2026,1120,na,hokkaido_iburi_tobu,Hokkaido0691,0.5,2313,467,2054,11550,11.40175425099138,0.6757680751074033,0.8280132638333191
E1,q2_x3_resunet_pooled_seed2026,pooled,intervention,2026,1120,na,hokkaido_iburi_tobu,Hokkaido0692,0.5,2956,496,2090,10842,12.08097340385445,0.6897020419282321,0.853199183333996
E1,q2_x3_resunet_pooled_seed2026,pooled,intervention,2026,1120,na,hokkaido_iburi_tobu,Hokkaido0693,0.5,2071,246,2478,11589,21.213203435596427,0.557633545026593,0.7182656498641722
E1,q2_x3_resunet_pooled_seed2026,pooled,intervention,2026,1120,na,hokkaido_iburi_tobu,Hokkaido0694,0.5,2562,481,1459,11882,22.67156809750927,0.6079051699967445,0.764241164240692
E1,q2_x3_resunet_pooled_seed2026,pooled,intervention,2026,1120,na,hokkaido_iburi_tobu,Hokkaido0695,0.5,2307,526,1283,12268,19.253494439398953,0.6315642195543869,0.7962743758006767
E1,q2_x3_resunet_pooled_seed2026,pooled,intervention,2026,1120,na,hokkaido_iburi_tobu,Hokkaido0696,0.5,1547,342,1524,12971,16.55294535724685,0.6813853962196292,0.8155347998498305
E1,q2_x3_resunet_pooled_seed2026,pooled,intervention,2026,1120,na,hokkaido_iburi_tobu,Hokkaido0697,0.5,1418,269,1622,13075,16.52571007259755,0.6091636894108355,0.7628240773925259
E1,q2_x3_resunet_pooled_seed2026,pooled,intervention,2026,1120,na,hokkaido_iburi_tobu,Hokkaido0698,0.5,931,324,870,14259,22.80350850198276,0.6058403675150009,0.7631171182668568
E1,q2_x3_resunet_pooled_seed2026,pooled,intervention,2026,1120,na,hokkaido_iburi_tobu,Hokkaido0699,0.5,443,204,640,15097,16.678985279383884,0.6547277061299684,0.8020071085088181
E1,q2_x3_resunet_pooled_seed2026,pooled,intervention,2026,1120,na,hokkaido_iburi_tobu,Hokkaido0700,0.5,907,482,1259,13736,11.40175425099138,0.6592809223115721,0.8072474942169434
E1,q2_x3_resunet_pooled_seed2026,pooled,intervention,2026,1120,na,hokkaido_iburi_tobu,Hokkaido0701,0.5,756,449,1070,14109,17.308096303995782,0.6707608502043682,0.8130298973667641
E1,q2_x3_resunet_pooled_seed2026,pooled,intervention,2026,1120,na,hokkaido_iburi_tobu,Hokkaido0702,0.5,237,208,561,15378,24.10391485498573,0.5861339107432,0.7176084900154586
E1,q2_x3_resunet_pooled_seed2026,pooled,intervention,2026,1120,na,hokkaido_iburi_tobu,Hokkaido0703,0.5,239,141,907,15097,35.141972456823495,0.43994371859257964,0.5677669239308674
E1,q2_x3_resunet_pooled_seed2026,pooled,intervention,2026,1120,na,hokkaido_iburi_tobu,Hokkaido0704,0.5,167,55,950,15212,26.90724809414742,0.3668541272418915,0.4995442114854957
E1,q2_x3_resunet_pooled_seed2026,pooled,intervention,2026,1120,na,hokkaido_iburi_tobu,Hokkaido0705,0.5,41,11,279,16053,21.493950635877752,0.3749999999996953,0.5100286532947489
E1,q2_x3_resunet_pooled_seed2026,pooled,intervention,2026,1120,na,hokkaido_iburi_tobu,Hokkaido0707,0.5,56,55,214,16059,94.29115769215744,0.4107126135401808,0.6542604040528313
E1,q2_x3_resunet_pooled_seed2026,pooled,intervention,2026,1120,na,hokkaido_iburi_tobu,Hokkaido0708,0.5,329,653,296,15106,44.00140728311627,0.5745596067180585,0.7000855719563479
E1,q2_x3_resunet_pooled_seed2026,pooled,intervention,2026,1120,na,hokkaido_iburi_tobu,Hokkaido0709,0.5,234,1336,328,14486,52.55678199556654,0.38741721854255956,0.4879203835464107
E1,q2_x3_resunet_pooled_seed2026,pooled,intervention,2026,1120,na,hokkaido_iburi_tobu,Hokkaido0710,0.5,110,992,292,14990,75.21634073237875,0.25443996320622264,0.3623402274838608
E1,q2_x3_resunet_pooled_seed2026,pooled,intervention,2026,1120,na,hokkaido_iburi_tobu,Hokkaido0711,0.5,337,986,892,14169,49.11312384811224,0.2687655980029559,0.3792840217621458
E1,q2_x3_resunet_pooled_seed2026,pooled,intervention,2026,1120,na,hokkaido_iburi_tobu,Hokkaido0712,0.5,685,953,1038,13708,42.26816908318475,0.4369586375284389,0.5359387132662845
E1,q2_x3_resunet_pooled_seed2026,pooled,intervention,2026,1120,na,hokkaido_iburi_tobu,Hokkaido0713,0.5,863,757,668,14096,42.58499464008495,0.5367326792430196,0.6645386091551769
E1,q2_x3_resunet_pooled_seed2026,pooled,intervention,2026,1120,na,hokkaido_iburi_tobu,Hokkaido0714,0.5,467,613,442,14862,32.569777852447764,0.5120632480504553,0.6281891289806654
E1,q2_x3_resunet_pooled_seed2026,pooled,intervention,2026,1120,na,hokkaido_iburi_tobu,Hokkaido0715,0.5,81,792,375,15136,53.823786563191554,0.25703106711652857,0.34192037470680997
E1,q2_x3_resunet_pooled_seed2026,pooled,intervention,2026,1120,na,hokkaido_iburi_tobu,Hokkaido0716,0.5,484,1140,283,14477,43.68479444331914,0.4041753653439684,0.47290238853624456
E1,q2_x3_resunet_pooled_seed2026,pooled,intervention,2026,1120,na,hokkaido_iburi_tobu,Hokkaido0717,0.5,866,174,594,14750,42.61450796571256,0.563515363608606,0.7352830874499705
E1,q2_x3_resunet_pooled_seed2026,pooled,intervention,2026,1120,na,hokkaido_iburi_tobu,Hokkaido0718,0.5,742,225,626,14791,14.298349423971715,0.5176735949660455,0.7567680685277383
E1,q2_x3_resunet_pooled_seed2026,pooled,intervention,2026,1120,na,hokkaido_iburi_tobu,Hokkaido0719,0.5,578,784,675,14347,36.883231082882425,0.5009345794387567,0.6565946290800967
E1,q2_x3_resunet_pooled_seed2026,pooled,intervention,2026,1120,na,hokkaido_iburi_tobu,Hokkaido0720,0.5,1398,729,797,13460,29.20544116985274,0.5907050517820972,0.7353172798181025
E1,q2_x3_resunet_pooled_seed2026,pooled,intervention,2026,1120,na,hokkaido_iburi_tobu,Hokkaido0721,0.5,1448,446,988,13502,14.406547496069006,0.5823725902016832,0.7654318810933664
E1,q2_x3_resunet_pooled_seed2026,pooled,intervention,2026,1120,na,hokkaido_iburi_tobu,Hokkaido0722,0.5,807,1072,659,13846,63.997655391063894,0.5107768199768384,0.6764842579589928
E1,q2_x3_resunet_pooled_seed2026,pooled,intervention,2026,1120,na,hokkaido_iburi_tobu,Hokkaido0723,0.5,150,1274,413,14547,77.50773164704579,0.21592891344770396,0.2667121359176807
E1,q2_x3_resunet_pooled_seed2026,pooled,intervention,2026,1120,na,hokkaido_iburi_tobu,Hokkaido0724,0.5,1012,1022,715,13635,57.8013840664737,0.505327124930447,0.5962225775781648
E1,q2_x3_resunet_pooled_seed2026,pooled,intervention,2026,1120,na,hokkaido_iburi_tobu,Hokkaido0725,0.5,2340,849,1672,11523,35.4682957019364,0.5382938821020079,0.7200356353090153
E1,q2_x3_resunet_pooled_seed2026,pooled,intervention,2026,1120,na,hokkaido_iburi_tobu,Hokkaido0726,0.5,1864,528,1534,12458,27.0,0.5432349665919516,0.709155312799045
E1,q2_x3_resunet_pooled_seed2026,pooled,intervention,2026,1120,na,hokkaido_iburi_tobu,Hokkaido0727,0.5,736,1715,138,13795,91.00988652954335,0.2887999728727718,0.3639985512492282
E1,q2_x3_resunet_pooled_seed2026,pooled,intervention,2026,1120,na,hokkaido_iburi_tobu,Hokkaido0728,0.5,100,1778,115,14391,80.24492987330859,0.09943245387395884,0.10569281056578521
E1,q2_x3_resunet_pooled_seed2026,pooled,intervention,2026,1120,na,hokkaido_iburi_tobu,Hokkaido0729,0.5,489,676,246,14973,91.423210571145,0.3855563365047015,0.4820140234802462
E1,q2_x3_resunet_pooled_seed2026,pooled,intervention,2026,1120,na,hokkaido_iburi_tobu,Hokkaido0730,0.5,1304,637,507,13936,45.958669663202116,0.6045310320057675,0.7268494529729852
E1,q2_x3_resunet_pooled_seed2026,pooled,intervention,2026,1120,na,hokkaido_iburi_tobu,Hokkaido0731,0.5,1184,1741,267,13192,50.99656829757475,0.46242389966351655,0.5142271759728827
E1,q2_x3_resunet_pooled_seed2026,pooled,intervention,2026,1120,na,hokkaido_iburi_tobu,Hokkaido0732,0.5,127,2142,56,14059,101.4048794854306,0.12486145355000981,0.13883472755082146
E1,q2_x3_resunet_pooled_seed2026,pooled,intervention,2026,1120,na,hokkaido_iburi_tobu,Hokkaido0733,0.5,541,1745,400,13698,76.51666056512259,0.37741858145364093,0.41443780836106453
E1,q2_x3_resunet_pooled_seed2026,pooled,intervention,2026,1120,na,hokkaido_iburi_tobu,Hokkaido0734,0.5,1954,526,1906,11998,18.747165775797463,0.6275431305267524,0.7837409632213008
E1,q2_x3_resunet_pooled_seed2026,pooled,intervention,2026,1120,na,hokkaido_iburi_tobu,Hokkaido0735,0.5,1692,295,3435,10962,21.890590060232395,0.47537533805026594,0.6975543625821315
E1,q2_x3_resunet_pooled_seed2026,pooled,intervention,2026,1120,na,hokkaido_iburi_tobu,Hokkaido0736,0.5,1138,371,1860,13015,18.027756377319946,0.5411131412504423,0.7537228301401904
E1,q2_x3_resunet_pooled_seed2026,pooled,intervention,2026,1120,na,hokkaido_iburi_tobu,Hokkaido0737,0.5,599,424,1022,14339,32.972606217493365,0.5557897459499953,0.698729239255817
E1,q2_x3_resunet_pooled_seed2026,pooled,intervention,2026,1120,na,hokkaido_iburi_tobu,Hokkaido0738,0.5,562,227,1135,14460,38.13916697393,0.5461903923979428,0.7077820076061957
E1,q2_x3_resunet_pooled_seed2026,pooled,intervention,2026,1120,na,hokkaido_iburi_tobu,Hokkaido0739,0.5,745,911,745,13983,28.952284441553086,0.572218382860592,0.7122349758373376
E1,q2_x3_resunet_pooled_seed2026,pooled,intervention,2026,1120,na,hokkaido_iburi_tobu,Hokkaido0740,0.5,972,913,897,13602,19.924528641567967,0.5545148052080339,0.7095914323452258
E1,q2_x3_resunet_pooled_seed2026,pooled,intervention,2026,1120,na,hokkaido_iburi_tobu,Hokkaido0741,0.5,1397,786,1436,12765,15.251220998175372,0.596122002029314,0.7220041122845303
E1,q2_x3_resunet_pooled_seed2026,pooled,intervention,2026,1120,na,hokkaido_iburi_tobu,Hokkaido0742,0.5,1474,364,2042,12504,14.422205101855956,0.6141604762968855,0.767281940550892
E1,q2_x3_resunet_pooled_seed2026,pooled,intervention,2026,1120,na,hokkaido_iburi_tobu,Hokkaido0743,0.5,1683,339,2348,12014,22.0,0.5783970401157461,0.7516303587214389
E1,q2_x3_resunet_pooled_seed2026,pooled,intervention,2026,1120,na,hokkaido_iburi_tobu,Hokkaido0744,0.5,1437,280,2491,12176,19.110193151430583,0.5651990626363363,0.7256203072281414
E1,q2_x3_resunet_pooled_seed2026,pooled,intervention,2026,1120,na,hokkaido_iburi_tobu,Hokkaido0745,0.5,926,161,2659,12638,19.0,0.46330417907685223,0.6268644733593187
E1,q2_x3_resunet_pooled_seed2026,pooled,intervention,2026,1120,na,hokkaido_iburi_tobu,Hokkaido0746,0.5,1547,545,1824,12468,13.93196886332491,0.6628321350417408,0.8265625310777542
E1,q2_x3_resunet_pooled_seed2026,pooled,intervention,2026,1120,na,hokkaido_iburi_tobu,Hokkaido0747,0.5,1260,295,2317,12512,25.475470845339817,0.5595141815793842,0.6964788732389826
E1,q2_x3_resunet_pooled_seed2026,pooled,intervention,2026,1120,na,hokkaido_iburi_tobu,Hokkaido0748,0.5,928,278,1874,13304,16.0,0.49466831137578665,0.6798690175515175
E1,q2_x3_resunet_pooled_seed2026,pooled,intervention,2026,1120,na,hokkaido_iburi_tobu,Hokkaido0749,0.5,394,257,824,14909,27.202941017470888,0.54479956522821,0.7078117091272621
E1,q2_x3_resunet_pooled_seed2026,pooled,intervention,2026,1120,na,hokkaido_iburi_tobu,Hokkaido0750,0.5,440,326,1282,14336,19.71547272739888,0.5532312558402769,0.7213983050842846
E1,q2_x3_resunet_pooled_seed2026,pooled,intervention,2026,1120,na,hokkaido_iburi_tobu,Hokkaido0751,0.5,507,302,1532,14043,26.91282087660495,0.5234536989941547,0.6694483078345105
E1,q2_x3_resunet_pooled_seed2026,pooled,intervention,2026,1120,na,hokkaido_iburi_tobu,Hokkaido0752,0.5,355,261,687,15081,36.23509002038716,0.6064109832003124,0.7397710711024487
E1,q2_x3_resunet_pooled_seed2026,pooled,intervention,2026,1120,na,hokkaido_iburi_tobu,Hokkaido0753,0.5,215,155,764,15250,28.87808122927971,0.44203823584279767,0.5652349938386622
E1,q2_x3_resunet_pooled_seed2026,pooled,intervention,2026,1120,na,hokkaido_iburi_tobu,Hokkaido0754,0.5,265,98,1134,14887,26.248809496813376,0.43681323676440176,0.5608953258718808
E1,q2_x3_resunet_pooled_seed2026,pooled,intervention,2026,1120,na,hokkaido_iburi_tobu,Hokkaido0755,0.5,173,57,594,15560,18.0,0.49098194588228605,0.622273249138492
E1,q2_x3_resunet_pooled_seed2026,pooled,intervention,2026,1120,na,hokkaido_iburi_tobu,Hokkaido0758,0.5,596,109,440,15239,40.5092563206714,0.6361422017658378,0.8391691050781693
E1,q2_x3_resunet_pooled_seed2026,pooled,intervention,2026,1120,na,hokkaido_iburi_tobu,Hokkaido0759,0.5,320,174,351,15539,27.2024721048524,0.6294202368919586,0.8012004535799735
E1,q2_x3_resunet_pooled_seed2026,pooled,intervention,2026,1120,na,hokkaido_iburi_tobu,Hokkaido0760,0.5,206,279,334,15565,100.72239075796404,0.4727022001206845,0.5799165734047317
E1,q2_x3_resunet_pooled_seed2026,pooled,intervention,2026,1120,na,hokkaido_iburi_tobu,Hokkaido0761,0.5,1061,757,937,13629,20.774579061927987,0.5489932885901206,0.7064782397715984
E1,q2_x3_resunet_pooled_seed2026,pooled,intervention,2026,1120,na,hokkaido_iburi_tobu,Hokkaido0762,0.5,1324,248,2796,12016,24.08318915758459,0.5173802565102706,0.6841726668503989
E1,q2_x3_resunet_pooled_seed2026,pooled,intervention,2026,1120,na,hokkaido_iburi_tobu,Hokkaido0763,0.5,940,954,1938,12552,19.110193151430583,0.5341089131315581,0.6695188419382043
E1,q2_x3_resunet_pooled_seed2026,pooled,intervention,2026,1120,na,hokkaido_iburi_tobu,Hokkaido0764,0.5,629,948,762,14045,21.953359090068204,0.5919868734276068,0.7090009582594824
E1,q2_x3_resunet_pooled_seed2026,pooled,intervention,2026,1120,na,hokkaido_iburi_tobu,Hokkaido0765,0.5,472,694,855,14363,42.49522574959545,0.4484161812809176,0.6007880654536751
E1,q2_x3_resunet_pooled_seed2026,pooled,intervention,2026,1120,na,hokkaido_iburi_tobu,Hokkaido0766,0.5,370,1371,411,14232,44.51732251613706,0.28515617133488763,0.3886554621844256
E1,q2_x3_resunet_pooled_seed2026,pooled,intervention,2026,1120,na,hokkaido_iburi_tobu,Hokkaido0767,0.5,1328,241,1303,13512,39.161570974827335,0.45806066956900604,0.6924168845718104
E1,q2_x3_resunet_pooled_seed2026,pooled,intervention,2026,1120,na,hokkaido_iburi_tobu,Hokkaido0768,0.5,1705,219,667,13793,13.942602383502495,0.6456105446401517,0.8429796413350022
E1,q2_x3_resunet_pooled_seed2026,pooled,intervention,2026,1120,na,hokkaido_iburi_tobu,Hokkaido0769,0.5,208,1054,187,14935,87.06825238821584,0.3349445550180849,0.4197479429222147
E1,q2_x3_resunet_pooled_seed2026,pooled,intervention,2026,1120,na,hokkaido_iburi_tobu,Hokkaido0770,0.5,597,493,995,14299,71.15826725694505,0.3543061403769499,0.44903508981128987
E1,q2_x3_resunet_pooled_seed2026,pooled,intervention,2026,1120,na,hokkaido_iburi_tobu,Hokkaido0771,0.5,987,169,1367,13861,57.982756057296896,0.37469187655738045,0.5393666472976264
E1,q2_x3_resunet_pooled_seed2026,pooled,intervention,2026,1120,na,hokkaido_iburi_tobu,Hokkaido0772,0.5,649,1337,332,14066,76.85925097345398,0.2335576833877263,0.30527770759291717
E1,q2_x3_resunet_pooled_seed2026,pooled,intervention,2026,1120,na,hokkaido_iburi_tobu,Hokkaido0774,0.5,106,2542,88,13648,108.01967401618063,0.09873134328344652,0.1292750415051257
E1,q2_x3_resunet_pooled_seed2026,pooled,intervention,2026,1120,na,hokkaido_iburi_tobu,Hokkaido0775,0.5,1552,2316,518,11998,55.27919685861964,0.38950912368576013,0.5097287912346387
E1,q2_x3_resunet_pooled_seed2026,pooled,intervention,2026,1120,na,hokkaido_iburi_tobu,Hokkaido0776,0.5,2605,1008,996,11775,14.648175822848799,0.5440628066727118,0.7044510851737883
E1,q2_x3_resunet_pooled_seed2026,pooled,intervention,2026,1120,na,hokkaido_iburi_tobu,Hokkaido0777,0.5,1481,1515,304,13084,58.724763169628645,0.4689681589653018,0.5865387635327971
E1,q2_x3_resunet_pooled_seed2026,pooled,intervention,2026,1120,na,hokkaido_iburi_tobu,Hokkaido0778,0.5,0,1502,60,14822,97.0,0.0,0.0
E1,q2_x3_resunet_pooled_seed2026,pooled,intervention,2026,1120,na,hokkaido_iburi_tobu,Hokkaido0779,0.5,236,1683,92,14373,75.47337467109824,0.1076899112101868,0.1272084805652158
E1,q2_x3_resunet_pooled_seed2026,pooled,intervention,2026,1120,na,hokkaido_iburi_tobu,Hokkaido0780,0.5,233,1681,95,14375,62.194047371105974,0.11862043320610902,0.1455834578848786
E1,q2_x3_resunet_pooled_seed2026,pooled,intervention,2026,1120,na,hokkaido_iburi_tobu,Hokkaido0781,0.5,0,1438,114,14832,102.99483501008959,0.0,0.0
E1,q2_x3_resunet_pooled_seed2026,pooled,intervention,2026,1120,na,hokkaido_iburi_tobu,Hokkaido0782,0.5,575,985,646,14178,53.122469875497444,0.46058077187019025,0.5175990779319534
E1,q2_x3_resunet_pooled_seed2026,pooled,intervention,2026,1120,na,hokkaido_iburi_tobu,Hokkaido0783,0.5,1847,407,1873,12257,19.144096440681356,0.5904476670251491,0.7472011213644343
E1,q2_x3_resunet_pooled_seed2026,pooled,intervention,2026,1120,na,hokkaido_iburi_tobu,Hokkaido0784,0.5,1840,241,3260,11043,15.811388300841896,0.451695204234664,0.6538159741135261
E1,q2_x3_resunet_pooled_seed2026,pooled,intervention,2026,1120,na,hokkaido_iburi_tobu,Hokkaido0785,0.5,1391,400,2551,12042,18.24828759089466,0.5435788807006876,0.742868177840495
E1,q2_x3_resunet_pooled_seed2026,pooled,intervention,2026,1120,na,hokkaido_iburi_tobu,Hokkaido0786,0.5,1063,386,2579,12356,18.35755975068582,0.5064028104889267,0.6755070529424175
E1,q2_x3_resunet_pooled_seed2026,pooled,intervention,2026,1120,na,hokkaido_iburi_tobu,Hokkaido0787,0.5,972,226,3140,12046,13.92838827718412,0.4775959427984311,0.6715641261091345
E1,q2_x3_resunet_pooled_seed2026,pooled,intervention,2026,1120,na,hokkaido_iburi_tobu,Hokkaido0788,0.5,1085,510,1785,13004,11.0,0.6118088154216738,0.8236552117782648
E1,q2_x3_resunet_pooled_seed2026,pooled,intervention,2026,1120,na,hokkaido_iburi_tobu,Hokkaido0789,0.5,1057,297,1069,13961,26.176319898615226,0.6208202962031164,0.7965964106839901
E1,q2_x3_resunet_pooled_seed2026,pooled,intervention,2026,1120,na,hokkaido_iburi_tobu,Hokkaido0790,0.5,1031,246,1136,13971,11.635888835820673,0.661459407295732,0.8454941094303148
E1,q2_x3_resunet_pooled_seed2026,pooled,intervention,2026,1120,na,hokkaido_iburi_tobu,Hokkaido0791,0.5,846,217,1545,13776,18.601075237738275,0.597131832056224,0.7714905180536435
E1,q2_x3_resunet_pooled_seed2026,pooled,intervention,2026,1120,na,hokkaido_iburi_tobu,Hokkaido0792,0.5,1303,238,2309,12534,27.311125358670306,0.5745521612446457,0.7697408780570674
E1,q2_x3_resunet_pooled_seed2026,pooled,intervention,2026,1120,na,hokkaido_iburi_tobu,Hokkaido0793,0.5,1267,174,3765,11178,15.0,0.48125813681471385,0.6830819674025842
E1,q2_x3_resunet_pooled_seed2026,pooled,intervention,2026,1120,na,hokkaido_iburi_tobu,Hokkaido0794,0.5,917,108,4353,11006,18.439088914585774,0.3952524703275971,0.5711785297545511
E1,q2_x3_resunet_pooled_seed2026,pooled,intervention,2026,1120,na,hokkaido_iburi_tobu,Hokkaido0795,0.5,1575,359,3363,11087,12.36931687685298,0.5476147411666286,0.7531863905606562
E1,q2_x3_resunet_pooled_seed2026,pooled,intervention,2026,1120,na,hokkaido_iburi_tobu,Hokkaido0796,0.5,1399,216,3098,11671,12.529964086141668,0.5217839715859672,0.7282282469888789
E1,q2_x3_resunet_pooled_seed2026,pooled,intervention,2026,1120,na,hokkaido_iburi_tobu,Hokkaido0797,0.5,1205,247,2596,12336,11.40175425099138,0.574937554050938,0.7804145730189412
E1,q2_x3_resunet_pooled_seed2026,pooled,intervention,2026,1120,na,hokkaido_iburi_tobu,Hokkaido0798,0.5,698,268,1563,13855,16.315540257326806,0.5475168920636203,0.7165532879813995
E1,q2_x3_resunet_pooled_seed2026,pooled,intervention,2026,1120,na,hokkaido_iburi_tobu,Hokkaido0799,0.5,248,145,1111,14880,23.36233785342999,0.48412356833406267,0.6388105667829899
E1,q2_x3_resunet_pooled_seed2026,pooled,intervention,2026,1120,na,hokkaido_iburi_tobu,Hokkaido0800,0.5,259,130,1395,14600,20.58261061703071,0.42223947608242224,0.5586784670055691
E1,q2_x3_resunet_pooled_seed2026,pooled,intervention,2026,1120,na,hokkaido_iburi_tobu,Hokkaido0801,0.5,536,268,1257,14323,23.08679276123039,0.5694714272767917,0.7136812411843082
E1,q2_x3_resunet_pooled_seed2026,pooled,intervention,2026,1120,na,hokkaido_iburi_tobu,Hokkaido0802,0.5,389,175,907,14913,20.444873611271852,0.5529167285137572,0.6953238027508178
E1,q2_x3_resunet_pooled_seed2026,pooled,intervention,2026,1120,na,hokkaido_iburi_tobu,Hokkaido0803,0.5,172,69,589,15554,42.6584382354369,0.4834010365593479,0.5838718920119192
E1,q2_x3_resunet_pooled_seed2026,pooled,intervention,2026,1120,na,hokkaido_iburi_tobu,Hokkaido0804,0.5,131,36,368,15849,34.09543453180241,0.5156929019793263,0.6183745583034597
E1,q2_x3_resunet_pooled_seed2026,pooled,intervention,2026,1120,na,hokkaido_iburi_tobu,Hokkaido0806,0.5,237,23,348,15776,51.586790213360956,0.29118225719861024,0.696041361215669
E1,q2_x3_resunet_pooled_seed2026,pooled,intervention,2026,1120,na,hokkaido_iburi_tobu,Hokkaido0807,0.5,58,84,148,16094,12.73575470270864,0.5818079809238464,0.8017241379305541
E1,q2_x3_resunet_pooled_seed2026,pooled,intervention,2026,1120,na,hokkaido_iburi_tobu,Hokkaido0808,0.5,131,8,271,15974,114.06138698087096,0.5866007128823535,0.7281891275646344
E1,q2_x3_resunet_pooled_seed2026,pooled,intervention,2026,1120,na,hokkaido_iburi_tobu,Hokkaido0809,0.5,813,87,903,14581,12.09116677151395,0.6591384602308478,0.8079290078240201
E1,q2_x3_resunet_pooled_seed2026,pooled,intervention,2026,1120,na,hokkaido_iburi_tobu,Hokkaido0810,0.5,820,79,2652,12833,17.239466114613336,0.4579320370702995,0.6162036067824742
E1,q2_x3_resunet_pooled_seed2026,pooled,intervention,2026,1120,na,hokkaido_iburi_tobu,Hokkaido0811,0.5,764,866,2135,12619,20.77968345889534,0.4653905956780458,0.6205599140935917
E1,q2_x3_resunet_pooled_seed2026,pooled,intervention,2026,1120,na,hokkaido_iburi_tobu,Hokkaido0812,0.5,613,861,1492,13418,21.479030408543885,0.4754409401875446,0.6387213719154086
E1,q2_x3_resunet_pooled_seed2026,pooled,intervention,2026,1120,na,hokkaido_iburi_tobu,Hokkaido0813,0.5,437,855,1233,13859,28.42005399259922,0.4236244161185743,0.5755515508041349
E1,q2_x3_resunet_pooled_seed2026,pooled,intervention,2026,1120,na,hokkaido_iburi_tobu,Hokkaido0814,0.5,44,883,363,15094,38.07886552931954,0.2100015909206901,0.27417655734211815
E1,q2_x3_resunet_pooled_seed2026,pooled,intervention,2026,1120,na,hokkaido_iburi_tobu,Hokkaido0815,0.5,1395,238,422,14329,24.17746666092772,0.6894731209640833,0.8534598149328656
E1,q2_x3_resunet_pooled_seed2026,pooled,intervention,2026,1120,na,hokkaido_iburi_tobu,Hokkaido0816,0.5,1560,413,590,13821,15.552896056718218,0.6007882327028139,0.7908795321313465
E1,q2_x3_resunet_pooled_seed2026,pooled,intervention,2026,1120,na,hokkaido_iburi_tobu,Hokkaido0817,0.5,683,864,819,14018,23.43607180592794,0.3996213081768781,0.4804354746731953
E1,q2_x3_resunet_pooled_seed2026,pooled,intervention,2026,1120,na,hokkaido_iburi_tobu,Hokkaido0818,0.5,1238,925,1111,13110,31.309742037517434,0.4276514503898844,0.5419486712585818
E1,q2_x3_resunet_pooled_seed2026,pooled,intervention,2026,1120,na,hokkaido_iburi_tobu,Hokkaido0819,0.5,915,598,844,14027,35.025503351942746,0.33327137343183266,0.49887278816342634
E1,q2_x3_resunet_pooled_seed2026,pooled,intervention,2026,1120,na,hokkaido_iburi_tobu,Hokkaido0820,0.5,259,1408,325,14392,50.30633546823969,0.03744435716120851,0.10029850746241777
E1,q2_x3_resunet_pooled_seed2026,pooled,intervention,2026,1120,na,hokkaido_iburi_tobu,Hokkaido0821,0.5,151,3126,153,12954,55.508087386077676,0.12336476839179444,0.16990756371510377
E1,q2_x3_resunet_pooled_seed2026,pooled,intervention,2026,1120,na,hokkaido_iburi_tobu,Hokkaido0822,0.5,210,2461,216,13497,63.45961160776975,0.22056457510570762,0.2797363992473364
E1,q2_x3_resunet_pooled_seed2026,pooled,intervention,2026,1120,na,hokkaido_iburi_tobu,Hokkaido0823,0.5,1324,1974,1060,12026,31.53945316962711,0.5012076763380574,0.6716966035666282
E1,q2_x3_resunet_pooled_seed2026,pooled,intervention,2026,1120,na,hokkaido_iburi_tobu,Hokkaido0824,0.5,2313,755,3048,10268,18.027756377319946,0.4455590638070564,0.6375774985588918
E1,q2_x3_resunet_pooled_seed2026,pooled,intervention,2026,1120,na,hokkaido_iburi_tobu,Hokkaido0825,0.5,2390,725,1505,11764,14.126165607314029,0.5343864141860083,0.733268673352671
E1,q2_x3_resunet_pooled_seed2026,pooled,intervention,2026,1120,na,hokkaido_iburi_tobu,Hokkaido0826,0.5,628,782,696,14278,87.00517224296235,0.49258112292935724,0.7161158925164174
E1,q2_x3_resunet_pooled_seed2026,pooled,intervention,2026,1120,na,hokkaido_iburi_tobu,Hokkaido0827,0.5,675,889,471,14349,95.43531374148192,0.5320866077537747,0.6822899008520754
E1,q2_x3_resunet_pooled_seed2026,pooled,intervention,2026,1120,na,hokkaido_iburi_tobu,Hokkaido0828,0.5,1031,918,724,13711,67.25581356933822,0.5699637817872751,0.6839870597038011
E1,q2_x3_resunet_pooled_seed2026,pooled,intervention,2026,1120,na,hokkaido_iburi_tobu,Hokkaido0829,0.5,1129,741,877,13637,58.758757553351835,0.5934963273259322,0.7346243309324739
E1,q2_x3_resunet_pooled_seed2026,pooled,intervention,2026,1120,na,hokkaido_iburi_tobu,Hokkaido0830,0.5,688,493,721,14482,69.17223841424352,0.4882692488137145,0.6462870854742216
E1,q2_x3_resunet_pooled_seed2026,pooled,intervention,2026,1120,na,hokkaido_iburi_tobu,Hokkaido0831,0.5,1185,571,1391,13237,38.58884259909258,0.5535524920461931,0.7302912280770997
E1,q2_x3_resunet_pooled_seed2026,pooled,intervention,2026,1120,na,hokkaido_iburi_tobu,Hokkaido0832,0.5,2128,299,2529,11428,17.00293863659264,0.5429784191944097,0.7277714677577063
E1,q2_x3_resunet_pooled_seed2026,pooled,intervention,2026,1120,na,hokkaido_iburi_tobu,Hokkaido0833,0.5,2799,405,2785,10395,17.0,0.5003933497397034,0.7295537669656853
E1,q2_x3_resunet_pooled_seed2026,pooled,intervention,2026,1120,na,hokkaido_iburi_tobu,Hokkaido0834,0.5,2002,341,2268,11773,15.270881726134663,0.5461359874694347,0.7346342921806219
E1,q2_x3_resunet_pooled_seed2026,pooled,intervention,2026,1120,na,hokkaido_iburi_tobu,Hokkaido0835,0.5,961,271,2899,12253,19.0,0.49680474349318104,0.6732099861609785
E1,q2_x3_resunet_pooled_seed2026,pooled,intervention,2026,1120,na,hokkaido_iburi_tobu,Hokkaido0836,0.5,1497,294,3807,10786,14.866068747318506,0.47690569701066843,0.6738968949631314
E1,q2_x3_resunet_pooled_seed2026,pooled,intervention,2026,1120,na,hokkaido_iburi_tobu,Hokkaido0837,0.5,1410,350,2690,11934,13.45362404707371,0.5441531473673469,0.7333144825992566
E1,q2_x3_resunet_pooled_seed2026,pooled,intervention,2026,1120,na,hokkaido_iburi_tobu,Hokkaido0838,0.5,675,172,1752,13785,19.738147005689385,0.4541559837891883,0.6837554630493262
E1,q2_x3_resunet_pooled_seed2026,pooled,intervention,2026,1120,na,hokkaido_iburi_tobu,Hokkaido0839,0.5,943,317,1208,13916,29.007756315692216,0.576290114023251,0.7514708478799419
E1,q2_x3_resunet_pooled_seed2026,pooled,intervention,2026,1120,na,hokkaido_iburi_tobu,Hokkaido0840,0.5,1015,241,1096,14032,12.666655108639826,0.6314553053667519,0.833349809340624
E1,q2_x3_resunet_pooled_seed2026,pooled,intervention,2026,1120,na,hokkaido_iburi_tobu,Hokkaido0841,0.5,951,224,2279,12930,19.270404796041827,0.5430458186827085,0.7199312415426465
E1,q2_x3_resunet_pooled_seed2026,pooled,intervention,2026,1120,na,hokkaido_iburi_tobu,Hokkaido0842,0.5,1303,410,3197,11474,20.615528128088304,0.45081435986356666,0.6431614458302232
E1,q2_x3_resunet_pooled_seed2026,pooled,intervention,2026,1120,na,hokkaido_iburi_tobu,Hokkaido0843,0.5,811,143,4532,10898,34.9857113690718,0.2588739166444976,0.40423539773836065
E1,q2_x3_resunet_pooled_seed2026,pooled,intervention,2026,1120,na,hokkaido_iburi_tobu,Hokkaido0844,0.5,1450,128,4234,10572,17.029386365926403,0.4491861313641499,0.6459832748333629
E1,q2_x3_resunet_pooled_seed2026,pooled,intervention,2026,1120,na,hokkaido_iburi_tobu,Hokkaido0845,0.5,1588,228,2759,11809,14.212670403551895,0.5541815476185968,0.7390218809590754
E1,q2_x3_resunet_pooled_seed2026,pooled,intervention,2026,1120,na,hokkaido_iburi_tobu,Hokkaido0846,0.5,1291,254,1826,13013,15.038268856975336,0.5909201068620794,0.7746527731368935
E1,q2_x3_resunet_pooled_seed2026,pooled,intervention,2026,1120,na,hokkaido_iburi_tobu,Hokkaido0847,0.5,905,202,1585,13692,15.581969489591986,0.6047985216090297,0.7372384937233839
E1,q2_x3_resunet_pooled_seed2026,pooled,intervention,2026,1120,na,hokkaido_iburi_tobu,Hokkaido0848,0.5,397,111,1152,14724,17.46424919657298,0.5356139584239658,0.6780207008259345
E1,q2_x3_resunet_pooled_seed2026,pooled,intervention,2026,1120,na,hokkaido_iburi_tobu,Hokkaido0849,0.5,243,73,1024,15044,23.010817848219666,0.4291333386126622,0.6109827161213007
E1,q2_x3_resunet_pooled_seed2026,pooled,intervention,2026,1120,na,hokkaido_iburi_tobu,Hokkaido0850,0.5,817,262,1562,13743,19.924858845171276,0.5988359659034515,0.7716072085320748
E1,q2_x3_resunet_pooled_seed2026,pooled,intervention,2026,1120,na,hokkaido_iburi_tobu,Hokkaido0851,0.5,729,226,1370,14059,19.40615984663562,0.6118170657449028,0.7866432827751316
E1,q2_x3_resunet_pooled_seed2026,pooled,intervention,2026,1120,na,hokkaido_iburi_tobu,Hokkaido0852,0.5,87,57,381,15859,59.21603857152904,0.42437431991257357,0.5324023565345959
E1,q2_x3_resunet_pooled_seed2026,pooled,intervention,2026,1120,na,hokkaido_iburi_tobu,Hokkaido0853,0.5,0,0,50,16334,181.01933598375618,0.0,0.0
E1,q2_x3_resunet_pooled_seed2026,pooled,intervention,2026,1120,na,hokkaido_iburi_tobu,Hokkaido0856,0.5,21,21,74,16268,13.769582422444216,0.5763975155275121,0.7407407407402743
E1,q2_x3_resunet_pooled_seed2026,pooled,intervention,2026,1120,na,hokkaido_iburi_tobu,Hokkaido0857,0.5,77,322,190,15795,79.10605329240268,0.27105882352899086,0.36338028168971864
E1,q2_x3_resunet_pooled_seed2026,pooled,intervention,2026,1120,na,hokkaido_iburi_tobu,Hokkaido0858,0.5,670,407,1219,14088,67.29017487787804,0.4975516015878008,0.592723351453076
E1,q2_x3_resunet_pooled_seed2026,pooled,intervention,2026,1120,na,hokkaido_iburi_tobu,Hokkaido0859,0.5,640,224,1401,14119,22.135874545094516,0.5417042210797572,0.6410658718058073
E1,q2_x3_resunet_pooled_seed2026,pooled,intervention,2026,1120,na,hokkaido_iburi_tobu,Hokkaido0860,0.5,473,1711,1208,12992,36.11924312211348,0.337734527942813,0.43287427809815354
E1,q2_x3_resunet_pooled_seed2026,pooled,intervention,2026,1120,na,hokkaido_iburi_tobu,Hokkaido0861,0.5,585,1210,1735,12854,31.981138830084163,0.38979687834034404,0.5501581421131942
E1,q2_x3_resunet_pooled_seed2026,pooled,intervention,2026,1120,na,hokkaido_iburi_tobu,Hokkaido0862,0.5,346,970,1215,13853,15.83024947075771,0.4110385074271344,0.591268387163822
E1,q2_x3_resunet_pooled_seed2026,pooled,intervention,2026,1120,na,hokkaido_iburi_tobu,Hokkaido0863,0.5,185,1591,425,14183,41.53057569160934,0.37033080088590054,0.505530307080412
E1,q2_x3_resunet_pooled_seed2026,pooled,intervention,2026,1120,na,hokkaido_iburi_tobu,Hokkaido0864,0.5,48,1182,225,14929,43.11669237033568,0.27856916745763083,0.3492626043210963
E1,q2_x3_resunet_pooled_seed2026,pooled,intervention,2026,1120,na,hokkaido_iburi_tobu,Hokkaido0865,0.5,455,675,406,14848,37.07086656710865,0.4029304029299161,0.5006531678636643
E1,q2_x3_resunet_pooled_seed2026,pooled,intervention,2026,1120,na,hokkaido_iburi_tobu,Hokkaido0866,0.5,708,238,960,14478,16.351719872298407,0.5235456257556377,0.6578045708469733
E1,q2_x3_resunet_pooled_seed2026,pooled,intervention,2026,1120,na,hokkaido_iburi_tobu,Hokkaido0867,0.5,494,474,479,14937,44.802272433866165,0.4873699851406593,0.5597938144324919
E1,q2_x3_resunet_pooled_seed2026,pooled,intervention,2026,1120,na,hokkaido_iburi_tobu,Hokkaido0868,0.5,294,357,208,15525,118.47150877940616,0.5938097827176471,0.6854822100844701
E1,q2_x3_resunet_pooled_seed2026,pooled,intervention,2026,1120,na,hokkaido_iburi_tobu,Hokkaido0869,0.5,520,967,443,14454,44.275195561675204,0.37258667982307847,0.4976671850694898
E1,q2_x3_resunet_pooled_seed2026,pooled,intervention,2026,1120,na,hokkaido_iburi_tobu,Hokkaido0870,0.5,286,1213,504,14381,37.94515231452708,0.3932883274036305,0.5135752952060857
E1,q2_x3_resunet_pooled_seed2026,pooled,intervention,2026,1120,na,hokkaido_iburi_tobu,Hokkaido0871,0.5,730,1530,753,13371,23.45626378992375,0.5410148309110854,0.6944736419053502
E1,q2_x3_resunet_pooled_seed2026,pooled,intervention,2026,1120,na,hokkaido_iburi_tobu,Hokkaido0872,0.5,1665,1318,3720,9681,26.0,0.33301970530760805,0.5329511257423022
E1,q2_x3_resunet_pooled_seed2026,pooled,intervention,2026,1120,na,hokkaido_iburi_tobu,Hokkaido0873,0.5,2520,672,6285,6907,40.29391317940844,0.3466376445733202,0.5238770230956671
E1,q2_x3_resunet_pooled_seed2026,pooled,intervention,2026,1120,na,hokkaido_iburi_tobu,Hokkaido0874,0.5,1588,449,4856,9491,28.160255680657446,0.27977409466117614,0.4285094137956013
E1,q2_x3_resunet_pooled_seed2026,pooled,intervention,2026,1120,na,hokkaido_iburi_tobu,Hokkaido0875,0.5,1005,293,3225,11861,17.0,0.41142872352893434,0.6051123160336557
E1,q2_x3_resunet_pooled_seed2026,pooled,intervention,2026,1120,na,hokkaido_iburi_tobu,Hokkaido0876,0.5,1489,467,3046,11382,13.152946437965905,0.5063112149869579,0.7246569539893842
E1,q2_x3_resunet_pooled_seed2026,pooled,intervention,2026,1120,na,hokkaido_iburi_tobu,Hokkaido0877,0.5,1956,452,2087,11889,12.049884857752744,0.6784918137694612,0.8627737602453843
E1,q2_x3_resunet_pooled_seed2026,pooled,intervention,2026,1120,na,hokkaido_iburi_tobu,Hokkaido0878,0.5,2028,582,2033,11741,7.280109889280518,0.7039709476524733,0.9068878113900657
E1,q2_x3_resunet_pooled_seed2026,pooled,intervention,2026,1120,na,hokkaido_iburi_tobu,Hokkaido0879,0.5,1746,550,2050,12038,8.94427190999916,0.6090150178805188,0.8426510198657197
E1,q2_x3_resunet_pooled_seed2026,pooled,intervention,2026,1120,na,hokkaido_iburi_tobu,Hokkaido0880,0.5,1820,616,1731,12217,15.0,0.5709863405946701,0.7575223881605141
E1,q2_x3_resunet_pooled_seed2026,pooled,intervention,2026,1120,na,hokkaido_iburi_tobu,Hokkaido0881,0.5,2011,538,2318,11517,12.041594578792296,0.5491963616662745,0.7403144795436174
E1,q2_x3_resunet_pooled_seed2026,pooled,intervention,2026,1120,na,hokkaido_iburi_tobu,Hokkaido0882,0.5,2592,828,2172,10792,13.45362404707371,0.5586490455688399,0.7571143808126934
E1,q2_x3_resunet_pooled_seed2026,pooled,intervention,2026,1120,na,hokkaido_iburi_tobu,Hokkaido0883,0.5,1886,1029,1364,12105,15.524174696260024,0.5508084766577231,0.7374766410082664
E1,q2_x3_resunet_pooled_seed2026,pooled,intervention,2026,1120,na,hokkaido_iburi_tobu,Hokkaido0884,0.5,1565,379,3047,11393,27.151031950089802,0.4285400226778703,0.5372144591878438
E1,q2_x3_resunet_pooled_seed2026,pooled,intervention,2026,1120,na,hokkaido_iburi_tobu,Hokkaido0885,0.5,1764,82,6169,8369,25.016993205434563,0.30538970623195905,0.4164182099645283
E1,q2_x3_resunet_pooled_seed2026,pooled,intervention,2026,1120,na,hokkaido_iburi_tobu,Hokkaido0886,0.5,2077,191,4190,9926,23.294827183311366,0.47331009492478504,0.5859204193466647
E1,q2_x3_resunet_pooled_seed2026,pooled,intervention,2026,1120,na,hokkaido_iburi_tobu,Hokkaido0887,0.5,1624,296,2603,11861,14.317821063276353,0.5862939025537529,0.756025034291561
E1,q2_x3_resunet_pooled_seed2026,pooled,intervention,2026,1120,na,hokkaido_iburi_tobu,Hokkaido0888,0.5,1174,395,2120,12695,17.34279694679068,0.5583489158077122,0.7509986048195758
E1,q2_x3_resunet_pooled_seed2026,pooled,intervention,2026,1120,na,hokkaido_iburi_tobu,Hokkaido0889,0.5,874,222,1343,13945,13.922996634023969,0.5870859699452716,0.7854100870421693
E1,q2_x3_resunet_pooled_seed2026,pooled,intervention,2026,1120,na,hokkaido_iburi_tobu,Hokkaido0890,0.5,751,208,2088,13337,27.985605366744565,0.505310929075357,0.6721102178210578
E1,q2_x3_resunet_pooled_seed2026,pooled,intervention,2026,1120,na,hokkaido_iburi_tobu,Hokkaido0891,0.5,1028,420,2608,12328,18.973665961010276,0.45210039630074617,0.6614087386078307
E1,q2_x3_resunet_pooled_seed2026,pooled,intervention,2026,1120,na,hokkaido_iburi_tobu,Hokkaido0892,0.5,955,225,3349,11855,23.600847442411894,0.3277161224887186,0.5013576044969151
E1,q2_x3_resunet_pooled_seed2026,pooled,intervention,2026,1120,na,hokkaido_iburi_tobu,Hokkaido0893,0.5,1428,242,2915,11799,14.0,0.5157830513122287,0.6812298328792333
E1,q2_x3_resunet_pooled_seed2026,pooled,intervention,2026,1120,na,hokkaido_iburi_tobu,Hokkaido0894,0.5,1536,219,1912,12717,16.291060483175396,0.639448685362256,0.781372075669973
E1,q2_x3_resunet_pooled_seed2026,pooled,intervention,2026,1120,na,hokkaido_iburi_tobu,Hokkaido0895,0.5,1145,202,885,14152,31.582427276792373,0.6904907080015592,0.8320589865133472
E1,q2_x3_resunet_pooled_seed2026,pooled,intervention,2026,1120,na,hokkaido_iburi_tobu,Hokkaido0896,0.5,554,155,930,14745,23.07703317701223,0.5989666136720561,0.7237569060768861
E1,q2_x3_resunet_pooled_seed2026,pooled,intervention,2026,1120,na,hokkaido_iburi_tobu,Hokkaido0897,0.5,537,196,1307,14344,23.10405415502994,0.581891651926667,0.7135842880519141
E1,q2_x3_resunet_pooled_seed2026,pooled,intervention,2026,1120,na,hokkaido_iburi_tobu,Hokkaido0898,0.5,338,97,1031,14918,28.600699292150182,0.4885158303178085,0.6444444444440076
E1,q2_x3_resunet_pooled_seed2026,pooled,intervention,2026,1120,na,hokkaido_iburi_tobu,Hokkaido0899,0.5,528,133,1206,14517,22.98254244210264,0.5366323662699306,0.7216846898117185
E1,q2_x3_resunet_pooled_seed2026,pooled,intervention,2026,1120,na,hokkaido_iburi_tobu,Hokkaido0900,0.5,532,167,1482,14203,21.2602916254693,0.5169988028112263,0.6845895343250419
E1,q2_x3_resunet_pooled_seed2026,pooled,intervention,2026,1120,na,hokkaido_iburi_tobu,Hokkaido0901,0.5,114,87,686,15497,26.687804854813724,0.3583858668978257,0.5004259173392498
E1,q2_x3_resunet_pooled_seed2026,pooled,intervention,2026,1120,na,hokkaido_iburi_tobu,Hokkaido0902,0.5,16,6,67,16295,67.70689277908936,0.5806451612899105,0.7307692307687671
E1,q2_x3_resunet_pooled_seed2026,pooled,intervention,2026,1120,na,hokkaido_iburi_tobu,Hokkaido0903,0.5,10,3,73,16298,67.70689277908936,0.5168539325838863,0.7307692307687671
E1,q2_x3_resunet_pooled_seed2026,pooled,intervention,2026,1120,na,hokkaido_iburi_tobu,Hokkaido0906,0.5,126,956,1176,14126,75.00328333238646,0.21766561514145596,0.330578512396197
E1,q2_x3_resunet_pooled_seed2026,pooled,intervention,2026,1120,na,hokkaido_iburi_tobu,Hokkaido0907,0.5,302,1222,1187,13673,46.93907929824992,0.29980277480109163,0.4181473710728428
E1,q2_x3_resunet_pooled_seed2026,pooled,intervention,2026,1120,na,hokkaido_iburi_tobu,Hokkaido0908,0.5,233,1656,481,14014,52.49758794187641,0.18953346320166117,0.26918691445937254
E1,q2_x3_resunet_pooled_seed2026,pooled,intervention,2026,1120,na,hokkaido_iburi_tobu,Hokkaido0909,0.5,332,1439,924,13689,53.02249004952539,0.276230372569956,0.4115071107888777
E1,q2_x3_resunet_pooled_seed2026,pooled,intervention,2026,1120,na,hokkaido_iburi_tobu,Hokkaido0910,0.5,182,511,850,14841,25.13956293760457,0.286249068364595,0.4257795205864581
E1,q2_x3_resunet_pooled_seed2026,pooled,intervention,2026,1120,na,hokkaido_iburi_tobu,Hokkaido0911,0.5,75,1070,275,14964,69.75384090490299,0.22978586119243635,0.356016681924085
E1,q2_x3_resunet_pooled_seed2026,pooled,intervention,2026,1120,na,hokkaido_iburi_tobu,Hokkaido0912,0.5,2,1607,104,14671,67.20267055024435,0.03143555710769955,0.05086705202294603
E1,q2_x3_resunet_pooled_seed2026,pooled,intervention,2026,1120,na,hokkaido_iburi_tobu,Hokkaido0913,0.5,326,410,246,15402,43.0081384346492,0.5054913370548991,0.5779187189343679
E1,q2_x3_resunet_pooled_seed2026,pooled,intervention,2026,1120,na,hokkaido_iburi_tobu,Hokkaido0914,0.5,389,350,217,15428,74.59889869011182,0.58991495881115,0.6702437706273713
E1,q2_x3_resunet_pooled_seed2026,pooled,intervention,2026,1120,na,hokkaido_iburi_tobu,Hokkaido0915,0.5,0,627,132,15625,42.24679792785327,0.0,0.0
E1,q2_x3_resunet_pooled_seed2026,pooled,intervention,2026,1120,na,hokkaido_iburi_tobu,Hokkaido0916,0.5,606,654,634,14490,31.12233576198412,0.4991954331246678,0.6484082329283322
E1,q2_x3_resunet_pooled_seed2026,pooled,intervention,2026,1120,na,hokkaido_iburi_tobu,Hokkaido0917,0.5,1123,791,1355,13115,21.484678922683297,0.543281303895994,0.6987247054925194
E1,q2_x3_resunet_pooled_seed2026,pooled,intervention,2026,1120,na,hokkaido_iburi_tobu,Hokkaido0918,0.5,1458,538,2032,12356,20.910459763365825,0.5618333769407388,0.7807075974931984
E1,q2_x3_resunet_pooled_seed2026,pooled,intervention,2026,1120,na,hokkaido_iburi_tobu,Hokkaido0919,0.5,1961,266,3338,10819,10.295630140987,0.5362696907531157,0.73765726087504
E1,q2_x3_resunet_pooled_seed2026,pooled,intervention,2026,1120,na,hokkaido_iburi_tobu,Hokkaido0920,0.5,1335,110,6548,8391,24.020824298928627,0.23374663566568707,0.40491657283167876
E1,q2_x3_resunet_pooled_seed2026,pooled,intervention,2026,1120,na,hokkaido_iburi_tobu,Hokkaido0921,0.5,2288,354,7461,6281,26.30589287593181,0.31187630222576823,0.5278238301366305
E1,q2_x3_resunet_pooled_seed2026,pooled,intervention,2026,1120,na,hokkaido_iburi_tobu,Hokkaido0922,0.5,3731,1630,4048,6975,32.64965543462902,0.271045231845061,0.42771740664393526
E1,q2_x3_resunet_pooled_seed2026,pooled,intervention,2026,1120,na,hokkaido_iburi_tobu,Hokkaido0923,0.5,916,155,4717,10596,24.698178070456937,0.33192575723757345,0.4829719068359786
E1,q2_x3_resunet_pooled_seed2026,pooled,intervention,2026,1120,na,hokkaido_iburi_tobu,Hokkaido0924,0.5,1567,262,3864,10691,21.927143072880305,0.4570697492735715,0.6508549365687787
E1,q2_x3_resunet_pooled_seed2026,pooled,intervention,2026,1120,na,hokkaido_iburi_tobu,Hokkaido0925,0.5,1631,353,2142,12258,14.0,0.64469526334208,0.8264719874733626
E1,q2_x3_resunet_pooled_seed2026,pooled,intervention,2026,1120,na,hokkaido_iburi_tobu,Hokkaido0926,0.5,1409,527,2035,12413,8.0,0.6534978219764432,0.8466861069237225
E1,q2_x3_resunet_pooled_seed2026,pooled,intervention,2026,1120,na,hokkaido_iburi_tobu,Hokkaido0927,0.5,1537,455,2484,11908,11.313708498984761,0.5526156090440522,0.7599685501818797
E1,q2_x3_resunet_pooled_seed2026,pooled,intervention,2026,1120,na,hokkaido_iburi_tobu,Hokkaido0928,0.5,1785,564,1725,12310,17.0,0.5444564392180067,0.767932073398131
E1,q2_x3_resunet_pooled_seed2026,pooled,intervention,2026,1120,na,hokkaido_iburi_tobu,Hokkaido0929,0.5,2527,704,2014,11139,11.02494855945299,0.6109578211642257,0.8184272377591965
E1,q2_x3_resunet_pooled_seed2026,pooled,intervention,2026,1120,na,hokkaido_iburi_tobu,Hokkaido0930,0.5,1943,822,2441,11178,16.401219466856727,0.5435345377221055,0.7409119978757838
E1,q2_x3_resunet_pooled_seed2026,pooled,intervention,2026,1120,na,hokkaido_iburi_tobu,Hokkaido0931,0.5,1136,938,1714,12596,17.745379747098,0.42084842531725036,0.6091877496666263
E1,q2_x3_resunet_pooled_seed2026,pooled,intervention,2026,1120,na,hokkaido_iburi_tobu,Hokkaido0932,0.5,2192,476,3779,9937,34.95947565754811,0.35365956339316384,0.48224677187898657
E1,q2_x3_resunet_pooled_seed2026,pooled,intervention,2026,1120,na,hokkaido_iburi_tobu,Hokkaido0933,0.5,2373,150,6213,7648,23.706539182259394,0.25955710399416254,0.3879769961036817
E1,q2_x3_resunet_pooled_seed2026,pooled,intervention,2026,1120,na,hokkaido_iburi_tobu,Hokkaido0934,0.5,2538,688,3656,9502,16.477082412051786,0.5490424724381798,0.6974061849463498
E1,q2_x3_resunet_pooled_seed2026,pooled,intervention,2026,1120,na,hokkaido_iburi_tobu,Hokkaido0935,0.5,2045,383,2501,11455,15.811388300841896,0.6358398323822563,0.8027265137177096
E1,q2_x3_resunet_pooled_seed2026,pooled,intervention,2026,1120,na,hokkaido_iburi_tobu,Hokkaido0936,0.5,1576,489,2204,12115,12.74152595828995,0.6448050774458866,0.8379928601904986
E1,q2_x3_resunet_pooled_seed2026,pooled,intervention,2026,1120,na,hokkaido_iburi_tobu,Hokkaido0937,0.5,942,392,1676,13374,13.124311031075754,0.6285894757295761,0.8121992026930038
E1,q2_x3_resunet_pooled_seed2026,pooled,intervention,2026,1120,na,hokkaido_iburi_tobu,Hokkaido0938,0.5,592,328,1789,13675,20.84823058080977,0.5678985548436413,0.7355033270579016
E1,q2_x3_resunet_pooled_seed2026,pooled,intervention,2026,1120,na,hokkaido_iburi_tobu,Hokkaido0939,0.5,1045,409,1824,13106,19.1049731745428,0.5547869087158901,0.7333788874930666
E1,q2_x3_resunet_pooled_seed2026,pooled,intervention,2026,1120,na,hokkaido_iburi_tobu,Hokkaido0940,0.5,1494,455,2394,12041,12.601452018860767,0.5925011666761926,0.7823563824204746
E1,q2_x3_resunet_pooled_seed2026,pooled,intervention,2026,1120,na,hokkaido_iburi_tobu,Hokkaido0941,0.5,1500,266,3228,11390,12.529964086141668,0.562101921447606,0.759030456021773
E1,q2_x3_resunet_pooled_seed2026,pooled,intervention,2026,1120,na,hokkaido_iburi_tobu,Hokkaido0942,0.5,1705,308,2278,12093,13.152946437965905,0.6097962669264599,0.7798803733596079
E1,q2_x3_resunet_pooled_seed2026,pooled,intervention,2026,1120,na,hokkaido_iburi_tobu,Hokkaido0943,0.5,959,230,1381,13814,16.0,0.586077488238878,0.7230261653541147
E1,q2_x3_resunet_pooled_seed2026,pooled,intervention,2026,1120,na,hokkaido_iburi_tobu,Hokkaido0944,0.5,446,242,857,14839,28.185058794018328,0.5606607991762294,0.6972762645909855
E1,q2_x3_resunet_pooled_seed2026,pooled,intervention,2026,1120,na,hokkaido_iburi_tobu,Hokkaido0945,0.5,692,270,2097,13325,26.612685487411543,0.5310913776993319,0.6748790145178106
E1,q2_x3_resunet_pooled_seed2026,pooled,intervention,2026,1120,na,hokkaido_iburi_tobu,Hokkaido0946,0.5,598,157,2180,13449,23.68540083428989,0.49710631375186054,0.6548587841067879
E1,q2_x3_resunet_pooled_seed2026,pooled,intervention,2026,1120,na,hokkaido_iburi_tobu,Hokkaido0947,0.5,111,29,780,15464,29.206163733020468,0.3163532456649128,0.5139072847678301
E1,q2_x3_resunet_pooled_seed2026,pooled,intervention,2026,1120,na,hokkaido_iburi_tobu,Hokkaido0948,0.5,69,26,652,15637,26.550752718444418,0.32758620689627777,0.4500665778957897
E1,q2_x3_resunet_pooled_seed2026,pooled,intervention,2026,1120,na,hokkaido_iburi_tobu,Hokkaido0949,0.5,22,7,385,15970,48.9242581574936,0.23084346651203858,0.3639907850431014
E1,q2_x3_resunet_pooled_seed2026,pooled,intervention,2026,1120,na,hokkaido_iburi_tobu,Hokkaido0950,0.5,0,38,113,16233,67.85532076622302,0.0,0.0
E1,q2_x3_resunet_pooled_seed2026,pooled,intervention,2026,1120,na,hokkaido_iburi_tobu,Hokkaido0951,0.5,0,0,113,16271,181.01933598375618,0.0,0.0
E1,q2_x3_resunet_pooled_seed2026,pooled,intervention,2026,1120,na,hokkaido_iburi_tobu,Hokkaido0953,0.5,8,458,352,15566,78.42257115861017,0.10982600824656187,0.1669551836887387
E1,q2_x3_resunet_pooled_seed2026,pooled,intervention,2026,1120,na,hokkaido_iburi_tobu,Hokkaido0954,0.5,66,1077,423,14818,82.61161948821656,0.13116676438526242,0.21373227425529503
E1,q2_x3_resunet_pooled_seed2026,pooled,intervention,2026,1120,na,hokkaido_iburi_tobu,Hokkaido0955,0.5,59,1195,70,15060,108.41378187166436,0.06399999999984479,0.10719071013832274
E1,q2_x3_resunet_pooled_seed2026,pooled,intervention,2026,1120,na,hokkaido_iburi_tobu,Hokkaido0956,0.5,0,323,125,15936,97.04313290719745,0.0,0.0
E1,q2_x3_resunet_pooled_seed2026,pooled,intervention,2026,1120,na,hokkaido_iburi_tobu,Hokkaido0957,0.5,0,42,125,16217,101.72899523416696,0.0,0.0
E1,q2_x3_resunet_pooled_seed2026,pooled,intervention,2026,1120,na,hokkaido_iburi_tobu,Hokkaido0958,0.5,0,379,45,15960,134.18271125595876,0.0,0.0
E1,q2_x3_resunet_pooled_seed2026,pooled,intervention,2026,1120,na,hokkaido_iburi_tobu,Hokkaido0959,0.5,0,238,45,16101,98.02034862870539,0.0,0.0
E1,q2_x3_resunet_pooled_seed2026,pooled,intervention,2026,1120,na,hokkaido_iburi_tobu,Hokkaido0960,0.5,0,479,42,15863,86.06834575127785,0.0,0.0
E1,q2_x3_resunet_pooled_seed2026,pooled,intervention,2026,1120,na,hokkaido_iburi_tobu,Hokkaido0961,0.5,327,474,449,15134,70.54785040171575,0.4155352068198355,0.5739011959423815
E1,q2_x3_resunet_pooled_seed2026,pooled,intervention,2026,1120,na,hokkaido_iburi_tobu,Hokkaido0962,0.5,914,610,1412,13448,17.019101137852157,0.551973572399267,0.730163038867572
E1,q2_x3_resunet_pooled_seed2026,pooled,intervention,2026,1120,na,hokkaido_iburi_tobu,Hokkaido0963,0.5,954,100,5322,10008,39.81770913769971,0.28854731099529485,0.4336447225940226
E1,q2_x3_resunet_pooled_seed2026,pooled,intervention,2026,1120,na,hokkaido_iburi_tobu,Hokkaido0964,0.5,1145,77,7975,7187,43.03079942587988,0.20935338643124307,0.31677661219419895
E1,q2_x3_resunet_pooled_seed2026,pooled,intervention,2026,1120,na,hokkaido_iburi_tobu,Hokkaido0965,0.5,1143,106,7342,7793,38.01315561749642,0.20105220203423843,0.3232486145354947
E1,q2_x3_resunet_pooled_seed2026,pooled,intervention,2026,1120,na,hokkaido_iburi_tobu,Hokkaido0966,0.5,3876,746,5328,6434,15.620499351813308,0.45903938967726204,0.6866709026292795
E1,q2_x3_resunet_pooled_seed2026,pooled,intervention,2026,1120,na,hokkaido_iburi_tobu,Hokkaido0967,0.5,2548,455,5839,7542,32.0,0.32380448039432635,0.4994745219638489
E1,q2_x3_resunet_pooled_seed2026,pooled,intervention,2026,1120,na,hokkaido_iburi_tobu,Hokkaido0968,0.5,1404,329,4353,10298,29.68164415931166,0.3438846776973785,0.4888230541337487
E1,q2_x3_resunet_pooled_seed2026,pooled,intervention,2026,1120,na,hokkaido_iburi_tobu,Hokkaido0969,0.5,1394,431,3089,11470,22.360679774997898,0.4942812352808811,0.6951063922389785
E1,q2_x3_resunet_pooled_seed2026,pooled,intervention,2026,1120,na,hokkaido_iburi_tobu,Hokkaido0970,0.5,1683,421,2010,12270,7.531857301718061,0.6576870483756792,0.855897267344031
E1,q2_x3_resunet_pooled_seed2026,pooled,intervention,2026,1120,na,hokkaido_iburi_tobu,Hokkaido0971,0.5,1663,664,1645,12412,11.0,0.6567672684612136,0.8615232817493367
E1,q2_x3_resunet_pooled_seed2026,pooled,intervention,2026,1120,na,hokkaido_iburi_tobu,Hokkaido0972,0.5,1111,413,1247,13613,12.165525060596439,0.6744353294425325,0.8312615494607797
E1,q2_x3_resunet_pooled_seed2026,pooled,intervention,2026,1120,na,hokkaido_iburi_tobu,Hokkaido0973,0.5,1099,271,1230,13784,13.420036052189502,0.6182384955408489,0.8019480519475715
E1,q2_x3_resunet_pooled_seed2026,pooled,intervention,2026,1120,na,hokkaido_iburi_tobu,Hokkaido0974,0.5,2210,447,1810,11917,17.029386365926403,0.5879445085661262,0.7933639863235692
E1,q2_x3_resunet_pooled_seed2026,pooled,intervention,2026,1120,na,hokkaido_iburi_tobu,Hokkaido0975,0.5,2194,605,2283,11302,16.697198913809356,0.6227667390705182,0.7813918883012503
E1,q2_x3_resunet_pooled_seed2026,pooled,intervention,2026,1120,na,hokkaido_iburi_tobu,Hokkaido0976,0.5,1370,491,2523,12000,14.84075732554723,0.5320558648984398,0.7143236886293477
E1,q2_x3_resunet_pooled_seed2026,pooled,intervention,2026,1120,na,hokkaido_iburi_tobu,Hokkaido0977,0.5,2191,743,2898,10552,15.026549190084287,0.506133603174337,0.6968040399458644
E1,q2_x3_resunet_pooled_seed2026,pooled,intervention,2026,1120,na,hokkaido_iburi_tobu,Hokkaido0978,0.5,1740,709,3928,10007,15.42023982674549,0.45973608900965107,0.6820611055977442
E1,q2_x3_resunet_pooled_seed2026,pooled,intervention,2026,1120,na,hokkaido_iburi_tobu,Hokkaido0979,0.5,1398,779,2738,11469,13.0,0.5353863984431815,0.7641345487559605
E1,q2_x3_resunet_pooled_seed2026,pooled,intervention,2026,1120,na,hokkaido_iburi_tobu,Hokkaido0980,0.5,1021,292,1913,13158,14.317821063276353,0.5673730734356486,0.7435765439571878
E1,q2_x3_resunet_pooled_seed2026,pooled,intervention,2026,1120,na,hokkaido_iburi_tobu,Hokkaido0981,0.5,1116,417,2031,12820,15.536034346491023,0.6462704236543136,0.8180799402311171
E1,q2_x3_resunet_pooled_seed2026,pooled,intervention,2026,1120,na,hokkaido_iburi_tobu,Hokkaido0982,0.5,920,383,1996,13085,20.615528128088304,0.6203829466192292,0.7929121644709516
E1,q2_x3_resunet_pooled_seed2026,pooled,intervention,2026,1120,na,hokkaido_iburi_tobu,Hokkaido0983,0.5,680,244,1688,13772,21.419566828650325,0.5469919298023439,0.6977037992857894
E1,q2_x3_resunet_pooled_seed2026,pooled,intervention,2026,1120,na,hokkaido_iburi_tobu,Hokkaido0984,0.5,839,365,1540,13640,20.615528128088304,0.6212602529768726,0.7360485986465025
E1,q2_x3_resunet_pooled_seed2026,pooled,intervention,2026,1120,na,hokkaido_iburi_tobu,Hokkaido0985,0.5,1307,516,2493,12068,11.704699910719626,0.6571647057260273,0.8197342518771072
E1,q2_x3_resunet_pooled_seed2026,pooled,intervention,2026,1120,na,hokkaido_iburi_tobu,Hokkaido0986,0.5,1472,285,3781,10846,11.661903789690601,0.5565653939149972,0.751616176716005
E1,q2_x3_resunet_pooled_seed2026,pooled,intervention,2026,1120,na,hokkaido_iburi_tobu,Hokkaido0987,0.5,1084,195,2483,12622,16.0312195418814,0.5374704624728379,0.7377617947738694
E1,q2_x3_resunet_pooled_seed2026,pooled,intervention,2026,1120,na,hokkaido_iburi_tobu,Hokkaido0988,0.5,685,251,1560,13888,17.0,0.571306495303913,0.7162293488819503
E1,q2_x3_resunet_pooled_seed2026,pooled,intervention,2026,1120,na,hokkaido_iburi_tobu,Hokkaido0989,0.5,429,195,1302,14458,23.52123625725568,0.5409774892822599,0.6815495732103188
E1,q2_x3_resunet_pooled_seed2026,pooled,intervention,2026,1120,na,hokkaido_iburi_tobu,Hokkaido0990,0.5,560,195,2203,13426,20.518284528683193,0.48030215928355113,0.6447497546609958
E1,q2_x3_resunet_pooled_seed2026,pooled,intervention,2026,1120,na,hokkaido_iburi_tobu,Hokkaido0991,0.5,731,177,2855,12621,26.923037644443752,0.44010638529819784,0.5806932538199382
E1,q2_x3_resunet_pooled_seed2026,pooled,intervention,2026,1120,na,hokkaido_iburi_tobu,Hokkaido0992,0.5,277,70,1429,14608,45.77602557452286,0.31445991027233605,0.4925479063161653
E1,q2_x3_resunet_pooled_seed2026,pooled,intervention,2026,1120,na,hokkaido_iburi_tobu,Hokkaido0993,0.5,57,24,305,15998,106.91119864937475,0.3790174062849615,0.5341246290797271
E1,q2_x3_resunet_pooled_seed2026,pooled,intervention,2026,1120,na,hokkaido_iburi_tobu,Hokkaido0994,0.5,0,0,83,16301,181.01933598375618,0.0,0.0
E1,q2_x3_resunet_pooled_seed2026,pooled,intervention,2026,1120,na,hokkaido_iburi_tobu,Hokkaido0995,0.5,2,80,120,16182,85.00382339711886,0.04819277108392626,0.04962779156288309
E1,q2_x3_resunet_pooled_seed2026,pooled,intervention,2026,1120,na,hokkaido_iburi_tobu,Hokkaido0996,0.5,0,133,113,16138,83.12339196122075,0.0,0.0
E1,q2_x3_resunet_pooled_seed2026,pooled,intervention,2026,1120,na,hokkaido_iburi_tobu,Hokkaido0997,0.5,0,0,63,16321,181.01933598375618,0.0,0.0
E1,q2_x3_resunet_pooled_seed2026,pooled,intervention,2026,1120,na,hokkaido_iburi_tobu,Hokkaido0998,0.5,0,1182,19,15183,118.2924682979134,0.0,0.0
E1,q2_x3_resunet_pooled_seed2026,pooled,intervention,2026,1120,na,hokkaido_iburi_tobu,Hokkaido1001,0.5,86,442,60,15796,62.80445811757579,0.2272284800441622,0.34250764525962774
E1,q2_x3_resunet_pooled_seed2026,pooled,intervention,2026,1120,na,hokkaido_iburi_tobu,Hokkaido1002,0.5,155,185,155,15889,92.01603088343428,0.470941071572816,0.6595940959404613
E1,q2_x3_resunet_pooled_seed2026,pooled,intervention,2026,1120,na,hokkaido_iburi_tobu,Hokkaido1003,0.5,772,227,1394,13991,19.6468827043885,0.5926981517861,0.7616212525163577
E1,q2_x3_resunet_pooled_seed2026,pooled,intervention,2026,1120,na,hokkaido_iburi_tobu,Hokkaido1004,0.5,728,82,6386,9188,32.526911934581186,0.1195221999011575,0.20341375619028448
E1,q2_x3_resunet_pooled_seed2026,pooled,intervention,2026,1120,na,hokkaido_iburi_tobu,Hokkaido1005,0.5,552,71,9055,6706,51.24451190127583,0.08072302505564345,0.15756830913438372
E1,q2_x3_resunet_pooled_seed2026,pooled,intervention,2026,1120,na,hokkaido_iburi_tobu,Hokkaido1006,0.5,1167,135,6221,8861,30.291841909234126,0.23076460719753553,0.40426189998717194
E1,q2_x3_resunet_pooled_seed2026,pooled,intervention,2026,1120,na,hokkaido_iburi_tobu,Hokkaido1007,0.5,1941,348,5258,8837,30.01666203960727,0.25672612857608723,0.430733630012285
E1,q2_x3_resunet_pooled_seed2026,pooled,intervention,2026,1120,na,hokkaido_iburi_tobu,Hokkaido1008,0.5,2085,311,5872,8116,26.048016641662986,0.20671161638025487,0.40292238840191535
E1,q2_x3_resunet_pooled_seed2026,pooled,intervention,2026,1120,na,hokkaido_iburi_tobu,Hokkaido1009,0.5,2028,318,4135,9903,23.7223365486969,0.457547872181629,0.5990761825951413
E1,q2_x3_resunet_pooled_seed2026,pooled,intervention,2026,1120,na,hokkaido_iburi_tobu,Hokkaido1010,0.5,1478,454,3031,11421,19.428007582219582,0.5248495380370019,0.6858409022751855
E1,q2_x3_resunet_pooled_seed2026,pooled,intervention,2026,1120,na,hokkaido_iburi_tobu,Hokkaido1011,0.5,1386,419,2003,12576,11.119599395858684,0.6180310915674986,0.7804706374478755
E1,q2_x3_resunet_pooled_seed2026,pooled,intervention,2026,1120,na,hokkaido_iburi_tobu,Hokkaido1012,0.5,1186,440,1203,13555,9.219544457292887,0.6842001603363989,0.8809035769380154
E1,q2_x3_resunet_pooled_seed2026,pooled,intervention,2026,1120,na,hokkaido_iburi_tobu,Hokkaido1013,0.5,673,342,815,14554,14.134422123098528,0.7028908207757274,0.8370653940946361
E1,q2_x3_resunet_pooled_seed2026,pooled,intervention,2026,1120,na,hokkaido_iburi_tobu,Hokkaido1014,0.5,221,96,632,15435,16.575414463513063,0.5637590928412122,0.6982248520705514
E1,q2_x3_resunet_pooled_seed2026,pooled,intervention,2026,1120,na,hokkaido_iburi_tobu,Hokkaido1015,0.5,417,98,593,15276,31.719007262507866,0.5564648117834989,0.7071428571423891
E1,q2_x3_resunet_pooled_seed2026,pooled,intervention,2026,1120,na,hokkaido_iburi_tobu,Hokkaido1016,0.5,699,143,1381,14161,19.176699162463493,0.6043550231108534,0.7323943661967188
E1,q2_x3_resunet_pooled_seed2026,pooled,intervention,2026,1120,na,hokkaido_iburi_tobu,Hokkaido1017,0.5,807,244,2331,13002,13.93196886332491,0.5856086215638746,0.7399718243897341
E1,q2_x3_resunet_pooled_seed2026,pooled,intervention,2026,1120,na,hokkaido_iburi_tobu,Hokkaido1018,0.5,999,307,2217,12861,12.153153197546152,0.5971765819840772,0.7669172932326098
E1,q2_x3_resunet_pooled_seed2026,pooled,intervention,2026,1120,na,hokkaido_iburi_tobu,Hokkaido1019,0.5,953,343,2314,12774,13.007680962081052,0.5871720973386204,0.7923455105907908
E1,q2_x3_resunet_pooled_seed2026,pooled,intervention,2026,1120,na,hokkaido_iburi_tobu,Hokkaido1020,0.5,749,277,2188,13170,15.256139694787265,0.546112757695973,0.7407210503290297
E1,q2_x3_resunet_pooled_seed2026,pooled,intervention,2026,1120,na,hokkaido_iburi_tobu,Hokkaido1021,0.5,414,117,1862,13991,21.070093635893855,0.42565230609617977,0.6076335877858365
E1,q2_x3_resunet_pooled_seed2026,pooled,intervention,2026,1120,na,hokkaido_iburi_tobu,Hokkaido1022,0.5,458,139,2153,13634,22.258580073512686,0.4123126969884749,0.570419708559538
E1,q2_x3_resunet_pooled_seed2026,pooled,intervention,2026,1120,na,hokkaido_iburi_tobu,Hokkaido1023,0.5,562,160,1819,13843,22.825424421026653,0.4669066047826038,0.6287478559172225
E1,q2_x3_resunet_pooled_seed2026,pooled,intervention,2026,1120,na,hokkaido_iburi_tobu,Hokkaido1024,0.5,485,176,1216,14507,39.173309570012016,0.4977356859646034,0.6576086956517325
E1,q2_x3_resunet_pooled_seed2026,pooled,intervention,2026,1120,na,hokkaido_iburi_tobu,Hokkaido1025,0.5,666,192,1340,14186,24.08318915758459,0.5892458320981203,0.7174369747894559
E1,q2_x3_resunet_pooled_seed2026,pooled,intervention,2026,1120,na,hokkaido_iburi_tobu,Hokkaido1026,0.5,1143,402,2010,12829,17.46424919657298,0.6605208568809108,0.8153087112273475
E1,q2_x3_resunet_pooled_seed2026,pooled,intervention,2026,1120,na,hokkaido_iburi_tobu,Hokkaido1027,0.5,1083,347,2540,12414,10.295630140987,0.5957462490010391,0.7851405871539866
E1,q2_x3_resunet_pooled_seed2026,pooled,intervention,2026,1120,na,hokkaido_iburi_tobu,Hokkaido1028,0.5,721,190,1603,13870,25.851159170696388,0.5763551793605439,0.7343743780924837
E1,q2_x3_resunet_pooled_seed2026,pooled,intervention,2026,1120,na,hokkaido_iburi_tobu,Hokkaido1029,0.5,427,132,953,14872,28.513020049626988,0.5907578558221211,0.7146171693730906
E1,q2_x3_resunet_pooled_seed2026,pooled,intervention,2026,1120,na,hokkaido_iburi_tobu,Hokkaido1030,0.5,201,74,885,15224,39.43044641164923,0.47954848119689614,0.6353467561516917
E1,q2_x3_resunet_pooled_seed2026,pooled,intervention,2026,1120,na,hokkaido_iburi_tobu,Hokkaido1031,0.5,288,87,1429,14580,37.48332962798263,0.42776710893818043,0.6260639859109254
E1,q2_x3_resunet_pooled_seed2026,pooled,intervention,2026,1120,na,hokkaido_iburi_tobu,Hokkaido1032,0.5,467,154,2148,13615,22.80350850198276,0.4346456279450835,0.5987968533082338
E1,q2_x3_resunet_pooled_seed2026,pooled,intervention,2026,1120,na,hokkaido_iburi_tobu,Hokkaido1033,0.5,334,149,1525,14376,45.688070166213926,0.3875667369330059,0.5616921269091143
E1,q2_x3_resunet_pooled_seed2026,pooled,intervention,2026,1120,na,hokkaido_iburi_tobu,Hokkaido1034,0.5,103,35,668,15578,49.89135429524542,0.3582526744775389,0.5333333333329422
E1,q2_x3_resunet_pooled_seed2026,pooled,intervention,2026,1120,na,hokkaido_iburi_tobu,Hokkaido1035,0.5,15,4,272,16093,100.36829288130076,0.18326693227074983,0.3173431734314673
E1,q2_x3_resunet_pooled_seed2026,pooled,intervention,2026,1120,na,hokkaido_iburi_tobu,Hokkaido1036,0.5,0,99,141,16144,84.1486779456457,0.0,0.0
E1,q2_x3_resunet_pooled_seed2026,pooled,intervention,2026,1120,na,hokkaido_iburi_tobu,Hokkaido1037,0.5,0,1145,104,15135,62.3841276727804,0.0,0.0
E1,q2_x3_resunet_pooled_seed2026,pooled,intervention,2026,1120,na,hokkaido_iburi_tobu,Hokkaido1038,0.5,117,486,130,15651,43.41878262096509,0.18211533971465527,0.3279541905252683
E1,q2_x3_resunet_pooled_seed2026,pooled,intervention,2026,1120,na,hokkaido_iburi_tobu,Hokkaido1039,0.5,116,1078,90,15100,91.61531475986375,0.10436178752972207,0.18407596785938352
E1,q2_x3_resunet_pooled_seed2026,pooled,intervention,2026,1120,na,hokkaido_iburi_tobu,Hokkaido1040,0.5,121,503,67,15693,101.88375428964667,0.23321554770268477,0.3674911660772431
E1,q2_x3_resunet_pooled_seed2026,pooled,intervention,2026,1120,na,hokkaido_iburi_tobu,Hokkaido1041,0.5,6,205,96,16077,81.78364609957323,0.06708595387811382,0.07005838198474412
E1,q2_x3_resunet_pooled_seed2026,pooled,intervention,2026,1120,na,hokkaido_iburi_tobu,Hokkaido1042,0.5,19,256,148,15961,77.03532150221929,0.13609618828301623,0.1474258152455006
E1,q2_x3_resunet_pooled_seed2026,pooled,intervention,2026,1120,na,hokkaido_iburi_tobu,Hokkaido1043,0.5,7,865,104,15408,71.45522604302232,0.04603580562637163,0.04912941176457225
E1,q2_x3_resunet_pooled_seed2026,pooled,intervention,2026,1120,na,hokkaido_iburi_tobu,Hokkaido1044,0.5,0,8,46,16330,42.97489122668599,0.0,0.0
E1,q2_x3_resunet_pooled_seed2026,pooled,intervention,2026,1120,na,hokkaido_iburi_tobu,Hokkaido1045,0.5,0,17,143,16224,98.29445525444444,0.0,0.0
E1,q2_x3_resunet_pooled_seed2026,pooled,intervention,2026,1120,na,hokkaido_iburi_tobu,Hokkaido1046,0.5,6,466,144,15768,56.76969770595092,0.042777229351501245,0.055967078189159046
E1,q2_x3_resunet_pooled_seed2026,pooled,intervention,2026,1120,na,hokkaido_iburi_tobu,Hokkaido1047,0.5,91,423,55,15815,106.44904869573682,0.24662360540188596,0.3810745202213497
E1,q2_x3_resunet_pooled_seed2026,pooled,intervention,2026,1120,na,hokkaido_iburi_tobu,Hokkaido1048,0.5,258,137,539,15450,12.894733192202052,0.5187312645483262,0.7279496140199744
E1,q2_x3_resunet_pooled_seed2026,pooled,intervention,2026,1120,na,hokkaido_iburi_tobu,Hokkaido1049,0.5,954,355,2121,12954,10.0,0.5740149498865458,0.758282999241779
E1,q2_x3_resunet_pooled_seed2026,pooled,intervention,2026,1120,na,hokkaido_iburi_tobu,Hokkaido1050,0.5,1355,178,5981,8870,25.670965750158736,0.16575759236898938,0.3072636637422509
E1,q2_x3_resunet_pooled_seed2026,pooled,intervention,2026,1120,na,hokkaido_iburi_tobu,Hokkaido1051,0.5,2004,320,6799,7261,27.202941017470888,0.25006822439714504,0.4121905616154861
E1,q2_x3_resunet_pooled_seed2026,pooled,intervention,2026,1120,na,hokkaido_iburi_tobu,Hokkaido1052,0.5,1596,292,4630,9866,22.80350850198276,0.3782184989031173,0.5648810842441151
E1,q2_x3_resunet_pooled_seed2026,pooled,intervention,2026,1120,na,hokkaido_iburi_tobu,Hokkaido1053,0.5,1768,315,3725,10576,17.562488299482265,0.47880596730017716,0.647421381505699
E1,q2_x3_resunet_pooled_seed2026,pooled,intervention,2026,1120,na,hokkaido_iburi_tobu,Hokkaido1054,0.5,1535,95,5278,9476,27.2974349938498,0.3257335410239507,0.4693036136029011
E1,q2_x3_resunet_pooled_seed2026,pooled,intervention,2026,1120,na,hokkaido_iburi_tobu,Hokkaido1055,0.5,1858,280,4226,10020,25.607543877349162,0.46485866978270185,0.648790180805198
E1,q2_x3_resunet_pooled_seed2026,pooled,intervention,2026,1120,na,hokkaido_iburi_tobu,Hokkaido1056,0.5,1815,508,2557,11504,19.1049731745428,0.5719652152576279,0.7188973470773292
E1,q2_x3_resunet_pooled_seed2026,pooled,intervention,2026,1120,na,hokkaido_iburi_tobu,Hokkaido1057,0.5,1009,344,1243,13788,26.0,0.605717099704352,0.748317502744017
E1,q2_x3_resunet_pooled_seed2026,pooled,intervention,2026,1120,na,hokkaido_iburi_tobu,Hokkaido1058,0.5,230,944,390,14820,43.11286642445606,0.36752442740715896,0.4210065177899548
E1,q2_x3_resunet_pooled_seed2026,pooled,intervention,2026,1120,na,hokkaido_iburi_tobu,Hokkaido1059,0.5,159,347,491,15387,51.09704066856236,0.48101862768165166,0.5915864760889835
E1,q2_x3_resunet_pooled_seed2026,pooled,intervention,2026,1120,na,hokkaido_iburi_tobu,Hokkaido1060,0.5,68,46,285,15985,15.231546211727817,0.4746313711827245,0.6149253731339024
E1,q2_x3_resunet_pooled_seed2026,pooled,intervention,2026,1120,na,hokkaido_iburi_tobu,Hokkaido1061,0.5,75,64,80,16165,44.09300483869013,0.5031208624924187,0.8352604464791885
E1,q2_x3_resunet_pooled_seed2026,pooled,intervention,2026,1120,na,hokkaido_iburi_tobu,Hokkaido1062,0.5,158,45,406,15775,34.957037383634,0.5248657141808554,0.681278971609192
E1,q2_x3_resunet_pooled_seed2026,pooled,intervention,2026,1120,na,hokkaido_iburi_tobu,Hokkaido1063,0.5,433,128,1034,14789,17.958150098659132,0.6069734179860268,0.7627930044271234
E1,q2_x3_resunet_pooled_seed2026,pooled,intervention,2026,1120,na,hokkaido_iburi_tobu,Hokkaido1064,0.5,624,112,1481,14167,26.206841834698665,0.5468552866602788,0.6786922209691119
E1,q2_x3_resunet_pooled_seed2026,pooled,intervention,2026,1120,na,hokkaido_iburi_tobu,Hokkaido1065,0.5,614,232,1547,13991,25.070890347732607,0.5548690791404983,0.6853130247463911
E1,q2_x3_resunet_pooled_seed2026,pooled,intervention,2026,1120,na,hokkaido_iburi_tobu,Hokkaido1066,0.5,577,330,1391,14086,20.615528128088304,0.5875210229369134,0.7162227602900757
E1,q2_x3_resunet_pooled_seed2026,pooled,intervention,2026,1120,na,hokkaido_iburi_tobu,Hokkaido1067,0.5,357,116,1225,14686,25.495097567963924,0.4856133666702376,0.6149180059762773
E1,q2_x3_resunet_pooled_seed2026,pooled,intervention,2026,1120,na,hokkaido_iburi_tobu,Hokkaido1068,0.5,267,41,1303,14773,26.367554923753442,0.3331040412722442,0.46062599887879796
E1,q2_x3_resunet_pooled_seed2026,pooled,intervention,2026,1120,na,hokkaido_iburi_tobu,Hokkaido1069,0.5,381,115,1172,14716,21.1127501586091,0.4153033706924523,0.6216186115575303
E1,q2_x3_resunet_pooled_seed2026,pooled,intervention,2026,1120,na,hokkaido_iburi_tobu,Hokkaido1070,0.5,393,103,1337,14551,27.143109746149626,0.460375320642243,0.6560005461049312
E1,q2_x3_resunet_pooled_seed2026,pooled,intervention,2026,1120,na,hokkaido_iburi_tobu,Hokkaido1071,0.5,438,81,1265,14600,42.893959228739504,0.4971846300706929,0.6415903230991392
E1,q2_x3_resunet_pooled_seed2026,pooled,intervention,2026,1120,na,hokkaido_iburi_tobu,Hokkaido1072,0.5,592,231,706,14855,26.923037644443752,0.6299931522478704,0.7634968985845129
E1,q2_x3_resunet_pooled_seed2026,pooled,intervention,2026,1120,na,hokkaido_iburi_tobu,Hokkaido1073,0.5,513,149,807,14915,16.073202721503456,0.6135239142381322,0.7817231215972724
E1,q2_x3_resunet_pooled_seed2026,pooled,intervention,2026,1120,na,hokkaido_iburi_tobu,Hokkaido1074,0.5,439,114,685,15146,32.162060086619945,0.6429143752044222,0.7806122448974833
E1,q2_x3_resunet_pooled_seed2026,pooled,intervention,2026,1120,na,hokkaido_iburi_tobu,Hokkaido1075,0.5,206,40,410,15728,48.507731342539614,0.5313565450972421,0.568421052631172
E1,q2_x3_resunet_pooled_seed2026,pooled,intervention,2026,1120,na,hokkaido_iburi_tobu,Hokkaido1076,0.5,3,1,252,16128,90.1315651764859,0.13978494623642912,0.2871287128710412
E1,q2_x3_resunet_pooled_seed2026,pooled,intervention,2026,1120,na,hokkaido_iburi_tobu,Hokkaido1077,0.5,197,35,691,15461,43.370490750547965,0.48601119104675156,0.659656860108193
E1,q2_x3_resunet_pooled_seed2026,pooled,intervention,2026,1120,na,hokkaido_iburi_tobu,Hokkaido1078,0.5,253,91,1039,15001,25.298221281347036,0.5351806130257427,0.6822209618368904
E1,q2_x3_resunet_pooled_seed2026,pooled,intervention,2026,1120,na,hokkaido_iburi_tobu,Hokkaido1079,0.5,218,92,798,15276,38.40902659487749,0.5218136756547639,0.6991059147175606
E1,q2_x3_resunet_pooled_seed2026,pooled,intervention,2026,1120,na,hokkaido_iburi_tobu,Hokkaido1080,0.5,116,22,699,15547,39.81582558339606,0.4023830609448381,0.5749690210652656
E1,q2_x3_resunet_pooled_seed2026,pooled,intervention,2026,1120,na,hokkaido_iburi_tobu,Hokkaido1081,0.5,14,4,295,16071,96.31328497442006,0.19780219780201952,0.29166666666641755
E1,q2_x3_resunet_pooled_seed2026,pooled,intervention,2026,1120,na,hokkaido_iburi_tobu,Hokkaido1082,0.5,0,0,58,16326,181.01933598375618,0.0,0.0
E1,q2_x3_resunet_pooled_seed2026,pooled,intervention,2026,1120,na,hokkaido_iburi_tobu,Hokkaido1083,0.5,0,8,30,16346,71.82896006199228,0.0,0.0
E1,q2_x3_resunet_pooled_seed2026,pooled,intervention,2026,1120,na,hokkaido_iburi_tobu,Hokkaido1084,0.5,116,750,68,15450,70.99627656196255,0.1067961165044298,0.1981791234380572
E1,q2_x3_resunet_pooled_seed2026,pooled,intervention,2026,1120,na,hokkaido_iburi_tobu,Hokkaido1085,0.5,114,799,73,15398,63.57200571758928,0.0960288808660101,0.18926659195574574
E1,q2_x3_resunet_pooled_seed2026,pooled,intervention,2026,1120,na,hokkaido_iburi_tobu,Hokkaido1086,0.5,117,1581,52,14634,111.83782468531356,0.07798784604964337,0.14446659557665698
E1,q2_x3_resunet_pooled_seed2026,pooled,intervention,2026,1120,na,hokkaido_iburi_tobu,Hokkaido1087,0.5,43,1594,73,14674,117.2609364719327,0.0752089136488696,0.08574831282241388
E1,q2_x3_resunet_pooled_seed2026,pooled,intervention,2026,1120,na,hokkaido_iburi_tobu,Hokkaido1088,0.5,67,722,307,15288,53.150729063673246,0.20699852143871209,0.2344049570698401
E1,q2_x3_resunet_pooled_seed2026,pooled,intervention,2026,1120,na,hokkaido_iburi_tobu,Hokkaido1089,0.5,39,1411,514,14420,37.14025553560429,0.1887479785508663,0.27715468748137756
E1,q2_x3_resunet_pooled_seed2026,pooled,intervention,2026,1120,na,hokkaido_iburi_tobu,Hokkaido1090,0.5,17,1076,355,14936,42.411886391134814,0.14504028896868024,0.22313599806446524
E1,q2_x3_resunet_pooled_seed2026,pooled,intervention,2026,1120,na,hokkaido_iburi_tobu,Hokkaido1091,0.5,7,57,116,16204,73.12997302372116,0.16885553470869652,0.22844638949624743
E1,q2_x3_resunet_pooled_seed2026,pooled,intervention,2026,1120,na,hokkaido_iburi_tobu,Hokkaido1092,0.5,0,42,46,16296,60.78968025793842,0.0,0.0
E1,q2_x3_resunet_pooled_seed2026,pooled,intervention,2026,1120,na,hokkaido_iburi_tobu,Hokkaido1093,0.5,2,314,164,15904,58.92399658148603,0.1161290322576275,0.16059479553861555
E1,q2_x3_resunet_pooled_seed2026,pooled,intervention,2026,1120,na,hokkaido_iburi_tobu,Hokkaido1094,0.5,62,1117,226,14979,54.63800009176403,0.12245759729701179,0.16413277920937136
E1,q2_x3_resunet_pooled_seed2026,pooled,intervention,2026,1120,na,hokkaido_iburi_tobu,Hokkaido1095,0.5,0,798,122,15464,56.753854494650845,0.0,0.0
E1,q2_x3_resunet_pooled_seed2026,pooled,intervention,2026,1120,na,hokkaido_iburi_tobu,Hokkaido1096,0.5,90,711,435,15148,56.31161956277278,0.23643836731321852,0.3025493025488301
E1,q2_x3_resunet_pooled_seed2026,pooled,intervention,2026,1120,na,hokkaido_iburi_tobu,Hokkaido1097,0.5,538,1360,1223,13263,53.23532661682466,0.4157648969336417,0.5276868260593051
E1,q2_x3_resunet_pooled_seed2026,pooled,intervention,2026,1120,na,hokkaido_iburi_tobu,Hokkaido1098,0.5,1805,635,2492,11452,24.73154037515956,0.5274352879240606,0.7072123862496069
E1,q2_x3_resunet_pooled_seed2026,pooled,intervention,2026,1120,na,hokkaido_iburi_tobu,Hokkaido1099,0.5,3017,584,3166,9617,9.219544457292887,0.6105172600076482,0.8050333130724147
E1,q2_x3_resunet_pooled_seed2026,pooled,intervention,2026,1120,na,hokkaido_iburi_tobu,Hokkaido1100,0.5,2632,494,3221,10037,9.486832980505138,0.6336116910225001,0.8264925914633677
E1,q2_x3_resunet_pooled_seed2026,pooled,intervention,2026,1120,na,hokkaido_iburi_tobu,Hokkaido1101,0.5,2177,569,2793,10845,14.317821063276353,0.6377088003466388,0.8089639374999867
E1,q2_x3_resunet_pooled_seed2026,pooled,intervention,2026,1120,na,hokkaido_iburi_tobu,Hokkaido1102,0.5,1804,524,2628,11428,17.16968742790062,0.6372176703742723,0.8196637676186836
E1,q2_x3_resunet_pooled_seed2026,pooled,intervention,2026,1120,na,hokkaido_iburi_tobu,Hokkaido1103,0.5,1373,366,3166,11479,18.384776310850235,0.5282371409319803,0.6950820180646503
E1,q2_x3_resunet_pooled_seed2026,pooled,intervention,2026,1120,na,hokkaido_iburi_tobu,Hokkaido1104,0.5,1468,474,2911,11531,14.317821063276353,0.555584613949374,0.7480029819621052
E1,q2_x3_resunet_pooled_seed2026,pooled,intervention,2026,1120,na,hokkaido_iburi_tobu,Hokkaido1105,0.5,734,335,1571,13744,27.120064077887008,0.5122578527492256,0.673249997238827
E1,q2_x3_resunet_pooled_seed2026,pooled,intervention,2026,1120,na,hokkaido_iburi_tobu,Hokkaido1106,0.5,105,482,167,15630,55.57877292636101,0.2341708295391892,0.25632740980040525
E1,q2_x3_resunet_pooled_seed2026,pooled,intervention,2026,1120,na,hokkaido_iburi_tobu,Hokkaido1108,0.5,0,97,58,16229,34.37424823453873,0.0,0.0
E1,q2_x3_resunet_pooled_seed2026,pooled,intervention,2026,1120,na,hokkaido_iburi_tobu,Hokkaido1109,0.5,146,44,369,15825,19.654507639269056,0.5963558983902892,0.6856688482471188
E1,q2_x3_resunet_pooled_seed2026,pooled,intervention,2026,1120,na,hokkaido_iburi_tobu,Hokkaido1110,0.5,405,62,1021,14896,21.095023109728988,0.5675090739130267,0.6982429335365967
E1,q2_x3_resunet_pooled_seed2026,pooled,intervention,2026,1120,na,hokkaido_iburi_tobu,Hokkaido1111,0.5,554,340,1743,13747,22.47220505424423,0.4772363721831013,0.6097547859750235
E1,q2_x3_resunet_pooled_seed2026,pooled,intervention,2026,1120,na,hokkaido_iburi_tobu,Hokkaido1112,0.5,418,613,1704,13649,22.571596088565773,0.442564285758596,0.5705206094022615
E1,q2_x3_resunet_pooled_seed2026,pooled,intervention,2026,1120,na,hokkaido_iburi_tobu,Hokkaido1113,0.5,286,326,901,14871,27.30199461249288,0.413942585197014,0.5438421991652457
E1,q2_x3_resunet_pooled_seed2026,pooled,intervention,2026,1120,na,hokkaido_iburi_tobu,Hokkaido1114,0.5,259,130,661,15334,28.0,0.5121319779882652,0.645931814593165
E1,q2_x3_resunet_pooled_seed2026,pooled,intervention,2026,1120,na,hokkaido_iburi_tobu,Hokkaido1115,0.5,240,58,1128,14958,24.871587757398743,0.39233005420953904,0.5448037976269116
E1,q2_x3_resunet_pooled_seed2026,pooled,intervention,2026,1120,na,hokkaido_iburi_tobu,Hokkaido1116,0.5,265,40,1752,14327,42.316047201025135,0.32638015894969963,0.48967588762148595
E1,q2_x3_resunet_pooled_seed2026,pooled,intervention,2026,1120,na,hokkaido_iburi_tobu,Hokkaido1117,0.5,158,97,1140,14989,49.905615483780565,0.3001884968107945,0.4610239490041018
E1,q2_x3_resunet_pooled_seed2026,pooled,intervention,2026,1120,na,hokkaido_iburi_tobu,Hokkaido1118,0.5,225,273,559,15327,30.522931925274673,0.4448112234366884,0.5619357397853002
E1,q2_x3_resunet_pooled_seed2026,pooled,intervention,2026,1120,na,hokkaido_iburi_tobu,Hokkaido1119,0.5,253,124,504,15503,47.649178969885156,0.5596915263796916,0.760294975542875
E1,q2_x3_resunet_pooled_seed2026,pooled,intervention,2026,1120,na,hokkaido_iburi_tobu,Hokkaido1120,0.5,23,6,128,16227,55.0172685975106,0.3928571428568271,0.4745762711860787
E1,q2_x3_resunet_pooled_seed2026,pooled,intervention,2026,1120,na,hokkaido_iburi_tobu,Hokkaido1121,0.5,14,4,74,16292,101.25978560098231,0.3673469387752103,0.3838383838380736
E1,q2_x3_resunet_pooled_seed2026,pooled,intervention,2026,1120,na,hokkaido_iburi_tobu,Hokkaido1122,0.5,21,0,74,16289,98.13508387592387,0.48979591836697706,0.6037735849052389
E1,q2_x3_resunet_pooled_seed2026,pooled,intervention,2026,1120,na,hokkaido_iburi_tobu,Hokkaido1123,0.5,105,3,175,16101,32.11808693379566,0.6661238732185115,0.79999999999952
E1,q2_x3_resunet_pooled_seed2026,pooled,intervention,2026,1120,na,hokkaido_iburi_tobu,Hokkaido1124,0.5,98,6,289,15991,90.97854350949743,0.5041073524155304,0.6686972413188305
E1,q2_x3_resunet_pooled_seed2026,pooled,intervention,2026,1120,na,hokkaido_iburi_tobu,Hokkaido1125,0.5,92,10,595,15687,64.2228582534022,0.42536431665974395,0.6195827406349321
E1,q2_x3_resunet_pooled_seed2026,pooled,intervention,2026,1120,na,hokkaido_iburi_tobu,Hokkaido1126,0.5,362,52,1147,14823,39.296283515705056,0.4037662840187018,0.6675896292562687
E1,q2_x3_resunet_pooled_seed2026,pooled,intervention,2026,1120,na,hokkaido_iburi_tobu,Hokkaido1127,0.5,331,52,825,15176,19.062641583165572,0.4361475233047314,0.7037802153382117
E1,q2_x3_resunet_pooled_seed2026,pooled,intervention,2026,1120,na,hokkaido_iburi_tobu,Hokkaido1128,0.5,24,0,170,16190,74.9501484209965,0.2952029520292433,0.47297297297261176
E1,q2_x3_resunet_pooled_seed2026,pooled,intervention,2026,1120,na,hokkaido_iburi_tobu,Hokkaido1129,0.5,0,0,19,16365,181.01933598375618,0.0,0.0
E1,q2_x3_resunet_pooled_seed2026,pooled,intervention,2026,1120,na,hokkaido_iburi_tobu,Hokkaido1132,0.5,111,976,331,14966,36.21670271174102,0.29266145890593825,0.3812683655277734
E1,q2_x3_resunet_pooled_seed2026,pooled,intervention,2026,1120,na,hokkaido_iburi_tobu,Hokkaido1133,0.5,33,1205,438,14708,32.10916604949095,0.21658544073015368,0.3439666456581052
E1,q2_x3_resunet_pooled_seed2026,pooled,intervention,2026,1120,na,hokkaido_iburi_tobu,Hokkaido1134,0.5,0,1141,211,15032,52.81521027523064,0.03271028037335487,0.06249999999953125
E1,q2_x3_resunet_pooled_seed2026,pooled,intervention,2026,1120,na,hokkaido_iburi_tobu,Hokkaido1135,0.5,0,251,18,16115,77.26947723495513,0.0,0.0
E1,q2_x3_resunet_pooled_seed2026,pooled,intervention,2026,1120,na,hokkaido_iburi_tobu,Hokkaido1136,0.5,5,314,18,16047,132.04122028193433,0.07246376811584573,0.07352941176463505
E1,q2_x3_resunet_pooled_seed2026,pooled,intervention,2026,1120,na,hokkaido_iburi_tobu,Hokkaido1137,0.5,6,383,139,15856,81.76593739035974,0.07678883071506792,0.09195402298813952
E1,q2_x3_resunet_pooled_seed2026,pooled,intervention,2026,1120,na,hokkaido_iburi_tobu,Hokkaido1138,0.5,0,308,122,15954,95.3786479622049,0.0,0.0
E1,q2_x3_resunet_pooled_seed2026,pooled,intervention,2026,1120,na,hokkaido_iburi_tobu,Hokkaido1139,0.5,25,2035,88,14236,103.83576489544042,0.05134788189975599,0.06471095772207225
E1,q2_x3_resunet_pooled_seed2026,pooled,intervention,2026,1120,na,hokkaido_iburi_tobu,Hokkaido1140,0.5,321,1334,579,14150,69.02137272281858,0.36284236669561437,0.4247684770050488
E1,q2_x3_resunet_pooled_seed2026,pooled,intervention,2026,1120,na,hokkaido_iburi_tobu,Hokkaido1141,0.5,1043,394,1138,13809,48.41581171700494,0.6363691741443848,0.7728937629278543
E1,q2_x3_resunet_pooled_seed2026,pooled,intervention,2026,1120,na,hokkaido_iburi_tobu,Hokkaido1142,0.5,2027,574,1694,12089,10.198039027185569,0.6745386617655299,0.8433960517241758
E1,q2_x3_resunet_pooled_seed2026,pooled,intervention,2026,1120,na,hokkaido_iburi_tobu,Hokkaido1143,0.5,1510,259,3148,11467,19.875832202641426,0.5121740947224229,0.6816870152276466
E1,q2_x3_resunet_pooled_seed2026,pooled,intervention,2026,1120,na,hokkaido_iburi_tobu,Hokkaido1144,0.5,548,427,2531,12878,24.03538597629122,0.3478371599882871,0.4822625798574196
E1,q2_x3_resunet_pooled_seed2026,pooled,intervention,2026,1120,na,hokkaido_iburi_tobu,Hokkaido1145,0.5,476,530,1431,13947,27.83880441050108,0.48102357543458835,0.6216407990109241
E1,q2_x3_resunet_pooled_seed2026,pooled,intervention,2026,1120,na,hokkaido_iburi_tobu,Hokkaido1146,0.5,626,225,2048,13485,27.36737816618263,0.502829215645703,0.6718878203876056
E1,q2_x3_resunet_pooled_seed2026,pooled,intervention,2026,1120,na,hokkaido_iburi_tobu,Hokkaido1147,0.5,263,108,1392,14621,17.46424919657298,0.4350449269086024,0.5978624809145666
E1,q2_x3_resunet_pooled_seed2026,pooled,intervention,2026,1120,na,hokkaido_iburi_tobu,Hokkaido1148,0.5,25,146,209,16004,73.39744370359908,0.2420480993012993,0.3224043715842
E1,q2_x3_resunet_pooled_seed2026,pooled,intervention,2026,1120,na,hokkaido_iburi_tobu,Hokkaido1149,0.5,25,33,213,16113,32.973664648202,0.3588615426917041,0.5495014603681181
E1,q2_x3_resunet_pooled_seed2026,pooled,intervention,2026,1120,na,hokkaido_iburi_tobu,Hokkaido1150,0.5,38,42,135,16169,20.369316876852977,0.602258469259233,0.7251503360447777
E1,q2_x3_resunet_pooled_seed2026,pooled,intervention,2026,1120,na,hokkaido_iburi_tobu,Hokkaido1151,0.5,80,144,58,16102,31.67737984914224,0.5077223851413075,0.5349794238678768
E1,q2_x3_resunet_pooled_seed2026,pooled,intervention,2026,1120,na,hokkaido_iburi_tobu,Hokkaido1152,0.5,91,140,64,16089,32.190050972962666,0.4020618556696448,0.4591167468294753
E1,q2_x3_resunet_pooled_seed2026,pooled,intervention,2026,1120,na,hokkaido_iburi_tobu,Hokkaido1153,0.5,41,9,251,16083,108.14500371960533,0.4032921810696368,0.4664031620549782
E1,q2_x3_resunet_pooled_seed2026,pooled,intervention,2026,1120,na,hokkaido_iburi_tobu,Hokkaido1154,0.5,61,355,445,15523,72.92060255919604,0.29537647386450794,0.3524971836270051
E1,q2_x3_resunet_pooled_seed2026,pooled,intervention,2026,1120,na,hokkaido_iburi_tobu,Hokkaido1155,0.5,115,731,1215,14323,30.472932442579815,0.2462219482807317,0.37839319988982256
E1,q2_x3_resunet_pooled_seed2026,pooled,intervention,2026,1120,na,hokkaido_iburi_tobu,Hokkaido1156,0.5,188,408,1328,14460,20.119639686446842,0.3672371909235953,0.519565442155695
E1,q2_x3_resunet_pooled_seed2026,pooled,intervention,2026,1120,na,hokkaido_iburi_tobu,Hokkaido1157,0.5,135,217,548,15484,26.33435228261872,0.4004521817765914,0.5576146115057304
E1,q2_x3_resunet_pooled_seed2026,pooled,intervention,2026,1120,na,hokkaido_iburi_tobu,Hokkaido1158,0.5,295,226,1087,14776,20.0,0.42988451567241753,0.597666675303333
E1,q2_x3_resunet_pooled_seed2026,pooled,intervention,2026,1120,na,hokkaido_iburi_tobu,Hokkaido1159,0.5,456,64,2409,13455,37.05401462729781,0.3445634609054971,0.525443311043174
E1,q2_x3_resunet_pooled_seed2026,pooled,intervention,2026,1120,na,hokkaido_iburi_tobu,Hokkaido1160,0.5,350,10,2992,13032,46.635783239191824,0.21957340025062394,0.3818586447698261
E1,q2_x3_resunet_pooled_seed2026,pooled,intervention,2026,1120,na,hokkaido_iburi_tobu,Hokkaido1161,0.5,389,37,1931,14027,49.16299421312742,0.3620622618519298,0.5154575305119588
E1,q2_x3_resunet_pooled_seed2026,pooled,intervention,2026,1120,na,hokkaido_iburi_tobu,Hokkaido1162,0.5,457,88,871,14968,18.258513663514734,0.6545494175481648,0.8077782340285953
E1,q2_x3_resunet_pooled_seed2026,pooled,intervention,2026,1120,na,hokkaido_iburi_tobu,Hokkaido1163,0.5,248,173,666,15297,18.299999999999955,0.5795285581169324,0.7298091042579542
E1,q2_x3_resunet_pooled_seed2026,pooled,intervention,2026,1120,na,hokkaido_iburi_tobu,Hokkaido1164,0.5,84,123,416,15761,18.33410895415144,0.4437309901989358,0.6427498616632609
E1,q2_x3_resunet_pooled_seed2026,pooled,intervention,2026,1120,na,hokkaido_iburi_tobu,Hokkaido1165,0.5,78,25,315,15966,45.149674806768985,0.5052688462573136,0.7592067988663844
E1,q2_x3_resunet_pooled_seed2026,pooled,intervention,2026,1120,na,hokkaido_iburi_tobu,Hokkaido1166,0.5,93,4,157,16130,50.142288398321554,0.6926599139720707,0.822580645160806
E1,q2_x3_resunet_pooled_seed2026,pooled,intervention,2026,1120,na,hokkaido_iburi_tobu,Hokkaido1167,0.5,83,1,132,16168,93.3194245711822,0.6090938828912956,0.7887323943657195
E1,q2_x3_resunet_pooled_seed2026,pooled,intervention,2026,1120,na,hokkaido_iburi_tobu,Hokkaido1168,0.5,52,0,109,16223,106.48210613182606,0.4750304506695339,0.6666666666662222
E1,q2_x3_resunet_pooled_seed2026,pooled,intervention,2026,1120,na,hokkaido_iburi_tobu,Hokkaido1169,0.5,2,93,252,16037,54.225911799778615,0.0,0.04999999999965125
E1,q2_x3_resunet_pooled_seed2026,pooled,intervention,2026,1120,na,hokkaido_iburi_tobu,Hokkaido1170,0.5,315,187,935,14947,50.305018230329104,0.3465493488399336,0.5882004178953968
E1,q2_x3_resunet_pooled_seed2026,pooled,intervention,2026,1120,na,hokkaido_iburi_tobu,Hokkaido1171,0.5,379,107,1168,14730,25.563554401958257,0.3973720301718102,0.631289398280332
E1,q2_x3_resunet_pooled_seed2026,pooled,intervention,2026,1120,na,hokkaido_iburi_tobu,Hokkaido1172,0.5,137,22,589,15636,52.387969848024106,0.4812638725678303,0.6095890410954666
E1,q2_x3_resunet_pooled_seed2026,pooled,intervention,2026,1120,na,hokkaido_iburi_tobu,Hokkaido1173,0.5,75,17,166,16126,74.71372314235224,0.6729663105993857,0.7375886524818038
E1,q2_x3_resunet_pooled_seed2026,pooled,intervention,2026,1120,na,hokkaido_iburi_tobu,Hokkaido1174,0.5,7,701,80,15596,47.38354055410798,0.056131787675251565,0.058230683090603766
E1,q2_x3_resunet_pooled_seed2026,pooled,intervention,2026,1120,na,hokkaido_iburi_tobu,Hokkaido1175,0.5,0,730,40,15614,150.0989632820535,0.0,0.0
E1,q2_x3_resunet_pooled_seed2026,pooled,intervention,2026,1120,na,hokkaido_iburi_tobu,Hokkaido1178,0.5,0,336,61,15987,124.42808943841248,0.0,0.0
E1,q2_x3_resunet_pooled_seed2026,pooled,intervention,2026,1120,na,hokkaido_iburi_tobu,Hokkaido1179,0.5,15,122,53,16194,102.8,0.22085889570506306,0.23312883435536977
E1,q2_x3_resunet_pooled_seed2026,pooled,intervention,2026,1120,na,hokkaido_iburi_tobu,Hokkaido1180,0.5,0,292,20,16072,146.71195502116316,0.0,0.0
E1,q2_x3_resunet_pooled_seed2026,pooled,intervention,2026,1120,na,hokkaido_iburi_tobu,Hokkaido1183,0.5,16,215,78,16075,60.13108004525076,0.13747362074133768,0.3341029471679493
E1,q2_x3_resunet_pooled_seed2026,pooled,intervention,2026,1120,na,hokkaido_iburi_tobu,Hokkaido1184,0.5,16,289,78,16001,103.54949028564764,0.11845102505669533,0.26182287188279796
E1,q2_x3_resunet_pooled_seed2026,pooled,intervention,2026,1120,na,hokkaido_iburi_tobu,Hokkaido1186,0.5,30,2082,113,14159,71.33719426634272,0.09381706693894687,0.09757986447216829
E1,q2_x3_resunet_pooled_seed2026,pooled,intervention,2026,1120,na,hokkaido_iburi_tobu,Hokkaido1187,0.5,8,455,169,15752,80.1558800242245,0.07314756174757839,0.0812224387239721
E1,q2_x3_resunet_pooled_seed2026,pooled,intervention,2026,1120,na,hokkaido_iburi_tobu,Hokkaido1188,0.5,117,40,540,15687,68.61506899969963,0.35577000402052716,0.5644607552972932
E1,q2_x3_resunet_pooled_seed2026,pooled,intervention,2026,1120,na,hokkaido_iburi_tobu,Hokkaido1189,0.5,345,193,1918,13928,44.638273033336155,0.4167022408088033,0.5847976376985111
E1,q2_x3_resunet_pooled_seed2026,pooled,intervention,2026,1120,na,hokkaido_iburi_tobu,Hokkaido1190,0.5,276,566,1772,13770,23.380525678727462,0.301901135230444,0.41554525022001054
E1,q2_x3_resunet_pooled_seed2026,pooled,intervention,2026,1120,na,hokkaido_iburi_tobu,Hokkaido1191,0.5,306,473,607,14998,30.974068591133065,0.3942967573073543,0.5112510931992073
E1,q2_x3_resunet_pooled_seed2026,pooled,intervention,2026,1120,na,hokkaido_iburi_tobu,Hokkaido1192,0.5,275,155,803,15151,31.078897635424834,0.43019605825098745,0.5779323459796604
E1,q2_x3_resunet_pooled_seed2026,pooled,intervention,2026,1120,na,hokkaido_iburi_tobu,Hokkaido1193,0.5,53,37,574,15720,28.08012784032872,0.35232884025056066,0.48979591836694847
E1,q2_x3_resunet_pooled_seed2026,pooled,intervention,2026,1120,na,hokkaido_iburi_tobu,Hokkaido1194,0.5,10,2,148,16224,74.80833432064381,0.3708609271520158,0.6101694915249997
E1,q2_x3_resunet_pooled_seed2026,pooled,intervention,2026,1120,na,hokkaido_iburi_tobu,Hokkaido1195,0.5,139,617,108,15520,31.12137683079948,0.3308823529406948,0.44306249362783545
E1,q2_x3_resunet_pooled_seed2026,pooled,intervention,2026,1120,na,hokkaido_iburi_tobu,Hokkaido1196,0.5,49,66,133,16136,45.59932978923994,0.5830085736549959,0.665755670947847
E1,q2_x3_resunet_pooled_seed2026,pooled,intervention,2026,1120,na,hokkaido_iburi_tobu,Hokkaido1197,0.5,74,33,63,16214,84.02112805335044,0.7259786476863367,0.7878245299905509
E1,q2_x3_resunet_pooled_seed2026,pooled,intervention,2026,1120,na,hokkaido_iburi_tobu,Hokkaido1198,0.5,78,28,114,16164,48.0401432765231,0.5573419078237322,0.6911052399818867
E1,q2_x3_resunet_pooled_seed2026,pooled,intervention,2026,1120,na,hokkaido_iburi_tobu,Hokkaido1199,0.5,0,0,187,16197,181.01933598375618,0.0,0.0
E1,q2_x3_resunet_pooled_seed2026,pooled,intervention,2026,1120,na,hokkaido_iburi_tobu,Hokkaido1200,0.5,0,161,221,16002,86.1125952075522,0.0,0.0
E1,q2_x3_resunet_pooled_seed2026,pooled,intervention,2026,1120,na,hokkaido_iburi_tobu,Hokkaido1201,0.5,48,496,376,15464,47.57012633433935,0.23566103016372308,0.2866705526197298
E1,q2_x3_resunet_pooled_seed2026,pooled,intervention,2026,1120,na,hokkaido_iburi_tobu,Hokkaido1202,0.5,86,288,544,15466,21.18962010041709,0.34835793112571606,0.49435747431473126
E1,q2_x3_resunet_pooled_seed2026,pooled,intervention,2026,1120,na,hokkaido_iburi_tobu,Hokkaido1203,0.5,158,232,562,15432,24.689383836454812,0.3810270984264556,0.5266673027377995
E1,q2_x3_resunet_pooled_seed2026,pooled,intervention,2026,1120,na,hokkaido_iburi_tobu,Hokkaido1204,0.5,247,387,1162,14588,27.018512172212592,0.3468574435480422,0.4996847335362951
E1,q2_x3_resunet_pooled_seed2026,pooled,intervention,2026,1120,na,hokkaido_iburi_tobu,Hokkaido1205,0.5,450,376,2639,12919,23.17862187224799,0.26781277948880844,0.4878876027467135
E1,q2_x3_resunet_pooled_seed2026,pooled,intervention,2026,1120,na,hokkaido_iburi_tobu,Hokkaido1206,0.5,442,27,3223,12692,45.65084884205331,0.1903606907861248,0.3734267377779425
E1,q2_x3_resunet_pooled_seed2026,pooled,intervention,2026,1120,na,hokkaido_iburi_tobu,Hokkaido1207,0.5,328,76,1903,14077,53.3399471545847,0.2917521542876962,0.3970437927506239
E1,q2_x3_resunet_pooled_seed2026,pooled,intervention,2026,1120,na,hokkaido_iburi_tobu,Hokkaido1208,0.5,285,81,758,15260,24.637319879681385,0.5221774610056444,0.6497669272054731
E1,q2_x3_resunet_pooled_seed2026,pooled,intervention,2026,1120,na,hokkaido_iburi_tobu,Hokkaido1209,0.5,310,218,870,14986,17.2929124058732,0.544515037990869,0.6583969149245367
E1,q2_x3_resunet_pooled_seed2026,pooled,intervention,2026,1120,na,hokkaido_iburi_tobu,Hokkaido1210,0.5,346,268,870,14900,17.910835055998646,0.5764242971724437,0.7438081285596431
E1,q2_x3_resunet_pooled_seed2026,pooled,intervention,2026,1120,na,hokkaido_iburi_tobu,Hokkaido1211,0.5,211,41,493,15639,29.0255595494028,0.6797349145443489,0.8644295302008514
E1,q2_x3_resunet_pooled_seed2026,pooled,intervention,2026,1120,na,hokkaido_iburi_tobu,Hokkaido1212,0.5,130,2,413,15839,48.8947040583669,0.4748428777075009,0.6956171892675562
E1,q2_x3_resunet_pooled_seed2026,pooled,intervention,2026,1120,na,hokkaido_iburi_tobu,Hokkaido1213,0.5,91,5,212,16076,73.0,0.42361359570614876,0.7100461639916019
E1,q2_x3_resunet_pooled_seed2026,pooled,intervention,2026,1120,na,hokkaido_iburi_tobu,Hokkaido1214,0.5,10,5,17,16352,53.20994735087923,0.7441860465111606,0.7727272727267984
E1,q2_x3_resunet_pooled_seed2026,pooled,intervention,2026,1120,na,hokkaido_iburi_tobu,Hokkaido1216,0.5,5,255,110,16014,55.66839940332008,0.0,0.05984611000270535
E1,q2_x3_resunet_pooled_seed2026,pooled,intervention,2026,1120,na,hokkaido_iburi_tobu,Hokkaido1217,0.5,51,148,447,15738,43.38636579077637,0.17706620510556423,0.34577603143368535
E1,q2_x3_resunet_pooled_seed2026,pooled,intervention,2026,1120,na,hokkaido_iburi_tobu,Hokkaido1218,0.5,173,30,675,15506,51.87827306014009,0.49462513465775304,0.5977337110477395
E1,q2_x3_resunet_pooled_seed2026,pooled,intervention,2026,1120,na,hokkaido_iburi_tobu,Hokkaido1219,0.5,263,49,567,15505,58.17085299246249,0.6565181855328605,0.7672634271095015
E1,q2_x3_resunet_pooled_seed2026,pooled,intervention,2026,1120,na,hokkaido_iburi_tobu,Hokkaido1220,0.5,57,416,354,15557,48.01510049581512,0.24625762335934048,0.2912325801646482
E1,q2_x3_resunet_pooled_seed2026,pooled,intervention,2026,1120,na,hokkaido_iburi_tobu,Hokkaido1221,0.5,0,901,40,15443,131.7269904006009,0.0,0.0
E1,q2_x3_resunet_pooled_seed2026,pooled,intervention,2026,1120,na,hokkaido_iburi_tobu,Hokkaido1223,0.5,5,484,97,15798,75.7429588680268,0.08306414397738626,0.095497953614886
E1,q2_x3_resunet_pooled_seed2026,pooled,intervention,2026,1120,na,hokkaido_iburi_tobu,Hokkaido1224,0.5,1,17,101,16265,76.11996679565095,0.09463722397438606,0.1598062953990267
E1,q2_x3_resunet_pooled_seed2026,pooled,intervention,2026,1120,na,hokkaido_iburi_tobu,Hokkaido1225,0.5,16,954,78,15336,82.56739953735496,0.05008561643822672,0.09328014728432787
E1,q2_x3_resunet_pooled_seed2026,pooled,intervention,2026,1120,na,hokkaido_iburi_tobu,Hokkaido1226,0.5,11,294,119,15960,74.01823824874299,0.08313539192366824,0.1821378340362895
E1,q2_x3_resunet_pooled_seed2026,pooled,intervention,2026,1120,na,hokkaido_iburi_tobu,Hokkaido1227,0.5,41,98,62,16183,74.47559180387995,0.51700680272062,0.6078147612151844
E1,q2_x3_resunet_pooled_seed2026,pooled,intervention,2026,1120,na,hokkaido_iburi_tobu,Hokkaido1228,0.5,2,25,65,16292,116.21101496846157,0.12244897959137754,0.15160349854194918
E1,q2_x3_resunet_pooled_seed2026,pooled,intervention,2026,1120,na,hokkaido_iburi_tobu,Hokkaido1230,0.5,0,1839,36,14509,130.62848008788484,0.0,0.0
E1,q2_x3_resunet_pooled_seed2026,pooled,intervention,2026,1120,na,hokkaido_iburi_tobu,Hokkaido1231,0.5,0,521,44,15819,119.95677059349173,0.0,0.0
E1,q2_x3_resunet_pooled_seed2026,pooled,intervention,2026,1120,na,hokkaido_iburi_tobu,Hokkaido1232,0.5,5,1011,119,15249,53.519286309720684,0.041194644695844704,0.048652694610630466
E1,q2_x3_resunet_pooled_seed2026,pooled,intervention,2026,1120,na,hokkaido_iburi_tobu,Hokkaido1233,0.5,140,317,786,15141,30.931076094888095,0.4439941256156852,0.5486341823546127
E1,q2_x3_resunet_pooled_seed2026,pooled,intervention,2026,1120,na,hokkaido_iburi_tobu,Hokkaido1234,0.5,403,658,1054,14269,21.00594901040716,0.43257397224355665,0.5326851289169444
E1,q2_x3_resunet_pooled_seed2026,pooled,intervention,2026,1120,na,hokkaido_iburi_tobu,Hokkaido1235,0.5,272,848,739,14525,36.28245473526682,0.3454274353871795,0.4472999497872392
E1,q2_x3_resunet_pooled_seed2026,pooled,intervention,2026,1120,na,hokkaido_iburi_tobu,Hokkaido1236,0.5,104,449,430,15401,48.467940671131785,0.32610369269113143,0.4397656986027124
E1,q2_x3_resunet_pooled_seed2026,pooled,intervention,2026,1120,na,hokkaido_iburi_tobu,Hokkaido1237,0.5,5,1,155,16223,23.987250177875975,0.24999999999978123,0.3064516129029663
E1,q2_x3_resunet_pooled_seed2026,pooled,intervention,2026,1120,na,hokkaido_iburi_tobu,Hokkaido1238,0.5,0,0,35,16349,181.01933598375618,0.0,0.0
E1,q2_x3_resunet_pooled_seed2026,pooled,intervention,2026,1120,na,hokkaido_iburi_tobu,Hokkaido1239,0.5,1,0,81,16302,78.86537685881586,0.1818181818180165,0.42105263157861494
E1,q2_x3_resunet_pooled_seed2026,pooled,intervention,2026,1120,na,hokkaido_iburi_tobu,Hokkaido1240,0.5,0,0,62,16322,181.01933598375618,0.0,0.0
E1,q2_x3_resunet_pooled_seed2026,pooled,intervention,2026,1120,na,hokkaido_iburi_tobu,Hokkaido1241,0.5,0,0,25,16359,181.01933598375618,0.0,0.0
E1,q2_x3_resunet_pooled_seed2026,pooled,intervention,2026,1120,na,hokkaido_iburi_tobu,Hokkaido1242,0.5,11,5,63,16305,38.97709129653709,0.5490196078427388,0.745762711863939
E1,q2_x3_resunet_pooled_seed2026,pooled,intervention,2026,1120,na,hokkaido_iburi_tobu,Hokkaido1243,0.5,24,6,195,16159,77.44285885275802,0.38778765094520334,0.5673076923072858
E1,q2_x3_resunet_pooled_seed2026,pooled,intervention,2026,1120,na,hokkaido_iburi_tobu,Hokkaido1244,0.5,26,55,229,16074,69.01267935268066,0.2984838913450592,0.4030710172739724
E1,q2_x3_resunet_pooled_seed2026,pooled,intervention,2026,1120,na,hokkaido_iburi_tobu,Hokkaido1245,0.5,17,113,185,16069,42.14378924337011,0.2059211766919383,0.2603017991869775
E1,q2_x3_resunet_pooled_seed2026,pooled,intervention,2026,1120,na,hokkaido_iburi_tobu,Hokkaido1246,0.5,61,1294,237,14792,49.44182690067486,0.1859504132226627,0.22975644325042494
E1,q2_x3_resunet_pooled_seed2026,pooled,intervention,2026,1120,na,hokkaido_iburi_tobu,Hokkaido1247,0.5,144,321,575,15344,44.873090426616145,0.31835766036012686,0.42026356426390576
E1,q2_x3_resunet_pooled_seed2026,pooled,intervention,2026,1120,na,hokkaido_iburi_tobu,Hokkaido1248,0.5,197,699,726,14762,36.88156674472702,0.36611489775997225,0.492967346179561
E1,q2_x3_resunet_pooled_seed2026,pooled,intervention,2026,1120,na,hokkaido_iburi_tobu,Hokkaido1249,0.5,262,873,1684,13565,32.67106008936689,0.24705247908933528,0.41185971074049843
E1,q2_x3_resunet_pooled_seed2026,pooled,intervention,2026,1120,na,hokkaido_iburi_tobu,Hokkaido1250,0.5,166,142,2267,13809,54.187739071783525,0.14744258027730034,0.3055760132812641
E1,q2_x3_resunet_pooled_seed2026,pooled,intervention,2026,1120,na,hokkaido_iburi_tobu,Hokkaido1251,0.5,22,201,1290,14871,74.2475588182951,0.08273009307100321,0.12132024977654021
E1,q2_x3_resunet_pooled_seed2026,pooled,intervention,2026,1120,na,hokkaido_iburi_tobu,Hokkaido1252,0.5,172,235,864,15113,40.09363020488468,0.39771217011535254,0.4749784656417941
E1,q2_x3_resunet_pooled_seed2026,pooled,intervention,2026,1120,na,hokkaido_iburi_tobu,Hokkaido1253,0.5,237,81,1106,14960,25.11469188358971,0.4106872430947231,0.5419395732089449
E1,q2_x3_resunet_pooled_seed2026,pooled,intervention,2026,1120,na,hokkaido_iburi_tobu,Hokkaido1254,0.5,199,58,777,15350,35.834273442945864,0.4293941824009943,0.5979798317357388
E1,q2_x3_resunet_pooled_seed2026,pooled,intervention,2026,1120,na,hokkaido_iburi_tobu,Hokkaido1255,0.5,326,52,571,15435,40.089776118017596,0.5867965190411452,0.7858748872930773
E1,q2_x3_resunet_pooled_seed2026,pooled,intervention,2026,1120,na,hokkaido_iburi_tobu,Hokkaido1256,0.5,435,73,769,15107,34.0,0.5855156464408146,0.7590939615034464
E1,q2_x3_resunet_pooled_seed2026,pooled,intervention,2026,1120,na,hokkaido_iburi_tobu,Hokkaido1257,0.5,236,62,443,15643,16.052262585235024,0.5874804018345059,0.7773899952092636
E1,q2_x3_resunet_pooled_seed2026,pooled,intervention,2026,1120,na,hokkaido_iburi_tobu,Hokkaido1258,0.5,18,4,146,16216,93.13900051936933,0.46268656716382345,0.5694444444440371
E1,q2_x3_resunet_pooled_seed2026,pooled,intervention,2026,1120,na,hokkaido_iburi_tobu,Hokkaido1259,0.5,0,0,67,16317,181.01933598375618,0.0,0.0
E1,q2_x3_resunet_pooled_seed2026,pooled,intervention,2026,1120,na,hokkaido_iburi_tobu,Hokkaido1260,0.5,0,12,31,16341,31.197483193413827,0.0,0.0
E1,q2_x3_resunet_pooled_seed2026,pooled,intervention,2026,1120,na,hokkaido_iburi_tobu,Hokkaido1261,0.5,0,67,33,16284,113.69312101598594,0.0,0.0
E1,q2_x3_resunet_pooled_seed2026,pooled,intervention,2026,1120,na,hokkaido_iburi_tobu,Hokkaido1262,0.5,58,69,311,15946,94.5735291557542,0.3593279335961893,0.43475117483986625
E1,q2_x3_resunet_pooled_seed2026,pooled,intervention,2026,1120,na,hokkaido_iburi_tobu,Hokkaido1263,0.5,116,8,544,15716,63.7369313176405,0.4828554241022921,0.6539923954368145
E1,q2_x3_resunet_pooled_seed2026,pooled,intervention,2026,1120,na,hokkaido_iburi_tobu,Hokkaido1264,0.5,52,184,272,15876,115.94438239370552,0.22999019928081382,0.2646558015077489
E1,q2_x3_resunet_pooled_seed2026,pooled,intervention,2026,1120,na,hokkaido_iburi_tobu,Hokkaido1265,0.5,1,435,101,15847,54.00925846556311,0.026560424966467867,0.02999318336722429
E1,q2_x3_resunet_pooled_seed2026,pooled,intervention,2026,1120,na,hokkaido_iburi_tobu,Hokkaido1266,0.5,0,601,102,15681,105.76904273347975,0.0,0.0
E1,q2_x3_resunet_pooled_seed2026,pooled,intervention,2026,1120,na,hokkaido_iburi_tobu,Hokkaido1267,0.5,0,255,36,16093,136.26057297140827,0.0,0.0
E1,q2_x3_resunet_pooled_seed2026,pooled,intervention,2026,1120,na,hokkaido_iburi_tobu,Hokkaido1268,0.5,0,165,103,16116,116.50749273758441,0.0,0.0
E1,q2_x3_resunet_pooled_seed2026,pooled,intervention,2026,1120,na,hokkaido_iburi_tobu,Hokkaido1269,0.5,0,0,67,16317,181.01933598375618,0.0,0.0
E1,q2_x3_resunet_pooled_seed2026,pooled,intervention,2026,1120,na,hokkaido_iburi_tobu,Hokkaido1270,0.5,41,11,65,16267,143.1233096962603,0.6318956870607093,0.7317073170726763
E1,q2_x3_resunet_pooled_seed2026,pooled,intervention,2026,1120,na,hokkaido_iburi_tobu,Hokkaido1271,0.5,51,63,675,15595,42.06423149598067,0.42703712351112866,0.5740536567433905
E1,q2_x3_resunet_pooled_seed2026,pooled,intervention,2026,1120,na,hokkaido_iburi_tobu,Hokkaido1272,0.5,174,310,979,14921,41.76178759576909,0.38972809667626146,0.529722658293594
E1,q2_x3_resunet_pooled_seed2026,pooled,intervention,2026,1120,na,hokkaido_iburi_tobu,Hokkaido1273,0.5,54,712,629,14989,38.97304587500623,0.21879273295515708,0.3012458737083716
E1,q2_x3_resunet_pooled_seed2026,pooled,intervention,2026,1120,na,hokkaido_iburi_tobu,Hokkaido1274,0.5,13,477,154,15740,52.61110652301001,0.19905213270094257,0.30823837100642937
E1,q2_x3_resunet_pooled_seed2026,pooled,intervention,2026,1120,na,hokkaido_iburi_tobu,Hokkaido1275,0.5,0,67,93,16224,36.384356625560926,0.04624277456604898,0.08306709265147588
E1,q2_x3_resunet_pooled_seed2026,pooled,intervention,2026,1120,na,hokkaido_iburi_tobu,Hokkaido1276,0.5,1,328,110,15945,73.5435237961508,0.009411764705788412,0.009669021941196338
E1,q2_x3_resunet_pooled_seed2026,pooled,intervention,2026,1120,na,hokkaido_iburi_tobu,Hokkaido1277,0.5,6,326,67,15985,73.8207273190258,0.058864751226157544,0.061046511627769716
E1,q2_x3_resunet_pooled_seed2026,pooled,intervention,2026,1120,na,hokkaido_iburi_tobu,Hokkaido1278,0.5,1,68,63,16252,75.0,0.056603773584545214,0.06639004149358999
E1,q2_x3_resunet_pooled_seed2026,pooled,intervention,2026,1120,na,hokkaido_iburi_tobu,Hokkaido1279,0.5,0,0,34,16350,181.01933598375618,0.0,0.0
E1,q2_x3_resunet_pooled_seed2026,pooled,intervention,2026,1120,na,hokkaido_iburi_tobu,Hokkaido1280,0.5,3,2,49,16330,71.83609408026959,0.49999999999962497,0.7857142857138087
E1,q2_x3_resunet_pooled_seed2026,pooled,intervention,2026,1120,na,hokkaido_iburi_tobu,Hokkaido1281,0.5,29,5,166,16184,14.523859971268333,0.582372629229754,0.8301886792447974
E1,q2_x3_resunet_pooled_seed2026,pooled,intervention,2026,1120,na,hokkaido_iburi_tobu,Hokkaido1282,0.5,17,64,134,16169,105.70807353351232,0.2580645161285406,0.37149028077708285
E1,q2_x3_resunet_pooled_seed2026,pooled,intervention,2026,1120,na,hokkaido_iburi_tobu,Hokkaido1283,0.5,11,98,51,16224,103.47216633622966,0.16940451745337934,0.16940451745337934
E1,q2_x3_resunet_pooled_seed2026,pooled,intervention,2026,1120,na,hokkaido_iburi_tobu,Hokkaido1284,0.5,41,183,112,16048,54.78850607803131,0.3286170698306515,0.3776518938127076
E1,q2_x3_resunet_pooled_seed2026,pooled,intervention,2026,1120,na,hokkaido_iburi_tobu,Hokkaido1285,0.5,40,121,290,15933,55.3786070975424,0.32762395363764285,0.4012727467729575
E1,q2_x3_resunet_pooled_seed2026,pooled,intervention,2026,1120,na,hokkaido_iburi_tobu,Hokkaido1286,0.5,124,318,640,15302,38.59987036283316,0.3353417435506589,0.4668237141730553
E1,q2_x3_resunet_pooled_seed2026,pooled,intervention,2026,1120,na,hokkaido_iburi_tobu,Hokkaido1287,0.5,224,427,1460,14273,27.892651361962706,0.3499170812599447,0.510105254161985
E1,q2_x3_resunet_pooled_seed2026,pooled,intervention,2026,1120,na,hokkaido_iburi_tobu,Hokkaido1288,0.5,89,515,1460,14320,39.04356112260328,0.19665509074225115,0.3121042508585601
E1,q2_x3_resunet_pooled_seed2026,pooled,intervention,2026,1120,na,hokkaido_iburi_tobu,Hokkaido1289,0.5,29,503,744,15108,40.803798755333126,0.13081989552527823,0.1590689786246367
E1,q2_x3_resunet_pooled_seed2026,pooled,intervention,2026,1120,na,hokkaido_iburi_tobu,Hokkaido1290,0.5,76,95,837,15376,27.730849247724095,0.33087960541024325,0.41696905720083294
E1,q2_x3_resunet_pooled_seed2026,pooled,intervention,2026,1120,na,hokkaido_iburi_tobu,Hokkaido1291,0.5,128,125,959,15172,36.44160327570987,0.32493368700227687,0.4475502675737417
E1,q2_x3_resunet_pooled_seed2026,pooled,intervention,2026,1120,na,hokkaido_iburi_tobu,Hokkaido1292,0.5,157,144,891,15192,31.32490539720582,0.35093419983712276,0.5035671902264236
E1,q2_x3_resunet_pooled_seed2026,pooled,intervention,2026,1120,na,hokkaido_iburi_tobu,Hokkaido1293,0.5,418,184,1360,14422,21.95449840010015,0.4474441035331936,0.63141474582817
E1,q2_x3_resunet_pooled_seed2026,pooled,intervention,2026,1120,na,hokkaido_iburi_tobu,Hokkaido1294,0.5,590,416,1128,14250,22.169773466176586,0.48419212352295826,0.6210475257849629
E1,q2_x3_resunet_pooled_seed2026,pooled,intervention,2026,1120,na,hokkaido_iburi_tobu,Hokkaido1295,0.5,172,340,370,15502,38.751444292017894,0.43544907459925175,0.535811403015448
E1,q2_x3_resunet_pooled_seed2026,pooled,intervention,2026,1120,na,hokkaido_iburi_tobu,Hokkaido1296,0.5,12,140,135,16097,48.065053110361376,0.1671309192195953,0.20588235294084375
E1,q2_x3_resunet_pooled_seed2026,pooled,intervention,2026,1120,na,hokkaido_iburi_tobu,Hokkaido1297,0.5,2,0,228,16154,68.09576586467257,0.1052631578946371,0.293838862558991
E1,q2_x3_resunet_pooled_seed2026,pooled,intervention,2026,1120,na,hokkaido_iburi_tobu,Hokkaido1298,0.5,5,6,272,16101,32.55456826643759,0.130568356374562,0.25259067357472825
E1,q2_x3_resunet_pooled_seed2026,pooled,intervention,2026,1120,na,hokkaido_iburi_tobu,Hokkaido1299,0.5,0,223,84,16077,88.48049591220415,0.0,0.0
E1,q2_x3_resunet_pooled_seed2026,pooled,intervention,2026,1120,na,hokkaido_iburi_tobu,Hokkaido1300,0.5,0,294,53,16037,91.19463863518345,0.0,0.0
E1,q2_x3_resunet_pooled_seed2026,pooled,intervention,2026,1120,na,hokkaido_iburi_tobu,Hokkaido1301,0.5,0,193,52,16139,134.34854239470647,0.0,0.0
E1,q2_x3_resunet_pooled_seed2026,pooled,intervention,2026,1120,na,hokkaido_iburi_tobu,Hokkaido1302,0.5,56,18,314,15996,42.8075010091753,0.4176647806595077,0.5431902490721919
E1,q2_x3_resunet_pooled_seed2026,pooled,intervention,2026,1120,na,hokkaido_iburi_tobu,Hokkaido1303,0.5,111,71,444,15758,60.85218640523122,0.46093640249611606,0.5776867536790758
E1,q2_x3_resunet_pooled_seed2026,pooled,intervention,2026,1120,na,hokkaido_iburi_tobu,Hokkaido1304,0.5,66,99,350,15869,26.67488699572307,0.41812634195908027,0.5627376425850635
E1,q2_x3_resunet_pooled_seed2026,pooled,intervention,2026,1120,na,hokkaido_iburi_tobu,Hokkaido1305,0.5,140,110,374,15760,35.47532605123405,0.5608528784643472,0.6738461538456638
E1,q2_x3_resunet_pooled_seed2026,pooled,intervention,2026,1120,na,hokkaido_iburi_tobu,Hokkaido1306,0.5,131,144,243,15866,34.27818941997816,0.5584675601084451,0.6331709491509633
E1,q2_x3_resunet_pooled_seed2026,pooled,intervention,2026,1120,na,hokkaido_iburi_tobu,Hokkaido1307,0.5,0,684,91,15609,83.02832960064437,0.0,0.0
E1,q2_x3_resunet_pooled_seed2026,pooled,intervention,2026,1120,na,hokkaido_iburi_tobu,Hokkaido1309,0.5,0,13,19,16352,101.27285711075353,0.0,0.0
E1,q2_x3_resunet_pooled_seed2026,pooled,intervention,2026,1120,na,hokkaido_iburi_tobu,Hokkaido1310,0.5,0,12,26,16346,133.04585509134452,0.0,0.0
E1,q2_x3_resunet_pooled_seed2026,pooled,intervention,2026,1120,na,hokkaido_iburi_tobu,Hokkaido1311,0.5,0,48,18,16318,56.015621620943236,0.0,0.0
E1,q2_x3_resunet_pooled_seed2026,pooled,intervention,2026,1120,na,hokkaido_iburi_tobu,Hokkaido1312,0.5,25,46,75,16238,32.404952167215605,0.5581395348832233,0.6442953020129254
E1,q2_x3_resunet_pooled_seed2026,pooled,intervention,2026,1120,na,hokkaido_iburi_tobu,Hokkaido1313,0.5,42,125,196,16021,39.32098103701369,0.42885605180093167,0.5272850372371463
E1,q2_x3_resunet_pooled_seed2026,pooled,intervention,2026,1120,na,hokkaido_iburi_tobu,Hokkaido1314,0.5,101,105,624,15554,41.012193308819754,0.30690336542947433,0.43952608627075906
E1,q2_x3_resunet_pooled_seed2026,pooled,intervention,2026,1120,na,hokkaido_iburi_tobu,Hokkaido1315,0.5,157,411,1246,14570,34.59391044378781,0.27453144480511127,0.4206120303584443
E1,q2_x3_resunet_pooled_seed2026,pooled,intervention,2026,1120,na,hokkaido_iburi_tobu,Hokkaido1316,0.5,43,1290,834,14217,62.174390277445134,0.10667074975707894,0.17350821623645934
E1,q2_x3_resunet_pooled_seed2026,pooled,intervention,2026,1120,na,hokkaido_iburi_tobu,Hokkaido1317,0.5,25,1004,140,15215,79.25194432162232,0.10329985652764256,0.1048350655215952
E1,q2_x3_resunet_pooled_seed2026,pooled,intervention,2026,1120,na,hokkaido_iburi_tobu,Hokkaido1318,0.5,138,80,341,15825,45.767210560616945,0.5476300182816399,0.6387659866319549
E1,q2_x3_resunet_pooled_seed2026,pooled,intervention,2026,1120,na,hokkaido_iburi_tobu,Hokkaido1319,0.5,152,29,649,15554,31.560448004571022,0.43627341836537153,0.5475285171098685
E1,q2_x3_resunet_pooled_seed2026,pooled,intervention,2026,1120,na,hokkaido_iburi_tobu,Hokkaido1320,0.5,173,92,831,15288,57.06574801784397,0.38036128011417464,0.46627641466313313
E1,q2_x3_resunet_pooled_seed2026,pooled,intervention,2026,1120,na,hokkaido_iburi_tobu,Hokkaido1321,0.5,252,174,1213,14745,23.35804447620442,0.37392054855880424,0.5217234378520111
E1,q2_x3_resunet_pooled_seed2026,pooled,intervention,2026,1120,na,hokkaido_iburi_tobu,Hokkaido1322,0.5,184,304,838,15058,68.64678105004577,0.27581364048598583,0.38009127825443295
E1,q2_x3_resunet_pooled_seed2026,pooled,intervention,2026,1120,na,hokkaido_iburi_tobu,Hokkaido1323,0.5,41,417,94,15832,74.52411753945458,0.17235188509845095,0.20348837209274387
E1,q2_x3_resunet_pooled_seed2026,pooled,intervention,2026,1120,na,hokkaido_iburi_tobu,Hokkaido1324,0.5,3,32,160,16189,93.45295690378025,0.07643312101862533,0.11392405063243455
E1,q2_x3_resunet_pooled_seed2026,pooled,intervention,2026,1120,na,hokkaido_iburi_tobu,Hokkaido1325,0.5,0,744,268,15372,88.12177841402445,0.0,0.0
E1,q2_x3_resunet_pooled_seed2026,pooled,intervention,2026,1120,na,hokkaido_iburi_tobu,Hokkaido1326,0.5,0,742,105,15537,101.99607109266083,0.0,0.0
E1,q2_x3_resunet_pooled_seed2026,pooled,intervention,2026,1120,na,hokkaido_iburi_tobu,Hokkaido1327,0.5,69,77,303,15935,38.85611737997634,0.44327375352729864,0.5384391984395428
E1,q2_x3_resunet_pooled_seed2026,pooled,intervention,2026,1120,na,hokkaido_iburi_tobu,Hokkaido1328,0.5,80,125,366,15813,78.30969566328363,0.3923328418484002,0.4633043478256211
E1,q2_x3_resunet_pooled_seed2026,pooled,intervention,2026,1120,na,hokkaido_iburi_tobu,Hokkaido1329,0.5,253,61,504,15566,33.05601026251361,0.44119073869855335,0.6312310070902146
E1,q2_x3_resunet_pooled_seed2026,pooled,intervention,2026,1120,na,hokkaido_iburi_tobu,Hokkaido1330,0.5,390,111,645,15238,34.45476152073248,0.6051611412724808,0.7767852188864871
E1,q2_x3_resunet_pooled_seed2026,pooled,intervention,2026,1120,na,hokkaido_iburi_tobu,Hokkaido1331,0.5,153,91,348,15792,38.82229168949789,0.6017505470455103,0.6776624770760735
E1,q2_x3_resunet_pooled_seed2026,pooled,intervention,2026,1120,na,hokkaido_iburi_tobu,Hokkaido1332,0.5,12,41,207,16124,56.43517388343799,0.1560975609753202,0.19421965317884926
E1,q2_x3_resunet_pooled_seed2026,pooled,intervention,2026,1120,na,hokkaido_iburi_tobu,Hokkaido1333,0.5,26,12,71,16275,77.6070663369336,0.5220883534132185,0.5452162516378241
E1,q2_x3_resunet_pooled_seed2026,pooled,intervention,2026,1120,na,hokkaido_iburi_tobu,Hokkaido1334,0.5,2,3,25,16354,25.238858928247925,0.49999999999962497,0.5999999999995799
E1,q2_x3_resunet_pooled_seed2026,pooled,intervention,2026,1120,na,hokkaido_iburi_tobu,Hokkaido1335,0.5,0,49,101,16234,74.51845409024533,0.0,0.0
E1,q2_x3_resunet_pooled_seed2026,pooled,intervention,2026,1120,na,hokkaido_iburi_tobu,Hokkaido1336,0.5,0,3,101,16280,80.50517224296235,0.0,0.0
E1,q2_x3_resunet_pooled_seed2026,pooled,intervention,2026,1120,na,hokkaido_iburi_tobu,Hokkaido1337,0.5,1,40,36,16307,49.6830650398524,0.09523809523765078,0.11180124223568459
E1,q2_x3_resunet_pooled_seed2026,pooled,intervention,2026,1120,na,hokkaido_iburi_tobu,Hokkaido1338,0.5,28,113,95,16148,43.36059589011079,0.32871972318289794,0.38539553752490313
E1,q2_x3_resunet_pooled_seed2026,pooled,intervention,2026,1120,na,hokkaido_iburi_tobu,Hokkaido1339,0.5,42,75,569,15698,41.6293165929973,0.24824487503474668,0.3725779773152406
E1,q2_x3_resunet_pooled_seed2026,pooled,intervention,2026,1120,na,hokkaido_iburi_tobu,Hokkaido1340,0.5,81,390,874,15039,39.00320460156558,0.22204418293054484,0.3392469829259384
E1,q2_x3_resunet_pooled_seed2026,pooled,intervention,2026,1120,na,hokkaido_iburi_tobu,Hokkaido1341,0.5,45,1396,508,14435,48.83441392322626,0.07600029803996329,0.14491630308369274
E1,q2_x3_resunet_pooled_seed2026,pooled,intervention,2026,1120,na,hokkaido_iburi_tobu,Hokkaido1342,0.5,47,1423,268,14646,47.355434316604104,0.1443330695503048,0.170100767032248
E1,q2_x3_resunet_pooled_seed2026,pooled,intervention,2026,1120,na,hokkaido_iburi_tobu,Hokkaido1343,0.5,213,228,360,15583,28.61642356763132,0.5900715958055555,0.7094885053885793
E1,q2_x3_resunet_pooled_seed2026,pooled,intervention,2026,1120,na,hokkaido_iburi_tobu,Hokkaido1344,0.5,113,58,357,15856,41.00060966544099,0.5194633095904284,0.6425829097951375
E1,q2_x3_resunet_pooled_seed2026,pooled,intervention,2026,1120,na,hokkaido_iburi_tobu,Hokkaido1345,0.5,6,0,193,16185,70.56056444731428,0.06993006992998953,0.2091503267971983
E1,q2_x3_resunet_pooled_seed2026,pooled,intervention,2026,1120,na,hokkaido_iburi_tobu,Hokkaido1346,0.5,10,14,258,16102,68.62796926905048,0.09174311926571165,0.20648967551585143
E1,q2_x3_resunet_pooled_seed2026,pooled,intervention,2026,1120,na,hokkaido_iburi_tobu,Hokkaido1347,0.5,35,81,186,16082,67.46035453918964,0.34669555796266527,0.46306015341088874
E1,q2_x3_resunet_pooled_seed2026,pooled,intervention,2026,1120,na,hokkaido_iburi_tobu,Hokkaido1348,0.5,40,84,50,16210,101.19634197192514,0.5081110805604196,0.5433440355638739
E1,q2_x3_resunet_pooled_seed2026,pooled,intervention,2026,1120,na,hokkaido_iburi_tobu,Hokkaido1349,0.5,0,129,27,16228,92.53203346548143,0.0,0.0
E1,q2_x3_resunet_pooled_seed2026,pooled,intervention,2026,1120,na,hokkaido_iburi_tobu,Hokkaido1350,0.5,0,907,22,15455,108.51623611922942,0.0,0.0
E1,q2_x3_resunet_pooled_seed2026,pooled,intervention,2026,1120,na,hokkaido_iburi_tobu,Hokkaido1351,0.5,0,1165,22,15197,120.31973236480471,0.0,0.0
E1,q2_x3_resunet_pooled_seed2026,pooled,intervention,2026,1120,na,hokkaido_iburi_tobu,Hokkaido1352,0.5,9,235,36,16104,128.25988421743932,0.11025943396203358,0.11250319611332191
E1,q2_x3_resunet_pooled_seed2026,pooled,intervention,2026,1120,na,hokkaido_iburi_tobu,Hokkaido1353,0.5,14,139,86,16145,38.79378138157474,0.27018633540324133,0.31160341383647655
E1,q2_x3_resunet_pooled_seed2026,pooled,intervention,2026,1120,na,hokkaido_iburi_tobu,Hokkaido1354,0.5,265,38,355,15726,27.48249267240673,0.548080281024205,0.7714311742729955
E1,q2_x3_resunet_pooled_seed2026,pooled,intervention,2026,1120,na,hokkaido_iburi_tobu,Hokkaido1355,0.5,272,59,456,15597,30.871603056105982,0.44939812750733843,0.6685344608013203
E1,q2_x3_resunet_pooled_seed2026,pooled,intervention,2026,1120,na,hokkaido_iburi_tobu,Hokkaido1356,0.5,42,52,422,15868,36.10262127932327,0.3041422509594124,0.3825871010148364
E1,q2_x3_resunet_pooled_seed2026,pooled,intervention,2026,1120,na,hokkaido_iburi_tobu,Hokkaido1357,0.5,18,22,361,15983,29.17275096480439,0.22984010123062185,0.36286570867326784
E1,q2_x3_resunet_pooled_seed2026,pooled,intervention,2026,1120,na,hokkaido_iburi_tobu,Hokkaido1358,0.5,31,205,74,16074,53.3399471545847,0.25423728813512997,0.3089125443535535
E1,q2_x3_resunet_pooled_seed2026,pooled,intervention,2026,1120,na,hokkaido_iburi_tobu,Hokkaido1359,0.5,3,6,24,16351,25.238858928247925,0.5999999999995799,0.5999999999995799
E1,q2_x3_resunet_pooled_seed2026,pooled,intervention,2026,1120,na,hokkaido_iburi_tobu,Hokkaido1360,0.5,0,30,101,16253,21.93171219946131,0.0,0.0
E1,q2_x3_resunet_pooled_seed2026,pooled,intervention,2026,1120,na,hokkaido_iburi_tobu,Hokkaido1361,0.5,0,15,101,16268,94.04387226120187,0.0,0.0
E1,q2_x3_resunet_pooled_seed2026,pooled,intervention,2026,1120,na,hokkaido_iburi_tobu,Hokkaido1363,0.5,0,8,28,16348,111.9056527306515,0.0,0.0
E1,q2_x3_resunet_pooled_seed2026,pooled,intervention,2026,1120,na,hokkaido_iburi_tobu,Hokkaido1364,0.5,72,10,527,15775,47.35756509516112,0.29045643153491296,0.434917814304353
E1,q2_x3_resunet_pooled_seed2026,pooled,intervention,2026,1120,na,hokkaido_iburi_tobu,Hokkaido1365,0.5,178,20,1244,14942,26.30760721560795,0.3166519043397954,0.4983357988161721
E1,q2_x3_resunet_pooled_seed2026,pooled,intervention,2026,1120,na,hokkaido_iburi_tobu,Hokkaido1366,0.5,141,414,1464,14365,40.17523718599941,0.18372312956214723,0.30508500642019865
E1,q2_x3_resunet_pooled_seed2026,pooled,intervention,2026,1120,na,hokkaido_iburi_tobu,Hokkaido1367,0.5,70,506,843,14965,49.17922954162818,0.13594644533924272,0.20535467844277935
E1,q2_x3_resunet_pooled_seed2026,pooled,intervention,2026,1120,na,hokkaido_iburi_tobu,Hokkaido1368,0.5,27,298,280,15779,106.06766683723114,0.1910469539835536,0.24912168636168533
E1,q2_x3_resunet_pooled_seed2026,pooled,intervention,2026,1120,na,hokkaido_iburi_tobu,Hokkaido1369,0.5,23,292,133,15936,106.91234633578189,0.20325203251984267,0.22429261559651145
E1,q2_x3_resunet_pooled_seed2026,pooled,intervention,2026,1120,na,hokkaido_iburi_tobu,Hokkaido1370,0.5,0,1,17,16366,104.05166883758342,0.0,0.0
E1,q2_x3_resunet_pooled_seed2026,pooled,intervention,2026,1120,na,hokkaido_iburi_tobu,Hokkaido1371,0.5,0,0,31,16353,181.01933598375618,0.0,0.0
E1,q2_x3_resunet_pooled_seed2026,pooled,intervention,2026,1120,na,hokkaido_iburi_tobu,Hokkaido1372,0.5,22,19,55,16288,105.19085575148529,0.7449874686711871,0.8204387990757133
E1,q2_x3_resunet_pooled_seed2026,pooled,intervention,2026,1120,na,hokkaido_iburi_tobu,Hokkaido1373,0.5,48,201,71,16064,51.34636748564131,0.4105445116676617,0.43777360850490327
E1,q2_x3_resunet_pooled_seed2026,pooled,intervention,2026,1120,na,hokkaido_iburi_tobu,Hokkaido1374,0.5,0,1279,56,15049,113.30311431065529,0.0,0.0
E1,q2_x3_resunet_pooled_seed2026,pooled,intervention,2026,1120,na,hokkaido_iburi_tobu,Hokkaido1375,0.5,5,523,31,15825,121.8135756187982,0.14884979702268863,0.17629692113009188
E1,q2_x3_resunet_pooled_seed2026,pooled,intervention,2026,1120,na,hokkaido_iburi_tobu,Hokkaido1376,0.5,7,9,56,16312,86.48503688112027,0.3526510480884141,0.49382716049340036
E1,q2_x3_resunet_pooled_seed2026,pooled,intervention,2026,1120,na,hokkaido_iburi_tobu,Hokkaido1377,0.5,13,13,164,16194,88.98892335946157,0.25337837837809757,0.2999999999997047
E1,q2_x3_resunet_pooled_seed2026,pooled,intervention,2026,1120,na,hokkaido_iburi_tobu,Hokkaido1378,0.5,30,27,379,15948,43.266615305567875,0.343494423791482,0.501027538018496
E1,q2_x3_resunet_pooled_seed2026,pooled,intervention,2026,1120,na,hokkaido_iburi_tobu,Hokkaido1379,0.5,15,27,252,16090,45.92427496801429,0.24450194049124668,0.37652385928205145
E1,q2_x3_resunet_pooled_seed2026,pooled,intervention,2026,1120,na,hokkaido_iburi_tobu,Hokkaido1382,0.5,101,945,36,15302,34.032330714775064,0.3389022937598213,0.3807339449538201
E1,q2_x3_resunet_pooled_seed2026,pooled,intervention,2026,1120,na,hokkaido_iburi_tobu,Hokkaido1383,0.5,269,954,818,14343,33.0,0.3157758135908375,0.4224728711172679
E1,q2_x3_resunet_pooled_seed2026,pooled,intervention,2026,1120,na,hokkaido_iburi_tobu,Hokkaido1384,0.5,365,41,1957,14021,31.575306807693888,0.29369744249406327,0.486803851686967
E1,q2_x3_resunet_pooled_seed2026,pooled,intervention,2026,1120,na,hokkaido_iburi_tobu,Hokkaido1385,0.5,319,26,2101,13938,27.175276690682125,0.2916855386603156,0.4778333196751197
E1,q2_x3_resunet_pooled_seed2026,pooled,intervention,2026,1120,na,hokkaido_iburi_tobu,Hokkaido1386,0.5,171,9,905,15299,56.02633163883356,0.3508849803025799,0.5865242857707679
E1,q2_x3_resunet_pooled_seed2026,pooled,intervention,2026,1120,na,hokkaido_iburi_tobu,Hokkaido1387,0.5,0,743,28,15613,119.12618873083825,0.0,0.0
E1,q2_x3_resunet_pooled_seed2026,pooled,intervention,2026,1120,na,hokkaido_iburi_tobu,Hokkaido1388,0.5,21,33,43,16287,112.59416416095682,0.4705882352936194,0.4807692307687315
E1,q2_x3_resunet_pooled_seed2026,pooled,intervention,2026,1120,na,hokkaido_iburi_tobu,Hokkaido1389,0.5,56,57,149,16122,47.38143096192854,0.48263254113298976,0.5936395759712374
E1,q2_x3_resunet_pooled_seed2026,pooled,intervention,2026,1120,na,hokkaido_iburi_tobu,Hokkaido1390,0.5,235,51,201,15897,23.489212208874108,0.7758159443547801,0.866346701374267
E1,q2_x3_resunet_pooled_seed2026,pooled,intervention,2026,1120,na,hokkaido_iburi_tobu,Hokkaido1391,0.5,188,355,136,15705,61.977004644997834,0.5006257058262618,0.5155781477563866
E1,q2_x3_resunet_pooled_seed2026,pooled,intervention,2026,1120,na,hokkaido_iburi_tobu,Hokkaido1392,0.5,0,2168,29,14187,150.9415310800283,0.0,0.0
E1,q2_x3_resunet_pooled_seed2026,pooled,intervention,2026,1120,na,hokkaido_iburi_tobu,Hokkaido1393,0.5,1,23,21,16339,55.32132979006442,0.0722891566262761,0.07633587786244157
E1,q2_x3_resunet_pooled_seed2026,pooled,intervention,2026,1120,na,hokkaido_iburi_tobu,Hokkaido1394,0.5,11,41,84,16248,38.03988057919114,0.3521079258005151,0.4475226425141524
E1,q2_x3_resunet_pooled_seed2026,pooled,intervention,2026,1120,na,hokkaido_iburi_tobu,Hokkaido1395,0.5,16,16,149,16203,19.07498271091842,0.40677966101658714,0.6740331491708238
E1,q2_x3_resunet_pooled_seed2026,pooled,intervention,2026,1120,na,hokkaido_iburi_tobu,Hokkaido1396,0.5,10,9,82,16283,10.889992295835182,0.44985941893120396,0.7674418604646432
E1,q2_x3_resunet_pooled_seed2026,pooled,intervention,2026,1120,na,hokkaido_iburi_tobu,Hokkaido1397,0.5,16,7,13,16348,2.7099552952969086,0.888888888888395,0.9999999999995
E1,q2_x3_resunet_pooled_seed2026,pooled,intervention,2026,1120,na,hokkaido_iburi_tobu,Hokkaido1398,0.5,13,6,16,16349,3.516896552404866,0.8372093023250946,0.9999999999995
E1,q2_x3_resunet_pooled_seed2026,pooled,intervention,2026,1120,na,hokkaido_iburi_tobu,Hokkaido1400,0.5,1,5,23,16355,58.88602017966619,0.40579710144885195,0.5714285714280817
E1,q2_x3_resunet_pooled_seed2026,pooled,intervention,2026,1120,na,hokkaido_iburi_tobu,Hokkaido1401,0.5,0,6,23,16355,67.44847207989565,0.0,0.0
E1,q2_x3_resunet_pooled_seed2026,pooled,intervention,2026,1120,na,hokkaido_iburi_tobu,Hokkaido1403,0.5,7,2299,342,13736,53.36851742514484,0.029232251846753023,0.03278983875305169
E1,q2_x3_resunet_pooled_seed2026,pooled,intervention,2026,1120,na,hokkaido_iburi_tobu,Hokkaido1404,0.5,412,1243,1233,13496,40.92908059577439,0.3541370594828162,0.4970906825876563
E1,q2_x3_resunet_pooled_seed2026,pooled,intervention,2026,1120,na,hokkaido_iburi_tobu,Hokkaido1405,0.5,524,74,1593,14193,41.540054525931005,0.39315993878505145,0.6027894828127147
E1,q2_x3_resunet_pooled_seed2026,pooled,intervention,2026,1120,na,hokkaido_iburi_tobu,Hokkaido1406,0.5,190,47,1053,15094,39.20459156782532,0.25223380183953775,0.45662310507016274
E1,q2_x3_resunet_pooled_seed2026,pooled,intervention,2026,1120,na,hokkaido_iburi_tobu,Hokkaido1407,0.5,48,92,374,15870,43.287312558710006,0.18119337706917205,0.3746569075932803
E1,q2_x3_resunet_pooled_seed2026,pooled,intervention,2026,1120,na,hokkaido_iburi_tobu,Hokkaido1408,0.5,19,930,28,15407,120.93386622447825,0.09594663930205427,0.09691027248874737
E1,q2_x3_resunet_pooled_seed2026,pooled,intervention,2026,1120,na,hokkaido_iburi_tobu,Hokkaido1409,0.5,55,388,119,15822,90.56265816026018,0.2904097047375026,0.31684317423436464
E1,q2_x3_resunet_pooled_seed2026,pooled,intervention,2026,1120,na,hokkaido_iburi_tobu,Hokkaido1410,0.5,235,308,187,15654,86.61851261285085,0.6128204545965713,0.6655129391873577
E1,q2_x3_resunet_pooled_seed2026,pooled,intervention,2026,1120,na,hokkaido_iburi_tobu,Hokkaido1411,0.5,188,650,107,15439,97.07522748860896,0.3956602857358481,0.4050179211466304
E1,q2_x3_resunet_pooled_seed2026,pooled,intervention,2026,1120,na,hokkaido_iburi_tobu,Hokkaido1414,0.5,6,1,23,16354,4.0,0.7804878048775727,0.979591836734194
E1,q2_x3_resunet_pooled_seed2026,pooled,intervention,2026,1120,na,hokkaido_iburi_tobu,Hokkaido1415,0.5,6,0,23,16355,3.516896552404866,0.8095238095233276,0.9999999999995
E1,q2_x3_resunet_pooled_seed2026,pooled,intervention,2026,1120,na,hokkaido_iburi_tobu,Hokkaido1417,0.5,4,1,57,16322,99.3495228856527,0.2807017543857236,0.5588235294113619
E1,q2_x3_resunet_pooled_seed2026,pooled,intervention,2026,1120,na,hokkaido_iburi_tobu,Hokkaido1418,0.5,25,9,696,15654,95.98227357020951,0.19154065307883064,0.41386723998887387
E1,q2_x3_resunet_pooled_seed2026,pooled,intervention,2026,1120,na,hokkaido_iburi_tobu,Hokkaido1419,0.5,72,244,1223,14845,86.56104442179925,0.1340482573722383,0.29177212167469896
E1,q2_x3_resunet_pooled_seed2026,pooled,intervention,2026,1120,na,hokkaido_iburi_tobu,Hokkaido1420,0.5,115,507,1118,14644,56.56140232408959,0.20393429914192404,0.36287281453498194
E1,q2_x3_resunet_pooled_seed2026,pooled,intervention,2026,1120,na,hokkaido_iburi_tobu,Hokkaido1421,0.5,240,218,1125,14801,51.0269492495065,0.2914798206273897,0.5253581301829916
E1,q2_x3_resunet_pooled_seed2026,pooled,intervention,2026,1120,na,hokkaido_iburi_tobu,Hokkaido1422,0.5,196,44,739,15405,38.47076812334269,0.35580524344531506,0.5636856368559355
E1,q2_x3_resunet_pooled_seed2026,pooled,intervention,2026,1120,na,hokkaido_iburi_tobu,Hokkaido1423,0.5,6,23,222,16133,49.20871781861321,0.03234501347678616,0.19753086419706037
E1,q2_x3_resunet_pooled_seed2026,pooled,intervention,2026,1120,na,hokkaido_iburi_tobu,Hokkaido1424,0.5,0,23,111,16250,73.44486937599602,0.0,0.0
E1,q2_x3_resunet_pooled_seed2026,pooled,intervention,2026,1120,na,hokkaido_iburi_tobu,Hokkaido1425,0.5,0,12,52,16320,75.17379542506876,0.0,0.0
E1,q2_x3_resunet_pooled_seed2026,pooled,intervention,2026,1120,na,hokkaido_iburi_tobu,Hokkaido1426,0.5,4,68,111,16201,36.39228906728181,0.09836065573734251,0.11027568922280918
E1,q2_x3_resunet_pooled_seed2026,pooled,intervention,2026,1120,na,hokkaido_iburi_tobu,Hokkaido1427,0.5,18,77,220,16069,36.02885688944471,0.21719457013524784,0.26200873362398963
E1,q2_x3_resunet_pooled_seed2026,pooled,intervention,2026,1120,na,hokkaido_iburi_tobu,Hokkaido1428,0.5,8,30,115,16231,28.38973193807456,0.18181818181769838,0.2324159021401738
E1,q2_x3_resunet_pooled_seed2026,pooled,intervention,2026,1120,na,hokkaido_iburi_tobu,Hokkaido1429,0.5,21,1,18,16344,2.23606797749979,0.943396226414596,0.9999999999995
E1,q2_x3_resunet_pooled_seed2026,pooled,intervention,2026,1120,na,hokkaido_iburi_tobu,Hokkaido1430,0.5,21,1,18,16344,2.23606797749979,0.8799999999995072,0.9999999999995
E1,q2_x3_resunet_pooled_seed2026,pooled,intervention,2026,1120,na,hokkaido_iburi_tobu,Hokkaido1431,0.5,4,3,109,16268,62.63864589225158,0.2432432432430296,0.47058823529375776
E1,q2_x3_resunet_pooled_seed2026,pooled,intervention,2026,1120,na,hokkaido_iburi_tobu,Hokkaido1432,0.5,39,10,819,15516,16.439150939454258,0.2171680117385036,0.5627309519615454
E1,q2_x3_resunet_pooled_seed2026,pooled,intervention,2026,1120,na,hokkaido_iburi_tobu,Hokkaido1433,0.5,123,24,1396,14841,35.4400902933387,0.2064787990515664,0.4104452171537753
E1,q2_x3_resunet_pooled_seed2026,pooled,intervention,2026,1120,na,hokkaido_iburi_tobu,Hokkaido1434,0.5,171,28,1082,15103,37.933344135233845,0.32437701305267796,0.5831152880862873
E1,q2_x3_resunet_pooled_seed2026,pooled,intervention,2026,1120,na,hokkaido_iburi_tobu,Hokkaido1435,0.5,57,3,612,15712,61.235114317786156,0.14177215189847653,0.35170387779052276
E1,q2_x3_resunet_pooled_seed2026,pooled,intervention,2026,1120,na,hokkaido_iburi_tobu,Hokkaido1436,0.5,0,6,222,16156,93.9044477012297,0.0,0.0
E1,q2_x3_resunet_pooled_seed2026,pooled,intervention,2026,1120,na,hokkaido_iburi_tobu,Hokkaido1437,0.5,0,0,50,16334,181.01933598375618,0.0,0.0
E1,q2_x3_resunet_pooled_seed2026,pooled,intervention,2026,1120,na,hokkaido_iburi_tobu,Hokkaido1438,0.5,0,0,70,16314,181.01933598375618,0.0,0.0
E1,q2_x3_resunet_pooled_seed2026,pooled,intervention,2026,1120,na,hokkaido_iburi_tobu,Hokkaido1439,0.5,0,0,52,16332,181.01933598375618,0.0,0.0
E1,q2_x3_resunet_pooled_seed2026,pooled,intervention,2026,1120,na,hokkaido_iburi_tobu,Hokkaido1440,0.5,5,125,110,16144,125.39991391263015,0.09077155824479383,0.11575875486363528
E1,q2_x3_resunet_pooled_seed2026,pooled,intervention,2026,1120,na,hokkaido_iburi_tobu,Hokkaido1441,0.5,22,92,216,16054,74.64582470670062,0.20145883987445698,0.2566633761101105
E1,q2_x3_resunet_pooled_seed2026,pooled,intervention,2026,1120,na,hokkaido_iburi_tobu,Hokkaido1442,0.5,18,10,148,16208,29.077172156597854,0.30608695652136547,0.5161290322575776
E1,q2_x3_resunet_pooled_seed2026,pooled,intervention,2026,1120,na,hokkaido_iburi_tobu,Hokkaido1443,0.5,24,24,58,16278,53.01084758788979,0.5832106038286623,0.6866902237922281
E1,q2_x3_resunet_pooled_seed2026,pooled,intervention,2026,1120,na,hokkaido_iburi_tobu,Hokkaido1444,0.5,20,718,19,15627,60.50196270619164,0.1259141494434138,0.12811387900343882
E1,q2_x3_resunet_pooled_seed2026,pooled,intervention,2026,1120,na,hokkaido_iburi_tobu,Hokkaido1445,0.5,0,0,85,16299,181.01933598375618,0.0,0.0
E1,q2_x3_resunet_pooled_seed2026,pooled,intervention,2026,1120,na,hokkaido_iburi_tobu,Hokkaido1446,0.5,1,0,168,16215,82.55893638321689,0.07079646017692286,0.25599999999977674
E1,q2_x3_resunet_pooled_seed2026,pooled,intervention,2026,1120,na,hokkaido_iburi_tobu,Hokkaido1447,0.5,41,24,183,16136,44.94267817751264,0.3078295784069843,0.40938314509088086
E1,q2_x3_resunet_pooled_seed2026,pooled,intervention,2026,1120,na,hokkaido_iburi_tobu,Hokkaido1448,0.5,64,31,168,16121,70.00282619930876,0.48059787295153966,0.6393387691271932
E1,q2_x3_resunet_pooled_seed2026,pooled,intervention,2026,1120,na,hokkaido_iburi_tobu,Hokkaido1449,0.5,11,10,143,16220,109.62479390691882,0.20351526364443734,0.31334332833541284
E1,q2_x3_resunet_pooled_seed2026,pooled,intervention,2026,1120,na,hokkaido_iburi_tobu,Hokkaido1450,0.5,0,7,95,16282,72.05670490390216,0.0,0.0
E1,q2_x3_resunet_pooled_seed2026,pooled,intervention,2026,1120,na,hokkaido_iburi_tobu,Hokkaido1451,0.5,45,1,106,16232,45.00055548698538,0.5095168374812805,0.7499999999995312
E1,q2_x3_resunet_pooled_seed2026,pooled,intervention,2026,1120,na,hokkaido_iburi_tobu,Hokkaido1452,0.5,29,0,89,16266,45.69851831389613,0.39999999999959185,0.8235294117642213
E1,q2_x3_resunet_pooled_seed2026,pooled,intervention,2026,1120,na,hokkaido_iburi_tobu,Hokkaido1453,0.5,1,128,42,16213,94.59362576197579,0.024539877300446385,0.026490066225126622
E1,q2_x3_resunet_pooled_seed2026,pooled,intervention,2026,1120,na,hokkaido_iburi_tobu,Hokkaido1454,0.5,0,693,43,15648,105.3821613537462,0.0,0.0
E1,q2_x3_resunet_pooled_seed2026,pooled,intervention,2026,1120,na,hokkaido_iburi_tobu,Hokkaido1455,0.5,40,550,25,15769,117.5362635944659,0.16849946789625173,0.16964285714270186
E1,q2_x3_resunet_pooled_seed2026,pooled,intervention,2026,1120,na,hokkaido_iburi_tobu,Hokkaido1456,0.5,65,20,5,16294,46.980809286426094,0.8607594936703957,0.8607594936703957
E1,q2_x3_resunet_pooled_seed2026,pooled,intervention,2026,1120,na,hokkaido_iburi_tobu,Hokkaido1460,0.5,15,10,262,16097,102.72024589642469,0.3083700440524152,0.35820895522343954
E1,q2_x3_resunet_pooled_seed2026,pooled,intervention,2026,1120,na,hokkaido_iburi_tobu,Hokkaido1461,0.5,12,0,504,15868,119.2641496239601,0.1758076634107774,0.2516556291388528
E1,q2_x3_resunet_pooled_seed2026,pooled,intervention,2026,1120,na,hokkaido_iburi_tobu,Hokkaido1462,0.5,33,0,306,16045,116.52159063731001,0.3514613392523473,0.5822784810122454
E1,q2_x3_resunet_pooled_seed2026,pooled,intervention,2026,1120,na,hokkaido_iburi_tobu,Hokkaido1463,0.5,15,1,85,16283,43.686536282792154,0.20202020201982449,0.8520461699890105
E1,q2_x3_resunet_pooled_seed2026,pooled,intervention,2026,1120,na,hokkaido_iburi_tobu,Hokkaido1464,0.5,50,573,15,15746,119.06026976879653,0.2754491017961696,0.2754491017961696
E1,q2_x3_resunet_pooled_seed2026,pooled,intervention,2026,1120,na,hokkaido_iburi_tobu,Hokkaido1465,0.5,54,36,16,16278,100.09989058517155,0.6521739130430387,0.6521739130430387
E1,q2_x3_resunet_pooled_seed2026,pooled,intervention,2026,1120,na,hokkaido_iburi_tobu,Hokkaido1467,0.5,16,0,261,16107,18.048323004183235,0.36458333333299153,0.42105263157861494
E1,q2_x3_resunet_pooled_seed2026,pooled,intervention,2026,1120,na,hokkaido_iburi_tobu,Hokkaido1468,0.5,11,3,474,15896,31.0,0.19980787704103448,0.2719033232625489
E1,q2_x3_resunet_pooled_seed2026,pooled,intervention,2026,1120,na,hokkaido_iburi_tobu,Hokkaido1469,0.5,0,0,208,16176,181.01933598375618,0.0,0.0
E1,q2_x3_resunet_pooled_seed2026,pooled,intervention,2026,1120,na,hokkaido_iburi_tobu,Hokkaido1471,0.5,29,0,111,16244,30.259698648969092,0.339943342775786,0.7083333333328757
E1,q2_x3_resunet_pooled_seed2026,pooled,intervention,2026,1120,na,hokkaido_iburi_tobu,Hokkaido1472,0.5,5,0,170,16209,43.965865018411456,0.19411764705855233,0.4033613445374931
E1,q2_x3_resunet_pooled_seed2026,pooled,intervention,2026,1120,na,hokkaido_iburi_tobu,Hokkaido1473,0.5,5,0,79,16300,44.18027604267415,0.31578947368394455,0.3797468354427303
E1,q2_x3_resunet_pooled_seed2026,pooled,intervention,2026,1120,na,hokkaido_iburi_tobu,Hokkaido1474,0.5,0,0,23,16361,181.01933598375618,0.0,0.0
E1,q2_x3_resunet_pooled_seed2026,pooled,intervention,2026,1120,na,hokkaido_iburi_tobu,Hokkaido1475,0.5,0,103,23,16258,82.19572717487864,0.0,0.0
E1,q2_x3_resunet_pooled_seed2026,pooled,intervention,2026,1120,na,hokkaido_iburi_tobu,Hokkaido1481,0.5,17,316,137,15914,77.65871322344832,0.06016330038639549,0.1337454341104374
E1,q2_x3_resunet_pooled_seed2026,pooled,intervention,2026,1120,na,hokkaido_iburi_tobu,Hokkaido1482,0.5,51,149,282,15902,60.06449148786134,0.20534943917119974,0.35436537050574707
E1,q2_x3_resunet_pooled_seed2026,pooled,intervention,2026,1120,na,hokkaido_iburi_tobu,Hokkaido1483,0.5,7,0,256,16121,48.62350801742422,0.15834348355644112,0.32183908045950005
E1,q2_x3_resunet_pooled_seed2026,pooled,intervention,2026,1120,na,hokkaido_iburi_tobu,Hokkaido1484,0.5,4,4,80,16296,48.36419367657257,0.25581395348799135,0.3191489361697782
E1,q2_x3_resunet_pooled_seed2026,pooled,intervention,2026,1120,na,hokkaido_iburi_tobu,Hokkaido1485,0.5,0,30,23,16331,57.203138104673215,0.0,0.0
E1,q2_x3_resunet_pooled_seed2026,pooled,intervention,2026,1120,na,hokkaido_iburi_tobu,Hokkaido1486,0.5,0,287,23,16074,79.44910212555966,0.0,0.0
E1,q2_x3_resunet_pooled_seed2026,pooled,intervention,2026,1120,na,hokkaido_iburi_tobu,Hokkaido1487,0.5,7,0,75,16302,27.475351812662346,0.2608695652171645,0.6516853932579876
E1,q2_x3_resunet_pooled_seed2026,pooled,intervention,2026,1120,na,hokkaido_iburi_tobu,Hokkaido1488,0.5,30,6,119,16229,42.44739590598487,0.4218362282874432,0.4989604989601045
E1,q2_x3_resunet_pooled_seed2026,pooled,intervention,2026,1120,na,hokkaido_iburi_tobu,Hokkaido1489,0.5,47,17,196,16124,82.63498615159882,0.4038102353377041,0.5938409682851475
E1,q2_x3_resunet_pooled_seed2026,pooled,intervention,2026,1120,na,hokkaido_iburi_tobu,Hokkaido1490,0.5,47,6,223,16108,75.49767891790405,0.36607142857112945,0.49999999999962497
E1,q2_x3_resunet_pooled_seed2026,pooled,intervention,2026,1120,na,hokkaido_iburi_tobu,Hokkaido1492,0.5,10,499,125,15750,67.98527819235613,0.053557765875812305,0.08145766345107937
E1,q2_x3_resunet_pooled_seed2026,pooled,intervention,2026,1120,na,hokkaido_iburi_tobu,Hokkaido1493,0.5,17,211,290,15866,60.14101490444808,0.10327022375170326,0.17686622934447732
E1,q2_x3_resunet_pooled_seed2026,pooled,intervention,2026,1120,na,hokkaido_iburi_tobu,Hokkaido1494,0.5,9,4,369,16002,133.92812912643257,0.16877637130786233,0.28458498023691003
E1,q2_x3_resunet_pooled_seed2026,pooled,intervention,2026,1120,na,hokkaido_iburi_tobu,Hokkaido1495,0.5,10,135,228,16011,79.58015050282998,0.13597577759377952,0.17687074829891158
E1,q2_x3_resunet_pooled_seed2026,pooled,intervention,2026,1120,na,hokkaido_iburi_tobu,Hokkaido1496,0.5,0,255,51,16078,35.226309270894774,0.0,0.0
E1,q2_x3_resunet_pooled_seed2026,pooled,intervention,2026,1120,na,hokkaido_iburi_tobu,Hokkaido1497,0.5,7,190,136,16051,54.58112436446767,0.11912034208877587,0.19298245613991555
E1,q2_x3_resunet_pooled_seed2026,pooled,intervention,2026,1120,na,hokkaido_iburi_tobu,Hokkaido1498,0.5,8,186,116,16074,107.73204221811991,0.1737155833092752,0.2659069325731854
E1,q2_x3_resunet_pooled_seed2026,pooled,intervention,2026,1120,na,hokkaido_iburi_tobu,Hokkaido1499,0.5,7,3,72,16302,104.25220443358799,0.25766871165614136,0.5892597968064791
E1,q2_x3_resunet_pooled_seed2026,pooled,intervention,2026,1120,na,hokkaido_iburi_tobu,Hokkaido1500,0.5,11,8,135,16230,42.498512684847896,0.26666666666630184,0.45217391304302995
E1,q2_x3_resunet_pooled_seed2026,pooled,intervention,2026,1120,na,hokkaido_iburi_tobu,Hokkaido1501,0.5,35,10,256,16083,49.29136760519317,0.3080040526846173,0.4951370468607828
E1,q2_x3_resunet_pooled_seed2026,pooled,intervention,2026,1120,na,hokkaido_iburi_tobu,Hokkaido1502,0.5,106,17,309,15952,27.83961937586958,0.5625160627084079,0.7728337236529215
E1,q2_x3_resunet_pooled_seed2026,pooled,intervention,2026,1120,na,hokkaido_iburi_tobu,Hokkaido1503,0.5,44,518,164,15658,87.67685113511791,0.29504111637132147,0.34549779136890046
E1,q2_x3_resunet_pooled_seed2026,pooled,intervention,2026,1120,na,hokkaido_iburi_tobu,Hokkaido1504,0.5,0,58,273,16053,63.24079820396114,0.10596026490022858,0.20686225758284688
E1,q2_x3_resunet_pooled_seed2026,pooled,intervention,2026,1120,na,hokkaido_iburi_tobu,Hokkaido1506,0.5,2,230,29,16123,63.75336804397965,0.03951701426991754,0.040133779264124786
E1,q2_x3_resunet_pooled_seed2026,pooled,intervention,2026,1120,na,hokkaido_iburi_tobu,Hokkaido1507,0.5,61,160,297,15866,53.49391931385354,0.3756362402438166,0.4561427219889747
E1,q2_x3_resunet_pooled_seed2026,pooled,intervention,2026,1120,na,hokkaido_iburi_tobu,Hokkaido1508,0.5,157,114,728,15385,23.718696453131074,0.46792432314842164,0.6065954981154273
E1,q2_x3_resunet_pooled_seed2026,pooled,intervention,2026,1120,na,hokkaido_iburi_tobu,Hokkaido1509,0.5,146,208,572,15458,36.61205838078618,0.4220384989945717,0.5047932465297704
E1,q2_x3_resunet_pooled_seed2026,pooled,intervention,2026,1120,na,hokkaido_iburi_tobu,Hokkaido1510,0.5,91,355,208,15730,30.636479965111757,0.32663055576120825,0.3665572335298564
E1,q2_x3_resunet_pooled_seed2026,pooled,intervention,2026,1120,na,hokkaido_iburi_tobu,Hokkaido1511,0.5,67,204,289,15824,22.951965046902295,0.3527869926685505,0.47975077881571515
E1,q2_x3_resunet_pooled_seed2026,pooled,intervention,2026,1120,na,hokkaido_iburi_tobu,Hokkaido1512,0.5,39,91,178,16076,26.38177056515,0.386681249239991,0.5353225098722513
E1,q2_x3_resunet_pooled_seed2026,pooled,intervention,2026,1120,na,hokkaido_iburi_tobu,Hokkaido1513,0.5,11,5,26,16342,83.89119564821388,0.6772793053540724,0.7756160830085801
E1,q2_x3_resunet_pooled_seed2026,pooled,intervention,2026,1120,na,hokkaido_iburi_tobu,Hokkaido1514,0.5,9,51,28,16296,69.27048296624727,0.2921161825722083,0.3132203389826953
E1,q2_x3_resunet_pooled_seed2026,pooled,intervention,2026,1120,na,hokkaido_iburi_tobu,Hokkaido1515,0.5,7,44,120,16213,63.878550463433704,0.12466607301822735,0.1802962009009868
E1,q2_x3_resunet_pooled_seed2026,pooled,intervention,2026,1120,na,hokkaido_iburi_tobu,Hokkaido1516,0.5,45,2,209,16128,118.00568539496858,0.36966824644519625,0.42201834862352017
E1,q2_x3_resunet_pooled_seed2026,pooled,intervention,2026,1120,na,hokkaido_iburi_tobu,Hokkaido1517,0.5,44,188,100,16052,82.1891044577814,0.3353575412066404,0.37327653850420045
E1,q2_x3_resunet_pooled_seed2026,pooled,intervention,2026,1120,na,hokkaido_iburi_tobu,Hokkaido1518,0.5,1,727,276,15380,69.5972213823629,0.0466200466196722,0.06827309236914052
E1,q2_x3_resunet_pooled_seed2026,pooled,intervention,2026,1120,na,hokkaido_iburi_tobu,Hokkaido1519,0.5,4,1288,256,14836,95.78542930248639,0.0,0.01794616151528377
E1,q2_x3_resunet_pooled_seed2026,pooled,intervention,2026,1120,na,hokkaido_iburi_tobu,Hokkaido1521,0.5,2,66,62,16254,55.07621276918993,0.1238938053092355,0.19575016097834924
E1,q2_x3_resunet_pooled_seed2026,pooled,intervention,2026,1120,na,hokkaido_iburi_tobu,Hokkaido1522,0.5,159,96,601,15528,33.436326181365615,0.4491518312050028,0.6101186308435481
E1,q2_x3_resunet_pooled_seed2026,pooled,intervention,2026,1120,na,hokkaido_iburi_tobu,Hokkaido1523,0.5,365,168,951,14900,29.495511954533107,0.5936684206228138,0.7339134114406313
E1,q2_x3_resunet_pooled_seed2026,pooled,intervention,2026,1120,na,hokkaido_iburi_tobu,Hokkaido1524,0.5,289,101,638,15356,24.66351939578842,0.6484716157200774,0.7767808316281465
E1,q2_x3_resunet_pooled_seed2026,pooled,intervention,2026,1120,na,hokkaido_iburi_tobu,Hokkaido1525,0.5,157,63,285,15879,21.371694991383816,0.6758648270341344,0.7733333333328589
E1,q2_x3_resunet_pooled_seed2026,pooled,intervention,2026,1120,na,hokkaido_iburi_tobu,Hokkaido1526,0.5,52,30,182,16120,39.54676511565856,0.4746416758540502,0.6435427574166577
E1,q2_x3_resunet_pooled_seed2026,pooled,intervention,2026,1120,na,hokkaido_iburi_tobu,Hokkaido1527,0.5,31,12,83,16258,40.8826469157238,0.452611218568202,0.5769230769225976
E1,q2_x3_resunet_pooled_seed2026,pooled,intervention,2026,1120,na,hokkaido_iburi_tobu,Hokkaido1528,0.5,12,337,25,16010,96.72950169094783,0.14574898785403148,0.14983713355030703
E1,q2_x3_resunet_pooled_seed2026,pooled,intervention,2026,1120,na,hokkaido_iburi_tobu,Hokkaido1529,0.5,14,40,23,16307,69.41897716175677,0.44379562043749426,0.47999999999957216
E1,q2_x3_resunet_pooled_seed2026,pooled,intervention,2026,1120,na,hokkaido_iburi_tobu,Hokkaido1530,0.5,3,171,96,16114,63.7932748145775,0.037476577139015047,0.04128028716707112
E1,q2_x3_resunet_pooled_seed2026,pooled,intervention,2026,1120,na,hokkaido_iburi_tobu,Hokkaido1531,0.5,2,684,97,15601,90.0625750755192,0.011115522032423992,0.011676608706645473
E1,q2_x3_resunet_pooled_seed2026,pooled,intervention,2026,1120,na,hokkaido_iburi_tobu,Hokkaido1534,0.5,1,231,32,16120,100.4679317436998,0.010204081632574758,0.010416666666625869
E1,q2_x3_resunet_pooled_seed2026,pooled,intervention,2026,1120,na,hokkaido_iburi_tobu,Hokkaido1535,0.5,7,73,163,16141,61.381695170330644,0.15906432748488375,0.2522744037369021
E1,q2_x3_resunet_pooled_seed2026,pooled,intervention,2026,1120,na,hokkaido_iburi_tobu,Hokkaido1536,0.5,122,45,563,15654,46.567153019747266,0.41759128505108606,0.6221498371331218
E1,q2_x3_resunet_pooled_seed2026,pooled,intervention,2026,1120,na,hokkaido_iburi_tobu,Hokkaido1537,0.5,233,71,608,15472,32.98480313052803,0.5587972815263132,0.7124304267156714
E1,q2_x3_resunet_pooled_seed2026,pooled,intervention,2026,1120,na,hokkaido_iburi_tobu,Hokkaido1538,0.5,160,157,389,15678,31.849571499667448,0.5088502142053715,0.5877994566554661
E1,q2_x3_resunet_pooled_seed2026,pooled,intervention,2026,1120,na,hokkaido_iburi_tobu,Hokkaido1539,0.5,72,106,184,16022,28.442925306655784,0.47082036882397066,0.5271349580171123
E1,q2_x3_resunet_pooled_seed2026,pooled,intervention,2026,1120,na,hokkaido_iburi_tobu,Hokkaido1540,0.5,0,19,21,16344,88.79243587239218,0.0,0.0
E1,q2_x3_resunet_pooled_seed2026,pooled,intervention,2026,1120,na,hokkaido_iburi_tobu,Hokkaido1541,0.5,0,15,21,16348,87.85137345779603,0.0,0.0
E1,q2_x3_resunet_pooled_seed2026,pooled,intervention,2026,1120,na,hokkaido_iburi_tobu,Hokkaido1542,0.5,0,657,35,15692,139.65957193253567,0.0,0.0
E1,q2_x3_resunet_pooled_seed2026,pooled,intervention,2026,1120,na,hokkaido_iburi_tobu,Hokkaido1543,0.5,0,944,35,15405,91.76892856379648,0.0,0.0
E1,q2_x3_resunet_pooled_seed2026,pooled,intervention,2026,1120,na,hokkaido_iburi_tobu,Hokkaido1544,0.5,0,3,27,16354,138.5661926713211,0.0,0.0
E1,q2_x3_resunet_pooled_seed2026,pooled,intervention,2026,1120,na,hokkaido_iburi_tobu,Hokkaido1545,0.5,107,83,192,16002,43.61012423052395,0.43870682996750276,0.5982095839910749
E1,q2_x3_resunet_pooled_seed2026,pooled,intervention,2026,1120,na,hokkaido_iburi_tobu,Hokkaido1546,0.5,109,394,163,15718,41.400483088968905,0.23761694312069168,0.3294427856833784
E1,q2_x3_resunet_pooled_seed2026,pooled,intervention,2026,1120,na,hokkaido_iburi_tobu,Hokkaido1547,0.5,0,129,18,16237,96.95955488272061,0.0,0.0
E1,q2_x3_resunet_pooled_seed2026,pooled,intervention,2026,1120,na,hokkaido_iburi_tobu,Hokkaido1548,0.5,0,22,107,16255,74.67964289271261,0.0,0.0
E1,q2_x3_resunet_pooled_seed2026,pooled,intervention,2026,1120,na,hokkaido_iburi_tobu,Hokkaido1549,0.5,12,53,199,16120,56.49811182891249,0.31039136302250886,0.4574095682609039
E1,q2_x3_resunet_pooled_seed2026,pooled,intervention,2026,1120,na,hokkaido_iburi_tobu,Hokkaido1550,0.5,71,63,398,15852,35.83919407666997,0.3873902331160323,0.5998698461390881
E1,q2_x3_resunet_pooled_seed2026,pooled,intervention,2026,1120,na,hokkaido_iburi_tobu,Hokkaido1551,0.5,65,186,444,15689,36.243612124703795,0.22061527147886253,0.36008349762213737
E1,q2_x3_resunet_pooled_seed2026,pooled,intervention,2026,1120,na,hokkaido_iburi_tobu,Hokkaido1552,0.5,0,232,162,15990,87.44677603740506,0.03571428571383454,0.07779578606118055
E1,q2_x3_resunet_pooled_seed2026,pooled,intervention,2026,1120,na,hokkaido_iburi_tobu,Hokkaido1554,0.5,111,83,223,15967,71.09704482713306,0.3765643414328187,0.5533915379444301
E1,q2_x3_resunet_pooled_seed2026,pooled,intervention,2026,1120,na,hokkaido_iburi_tobu,Hokkaido1555,0.5,100,119,172,15993,88.3911760301898,0.3156132940140055,0.4448173630917469
E1,q2_x3_resunet_pooled_seed2026,pooled,intervention,2026,1120,na,hokkaido_iburi_tobu,Hokkaido1556,0.5,0,131,21,16232,89.66601314552987,0.0,0.0
E1,q2_x3_resunet_pooled_seed2026,pooled,intervention,2026,1120,na,hokkaido_iburi_tobu,Hokkaido1557,0.5,104,127,211,15942,32.6802121344459,0.5231488796885375,0.6354155693664028
E1,q2_x3_resunet_pooled_seed2026,pooled,intervention,2026,1120,na,hokkaido_iburi_tobu,Hokkaido1558,0.5,263,257,602,15262,41.56978318977542,0.5449036119936457,0.6901353324597285
E1,q2_x3_resunet_pooled_seed2026,pooled,intervention,2026,1120,na,hokkaido_iburi_tobu,Hokkaido1559,0.5,140,189,531,15524,34.86232698475909,0.3907019301986616,0.5075071392276087
E1,q2_x3_resunet_pooled_seed2026,pooled,intervention,2026,1120,na,hokkaido_iburi_tobu,Hokkaido1560,0.5,0,118,100,16166,136.98158600619715,0.0,0.0
E1,q2_x3_resunet_pooled_seed2026,pooled,intervention,2026,1120,na,hokkaido_iburi_tobu,Hokkaido1562,0.5,0,1048,35,15301,126.069378139201,0.0,0.0
E1,q2_x3_resunet_pooled_seed2026,pooled,intervention,2026,1120,na,hokkaido_iburi_tobu,Hokkaido1563,0.5,6,225,21,16132,93.66754826093646,0.08247422680393877,0.08391608391592438
E1,q2_x3_resunet_pooled_seed2026,pooled,intervention,2026,1120,na,hokkaido_iburi_tobu,Hokkaido1564,0.5,80,79,199,16026,32.71386939884265,0.5328719723178448,0.595320447608859
E1,q2_x3_resunet_pooled_seed2026,pooled,intervention,2026,1120,na,hokkaido_iburi_tobu,Hokkaido1565,0.5,155,223,361,15645,83.7354594205576,0.5547369781564089,0.6347685602640041
E1,q2_x3_resunet_pooled_seed2026,pooled,intervention,2026,1120,na,hokkaido_iburi_tobu,Hokkaido1566,0.5,80,328,211,15765,33.862801519854315,0.40763469679083625,0.4776019705251371
E1,q2_x3_resunet_pooled_seed2026,pooled,intervention,2026,1120,na,hokkaido_iburi_tobu,Hokkaido1567,0.5,0,281,27,16076,77.06750073874814,0.0,0.0
E1,q2_x3_resunet_pooled_seed2026,pooled,intervention,2026,1120,na,hokkaido_iburi_tobu,Hokkaido1570,0.5,0,409,27,15948,123.58391590174644,0.0,0.0
E1,q2_x3_resunet_pooled_seed2026,pooled,intervention,2026,1120,na,hokkaido_iburi_tobu,Hokkaido1571,0.5,0,244,27,16113,102.24724698512159,0.0,0.0
E1,q2_x3_resunet_pooled_seed2026,pooled,intervention,2026,1120,na,lombok,Lombok003,0.5,50,14937,0,1397,81.4235359298124,0.0036496350363335087,0.02087994034264688
E1,q2_x3_resunet_pooled_seed2026,pooled,intervention,2026,1120,na,lombok,Lombok005,0.5,50,7147,0,9187,31.25699921617557,0.03309431880836676,0.13151563752979745
E1,q2_x3_resunet_pooled_seed2026,pooled,intervention,2026,1120,na,lombok,Lombok006,0.5,50,7910,9,8415,31.915276851713408,0.05177727552879153,0.21215446517188588
E1,q2_x3_resunet_pooled_seed2026,pooled,intervention,2026,1120,na,lombok,Lombok009,0.5,88,2018,35,14243,93.0,0.14179751468983187,0.24228284278485904
E1,q2_x3_resunet_pooled_seed2026,pooled,intervention,2026,1120,na,lombok,Lombok010,0.5,1,1528,39,14816,61.03482547165558,0.029702970296712084,0.046153846153420115
E1,q2_x3_resunet_pooled_seed2026,pooled,intervention,2026,1120,na,lombok,Lombok013,0.5,72,1903,30,14379,104.57052579647669,0.02675585284236642,0.11810111925852214
E1,q2_x3_resunet_pooled_seed2026,pooled,intervention,2026,1120,na,lombok,Lombok014,0.5,0,93,33,16258,71.30918594402827,0.0,0.0
E1,q2_x3_resunet_pooled_seed2026,pooled,intervention,2026,1120,na,lombok,Lombok016,0.5,134,2927,12,13311,22.394137358771793,0.12239221140434796,0.29324489439655
E1,q2_x3_resunet_pooled_seed2026,pooled,intervention,2026,1120,na,lombok,Lombok017,0.5,94,2739,2,13549,109.59946858912804,0.04953715286426231,0.11835313887844344
E1,q2_x3_resunet_pooled_seed2026,pooled,intervention,2026,1120,na,lombok,Lombok029,0.5,59,1611,34,14680,30.074884764691625,0.05618387449799606,0.07610993657473693
E1,q2_x3_resunet_pooled_seed2026,pooled,intervention,2026,1120,na,lombok,Lombok030,0.5,69,1341,9,14965,117.45381671622906,0.13787443578131783,0.18435754189904122
E1,q2_x3_resunet_pooled_seed2026,pooled,intervention,2026,1120,na,lombok,Lombok033,0.5,0,121,61,16202,69.51896551673651,0.0,0.0
E1,q2_x3_resunet_pooled_seed2026,pooled,intervention,2026,1120,na,lombok,Lombok034,0.5,16,93,290,15985,57.07538858020124,0.14419252187720843,0.19064911484306024
E1,q2_x3_resunet_pooled_seed2026,pooled,intervention,2026,1120,na,lombok,Lombok035,0.5,88,245,158,15893,45.36545748623329,0.47512174465332424,0.5405835047685295
E1,q2_x3_resunet_pooled_seed2026,pooled,intervention,2026,1120,na,lombok,Lombok036,0.5,29,216,45,16094,64.63270230575276,0.16666666666629168,0.17460317460283786
E1,q2_x3_resunet_pooled_seed2026,pooled,intervention,2026,1120,na,lombok,Lombok037,0.5,102,224,62,15996,30.503852989196695,0.4724510538135591,0.5328938073929589
E1,q2_x3_resunet_pooled_seed2026,pooled,intervention,2026,1120,na,lombok,Lombok038,0.5,17,326,165,15876,30.113101940653657,0.15860869565171373,0.23484758628823174
E1,q2_x3_resunet_pooled_seed2026,pooled,intervention,2026,1120,na,lombok,Lombok039,0.5,138,241,171,15834,25.559544376884208,0.5035043106116699,0.5813498825170328
E1,q2_x3_resunet_pooled_seed2026,pooled,intervention,2026,1120,na,lombok,Lombok040,0.5,131,166,126,15961,26.06241313123679,0.49473814535049826,0.56422237561678
E1,q2_x3_resunet_pooled_seed2026,pooled,intervention,2026,1120,na,lombok,Lombok041,0.5,100,206,228,15850,22.521900571405002,0.4457025891160656,0.49159324305628915
E1,q2_x3_resunet_pooled_seed2026,pooled,intervention,2026,1120,na,lombok,Lombok042,0.5,0,311,288,15785,54.64842087357044,0.0,0.0
E1,q2_x3_resunet_pooled_seed2026,pooled,intervention,2026,1120,na,lombok,Lombok043,0.5,0,3973,22,12389,63.89208772960584,0.0,0.0
E1,q2_x3_resunet_pooled_seed2026,pooled,intervention,2026,1120,na,lombok,Lombok044,0.5,54,4948,77,11305,64.22198701754007,0.11248099983083747,0.19326500732033242
E1,q2_x3_resunet_pooled_seed2026,pooled,intervention,2026,1120,na,lombok,Lombok045,0.5,282,1940,199,13963,20.406495802942715,0.33454031117350963,0.4817304543786493
E1,q2_x3_resunet_pooled_seed2026,pooled,intervention,2026,1120,na,lombok,Lombok046,0.5,262,605,111,15406,45.33307215855227,0.460136041830058,0.5951938206260287
E1,q2_x3_resunet_pooled_seed2026,pooled,intervention,2026,1120,na,lombok,Lombok047,0.5,0,2,17,16365,125.29266324048551,0.0,0.0
E1,q2_x3_resunet_pooled_seed2026,pooled,intervention,2026,1120,na,lombok,Lombok048,0.5,0,34,85,16265,142.891566595323,0.0,0.0
E1,q2_x3_resunet_pooled_seed2026,pooled,intervention,2026,1120,na,lombok,Lombok049,0.5,0,28,92,16264,137.20388399706474,0.0,0.0
E1,q2_x3_resunet_pooled_seed2026,pooled,intervention,2026,1120,na,lombok,Lombok050,0.5,1,0,58,16325,77.5642529276936,0.2121212121210225,0.3835616438353064
E1,q2_x3_resunet_pooled_seed2026,pooled,intervention,2026,1120,na,lombok,Lombok051,0.5,0,357,82,15945,53.150729063673246,0.00979431929466293,0.010297029702908194
E1,q2_x3_resunet_pooled_seed2026,pooled,intervention,2026,1120,na,lombok,Lombok052,0.5,0,350,78,15956,64.15980021890701,0.0,0.0
E1,q2_x3_resunet_pooled_seed2026,pooled,intervention,2026,1120,na,lombok,Lombok053,0.5,0,164,41,16179,55.0944584757151,0.0,0.0
E1,q2_x3_resunet_pooled_seed2026,pooled,intervention,2026,1120,na,lombok,Lombok055,0.5,73,919,89,15303,59.650410771391925,0.1864577729958953,0.2176987469450481
E1,q2_x3_resunet_pooled_seed2026,pooled,intervention,2026,1120,na,lombok,Lombok056,0.5,99,419,208,15658,24.166091947189145,0.29327649872322503,0.3758181951896644
E1,q2_x3_resunet_pooled_seed2026,pooled,intervention,2026,1120,na,lombok,Lombok057,0.5,312,508,172,15392,22.33891490519706,0.518244803694654,0.7300613496927529
E1,q2_x3_resunet_pooled_seed2026,pooled,intervention,2026,1120,na,lombok,Lombok058,0.5,114,286,184,15800,37.539284924860176,0.3766628468930358,0.4211042840070385
E1,q2_x3_resunet_pooled_seed2026,pooled,intervention,2026,1120,na,lombok,Lombok059,0.5,61,435,194,15694,37.210036543502866,0.2746572313130954,0.32877352975518315
E1,q2_x3_resunet_pooled_seed2026,pooled,intervention,2026,1120,na,lombok,Lombok060,0.5,17,2308,206,13853,60.136924882515125,0.040581371118798434,0.05682370082549284
E1,q2_x3_resunet_pooled_seed2026,pooled,intervention,2026,1120,na,lombok,Lombok061,0.5,0,937,63,15384,105.1146984726716,0.0,0.0
E1,q2_x3_resunet_pooled_seed2026,pooled,intervention,2026,1120,na,lombok,Lombok062,0.5,0,2305,100,13979,83.00692732833667,0.01834862385271442,0.05595930232510151
E1,q2_x3_resunet_pooled_seed2026,pooled,intervention,2026,1120,na,lombok,Lombok063,0.5,50,2609,197,13528,79.80536098847352,0.16863615253575368,0.24124513618627408
E1,q2_x3_resunet_pooled_seed2026,pooled,intervention,2026,1120,na,lombok,Lombok064,0.5,239,1456,622,14067,76.28100905483687,0.3209805718598565,0.47097330391406544
E1,q2_x3_resunet_pooled_seed2026,pooled,intervention,2026,1120,na,lombok,Lombok065,0.5,370,421,288,15305,34.64381458886453,0.45995818561899676,0.6156567890309044
E1,q2_x3_resunet_pooled_seed2026,pooled,intervention,2026,1120,na,lombok,Lombok066,0.5,0,233,117,16034,104.18057973419988,0.0,0.0
E1,q2_x3_resunet_pooled_seed2026,pooled,intervention,2026,1120,na,lombok,Lombok067,0.5,99,86,342,15857,99.86986111328943,0.2875211494185905,0.29066165080737766
E1,q2_x3_resunet_pooled_seed2026,pooled,intervention,2026,1120,na,lombok,Lombok068,0.5,173,120,405,15686,50.275196169998004,0.45177973836283775,0.4838947917790721
E1,q2_x3_resunet_pooled_seed2026,pooled,intervention,2026,1120,na,lombok,Lombok069,0.5,115,64,396,15809,59.20130875097035,0.33185840707936337,0.4263959390859589
E1,q2_x3_resunet_pooled_seed2026,pooled,intervention,2026,1120,na,lombok,Lombok070,0.5,66,411,249,15658,40.95701055419763,0.18347004082784027,0.21778084079896823
E1,q2_x3_resunet_pooled_seed2026,pooled,intervention,2026,1120,na,lombok,Lombok076,0.5,121,2368,168,13727,47.45415055779892,0.1299381247022897,0.16030131038611334
E1,q2_x3_resunet_pooled_seed2026,pooled,intervention,2026,1120,na,lombok,Lombok077,0.5,10,340,147,15887,37.41119613914536,0.0779255676471419,0.0823045267487188
E1,q2_x3_resunet_pooled_seed2026,pooled,intervention,2026,1120,na,lombok,Lombok078,0.5,30,727,84,15543,47.923283183841576,0.12060653869727236,0.17489494113469417
E1,q2_x3_resunet_pooled_seed2026,pooled,intervention,2026,1120,na,lombok,Lombok079,0.5,0,605,147,15632,38.13765091842302,0.0,0.03167898627207151
E1,q2_x3_resunet_pooled_seed2026,pooled,intervention,2026,1120,na,lombok,Lombok080,0.5,0,291,126,15967,90.4914957004687,0.0,0.0
E1,q2_x3_resunet_pooled_seed2026,pooled,intervention,2026,1120,na,lombok,Lombok081,0.5,22,928,113,15321,66.76871899285784,0.040048543688949674,0.08304256803863683
E1,q2_x3_resunet_pooled_seed2026,pooled,intervention,2026,1120,na,lombok,Lombok082,0.5,361,1983,224,13816,59.471000766305295,0.13658092419710377,0.27602435705793826
E1,q2_x3_resunet_pooled_seed2026,pooled,intervention,2026,1120,na,lombok,Lombok083,0.5,306,572,517,14989,42.57927956320977,0.29889453799112903,0.37296328057962835
E1,q2_x3_resunet_pooled_seed2026,pooled,intervention,2026,1120,na,lombok,Lombok084,0.5,66,96,239,15983,65.63353431786526,0.14360266330705557,0.30986391682817943
E1,q2_x3_resunet_pooled_seed2026,pooled,intervention,2026,1120,na,lombok,Lombok085,0.5,2,6041,41,10300,133.33114973486664,0.02709211318473564,0.033801580333569725
E1,q2_x3_resunet_pooled_seed2026,pooled,intervention,2026,1120,na,lombok,Lombok092,0.5,0,367,19,15998,48.558130481887524,0.0,0.0
E1,q2_x3_resunet_pooled_seed2026,pooled,intervention,2026,1120,na,lombok,Lombok093,0.5,99,535,206,15544,36.96118574544199,0.2709431910840519,0.3131473741590839
E1,q2_x3_resunet_pooled_seed2026,pooled,intervention,2026,1120,na,lombok,Lombok094,0.5,152,434,544,15254,61.31834214103951,0.32209235128488445,0.3753027437704611
E1,q2_x3_resunet_pooled_seed2026,pooled,intervention,2026,1120,na,lombok,Lombok095,0.5,361,108,1144,14771,45.85236964521498,0.4346268656713016,0.5008576329327291
E1,q2_x3_resunet_pooled_seed2026,pooled,intervention,2026,1120,na,lombok,Lombok096,0.5,602,156,1224,14402,31.91741004079413,0.56228061224986,0.6412147505418636
E1,q2_x3_resunet_pooled_seed2026,pooled,intervention,2026,1120,na,lombok,Lombok097,0.5,333,173,884,14994,60.45653943157778,0.4326488506159416,0.5146358066708226
E1,q2_x3_resunet_pooled_seed2026,pooled,intervention,2026,1120,na,lombok,Lombok098,0.5,58,754,516,15056,45.61238216056428,0.0747054879795786,0.10036900368955168
E1,q2_x3_resunet_pooled_seed2026,pooled,intervention,2026,1120,na,lombok,Lombok099,0.5,0,3140,81,13163,84.36230636144197,0.0,0.0
E1,q2_x3_resunet_pooled_seed2026,pooled,intervention,2026,1120,na,lombok,Lombok100,0.5,44,5844,16,10480,81.58553494975806,0.04498425551048702,0.07867282367015417
E1,q2_x3_resunet_pooled_seed2026,pooled,intervention,2026,1120,na,lombok,Lombok101,0.5,44,4817,87,11436,52.408002976221425,0.028813559321860718,0.04803259354546501
E1,q2_x3_resunet_pooled_seed2026,pooled,intervention,2026,1120,na,lombok,Lombok102,0.5,12,256,113,16003,42.36730195109764,0.11421950008235764,0.11691348402142851
E1,q2_x3_resunet_pooled_seed2026,pooled,intervention,2026,1120,na,lombok,Lombok103,0.5,1,1801,78,14504,69.18699298668415,0.005320721253284357,0.0053700285282530106
E1,q2_x3_resunet_pooled_seed2026,pooled,intervention,2026,1120,na,lombok,Lombok104,0.5,0,2622,101,13661,57.44860666252325,0.008492569001803653,0.042477876105750635
E1,q2_x3_resunet_pooled_seed2026,pooled,intervention,2026,1120,na,lombok,Lombok105,0.5,16,2732,90,13546,59.12678530585238,0.0,0.0
E1,q2_x3_resunet_pooled_seed2026,pooled,intervention,2026,1120,na,lombok,Lombok106,0.5,191,5246,74,10873,34.9914074767268,0.2362449487095396,0.40134717934280156
E1,q2_x3_resunet_pooled_seed2026,pooled,intervention,2026,1120,na,lombok,Lombok107,0.5,545,6817,245,8777,30.726783531083782,0.18667341643942828,0.3160457057757262
E1,q2_x3_resunet_pooled_seed2026,pooled,intervention,2026,1120,na,lombok,Lombok108,0.5,357,3807,221,11999,46.11668809546352,0.17855980777364225,0.25238600212039525
E1,q2_x3_resunet_pooled_seed2026,pooled,intervention,2026,1120,na,lombok,Lombok109,0.5,0,4675,19,11690,101.1941165614071,0.0,0.0
E1,q2_x3_resunet_pooled_seed2026,pooled,intervention,2026,1120,na,lombok,Lombok110,0.5,11,3716,43,12614,109.59048411007896,0.04665547406547789,0.08035569050579085
E1,q2_x3_resunet_pooled_seed2026,pooled,intervention,2026,1120,na,lombok,Lombok111,0.5,16,4127,38,12203,72.83543093852057,0.056737588652402415,0.08972995090007041
E1,q2_x3_resunet_pooled_seed2026,pooled,intervention,2026,1120,na,lombok,Lombok112,0.5,0,2593,87,13704,104.48760418408084,0.0,0.0
E1,q2_x3_resunet_pooled_seed2026,pooled,intervention,2026,1120,na,lombok,Lombok113,0.5,0,3,188,16193,124.7065323179718,0.0,0.0
E1,q2_x3_resunet_pooled_seed2026,pooled,intervention,2026,1120,na,lombok,Lombok114,0.5,0,3,101,16280,76.97618166006094,0.0,0.0
E1,q2_x3_resunet_pooled_seed2026,pooled,intervention,2026,1120,na,lombok,Lombok115,0.5,0,0,220,16164,181.01933598375618,0.0,0.0
E1,q2_x3_resunet_pooled_seed2026,pooled,intervention,2026,1120,na,lombok,Lombok116,0.5,17,13,737,15617,83.7615663654877,0.08521134656340233,0.16777041942583856
E1,q2_x3_resunet_pooled_seed2026,pooled,intervention,2026,1120,na,lombok,Lombok117,0.5,34,105,698,15547,83.14672060136274,0.1268742791231007,0.18893013463309422
E1,q2_x3_resunet_pooled_seed2026,pooled,intervention,2026,1120,na,lombok,Lombok119,0.5,119,522,64,15679,85.49180327408531,0.3546486058575859,0.4178272980496924
E1,q2_x3_resunet_pooled_seed2026,pooled,intervention,2026,1120,na,lombok,Lombok120,0.5,119,716,21,15528,79.03189531895161,0.23869801084949094,0.3535257282870833
E1,q2_x3_resunet_pooled_seed2026,pooled,intervention,2026,1120,na,lombok,Lombok121,0.5,0,503,19,15862,79.11428697443593,0.0,0.0
E1,q2_x3_resunet_pooled_seed2026,pooled,intervention,2026,1120,na,lombok,Lombok122,0.5,0,320,31,16033,52.81210863213222,0.0,0.0
E1,q2_x3_resunet_pooled_seed2026,pooled,intervention,2026,1120,na,lombok,Lombok123,0.5,159,681,416,15128,60.79262667019324,0.26674874869466686,0.28971511347126633
E1,q2_x3_resunet_pooled_seed2026,pooled,intervention,2026,1120,na,lombok,Lombok124,0.5,437,566,965,14416,40.01748907615055,0.3209951758454523,0.42042353087359735
E1,q2_x3_resunet_pooled_seed2026,pooled,intervention,2026,1120,na,lombok,Lombok125,0.5,442,202,1918,13822,41.23105625617661,0.2887136714573421,0.39003831417593127
E1,q2_x3_resunet_pooled_seed2026,pooled,intervention,2026,1120,na,lombok,Lombok126,0.5,546,120,2096,13622,50.005499450109966,0.4237461617192156,0.5135135135131318
E1,q2_x3_resunet_pooled_seed2026,pooled,intervention,2026,1120,na,lombok,Lombok127,0.5,265,76,1350,14693,71.95017021457926,0.36152763534313104,0.4719576719573113
E1,q2_x3_resunet_pooled_seed2026,pooled,intervention,2026,1120,na,lombok,Lombok128,0.5,85,766,543,14990,42.52538100306249,0.1811085089768652,0.20359281437078203
E1,q2_x3_resunet_pooled_seed2026,pooled,intervention,2026,1120,na,lombok,Lombok129,0.5,1,2023,318,14042,79.14101114049373,0.0022890778285511153,0.004675628287493302
E1,q2_x3_resunet_pooled_seed2026,pooled,intervention,2026,1120,na,lombok,Lombok132,0.5,158,2203,26,13997,27.459060435491963,0.1603498542270399,0.33939942564570924
E1,q2_x3_resunet_pooled_seed2026,pooled,intervention,2026,1120,na,lombok,Lombok133,0.5,120,3030,26,13208,47.42414991036791,0.09722222222193529,0.2229781443997117
E1,q2_x3_resunet_pooled_seed2026,pooled,intervention,2026,1120,na,lombok,Lombok134,0.5,2,1407,71,14904,50.867808594117555,0.04617075851930635,0.08463476070491428
E1,q2_x3_resunet_pooled_seed2026,pooled,intervention,2026,1120,na,lombok,Lombok135,0.5,4,4049,103,12228,68.44156446658367,0.01963993453326692,0.04231487243263883
E1,q2_x3_resunet_pooled_seed2026,pooled,intervention,2026,1120,na,lombok,Lombok136,0.5,64,9290,66,6964,48.734823208657566,0.03252375923932158,0.04234404536817401
E1,q2_x3_resunet_pooled_seed2026,pooled,intervention,2026,1120,na,lombok,Lombok137,0.5,94,11220,23,5047,38.43672872857918,0.0,0.0
E1,q2_x3_resunet_pooled_seed2026,pooled,intervention,2026,1120,na,lombok,Lombok138,0.5,201,13410,39,2734,33.34513693272749,0.24088762550961382,0.34443531567926333
E1,q2_x3_resunet_pooled_seed2026,pooled,intervention,2026,1120,na,lombok,Lombok139,0.5,287,10046,262,5789,50.47186545364216,0.16539333998680972,0.2967874006023168
E1,q2_x3_resunet_pooled_seed2026,pooled,intervention,2026,1120,na,lombok,Lombok140,0.5,180,5091,273,10840,54.147945482723536,0.10567734682355848,0.1776900296145128
E1,q2_x3_resunet_pooled_seed2026,pooled,intervention,2026,1120,na,lombok,Lombok141,0.5,11,8955,88,7330,94.28413796409852,0.08084178108539973,0.1857374870807782
E1,q2_x3_resunet_pooled_seed2026,pooled,intervention,2026,1120,na,lombok,Lombok142,0.5,29,6599,22,9734,87.2000168577189,0.05100351748389328,0.08756707386678993
E1,q2_x3_resunet_pooled_seed2026,pooled,intervention,2026,1120,na,lombok,Lombok143,0.5,42,3785,9,12548,78.44743462982075,0.04102316602311024,0.08665817360579853
E1,q2_x3_resunet_pooled_seed2026,pooled,intervention,2026,1120,na,lombok,Lombok144,0.5,0,3618,27,12739,109.9015435924055,0.008069164265090151,0.01945945945940687
E1,q2_x3_resunet_pooled_seed2026,pooled,intervention,2026,1120,na,lombok,Lombok145,0.5,3,1924,24,14433,120.50438119546759,0.01854714064907563,0.05126941089460244
E1,q2_x3_resunet_pooled_seed2026,pooled,intervention,2026,1120,na,lombok,Lombok146,0.5,0,2270,32,14082,73.54296073592823,0.0,0.0
E1,q2_x3_resunet_pooled_seed2026,pooled,intervention,2026,1120,na,lombok,Lombok147,0.5,0,157,64,16163,106.25441167311595,0.0,0.0
E1,q2_x3_resunet_pooled_seed2026,pooled,intervention,2026,1120,na,lombok,Lombok148,0.5,0,34,57,16293,116.35992376147627,0.0,0.0
E1,q2_x3_resunet_pooled_seed2026,pooled,intervention,2026,1120,na,lombok,Lombok149,0.5,0,0,675,15709,181.01933598375618,0.0,0.0
E1,q2_x3_resunet_pooled_seed2026,pooled,intervention,2026,1120,na,lombok,Lombok150,0.5,5,3,1069,15307,92.65311628896582,0.05906040268450644,0.15089514066482212
E1,q2_x3_resunet_pooled_seed2026,pooled,intervention,2026,1120,na,lombok,Lombok153,0.5,107,164,76,16037,75.50490161410643,0.4332425068114892,0.561143137494905
E1,q2_x3_resunet_pooled_seed2026,pooled,intervention,2026,1120,na,lombok,Lombok154,0.5,80,854,50,15400,106.07355830990737,0.1796321035862126,0.2522106608896906
E1,q2_x3_resunet_pooled_seed2026,pooled,intervention,2026,1120,na,lombok,Lombok155,0.5,0,909,20,15455,64.58748684659463,0.0,0.0
E1,q2_x3_resunet_pooled_seed2026,pooled,intervention,2026,1120,na,lombok,Lombok156,0.5,0,424,21,15939,55.38384071940133,0.0,0.0
E1,q2_x3_resunet_pooled_seed2026,pooled,intervention,2026,1120,na,lombok,Lombok157,0.5,66,153,221,15944,107.10087295493652,0.2699359399155666,0.2957786768006122
E1,q2_x3_resunet_pooled_seed2026,pooled,intervention,2026,1120,na,lombok,Lombok158,0.5,343,142,730,15169,50.43640713504407,0.43031266560643855,0.557108942231195
E1,q2_x3_resunet_pooled_seed2026,pooled,intervention,2026,1120,na,lombok,Lombok159,0.5,297,777,2158,13152,47.16990566028302,0.17216117216084434,0.23378773766811983
E1,q2_x3_resunet_pooled_seed2026,pooled,intervention,2026,1120,na,lombok,Lombok160,0.5,182,57,2612,13533,30.47211731009602,0.21761873495273432,0.33439583862927624
E1,q2_x3_resunet_pooled_seed2026,pooled,intervention,2026,1120,na,lombok,Lombok161,0.5,185,142,1373,14684,23.323807579381203,0.3289903221143647,0.46269764950724024
E1,q2_x3_resunet_pooled_seed2026,pooled,intervention,2026,1120,na,lombok,Lombok162,0.5,54,242,489,15599,38.3275357934736,0.2295958644218492,0.2516499076046901
E1,q2_x3_resunet_pooled_seed2026,pooled,intervention,2026,1120,na,lombok,Lombok163,0.5,63,150,443,15728,57.271284253105414,0.2167872736706263,0.2700617283946045
E1,q2_x3_resunet_pooled_seed2026,pooled,intervention,2026,1120,na,lombok,Lombok164,0.5,94,60,465,15765,44.05703068067934,0.322038686832184,0.39593125219180675
E1,q2_x3_resunet_pooled_seed2026,pooled,intervention,2026,1120,na,lombok,Lombok166,0.5,49,1503,390,14442,95.50915798910164,0.02296336796014671,0.06591456458311075
E1,q2_x3_resunet_pooled_seed2026,pooled,intervention,2026,1120,na,lombok,Lombok167,0.5,119,1817,549,13899,46.03974322216283,0.08505377673334553,0.15292844378400153
E1,q2_x3_resunet_pooled_seed2026,pooled,intervention,2026,1120,na,lombok,Lombok168,0.5,84,1822,275,14203,63.40021053250978,0.1287744227348473,0.21659601840653406
E1,q2_x3_resunet_pooled_seed2026,pooled,intervention,2026,1120,na,lombok,Lombok169,0.5,223,4484,105,11572,33.1506554146229,0.11162179908026237,0.1881539790721775
E1,q2_x3_resunet_pooled_seed2026,pooled,intervention,2026,1120,na,lombok,Lombok170,0.5,673,8829,81,6801,50.571116391833,0.0,0.013165769000259035
E1,q2_x3_resunet_pooled_seed2026,pooled,intervention,2026,1120,na,lombok,Lombok171,0.5,1613,13819,20,932,69.31161515443779,0.06925859586241935,0.09078716599576409
E1,q2_x3_resunet_pooled_seed2026,pooled,intervention,2026,1120,na,lombok,Lombok172,0.5,1165,15205,0,14,66.11958717221611,0.0,0.0
E1,q2_x3_resunet_pooled_seed2026,pooled,intervention,2026,1120,na,lombok,Lombok173,0.5,120,16213,0,51,58.0,0.0,0.0
E1,q2_x3_resunet_pooled_seed2026,pooled,intervention,2026,1120,na,lombok,Lombok174,0.5,165,7764,463,7992,59.432633641822896,0.08920827654515782,0.15152250567411046
E1,q2_x3_resunet_pooled_seed2026,pooled,intervention,2026,1120,na,lombok,Lombok175,0.5,124,2302,890,13068,97.48973391417067,0.07936507936467119,0.1569824002826222
E1,q2_x3_resunet_pooled_seed2026,pooled,intervention,2026,1120,na,lombok,Lombok176,0.5,0,2212,462,13710,69.90135476669349,0.0,0.0
E1,q2_x3_resunet_pooled_seed2026,pooled,intervention,2026,1120,na,lombok,Lombok177,0.5,48,6826,19,9491,92.00951010722349,0.05536072814877189,0.07529411764698636
E1,q2_x3_resunet_pooled_seed2026,pooled,intervention,2026,1120,na,lombok,Lombok178,0.5,67,6351,6,9960,67.62396025078685,0.06001439416796192,0.11754972594700587
E1,q2_x3_resunet_pooled_seed2026,pooled,intervention,2026,1120,na,lombok,Lombok179,0.5,100,7772,29,8483,60.12320559153293,0.08177164764077839,0.1358890614123014
E1,q2_x3_resunet_pooled_seed2026,pooled,intervention,2026,1120,na,lombok,Lombok180,0.5,88,5963,35,10298,76.90936167638404,0.06690336014851969,0.12115742505425434
E1,q2_x3_resunet_pooled_seed2026,pooled,intervention,2026,1120,na,lombok,Lombok181,0.5,4,2986,33,13361,66.70157112118696,0.014524328249719337,0.026602176541616302
E1,q2_x3_resunet_pooled_seed2026,pooled,intervention,2026,1120,na,lombok,Lombok182,0.5,0,1869,168,14347,48.07749998053241,0.0,0.0
E1,q2_x3_resunet_pooled_seed2026,pooled,intervention,2026,1120,na,lombok,Lombok183,0.5,53,1213,459,14659,53.703337970448814,0.17068663684058274,0.22025832766775305
E1,q2_x3_resunet_pooled_seed2026,pooled,intervention,2026,1120,na,lombok,Lombok184,0.5,0,0,996,15388,181.01933598375618,0.0,0.0
E1,q2_x3_resunet_pooled_seed2026,pooled,intervention,2026,1120,na,lombok,Lombok185,0.5,0,0,975,15409,181.01933598375618,0.0,0.0
E1,q2_x3_resunet_pooled_seed2026,pooled,intervention,2026,1120,na,lombok,Lombok186,0.5,0,18,885,15481,101.13060844668809,0.0,0.0
E1,q2_x3_resunet_pooled_seed2026,pooled,intervention,2026,1120,na,lombok,Lombok187,0.5,0,4186,25,12173,67.15205425317791,0.0,0.0
E1,q2_x3_resunet_pooled_seed2026,pooled,intervention,2026,1120,na,lombok,Lombok188,0.5,0,1292,32,15060,57.70653816779558,0.0,0.0
E1,q2_x3_resunet_pooled_seed2026,pooled,intervention,2026,1120,na,lombok,Lombok189,0.5,42,1221,250,14871,56.16084464524101,0.065580560540868,0.07038648579445347
E1,q2_x3_resunet_pooled_seed2026,pooled,intervention,2026,1120,na,lombok,Lombok190,0.5,53,891,1177,14263,39.47457155506576,0.06106603855837603,0.08348469789867409
E1,q2_x3_resunet_pooled_seed2026,pooled,intervention,2026,1120,na,lombok,Lombok191,0.5,27,59,1483,14815,34.50752298415134,0.0669490367534636,0.14131145890972144
E1,q2_x3_resunet_pooled_seed2026,pooled,intervention,2026,1120,na,lombok,Lombok192,0.5,44,1061,743,14536,51.00979732983646,0.07230948459356383,0.10083064143927918
E1,q2_x3_resunet_pooled_seed2026,pooled,intervention,2026,1120,na,lombok,Lombok193,0.5,25,962,280,15117,57.56124457543583,0.07016473459377412,0.07016473459377412
E1,q2_x3_resunet_pooled_seed2026,pooled,intervention,2026,1120,na,lombok,Lombok194,0.5,34,25,284,16041,90.63634577621063,0.2534096649265026,0.3204304529389819
E1,q2_x3_resunet_pooled_seed2026,pooled,intervention,2026,1120,na,lombok,Lombok195,0.5,299,152,643,15290,67.66156422570818,0.5148110126854205,0.6140206034621879
E1,q2_x3_resunet_pooled_seed2026,pooled,intervention,2026,1120,na,lombok,Lombok196,0.5,397,212,569,15206,23.067273592794074,0.6340746508341086,0.7320343224878859
E1,q2_x3_resunet_pooled_seed2026,pooled,intervention,2026,1120,na,lombok,Lombok197,0.5,86,621,665,15012,38.19947428308079,0.15228228971418709,0.20566456867777994
E1,q2_x3_resunet_pooled_seed2026,pooled,intervention,2026,1120,na,lombok,Lombok198,0.5,0,1204,806,14374,50.3627841000582,0.0020202020197339046,0.016365568543703052
E1,q2_x3_resunet_pooled_seed2026,pooled,intervention,2026,1120,na,lombok,Lombok199,0.5,574,4455,382,10973,76.49383193917704,0.03601419790452788,0.07529847435685642
E1,q2_x3_resunet_pooled_seed2026,pooled,intervention,2026,1120,na,lombok,Lombok200,0.5,831,9300,70,6183,32.443409367160484,0.05268152220107662,0.09195853363382529
E1,q2_x3_resunet_pooled_seed2026,pooled,intervention,2026,1120,na,lombok,Lombok201,0.5,879,10946,0,4559,55.56707599281882,0.007751937984124376,0.04943714821737782
E1,q2_x3_resunet_pooled_seed2026,pooled,intervention,2026,1120,na,lombok,Lombok202,0.5,1673,10296,0,4415,60.506143886230596,0.0017985611506910113,0.023444900536563548
E1,q2_x3_resunet_pooled_seed2026,pooled,intervention,2026,1120,na,lombok,Lombok203,0.5,1087,12963,0,2334,66.7248028553471,0.0,0.0
E1,q2_x3_resunet_pooled_seed2026,pooled,intervention,2026,1120,na,lombok,Lombok204,0.5,1692,14677,1,14,68.568196261755,0.0176860722179917,0.025586353944372413
E1,q2_x3_resunet_pooled_seed2026,pooled,intervention,2026,1120,na,lombok,Lombok205,0.5,2144,7795,1411,5034,41.060923119275856,0.11598966893601771,0.1875788964784759
E1,q2_x3_resunet_pooled_seed2026,pooled,intervention,2026,1120,na,lombok,Lombok206,0.5,331,700,2602,12751,81.00709835388975,0.06703595906466693,0.12077682481980494
E1,q2_x3_resunet_pooled_seed2026,pooled,intervention,2026,1120,na,lombok,Lombok207,0.5,374,3767,1271,10972,56.68980723697515,0.2635347248990094,0.38493910087760974
E1,q2_x3_resunet_pooled_seed2026,pooled,intervention,2026,1120,na,lombok,Lombok208,0.5,343,6078,445,9518,61.66036003787198,0.19183761873790117,0.29577822322953096
E1,q2_x3_resunet_pooled_seed2026,pooled,intervention,2026,1120,na,lombok,Lombok209,0.5,83,4853,130,11318,44.485876108872255,0.10817307692290212,0.18983274285222443
E1,q2_x3_resunet_pooled_seed2026,pooled,intervention,2026,1120,na,lombok,Lombok210,0.5,24,4457,26,11877,48.23106123074294,0.0510087038660459,0.0879668877473545
E1,q2_x3_resunet_pooled_seed2026,pooled,intervention,2026,1120,na,lombok,Lombok211,0.5,79,5826,41,10438,59.47822500954821,0.0993788819874432,0.16283364109434995
E1,q2_x3_resunet_pooled_seed2026,pooled,intervention,2026,1120,na,lombok,Lombok212,0.5,52,4401,44,11887,96.84289728688651,0.08608316509158755,0.1230323670589503
E1,q2_x3_resunet_pooled_seed2026,pooled,intervention,2026,1120,na,lombok,Lombok213,0.5,74,2899,313,13098,48.51771092646432,0.12009775398537892,0.17239093992396215
E1,q2_x3_resunet_pooled_seed2026,pooled,intervention,2026,1120,na,lombok,Lombok214,0.5,121,3156,1160,11947,75.54501787969042,0.07047468738568868,0.10553971028665717
E1,q2_x3_resunet_pooled_seed2026,pooled,intervention,2026,1120,na,lombok,Lombok215,0.5,0,0,1520,14864,181.01933598375618,0.0,0.0
E1,q2_x3_resunet_pooled_seed2026,pooled,intervention,2026,1120,na,lombok,Lombok216,0.5,0,0,1002,15382,181.01933598375618,0.0,0.0
E1,q2_x3_resunet_pooled_seed2026,pooled,intervention,2026,1120,na,lombok,Lombok217,0.5,0,6,850,15528,134.54365267728855,0.0,0.0
E1,q2_x3_resunet_pooled_seed2026,pooled,intervention,2026,1120,na,lombok,Lombok218,0.5,0,267,30,16087,88.17012722928683,0.0,0.0
E1,q2_x3_resunet_pooled_seed2026,pooled,intervention,2026,1120,na,lombok,Lombok219,0.5,0,126,57,16201,92.46400035863769,0.0,0.0
E1,q2_x3_resunet_pooled_seed2026,pooled,intervention,2026,1120,na,lombok,Lombok220,0.5,0,922,31,15431,60.16738243218256,0.0,0.0
E1,q2_x3_resunet_pooled_seed2026,pooled,intervention,2026,1120,na,lombok,Lombok221,0.5,0,2374,47,13963,39.07625619939963,0.0,0.0
E1,q2_x3_resunet_pooled_seed2026,pooled,intervention,2026,1120,na,lombok,Lombok222,0.5,0,337,71,15976,45.800932489144486,0.0,0.0
E1,q2_x3_resunet_pooled_seed2026,pooled,intervention,2026,1120,na,lombok,Lombok223,0.5,0,871,25,15488,76.35270254238105,0.0,0.0
E1,q2_x3_resunet_pooled_seed2026,pooled,intervention,2026,1120,na,lombok,Lombok224,0.5,0,388,25,15971,97.96782549149403,0.0,0.0
E1,q2_x3_resunet_pooled_seed2026,pooled,intervention,2026,1120,na,lombok,Lombok230,0.5,265,187,525,15407,36.78603682797367,0.5415721759431034,0.6625926407484272
E1,q2_x3_resunet_pooled_seed2026,pooled,intervention,2026,1120,na,lombok,Lombok231,0.5,34,1330,384,14636,29.07317749583373,0.0844787127048516,0.15968224729403088
E1,q2_x3_resunet_pooled_seed2026,pooled,intervention,2026,1120,na,lombok,Lombok232,0.5,25,4016,300,12043,89.00252801010193,0.062111801241796515,0.08522727272679986
E1,q2_x3_resunet_pooled_seed2026,pooled,intervention,2026,1120,na,lombok,Lombok233,0.5,1896,7861,137,6490,48.18847829320951,0.20120554922270287,0.2306940371451862
E1,q2_x3_resunet_pooled_seed2026,pooled,intervention,2026,1120,na,lombok,Lombok234,0.5,1943,5942,3,8496,31.296943279800136,0.06333813829514413,0.22469077444217458
E1,q2_x3_resunet_pooled_seed2026,pooled,intervention,2026,1120,na,lombok,Lombok235,0.5,206,5478,0,10700,97.13597920689472,0.03193033381662632,0.11658717541020493
E1,q2_x3_resunet_pooled_seed2026,pooled,intervention,2026,1120,na,lombok,Lombok236,0.5,197,10336,0,5851,80.53539079210313,0.0,0.041493775933132346
E1,q2_x3_resunet_pooled_seed2026,pooled,intervention,2026,1120,na,lombok,Lombok237,0.5,76,14316,0,1992,119.15320676919474,0.0,0.0
E1,q2_x3_resunet_pooled_seed2026,pooled,intervention,2026,1120,na,lombok,Lombok238,0.5,1907,14468,0,9,109.55363982999378,0.0,0.0
E1,q2_x3_resunet_pooled_seed2026,pooled,intervention,2026,1120,na,lombok,Lombok239,0.5,2659,7842,2800,3083,45.288516761839475,0.13001611401337598,0.2170475898774373
E1,q2_x3_resunet_pooled_seed2026,pooled,intervention,2026,1120,na,lombok,Lombok240,0.5,527,686,6091,9080,89.262531854738,0.07562143038804278,0.12812829710884702
E1,q2_x3_resunet_pooled_seed2026,pooled,intervention,2026,1120,na,lombok,Lombok241,0.5,284,259,3985,11856,77.01783919400805,0.16038562664304795,0.20254274608894188
E1,q2_x3_resunet_pooled_seed2026,pooled,intervention,2026,1120,na,lombok,Lombok242,0.5,1073,2615,792,11904,14.078255558063285,0.43927449877826863,0.6348490547540141
E1,q2_x3_resunet_pooled_seed2026,pooled,intervention,2026,1120,na,lombok,Lombok243,0.5,491,1704,350,13839,20.770027262965503,0.4763978565878625,0.6323376906034389
E1,q2_x3_resunet_pooled_seed2026,pooled,intervention,2026,1120,na,lombok,Lombok244,0.5,130,3719,110,12425,47.853944456021594,0.17856324724231576,0.24980405539676243
E1,q2_x3_resunet_pooled_seed2026,pooled,intervention,2026,1120,na,lombok,Lombok245,0.5,7,5159,30,11188,78.53713278800655,0.031859070464700684,0.06602650583279698
E1,q2_x3_resunet_pooled_seed2026,pooled,intervention,2026,1120,na,lombok,Lombok246,0.5,75,2994,453,12862,55.08538554067414,0.12480794232312768,0.18756480388958943
E1,q2_x3_resunet_pooled_seed2026,pooled,intervention,2026,1120,na,lombok,Lombok247,0.5,396,2138,731,13119,75.46687966197725,0.28657131966612615,0.3518486672394529
E1,q2_x3_resunet_pooled_seed2026,pooled,intervention,2026,1120,na,lombok,Lombok248,0.5,0,0,1172,15212,181.01933598375618,0.0,0.0
E1,q2_x3_resunet_pooled_seed2026,pooled,intervention,2026,1120,na,lombok,Lombok249,0.5,0,6,752,15626,141.74964219605025,0.0,0.0
E1,q2_x3_resunet_pooled_seed2026,pooled,intervention,2026,1120,na,lombok,Lombok250,0.5,0,390,635,15359,99.21011768412892,0.0,0.0
E1,q2_x3_resunet_pooled_seed2026,pooled,intervention,2026,1120,na,lombok,Lombok251,0.5,0,11,33,16340,125.40223560647811,0.0,0.0
E1,q2_x3_resunet_pooled_seed2026,pooled,intervention,2026,1120,na,lombok,Lombok252,0.5,0,17,62,16305,101.02557653249559,0.0,0.0
E1,q2_x3_resunet_pooled_seed2026,pooled,intervention,2026,1120,na,lombok,Lombok253,0.5,0,119,30,16235,71.12288867395054,0.0,0.0
E1,q2_x3_resunet_pooled_seed2026,pooled,intervention,2026,1120,na,lombok,Lombok254,0.5,9,299,90,15986,71.90240941250974,0.15445769449127109,0.2209494718081023
E1,q2_x3_resunet_pooled_seed2026,pooled,intervention,2026,1120,na,lombok,Lombok255,0.5,14,441,230,15699,58.57769383352561,0.12510509500541953,0.19745722806421048
E1,q2_x3_resunet_pooled_seed2026,pooled,intervention,2026,1120,na,lombok,Lombok256,0.5,0,1925,147,14312,68.94921895820812,0.0,0.017191977076878185
E1,q2_x3_resunet_pooled_seed2026,pooled,intervention,2026,1120,na,lombok,Lombok260,0.5,252,5225,165,10742,29.133290532544194,0.23145665772970164,0.4374081793924902
E1,q2_x3_resunet_pooled_seed2026,pooled,intervention,2026,1120,na,lombok,Lombok261,0.5,3046,9089,32,4217,47.363014577659214,0.2639473202848597,0.3524696730378042
E1,q2_x3_resunet_pooled_seed2026,pooled,intervention,2026,1120,na,lombok,Lombok262,0.5,2833,2889,0,10662,26.339995218694927,0.2617199913883308,0.31673139454579796
E1,q2_x3_resunet_pooled_seed2026,pooled,intervention,2026,1120,na,lombok,Lombok263,0.5,66,4409,0,11909,140.7494489263625,0.016949152542190173,0.017456359102105957
E1,q2_x3_resunet_pooled_seed2026,pooled,intervention,2026,1120,na,lombok,Lombok264,0.5,81,11578,0,4725,89.14032978401889,0.0,0.0
E1,q2_x3_resunet_pooled_seed2026,pooled,intervention,2026,1120,na,lombok,Lombok265,0.5,109,16069,0,206,70.46911776648982,0.0,0.0
E1,q2_x3_resunet_pooled_seed2026,pooled,intervention,2026,1120,na,lombok,Lombok266,0.5,864,15515,1,4,115.20438183497893,0.0,0.0
E1,q2_x3_resunet_pooled_seed2026,pooled,intervention,2026,1120,na,lombok,Lombok267,0.5,1958,8387,4195,1844,42.95346318982906,0.09508288845150555,0.1629343530581773
E1,q2_x3_resunet_pooled_seed2026,pooled,intervention,2026,1120,na,lombok,Lombok268,0.5,371,412,9546,6055,90.07330146939373,0.041927006104789444,0.07713018282497959
E1,q2_x3_resunet_pooled_seed2026,pooled,intervention,2026,1120,na,lombok,Lombok269,0.5,525,565,5224,10070,76.9103320902013,0.09490782989571216,0.16473008495534097
E1,q2_x3_resunet_pooled_seed2026,pooled,intervention,2026,1120,na,lombok,Lombok270,0.5,606,815,1950,13013,25.005997601918082,0.4306990151328733,0.5809930492779676
E1,q2_x3_resunet_pooled_seed2026,pooled,intervention,2026,1120,na,lombok,Lombok271,0.5,1111,1952,519,12802,19.15195296653288,0.562082450484414,0.7079426599064578
E1,q2_x3_resunet_pooled_seed2026,pooled,intervention,2026,1120,na,lombok,Lombok272,0.5,192,4134,108,11950,41.94573573734771,0.2512143108975136,0.3462082147579117
E1,q2_x3_resunet_pooled_seed2026,pooled,intervention,2026,1120,na,lombok,Lombok273,0.5,151,5435,122,10676,43.56604182158393,0.16036016722029264,0.22443354796179021
E1,q2_x3_resunet_pooled_seed2026,pooled,intervention,2026,1120,na,lombok,Lombok274,0.5,88,3803,123,12370,67.2383555439347,0.14336352894821858,0.1823381661732506
E1,q2_x3_resunet_pooled_seed2026,pooled,intervention,2026,1120,na,lombok,Lombok275,0.5,0,1826,16,14542,88.32326986700618,0.0,0.0
E1,q2_x3_resunet_pooled_seed2026,pooled,intervention,2026,1120,na,lombok,Lombok276,0.5,60,127,234,15963,98.65596788841515,0.06592113007602869,0.14057331863236935
E1,q2_x3_resunet_pooled_seed2026,pooled,intervention,2026,1120,na,lombok,Lombok277,0.5,0,0,379,16005,181.01933598375618,0.0,0.0
E1,q2_x3_resunet_pooled_seed2026,pooled,intervention,2026,1120,na,lombok,Lombok278,0.5,0,0,213,16171,181.01933598375618,0.0,0.0
E1,q2_x3_resunet_pooled_seed2026,pooled,intervention,2026,1120,na,lombok,Lombok279,0.5,0,0,171,16213,181.01933598375618,0.0,0.0
E1,q2_x3_resunet_pooled_seed2026,pooled,intervention,2026,1120,na,lombok,Lombok280,0.5,0,62,144,16178,108.75660899458019,0.0,0.0
E1,q2_x3_resunet_pooled_seed2026,pooled,intervention,2026,1120,na,lombok,Lombok281,0.5,0,0,17,16367,181.01933598375618,0.0,0.0
E1,q2_x3_resunet_pooled_seed2026,pooled,intervention,2026,1120,na,lombok,Lombok282,0.5,0,6,23,16355,68.38042118014455,0.0,0.0
E1,q2_x3_resunet_pooled_seed2026,pooled,intervention,2026,1120,na,lombok,Lombok283,0.5,8,86,55,16235,26.024515126565664,0.2826855123670087,0.4705882352936225
E1,q2_x3_resunet_pooled_seed2026,pooled,intervention,2026,1120,na,lombok,Lombok284,0.5,9,174,187,16014,42.42271301606243,0.14857142857093447,0.25605672641273713
E1,q2_x3_resunet_pooled_seed2026,pooled,intervention,2026,1120,na,lombok,Lombok285,0.5,22,882,135,15345,74.38115361671436,0.13636363636318002,0.13636363636318002
E1,q2_x3_resunet_pooled_seed2026,pooled,intervention,2026,1120,na,lombok,Lombok286,0.5,0,84,51,16249,52.5440795488896,0.0,0.0
E1,q2_x3_resunet_pooled_seed2026,pooled,intervention,2026,1120,na,lombok,Lombok287,0.5,0,214,60,16110,72.08379020037533,0.0,0.0
E1,q2_x3_resunet_pooled_seed2026,pooled,intervention,2026,1120,na,lombok,Lombok288,0.5,0,184,33,16167,84.7124161357067,0.0,0.0
E1,q2_x3_resunet_pooled_seed2026,pooled,intervention,2026,1120,na,lombok,Lombok290,0.5,303,10177,64,5840,79.02134659336325,0.11092870544056774,0.19366633091766192
E1,q2_x3_resunet_pooled_seed2026,pooled,intervention,2026,1120,na,lombok,Lombok291,0.5,1961,9444,71,4908,57.851521608460345,0.16281945869497702,0.29837332481577716
E1,q2_x3_resunet_pooled_seed2026,pooled,intervention,2026,1120,na,lombok,Lombok292,0.5,1964,9763,3,4654,40.298875712193436,0.056899696048250174,0.06910130200027156
E1,q2_x3_resunet_pooled_seed2026,pooled,intervention,2026,1120,na,lombok,Lombok293,0.5,258,6977,0,9149,77.93587107359485,0.0,0.0
E1,q2_x3_resunet_pooled_seed2026,pooled,intervention,2026,1120,na,lombok,Lombok294,0.5,165,8826,0,7393,75.90846577481975,0.0,0.0037105751387767213
E1,q2_x3_resunet_pooled_seed2026,pooled,intervention,2026,1120,na,lombok,Lombok295,0.5,146,14428,0,1810,54.291781478024696,0.0,0.0
E1,q2_x3_resunet_pooled_seed2026,pooled,intervention,2026,1120,na,lombok,Lombok296,0.5,683,15696,0,5,134.76902701073752,0.0,0.0
E1,q2_x3_resunet_pooled_seed2026,pooled,intervention,2026,1120,na,lombok,Lombok297,0.5,1511,8340,3924,2609,49.0,0.06300813008100448,0.1345534756167108
E1,q2_x3_resunet_pooled_seed2026,pooled,intervention,2026,1120,na,lombok,Lombok298,0.5,319,320,7441,8304,76.00657866263946,0.04946384300583957,0.08331184855046543
E1,q2_x3_resunet_pooled_seed2026,pooled,intervention,2026,1120,na,lombok,Lombok299,0.5,1220,907,2439,11818,47.066381092311254,0.21796938508343047,0.33580682831695907
E1,q2_x3_resunet_pooled_seed2026,pooled,intervention,2026,1120,na,lombok,Lombok300,0.5,378,917,1620,13469,56.4003546088143,0.3234751495494875,0.4392394199088955
E1,q2_x3_resunet_pooled_seed2026,pooled,intervention,2026,1120,na,lombok,Lombok301,0.5,597,498,853,14436,64.36458468010734,0.4934114998749741,0.6238525896698695
E1,q2_x3_resunet_pooled_seed2026,pooled,intervention,2026,1120,na,lombok,Lombok302,0.5,35,1503,131,14715,63.93074769207551,0.15403201449679388,0.2769901853867315
E1,q2_x3_resunet_pooled_seed2026,pooled,intervention,2026,1120,na,lombok,Lombok303,0.5,127,2271,127,13859,50.121850768135225,0.23251231527065058,0.3215218886084459
E1,q2_x3_resunet_pooled_seed2026,pooled,intervention,2026,1120,na,lombok,Lombok304,0.5,134,1943,73,14234,46.90197637364875,0.27527360415480806,0.3413460566481172
E1,q2_x3_resunet_pooled_seed2026,pooled,intervention,2026,1120,na,lombok,Lombok305,0.5,0,1,16,16367,122.2323323631738,0.0,0.0
E1,q2_x3_resunet_pooled_seed2026,pooled,intervention,2026,1120,na,lombok,Lombok306,0.5,0,3048,19,13317,103.09412647124728,0.0,0.0
E1,q2_x3_resunet_pooled_seed2026,pooled,intervention,2026,1120,na,lombok,Lombok307,0.5,2,776,172,15434,82.17355867527708,0.02875481386351686,0.057509627727444966
E1,q2_x3_resunet_pooled_seed2026,pooled,intervention,2026,1120,na,lombok,Lombok308,0.5,0,16,422,15946,84.18311435791846,0.0,0.0
E1,q2_x3_resunet_pooled_seed2026,pooled,intervention,2026,1120,na,lombok,Lombok309,0.5,30,0,590,15764,66.88682121925552,0.13487475915209,0.22385321100897548
E1,q2_x3_resunet_pooled_seed2026,pooled,intervention,2026,1120,na,lombok,Lombok310,0.5,0,0,615,15769,181.01933598375618,0.0,0.0
E1,q2_x3_resunet_pooled_seed2026,pooled,intervention,2026,1120,na,lombok,Lombok311,0.5,0,64,567,15753,113.5157900690906,0.0,0.0
E1,q2_x3_resunet_pooled_seed2026,pooled,intervention,2026,1120,na,lombok,Lombok313,0.5,0,296,47,16041,92.02499550777632,0.0,0.0
E1,q2_x3_resunet_pooled_seed2026,pooled,intervention,2026,1120,na,lombok,Lombok314,0.5,0,339,17,16028,106.34073409970027,0.0,0.0
E1,q2_x3_resunet_pooled_seed2026,pooled,intervention,2026,1120,na,lombok,Lombok315,0.5,19,3258,36,13071,33.54101966249684,0.005235602093994339,0.07978404319093134
E1,q2_x3_resunet_pooled_seed2026,pooled,intervention,2026,1120,na,lombok,Lombok316,0.5,6,1357,87,14934,53.872342953294044,0.0411099691670241,0.08379052369027948
E1,q2_x3_resunet_pooled_seed2026,pooled,intervention,2026,1120,na,lombok,Lombok317,0.5,0,340,75,15969,73.01427895625699,0.0,0.0
E1,q2_x3_resunet_pooled_seed2026,pooled,intervention,2026,1120,na,lombok,Lombok318,0.5,0,1176,28,15180,93.75258972337947,0.0,0.0
E1,q2_x3_resunet_pooled_seed2026,pooled,intervention,2026,1120,na,lombok,Lombok321,0.5,313,3551,67,12453,49.6134936870939,0.09357695418592976,0.16858466596888497
E1,q2_x3_resunet_pooled_seed2026,pooled,intervention,2026,1120,na,lombok,Lombok322,0.5,431,4223,92,11638,56.0481720628557,0.34281551629894436,0.5052840486227139
E1,q2_x3_resunet_pooled_seed2026,pooled,intervention,2026,1120,na,lombok,Lombok323,0.5,179,6896,13,9296,67.99117503897175,0.06293706293671941,0.1353606140237535
E1,q2_x3_resunet_pooled_seed2026,pooled,intervention,2026,1120,na,lombok,Lombok324,0.5,155,6757,4,9468,56.0,0.0,0.002503128910853153
E1,q2_x3_resunet_pooled_seed2026,pooled,intervention,2026,1120,na,lombok,Lombok325,0.5,136,10545,20,5683,46.25828473934403,0.0,0.0
E1,q2_x3_resunet_pooled_seed2026,pooled,intervention,2026,1120,na,lombok,Lombok326,0.5,198,11731,16,4439,90.41901824000908,0.0,0.0
E1,q2_x3_resunet_pooled_seed2026,pooled,intervention,2026,1120,na,lombok,Lombok327,0.5,308,8146,1409,6521,48.76456318183746,0.03636954050939501,0.09286964562853917
E1,q2_x3_resunet_pooled_seed2026,pooled,intervention,2026,1120,na,lombok,Lombok328,0.5,94,692,2266,13332,47.01063709417264,0.07212728344104402,0.15383629254504985
E1,q2_x3_resunet_pooled_seed2026,pooled,intervention,2026,1120,na,lombok,Lombok329,0.5,342,4035,940,11067,25.167211957320152,0.3190506355424825,0.48365336052632535
E1,q2_x3_resunet_pooled_seed2026,pooled,intervention,2026,1120,na,lombok,Lombok330,0.5,236,825,760,14563,63.8200595424354,0.23706980238506897,0.28544519103665184
E1,q2_x3_resunet_pooled_seed2026,pooled,intervention,2026,1120,na,lombok,Lombok331,0.5,3,0,647,15734,67.80289749693327,0.014687882496918233,0.08530805687195624
E1,q2_x3_resunet_pooled_seed2026,pooled,intervention,2026,1120,na,lombok,Lombok332,0.5,0,107,97,16180,97.29627475367518,0.0,0.0
E1,q2_x3_resunet_pooled_seed2026,pooled,intervention,2026,1120,na,lombok,Lombok333,0.5,0,1121,14,15249,87.1409770042911,0.0,0.0
E1,q2_x3_resunet_pooled_seed2026,pooled,intervention,2026,1120,na,lombok,Lombok334,0.5,16,1936,87,14345,68.59409590647005,0.053655264922642214,0.0654307524533945
E1,q2_x3_resunet_pooled_seed2026,pooled,intervention,2026,1120,na,lombok,Lombok335,0.5,0,551,98,15735,98.4819779276593,0.0,0.0
E1,q2_x3_resunet_pooled_seed2026,pooled,intervention,2026,1120,na,lombok,Lombok336,0.5,2,981,133,15268,58.98516202829138,0.026204960224286384,0.04876219054731119
E1,q2_x3_resunet_pooled_seed2026,pooled,intervention,2026,1120,na,lombok,Lombok337,0.5,20,119,341,15904,83.43558836234953,0.18596039285103166,0.23177209077706482
E1,q2_x3_resunet_pooled_seed2026,pooled,intervention,2026,1120,na,lombok,Lombok338,0.5,35,0,570,15779,67.95618801693497,0.0806451612902378,0.19771863117852906
E1,q2_x3_resunet_pooled_seed2026,pooled,intervention,2026,1120,na,lombok,Lombok339,0.5,0,0,874,15510,181.01933598375618,0.0,0.0
E1,q2_x3_resunet_pooled_seed2026,pooled,intervention,2026,1120,na,lombok,Lombok340,0.5,62,34,762,15526,66.98392987836822,0.11074055070957341,0.18697225572954057
E1,q2_x3_resunet_pooled_seed2026,pooled,intervention,2026,1120,na,lombok,Lombok342,0.5,35,959,124,15266,78.67081765087704,0.13132835765987197,0.13886713651760008
E1,q2_x3_resunet_pooled_seed2026,pooled,intervention,2026,1120,na,lombok,Lombok343,0.5,32,773,87,15492,63.96952050967211,0.16527622676174808,0.17158617451991465
E1,q2_x3_resunet_pooled_seed2026,pooled,intervention,2026,1120,na,lombok,Lombok344,0.5,0,589,31,15764,59.06306102367101,0.0,0.0
E1,q2_x3_resunet_pooled_seed2026,pooled,intervention,2026,1120,na,lombok,Lombok345,0.5,0,5,18,16361,33.409514761745186,0.0,0.0
E1,q2_x3_resunet_pooled_seed2026,pooled,intervention,2026,1120,na,lombok,Lombok346,0.5,0,0,56,16328,181.01933598375618,0.0,0.0
E1,q2_x3_resunet_pooled_seed2026,pooled,intervention,2026,1120,na,lombok,Lombok347,0.5,11,2919,143,13311,47.928350679725604,0.027777777777279734,0.034761018000795785
E1,q2_x3_resunet_pooled_seed2026,pooled,intervention,2026,1120,na,lombok,Lombok348,0.5,0,191,226,15967,85.76874024941424,0.0,0.0
E1,q2_x3_resunet_pooled_seed2026,pooled,intervention,2026,1120,na,lombok,Lombok349,0.5,0,697,164,15523,65.62767174200349,0.0,0.0
E1,q2_x3_resunet_pooled_seed2026,pooled,intervention,2026,1120,na,lombok,Lombok352,0.5,0,729,19,15636,76.94023332054742,0.0,0.0
E1,q2_x3_resunet_pooled_seed2026,pooled,intervention,2026,1120,na,lombok,Lombok354,0.5,58,416,43,15867,41.72529209005013,0.37104982838163686,0.4503624647599367
E1,q2_x3_resunet_pooled_seed2026,pooled,intervention,2026,1120,na,lombok,Lombok355,0.5,41,506,155,15682,35.455593150532174,0.2341835709977249,0.29461976202746243
E1,q2_x3_resunet_pooled_seed2026,pooled,intervention,2026,1120,na,lombok,Lombok356,0.5,0,524,199,15661,69.8186568998396,0.0,0.0
E1,q2_x3_resunet_pooled_seed2026,pooled,intervention,2026,1120,na,lombok,Lombok357,0.5,0,3116,92,13176,85.01524580224213,0.0,0.0
E1,q2_x3_resunet_pooled_seed2026,pooled,intervention,2026,1120,na,lombok,Lombok358,0.5,0,5581,93,10710,87.72371294674159,0.0,0.0
E1,q2_x3_resunet_pooled_seed2026,pooled,intervention,2026,1120,na,lombok,Lombok359,0.5,83,5068,98,11135,45.35416188179427,0.08914144871933487,0.18768328445710375
E1,q2_x3_resunet_pooled_seed2026,pooled,intervention,2026,1120,na,lombok,Lombok360,0.5,20,1386,178,14800,91.4734833963092,0.043604651162387036,0.07910486598963118
E1,q2_x3_resunet_pooled_seed2026,pooled,intervention,2026,1120,na,lombok,Lombok361,0.5,86,2069,198,14031,51.02056252542917,0.09216589861702308,0.17076796036284964
E1,q2_x3_resunet_pooled_seed2026,pooled,intervention,2026,1120,na,lombok,Lombok362,0.5,64,2064,177,14079,96.73602955496905,0.11275964391641935,0.1844026123698445
E1,q2_x3_resunet_pooled_seed2026,pooled,intervention,2026,1120,na,lombok,Lombok363,0.5,39,256,96,15993,63.065440611744684,0.15075376884372324,0.2897051215721924
E1,q2_x3_resunet_pooled_seed2026,pooled,intervention,2026,1120,na,lombok,Lombok364,0.5,37,113,341,15893,47.84391173734098,0.22052505966554542,0.4470938897164281
E1,q2_x3_resunet_pooled_seed2026,pooled,intervention,2026,1120,na,lombok,Lombok365,0.5,5,0,541,15838,82.15072992268622,0.021563342318032707,0.08877284595291778
E1,q2_x3_resunet_pooled_seed2026,pooled,intervention,2026,1120,na,lombok,Lombok366,0.5,0,0,249,16135,181.01933598375618,0.0,0.0
E1,q2_x3_resunet_pooled_seed2026,pooled,intervention,2026,1120,na,lombok,Lombok367,0.5,0,963,21,15400,54.3323108288245,0.0,0.0
E1,q2_x3_resunet_pooled_seed2026,pooled,intervention,2026,1120,na,lombok,Lombok368,0.5,0,0,18,16366,181.01933598375618,0.0,0.0
E1,q2_x3_resunet_pooled_seed2026,pooled,intervention,2026,1120,na,lombok,Lombok369,0.5,0,171,62,16151,49.73587216567,0.0,0.0
E1,q2_x3_resunet_pooled_seed2026,pooled,intervention,2026,1120,na,lombok,Lombok370,0.5,1,386,155,15842,34.132096331752024,0.02036659877759467,0.023346303501646654
E1,q2_x3_resunet_pooled_seed2026,pooled,intervention,2026,1120,na,lombok,Lombok371,0.5,0,0,141,16243,181.01933598375618,0.0,0.0
E1,q2_x3_resunet_pooled_seed2026,pooled,intervention,2026,1120,na,lombok,Lombok372,0.5,0,0,65,16319,181.01933598375618,0.0,0.0
E1,q2_x3_resunet_pooled_seed2026,pooled,intervention,2026,1120,na,lombok,Lombok373,0.5,0,0,73,16311,181.01933598375618,0.0,0.0
E1,q2_x3_resunet_pooled_seed2026,pooled,intervention,2026,1120,na,lombok,Lombok374,0.5,0,0,72,16312,181.01933598375618,0.0,0.0
E1,q2_x3_resunet_pooled_seed2026,pooled,intervention,2026,1120,na,lombok,Lombok375,0.5,0,0,272,16112,181.01933598375618,0.0,0.0
E1,q2_x3_resunet_pooled_seed2026,pooled,intervention,2026,1120,na,lombok,Lombok376,0.5,0,57,270,16057,81.7645857376923,0.0,0.0
E1,q2_x3_resunet_pooled_seed2026,pooled,intervention,2026,1120,na,lombok,Lombok377,0.5,7,1660,288,14429,57.52258618313566,0.026804751751161485,0.028731045490621672
E1,q2_x3_resunet_pooled_seed2026,pooled,intervention,2026,1120,na,lombok,Lombok378,0.5,30,1445,279,14630,46.17358552246078,0.10438217039635346,0.10986136541935224
E1,q2_x3_resunet_pooled_seed2026,pooled,intervention,2026,1120,na,lombok,Lombok379,0.5,0,2498,42,13844,43.42979032435972,0.0,0.0
E1,q2_x3_resunet_pooled_seed2026,pooled,intervention,2026,1120,na,lombok,Lombok380,0.5,0,826,20,15538,40.239279372893684,0.0,0.0
E1,q2_x3_resunet_pooled_seed2026,pooled,intervention,2026,1120,na,lombok,Lombok381,0.5,0,0,83,16301,181.01933598375618,0.0,0.0
E1,q2_x3_resunet_pooled_seed2026,pooled,intervention,2026,1120,na,lombok,Lombok382,0.5,60,2886,164,13274,43.921510145842056,0.05256241787072234,0.10677966101645811
E1,q2_x3_resunet_pooled_seed2026,pooled,intervention,2026,1120,na,lombok,Lombok383,0.5,0,348,299,15737,77.7173404230315,0.0,0.0
E1,q2_x3_resunet_pooled_seed2026,pooled,intervention,2026,1120,na,lombok,Lombok384,0.5,0,708,246,15430,57.690670916048276,0.0,0.0
E1,q2_x3_resunet_pooled_seed2026,pooled,intervention,2026,1120,na,lombok,Lombok385,0.5,0,962,103,15319,77.70643931346106,0.0,0.0
E1,q2_x3_resunet_pooled_seed2026,pooled,intervention,2026,1120,na,lombok,Lombok386,0.5,0,855,16,15513,84.38301342319419,0.0,0.0
E1,q2_x3_resunet_pooled_seed2026,pooled,intervention,2026,1120,na,lombok,Lombok387,0.5,0,952,19,15413,91.84054155326533,0.0,0.0
E1,q2_x3_resunet_pooled_seed2026,pooled,intervention,2026,1120,na,lombok,Lombok388,0.5,66,648,21,15649,75.20816232487132,0.3018575851389783,0.41608109664747894
E1,q2_x3_resunet_pooled_seed2026,pooled,intervention,2026,1120,na,lombok,Lombok389,0.5,104,1079,77,15124,87.14881032801947,0.3671885150054207,0.49062325846583
E1,q2_x3_resunet_pooled_seed2026,pooled,intervention,2026,1120,na,lombok,Lombok390,0.5,28,2651,150,13555,83.65684817487166,0.1736727846847559,0.26246056782284766
E1,q2_x3_resunet_pooled_seed2026,pooled,intervention,2026,1120,na,lombok,Lombok391,0.5,40,5251,98,10995,60.92377022502778,0.053248811410036456,0.09431060994321469
E1,q2_x3_resunet_pooled_seed2026,pooled,intervention,2026,1120,na,lombok,Lombok392,0.5,86,2643,128,13527,48.487828634752574,0.14695742804410394,0.2618994809914164
E1,q2_x3_resunet_pooled_seed2026,pooled,intervention,2026,1120,na,lombok,Lombok393,0.5,94,2391,206,13693,72.87246762084673,0.1732556308075014,0.26143146312297827
E1,q2_x3_resunet_pooled_seed2026,pooled,intervention,2026,1120,na,lombok,Lombok394,0.5,36,1201,362,14785,75.36652681640402,0.17626321974100795,0.31627433227660734
E1,q2_x3_resunet_pooled_seed2026,pooled,intervention,2026,1120,na,lombok,Lombok395,0.5,23,188,626,15547,113.71915983432714,0.13265547410714332,0.1802920866733533
E1,q2_x3_resunet_pooled_seed2026,pooled,intervention,2026,1120,na,lombok,Lombok396,0.5,60,13,363,15948,58.0,0.19364534134801545,0.2510909701239562
E1,q2_x3_resunet_pooled_seed2026,pooled,intervention,2026,1120,na,lombok,Lombok397,0.5,0,9,39,16336,166.17280158607065,0.0,0.0
E1,q2_x3_resunet_pooled_seed2026,pooled,intervention,2026,1120,na,lombok,Lombok398,0.5,0,0,19,16365,181.01933598375618,0.0,0.0
E1,q2_x3_resunet_pooled_seed2026,pooled,intervention,2026,1120,na,lombok,Lombok399,0.5,0,0,79,16305,181.01933598375618,0.0,0.0
E1,q2_x3_resunet_pooled_seed2026,pooled,intervention,2026,1120,na,lombok,Lombok400,0.5,0,0,68,16316,181.01933598375618,0.0,0.0
E1,q2_x3_resunet_pooled_seed2026,pooled,intervention,2026,1120,na,lombok,Lombok401,0.5,0,0,21,16363,181.01933598375618,0.0,0.0
E1,q2_x3_resunet_pooled_seed2026,pooled,intervention,2026,1120,na,lombok,Lombok402,0.5,0,0,18,16366,181.01933598375618,0.0,0.0
E1,q2_x3_resunet_pooled_seed2026,pooled,intervention,2026,1120,na,lombok,Lombok403,0.5,0,0,75,16309,181.01933598375618,0.0,0.0
E1,q2_x3_resunet_pooled_seed2026,pooled,intervention,2026,1120,na,lombok,Lombok404,0.5,0,0,90,16294,181.01933598375618,0.0,0.0
E1,q2_x3_resunet_pooled_seed2026,pooled,intervention,2026,1120,na,lombok,Lombok405,0.5,0,0,62,16322,181.01933598375618,0.0,0.0
E1,q2_x3_resunet_pooled_seed2026,pooled,intervention,2026,1120,na,lombok,Lombok406,0.5,0,0,65,16319,181.01933598375618,0.0,0.0
E1,q2_x3_resunet_pooled_seed2026,pooled,intervention,2026,1120,na,lombok,Lombok407,0.5,0,0,106,16278,181.01933598375618,0.0,0.0
E1,q2_x3_resunet_pooled_seed2026,pooled,intervention,2026,1120,na,lombok,Lombok408,0.5,0,0,152,16232,181.01933598375618,0.0,0.0
E1,q2_x3_resunet_pooled_seed2026,pooled,intervention,2026,1120,na,lombok,Lombok409,0.5,0,0,67,16317,181.01933598375618,0.0,0.0
E1,q2_x3_resunet_pooled_seed2026,pooled,intervention,2026,1120,na,lombok,Lombok410,0.5,0,9,38,16337,151.25339725637778,0.0,0.0
E1,q2_x3_resunet_pooled_seed2026,pooled,intervention,2026,1120,na,lombok,Lombok411,0.5,0,613,194,15577,70.45565981523414,0.0,0.0
E1,q2_x3_resunet_pooled_seed2026,pooled,intervention,2026,1120,na,lombok,Lombok412,0.5,0,1240,212,14932,64.5457185420276,0.0,0.0
E1,q2_x3_resunet_pooled_seed2026,pooled,intervention,2026,1120,na,lombok,Lombok413,0.5,0,2326,25,14033,86.57418505030452,0.0,0.0
E1,q2_x3_resunet_pooled_seed2026,pooled,intervention,2026,1120,na,lombok,Lombok414,0.5,0,0,19,16365,181.01933598375618,0.0,0.0
E1,q2_x3_resunet_pooled_seed2026,pooled,intervention,2026,1120,na,lombok,Lombok415,0.5,0,28,94,16262,98.91181830005785,0.0,0.0
E1,q2_x3_resunet_pooled_seed2026,pooled,intervention,2026,1120,na,lombok,Lombok416,0.5,24,246,172,15942,59.62674364275816,0.2531176512501816,0.3357999489661532
E1,q2_x3_resunet_pooled_seed2026,pooled,intervention,2026,1120,na,lombok,Lombok417,0.5,44,1053,114,15173,58.59180830116101,0.2950752950747978,0.3741296736019482
E1,q2_x3_resunet_pooled_seed2026,pooled,intervention,2026,1120,na,lombok,Lombok418,0.5,0,211,94,16079,60.73665731386414,0.0,0.0
E1,q2_x3_resunet_pooled_seed2026,pooled,intervention,2026,1120,na,lombok,Lombok419,0.5,0,433,57,15894,81.23791587861052,0.0,0.0
E1,q2_x3_resunet_pooled_seed2026,pooled,intervention,2026,1120,na,lombok,Lombok420,0.5,0,711,19,15654,79.15668827424207,0.0,0.0
E1,q2_x3_resunet_pooled_seed2026,pooled,intervention,2026,1120,na,lombok,Lombok421,0.5,3,674,34,15673,70.51168433686254,0.024948024947882938,0.024948024947882938
E1,q2_x3_resunet_pooled_seed2026,pooled,intervention,2026,1120,na,lombok,Lombok422,0.5,11,156,48,16169,116.0377092929191,0.19238476953862765,0.20947630922652571
E1,q2_x3_resunet_pooled_seed2026,pooled,intervention,2026,1120,na,lombok,Lombok423,0.5,49,27,135,16173,113.05164481371386,0.4438159469157685,0.5294117647054931
E1,q2_x3_resunet_pooled_seed2026,pooled,intervention,2026,1120,na,lombok,Lombok424,0.5,126,858,117,15283,61.04301504360386,0.32456440040947915,0.39338408044307027
E1,q2_x3_resunet_pooled_seed2026,pooled,intervention,2026,1120,na,lombok,Lombok425,0.5,183,919,152,15130,29.761175483666925,0.3703789412780658,0.5391350280615688
E1,q2_x3_resunet_pooled_seed2026,pooled,intervention,2026,1120,na,lombok,Lombok426,0.5,158,468,364,15394,40.66655889245369,0.3996323728167497,0.5220608738546487
E1,q2_x3_resunet_pooled_seed2026,pooled,intervention,2026,1120,na,lombok,Lombok427,0.5,84,144,498,15658,57.175073598503865,0.27994905807016973,0.36938323510610144
E1,q2_x3_resunet_pooled_seed2026,pooled,intervention,2026,1120,na,lombok,Lombok428,0.5,61,181,534,15608,47.708902663179764,0.28779564444237055,0.42789024594237485
E1,q2_x3_resunet_pooled_seed2026,pooled,intervention,2026,1120,na,lombok,Lombok429,0.5,126,302,263,15693,39.319206502675,0.491608712655334,0.6097325535172097
E1,q2_x3_resunet_pooled_seed2026,pooled,intervention,2026,1120,na,lombok,Lombok430,0.5,1,0,77,16306,108.99272361812643,0.1951219512193361,0.37362637362606976
E1,q2_x3_resunet_pooled_seed2026,pooled,intervention,2026,1120,na,lombok,Lombok431,0.5,0,0,27,16357,181.01933598375618,0.0,0.0
E1,q2_x3_resunet_pooled_seed2026,pooled,intervention,2026,1120,na,lombok,Lombok432,0.5,0,78,27,16279,31.380721754552763,0.0,0.0
E1,q2_x3_resunet_pooled_seed2026,pooled,intervention,2026,1120,na,lombok,Lombok433,0.5,0,322,40,16022,137.1914699701561,0.0,0.0
E1,q2_x3_resunet_pooled_seed2026,pooled,intervention,2026,1120,na,lombok,Lombok434,0.5,0,0,94,16290,181.01933598375618,0.0,0.0
E1,q2_x3_resunet_pooled_seed2026,pooled,intervention,2026,1120,na,lombok,Lombok435,0.5,0,1,54,16329,123.438604418024,0.0,0.0
E1,q2_x3_resunet_pooled_seed2026,pooled,intervention,2026,1120,na,lombok,Lombok436,0.5,0,53,25,16306,116.78084576644552,0.0,0.0
E1,q2_x3_resunet_pooled_seed2026,pooled,intervention,2026,1120,na,lombok,Lombok437,0.5,0,106,36,16242,61.75947875718514,0.0,0.0
E1,q2_x3_resunet_pooled_seed2026,pooled,intervention,2026,1120,na,lombok,Lombok438,0.5,0,447,43,15894,71.21900892755589,0.0,0.0
E1,q2_x3_resunet_pooled_seed2026,pooled,intervention,2026,1120,na,lombok,Lombok439,0.5,0,401,20,15963,64.89999999999998,0.025210084033495336,0.06507844276566517
E1,q2_x3_resunet_pooled_seed2026,pooled,intervention,2026,1120,na,lombok,Lombok440,0.5,0,637,25,15722,56.10213110797136,0.0,0.0
E1,q2_x3_resunet_pooled_seed2026,pooled,intervention,2026,1120,na,lombok,Lombok441,0.5,0,0,34,16350,181.01933598375618,0.0,0.0
E1,q2_x3_resunet_pooled_seed2026,pooled,intervention,2026,1120,na,lombok,Lombok442,0.5,9,1421,46,14908,48.11547453250169,0.0,0.0063091482646974294
E1,q2_x3_resunet_pooled_seed2026,pooled,intervention,2026,1120,na,lombok,Lombok443,0.5,2,1932,87,14363,50.56415670172843,0.024340770790578507,0.030747728860504225
E1,q2_x3_resunet_pooled_seed2026,pooled,intervention,2026,1120,na,lombok,Lombok444,0.5,6,1832,57,14489,51.95283420716024,0.07646095030001662,0.16107382550297705
E1,q2_x3_resunet_pooled_seed2026,pooled,intervention,2026,1120,na,lombok,Lombok445,0.5,0,466,17,15901,68.90661443009665,0.0,0.0
E1,q2_x3_resunet_pooled_seed2026,pooled,intervention,2026,1120,na,lombok,Lombok446,0.5,0,41,35,16308,80.00187492676353,0.0,0.0
E1,q2_x3_resunet_pooled_seed2026,pooled,intervention,2026,1120,na,lombok,Lombok447,0.5,0,78,23,16283,77.16774710036931,0.0,0.0
E1,q2_x3_resunet_pooled_seed2026,pooled,intervention,2026,1120,na,lombok,Lombok448,0.5,65,55,148,16116,41.66046803079138,0.6045446538660538,0.6797385620910545
E1,q2_x3_resunet_pooled_seed2026,pooled,intervention,2026,1120,na,lombok,Lombok449,0.5,195,397,180,15612,46.97042723387037,0.5631255813948788,0.7639836289217603
E1,q2_x3_resunet_pooled_seed2026,pooled,intervention,2026,1120,na,lombok,Lombok450,0.5,112,180,138,15954,51.338549845466474,0.5683514200580039,0.6311371594601028
E1,q2_x3_resunet_pooled_seed2026,pooled,intervention,2026,1120,na,lombok,Lombok451,0.5,117,183,176,15908,65.68442020109782,0.47286129104262736,0.5389710309756219
E1,q2_x3_resunet_pooled_seed2026,pooled,intervention,2026,1120,na,lombok,Lombok452,0.5,231,284,307,15562,49.576079636900694,0.5485047410644464,0.7020827371786555
E1,q2_x3_resunet_pooled_seed2026,pooled,intervention,2026,1120,na,lombok,Lombok453,0.5,203,322,346,15513,42.20189569201838,0.4999449754077743,0.6360062369226515
E1,q2_x3_resunet_pooled_seed2026,pooled,intervention,2026,1120,na,lombok,Lombok454,0.5,82,40,277,15985,57.0,0.5296610169487631,0.5979797979793787
E1,q2_x3_resunet_pooled_seed2026,pooled,intervention,2026,1120,na,lombok,Lombok455,0.5,40,9,169,16166,48.311999870961984,0.5547445255470443,0.6887417218538531
E1,q2_x3_resunet_pooled_seed2026,pooled,intervention,2026,1120,na,lombok,Lombok456,0.5,30,1214,43,15097,37.738493985497925,0.256626207579522,0.3146314631459429
E1,q2_x3_resunet_pooled_seed2026,pooled,intervention,2026,1120,na,lombok,Lombok457,0.5,0,839,26,15519,67.36467917239716,0.0,0.0
E1,q2_x3_resunet_pooled_seed2026,pooled,intervention,2026,1120,na,lombok,Lombok458,0.5,0,982,31,15371,56.515447192190216,0.0,0.0
E1,q2_x3_resunet_pooled_seed2026,pooled,intervention,2026,1120,na,lombok,Lombok459,0.5,0,796,16,15572,48.268784223380315,0.0,0.0
E1,q2_x3_resunet_pooled_seed2026,pooled,intervention,2026,1120,na,lombok,Lombok460,0.5,0,259,20,16105,57.38501042852517,0.0,0.0
E1,q2_x3_resunet_pooled_seed2026,pooled,intervention,2026,1120,na,lombok,Lombok461,0.5,1,3346,23,13014,65.05881484899129,0.0,0.021551724137547565
E1,q2_x3_resunet_pooled_seed2026,pooled,intervention,2026,1120,na,lombok,Lombok462,0.5,13,4116,5,12250,38.36925870178352,0.0,0.02475247524717846
E1,q2_x3_resunet_pooled_seed2026,pooled,intervention,2026,1120,na,lombok,Lombok463,0.5,34,21,161,16168,51.47397580623822,0.48163265306085884,0.5354330708657495
E1,q2_x3_resunet_pooled_seed2026,pooled,intervention,2026,1120,na,lombok,Lombok464,0.5,81,58,183,16062,36.168551505003954,0.609890109889686,0.6992287917733241
E1,q2_x3_resunet_pooled_seed2026,pooled,intervention,2026,1120,na,lombok,Lombok465,0.5,30,24,66,16264,36.71489017266842,0.6666666666662222,0.7792207792203035
E1,q2_x3_resunet_pooled_seed2026,pooled,intervention,2026,1120,na,lombok,Lombok466,0.5,2,4,117,16261,98.94081169860262,0.1692307692306143,0.19696969696951938
E1,q2_x3_resunet_pooled_seed2026,pooled,intervention,2026,1120,na,lombok,Lombok467,0.5,51,87,240,16006,62.534601372376564,0.43085506519521166,0.5372340425527985
E1,q2_x3_resunet_pooled_seed2026,pooled,intervention,2026,1120,na,lombok,Lombok468,0.5,133,312,205,15734,31.19459772255396,0.5722408026751199,0.7569384884553909
E1,q2_x3_resunet_pooled_seed2026,pooled,intervention,2026,1120,na,lombok,Lombok469,0.5,152,368,116,15748,40.73685771756769,0.609606942576088,0.7856155460299659
E1,q2_x3_resunet_pooled_seed2026,pooled,intervention,2026,1120,na,lombok,Lombok470,0.5,39,12,82,16251,51.12920953828428,0.6705202312134271,0.7222222222217608
E1,q2_x3_resunet_pooled_seed2026,pooled,intervention,2026,1120,na,lombok,Lombok471,0.5,0,2031,16,14337,50.23146033722219,0.0,0.0
E1,q2_x3_resunet_pooled_seed2026,pooled,intervention,2026,1120,na,lombok,Lombok472,0.5,0,1317,35,15032,55.039057990676014,0.0,0.0
E1,q2_x3_resunet_pooled_seed2026,pooled,intervention,2026,1120,na,lombok,Lombok473,0.5,15,791,54,15524,51.7782873548572,0.13286361348719772,0.29979690673282683
E1,q2_x3_resunet_pooled_seed2026,pooled,intervention,2026,1120,na,lombok,Lombok474,0.5,0,301,34,16049,55.97860120572278,0.0,0.0
E1,q2_x3_resunet_pooled_seed2026,pooled,intervention,2026,1120,na,lombok,Lombok475,0.5,0,410,41,15933,67.47592163134935,0.0,0.0
E1,q2_x3_resunet_pooled_seed2026,pooled,intervention,2026,1120,na,lombok,Lombok476,0.5,19,267,160,15938,44.8172465182592,0.21758839528512924,0.26278850047198893
E1,q2_x3_resunet_pooled_seed2026,pooled,intervention,2026,1120,na,lombok,Lombok477,0.5,39,117,138,16090,38.88942342855933,0.3820522250823232,0.4663378545001788
E1,q2_x3_resunet_pooled_seed2026,pooled,intervention,2026,1120,na,lombok,Lombok478,0.5,7,6,38,16333,48.13677715718966,0.5333333333329422,0.5806451612899105
E1,q2_x3_resunet_pooled_seed2026,pooled,intervention,2026,1120,na,lombok,Lombok479,0.5,5,1066,46,15267,56.28939120095194,0.09049773755608773,0.14198782961410508
E1,q2_x3_resunet_pooled_seed2026,pooled,intervention,2026,1120,na,lombok,Lombok480,0.5,5,941,56,15382,32.64965543462902,0.11667476908072774,0.17378967902060485
E1,q2_x3_resunet_pooled_seed2026,pooled,intervention,2026,1120,na,lombok,Lombok481,0.5,7,3,43,16331,53.61145022096012,0.3870967741932362,0.4848484848481175
E1,q2_x3_resunet_pooled_seed2026,pooled,intervention,2026,1120,na,lombok,Lombok483,0.5,0,107,21,16256,48.479989971894355,0.0,0.0
E1,q2_x3_resunet_pooled_seed2026,pooled,intervention,2026,1120,na,lombok,Lombok484,0.5,17,436,42,15889,56.53839173535222,0.18726307808910053,0.2693565976004988
E1,q2_x3_resunet_pooled_seed2026,pooled,intervention,2026,1120,na,lombok,Lombok485,0.5,0,5,38,16341,33.01211843075068,0.0,0.0
E1,q2_x3_resunet_pooled_seed2026,pooled,intervention,2026,1120,na,lombok,Lombok486,0.5,19,1918,21,14426,36.085517879416095,0.05388760585039383,0.09039548022578826
E1,q2_x3_resunet_pooled_seed2026,pooled,intervention,2026,1120,na,lombok,Lombok487,0.5,17,1539,43,14785,33.09941541572029,0.03015075376864366,0.07983898020770026
E1,q2_x3_resunet_pooled_seed2026,pooled,intervention,2026,1120,na,lombok,Lombok488,0.5,0,163,36,16185,74.42884915653103,0.0,0.0
E1,q2_x3_resunet_pooled_seed2026,pooled,intervention,2026,1120,na,lombok,Lombok489,0.5,0,1065,43,15276,65.02268741691469,0.0,0.0
E1,q2_x3_resunet_pooled_seed2026,pooled,intervention,2026,1120,na,lombok,Lombok490,0.5,0,2,39,16343,41.81355991768167,0.0,0.0
E1,q2_x3_resunet_pooled_seed2026,pooled,intervention,2026,1120,na,lombok,Lombok494,0.5,0,674,43,15667,61.43202995267937,0.0,0.0
E1,q2_x3_resunet_pooled_seed2026,pooled,intervention,2026,1120,na,lombok,Lombok495,0.5,0,0,39,16345,181.01933598375618,0.0,0.0
E1,q2_x3_resunet_pooled_seed2026,pooled,intervention,2026,1120,na,palu,Palu0001,0.5,66,206,212,15900,60.42640025265591,0.41289656951205195,0.526252311650265
E1,q2_x3_resunet_pooled_seed2026,pooled,intervention,2026,1120,na,palu,Palu0002,0.5,50,211,131,15992,53.00141496841914,0.4932579382335183,0.559353048815984
E1,q2_x3_resunet_pooled_seed2026,pooled,intervention,2026,1120,na,palu,Palu0003,0.5,117,297,418,15552,24.833997938751313,0.4846007302741747,0.5666666666661756
E1,q2_x3_resunet_pooled_seed2026,pooled,intervention,2026,1120,na,palu,Palu0004,0.5,81,361,295,15647,25.1694082024224,0.46363654785254993,0.5241584055273926
E1,q2_x3_resunet_pooled_seed2026,pooled,intervention,2026,1120,na,palu,Palu0005,0.5,0,0,106,16278,181.01933598375618,0.0,0.0
E1,q2_x3_resunet_pooled_seed2026,pooled,intervention,2026,1120,na,palu,Palu0006,0.5,17,0,183,16184,30.18173050467124,0.34517766497433366,0.43269230769196865
E1,q2_x3_resunet_pooled_seed2026,pooled,intervention,2026,1120,na,palu,Palu0007,0.5,22,35,330,15997,42.55798982278441,0.18453427064990635,0.25905936777134103
E1,q2_x3_resunet_pooled_seed2026,pooled,intervention,2026,1120,na,palu,Palu0008,0.5,45,1320,237,14782,46.026932255139315,0.1432394737830457,0.1521473871319411
E1,q2_x3_resunet_pooled_seed2026,pooled,intervention,2026,1120,na,palu,Palu0009,0.5,0,374,125,15885,54.70828087217568,0.0,0.0
E1,q2_x3_resunet_pooled_seed2026,pooled,intervention,2026,1120,na,palu,Palu0011,0.5,0,301,34,16049,86.07292095380997,0.0,0.0
E1,q2_x3_resunet_pooled_seed2026,pooled,intervention,2026,1120,na,palu,Palu0012,0.5,11,1772,30,14571,91.61603188735262,0.03471552555442972,0.03501683501679671
E1,q2_x3_resunet_pooled_seed2026,pooled,intervention,2026,1120,na,palu,Palu0013,0.5,0,180,168,16036,66.01508580350375,0.023076923076430653,0.042780748662625635
E1,q2_x3_resunet_pooled_seed2026,pooled,intervention,2026,1120,na,palu,Palu0014,0.5,0,274,127,15983,33.9601383380299,0.0,0.0
E1,q2_x3_resunet_pooled_seed2026,pooled,intervention,2026,1120,na,palu,Palu0015,0.5,0,2016,34,14334,134.52880732393342,0.0,0.0
E1,q2_x3_resunet_pooled_seed2026,pooled,intervention,2026,1120,na,palu,Palu0016,0.5,0,134,34,16216,127.03286913251026,0.0,0.0
E1,q2_x3_resunet_pooled_seed2026,pooled,intervention,2026,1120,na,palu,Palu0017,0.5,17,147,24,16196,109.3506820921104,0.2014598540143768,0.20689655172395244
E1,q2_x3_resunet_pooled_seed2026,pooled,intervention,2026,1120,na,palu,Palu0018,0.5,0,7,99,16278,81.64936479225834,0.0,0.0
E1,q2_x3_resunet_pooled_seed2026,pooled,intervention,2026,1120,na,palu,Palu0019,0.5,29,550,74,15731,64.79349549398825,0.17928692699443033,0.17928692699443033
E1,q2_x3_resunet_pooled_seed2026,pooled,intervention,2026,1120,na,palu,Palu0020,0.5,11,176,36,16161,52.62209455780754,0.20773759461694366,0.20773759461694366
E1,q2_x3_resunet_pooled_seed2026,pooled,intervention,2026,1120,na,palu,Palu0021,0.5,0,808,26,15550,64.93808313655211,0.0,0.0
E1,q2_x3_resunet_pooled_seed2026,pooled,intervention,2026,1120,na,palu,Palu0022,0.5,0,119,30,16235,71.59388552639888,0.0,0.0
E1,q2_x3_resunet_pooled_seed2026,pooled,intervention,2026,1120,na,palu,Palu0023,0.5,0,361,20,16003,70.86214659979632,0.0,0.0
E1,q2_x3_resunet_pooled_seed2026,pooled,intervention,2026,1120,na,palu,Palu0024,0.5,0,21,85,16278,80.07306168085272,0.0,0.0
E1,q2_x3_resunet_pooled_seed2026,pooled,intervention,2026,1120,na,palu,Palu0025,0.5,14,8,82,16280,31.498724861626453,0.5039370078736388,0.6131386861309616
E1,q2_x3_resunet_pooled_seed2026,pooled,intervention,2026,1120,na,palu,Palu0026,0.5,0,0,79,16305,181.01933598375618,0.0,0.0
E1,q2_x3_resunet_pooled_seed2026,pooled,intervention,2026,1120,na,palu,Palu0027,0.5,0,31,74,16279,89.15495168499706,0.0,0.0
E1,q2_x3_resunet_pooled_seed2026,pooled,intervention,2026,1120,na,palu,Palu0028,0.5,0,335,28,16021,58.35057442802316,0.0,0.0
E1,q2_x3_resunet_pooled_seed2026,pooled,intervention,2026,1120,na,palu,Palu0029,0.5,0,442,22,15920,45.18814933748353,0.0,0.0
E1,q2_x3_resunet_pooled_seed2026,pooled,intervention,2026,1120,na,palu,Palu0031,0.5,0,1895,53,14436,57.90506390096404,0.0,0.0
E1,q2_x3_resunet_pooled_seed2026,pooled,intervention,2026,1120,na,palu,Palu0032,0.5,25,487,73,15799,43.957286135750195,0.23456790123415086,0.33994334277574173
E1,q2_x3_resunet_pooled_seed2026,pooled,intervention,2026,1120,na,palu,Palu0033,0.5,22,241,88,16033,56.86447721420381,0.17777777777727827,0.2781946466564681
E1,q2_x3_resunet_pooled_seed2026,pooled,intervention,2026,1120,na,palu,Palu0034,0.5,2,265,55,16062,58.69890239890288,0.03164556962008905,0.032482598607765124
E1,q2_x3_resunet_pooled_seed2026,pooled,intervention,2026,1120,na,palu,Palu0037,0.5,0,357,53,15974,108.20925372255061,0.0,0.0
E1,q2_x3_resunet_pooled_seed2026,pooled,intervention,2026,1120,na,palu,Palu0038,0.5,62,863,54,15405,91.02471856036016,0.08614501076786037,0.09645868465405531
E1,q2_x3_resunet_pooled_seed2026,pooled,intervention,2026,1120,na,palu,Palu0039,0.5,88,288,49,15959,97.24440224491269,0.3591662212716391,0.37539992890115054
E1,q2_x3_resunet_pooled_seed2026,pooled,intervention,2026,1120,na,palu,Palu0040,0.5,46,294,79,15965,63.06663131098051,0.25092896174818147,0.26685974348320207
E1,q2_x3_resunet_pooled_seed2026,pooled,intervention,2026,1120,na,palu,Palu0041,0.5,7,447,143,15787,46.20170231753679,0.0691291087761985,0.08486562941958539
E1,q2_x3_resunet_pooled_seed2026,pooled,intervention,2026,1120,na,palu,Palu0042,0.5,5,851,131,15397,34.33909048312092,0.05100053125506425,0.07730732635537343
E1,q2_x3_resunet_pooled_seed2026,pooled,intervention,2026,1120,na,palu,Palu0043,0.5,0,838,37,15509,43.501654080538394,0.0,0.0
E1,q2_x3_resunet_pooled_seed2026,pooled,intervention,2026,1120,na,palu,Palu0044,0.5,0,708,53,15623,92.14770442186551,0.0,0.0
E1,q2_x3_resunet_pooled_seed2026,pooled,intervention,2026,1120,na,palu,Palu0045,0.5,54,153,223,15954,88.48434789490938,0.2056094255025815,0.2337228714519209
E1,q2_x3_resunet_pooled_seed2026,pooled,intervention,2026,1120,na,palu,Palu0046,0.5,166,381,131,15706,19.978081931574454,0.3179985186399488,0.4757709251096454
E1,q2_x3_resunet_pooled_seed2026,pooled,intervention,2026,1120,na,palu,Palu0047,0.5,37,260,113,15974,53.9535278475757,0.2016100805035607,0.2549985511441094
E1,q2_x3_resunet_pooled_seed2026,pooled,intervention,2026,1120,na,palu,Palu0048,0.5,4,50,262,16068,75.06696825467894,0.06848249027205729,0.06848249027205729
E1,q2_x3_resunet_pooled_seed2026,pooled,intervention,2026,1120,na,palu,Palu0049,0.5,3,298,211,15872,37.24172710325041,0.03861003860957409,0.03861003860957409
E1,q2_x3_resunet_pooled_seed2026,pooled,intervention,2026,1120,na,palu,Palu0050,0.5,0,331,25,16028,82.30726173163072,0.0,0.0
E1,q2_x3_resunet_pooled_seed2026,pooled,intervention,2026,1120,na,palu,Palu0051,0.5,0,190,36,16158,82.14569922738926,0.0,0.0
E1,q2_x3_resunet_pooled_seed2026,pooled,intervention,2026,1120,na,palu,Palu0053,0.5,0,114,207,16063,82.89389317565632,0.0,0.0
E1,q2_x3_resunet_pooled_seed2026,pooled,intervention,2026,1120,na,palu,Palu0054,0.5,110,253,104,15917,25.006997202237763,0.4744019813770894,0.49638055842766515
E1,q2_x3_resunet_pooled_seed2026,pooled,intervention,2026,1120,na,palu,Palu0055,0.5,15,127,68,16174,75.60510180268983,0.2180222747210661,0.2180222747210661
E1,q2_x3_resunet_pooled_seed2026,pooled,intervention,2026,1120,na,palu,Palu0056,0.5,35,1113,175,15061,80.98424696360618,0.1635687732337605,0.2682576880764309
E1,q2_x3_resunet_pooled_seed2026,pooled,intervention,2026,1120,na,palu,Palu0057,0.5,1,330,134,15919,54.4921989312768,0.02614379084933487,0.0277777777775
E1,q2_x3_resunet_pooled_seed2026,pooled,intervention,2026,1120,na,palu,Palu0058,0.5,0,659,17,15708,51.5436199861668,0.0,0.0
E1,q2_x3_resunet_pooled_seed2026,pooled,intervention,2026,1120,na,palu,Palu0059,0.5,0,1903,58,14423,43.04648650006177,0.0,0.02954452195288879
E1,q2_x3_resunet_pooled_seed2026,pooled,intervention,2026,1120,na,palu,Palu0060,0.5,0,255,42,16087,57.14017850864661,0.0,0.0
E1,q2_x3_resunet_pooled_seed2026,pooled,intervention,2026,1120,na,palu,Palu0061,0.5,0,101,46,16237,111.2285713028699,0.0,0.0
E1,q2_x3_resunet_pooled_seed2026,pooled,intervention,2026,1120,na,palu,Palu0062,0.5,0,8,46,16330,147.73232158425324,0.0,0.0
E1,q2_x3_resunet_pooled_seed2026,pooled,intervention,2026,1120,na,palu,Palu0063,0.5,0,121,60,16203,124.06327825819467,0.0,0.0
E1,q2_x3_resunet_pooled_seed2026,pooled,intervention,2026,1120,na,palu,Palu0064,0.5,0,289,61,16034,78.10640187976448,0.0,0.0
E1,q2_x3_resunet_pooled_seed2026,pooled,intervention,2026,1120,na,palu,Palu0066,0.5,0,1728,34,14622,56.00892785976178,0.0,0.0
E1,q2_x3_resunet_pooled_seed2026,pooled,intervention,2026,1120,na,palu,Palu0067,0.5,0,1408,31,14945,55.00909015790027,0.0,0.0
E1,q2_x3_resunet_pooled_seed2026,pooled,intervention,2026,1120,na,palu,Palu0070,0.5,0,473,23,15888,61.8969445889792,0.0,0.0
E1,q2_x3_resunet_pooled_seed2026,pooled,intervention,2026,1120,na,palu,Palu0071,0.5,0,379,24,15981,83.47432889958299,0.0,0.0
E1,q2_x3_resunet_pooled_seed2026,pooled,intervention,2026,1120,na,palu,Palu0072,0.5,0,2139,34,14211,64.62197768561404,0.0,0.0
E1,q2_x3_resunet_pooled_seed2026,pooled,intervention,2026,1120,na,palu,Palu0073,0.5,0,2552,34,13798,71.31287097963131,0.0,0.0
E1,q2_x3_resunet_pooled_seed2026,pooled,intervention,2026,1120,na,palu,Palu0078,0.5,0,192,31,16161,122.38196085875612,0.0,0.0
E1,q2_x3_resunet_pooled_seed2026,pooled,intervention,2026,1120,na,palu,Palu0079,0.5,0,615,25,15744,82.90464214509666,0.0,0.008064516128850969
E1,q2_x3_resunet_pooled_seed2026,pooled,intervention,2026,1120,na,palu,Palu0083,0.5,0,576,24,15784,105.17543115961398,0.0,0.0
E1,q2_x3_resunet_pooled_seed2026,pooled,intervention,2026,1120,na,palu,Palu0084,0.5,0,401,47,15936,60.53924347066124,0.0,0.0
E1,q2_x3_resunet_pooled_seed2026,pooled,intervention,2026,1120,na,palu,Palu0085,0.5,0,764,30,15590,52.12675817394138,0.0,0.007220216606316464
E1,q2_x3_resunet_pooled_seed2026,pooled,intervention,2026,1120,na,palu,Palu0086,0.5,0,1281,38,15065,64.88757881221925,0.0,0.0245700245696667
E1,q2_x3_resunet_pooled_seed2026,pooled,intervention,2026,1120,na,palu,Palu0087,0.5,0,1868,143,14373,53.600373133029585,0.0,0.0
E1,q2_x3_resunet_pooled_seed2026,pooled,intervention,2026,1120,na,palu,Palu0088,0.5,0,2004,112,14268,52.8148819673925,0.0,0.0
E1,q2_x3_resunet_pooled_seed2026,pooled,intervention,2026,1120,na,palu,Palu0089,0.5,0,909,29,15446,146.42369584501202,0.0,0.0
E1,q2_x3_resunet_pooled_seed2026,pooled,intervention,2026,1120,na,palu,Palu0090,0.5,29,1276,0,15079,68.96375859826666,0.022471910112183753,0.09568417530926748
E1,q2_x3_resunet_pooled_seed2026,pooled,intervention,2026,1120,na,palu,Palu0091,0.5,0,522,24,15838,145.4391295099094,0.0,0.0
E1,q2_x3_resunet_pooled_seed2026,pooled,intervention,2026,1120,na,palu,Palu0092,0.5,0,43,41,16300,99.72980648639309,0.0,0.0
E1,q2_x3_resunet_pooled_seed2026,pooled,intervention,2026,1120,na,palu,Palu0093,0.5,0,100,30,16254,74.24781040276493,0.0,0.0
E1,q2_x3_resunet_pooled_seed2026,pooled,intervention,2026,1120,na,palu,Palu0094,0.5,0,697,44,15643,62.61180931861436,0.0,0.0
E1,q2_x3_resunet_pooled_seed2026,pooled,intervention,2026,1120,na,palu,Palu0095,0.5,0,836,154,15394,66.15684297170449,0.0,0.0
E1,q2_x3_resunet_pooled_seed2026,pooled,intervention,2026,1120,na,palu,Palu0096,0.5,0,1818,123,14443,73.38527544532124,0.0,0.0
E1,q2_x3_resunet_pooled_seed2026,pooled,intervention,2026,1120,na,palu,Palu0097,0.5,235,984,176,14989,95.155129634886,0.24390636636234259,0.32817684319348256
E1,q2_x3_resunet_pooled_seed2026,pooled,intervention,2026,1120,na,palu,Palu0098,0.5,192,862,219,15111,56.06914934180005,0.28907782864569415,0.36009530715792304
E1,q2_x3_resunet_pooled_seed2026,pooled,intervention,2026,1120,na,palu,Palu0104,0.5,286,1298,96,14704,122.37238168655274,0.1956070498543631,0.3240131211921806
E1,q2_x3_resunet_pooled_seed2026,pooled,intervention,2026,1120,na,palu,Palu0105,0.5,286,233,96,15769,121.00922676542729,0.4739034056554485,0.6620292636118853
E1,q2_x3_resunet_pooled_seed2026,pooled,intervention,2026,1120,na,palu,Palu0106,0.5,0,1,37,16346,155.3550245591706,0.0,0.0
E1,q2_x3_resunet_pooled_seed2026,pooled,intervention,2026,1120,na,palu,Palu0107,0.5,0,0,157,16227,181.01933598375618,0.0,0.0
E1,q2_x3_resunet_pooled_seed2026,pooled,intervention,2026,1120,na,palu,Palu0108,0.5,0,834,120,15430,103.27632836231156,0.0,0.0
E1,q2_x3_resunet_pooled_seed2026,pooled,intervention,2026,1120,na,palu,Palu0110,0.5,0,329,53,16002,66.9138085494155,0.0,0.0
E1,q2_x3_resunet_pooled_seed2026,pooled,intervention,2026,1120,na,palu,Palu0111,0.5,0,900,157,15327,80.06590895025589,0.0,0.0
E1,q2_x3_resunet_pooled_seed2026,pooled,intervention,2026,1120,na,palu,Palu0112,0.5,0,1648,120,14616,83.86298349093002,0.0,0.0
E1,q2_x3_resunet_pooled_seed2026,pooled,intervention,2026,1120,na,palu,Palu0113,0.5,0,36,30,16318,150.95773633190507,0.0,0.0
E1,q2_x3_resunet_pooled_seed2026,pooled,intervention,2026,1120,na,palu,Palu0114,0.5,0,423,32,15929,45.32491685133904,0.0,0.0
E1,q2_x3_resunet_pooled_seed2026,pooled,intervention,2026,1120,na,palu,Palu0117,0.5,0,780,67,15537,118.03438102542431,0.0,0.0
E1,q2_x3_resunet_pooled_seed2026,pooled,intervention,2026,1120,na,palu,Palu0118,0.5,59,87,20,16218,94.35357396124549,0.49638870649983313,0.5811965811960944
E1,q2_x3_resunet_pooled_seed2026,pooled,intervention,2026,1120,na,palu,Palu0120,0.5,9,227,21,16127,124.9624523779129,0.2994652406413749,0.3537414965983145
E1,q2_x3_resunet_pooled_seed2026,pooled,intervention,2026,1120,na,palu,Palu0121,0.5,0,417,32,15935,58.15058230582138,0.0,0.06051080550082179
E1,q2_x3_resunet_pooled_seed2026,pooled,intervention,2026,1120,na,palu,Palu0125,0.5,0,3267,67,13050,87.4905475328882,0.0,0.0
E1,q2_x3_resunet_pooled_seed2026,pooled,intervention,2026,1120,na,palu,Palu0126,0.5,42,1411,45,14886,77.44899337919294,0.1572828812397695,0.16014745033767114
E1,q2_x3_resunet_pooled_seed2026,pooled,intervention,2026,1120,na,palu,Palu0127,0.5,0,391,34,15959,81.33417526603688,0.0,0.0
E1,q2_x3_resunet_pooled_seed2026,pooled,intervention,2026,1120,na,palu,Palu0130,0.5,2,40,24,16318,72.75,0.24242424242376495,0.26315789473639195
E1,q2_x3_resunet_pooled_seed2026,pooled,intervention,2026,1120,na,palu,Palu0131,0.5,0,183,18,16183,85.1488645749159,0.0,0.0
E1,q2_x3_resunet_pooled_seed2026,pooled,intervention,2026,1120,na,palu,Palu0132,0.5,0,2991,24,13369,119.21828718783037,0.0,0.0
E1,q2_x3_resunet_pooled_seed2026,pooled,intervention,2026,1120,na,palu,Palu0133,0.5,0,1205,45,15134,105.04860243253904,0.0,0.0
E1,q2_x3_resunet_pooled_seed2026,pooled,intervention,2026,1120,na,palu,Palu0134,0.5,8,66,21,16289,36.65844349449667,0.21220159151146298,0.29501915708764725
E1,q2_x3_resunet_pooled_seed2026,pooled,intervention,2026,1120,na,palu,Palu0138,0.5,0,129,16,16239,52.95503732653407,0.0,0.0
E1,q2_x3_resunet_pooled_seed2026,pooled,intervention,2026,1120,na,palu,Palu0140,0.5,0,721,54,15609,121.29406393484187,0.0,0.0
E1,q2_x3_resunet_pooled_seed2026,pooled,intervention,2026,1120,na,palu,Palu0141,0.5,339,497,68,15480,60.54954980682567,0.4421523920068453,0.5818181818177337
E1,q2_x3_resunet_pooled_seed2026,pooled,intervention,2026,1120,na,palu,Palu0142,0.5,349,855,65,15115,36.00277563773199,0.3482352941171555,0.5167663114110057
E1,q2_x3_resunet_pooled_seed2026,pooled,intervention,2026,1120,na,palu,Palu0146,0.5,0,240,33,16111,135.13050838130187,0.0,0.0
E1,q2_x3_resunet_pooled_seed2026,pooled,intervention,2026,1120,na,palu,Palu0147,0.5,19,311,143,15911,54.54851369418752,0.16780561883019587,0.1899543378991078
E1,q2_x3_resunet_pooled_seed2026,pooled,intervention,2026,1120,na,palu,Palu0151,0.5,355,634,89,15306,59.61265742977958,0.3775137111512725,0.49755209486508856
E1,q2_x3_resunet_pooled_seed2026,pooled,intervention,2026,1120,na,palu,Palu0152,0.5,331,773,130,15150,38.19945817218552,0.3450298672957177,0.45839017735285836
E1,q2_x3_resunet_pooled_seed2026,pooled,intervention,2026,1120,na,palu,Palu0157,0.5,19,738,187,15440,75.33801041701656,0.10525084785363126,0.11381959594006526
E1,q2_x3_resunet_pooled_seed2026,pooled,intervention,2026,1120,na,palu,Palu0158,0.5,9,175,184,16016,40.66370168174542,0.14173228346406697,0.17751479289893773
E1,q2_x3_resunet_pooled_seed2026,pooled,intervention,2026,1120,na,palu,Palu0163,0.5,0,133,76,16175,46.80682530491844,0.0,0.0
E1,q2_x3_resunet_pooled_seed2026,pooled,intervention,2026,1120,na,palu,Palu0167,0.5,0,3651,49,12684,78.42989680492838,0.0,0.0056100981765900915
E1,q2_x3_resunet_pooled_seed2026,pooled,intervention,2026,1120,na,palu,Palu0168,0.5,0,333,65,15986,60.804293905066935,0.0,0.0
E1,q2_x3_resunet_pooled_seed2026,pooled,intervention,2026,1120,na,palu,Palu0172,0.5,0,11,20,16353,78.49203781276162,0.0,0.0
E1,q2_x3_resunet_pooled_seed2026,pooled,intervention,2026,1120,na,palu,Palu0175,0.5,0,819,29,15536,74.31666774326384,0.0,0.0
E1,q2_x3_resunet_pooled_seed2026,pooled,intervention,2026,1120,na,palu,Palu0176,0.5,0,1794,30,14560,73.22847678211166,0.0,0.0
E1,q2_x3_resunet_pooled_seed2026,pooled,intervention,2026,1120,na,palu,Palu0177,0.5,23,3201,19,13141,64.4104027882517,0.042242337621019616,0.04445791654029567
E1,q2_x3_resunet_pooled_seed2026,pooled,intervention,2026,1120,na,palu,Palu0178,0.5,2,3044,33,13305,79.99996336455219,0.004669001167232445,0.004692770200901336
E1,q2_x3_resunet_pooled_seed2026,pooled,intervention,2026,1120,na,palu,Palu0181,0.5,0,927,25,15432,53.14132102234569,0.004291845493460692,0.0044987146529403615
E1,q2_x3_resunet_pooled_seed2026,pooled,intervention,2026,1120,na,palu,Palu0182,0.5,24,2535,12,13813,45.41580115470112,0.1245901639342081,0.2175381705172151
E1,q2_x3_resunet_pooled_seed2026,pooled,intervention,2026,1120,na,palu,Palu0183,0.5,0,286,21,16077,66.72667889926123,0.0,0.0
E1,q2_x3_resunet_pooled_seed2026,pooled,intervention,2026,1120,na,palu,Palu0184,0.5,10,4023,178,12173,122.4499897917513,0.020715917745575192,0.03169881251367123
E1,q2_x3_resunet_pooled_seed2026,pooled,intervention,2026,1120,na,palu,Palu0185,0.5,345,8220,409,7410,104.20172743289815,0.04714556484501291,0.08647392627717476
E1,q2_x3_resunet_pooled_seed2026,pooled,intervention,2026,1120,na,palu,Palu0186,0.5,0,973,566,14845,144.2879057573805,0.0,0.0
E1,q2_x3_resunet_pooled_seed2026,pooled,intervention,2026,1120,na,palu,Palu0194,0.5,0,1,26,16357,75.24708676595819,0.0,0.0
E1,q2_x3_resunet_pooled_seed2026,pooled,intervention,2026,1120,na,palu,Palu0195,0.5,7,1140,20,15217,54.314169998643045,0.05755395683421935,0.14246068455094285
E1,q2_x3_resunet_pooled_seed2026,pooled,intervention,2026,1120,na,palu,Palu0196,0.5,25,749,12,15598,41.51229730680149,0.1097322011755533,0.1097322011755533
E1,q2_x3_resunet_pooled_seed2026,pooled,intervention,2026,1120,na,palu,Palu0197,0.5,10,1288,20,15066,85.46812155898098,0.03460559796433281,0.03460559796433281
E1,q2_x3_resunet_pooled_seed2026,pooled,intervention,2026,1120,na,palu,Palu0200,0.5,0,142,25,16217,77.76235350594763,0.0,0.0
E1,q2_x3_resunet_pooled_seed2026,pooled,intervention,2026,1120,na,palu,Palu0201,0.5,0,2050,42,14292,62.90132465189875,0.0,0.0
E1,q2_x3_resunet_pooled_seed2026,pooled,intervention,2026,1120,na,palu,Palu0202,0.5,7,1366,20,14991,49.00404930903185,0.10289389067498012,0.1385542168671406
E1,q2_x3_resunet_pooled_seed2026,pooled,intervention,2026,1120,na,palu,Palu0203,0.5,282,2783,126,13193,81.4349428207338,0.052589561919837186,0.10062568535109286
E1,q2_x3_resunet_pooled_seed2026,pooled,intervention,2026,1120,na,palu,Palu0204,0.5,665,5916,432,9371,51.701049346732034,0.09490994267974735,0.161181022033774
E1,q2_x3_resunet_pooled_seed2026,pooled,intervention,2026,1120,na,palu,Palu0205,0.5,103,574,586,15121,107.54185219873898,0.10740829537254885,0.20946681175161277
E1,q2_x3_resunet_pooled_seed2026,pooled,intervention,2026,1120,na,palu,Palu0206,0.5,102,1007,106,15169,107.42206429338641,0.13609299688095275,0.16273093673054684
E1,q2_x3_resunet_pooled_seed2026,pooled,intervention,2026,1120,na,palu,Palu0207,0.5,52,510,156,15666,51.2513031800812,0.13436293436257102,0.2001334222811937
E1,q2_x3_resunet_pooled_seed2026,pooled,intervention,2026,1120,na,palu,Palu0210,0.5,0,3337,17,13030,131.05606068209556,0.0,0.0
E1,q2_x3_resunet_pooled_seed2026,pooled,intervention,2026,1120,na,palu,Palu0211,0.5,0,10,23,16351,48.03852529173465,0.0,0.0
E1,q2_x3_resunet_pooled_seed2026,pooled,intervention,2026,1120,na,palu,Palu0212,0.5,3,958,30,15393,46.43008354808538,0.0337756332929777,0.0337756332929777
E1,q2_x3_resunet_pooled_seed2026,pooled,intervention,2026,1120,na,palu,Palu0213,0.5,14,424,13,15933,19.25193016649728,0.16450216450195806,0.28503562945337096
E1,q2_x3_resunet_pooled_seed2026,pooled,intervention,2026,1120,na,palu,Palu0215,0.5,0,1055,22,15307,86.74658500372998,0.0,0.0
E1,q2_x3_resunet_pooled_seed2026,pooled,intervention,2026,1120,na,palu,Palu0216,0.5,0,624,21,15739,107.88822959145558,0.0,0.0
E1,q2_x3_resunet_pooled_seed2026,pooled,intervention,2026,1120,na,palu,Palu0217,0.5,0,1767,37,14580,92.14113196919332,0.0,0.0
E1,q2_x3_resunet_pooled_seed2026,pooled,intervention,2026,1120,na,palu,Palu0219,0.5,0,1836,19,14529,83.77590450196331,0.0,0.0
E1,q2_x3_resunet_pooled_seed2026,pooled,intervention,2026,1120,na,palu,Palu0220,0.5,0,1985,19,14380,57.12001699597665,0.0,0.0
E1,q2_x3_resunet_pooled_seed2026,pooled,intervention,2026,1120,na,palu,Palu0221,0.5,6,1666,214,14498,99.25315841427755,0.011703511053256743,0.023665304972492408
E1,q2_x3_resunet_pooled_seed2026,pooled,intervention,2026,1120,na,palu,Palu0222,0.5,222,5491,121,10550,109.78705719881249,0.062139233863824056,0.1051749549238456
E1,q2_x3_resunet_pooled_seed2026,pooled,intervention,2026,1120,na,palu,Palu0223,0.5,44,7101,79,9160,139.6581451713076,0.010068803490490748,0.02341858520047672
E1,q2_x3_resunet_pooled_seed2026,pooled,intervention,2026,1120,na,palu,Palu0224,0.5,79,1955,124,14226,125.31001348717272,0.1144127945488217,0.14866581956777516
E1,q2_x3_resunet_pooled_seed2026,pooled,intervention,2026,1120,na,palu,Palu0225,0.5,11,999,192,15182,95.21184495366954,0.010610079575212069,0.055710306406449514
E1,q2_x3_resunet_pooled_seed2026,pooled,intervention,2026,1120,na,palu,Palu0226,0.5,0,6747,17,9620,117.52356271273898,0.0,0.0
E1,q2_x3_resunet_pooled_seed2026,pooled,intervention,2026,1120,na,palu,Palu0227,0.5,0,174,17,16193,65.06919393998976,0.0,0.0
E1,q2_x3_resunet_pooled_seed2026,pooled,intervention,2026,1120,na,palu,Palu0228,0.5,1,112,35,16236,70.88441630078685,0.09661835748746901,0.1284403669720953
E1,q2_x3_resunet_pooled_seed2026,pooled,intervention,2026,1120,na,palu,Palu0229,0.5,13,1380,29,14962,38.01315561749642,0.07727771679447955,0.10765076507622036
E1,q2_x3_resunet_pooled_seed2026,pooled,intervention,2026,1120,na,palu,Palu0231,0.5,18,1975,37,14354,66.04314395686818,0.05758448249723447,0.07286314806154266
E1,q2_x3_resunet_pooled_seed2026,pooled,intervention,2026,1120,na,palu,Palu0232,0.5,11,1265,61,15047,53.61434735674438,0.055697757755533386,0.07331511839691524
E1,q2_x3_resunet_pooled_seed2026,pooled,intervention,2026,1120,na,palu,Palu0233,0.5,0,0,37,16347,181.01933598375618,0.0,0.0
E1,q2_x3_resunet_pooled_seed2026,pooled,intervention,2026,1120,na,palu,Palu0235,0.5,24,1669,14,14677,36.567641765787386,0.13953488372070028,0.30125398827600575
E1,q2_x3_resunet_pooled_seed2026,pooled,intervention,2026,1120,na,palu,Palu0236,0.5,28,2084,14,14258,27.554321233570864,0.14861995753689158,0.20100502512530696
E1,q2_x3_resunet_pooled_seed2026,pooled,intervention,2026,1120,na,palu,Palu0238,0.5,0,0,445,15939,181.01933598375618,0.0,0.0
E1,q2_x3_resunet_pooled_seed2026,pooled,intervention,2026,1120,na,palu,Palu0239,0.5,181,22,1531,14650,72.10722502858542,0.03697996918291086,0.08785845027413605
E1,q2_x3_resunet_pooled_seed2026,pooled,intervention,2026,1120,na,palu,Palu0240,0.5,86,3864,1344,11090,79.43085949470616,0.0,0.03080082135481795
E1,q2_x3_resunet_pooled_seed2026,pooled,intervention,2026,1120,na,palu,Palu0241,0.5,54,6212,109,10009,119.05796771439454,0.05130735076450297,0.0780418588149925
E1,q2_x3_resunet_pooled_seed2026,pooled,intervention,2026,1120,na,palu,Palu0243,0.5,0,687,16,15681,48.31093864683612,0.0,0.0
E1,q2_x3_resunet_pooled_seed2026,pooled,intervention,2026,1120,na,palu,Palu0250,0.5,6,220,72,16086,67.0058810080027,0.10022779043245253,0.1320754716977955
E1,q2_x3_resunet_pooled_seed2026,pooled,intervention,2026,1120,na,palu,Palu0251,0.5,15,1906,69,14394,65.88036595807868,0.050464807436752517,0.06440071556335522
E1,q2_x3_resunet_pooled_seed2026,pooled,intervention,2026,1120,na,palu,Palu0253,0.5,124,153,43,16064,69.64297804364341,0.48336349714556603,0.5158264947240293
E1,q2_x3_resunet_pooled_seed2026,pooled,intervention,2026,1120,na,palu,Palu0254,0.5,59,295,83,15947,57.00175425099138,0.3372814438800695,0.36299315542535476
E1,q2_x3_resunet_pooled_seed2026,pooled,intervention,2026,1120,na,palu,Palu0255,0.5,0,222,885,15277,102.80077820717118,0.0,0.0
E1,q2_x3_resunet_pooled_seed2026,pooled,intervention,2026,1120,na,palu,Palu0256,0.5,132,152,2962,13138,40.213152186125654,0.0,0.0
E1,q2_x3_resunet_pooled_seed2026,pooled,intervention,2026,1120,na,palu,Palu0257,0.5,52,4347,2925,9060,48.64818931094705,0.03710992409283926,0.07097722262992112
E1,q2_x3_resunet_pooled_seed2026,pooled,intervention,2026,1120,na,palu,Palu0258,0.5,1,4717,767,10899,101.13505818887575,0.0,0.0
E1,q2_x3_resunet_pooled_seed2026,pooled,intervention,2026,1120,na,palu,Palu0259,0.5,0,5009,16,11359,111.91021822301965,0.0,0.0
E1,q2_x3_resunet_pooled_seed2026,pooled,intervention,2026,1120,na,palu,Palu0260,0.5,0,270,23,16091,79.27096962098432,0.0,0.0
E1,q2_x3_resunet_pooled_seed2026,pooled,intervention,2026,1120,na,palu,Palu0263,0.5,0,4225,27,12132,83.52843376546534,0.0,0.010512483574112566
E1,q2_x3_resunet_pooled_seed2026,pooled,intervention,2026,1120,na,palu,Palu0267,0.5,0,1032,36,15316,55.33409443379414,0.0,0.0
E1,q2_x3_resunet_pooled_seed2026,pooled,intervention,2026,1120,na,palu,Palu0268,0.5,0,341,63,15980,67.35725647619564,0.0,0.0
E1,q2_x3_resunet_pooled_seed2026,pooled,intervention,2026,1120,na,palu,Palu0269,0.5,0,132,61,16191,74.73285756613352,0.0,0.0
E1,q2_x3_resunet_pooled_seed2026,pooled,intervention,2026,1120,na,palu,Palu0270,0.5,0,1537,138,14709,67.41809839501622,0.0,0.0
E1,q2_x3_resunet_pooled_seed2026,pooled,intervention,2026,1120,na,palu,Palu0271,0.5,0,57,138,16189,109.33247817301348,0.0,0.0
E1,q2_x3_resunet_pooled_seed2026,pooled,intervention,2026,1120,na,palu,Palu0272,0.5,0,1129,440,14815,113.98154311683672,0.0,0.0031695721075831735
E1,q2_x3_resunet_pooled_seed2026,pooled,intervention,2026,1120,na,palu,Palu0273,0.5,82,1805,1300,13197,106.98364292068887,0.012173471975424455,0.03867987315484759
E1,q2_x3_resunet_pooled_seed2026,pooled,intervention,2026,1120,na,palu,Palu0274,0.5,232,1818,1315,13019,97.05274300098313,0.06355223547732936,0.11680010764939486
E1,q2_x3_resunet_pooled_seed2026,pooled,intervention,2026,1120,na,palu,Palu0275,0.5,236,3359,369,12420,114.02631140410523,0.1586701926706601,0.25144681700225663
E1,q2_x3_resunet_pooled_seed2026,pooled,intervention,2026,1120,na,palu,Palu0279,0.5,6,119,46,16213,92.07170929856096,0.22190611664259352,0.32640168465345865
E1,q2_x3_resunet_pooled_seed2026,pooled,intervention,2026,1120,na,palu,Palu0280,0.5,20,517,86,15761,52.35932469876173,0.09596741344168089,0.12005266826704267
E1,q2_x3_resunet_pooled_seed2026,pooled,intervention,2026,1120,na,palu,Palu0281,0.5,13,4116,54,12201,62.24507953225933,0.05647346796028826,0.07178447766211671
E1,q2_x3_resunet_pooled_seed2026,pooled,intervention,2026,1120,na,palu,Palu0284,0.5,0,329,56,15999,78.72896155577126,0.0,0.0
E1,q2_x3_resunet_pooled_seed2026,pooled,intervention,2026,1120,na,palu,Palu0285,0.5,0,249,93,16042,90.68291210687742,0.0,0.0
E1,q2_x3_resunet_pooled_seed2026,pooled,intervention,2026,1120,na,palu,Palu0286,0.5,58,233,46,16047,124.72956819014765,0.5164556962021029,0.5277108433730769
E1,q2_x3_resunet_pooled_seed2026,pooled,intervention,2026,1120,na,palu,Palu0287,0.5,165,136,81,16002,45.62740274573542,0.7627808243405579,0.8149535455909226
E1,q2_x3_resunet_pooled_seed2026,pooled,intervention,2026,1120,na,palu,Palu0288,0.5,59,140,120,16065,23.060767203315304,0.4037150775217874,0.5150367037645961
E1,q2_x3_resunet_pooled_seed2026,pooled,intervention,2026,1120,na,palu,Palu0289,0.5,0,3758,50,12576,58.27831438002241,0.0,0.009273570324432347
E1,q2_x3_resunet_pooled_seed2026,pooled,intervention,2026,1120,na,palu,Palu0290,0.5,0,0,27,16357,181.01933598375618,0.0,0.0
E1,q2_x3_resunet_pooled_seed2026,pooled,intervention,2026,1120,na,palu,Palu0291,0.5,11,2568,7,13798,68.40429639216784,0.13162970106058652,0.13162970106058652
E1,q2_x3_resunet_pooled_seed2026,pooled,intervention,2026,1120,na,palu,Palu0293,0.5,0,108,41,16235,62.00806399170998,0.0,0.0
E1,q2_x3_resunet_pooled_seed2026,pooled,intervention,2026,1120,na,palu,Palu0294,0.5,19,337,105,15923,40.97921561087423,0.1638760987856495,0.19914220839245933
E1,q2_x3_resunet_pooled_seed2026,pooled,intervention,2026,1120,na,palu,Palu0295,0.5,26,110,152,16096,51.56061779177901,0.3712242501863654,0.42495784148355686
E1,q2_x3_resunet_pooled_seed2026,pooled,intervention,2026,1120,na,palu,Palu0296,0.5,87,257,90,15950,92.0,0.4757777329834874,0.49178366807234253
E1,q2_x3_resunet_pooled_seed2026,pooled,intervention,2026,1120,na,palu,Palu0297,0.5,311,754,79,15240,43.86342439892262,0.4985416714507098,0.7601169719925461
E1,q2_x3_resunet_pooled_seed2026,pooled,intervention,2026,1120,na,palu,Palu0298,0.5,89,19,124,16152,18.016653826391966,0.745715609077797,0.7867730900793296
E1,q2_x3_resunet_pooled_seed2026,pooled,intervention,2026,1120,na,palu,Palu0299,0.5,22,492,48,15822,47.4236228055175,0.16285806243929807,0.16285806243929807
E1,q2_x3_resunet_pooled_seed2026,pooled,intervention,2026,1120,na,palu,Palu0300,0.5,36,116,55,16177,36.23121260851423,0.48969497114542015,0.5079617834389905
E1,q2_x3_resunet_pooled_seed2026,pooled,intervention,2026,1120,na,palu,Palu0301,0.5,0,1244,21,15119,79.59394081519046,0.0,0.0
E1,q2_x3_resunet_pooled_seed2026,pooled,intervention,2026,1120,na,palu,Palu0302,0.5,0,327,18,16039,80.5050792583309,0.0,0.0
E1,q2_x3_resunet_pooled_seed2026,pooled,intervention,2026,1120,na,palu,Palu0303,0.5,0,361,68,15955,54.31926231404062,0.0,0.0
E1,q2_x3_resunet_pooled_seed2026,pooled,intervention,2026,1120,na,palu,Palu0304,0.5,7,853,123,15401,73.06353381387662,0.0682926829263998,0.0785046728968652
E1,q2_x3_resunet_pooled_seed2026,pooled,intervention,2026,1120,na,palu,Palu0305,0.5,3,18,171,16192,69.54176432220167,0.09885931558890104,0.11267605633755047
E1,q2_x3_resunet_pooled_seed2026,pooled,intervention,2026,1120,na,palu,Palu0306,0.5,145,250,67,15922,101.74186610623647,0.353696220584332,0.4143222506390055
E1,q2_x3_resunet_pooled_seed2026,pooled,intervention,2026,1120,na,palu,Palu0307,0.5,155,332,60,15837,98.97563573941248,0.358631747728118,0.3809215844782448
E1,q2_x3_resunet_pooled_seed2026,pooled,intervention,2026,1120,na,palu,Palu0309,0.5,0,673,79,15632,73.87409243084448,0.0,0.0
E1,q2_x3_resunet_pooled_seed2026,pooled,intervention,2026,1120,na,palu,Palu0310,0.5,1,206,211,15966,54.9998068949179,0.04302477183786936,0.056967327561871554
E1,q2_x3_resunet_pooled_seed2026,pooled,intervention,2026,1120,na,palu,Palu0311,0.5,19,17,114,16234,55.37733059558302,0.3559374041112912,0.4587657018018355
E1,q2_x3_resunet_pooled_seed2026,pooled,intervention,2026,1120,na,palu,Palu0312,0.5,0,2595,27,13762,71.31963030086791,0.0,0.0
E1,q2_x3_resunet_pooled_seed2026,pooled,intervention,2026,1120,na,palu,Palu0313,0.5,11,131,83,16159,85.27266856832047,0.17701863353988892,0.19060773480616647
E1,q2_x3_resunet_pooled_seed2026,pooled,intervention,2026,1120,na,palu,Palu0314,0.5,74,658,181,15471,30.89267350921647,0.34272216598137023,0.36484085862275845
E1,q2_x3_resunet_pooled_seed2026,pooled,intervention,2026,1120,na,palu,Palu0315,0.5,71,659,117,15537,28.53831567261892,0.3093176219616291,0.43416517562814266
E1,q2_x3_resunet_pooled_seed2026,pooled,intervention,2026,1120,na,palu,Palu0316,0.5,2,815,65,15502,69.03254162385727,0.048844308765450754,0.06289308176067368
E1,q2_x3_resunet_pooled_seed2026,pooled,intervention,2026,1120,na,palu,Palu0317,0.5,54,912,76,15342,27.244227217169552,0.3057439770102886,0.43190184049034364
E1,q2_x3_resunet_pooled_seed2026,pooled,intervention,2026,1120,na,palu,Palu0318,0.5,34,199,112,16039,39.51597004140965,0.39035591274347764,0.44911746515008266
E1,q2_x3_resunet_pooled_seed2026,pooled,intervention,2026,1120,na,palu,Palu0319,0.5,17,204,140,16023,79.33787320224177,0.24858757062099843,0.2834458118296239
E1,q2_x3_resunet_pooled_seed2026,pooled,intervention,2026,1120,na,palu,Palu0320,0.5,14,211,100,16059,72.3922222495233,0.14133482893949606,0.14133482893949606
E1,q2_x3_resunet_pooled_seed2026,pooled,intervention,2026,1120,na,palu,Palu0321,0.5,197,1655,124,14408,81.38304065677093,0.1601771544561662,0.19961667811773964
E1,q2_x3_resunet_pooled_seed2026,pooled,intervention,2026,1120,na,palu,Palu0322,0.5,289,406,35,15654,20.004996878900158,0.6332475366520873,0.7477601654026902
E1,q2_x3_resunet_pooled_seed2026,pooled,intervention,2026,1120,na,palu,Palu0325,0.5,4,900,23,15457,25.003533540466517,0.0814111261869026,0.14985590778053284
E1,q2_x3_resunet_pooled_seed2026,pooled,intervention,2026,1120,na,palu,Palu0326,0.5,0,213,192,15979,65.09991775558971,0.0,0.0
E1,q2_x3_resunet_pooled_seed2026,pooled,intervention,2026,1120,na,palu,Palu0327,0.5,56,37,301,15990,43.49118519257992,0.3035245183885208,0.3901234567898094
E1,q2_x3_resunet_pooled_seed2026,pooled,intervention,2026,1120,na,palu,Palu0328,0.5,15,298,182,15889,41.261286890568385,0.16251354279476213,0.23456790123408391
E1,q2_x3_resunet_pooled_seed2026,pooled,intervention,2026,1120,na,palu,Palu0329,0.5,55,700,204,15425,42.5205832509386,0.27942488433324125,0.3489792357350358
E1,q2_x3_resunet_pooled_seed2026,pooled,intervention,2026,1120,na,palu,Palu0330,0.5,15,208,236,15925,28.01517373440723,0.11172498465266215,0.20245806344412098
E1,q2_x3_resunet_pooled_seed2026,pooled,intervention,2026,1120,na,palu,Palu0331,0.5,0,2308,70,14006,63.625465356711985,0.0,0.0
E1,q2_x3_resunet_pooled_seed2026,pooled,intervention,2026,1120,na,palu,Palu0332,0.5,31,1807,115,14431,36.453363600865295,0.19287756693479444,0.3018562267966776
E1,q2_x3_resunet_pooled_seed2026,pooled,intervention,2026,1120,na,palu,Palu0333,0.5,69,1891,93,14331,39.01473990492587,0.27584205945144785,0.41162560073183024
E1,q2_x3_resunet_pooled_seed2026,pooled,intervention,2026,1120,na,palu,Palu0334,0.5,39,2043,141,14161,67.31188295651906,0.2129781217438516,0.29566461582438125
E1,q2_x3_resunet_pooled_seed2026,pooled,intervention,2026,1120,na,palu,Palu0335,0.5,42,1350,83,14909,51.93255501845272,0.1851696690402233,0.26344980587865235
E1,q2_x3_resunet_pooled_seed2026,pooled,intervention,2026,1120,na,palu,Palu0336,0.5,0,2814,28,13542,74.2896628960303,0.0,0.0
E1,q2_x3_resunet_pooled_seed2026,pooled,intervention,2026,1120,na,palu,Palu0337,0.5,7,1782,102,14493,84.13254825791856,0.02052901697578586,0.024135483216592687
E1,q2_x3_resunet_pooled_seed2026,pooled,intervention,2026,1120,na,palu,Palu0338,0.5,0,511,164,15709,66.28515920721198,0.0,0.0
E1,q2_x3_resunet_pooled_seed2026,pooled,intervention,2026,1120,na,palu,Palu0339,0.5,28,161,31,16164,56.73358157470515,0.302325581394927,0.30588235294076127
E1,q2_x3_resunet_pooled_seed2026,pooled,intervention,2026,1120,na,palu,Palu0342,0.5,9,1190,173,15012,63.72204364500094,0.06034482758576055,0.0760777683849825
E1,q2_x3_resunet_pooled_seed2026,pooled,intervention,2026,1120,na,palu,Palu0343,0.5,19,17,355,15993,53.68443658078453,0.24607658505940058,0.34216867469851153
E1,q2_x3_resunet_pooled_seed2026,pooled,intervention,2026,1120,na,palu,Palu0344,0.5,15,19,191,16159,73.00684899377592,0.2123485285629882,0.30379746835417265
E1,q2_x3_resunet_pooled_seed2026,pooled,intervention,2026,1120,na,palu,Palu0345,0.5,13,624,159,15588,45.2868572663368,0.15561854256150337,0.17199971237467845
E1,q2_x3_resunet_pooled_seed2026,pooled,intervention,2026,1120,na,palu,Palu0346,0.5,6,121,174,16083,67.89068829977182,0.07207207207158996,0.07207207207158996
E1,q2_x3_resunet_pooled_seed2026,pooled,intervention,2026,1120,na,palu,Palu0347,0.5,0,731,29,15624,59.558229184291115,0.0,0.0
E1,q2_x3_resunet_pooled_seed2026,pooled,intervention,2026,1120,na,palu,Palu0348,0.5,0,578,61,15745,51.66236541235796,0.0,0.0
E1,q2_x3_resunet_pooled_seed2026,pooled,intervention,2026,1120,na,palu,Palu0349,0.5,4,23,69,16288,29.10323401418896,0.20512820512773583,0.2343749999995099
E1,q2_x3_resunet_pooled_seed2026,pooled,intervention,2026,1120,na,palu,Palu0350,0.5,26,100,98,16160,51.89315939161398,0.3396626960721968,0.3568354849383165
E1,q2_x3_resunet_pooled_seed2026,pooled,intervention,2026,1120,na,palu,Palu0351,0.5,15,35,116,16218,54.0,0.2079149438863033,0.2079149438863033
E1,q2_x3_resunet_pooled_seed2026,pooled,intervention,2026,1120,na,palu,Palu0352,0.5,0,0,90,16294,181.01933598375618,0.0,0.0
E1,q2_x3_resunet_pooled_seed2026,pooled,intervention,2026,1120,na,palu,Palu0353,0.5,3,1779,52,14550,121.02747029742855,0.015170670037870213,0.01538461538458509
E1,q2_x3_resunet_pooled_seed2026,pooled,intervention,2026,1120,na,palu,Palu0354,0.5,17,135,42,16190,87.15488583707997,0.2144680851060027,0.22360248447170247
E1,q2_x3_resunet_pooled_seed2026,pooled,intervention,2026,1120,na,palu,Palu0357,0.5,0,95,21,16268,98.33763026600403,0.0,0.0
E1,q2_x3_resunet_pooled_seed2026,pooled,intervention,2026,1120,na,palu,Palu0359,0.5,0,210,52,16122,59.84134629042675,0.0,0.0
E1,q2_x3_resunet_pooled_seed2026,pooled,intervention,2026,1120,na,palu,Palu0360,0.5,13,43,71,16257,84.96293119857975,0.32329169728092616,0.35693501454851073
E1,q2_x3_resunet_pooled_seed2026,pooled,intervention,2026,1120,na,palu,Palu0361,0.5,30,31,94,16229,25.084846618771877,0.42415017757448226,0.4313725490192695
E1,q2_x3_resunet_pooled_seed2026,pooled,intervention,2026,1120,na,palu,Palu0362,0.5,7,2,98,16277,96.27456951815674,0.17391304347810205,0.17391304347810205
E1,q2_x3_resunet_pooled_seed2026,pooled,intervention,2026,1120,na,palu,Palu0363,0.5,4,10,29,16341,80.9281529686481,0.285714285713949,0.42857142857109176
E1,q2_x3_resunet_pooled_seed2026,pooled,intervention,2026,1120,na,palu,Palu0364,0.5,0,294,29,16061,53.060339793199226,0.0,0.0
E1,q2_x3_resunet_pooled_seed2026,pooled,intervention,2026,1120,na,palu,Palu0365,0.5,0,269,24,16091,53.46295965704835,0.0,0.0
E1,q2_x3_resunet_pooled_seed2026,pooled,intervention,2026,1120,na,palu,Palu0366,0.5,0,120,68,16196,88.62953413205,0.0,0.0
E1,q2_x3_resunet_pooled_seed2026,pooled,intervention,2026,1120,na,palu,Palu0367,0.5,10,905,92,15377,48.400383460340954,0.18897637795225938,0.28820960698641124
E1,q2_x3_resunet_pooled_seed2026,pooled,intervention,2026,1120,na,palu,Palu0368,0.5,11,92,91,16190,44.13587497390512,0.20338983050797818,0.26491994177533723
E1,q2_x3_resunet_pooled_seed2026,pooled,intervention,2026,1120,na,palu,Palu0370,0.5,18,530,18,15818,30.82062325739253,0.13114754098335504,0.2884012539181458
E1,q2_x3_resunet_pooled_seed2026,pooled,intervention,2026,1120,na,palu,Palu0371,0.5,3,481,37,15863,45.38086549959083,0.03428571428526367,0.08053691275118056
E1,q2_x3_resunet_pooled_seed2026,pooled,intervention,2026,1120,na,palu,Palu0372,0.5,11,386,64,15923,49.14813016477556,0.07155635062568796,0.13623978201584988
E1,q2_x3_resunet_pooled_seed2026,pooled,intervention,2026,1120,na,palu,Palu0373,0.5,25,611,39,15709,44.68880441117899,0.19105382865775278,0.26522210184147993
E1,q2_x3_resunet_pooled_seed2026,pooled,intervention,2026,1120,na,palu,Palu0374,0.5,8,232,29,16115,63.82687646767465,0.15405777166394058,0.20488940628589153
E1,q2_x3_resunet_pooled_seed2026,pooled,intervention,2026,1120,na,palu,Palu0375,0.5,4,223,25,16132,66.36602800680676,0.10915197313163412,0.11242973141771986
E1,q2_x3_resunet_pooled_seed2026,pooled,intervention,2026,1120,na,palu,Palu0377,0.5,0,187,30,16167,47.61050415964778,0.0,0.0
E1,q2_x3_resunet_pooled_seed2026,pooled,intervention,2026,1120,na,palu,Palu0378,0.5,0,153,25,16206,41.00975030070952,0.0,0.0
E1,q2_x3_resunet_pooled_seed2026,pooled,intervention,2026,1120,na,palu,Palu0379,0.5,0,70,45,16269,70.6783570238427,0.0,0.03745318352026343
E1,q2_x3_resunet_pooled_seed2026,pooled,intervention,2026,1120,na,palu,Palu0380,0.5,0,160,45,16179,69.09558150923715,0.0,0.026936026935535557
E1,q2_x3_resunet_pooled_seed2026,pooled,intervention,2026,1120,na,palu,Palu0384,0.5,0,734,36,15614,63.64909352861103,0.0,0.0
E1,q2_x3_resunet_pooled_seed2026,pooled,intervention,2026,1120,na,palu,Palu0385,0.5,9,719,150,15506,60.802960454241045,0.04602235371416142,0.06283206283158317
E1,q2_x3_resunet_pooled_seed2026,pooled,intervention,2026,1120,na,palu,Palu0386,0.5,40,100,134,16110,42.50702822378351,0.4158308902942441,0.5663253155508345
E1,q2_x3_resunet_pooled_seed2026,pooled,intervention,2026,1120,na,palu,Palu0387,0.5,0,621,42,15721,62.39698755226495,0.0,0.0
E1,q2_x3_resunet_pooled_seed2026,pooled,intervention,2026,1120,na,palu,Palu0390,0.5,0,4,30,16350,89.47614906944587,0.0,0.0
E1,q2_x3_resunet_pooled_seed2026,pooled,intervention,2026,1120,na,palu,Palu0391,0.5,0,169,23,16192,68.47158851896637,0.0,0.0
E1,q2_x3_resunet_pooled_seed2026,pooled,intervention,2026,1120,na,palu,Palu0392,0.5,0,51,87,16246,60.82594221668379,0.0,0.0
E1,q2_x3_resunet_pooled_seed2026,pooled,intervention,2026,1120,na,palu,Palu0393,0.5,0,182,87,16115,38.95886558775218,0.0,0.0
E1,q2_x3_resunet_pooled_seed2026,pooled,intervention,2026,1120,na,palu,Palu0394,0.5,13,12,30,16329,41.632939713870954,0.5316455696197551,0.5934065934061108
E1,q2_x3_resunet_pooled_seed2026,pooled,intervention,2026,1120,na,palu,Palu0395,0.5,25,1399,18,14942,97.23218600868445,0.10633639832352892,0.10683760683750569
E1,q2_x3_resunet_pooled_seed2026,pooled,intervention,2026,1120,na,palu,Palu0400,0.5,0,985,16,15383,83.10174328034698,0.0,0.0
E1,q2_x3_resunet_pooled_seed2026,pooled,intervention,2026,1120,na,palu,Palu0401,0.5,26,541,217,15600,48.12290611748781,0.09409523809474579,0.16314800486299533
E1,q2_x3_resunet_pooled_seed2026,pooled,intervention,2026,1120,na,palu,Palu0402,0.5,159,678,229,15318,35.35957662102795,0.4057896759313586,0.5458483754507806
E1,q2_x3_resunet_pooled_seed2026,pooled,intervention,2026,1120,na,palu,Palu0403,0.5,7,29,164,16184,45.863811631111155,0.1563663440057086,0.2389905987132561
E1,q2_x3_resunet_pooled_seed2026,pooled,intervention,2026,1120,na,palu,Palu0407,0.5,0,132,58,16194,77.81767455625037,0.0,0.0
E1,q2_x3_resunet_pooled_seed2026,pooled,intervention,2026,1120,na,palu,Palu0408,0.5,0,480,58,15846,75.08657319133724,0.0,0.005917159763053255
E1,q2_x3_resunet_pooled_seed2026,pooled,intervention,2026,1120,na,palu,Palu0409,0.5,12,86,31,16255,131.51580260680527,0.21917808219150003,0.22787136294004068
E1,q2_x3_resunet_pooled_seed2026,pooled,intervention,2026,1120,na,palu,Palu0410,0.5,12,692,31,15649,85.12314202540625,0.0773739742085536,0.07860853851357089
E1,q2_x3_resunet_pooled_seed2026,pooled,intervention,2026,1120,na,palu,Palu0414,0.5,0,1056,18,15310,76.25612359779046,0.0,0.0
E1,q2_x3_resunet_pooled_seed2026,pooled,intervention,2026,1120,na,palu,Palu0415,0.5,10,415,23,15936,67.01753409381611,0.07825600894337645,0.07825600894337645
E1,q2_x3_resunet_pooled_seed2026,pooled,intervention,2026,1120,na,palu,Palu0416,0.5,0,2197,21,14166,107.7905363248851,0.0,0.0
E1,q2_x3_resunet_pooled_seed2026,pooled,intervention,2026,1120,na,palu,Palu0418,0.5,3,182,58,16141,55.05761896687706,0.059945504086713244,0.07796101948991123
E1,q2_x3_resunet_pooled_seed2026,pooled,intervention,2026,1120,na,palu,Palu0419,0.5,52,1019,204,15109,43.807107777698135,0.21434476051494053,0.2448430493268543
E1,q2_x3_resunet_pooled_seed2026,pooled,intervention,2026,1120,na,palu,Palu0420,0.5,88,230,248,15818,30.531798498613192,0.5132698849718107,0.6620546163844508
E1,q2_x3_resunet_pooled_seed2026,pooled,intervention,2026,1120,na,palu,Palu0421,0.5,7,105,135,16137,36.04508523247238,0.17582417582367588,0.2171189979118482
E1,q2_x3_resunet_pooled_seed2026,pooled,intervention,2026,1120,na,palu,Palu0424,0.5,0,0,24,16360,181.01933598375618,0.0,0.0
E1,q2_x3_resunet_pooled_seed2026,pooled,intervention,2026,1120,na,palu,Palu0425,0.5,0,0,24,16360,181.01933598375618,0.0,0.0
E1,q2_x3_resunet_pooled_seed2026,pooled,intervention,2026,1120,na,palu,Palu0427,0.5,4,324,67,15989,59.033888572581766,0.050691244239357676,0.053797468354230944
E1,q2_x3_resunet_pooled_seed2026,pooled,intervention,2026,1120,na,palu,Palu0428,0.5,28,1021,41,15294,41.88314885534497,0.13037731314563028,0.1948362828072937
E1,q2_x3_resunet_pooled_seed2026,pooled,intervention,2026,1120,na,palu,Palu0431,0.5,12,701,39,15632,71.10151209186665,0.1138576779021633,0.19302587176556246
E1,q2_x3_resunet_pooled_seed2026,pooled,intervention,2026,1120,na,palu,Palu0432,0.5,0,1054,140,15190,48.91133035018066,0.0,0.008982035927672398
E1,q2_x3_resunet_pooled_seed2026,pooled,intervention,2026,1120,na,palu,Palu0433,0.5,33,79,100,16172,50.95234363557021,0.4786450662734553,0.5083798882676761
E1,q2_x3_resunet_pooled_seed2026,pooled,intervention,2026,1120,na,palu,Palu0434,0.5,0,436,41,15907,67.80117993073571,0.0,0.0
E1,q2_x3_resunet_pooled_seed2026,pooled,intervention,2026,1120,na,palu,Palu0439,0.5,0,0,18,16366,181.01933598375618,0.0,0.0
E1,q2_x3_resunet_pooled_seed2026,pooled,intervention,2026,1120,na,palu,Palu0442,0.5,0,962,53,15369,86.9925159749491,0.0,0.0
E1,q2_x3_resunet_pooled_seed2026,pooled,intervention,2026,1120,na,palu,Palu0443,0.5,0,643,47,15694,88.61035753005615,0.0,0.0
E1,q2_x3_resunet_pooled_seed2026,pooled,intervention,2026,1120,na,palu,Palu0446,0.5,0,1822,18,14544,85.83702590924655,0.0,0.0
E1,q2_x3_resunet_pooled_seed2026,pooled,intervention,2026,1120,na,palu,Palu0447,0.5,0,901,36,15447,45.81492851201365,0.0,0.0
E1,q2_x3_resunet_pooled_seed2026,pooled,intervention,2026,1120,na,palu,Palu0448,0.5,0,1624,57,14703,61.59707006292748,0.0,0.0
E1,q2_x3_resunet_pooled_seed2026,pooled,intervention,2026,1120,na,palu,Palu0449,0.5,32,456,35,15861,38.51377485881022,0.16015779092664503,0.37363526081637133
E1,q2_x3_resunet_pooled_seed2026,pooled,intervention,2026,1120,na,palu,Palu0450,0.5,6,631,22,15725,38.118237105091836,0.0873460246357337,0.0873460246357337
E1,q2_x3_resunet_pooled_seed2026,pooled,intervention,2026,1120,na,palu,Palu0452,0.5,0,33,20,16331,51.25857069888178,0.0,0.0
E1,q2_x3_resunet_pooled_seed2026,pooled,intervention,2026,1120,na,palu,Palu0453,0.5,0,818,28,15538,36.1937959807379,0.0,0.0
E1,q2_x3_resunet_pooled_seed2026,pooled,intervention,2026,1120,na,palu,Palu0455,0.5,0,0,33,16351,181.01933598375618,0.0,0.0
E1,q2_x3_resunet_pooled_seed2026,pooled,intervention,2026,1120,na,palu,Palu0456,0.5,1,1,32,16350,92.48681780931047,0.39999999999967994,0.6666666666662222
E1,q2_x3_resunet_pooled_seed2026,pooled,intervention,2026,1120,na,palu,Palu0458,0.5,1,235,20,16128,81.00061726043145,0.014174344436540486,0.014268727705096454
E1,q2_x3_resunet_pooled_seed2026,pooled,intervention,2026,1120,na,palu,Palu0459,0.5,4,977,14,15389,137.3709758571094,0.027127839945714265,0.027173913043451455
E1,q2_x3_resunet_pooled_seed2026,pooled,intervention,2026,1120,na,palu,Palu0460,0.5,8,2105,29,14242,130.59241889517867,0.037434627029924596,0.03778445684837128
E1,q2_x3_resunet_pooled_seed2026,pooled,intervention,2026,1120,na,palu,Palu0461,0.5,17,397,58,15912,68.50318584205314,0.1589403973506814,0.1634559252770085
E1,q2_x3_resunet_pooled_seed2026,pooled,intervention,2026,1120,na,palu,Palu0462,0.5,0,701,38,15645,61.33177353044121,0.0,0.0
E1,q2_x3_resunet_pooled_seed2026,pooled,intervention,2026,1120,na,palu,Palu0463,0.5,15,6180,23,10166,118.91089044467745,0.013419728316269693,0.0200780814277548
E1,q2_x3_resunet_pooled_seed2026,pooled,intervention,2026,1120,na,palu,Palu0464,0.5,119,4828,77,11360,69.8677302564122,0.06929942250471109,0.10512820512810209
E1,q2_x3_resunet_pooled_seed2026,pooled,intervention,2026,1120,na,palu,Palu0465,0.5,104,1803,54,14423,82.48846020017767,0.09086275937369256,0.17723486951676656
E1,q2_x3_resunet_pooled_seed2026,pooled,intervention,2026,1120,na,palu,Palu0467,0.5,0,171,65,16148,64.58550944761957,0.03533568904559028,0.03976143141131169
E1,q2_x3_resunet_pooled_seed2026,pooled,intervention,2026,1120,na,palu,Palu0468,0.5,24,256,86,16018,38.24709586505476,0.2791786743510854,0.3552407932006332
E1,q2_x3_resunet_pooled_seed2026,pooled,intervention,2026,1120,na,palu,Palu0469,0.5,0,2182,47,14155,78.64477096412705,0.0,0.0
E1,q2_x3_resunet_pooled_seed2026,pooled,intervention,2026,1120,na,palu,Palu0474,0.5,6,5,21,16352,57.83583714242489,0.5405405405401461,0.5789473684206412
E1,q2_x3_resunet_pooled_seed2026,pooled,intervention,2026,1120,na,palu,Palu0479,0.5,0,0,34,16350,181.01933598375618,0.0,0.0
E1,q2_x3_resunet_pooled_seed2026,pooled,intervention,2026,1120,na,palu,Palu0480,0.5,7,2,33,16342,72.47918123282045,0.5384615384611449,0.6666666666662222
E1,q2_x3_resunet_pooled_seed2026,pooled,intervention,2026,1120,na,palu,Palu0481,0.5,23,0,79,16282,72.4065902897258,0.5092143549947591,0.5454545454541487
E1,q2_x3_resunet_pooled_seed2026,pooled,intervention,2026,1120,na,palu,Palu0482,0.5,52,153,73,16106,59.40538636486089,0.4341985841345561,0.5184390094298459
E1,q2_x3_resunet_pooled_seed2026,pooled,intervention,2026,1120,na,palu,Palu0483,0.5,0,525,43,15816,92.24277619591024,0.0,0.0
E1,q2_x3_resunet_pooled_seed2026,pooled,intervention,2026,1120,na,palu,Palu0484,0.5,13,1211,29,15131,105.8147404302926,0.054595086442112126,0.05512172714735881
E1,q2_x3_resunet_pooled_seed2026,pooled,intervention,2026,1120,na,palu,Palu0485,0.5,32,134,57,16161,62.42895081260054,0.35623409669161643,0.35623409669161643
E1,q2_x3_resunet_pooled_seed2026,pooled,intervention,2026,1120,na,palu,Palu0486,0.5,15,984,32,15353,75.68750676867437,0.07384032817911178,0.09390227841419675
E1,q2_x3_resunet_pooled_seed2026,pooled,intervention,2026,1120,na,palu,Palu0487,0.5,26,6475,12,9871,137.48817318193147,0.016931216931197028,0.024287222808846123
E1,q2_x3_resunet_pooled_seed2026,pooled,intervention,2026,1120,na,palu,Palu0488,0.5,167,4240,29,11948,107.20074626605917,0.04921439853677012,0.10058675607700901
E1,q2_x3_resunet_pooled_seed2026,pooled,intervention,2026,1120,na,palu,Palu0489,0.5,68,1049,90,15177,81.0,0.10989010988991425,0.15764244120561402
E1,q2_x3_resunet_pooled_seed2026,pooled,intervention,2026,1120,na,palu,Palu0491,0.5,1,26,18,16339,72.96271562286664,0.14285714285670664,0.14973262032044485
E1,q2_x3_resunet_pooled_seed2026,pooled,intervention,2026,1120,na,palu,Palu0492,0.5,0,317,66,16001,60.73686732088462,0.0,0.0
E1,q2_x3_resunet_pooled_seed2026,pooled,intervention,2026,1120,na,palu,Palu0493,0.5,11,851,88,15434,31.433957886035458,0.07600950118725794,0.07600950118725794
E1,q2_x3_resunet_pooled_seed2026,pooled,intervention,2026,1120,na,palu,Palu0494,0.5,10,688,45,15641,54.12758462791938,0.09047619047584043,0.15700934579391565
E1,q2_x3_resunet_pooled_seed2026,pooled,intervention,2026,1120,na,palu,Palu0495,0.5,4,221,35,16124,59.40791180579715,0.18716577540060597,0.2873022659251541
E1,q2_x3_resunet_pooled_seed2026,pooled,intervention,2026,1120,na,palu,Palu0496,0.5,9,407,16,15952,41.44611830733146,0.06997084548091441,0.11814345991542309
E1,q2_x3_resunet_pooled_seed2026,pooled,intervention,2026,1120,na,palu,Palu0499,0.5,11,61,14,16298,36.368215414425016,0.35054773082902324,0.35054773082902324
E1,q2_x3_resunet_pooled_seed2026,pooled,intervention,2026,1120,na,palu,Palu0500,0.5,4,699,27,15654,64.03581753951877,0.04043321299630437,0.04066073697578201
E1,q2_x3_resunet_pooled_seed2026,pooled,intervention,2026,1120,na,palu,Palu0501,0.5,0,527,28,15829,78.65635725682851,0.0,0.0
E1,q2_x3_resunet_pooled_seed2026,pooled,intervention,2026,1120,na,palu,Palu0502,0.5,10,7,12,16355,2.2242645786248003,0.9523809523804534,0.9999999999995
E1,q2_x3_resunet_pooled_seed2026,pooled,intervention,2026,1120,na,palu,Palu0503,0.5,0,0,20,16364,181.01933598375618,0.0,0.0
E1,q2_x3_resunet_pooled_seed2026,pooled,intervention,2026,1120,na,palu,Palu0504,0.5,53,8,75,16248,68.57547307126164,0.5839416058390026,0.6338028169009754
E1,q2_x3_resunet_pooled_seed2026,pooled,intervention,2026,1120,na,palu,Palu0505,0.5,97,103,43,16141,18.780884585881143,0.6596858638738503,0.781204111600094
E1,q2_x3_resunet_pooled_seed2026,pooled,intervention,2026,1120,na,palu,Palu0506,0.5,0,216,32,16136,119.99264360199314,0.0,0.0
E1,q2_x3_resunet_pooled_seed2026,pooled,intervention,2026,1120,na,palu,Palu0508,0.5,0,5,21,16358,74.67261881037788,0.0,0.0
E1,q2_x3_resunet_pooled_seed2026,pooled,intervention,2026,1120,na,palu,Palu0509,0.5,0,199,25,16160,95.54420670067067,0.0,0.0
E1,q2_x3_resunet_pooled_seed2026,pooled,intervention,2026,1120,na,palu,Palu0510,0.5,0,1919,20,14445,87.46191632878005,0.0,0.0
E1,q2_x3_resunet_pooled_seed2026,pooled,intervention,2026,1120,na,palu,Palu0512,0.5,3,481,20,15880,58.903840641096096,0.03453237410065542,0.034620505991951274
E1,q2_x3_resunet_pooled_seed2026,pooled,intervention,2026,1120,na,palu,Palu0513,0.5,0,438,49,15897,50.92445298934279,0.0,0.0
E1,q2_x3_resunet_pooled_seed2026,pooled,intervention,2026,1120,na,palu,Palu0514,0.5,13,388,56,15927,32.877379402120155,0.10801080107975433,0.10801080107975433
E1,q2_x3_resunet_pooled_seed2026,pooled,intervention,2026,1120,na,palu,Palu0515,0.5,14,141,44,16185,40.70135729564631,0.3342175066308027,0.38291302110089237
E1,q2_x3_resunet_pooled_seed2026,pooled,intervention,2026,1120,na,palu,Palu0516,0.5,0,583,40,15761,55.46214922034751,0.0,0.0
E1,q2_x3_resunet_pooled_seed2026,pooled,intervention,2026,1120,na,palu,Palu0521,0.5,6,210,98,16070,78.0,0.12495661228699875,0.14111136730428728
E1,q2_x3_resunet_pooled_seed2026,pooled,intervention,2026,1120,na,palu,Palu0522,0.5,3,3,95,16283,109.21006280685202,0.2340425531912827,0.37254901960753994
E1,q2_x3_resunet_pooled_seed2026,pooled,intervention,2026,1120,na,palu,Palu0524,0.5,0,0,29,16355,181.01933598375618,0.0,0.0
E1,q2_x3_resunet_pooled_seed2026,pooled,intervention,2026,1120,na,palu,Palu0525,0.5,0,623,36,15725,79.38985364109709,0.0,0.0
E1,q2_x3_resunet_pooled_seed2026,pooled,intervention,2026,1120,na,palu,Palu0526,0.5,13,320,60,15991,59.60114585042803,0.11799252535994445,0.13930832927375894
E1,q2_x3_resunet_pooled_seed2026,pooled,intervention,2026,1120,na,palu,Palu0527,0.5,5,1212,125,15042,28.56558485253779,0.05536626916484854,0.08447435599874042
E1,q2_x3_resunet_pooled_seed2026,pooled,intervention,2026,1120,na,palu,Palu0528,0.5,0,152,67,16165,36.40205189010518,0.019531249999772526,0.021325209443924475
E1,q2_x3_resunet_pooled_seed2026,pooled,intervention,2026,1120,na,palu,Palu0530,0.5,71,189,31,16093,77.36019171652958,0.46364614017819505,0.474231364741909
E1,q2_x3_resunet_pooled_seed2026,pooled,intervention,2026,1120,na,palu,Palu0531,0.5,51,1555,50,14728,92.91741740108164,0.11337884690980383,0.11945859409097206
E1,q2_x3_resunet_pooled_seed2026,pooled,intervention,2026,1120,na,palu,Palu0532,0.5,222,1890,9,14263,92.10347409116707,0.11349283998913755,0.15689251597374962
E1,q2_x3_resunet_pooled_seed2026,pooled,intervention,2026,1120,na,palu,Palu0533,0.5,221,2284,4,13875,111.34180300350336,0.12614247460530437,0.16899881007947543
E1,q2_x3_resunet_pooled_seed2026,pooled,intervention,2026,1120,na,palu,Palu0534,0.5,0,537,39,15808,75.94847859965748,0.0,0.0
E1,q2_x3_resunet_pooled_seed2026,pooled,intervention,2026,1120,na,palu,Palu0535,0.5,24,786,81,15493,50.85515373735958,0.2561044860870117,0.3432732316222675
E1,q2_x3_resunet_pooled_seed2026,pooled,intervention,2026,1120,na,palu,Palu0536,0.5,14,71,77,16222,49.42462687036124,0.23188405797056083,0.23188405797056083
E1,q2_x3_resunet_pooled_seed2026,pooled,intervention,2026,1120,na,palu,Palu0537,0.5,0,583,37,15764,48.006689573358116,0.008032128513803197,0.04099560761299917
E1,q2_x3_resunet_pooled_seed2026,pooled,intervention,2026,1120,na,palu,Palu0538,0.5,0,653,28,15703,79.60325631343893,0.0,0.0
E1,q2_x3_resunet_pooled_seed2026,pooled,intervention,2026,1120,na,palu,Palu0539,0.5,7,2003,30,14344,65.38346808380766,0.027329192546433317,0.05763214226880731
E1,q2_x3_resunet_pooled_seed2026,pooled,intervention,2026,1120,na,palu,Palu0540,0.5,0,1384,21,14979,92.46512166743267,0.0,0.0
E1,q2_x3_resunet_pooled_seed2026,pooled,intervention,2026,1120,na,palu,Palu0541,0.5,4,169,92,16119,62.63584945945836,0.09904286308744635,0.11229063458339648
E1,q2_x3_resunet_pooled_seed2026,pooled,intervention,2026,1120,na,palu,Palu0542,0.5,7,4,98,16275,74.6050000339495,0.26923076923053624,0.36363636363606605
E1,q2_x3_resunet_pooled_seed2026,pooled,intervention,2026,1120,na,palu,Palu0544,0.5,24,2832,85,13443,78.2254697405309,0.07149053057668593,0.09470752089118445
E1,q2_x3_resunet_pooled_seed2026,pooled,intervention,2026,1120,na,palu,Palu0545,0.5,22,3024,147,13191,37.33630940518894,0.08806119976437611,0.12601927353568967
E1,q2_x3_resunet_pooled_seed2026,pooled,intervention,2026,1120,na,palu,Palu0546,0.5,0,332,63,15989,60.574969672825276,0.0,0.0
E1,q2_x3_resunet_pooled_seed2026,pooled,intervention,2026,1120,na,palu,Palu0547,0.5,1,84,37,16262,59.11427050544083,0.04946996466395331,0.053191489361412686
E1,q2_x3_resunet_pooled_seed2026,pooled,intervention,2026,1120,na,palu,Palu0548,0.5,89,110,41,16144,34.26760869151874,0.7068934646369297,0.7197062423495721
E1,q2_x3_resunet_pooled_seed2026,pooled,intervention,2026,1120,na,palu,Palu0549,0.5,46,1812,55,14471,68.42221836376886,0.11170584128445901,0.12290018099940207
E1,q2_x3_resunet_pooled_seed2026,pooled,intervention,2026,1120,na,palu,Palu0550,0.5,228,1427,3,14726,74.6132899529414,0.14074948362321443,0.20440030605368217
E1,q2_x3_resunet_pooled_seed2026,pooled,intervention,2026,1120,na,palu,Palu0551,0.5,222,2463,3,13696,124.83869385941367,0.10465896384624102,0.1432181971354597
E1,q2_x3_resunet_pooled_seed2026,pooled,intervention,2026,1120,na,palu,Palu0552,0.5,0,4171,507,11706,115.11125041816402,0.006605019814986982,0.02372552820306376
E1,q2_x3_resunet_pooled_seed2026,pooled,intervention,2026,1120,na,palu,Palu0553,0.5,305,5286,497,10296,101.64054078638262,0.052628495547471836,0.10067150032654318
E1,q2_x3_resunet_pooled_seed2026,pooled,intervention,2026,1120,na,palu,Palu0554,0.5,0,2338,377,13669,94.71851006467958,0.0,0.0
E1,q2_x3_resunet_pooled_seed2026,pooled,intervention,2026,1120,na,palu,Palu0555,0.5,1,1604,264,14515,95.65552038008484,0.0032739177882236546,0.0033212247015722523
E1,q2_x3_resunet_pooled_seed2026,pooled,intervention,2026,1120,na,palu,Palu0556,0.5,2,0,221,16161,135.7422033695021,0.15568862275434742,0.18823529411747653
E1,q2_x3_resunet_pooled_seed2026,pooled,intervention,2026,1120,na,palu,Palu0557,0.5,0,63,83,16238,49.19633424417711,0.019480519480209752,0.021874999999832622
E1,q2_x3_resunet_pooled_seed2026,pooled,intervention,2026,1120,na,palu,Palu0558,0.5,0,30,45,16309,76.8550414889712,0.0,0.0
E1,q2_x3_resunet_pooled_seed2026,pooled,intervention,2026,1120,na,palu,Palu0560,0.5,3,0,92,16289,106.50015560744082,0.2752293577979278,0.47154471544679405
E1,q2_x3_resunet_pooled_seed2026,pooled,intervention,2026,1120,na,palu,Palu0561,0.5,108,117,160,15999,48.40864102793302,0.6009990360174019,0.7194181176984428
E1,q2_x3_resunet_pooled_seed2026,pooled,intervention,2026,1120,na,palu,Palu0562,0.5,68,160,120,16036,25.13401864819502,0.5516058488052976,0.5730337078646685
E1,q2_x3_resunet_pooled_seed2026,pooled,intervention,2026,1120,na,palu,Palu0566,0.5,0,4019,43,12322,122.41486631707822,0.006451612903137608,0.02779432201686319
E1,q2_x3_resunet_pooled_seed2026,pooled,intervention,2026,1120,na,palu,Palu0567,0.5,0,2056,55,14273,106.36728820459794,0.006849315068375464,0.03373015872985653
E1,q2_x3_resunet_pooled_seed2026,pooled,intervention,2026,1120,na,palu,Palu0569,0.5,13,199,15,16157,139.73129593074816,0.2553191489359167,0.2553191489359167
E1,q2_x3_resunet_pooled_seed2026,pooled,intervention,2026,1120,na,palu,Palu0570,0.5,5,485,23,15871,52.62871089418401,0.08963585434162595,0.09022556390967472
E1,q2_x3_resunet_pooled_seed2026,pooled,intervention,2026,1120,na,palu,Palu0571,0.5,2,2378,722,13282,88.02272433866155,0.04259438528541056,0.11580313467088912
E1,q2_x3_resunet_pooled_seed2026,pooled,intervention,2026,1120,na,palu,Palu0572,0.5,1018,3834,432,11100,49.79556851836229,0.13009165674384354,0.20890885628228417
E1,q2_x3_resunet_pooled_seed2026,pooled,intervention,2026,1120,na,palu,Palu0573,0.5,0,761,808,14815,47.634021455258214,0.0,0.0
E1,q2_x3_resunet_pooled_seed2026,pooled,intervention,2026,1120,na,palu,Palu0574,0.5,32,259,384,15709,57.454685580492445,0.1858992805750414,0.20723052517276536
E1,q2_x3_resunet_pooled_seed2026,pooled,intervention,2026,1120,na,palu,Palu0575,0.5,4,110,337,15933,40.814909363244,0.06027987082834827,0.0642570281119527
E1,q2_x3_resunet_pooled_seed2026,pooled,intervention,2026,1120,na,palu,Palu0578,0.5,0,40,31,16313,74.60846232199438,0.0,0.0
E1,q2_x3_resunet_pooled_seed2026,pooled,intervention,2026,1120,na,palu,Palu0579,0.5,7,9,90,16278,65.9633618066718,0.32565789473643075,0.4017857142852551
E1,q2_x3_resunet_pooled_seed2026,pooled,intervention,2026,1120,na,palu,Palu0580,0.5,100,134,144,16006,24.38699549138013,0.624425198182729,0.7437356024629773
E1,q2_x3_resunet_pooled_seed2026,pooled,intervention,2026,1120,na,palu,Palu0581,0.5,67,27,120,16170,42.62034262780457,0.7330960854087882,0.7724137931029741
E1,q2_x3_resunet_pooled_seed2026,pooled,intervention,2026,1120,na,palu,Palu0582,0.5,0,2075,18,14291,62.93647591023825,0.0,0.0
E1,q2_x3_resunet_pooled_seed2026,pooled,intervention,2026,1120,na,palu,Palu0583,0.5,0,694,43,15647,70.43873801665113,0.0,0.0
E1,q2_x3_resunet_pooled_seed2026,pooled,intervention,2026,1120,na,palu,Palu0584,0.5,0,1497,69,14818,108.28639664683544,0.0,0.0
E1,q2_x3_resunet_pooled_seed2026,pooled,intervention,2026,1120,na,palu,Palu0585,0.5,0,3,58,16323,108.58233776103499,0.0,0.0
E1,q2_x3_resunet_pooled_seed2026,pooled,intervention,2026,1120,na,palu,Palu0586,0.5,3,4416,60,11905,88.12916379380616,0.03208868144674092,0.0583269378355356
E1,q2_x3_resunet_pooled_seed2026,pooled,intervention,2026,1120,na,palu,Palu0587,0.5,0,3262,38,13084,84.16887743101134,0.0,0.0
E1,q2_x3_resunet_pooled_seed2026,pooled,intervention,2026,1120,na,palu,Palu0591,0.5,0,103,217,16064,89.88848059672505,0.0,0.0
E1,q2_x3_resunet_pooled_seed2026,pooled,intervention,2026,1120,na,palu,Palu0592,0.5,29,1094,619,14642,94.37134098160602,0.05633802816875711,0.10388611004204783
E1,q2_x3_resunet_pooled_seed2026,pooled,intervention,2026,1120,na,palu,Palu0593,0.5,0,251,431,15702,70.0178344238091,0.0,0.0
E1,q2_x3_resunet_pooled_seed2026,pooled,intervention,2026,1120,na,palu,Palu0594,0.5,0,1131,208,15045,62.405918806538494,0.0,0.0
E1,q2_x3_resunet_pooled_seed2026,pooled,intervention,2026,1120,na,palu,Palu0595,0.5,16,590,217,15561,43.52003734792988,0.1111988627384056,0.15520203979774932
E1,q2_x3_resunet_pooled_seed2026,pooled,intervention,2026,1120,na,palu,Palu0596,0.5,0,0,26,16358,181.01933598375618,0.0,0.0
E1,q2_x3_resunet_pooled_seed2026,pooled,intervention,2026,1120,na,palu,Palu0598,0.5,0,5,30,16349,112.08499126260307,0.0,0.0
E1,q2_x3_resunet_pooled_seed2026,pooled,intervention,2026,1120,na,palu,Palu0599,0.5,19,127,33,16205,60.77769901369191,0.5531344284272653,0.6895522388054738
E1,q2_x3_resunet_pooled_seed2026,pooled,intervention,2026,1120,na,palu,Palu0600,0.5,14,74,77,16219,55.33985444321148,0.30534351144995747,0.35910224438859284
E1,q2_x3_resunet_pooled_seed2026,pooled,intervention,2026,1120,na,palu,Palu0601,0.5,34,526,79,15745,48.340879861183524,0.22641509433918386,0.3091426538593591
E1,q2_x3_resunet_pooled_seed2026,pooled,intervention,2026,1120,na,palu,Palu0602,0.5,6,71,85,16222,77.11197066690141,0.15884476534252162,0.1672025723468556
E1,q2_x3_resunet_pooled_seed2026,pooled,intervention,2026,1120,na,palu,Palu0603,0.5,0,147,47,16190,68.17945378203157,0.0,0.0
E1,q2_x3_resunet_pooled_seed2026,pooled,intervention,2026,1120,na,palu,Palu0607,0.5,0,154,49,16181,114.19101552726133,0.0,0.0
E1,q2_x3_resunet_pooled_seed2026,pooled,intervention,2026,1120,na,palu,Palu0608,0.5,0,0,100,16284,181.01933598375618,0.0,0.0
E1,q2_x3_resunet_pooled_seed2026,pooled,intervention,2026,1120,na,palu,Palu0609,0.5,9,10,100,16265,65.9399951161538,0.256529309343875,0.31549917264168836
E1,q2_x3_resunet_pooled_seed2026,pooled,intervention,2026,1120,na,palu,Palu0610,0.5,0,0,87,16297,181.01933598375618,0.0,0.0
E1,q2_x3_resunet_pooled_seed2026,pooled,intervention,2026,1120,na,palu,Palu0611,0.5,0,3,42,16339,144.9600624130447,0.0,0.0
E1,q2_x3_resunet_pooled_seed2026,pooled,intervention,2026,1120,na,palu,Palu0613,0.5,0,164,34,16186,109.69192777226574,0.0,0.0
E1,q2_x3_resunet_pooled_seed2026,pooled,intervention,2026,1120,na,palu,Palu0614,0.5,0,196,25,16163,97.55482670022619,0.0,0.0
E1,q2_x3_resunet_pooled_seed2026,pooled,intervention,2026,1120,na,palu,Palu0615,0.5,0,464,65,15855,50.00099189050823,0.0,0.0
E1,q2_x3_resunet_pooled_seed2026,pooled,intervention,2026,1120,na,palu,Palu0616,0.5,0,4,110,16270,80.44122523063467,0.0,0.0
E1,q2_x3_resunet_pooled_seed2026,pooled,intervention,2026,1120,na,palu,Palu0617,0.5,20,363,44,15957,60.597018930359,0.20079165167281135,0.2893030794160423
E1,q2_x3_resunet_pooled_seed2026,pooled,intervention,2026,1120,na,palu,Palu0618,0.5,0,37,20,16327,68.72958080497185,0.0,0.0
E1,q2_x3_resunet_pooled_seed2026,pooled,intervention,2026,1120,na,palu,Palu0619,0.5,0,44,63,16277,57.31142896791343,0.0,0.06399999999955916
E1,q2_x3_resunet_pooled_seed2026,pooled,intervention,2026,1120,na,palu,Palu0620,0.5,2,192,126,16064,58.71737188537647,0.05813953488341806,0.05913978494595167
E1,q2_x3_resunet_pooled_seed2026,pooled,intervention,2026,1120,na,palu,Palu0621,0.5,64,1296,103,14921,32.48510389980464,0.22387110451510642,0.39257294429658873
E1,q2_x3_resunet_pooled_seed2026,pooled,intervention,2026,1120,na,palu,Palu0622,0.5,29,443,106,15806,46.04833924525295,0.23794712286115657,0.2662993572080221
E1,q2_x3_resunet_pooled_seed2026,pooled,intervention,2026,1120,na,palu,Palu0623,0.5,17,388,141,15838,37.90696243320818,0.10389610389573549,0.10805047094332894
E1,q2_x3_resunet_pooled_seed2026,pooled,intervention,2026,1120,na,palu,Palu0624,0.5,16,111,174,16083,66.85842378431161,0.1590909090904752,0.20496894409894606
E1,q2_x3_resunet_pooled_seed2026,pooled,intervention,2026,1120,na,palu,Palu0625,0.5,0,348,66,15970,57.558151795051046,0.0,0.0
E1,q2_x3_resunet_pooled_seed2026,pooled,intervention,2026,1120,na,palu,Palu0630,0.5,0,27,37,16320,70.18200895402131,0.0,0.0
E1,q2_x3_resunet_pooled_seed2026,pooled,intervention,2026,1120,na,palu,Palu0631,0.5,9,39,103,16233,59.91349108897224,0.13846153846129988,0.14484272128731285
E1,q2_x3_resunet_pooled_seed2026,pooled,intervention,2026,1120,na,palu,Palu0632,0.5,7,206,85,16086,54.76794547778418,0.14996849401336274,0.23788546255458404
E1,q2_x3_resunet_pooled_seed2026,pooled,intervention,2026,1120,na,palu,Palu0633,0.5,3,853,19,15509,42.77742180812616,0.07125890736315606,0.0902934537242866
E1,q2_x3_resunet_pooled_seed2026,pooled,intervention,2026,1120,na,palu,Palu0634,0.5,0,922,15,15447,55.593698778062155,0.0,0.0
E1,q2_x3_resunet_pooled_seed2026,pooled,intervention,2026,1120,na,palu,Palu0635,0.5,3,1028,41,15312,22.87187686830806,0.0669536107121621,0.13399503722045134
E1,q2_x3_resunet_pooled_seed2026,pooled,intervention,2026,1120,na,palu,Palu0636,0.5,0,150,34,16200,57.40729376456803,0.0,0.0
E1,q2_x3_resunet_pooled_seed2026,pooled,intervention,2026,1120,na,palu,Palu0638,0.5,0,149,28,16207,76.99538950437366,0.0,0.0
E1,q2_x3_resunet_pooled_seed2026,pooled,intervention,2026,1120,na,palu,Palu0639,0.5,4,502,35,15843,41.99919091492103,0.10465116279036,0.12147677649823588
E1,q2_x3_resunet_pooled_seed2026,pooled,intervention,2026,1120,na,palu,Palu0640,0.5,0,590,20,15774,60.69423636831234,0.0,0.0
E1,q2_x3_resunet_pooled_seed2026,pooled,intervention,2026,1120,na,palu,Palu0641,0.5,78,52,413,15841,56.01068996974091,0.24335558634555055,0.32350463352953296
E1,q2_x3_resunet_pooled_seed2026,pooled,intervention,2026,1120,na,palu,Palu0642,0.5,327,608,334,15115,55.97318225248593,0.3838626832672766,0.5360060505632828
E1,q2_x3_resunet_pooled_seed2026,pooled,intervention,2026,1120,na,palu,Palu0643,0.5,105,954,190,15135,23.021728866442675,0.3824316672667173,0.5398219627735475
E1,q2_x3_resunet_pooled_seed2026,pooled,intervention,2026,1120,na,palu,Palu0644,0.5,5,112,123,16144,81.29922504371395,0.07231404958631929,0.07231404958631929
E1,q2_x3_resunet_pooled_seed2026,pooled,intervention,2026,1120,na,palu,Palu0645,0.5,6,104,115,16159,66.00694421039718,0.12170385395487807,0.13761467889860585
E1,q2_x3_resunet_pooled_seed2026,pooled,intervention,2026,1120,na,palu,Palu0646,0.5,75,754,185,15370,54.268253591290694,0.2727481090987449,0.3713527851453974
E1,q2_x3_resunet_pooled_seed2026,pooled,intervention,2026,1120,na,palu,Palu0647,0.5,15,889,130,15350,39.147592656143374,0.07875605815808442,0.08185538881291317
E1,q2_x3_resunet_pooled_seed2026,pooled,intervention,2026,1120,na,palu,Palu0652,0.5,26,453,226,15679,47.96290531402443,0.1837935717514456,0.2086925287352012
E1,q2_x3_resunet_pooled_seed2026,pooled,intervention,2026,1120,na,palu,Palu0653,0.5,144,79,403,15758,27.586228448267445,0.59495351925589,0.685714285713835
E1,q2_x3_resunet_pooled_seed2026,pooled,intervention,2026,1120,na,palu,Palu0654,0.5,118,128,269,15869,24.494971938998436,0.6126004456744845,0.7148863393425098
E1,q2_x3_resunet_pooled_seed2026,pooled,intervention,2026,1120,na,palu,Palu0655,0.5,0,110,88,16186,61.25881844393889,0.0,0.0
E1,q2_x3_resunet_pooled_seed2026,pooled,intervention,2026,1120,na,palu,Palu0656,0.5,0,530,17,15837,44.82186966202994,0.0,0.0
E1,q2_x3_resunet_pooled_seed2026,pooled,intervention,2026,1120,na,palu,Palu0660,0.5,52,15,496,15821,70.64343903651516,0.23383084577092272,0.3205741626791566
E1,q2_x3_resunet_pooled_seed2026,pooled,intervention,2026,1120,na,palu,Palu0661,0.5,302,1019,401,14662,52.249336305844295,0.423620025673442,0.5482735869799269
E1,q2_x3_resunet_pooled_seed2026,pooled,intervention,2026,1120,na,palu,Palu0662,0.5,154,651,148,15431,56.53839173535222,0.4202162877946888,0.5982622537635124
E1,q2_x3_resunet_pooled_seed2026,pooled,intervention,2026,1120,na,palu,Palu0663,0.5,9,635,171,15569,52.47450109773042,0.06345921710597927,0.08209399167131284
E1,q2_x3_resunet_pooled_seed2026,pooled,intervention,2026,1120,na,palu,Palu0664,0.5,9,761,194,15420,63.60542040312641,0.005063291138758532,0.04283801874120195
E1,q2_x3_resunet_pooled_seed2026,pooled,intervention,2026,1120,na,palu,Palu0665,0.5,79,1783,238,14284,36.52322515078859,0.1980755162900883,0.2931875277075113
E1,q2_x3_resunet_pooled_seed2026,pooled,intervention,2026,1120,na,palu,Palu0666,0.5,67,760,95,15462,40.21144268815194,0.32912404092026987,0.4517923362170788
E1,q2_x3_resunet_pooled_seed2026,pooled,intervention,2026,1120,na,palu,Palu0673,0.5,49,615,219,15501,40.73562584500698,0.24674451011435747,0.26530612244851265
E1,q2_x3_resunet_pooled_seed2026,pooled,intervention,2026,1120,na,palu,Palu0674,0.5,225,238,442,15479,22.951412945913685,0.664145678830586,0.7332371573726696
E1,q2_x3_resunet_pooled_seed2026,pooled,intervention,2026,1120,na,palu,Palu0675,0.5,204,394,308,15478,18.649776653422247,0.6612954199377141,0.7910979744409694
E1,q2_x3_resunet_pooled_seed2026,pooled,intervention,2026,1120,na,palu,Palu0676,0.5,0,0,102,16282,181.01933598375618,0.0,0.0
E1,q2_x3_resunet_pooled_seed2026,pooled,intervention,2026,1120,na,palu,Palu0678,0.5,0,124,24,16236,36.76955262170047,0.0,0.0
E1,q2_x3_resunet_pooled_seed2026,pooled,intervention,2026,1120,na,palu,Palu0679,0.5,0,196,16,16172,82.46047900598369,0.0,0.0
E1,q2_x3_resunet_pooled_seed2026,pooled,intervention,2026,1120,na,palu,Palu0681,0.5,0,616,19,15749,97.73024043941533,0.0,0.0
E1,q2_x3_resunet_pooled_seed2026,pooled,intervention,2026,1120,na,palu,Palu0682,0.5,0,59,26,16299,92.99228399667085,0.0,0.0
E1,q2_x3_resunet_pooled_seed2026,pooled,intervention,2026,1120,na,palu,Palu0683,0.5,0,284,215,15885,77.08436199025542,0.0,0.0
E1,q2_x3_resunet_pooled_seed2026,pooled,intervention,2026,1120,na,palu,Palu0684,0.5,153,138,273,15820,67.67569726275453,0.6022641509429584,0.7311428270851286
E1,q2_x3_resunet_pooled_seed2026,pooled,intervention,2026,1120,na,palu,Palu0685,0.5,33,66,269,16016,65.24870211332332,0.2808811959083893,0.3089738001837022
E1,q2_x3_resunet_pooled_seed2026,pooled,intervention,2026,1120,na,palu,Palu0686,0.5,0,20,189,16175,63.620737231315424,0.0,0.0
E1,q2_x3_resunet_pooled_seed2026,pooled,intervention,2026,1120,na,palu,Palu0687,0.5,39,206,191,15948,57.46476406890951,0.2906727715821758,0.3715817694365588
E1,q2_x3_resunet_pooled_seed2026,pooled,intervention,2026,1120,na,palu,Palu0688,0.5,1,22,359,16002,70.74814170665556,0.025316455695812205,0.03203661327186475
E1,q2_x3_resunet_pooled_seed2026,pooled,intervention,2026,1120,na,palu,Palu0689,0.5,154,215,184,15831,38.854802948059,0.5069923636024332,0.7098686716455149
E1,q2_x3_resunet_pooled_seed2026,pooled,intervention,2026,1120,na,palu,Palu0690,0.5,13,528,152,15691,68.263009498541,0.07371007370968383,0.1012658227844422
E1,q2_x3_resunet_pooled_seed2026,pooled,intervention,2026,1120,na,palu,Palu0691,0.5,10,203,55,16116,50.67785249939703,0.19565217391256715,0.2741935483866014
E1,q2_x3_resunet_pooled_seed2026,pooled,intervention,2026,1120,na,palu,Palu0692,0.5,0,134,18,16232,70.13907222868879,0.0,0.0
E1,q2_x3_resunet_pooled_seed2026,pooled,intervention,2026,1120,na,palu,Palu0693,0.5,0,27,29,16328,50.78916597973965,0.0,0.0
E1,q2_x3_resunet_pooled_seed2026,pooled,intervention,2026,1120,na,palu,Palu0694,0.5,0,36,45,16303,30.73745784648395,0.05095541401232991,0.056338028168680804
E1,q2_x3_resunet_pooled_seed2026,pooled,intervention,2026,1120,na,palu,Palu0695,0.5,0,27,37,16320,64.75140346112217,0.0,0.0
E1,q2_x3_resunet_pooled_seed2026,pooled,intervention,2026,1120,na,palu,Palu0699,0.5,16,98,61,16209,35.496434087455064,0.26283240568906674,0.26698882512788197
E1,q2_x3_resunet_pooled_seed2026,pooled,intervention,2026,1120,na,palu,Palu0700,0.5,25,226,168,15965,34.741887653992606,0.2356110263082067,0.27758332065085356
E1,q2_x3_resunet_pooled_seed2026,pooled,intervention,2026,1120,na,palu,Palu0701,0.5,23,186,151,16024,44.71160829626735,0.2504268639721847,0.4358604785236331
E1,q2_x3_resunet_pooled_seed2026,pooled,intervention,2026,1120,na,palu,Palu0702,0.5,0,36,52,16296,78.32884095905759,0.0,0.0
E1,q2_x3_resunet_pooled_seed2026,pooled,intervention,2026,1120,na,palu,Palu0704,0.5,0,2,20,16362,43.3410281379198,0.0,0.0
E1,q2_x3_resunet_pooled_seed2026,pooled,intervention,2026,1120,na,palu,Palu0706,0.5,7,1131,17,15229,108.72486767399964,0.03088152723185097,0.031021493463295476
E1,q2_x3_resunet_pooled_seed2026,pooled,intervention,2026,1120,na,palu,Palu0707,0.5,12,95,49,16228,47.61505030818818,0.19718309859109306,0.23333333333297557
E1,q2_x3_resunet_pooled_seed2026,pooled,intervention,2026,1120,na,palu,Palu0708,0.5,19,84,137,16144,83.48652585896721,0.17213114754054426,0.3551324503307597
E1,q2_x3_resunet_pooled_seed2026,pooled,intervention,2026,1120,na,palu,Palu0709,0.5,114,127,460,15683,65.04868092049091,0.29511655948518833,0.3664604224446999
E1,q2_x3_resunet_pooled_seed2026,pooled,intervention,2026,1120,na,palu,Palu0710,0.5,363,727,270,15024,14.986606874731848,0.5628759667712019,0.7273943666329225
E1,q2_x3_resunet_pooled_seed2026,pooled,intervention,2026,1120,na,palu,Palu0711,0.5,52,110,184,16038,61.19817452268343,0.3551714524667913,0.41185877721690783
E1,q2_x3_resunet_pooled_seed2026,pooled,intervention,2026,1120,na,palu,Palu0712,0.5,2,28,138,16216,96.81294426624537,0.09696969696943986,0.21077844311333072
E1,q2_x3_resunet_pooled_seed2026,pooled,intervention,2026,1120,na,palu,Palu0713,0.5,49,351,162,15822,51.11682769693533,0.40853175650656354,0.5410322325484612
E1,q2_x3_resunet_pooled_seed2026,pooled,intervention,2026,1120,na,palu,Palu0714,0.5,34,12,249,16089,78.83393017786456,0.2566081420024666,0.33224755700298025
E1,q2_x3_resunet_pooled_seed2026,pooled,intervention,2026,1120,na,palu,Palu0715,0.5,117,778,87,15402,30.41114346122465,0.25815441783602927,0.4780596402830614
E1,q2_x3_resunet_pooled_seed2026,pooled,intervention,2026,1120,na,palu,Palu0716,0.5,12,447,162,15763,53.73496815938752,0.105143799607799,0.15778225560193468
E1,q2_x3_resunet_pooled_seed2026,pooled,intervention,2026,1120,na,palu,Palu0717,0.5,33,77,93,16181,52.36218883370234,0.27001643578261747,0.3693147362033799
E1,q2_x3_resunet_pooled_seed2026,pooled,intervention,2026,1120,na,palu,Palu0719,0.5,0,597,33,15754,48.5298160727242,0.0,0.0
E1,q2_x3_resunet_pooled_seed2026,pooled,intervention,2026,1120,na,palu,Palu0720,0.5,46,66,29,16243,31.76476034853718,0.6081081081076125,0.6081081081076125
E1,q2_x3_resunet_pooled_seed2026,pooled,intervention,2026,1120,na,palu,Palu0721,0.5,20,42,47,16275,44.304519142317126,0.40756914119310533,0.40756914119310533
E1,q2_x3_resunet_pooled_seed2026,pooled,intervention,2026,1120,na,palu,Palu0722,0.5,10,11,62,16301,42.097399752768276,0.3058823529409173,0.36363636363606605
E1,q2_x3_resunet_pooled_seed2026,pooled,intervention,2026,1120,na,palu,Palu0725,0.5,0,788,32,15564,66.75752107844815,0.0,0.0
E1,q2_x3_resunet_pooled_seed2026,pooled,intervention,2026,1120,na,palu,Palu0726,0.5,20,182,214,15968,45.02776612896422,0.2087634778614229,0.28768237782673395
E1,q2_x3_resunet_pooled_seed2026,pooled,intervention,2026,1120,na,palu,Palu0727,0.5,13,81,215,16075,45.782071696952805,0.17469879518038667,0.18014574124920826
E1,q2_x3_resunet_pooled_seed2026,pooled,intervention,2026,1120,na,palu,Palu0728,0.5,3,71,41,16269,54.120236510939236,0.08768267223334013,0.0996677740859443
E1,q2_x3_resunet_pooled_seed2026,pooled,intervention,2026,1120,na,palu,Palu0729,0.5,17,132,9,16226,36.262063502608186,0.264900662251232,0.4438040345816693
E1,q2_x3_resunet_pooled_seed2026,pooled,intervention,2026,1120,na,palu,Palu0730,0.5,17,2201,6,14160,125.59936183457887,0.02769535113746032,0.0374015748031129
E1,q2_x3_resunet_pooled_seed2026,pooled,intervention,2026,1120,na,palu,Palu0731,0.5,64,1901,10,14409,33.600385456272925,0.2310866574962893,0.3087226396599613
E1,q2_x3_resunet_pooled_seed2026,pooled,intervention,2026,1120,na,palu,Palu0732,0.5,34,265,154,15931,29.649252702153543,0.19478798586527565,0.2592654146580182
E1,q2_x3_resunet_pooled_seed2026,pooled,intervention,2026,1120,na,palu,Palu0733,0.5,59,74,342,15909,43.57334928109068,0.3845079081201028,0.48953529620390623
E1,q2_x3_resunet_pooled_seed2026,pooled,intervention,2026,1120,na,palu,Palu0734,0.5,85,234,253,15812,65.52402794526644,0.2753164556957212,0.3145737855173892
E1,q2_x3_resunet_pooled_seed2026,pooled,intervention,2026,1120,na,palu,Palu0735,0.5,51,815,38,15480,40.024992192379,0.1984877126651203,0.21638330757310978
E1,q2_x3_resunet_pooled_seed2026,pooled,intervention,2026,1120,na,palu,Palu0736,0.5,7,67,48,16262,39.52587026240183,0.19427580225454216,0.20176140912687537
E1,q2_x3_resunet_pooled_seed2026,pooled,intervention,2026,1120,na,palu,Palu0737,0.5,0,1886,88,14410,51.81502627079399,0.0,0.0
E1,q2_x3_resunet_pooled_seed2026,pooled,intervention,2026,1120,na,palu,Palu0738,0.5,9,63,95,16217,56.79991104591616,0.1495750708211155,0.1495750708211155
E1,q2_x3_resunet_pooled_seed2026,pooled,intervention,2026,1120,na,palu,Palu0739,0.5,4,246,71,16063,57.467350960401234,0.0640652300520756,0.0640652300520756
E1,q2_x3_resunet_pooled_seed2026,pooled,intervention,2026,1120,na,palu,Palu0740,0.5,13,529,82,15760,50.36464059680786,0.10672210672164475,0.18661257606441098
E1,q2_x3_resunet_pooled_seed2026,pooled,intervention,2026,1120,na,palu,Palu0741,0.5,12,310,64,15998,34.48187929913333,0.19683655535982256,0.27807486630966755
E1,q2_x3_resunet_pooled_seed2026,pooled,intervention,2026,1120,na,palu,Palu0742,0.5,13,323,8,16040,55.30901777926547,0.2883799830361788,0.2883799830361788
E1,q2_x3_resunet_pooled_seed2026,pooled,intervention,2026,1120,na,palu,Palu0743,0.5,52,44,24,16264,27.71350615608206,0.8215158924200512,0.8275862068960665
E1,q2_x3_resunet_pooled_seed2026,pooled,intervention,2026,1120,na,palu,Palu0744,0.5,18,213,45,16108,61.04579378790241,0.2904737116081547,0.292831723436329
E1,q2_x3_resunet_pooled_seed2026,pooled,intervention,2026,1120,na,palu,Palu0745,0.5,0,0,45,16339,181.01933598375618,0.0,0.0
E1,q2_x3_resunet_pooled_seed2026,pooled,intervention,2026,1120,na,palu,Palu0750,0.5,2,136,50,16196,66.42483822100716,0.06703910614475965,0.10657193605634128
E1,q2_x3_resunet_pooled_seed2026,pooled,intervention,2026,1120,na,palu,Palu0751,0.5,69,333,189,15793,27.292931497187595,0.37824016044073144,0.541656076856139
E1,q2_x3_resunet_pooled_seed2026,pooled,intervention,2026,1120,na,palu,Palu0752,0.5,6,6,227,16145,39.71409182298378,0.21248706450479674,0.3306683722414696
E1,q2_x3_resunet_pooled_seed2026,pooled,intervention,2026,1120,na,palu,Palu0753,0.5,0,52,45,16287,71.58491227870762,0.0,0.0
E1,q2_x3_resunet_pooled_seed2026,pooled,intervention,2026,1120,na,palu,Palu0754,0.5,0,137,26,16221,64.71780918897439,0.0,0.0
E1,q2_x3_resunet_pooled_seed2026,pooled,intervention,2026,1120,na,palu,Palu0755,0.5,11,156,21,16196,104.77116457257682,0.21686746987923763,0.2449567723340098
E1,q2_x3_resunet_pooled_seed2026,pooled,intervention,2026,1120,na,palu,Palu0756,0.5,12,71,46,16255,93.23972587321487,0.25396825396778233,0.3030303030298196
E1,q2_x3_resunet_pooled_seed2026,pooled,intervention,2026,1120,na,palu,Palu0757,0.5,19,493,22,15850,28.635642126552707,0.1500627352568533,0.275081869603656
E1,q2_x3_resunet_pooled_seed2026,pooled,intervention,2026,1120,na,palu,Palu0758,0.5,1,256,39,16088,56.58886698472267,0.101265822784432,0.18650088809907625
E1,q2_x3_resunet_pooled_seed2026,pooled,intervention,2026,1120,na,palu,Palu0759,0.5,0,116,48,16220,70.3294885677329,0.0,0.0
E1,q2_x3_resunet_pooled_seed2026,pooled,intervention,2026,1120,na,palu,Palu0760,0.5,0,134,23,16227,51.07635927645206,0.0,0.0
E1,q2_x3_resunet_pooled_seed2026,pooled,intervention,2026,1120,na,palu,Palu0761,0.5,0,75,21,16288,83.00783077888481,0.0,0.0
E1,q2_x3_resunet_pooled_seed2026,pooled,intervention,2026,1120,na,palu,Palu0762,0.5,0,45,31,16308,32.50285485075629,0.0,0.0
E1,q2_x3_resunet_pooled_seed2026,pooled,intervention,2026,1120,na,palu,Palu0763,0.5,6,97,66,16215,22.64816985819253,0.1626694473404864,0.24164889836481632
E1,q2_x3_resunet_pooled_seed2026,pooled,intervention,2026,1120,na,palu,Palu0764,0.5,0,400,68,15916,45.41031353467277,0.0,0.0
E1,q2_x3_resunet_pooled_seed2026,pooled,intervention,2026,1120,na,palu,Palu0772,0.5,0,420,41,15923,49.678969393496885,0.0,0.0
E1,q2_x3_resunet_pooled_seed2026,pooled,intervention,2026,1120,na,palu,Palu0773,0.5,0,35,92,16257,66.04732882876826,0.019801980197857467,0.021174205967225607
E1,q2_x3_resunet_pooled_seed2026,pooled,intervention,2026,1120,na,palu,Palu0774,0.5,6,37,68,16273,43.69220662363037,0.1923076923072818,0.1923076923072818
E1,q2_x3_resunet_pooled_seed2026,pooled,intervention,2026,1120,na,palu,Palu0776,0.5,0,38,20,16326,55.164299312742,0.0,0.0
E1,q2_x3_resunet_pooled_seed2026,pooled,intervention,2026,1120,na,palu,Palu0777,0.5,0,813,20,15551,46.63313997477132,0.059016393442500405,0.05999999999990501
E1,q2_x3_resunet_pooled_seed2026,pooled,intervention,2026,1120,na,palu,Palu0782,0.5,0,89,26,16269,52.77452000393211,0.0,0.0
E1,q2_x3_resunet_pooled_seed2026,pooled,intervention,2026,1120,na,palu,Palu0783,0.5,0,33,24,16327,103.51089223069292,0.0,0.0
E1,q2_x3_resunet_pooled_seed2026,pooled,intervention,2026,1120,na,palu,Palu0784,0.5,0,70,45,16269,89.4225415069199,0.0,0.0
E1,q2_x3_resunet_pooled_seed2026,pooled,intervention,2026,1120,na,palu,Palu0785,0.5,9,150,119,16106,34.05436572900651,0.10928961748589805,0.12694748990156185
E1,q2_x3_resunet_pooled_seed2026,pooled,intervention,2026,1120,na,palu,Palu0786,0.5,4,251,153,15976,33.95895050963084,0.06892230576391124,0.11812031449940864
E1,q2_x3_resunet_pooled_seed2026,pooled,intervention,2026,1120,na,palu,Palu0787,0.5,4,273,61,16046,80.38060251569017,0.07328990227977124,0.12890995260626753
E1,q2_x3_resunet_pooled_seed2026,pooled,intervention,2026,1120,na,palu,Palu0792,0.5,0,45,37,16302,60.82433687879438,0.0,0.0
E1,q2_x3_resunet_pooled_seed2026,pooled,intervention,2026,1120,na,palu,Palu0793,0.5,10,814,105,15455,57.534158552915464,0.029186935371286804,0.07433725061442213
E1,q2_x3_resunet_pooled_seed2026,pooled,intervention,2026,1120,na,palu,Palu0794,0.5,4,42,165,16173,71.06335201775947,0.0873882820253582,0.10126582278432367
E1,q2_x3_resunet_pooled_seed2026,pooled,intervention,2026,1120,na,palu,Palu0795,0.5,0,3105,82,13197,43.08816723178284,0.0,0.06266432953513716
E1,q2_x3_resunet_pooled_seed2026,pooled,intervention,2026,1120,na,palu,Palu0797,0.5,0,35,20,16329,113.39637487884907,0.0,0.0
E1,q2_x3_resunet_pooled_seed2026,pooled,intervention,2026,1120,na,palu,Palu0798,0.5,0,3072,20,13292,73.41083012862238,0.0,0.0
E1,q2_x3_resunet_pooled_seed2026,pooled,intervention,2026,1120,na,palu,Palu0802,0.5,0,1416,22,14946,71.394908504275,0.0,0.0
E1,q2_x3_resunet_pooled_seed2026,pooled,intervention,2026,1120,na,palu,Palu0803,0.5,0,0,62,16322,181.01933598375618,0.0,0.0
E1,q2_x3_resunet_pooled_seed2026,pooled,intervention,2026,1120,na,palu,Palu0804,0.5,6,246,61,16071,45.71383119921987,0.09483282674736249,0.09483282674736249
E1,q2_x3_resunet_pooled_seed2026,pooled,intervention,2026,1120,na,palu,Palu0805,0.5,9,56,28,16291,70.45592585632173,0.2990654205602487,0.2990654205602487
E1,q2_x3_resunet_pooled_seed2026,pooled,intervention,2026,1120,na,palu,Palu0806,0.5,0,1050,17,15317,70.80295424100348,0.0,0.0
E1,q2_x3_resunet_pooled_seed2026,pooled,intervention,2026,1120,na,palu,Palu0807,0.5,29,333,85,15937,57.02479483467204,0.17674536043389602,0.2519496100776045
E1,q2_x3_resunet_pooled_seed2026,pooled,intervention,2026,1120,na,palu,Palu0808,0.5,20,46,154,16164,38.59911612565372,0.37135278514541287,0.4295942720758771
E1,q2_x3_resunet_pooled_seed2026,pooled,intervention,2026,1120,na,palu,Palu0809,0.5,31,64,131,16158,36.68310180082196,0.48833087149140614,0.5643564356430726
E1,q2_x3_resunet_pooled_seed2026,pooled,intervention,2026,1120,na,palu,Palu0810,0.5,0,268,95,16021,58.82176467941097,0.0,0.0
E1,q2_x3_resunet_pooled_seed2026,pooled,intervention,2026,1120,na,palu,Palu0814,0.5,0,755,27,15602,49.576079636900694,0.0,0.0
E1,q2_x3_resunet_pooled_seed2026,pooled,intervention,2026,1120,na,palu,Palu0815,0.5,38,24,66,16256,54.56879230809496,0.6255924170611573,0.6692781197533184
E1,q2_x3_resunet_pooled_seed2026,pooled,intervention,2026,1120,na,palu,Palu0816,0.5,8,4,269,16103,116.05815448661592,0.15862068965502638,0.20202020202002038
E1,q2_x3_resunet_pooled_seed2026,pooled,intervention,2026,1120,na,palu,Palu0817,0.5,9,66,302,16007,73.65321951200386,0.07466666666636303,0.08311688311655388
E1,q2_x3_resunet_pooled_seed2026,pooled,intervention,2026,1120,na,palu,Palu0818,0.5,0,1221,146,15017,42.746342171294835,0.0,0.0
E1,q2_x3_resunet_pooled_seed2026,pooled,intervention,2026,1120,na,palu,Palu0819,0.5,0,100,69,16215,90.44103553629651,0.0,0.0
E1,q2_x3_resunet_pooled_seed2026,pooled,intervention,2026,1120,na,palu,Palu0820,0.5,2,570,71,15741,78.43022262296569,0.04410143329614555,0.04660194174716656
E1,q2_x3_resunet_pooled_seed2026,pooled,intervention,2026,1120,na,palu,Palu0827,0.5,0,1434,20,14930,91.84275413342309,0.0,0.0
E1,q2_x3_resunet_pooled_seed2026,pooled,intervention,2026,1120,na,palu,Palu0828,0.5,0,61,51,16272,58.0,0.0,0.0
E1,q2_x3_resunet_pooled_seed2026,pooled,intervention,2026,1120,na,palu,Palu0829,0.5,43,700,15,15626,43.38346282326758,0.2703962703958891,0.33545899451246697
E1,q2_x3_resunet_pooled_seed2026,pooled,intervention,2026,1120,na,palu,Palu0830,0.5,8,40,56,16280,88.39202444974038,0.20370370370322838,0.20370370370322838
E1,q2_x3_resunet_pooled_seed2026,pooled,intervention,2026,1120,na,palu,Palu0831,0.5,80,95,95,16114,46.356563699596556,0.5281719245070087,0.5744680851058838
E1,q2_x3_resunet_pooled_seed2026,pooled,intervention,2026,1120,na,palu,Palu0832,0.5,132,437,155,15660,42.0,0.432941176470103,0.5026784930178706
E1,q2_x3_resunet_pooled_seed2026,pooled,intervention,2026,1120,na,palu,Palu0833,0.5,38,26,173,16147,39.031562203248996,0.398660626353797,0.4654300168630186
E1,q2_x3_resunet_pooled_seed2026,pooled,intervention,2026,1120,na,palu,Palu0834,0.5,24,83,47,16230,62.12399729288556,0.5761576354674947,0.6818816953884619
E1,q2_x3_resunet_pooled_seed2026,pooled,intervention,2026,1120,na,palu,Palu0837,0.5,0,65,23,16296,60.34028043724609,0.0,0.0
E1,q2_x3_resunet_pooled_seed2026,pooled,intervention,2026,1120,na,palu,Palu0838,0.5,0,53,25,16306,77.27221108790047,0.0,0.0
E1,q2_x3_resunet_pooled_seed2026,pooled,intervention,2026,1120,na,palu,Palu0839,0.5,5,11,94,16274,62.77610769273437,0.32659409020179125,0.41018387552996927
E1,q2_x3_resunet_pooled_seed2026,pooled,intervention,2026,1120,na,palu,Palu0840,0.5,13,119,177,16075,68.85490154483777,0.19858712715806284,0.3060278207104752
E1,q2_x3_resunet_pooled_seed2026,pooled,intervention,2026,1120,na,palu,Palu0841,0.5,0,399,236,15749,75.33242436364597,0.0,0.01239157372947051
E1,q2_x3_resunet_pooled_seed2026,pooled,intervention,2026,1120,na,palu,Palu0842,0.5,0,2616,179,13589,55.51381163784066,0.0031496062988077425,0.016024418160508213
E1,q2_x3_resunet_pooled_seed2026,pooled,intervention,2026,1120,na,palu,Palu0843,0.5,1,1083,188,15112,49.484699713822984,0.01717045251278501,0.017910447761076514
E1,q2_x3_resunet_pooled_seed2026,pooled,intervention,2026,1120,na,palu,Palu0844,0.5,3,6,210,16165,38.63935817272331,0.2753036437244589,0.36153846153816527
E1,q2_x3_resunet_pooled_seed2026,pooled,intervention,2026,1120,na,palu,Palu0845,0.5,21,2,139,16222,95.64887010961068,0.30523028883656317,0.3883566691227257
E1,q2_x3_resunet_pooled_seed2026,pooled,intervention,2026,1120,na,palu,Palu0846,0.5,30,67,60,16227,63.05790430361191,0.4577656675744448,0.48695652173865794
E1,q2_x3_resunet_pooled_seed2026,pooled,intervention,2026,1120,na,palu,Palu0847,0.5,0,83,54,16247,71.54793194555329,0.0,0.0
E1,q2_x3_resunet_pooled_seed2026,pooled,intervention,2026,1120,na,palu,Palu0848,0.5,0,344,54,15986,81.16584371343403,0.0,0.0
E1,q2_x3_resunet_pooled_seed2026,pooled,intervention,2026,1120,na,palu,Palu0849,0.5,0,724,54,15606,59.33438012679993,0.0,0.0
E1,q2_x3_resunet_pooled_seed2026,pooled,intervention,2026,1120,na,palu,Palu0850,0.5,33,2126,112,14113,58.76570586343516,0.13162118780062,0.20615491352362045
E1,q2_x3_resunet_pooled_seed2026,pooled,intervention,2026,1120,na,palu,Palu0851,0.5,27,1495,64,14798,88.07099184845052,0.09403160506708264,0.13834802213548028
E1,q2_x3_resunet_pooled_seed2026,pooled,intervention,2026,1120,na,palu,Palu0852,0.5,0,803,341,15240,118.9625932111255,0.0,0.0
E1,q2_x3_resunet_pooled_seed2026,pooled,intervention,2026,1120,na,palu,Palu0853,0.5,92,196,527,15569,48.91896198823856,0.2706436931074602,0.3530090367232214
E1,q2_x3_resunet_pooled_seed2026,pooled,intervention,2026,1120,na,palu,Palu0854,0.5,106,4,361,15913,55.23696326528455,0.29568363918284457,0.41736159951728674
E1,q2_x3_resunet_pooled_seed2026,pooled,intervention,2026,1120,na,palu,Palu0855,0.5,279,636,50,15419,48.80778394218797,0.5189199311784704,0.7800879024963051
E1,q2_x3_resunet_pooled_seed2026,pooled,intervention,2026,1120,na,palu,Palu0856,0.5,86,24,134,16140,48.83441327863533,0.6264150943391924,0.6315789473679888
E1,q2_x3_resunet_pooled_seed2026,pooled,intervention,2026,1120,na,palu,Palu0857,0.5,36,79,135,16134,63.5531259204807,0.2985902472840975,0.3629134590978634
E1,q2_x3_resunet_pooled_seed2026,pooled,intervention,2026,1120,na,palu,Palu0858,0.5,17,446,76,15845,51.16341823870518,0.12796208530758385,0.2109090909085924
E1,q2_x3_resunet_pooled_seed2026,pooled,intervention,2026,1120,na,palu,Palu0862,0.5,0,34,33,16317,85.5307120267761,0.0,0.0
E1,q2_x3_resunet_pooled_seed2026,pooled,intervention,2026,1120,na,palu,Palu0863,0.5,0,17,100,16267,83.9609750251325,0.0,0.0
E1,q2_x3_resunet_pooled_seed2026,pooled,intervention,2026,1120,na,palu,Palu0864,0.5,0,448,96,15840,59.14798854288162,0.0,0.0
E1,q2_x3_resunet_pooled_seed2026,pooled,intervention,2026,1120,na,palu,Palu0865,0.5,0,621,117,15646,60.57844828079281,0.0,0.016652789341715154
E1,q2_x3_resunet_pooled_seed2026,pooled,intervention,2026,1120,na,palu,Palu0866,0.5,0,2960,251,13173,42.985841389147765,0.0,0.0025062656637621587
E1,q2_x3_resunet_pooled_seed2026,pooled,intervention,2026,1120,na,palu,Palu0867,0.5,54,1715,243,14372,50.11086684661228,0.139782157675987,0.15868035063949795
E1,q2_x3_resunet_pooled_seed2026,pooled,intervention,2026,1120,na,palu,Palu0868,0.5,19,11,283,16071,40.34991129379598,0.2668476919276392,0.3791779584458873
E1,q2_x3_resunet_pooled_seed2026,pooled,intervention,2026,1120,na,palu,Palu0869,0.5,46,54,214,16070,40.711973696649764,0.41993975547763146,0.5183872396982154
E1,q2_x3_resunet_pooled_seed2026,pooled,intervention,2026,1120,na,palu,Palu0870,0.5,20,141,148,16075,60.80416829480538,0.16363976783324133,0.18832275050285596
E1,q2_x3_resunet_pooled_seed2026,pooled,intervention,2026,1120,na,palu,Palu0871,0.5,0,108,121,16155,65.23802031623298,0.0,0.0
E1,q2_x3_resunet_pooled_seed2026,pooled,intervention,2026,1120,na,palu,Palu0872,0.5,0,279,51,16054,69.01192923090842,0.0,0.0
E1,q2_x3_resunet_pooled_seed2026,pooled,intervention,2026,1120,na,palu,Palu0873,0.5,17,1536,124,14707,52.49761899362675,0.11624859603099019,0.15247626756888455
E1,q2_x3_resunet_pooled_seed2026,pooled,intervention,2026,1120,na,palu,Palu0874,0.5,38,345,223,15778,39.080033102790445,0.2636077057788366,0.35517529215308974
E1,q2_x3_resunet_pooled_seed2026,pooled,intervention,2026,1120,na,palu,Palu0875,0.5,44,1930,76,14334,53.35352329253727,0.12563659189402837,0.19244012695941104
E1,q2_x3_resunet_pooled_seed2026,pooled,intervention,2026,1120,na,palu,Palu0876,0.5,0,203,601,15580,87.0723877140165,0.0,0.0
E1,q2_x3_resunet_pooled_seed2026,pooled,intervention,2026,1120,na,palu,Palu0877,0.5,622,61,302,15399,74.52234664550203,0.6950772436675812,0.8140602457040488
E1,q2_x3_resunet_pooled_seed2026,pooled,intervention,2026,1120,na,palu,Palu0878,0.5,187,34,505,15658,39.21773172695694,0.4282620061240332,0.5196068598932602
E1,q2_x3_resunet_pooled_seed2026,pooled,intervention,2026,1120,na,palu,Palu0879,0.5,291,377,338,15378,20.505803091229723,0.6456614410176078,0.7085860197888408
E1,q2_x3_resunet_pooled_seed2026,pooled,intervention,2026,1120,na,palu,Palu0880,0.5,94,165,263,15862,30.463092423455635,0.47241240434908943,0.5856709328402687
E1,q2_x3_resunet_pooled_seed2026,pooled,intervention,2026,1120,na,palu,Palu0881,0.5,217,310,199,15658,45.95616075575141,0.6223701014984717,0.7535609864500553
E1,q2_x3_resunet_pooled_seed2026,pooled,intervention,2026,1120,na,palu,Palu0882,0.5,11,233,310,15830,43.11138900406519,0.10248447204923433,0.1054642720667916
E1,q2_x3_resunet_pooled_seed2026,pooled,intervention,2026,1120,na,palu,Palu0887,0.5,5,193,22,16164,70.49961743088289,0.12578616352156402,0.177304964538508
E1,q2_x3_resunet_pooled_seed2026,pooled,intervention,2026,1120,na,palu,Palu0888,0.5,8,580,141,15655,66.46803743153546,0.07559055118065756,0.08382126348189436
E1,q2_x3_resunet_pooled_seed2026,pooled,intervention,2026,1120,na,palu,Palu0889,0.5,10,23,460,15891,54.62966178184392,0.09007832898153516,0.15135135135106056
E1,q2_x3_resunet_pooled_seed2026,pooled,intervention,2026,1120,na,palu,Palu0890,0.5,29,18,457,15880,46.22769732530488,0.2118959107804797,0.2973451327431097
E1,q2_x3_resunet_pooled_seed2026,pooled,intervention,2026,1120,na,palu,Palu0891,0.5,2,3792,293,12297,40.311288741492746,0.010035122929806975,0.03323836657123086
E1,q2_x3_resunet_pooled_seed2026,pooled,intervention,2026,1120,na,palu,Palu0892,0.5,49,458,239,15638,49.3858560780663,0.21589205397255712,0.24301336573470744
E1,q2_x3_resunet_pooled_seed2026,pooled,intervention,2026,1120,na,palu,Palu0893,0.5,20,287,257,15820,31.144674048073334,0.1454378243442475,0.2039237106827555
E1,q2_x3_resunet_pooled_seed2026,pooled,intervention,2026,1120,na,palu,Palu0894,0.5,16,219,169,15980,44.95827341398304,0.11663118050580734,0.12653389659985556
E1,q2_x3_resunet_pooled_seed2026,pooled,intervention,2026,1120,na,palu,Palu0895,0.5,6,2,108,16268,89.32371773060193,0.23230088495552195,0.33264462809886564
E1,q2_x3_resunet_pooled_seed2026,pooled,intervention,2026,1120,na,palu,Palu0896,0.5,9,6,70,16299,75.64181676763602,0.39583333333301585,0.49019607843100244
E1,q2_x3_resunet_pooled_seed2026,pooled,intervention,2026,1120,na,palu,Palu0898,0.5,35,1733,102,14514,46.972165367406966,0.1858544140418893,0.2460937499995343
E1,q2_x3_resunet_pooled_seed2026,pooled,intervention,2026,1120,na,palu,Palu0899,0.5,30,32,152,16170,71.30321938114326,0.34360788276869764,0.3640196767389123
E1,q2_x3_resunet_pooled_seed2026,pooled,intervention,2026,1120,na,palu,Palu0900,0.5,0,1370,45,14969,61.36158975024782,0.02336448598112394,0.04949381327310566
E1,q2_x3_resunet_pooled_seed2026,pooled,intervention,2026,1120,na,palu,Palu0901,0.5,0,703,273,15408,82.26815424899956,0.0,0.020325203251689867
E1,q2_x3_resunet_pooled_seed2026,pooled,intervention,2026,1120,na,palu,Palu0902,0.5,1,402,414,15567,51.28913130788177,0.03265306122407476,0.07393715341913229
E1,q2_x3_resunet_pooled_seed2026,pooled,intervention,2026,1120,na,palu,Palu0903,0.5,97,170,314,15803,42.44643600122384,0.4846958543196111,0.5864077669898767
E1,q2_x3_resunet_pooled_seed2026,pooled,intervention,2026,1120,na,palu,Palu0904,0.5,180,236,740,15228,46.69047011971501,0.6100292189839985,0.7108199902955118
E1,q2_x3_resunet_pooled_seed2026,pooled,intervention,2026,1120,na,palu,Palu0905,0.5,178,310,781,15115,38.431689552056305,0.5023144093873119,0.5942919022627335
E1,q2_x3_resunet_pooled_seed2026,pooled,intervention,2026,1120,na,palu,Palu0906,0.5,63,308,493,15520,28.929984591670358,0.32575757575709663,0.373669688608101
E1,q2_x3_resunet_pooled_seed2026,pooled,intervention,2026,1120,na,palu,Palu0907,0.5,1,1778,247,14358,46.21820549296287,0.024999999999562348,0.0322797579013293
E1,q2_x3_resunet_pooled_seed2026,pooled,intervention,2026,1120,na,palu,Palu0911,0.5,0,676,25,15683,60.94258709738968,0.0,0.0
E1,q2_x3_resunet_pooled_seed2026,pooled,intervention,2026,1120,na,palu,Palu0912,0.5,0,29,41,16314,111.16204388189342,0.0,0.0
E1,q2_x3_resunet_pooled_seed2026,pooled,intervention,2026,1120,na,palu,Palu0913,0.5,0,52,142,16190,108.95393025510137,0.0,0.0
E1,q2_x3_resunet_pooled_seed2026,pooled,intervention,2026,1120,na,palu,Palu0914,0.5,31,523,445,15385,38.51295164015018,0.13230429988924663,0.16935872457161272
E1,q2_x3_resunet_pooled_seed2026,pooled,intervention,2026,1120,na,palu,Palu0915,0.5,29,541,460,15354,54.23449472054025,0.11108523028007875,0.1341402545540911
E1,q2_x3_resunet_pooled_seed2026,pooled,intervention,2026,1120,na,palu,Palu0916,0.5,0,90,148,16146,69.0047098976239,0.0,0.0
E1,q2_x3_resunet_pooled_seed2026,pooled,intervention,2026,1120,na,palu,Palu0917,0.5,0,26,111,16247,40.826306815876634,0.0,0.040404040403541674
E1,q2_x3_resunet_pooled_seed2026,pooled,intervention,2026,1120,na,palu,Palu0918,0.5,7,171,108,16098,37.01958658374164,0.11009174311877115,0.15091210613549624
E1,q2_x3_resunet_pooled_seed2026,pooled,intervention,2026,1120,na,palu,Palu0919,0.5,7,557,51,15769,47.37007781107587,0.1065592119988071,0.11038107752930798
E1,q2_x3_resunet_pooled_seed2026,pooled,intervention,2026,1120,na,palu,Palu0920,0.5,0,175,65,16144,69.34570623905856,0.0,0.0
E1,q2_x3_resunet_pooled_seed2026,pooled,intervention,2026,1120,na,palu,Palu0921,0.5,21,23,49,16291,56.40740486888503,0.5120213713264031,0.5393258426962353
E1,q2_x3_resunet_pooled_seed2026,pooled,intervention,2026,1120,na,palu,Palu0922,0.5,25,369,390,15600,58.289857390097396,0.171919770773144,0.18329416791234732
E1,q2_x3_resunet_pooled_seed2026,pooled,intervention,2026,1120,na,palu,Palu0923,0.5,16,574,402,15392,80.52639265003691,0.10091743119222621,0.11656441717757864
E1,q2_x3_resunet_pooled_seed2026,pooled,intervention,2026,1120,na,palu,Palu0924,0.5,28,1040,73,15243,57.82109144986671,0.1485714285710822,0.15730337078615628
E1,q2_x3_resunet_pooled_seed2026,pooled,intervention,2026,1120,na,palu,Palu0925,0.5,20,122,70,16172,44.12932168575553,0.3144008794425413,0.3284397405253114
E1,q2_x3_resunet_pooled_seed2026,pooled,intervention,2026,1120,na,palu,Palu0926,0.5,0,806,33,15545,67.82471275779318,0.0,0.0
E1,q2_x3_resunet_pooled_seed2026,pooled,intervention,2026,1120,na,palu,Palu0928,0.5,4,72,223,16085,56.70359753444642,0.09208231600940778,0.09836065573732992
E1,q2_x3_resunet_pooled_seed2026,pooled,intervention,2026,1120,na,palu,Palu0929,0.5,214,385,147,15638,57.28001396647874,0.5053272092936374,0.6934446479528257
E1,q2_x3_resunet_pooled_seed2026,pooled,intervention,2026,1120,na,palu,Palu0930,0.5,39,244,833,15268,51.15657649862099,0.17408771342443907,0.21276595744639293
E1,q2_x3_resunet_pooled_seed2026,pooled,intervention,2026,1120,na,palu,Palu0931,0.5,637,572,792,14383,33.10877072984513,0.48553895331869634,0.5885165555958912
E1,q2_x3_resunet_pooled_seed2026,pooled,intervention,2026,1120,na,palu,Palu0932,0.5,203,286,557,15338,20.9518375782069,0.4480267804673495,0.5290321235306948
E1,q2_x3_resunet_pooled_seed2026,pooled,intervention,2026,1120,na,palu,Palu0933,0.5,6,618,53,15707,94.71740624518407,0.07462686567129842,0.07462686567129842
E1,q2_x3_resunet_pooled_seed2026,pooled,intervention,2026,1120,na,palu,Palu0937,0.5,15,892,42,15435,82.30113407413162,0.1135908058263423,0.11808792614920581
E1,q2_x3_resunet_pooled_seed2026,pooled,intervention,2026,1120,na,palu,Palu0938,0.5,207,1673,283,14221,48.6907358977088,0.2765437636668861,0.4278843667575305
E1,q2_x3_resunet_pooled_seed2026,pooled,intervention,2026,1120,na,palu,Palu0939,0.5,1559,310,1414,13101,25.071885167172013,0.47015491279335486,0.6239039385994325
E1,q2_x3_resunet_pooled_seed2026,pooled,intervention,2026,1120,na,palu,Palu0940,0.5,1588,841,1251,12704,27.825321002177443,0.25403886677543225,0.45471106900773445
E1,q2_x3_resunet_pooled_seed2026,pooled,intervention,2026,1120,na,palu,Palu0941,0.5,9,268,316,15791,67.76945603379704,0.10501514641485322,0.12705488994099198
E1,q2_x3_resunet_pooled_seed2026,pooled,intervention,2026,1120,na,palu,Palu0942,0.5,21,45,40,16278,74.63243262818116,0.5175202156329233,0.5253731343278586
E1,q2_x3_resunet_pooled_seed2026,pooled,intervention,2026,1120,na,palu,Palu0943,0.5,0,2804,35,13545,88.10107594528101,0.0,0.0
E1,q2_x3_resunet_pooled_seed2026,pooled,intervention,2026,1120,na,palu,Palu0945,0.5,21,233,140,15990,106.95230072470045,0.09263157894687561,0.1263157894732042
E1,q2_x3_resunet_pooled_seed2026,pooled,intervention,2026,1120,na,palu,Palu0946,0.5,186,106,257,15835,37.01603732874647,0.7023436903575803,0.8019801980193215
E1,q2_x3_resunet_pooled_seed2026,pooled,intervention,2026,1120,na,palu,Palu0947,0.5,230,306,681,15167,40.580139122028726,0.4871662360029972,0.5388930690612811
E1,q2_x3_resunet_pooled_seed2026,pooled,intervention,2026,1120,na,palu,Palu0948,0.5,385,395,832,14772,17.19441800738098,0.5709669494096713,0.671999097308174
E1,q2_x3_resunet_pooled_seed2026,pooled,intervention,2026,1120,na,palu,Palu0949,0.5,128,740,551,14965,29.13759951567429,0.2845802175988202,0.3405940887278071
E1,q2_x3_resunet_pooled_seed2026,pooled,intervention,2026,1120,na,palu,Palu0950,0.5,6,626,87,15665,42.07584948062149,0.07291423229686565,0.11709455228510504
E1,q2_x3_resunet_pooled_seed2026,pooled,intervention,2026,1120,na,palu,Palu0952,0.5,13,76,27,16268,50.561788925073,0.40473061760795687,0.4605166051656172
E1,q2_x3_resunet_pooled_seed2026,pooled,intervention,2026,1120,na,palu,Palu0953,0.5,199,263,483,15439,22.007950440940835,0.46270792344794065,0.5740560007692892
E1,q2_x3_resunet_pooled_seed2026,pooled,intervention,2026,1120,na,palu,Palu0954,0.5,604,45,2240,13495,33.28900205901376,0.5735900962856367,0.687031056384951
E1,q2_x3_resunet_pooled_seed2026,pooled,intervention,2026,1120,na,palu,Palu0955,0.5,181,95,2316,13792,41.87745134855416,0.38794031135618867,0.518950136646824
E1,q2_x3_resunet_pooled_seed2026,pooled,intervention,2026,1120,na,palu,Palu0956,0.5,0,722,336,15326,67.57971210459796,0.0,0.0
E1,q2_x3_resunet_pooled_seed2026,pooled,intervention,2026,1120,na,palu,Palu0957,0.5,6,104,61,16213,50.98856834360848,0.12857142857106454,0.1429120245867538
E1,q2_x3_resunet_pooled_seed2026,pooled,intervention,2026,1120,na,palu,Palu0958,0.5,0,755,26,15603,63.22495218577553,0.0,0.0
E1,q2_x3_resunet_pooled_seed2026,pooled,intervention,2026,1120,na,palu,Palu0959,0.5,0,452,33,15899,89.1234949652982,0.0,0.0
E1,q2_x3_resunet_pooled_seed2026,pooled,intervention,2026,1120,na,palu,Palu0960,0.5,112,103,494,15675,65.41479623061053,0.4122385086092067,0.4915662650597639
E1,q2_x3_resunet_pooled_seed2026,pooled,intervention,2026,1120,na,palu,Palu0961,0.5,505,395,527,14957,24.438658759666183,0.6543011490721224,0.7693331913075732
E1,q2_x3_resunet_pooled_seed2026,pooled,intervention,2026,1120,na,palu,Palu0962,0.5,410,317,649,15008,14.422205101855956,0.6970462853481021,0.7521742591337137
E1,q2_x3_resunet_pooled_seed2026,pooled,intervention,2026,1120,na,palu,Palu0963,0.5,220,248,562,15354,20.09975124224178,0.6069253600083416,0.6622974029225384
E1,q2_x3_resunet_pooled_seed2026,pooled,intervention,2026,1120,na,palu,Palu0964,0.5,38,73,177,16096,31.969235482647516,0.4494106090368861,0.514171697533601
E1,q2_x3_resunet_pooled_seed2026,pooled,intervention,2026,1120,na,palu,Palu0965,0.5,0,252,34,16098,74.69403440961663,0.0,0.0
E1,q2_x3_resunet_pooled_seed2026,pooled,intervention,2026,1120,na,palu,Palu0967,0.5,176,221,227,15760,45.12419959461425,0.5130554283091852,0.5581079858908091
E1,q2_x3_resunet_pooled_seed2026,pooled,intervention,2026,1120,na,palu,Palu0968,0.5,236,814,346,14988,41.42146683308147,0.3872600446870783,0.5448931038078098
E1,q2_x3_resunet_pooled_seed2026,pooled,intervention,2026,1120,na,palu,Palu0969,0.5,53,2488,183,13660,37.830138191404814,0.16574585635310582,0.2540473225399807
E1,q2_x3_resunet_pooled_seed2026,pooled,intervention,2026,1120,na,palu,Palu0970,0.5,18,534,51,15781,43.331704551366165,0.12255617157823899,0.29393233803543384
E1,q2_x3_resunet_pooled_seed2026,pooled,intervention,2026,1120,na,palu,Palu0971,0.5,4,276,98,16006,49.33558553417604,0.06959578207337887,0.09909909909860315
E1,q2_x3_resunet_pooled_seed2026,pooled,intervention,2026,1120,na,palu,Palu0972,0.5,23,313,142,15906,33.94701549814864,0.18871339256286307,0.23833051618727275
E1,q2_x3_resunet_pooled_seed2026,pooled,intervention,2026,1120,na,palu,Palu0973,0.5,7,1552,157,14668,48.15540384727476,0.027428571428361966,0.03544072253327759
E1,q2_x3_resunet_pooled_seed2026,pooled,intervention,2026,1120,na,palu,Palu0974,0.5,295,663,625,14801,55.19823706653606,0.42572229555889723,0.5038031114272192
E1,q2_x3_resunet_pooled_seed2026,pooled,intervention,2026,1120,na,palu,Palu0975,0.5,634,463,535,14752,21.534664440300162,0.747469968442132,0.8452219467697021
E1,q2_x3_resunet_pooled_seed2026,pooled,intervention,2026,1120,na,palu,Palu0976,0.5,183,355,524,15322,31.435258110377703,0.46529903862987365,0.5713597958737318
E1,q2_x3_resunet_pooled_seed2026,pooled,intervention,2026,1120,na,palu,Palu0977,0.5,110,93,354,15827,48.52935134375211,0.42350927392536375,0.4511041796627751
E1,q2_x3_resunet_pooled_seed2026,pooled,intervention,2026,1120,na,palu,Palu0978,0.5,0,211,89,16084,67.0085063671644,0.0,0.0
E1,q2_x3_resunet_pooled_seed2026,pooled,intervention,2026,1120,na,palu,Palu0980,0.5,0,166,141,16077,91.96738552334735,0.0,0.0
E1,q2_x3_resunet_pooled_seed2026,pooled,intervention,2026,1120,na,palu,Palu0981,0.5,138,2829,158,13259,38.67808167375769,0.1323645080335436,0.2656476479109816
E1,q2_x3_resunet_pooled_seed2026,pooled,intervention,2026,1120,na,palu,Palu0982,0.5,29,3015,131,13209,47.417296140918275,0.11738148984157178,0.18591972929742875
E1,q2_x3_resunet_pooled_seed2026,pooled,intervention,2026,1120,na,palu,Palu0984,0.5,13,391,154,15826,67.80265170431633,0.09126466753535636,0.11278195488674521
E1,q2_x3_resunet_pooled_seed2026,pooled,intervention,2026,1120,na,palu,Palu0985,0.5,55,194,296,15839,35.24196650269269,0.2797297297293013,0.33852140077776227
E1,q2_x3_resunet_pooled_seed2026,pooled,intervention,2026,1120,na,palu,Palu0986,0.5,67,559,289,15469,31.176540315644427,0.22859100251151135,0.29577048210541884
E1,q2_x3_resunet_pooled_seed2026,pooled,intervention,2026,1120,na,palu,Palu0987,0.5,91,245,458,15590,33.78788687809514,0.32262387135834514,0.346876785660084
E1,q2_x3_resunet_pooled_seed2026,pooled,intervention,2026,1120,na,palu,Palu0988,0.5,179,209,331,15665,31.32718713824936,0.6225763787854003,0.7066246056777575
E1,q2_x3_resunet_pooled_seed2026,pooled,intervention,2026,1120,na,palu,Palu0989,0.5,71,49,169,16095,56.79652834870004,0.5523809523805415,0.5872937872933671
E1,q2_x3_resunet_pooled_seed2026,pooled,intervention,2026,1120,na,palu,Palu0990,0.5,8,1,125,16250,55.38945009837141,0.24999999999978123,0.3311258278142932
E1,q2_x3_resunet_pooled_seed2026,pooled,intervention,2026,1120,na,palu,Palu0991,0.5,0,902,30,15452,62.81417824248068,0.0,0.0
E1,q2_x3_resunet_pooled_seed2026,pooled,intervention,2026,1120,na,palu,Palu0993,0.5,0,1049,19,15316,89.81425210397653,0.0,0.0
E1,q2_x3_resunet_pooled_seed2026,pooled,intervention,2026,1120,na,palu,Palu0994,0.5,21,9,215,16139,63.94124922637033,0.2421673982137953,0.268216361197793
E1,q2_x3_resunet_pooled_seed2026,pooled,intervention,2026,1120,na,palu,Palu0995,0.5,153,462,377,15392,33.24154027718932,0.48883346559299995,0.5956954128752638
E1,q2_x3_resunet_pooled_seed2026,pooled,intervention,2026,1120,na,palu,Palu0996,0.5,160,665,538,15021,27.876507698545193,0.4059930695010749,0.500195239954167
E1,q2_x3_resunet_pooled_seed2026,pooled,intervention,2026,1120,na,palu,Palu0997,0.5,256,272,308,15548,21.935130129557134,0.6269256742493158,0.7151470977996854
E1,q2_x3_resunet_pooled_seed2026,pooled,intervention,2026,1120,na,palu,Palu0998,0.5,140,85,131,16028,26.5746701743219,0.8204157029535208,0.8590308370039152
E1,q2_x3_resunet_pooled_seed2026,pooled,intervention,2026,1120,na,palu,Palu0999,0.5,56,65,79,16184,55.36797498904521,0.6055690727218839,0.6484018264835357
E1,q2_x3_resunet_pooled_seed2026,pooled,intervention,2026,1120,na,palu,Palu1000,0.5,12,25,47,16300,54.16675430586224,0.39835969537157084,0.5162454873641948
E1,q2_x3_resunet_pooled_seed2026,pooled,intervention,2026,1120,na,palu,Palu1001,0.5,1,221,18,16144,74.37465210018703,0.0510638297868666,0.09554831704633752
E1,q2_x3_resunet_pooled_seed2026,pooled,intervention,2026,1120,na,palu,Palu1004,0.5,5,1973,13,14393,100.19081454572078,0.060606060605895316,0.060606060605895316
E1,q2_x3_resunet_pooled_seed2026,pooled,intervention,2026,1120,na,palu,Palu1005,0.5,0,925,61,15398,68.84037560562986,0.0,0.0
E1,q2_x3_resunet_pooled_seed2026,pooled,intervention,2026,1120,na,palu,Palu1006,0.5,67,124,362,15831,58.60715541048437,0.38051935876967874,0.48861935890329
E1,q2_x3_resunet_pooled_seed2026,pooled,intervention,2026,1120,na,palu,Palu1007,0.5,317,401,957,14709,17.59509094249596,0.5209686946244764,0.6302308090313251
E1,q2_x3_resunet_pooled_seed2026,pooled,intervention,2026,1120,na,palu,Palu1008,0.5,469,576,815,14524,18.027756377319946,0.6021575500660947,0.7158824856291237
E1,q2_x3_resunet_pooled_seed2026,pooled,intervention,2026,1120,na,palu,Palu1009,0.5,294,1442,286,14362,32.42216695190212,0.4063938342502683,0.5481020734528358
E1,q2_x3_resunet_pooled_seed2026,pooled,intervention,2026,1120,na,palu,Palu1010,0.5,92,98,150,16044,51.23184772653986,0.6433314886547465,0.7084348355658946
E1,q2_x3_resunet_pooled_seed2026,pooled,intervention,2026,1120,na,palu,Palu1011,0.5,12,158,56,16158,57.93814586892404,0.22583778533218607,0.3222480877946564
E1,q2_x3_resunet_pooled_seed2026,pooled,intervention,2026,1120,na,palu,Palu1012,0.5,2,43,42,16297,68.7822037878855,0.09756097560934893,0.17069701280190203
E1,q2_x3_resunet_pooled_seed2026,pooled,intervention,2026,1120,na,palu,Palu1013,0.5,1,251,18,16114,45.3126412427282,0.04624277456613118,0.08320950965792952
E1,q2_x3_resunet_pooled_seed2026,pooled,intervention,2026,1120,na,palu,Palu1016,0.5,6,171,13,16194,52.527009265032994,0.17248459958892537,0.17248459958892537
E1,q2_x3_resunet_pooled_seed2026,pooled,intervention,2026,1120,na,palu,Palu1017,0.5,10,988,62,15324,32.60364831341421,0.10536929669730764,0.16499999999950213
E1,q2_x3_resunet_pooled_seed2026,pooled,intervention,2026,1120,na,palu,Palu1018,0.5,179,315,327,15563,28.24926940069744,0.4997059169504749,0.6275132477564862
E1,q2_x3_resunet_pooled_seed2026,pooled,intervention,2026,1120,na,palu,Palu1019,0.5,718,587,940,14139,15.811388300841896,0.6658923755770979,0.8044893372289965
E1,q2_x3_resunet_pooled_seed2026,pooled,intervention,2026,1120,na,palu,Palu1020,0.5,575,411,953,14445,19.1049731745428,0.5981912339765556,0.7132882588729268
E1,q2_x3_resunet_pooled_seed2026,pooled,intervention,2026,1120,na,palu,Palu1021,0.5,111,77,316,15880,31.760419049908432,0.4862824062416883,0.533045977011029
E1,q2_x3_resunet_pooled_seed2026,pooled,intervention,2026,1120,na,palu,Palu1022,0.5,33,442,103,15806,49.97963094641099,0.19772318753698914,0.3401869158873583
E1,q2_x3_resunet_pooled_seed2026,pooled,intervention,2026,1120,na,palu,Palu1023,0.5,4,440,20,15920,37.93942766381317,0.08695652173895872,0.14050420168041272
E1,q2_x3_resunet_pooled_seed2026,pooled,intervention,2026,1120,na,palu,Palu1028,0.5,0,1593,59,14732,65.48735162840921,0.0,0.0
E1,q2_x3_resunet_pooled_seed2026,pooled,intervention,2026,1120,na,palu,Palu1029,0.5,80,38,285,15981,37.42724329642173,0.3891334250340323,0.461744452945286
E1,q2_x3_resunet_pooled_seed2026,pooled,intervention,2026,1120,na,palu,Palu1030,0.5,325,160,832,15067,42.47228612346125,0.5584862154374937,0.6507704274386298
E1,q2_x3_resunet_pooled_seed2026,pooled,intervention,2026,1120,na,palu,Palu1031,0.5,314,144,973,14953,25.651488493055666,0.5810172341315651,0.7195967233769809
E1,q2_x3_resunet_pooled_seed2026,pooled,intervention,2026,1120,na,palu,Palu1032,0.5,27,308,447,15602,59.033888572581766,0.1492524377027493,0.16274864376090503
E1,q2_x3_resunet_pooled_seed2026,pooled,intervention,2026,1120,na,palu,Palu1033,0.5,0,24,38,16322,67.53288333243366,0.07947019867507303,0.07947019867507303
E1,q2_x3_resunet_pooled_seed2026,pooled,intervention,2026,1120,na,palu,Palu1034,0.5,0,360,19,16005,56.23254520486564,0.0,0.0
E1,q2_x3_resunet_pooled_seed2026,pooled,intervention,2026,1120,na,palu,Palu1035,0.5,0,626,22,15736,80.03368253692892,0.0,0.0
E1,q2_x3_resunet_pooled_seed2026,pooled,intervention,2026,1120,na,palu,Palu1037,0.5,0,38,49,16297,82.37420509147708,0.0,0.0
E1,q2_x3_resunet_pooled_seed2026,pooled,intervention,2026,1120,na,palu,Palu1038,0.5,8,1,233,16142,65.97350834229213,0.22222222222202467,0.29181494661896784
E1,q2_x3_resunet_pooled_seed2026,pooled,intervention,2026,1120,na,palu,Palu1039,0.5,60,221,536,15567,59.97832024225277,0.2654386841497954,0.3476361094115686
E1,q2_x3_resunet_pooled_seed2026,pooled,intervention,2026,1120,na,palu,Palu1040,0.5,216,179,616,15373,61.69074417337778,0.35362710718628637,0.4402951289044123
E1,q2_x3_resunet_pooled_seed2026,pooled,intervention,2026,1120,na,palu,Palu1041,0.5,15,147,437,15785,54.4407918548492,0.13028458628022144,0.14397120575842828
E1,q2_x3_resunet_pooled_seed2026,pooled,intervention,2026,1120,na,palu,Palu1042,0.5,0,1771,26,14587,45.26863826984103,0.0,0.0
E1,q2_x3_resunet_pooled_seed2026,pooled,intervention,2026,1120,na,palu,Palu1045,0.5,0,329,39,16016,56.00892785976178,0.0,0.0
E1,q2_x3_resunet_pooled_seed2026,pooled,intervention,2026,1120,na,palu,Palu1046,0.5,0,784,51,15549,44.9221548904324,0.0061633281970921525,0.04725339633766435
E1,q2_x3_resunet_pooled_seed2026,pooled,intervention,2026,1120,na,palu,Palu1047,0.5,2,378,28,15976,47.01063709417264,0.019704433497400083,0.019704433497400083
E1,q2_x3_resunet_pooled_seed2026,pooled,intervention,2026,1120,na,palu,Palu1049,0.5,0,0,20,16364,181.01933598375618,0.0,0.0
E1,q2_x3_resunet_pooled_seed2026,pooled,intervention,2026,1120,na,palu,Palu1050,0.5,7,18,92,16267,73.80888973742537,0.21484992101085681,0.21621621621602338
E1,q2_x3_resunet_pooled_seed2026,pooled,intervention,2026,1120,na,palu,Palu1051,0.5,29,174,195,15986,70.94926746526146,0.2568297576782519,0.34418872740703704
E1,q2_x3_resunet_pooled_seed2026,pooled,intervention,2026,1120,na,palu,Palu1052,0.5,154,367,323,15540,43.97868523440438,0.371056920962177,0.5410190487315708
E1,q2_x3_resunet_pooled_seed2026,pooled,intervention,2026,1120,na,palu,Palu1053,0.5,45,90,306,15943,75.15582373756001,0.3106267029968763,0.350953596635703
E1,q2_x3_resunet_pooled_seed2026,pooled,intervention,2026,1120,na,palu,Palu1054,0.5,0,775,21,15588,70.00857062708975,0.0,0.0
E1,q2_x3_resunet_pooled_seed2026,pooled,intervention,2026,1120,na,palu,Palu1056,0.5,18,26,8,16332,32.51308740244138,0.7367636092463307,0.7558139534878723
E1,q2_x3_resunet_pooled_seed2026,pooled,intervention,2026,1120,na,palu,Palu1057,0.5,4,1026,46,15308,33.24522304647945,0.051641460715491375,0.10572687224651392
E1,q2_x3_resunet_pooled_seed2026,pooled,intervention,2026,1120,na,palu,Palu1058,0.5,0,80,32,16272,42.944149523700034,0.0,0.0
E1,q2_x3_resunet_pooled_seed2026,pooled,intervention,2026,1120,na,palu,Palu1059,0.5,3,476,14,15891,62.4242144612647,0.05963085660185336,0.13196229648644894
E1,q2_x3_resunet_pooled_seed2026,pooled,intervention,2026,1120,na,palu,Palu1060,0.5,2,170,20,16192,26.557644162231657,0.10105263157864548,0.22206200432542883
E1,q2_x3_resunet_pooled_seed2026,pooled,intervention,2026,1120,na,palu,Palu1062,0.5,0,8,100,16276,77.35980901149952,0.0,0.0
E1,q2_x3_resunet_pooled_seed2026,pooled,intervention,2026,1120,na,palu,Palu1063,0.5,91,250,161,15882,45.65084884205331,0.5009759271302855,0.6150709697267973
E1,q2_x3_resunet_pooled_seed2026,pooled,intervention,2026,1120,na,palu,Palu1064,0.5,30,333,127,15894,68.29273825730796,0.1957630237077296,0.22652958031311754
E1,q2_x3_resunet_pooled_seed2026,pooled,intervention,2026,1120,na,palu,Palu1069,0.5,0,468,26,15890,72.13216827433335,0.00687285223359162,0.007029876977108249
E1,q2_x3_resunet_pooled_seed2026,pooled,intervention,2026,1120,na,palu,Palu1070,0.5,0,287,42,16055,60.40486701927229,0.0,0.016129032257616548
E1,q2_x3_resunet_pooled_seed2026,pooled,intervention,2026,1120,na,palu,Palu1071,0.5,3,593,54,15734,60.8374852465653,0.0404916847429011,0.06028985507197369
E1,q2_x3_resunet_pooled_seed2026,pooled,intervention,2026,1120,na,palu,Palu1072,0.5,24,708,79,15573,50.960632371551995,0.1825095057029918,0.2537045074085272
E1,q2_x3_resunet_pooled_seed2026,pooled,intervention,2026,1120,na,palu,Palu1073,0.5,1,28,67,16288,75.43766690790076,0.06557377049130984,0.06557377049130984
E1,q2_x3_resunet_pooled_seed2026,pooled,intervention,2026,1120,na,palu,Palu1074,0.5,0,2373,24,13987,57.7708944695111,0.0,0.0
E1,q2_x3_resunet_pooled_seed2026,pooled,intervention,2026,1120,na,palu,Palu1075,0.5,22,89,6,16267,44.07649343758741,0.6610169491520839,0.6718346253225355
E1,q2_x3_resunet_pooled_seed2026,pooled,intervention,2026,1120,na,palu,Palu1076,0.5,20,489,10,15865,36.70760048475509,0.2685297691370407,0.2685297691370407
E1,q2_x3_resunet_pooled_seed2026,pooled,intervention,2026,1120,na,palu,Palu1078,0.5,0,138,20,16226,93.45135300455827,0.0,0.0
E1,q2_x3_resunet_pooled_seed2026,pooled,intervention,2026,1120,na,palu,Palu1079,0.5,6,1,19,16358,75.48338614859456,0.5714285714281633,0.6486486486482104
E1,q2_x3_resunet_pooled_seed2026,pooled,intervention,2026,1120,na,palu,Palu1080,0.5,0,463,25,15896,108.38078740242042,0.0,0.0
E1,q2_x3_resunet_pooled_seed2026,pooled,intervention,2026,1120,na,palu,Palu1081,0.5,30,171,39,16144,53.46584168226408,0.4289693593309817,0.518739635157047
E1,q2_x3_resunet_pooled_seed2026,pooled,intervention,2026,1120,na,palu,Palu1082,0.5,22,574,57,15731,32.490230439104906,0.22898717212284705,0.26367605513179887
E1,q2_x3_resunet_pooled_seed2026,pooled,intervention,2026,1120,na,palu,Palu1083,0.5,6,1046,285,15047,41.935235039092575,0.05080133051065615,0.06862745097997493
E1,q2_x3_resunet_pooled_seed2026,pooled,intervention,2026,1120,na,palu,Palu1084,0.5,497,128,72,15687,41.02864449644728,0.8572842867303132,0.8808758991987052
E1,q2_x3_resunet_pooled_seed2026,pooled,intervention,2026,1120,na,palu,Palu1085,0.5,112,83,201,15988,33.77045973908586,0.6916724019265493,0.7939571968102447
E1,q2_x3_resunet_pooled_seed2026,pooled,intervention,2026,1120,na,palu,Palu1087,0.5,0,0,26,16358,181.01933598375618,0.0,0.0
E1,q2_x3_resunet_pooled_seed2026,pooled,intervention,2026,1120,na,palu,Palu1088,0.5,0,20,47,16317,74.93594749618667,0.0,0.0
E1,q2_x3_resunet_pooled_seed2026,pooled,intervention,2026,1120,na,palu,Palu1089,0.5,47,409,234,15694,54.05174314279733,0.10608495981590889,0.14582182592876827
E1,q2_x3_resunet_pooled_seed2026,pooled,intervention,2026,1120,na,palu,Palu1090,0.5,458,97,90,15739,54.91812087098393,0.7577147885106048,0.8092863080389326
E1,q2_x3_resunet_pooled_seed2026,pooled,intervention,2026,1120,na,palu,Palu1091,0.5,52,0,238,16094,10.175814516275866,0.2916666666662222,0.7699999999995072
