experiment,run_id,regime,role,seed,step,buffer_m,region,id,threshold,tp,fp,fn,tn,hd95,f1_2,f1_4
E1,q2_x3_resunet_cas-single_seed777,cas-single,single-stream,777,1120,na,hokkaido_iburi_tobu,Hokkaido0001,0.5,0,5736,50,10598,99.49119060301453,0.0,0.0
E1,q2_x3_resunet_cas-single_seed777,cas-single,single-stream,777,1120,na,hokkaido_iburi_tobu,Hokkaido0002,0.5,0,3963,67,12354,93.28410407950656,0.0,0.0
E1,q2_x3_resunet_cas-single_seed777,cas-single,single-stream,777,1120,na,hokkaido_iburi_tobu,Hokkaido0003,0.5,0,3487,254,12643,61.04506408428175,0.009316770185846984,0.053781512604572534
E1,q2_x3_resunet_cas-single_seed777,cas-single,single-stream,777,1120,na,hokkaido_iburi_tobu,Hokkaido0004,0.5,47,3059,190,13088,54.56189146281496,0.08094981111661281,0.133016627077888
E1,q2_x3_resunet_cas-single_seed777,cas-single,single-stream,777,1120,na,hokkaido_iburi_tobu,Hokkaido0005,0.5,0,871,46,15467,51.58679142279161,0.0,0.0
E1,q2_x3_resunet_cas-single_seed777,cas-single,single-stream,777,1120,na,hokkaido_iburi_tobu,Hokkaido0008,0.5,0,142,70,16172,50.02239965112589,0.039999999999519996,0.05641025640999606
E1,q2_x3_resunet_cas-single_seed777,cas-single,single-stream,777,1120,na,hokkaido_iburi_tobu,Hokkaido0009,0.5,35,5331,119,10899,77.41963570907645,0.14784394250485344,0.20398057940226486
E1,q2_x3_resunet_cas-single_seed777,cas-single,single-stream,777,1120,na,hokkaido_iburi_tobu,Hokkaido0010,0.5,71,4554,473,11286,41.08019763108898,0.0,0.0
E1,q2_x3_resunet_cas-single_seed777,cas-single,single-stream,777,1120,na,hokkaido_iburi_tobu,Hokkaido0011,0.5,15,3586,559,12224,45.13145600802006,0.016110471806187132,0.038620689654672434
E1,q2_x3_resunet_cas-single_seed777,cas-single,single-stream,777,1120,na,hokkaido_iburi_tobu,Hokkaido0012,0.5,91,3962,520,11811,43.133439934928795,0.051691372101390624,0.100820401304256
E1,q2_x3_resunet_cas-single_seed777,cas-single,single-stream,777,1120,na,hokkaido_iburi_tobu,Hokkaido0013,0.5,206,3017,613,12548,42.499992372463325,0.11594334689747099,0.15931108719006512
E1,q2_x3_resunet_cas-single_seed777,cas-single,single-stream,777,1120,na,hokkaido_iburi_tobu,Hokkaido0014,0.5,67,2930,396,12991,38.0,0.08399618199125619,0.13959455991739406
E1,q2_x3_resunet_cas-single_seed777,cas-single,single-stream,777,1120,na,hokkaido_iburi_tobu,Hokkaido0015,0.5,0,3142,127,13115,85.76303930215262,0.0,0.0
E1,q2_x3_resunet_cas-single_seed777,cas-single,single-stream,777,1120,na,hokkaido_iburi_tobu,Hokkaido0017,0.5,0,4428,276,11680,64.41529269353101,0.016233766233344684,0.04438374871921478
E1,q2_x3_resunet_cas-single_seed777,cas-single,single-stream,777,1120,na,hokkaido_iburi_tobu,Hokkaido0018,0.5,114,4572,557,11141,30.256378201450087,0.05606430606380838,0.13167457569101418
E1,q2_x3_resunet_cas-single_seed777,cas-single,single-stream,777,1120,na,hokkaido_iburi_tobu,Hokkaido0019,0.5,193,1330,1115,13746,62.24146527838174,0.10851958078498251,0.20365078897454833
E1,q2_x3_resunet_cas-single_seed777,cas-single,single-stream,777,1120,na,hokkaido_iburi_tobu,Hokkaido0020,0.5,441,3332,904,11707,35.22782990761707,0.12560164497446127,0.19663101849681125
E1,q2_x3_resunet_cas-single_seed777,cas-single,single-stream,777,1120,na,hokkaido_iburi_tobu,Hokkaido0021,0.5,259,2594,657,12874,49.76946855251722,0.09674535990281236,0.16788766788724352
E1,q2_x3_resunet_cas-single_seed777,cas-single,single-stream,777,1120,na,hokkaido_iburi_tobu,Hokkaido0022,0.5,253,3111,704,12316,37.48332962798263,0.07368630686465978,0.12908769436646475
E1,q2_x3_resunet_cas-single_seed777,cas-single,single-stream,777,1120,na,hokkaido_iburi_tobu,Hokkaido0023,0.5,383,3896,335,11770,32.81263444123046,0.12443463871985534,0.22520991969834112
E1,q2_x3_resunet_cas-single_seed777,cas-single,single-stream,777,1120,na,hokkaido_iburi_tobu,Hokkaido0024,0.5,53,3803,203,12325,40.8166285250734,0.0037735849052004276,0.030806845965283585
E1,q2_x3_resunet_cas-single_seed777,cas-single,single-stream,777,1120,na,hokkaido_iburi_tobu,Hokkaido0025,0.5,17,3584,8,12775,61.85264737864257,0.0,0.05551149881029567
E1,q2_x3_resunet_cas-single_seed777,cas-single,single-stream,777,1120,na,hokkaido_iburi_tobu,Hokkaido0027,0.5,119,4391,512,11362,70.03089476497966,0.05813953488322201,0.0988691437797957
E1,q2_x3_resunet_cas-single_seed777,cas-single,single-stream,777,1120,na,hokkaido_iburi_tobu,Hokkaido0028,0.5,63,3859,762,11700,62.29444640616531,0.062114556989628616,0.1343212533885947
E1,q2_x3_resunet_cas-single_seed777,cas-single,single-stream,777,1120,na,hokkaido_iburi_tobu,Hokkaido0029,0.5,178,566,1505,14135,63.654536274129754,0.13547726735868895,0.2643942215147523
E1,q2_x3_resunet_cas-single_seed777,cas-single,single-stream,777,1120,na,hokkaido_iburi_tobu,Hokkaido0030,0.5,106,921,1850,13507,55.41432502051039,0.05830903790061424,0.10435850214823948
E1,q2_x3_resunet_cas-single_seed777,cas-single,single-stream,777,1120,na,hokkaido_iburi_tobu,Hokkaido0031,0.5,549,2832,710,12293,53.68891373398905,0.1979171575321794,0.2959011699250795
E1,q2_x3_resunet_cas-single_seed777,cas-single,single-stream,777,1120,na,hokkaido_iburi_tobu,Hokkaido0032,0.5,223,3895,477,11789,35.35533905932738,0.15878543073980325,0.2723243068982798
E1,q2_x3_resunet_cas-single_seed777,cas-single,single-stream,777,1120,na,hokkaido_iburi_tobu,Hokkaido0033,0.5,108,4822,345,11109,31.304951684997057,0.11283551110852741,0.18856065367645067
E1,q2_x3_resunet_cas-single_seed777,cas-single,single-stream,777,1120,na,hokkaido_iburi_tobu,Hokkaido0034,0.5,127,4086,292,11879,45.18406522621717,0.016899028305394453,0.04622792937350003
E1,q2_x3_resunet_cas-single_seed777,cas-single,single-stream,777,1120,na,hokkaido_iburi_tobu,Hokkaido0035,0.5,82,4457,309,11536,27.48418933614316,0.054462934946578126,0.08520619216125491
E1,q2_x3_resunet_cas-single_seed777,cas-single,single-stream,777,1120,na,hokkaido_iburi_tobu,Hokkaido0036,0.5,58,3794,121,12411,58.30608695674256,0.13095849745925073,0.18191662154811822
E1,q2_x3_resunet_cas-single_seed777,cas-single,single-stream,777,1120,na,hokkaido_iburi_tobu,Hokkaido0037,0.5,0,4430,39,11915,102.80123431007638,0.0,0.0
E1,q2_x3_resunet_cas-single_seed777,cas-single,single-stream,777,1120,na,hokkaido_iburi_tobu,Hokkaido0038,0.5,0,4292,39,12053,90.4267659490264,0.0,0.0
E1,q2_x3_resunet_cas-single_seed777,cas-single,single-stream,777,1120,na,hokkaido_iburi_tobu,Hokkaido0039,0.5,47,1685,468,14184,63.0,0.07695377073427152,0.11897130078220607
E1,q2_x3_resunet_cas-single_seed777,cas-single,single-stream,777,1120,na,hokkaido_iburi_tobu,Hokkaido0040,0.5,865,3289,1433,10797,31.2905103426743,0.2026357734319829,0.3550667134179796
E1,q2_x3_resunet_cas-single_seed777,cas-single,single-stream,777,1120,na,hokkaido_iburi_tobu,Hokkaido0041,0.5,25,22,3046,13291,71.84010022264724,0.01900011875071502,0.038933951332521324
E1,q2_x3_resunet_cas-single_seed777,cas-single,single-stream,777,1120,na,hokkaido_iburi_tobu,Hokkaido0042,0.5,0,0,2965,13419,181.01933598375618,0.0,0.0
E1,q2_x3_resunet_cas-single_seed777,cas-single,single-stream,777,1120,na,hokkaido_iburi_tobu,Hokkaido0043,0.5,322,1089,2209,12764,69.56469907097376,0.1396587939953106,0.20352479722625805
E1,q2_x3_resunet_cas-single_seed777,cas-single,single-stream,777,1120,na,hokkaido_iburi_tobu,Hokkaido0044,0.5,558,3701,1101,11024,34.05583409526017,0.14268440145061995,0.3042436149308091
E1,q2_x3_resunet_cas-single_seed777,cas-single,single-stream,777,1120,na,hokkaido_iburi_tobu,Hokkaido0045,0.5,487,3440,1177,11280,32.439914954876805,0.16317069033715179,0.2616474672689387
E1,q2_x3_resunet_cas-single_seed777,cas-single,single-stream,777,1120,na,hokkaido_iburi_tobu,Hokkaido0046,0.5,255,3249,971,11909,40.93946968490505,0.1426878847712741,0.20760956814850157
E1,q2_x3_resunet_cas-single_seed777,cas-single,single-stream,777,1120,na,hokkaido_iburi_tobu,Hokkaido0047,0.5,0,4585,440,11359,52.41222019264459,0.0,0.0
E1,q2_x3_resunet_cas-single_seed777,cas-single,single-stream,777,1120,na,hokkaido_iburi_tobu,Hokkaido0048,0.5,306,2165,307,13606,50.66501359978852,0.22003492617825873,0.29179307041303987
E1,q2_x3_resunet_cas-single_seed777,cas-single,single-stream,777,1120,na,hokkaido_iburi_tobu,Hokkaido0049,0.5,309,4019,231,11825,63.326574506589374,0.14107063754341412,0.19713831478492166
E1,q2_x3_resunet_cas-single_seed777,cas-single,single-stream,777,1120,na,hokkaido_iburi_tobu,Hokkaido0050,0.5,12,3310,27,13035,69.05721988412644,0.039106145251202505,0.08801571709212279
E1,q2_x3_resunet_cas-single_seed777,cas-single,single-stream,777,1120,na,hokkaido_iburi_tobu,Hokkaido0051,0.5,39,5079,0,11266,65.81640494538729,0.01851851851822261,0.06631142687953953
E1,q2_x3_resunet_cas-single_seed777,cas-single,single-stream,777,1120,na,hokkaido_iburi_tobu,Hokkaido0053,0.5,0,3996,29,12359,91.63950083676568,0.0,0.0
E1,q2_x3_resunet_cas-single_seed777,cas-single,single-stream,777,1120,na,hokkaido_iburi_tobu,Hokkaido0054,0.5,0,2978,593,12813,64.0,0.0,0.011532916866398905
E1,q2_x3_resunet_cas-single_seed777,cas-single,single-stream,777,1120,na,hokkaido_iburi_tobu,Hokkaido0055,0.5,0,0,3240,13144,181.01933598375618,0.0,0.0
E1,q2_x3_resunet_cas-single_seed777,cas-single,single-stream,777,1120,na,hokkaido_iburi_tobu,Hokkaido0056,0.5,0,0,5182,11202,181.01933598375618,0.0,0.0
E1,q2_x3_resunet_cas-single_seed777,cas-single,single-stream,777,1120,na,hokkaido_iburi_tobu,Hokkaido0057,0.5,0,0,4764,11620,181.01933598375618,0.0,0.0
E1,q2_x3_resunet_cas-single_seed777,cas-single,single-stream,777,1120,na,hokkaido_iburi_tobu,Hokkaido0058,0.5,17,0,3409,12958,75.67826522281428,0.020833333333312713,0.02364066193851092
E1,q2_x3_resunet_cas-single_seed777,cas-single,single-stream,777,1120,na,hokkaido_iburi_tobu,Hokkaido0059,0.5,330,3377,2432,10245,40.311288741492746,0.2056666112539247,0.28754423212986474
E1,q2_x3_resunet_cas-single_seed777,cas-single,single-stream,777,1120,na,hokkaido_iburi_tobu,Hokkaido0060,0.5,604,2069,3333,10378,46.83587900790307,0.1419468979809916,0.25447355260597093
E1,q2_x3_resunet_cas-single_seed777,cas-single,single-stream,777,1120,na,hokkaido_iburi_tobu,Hokkaido0061,0.5,566,662,3528,11628,52.488086096893625,0.14595307144714106,0.23901404776135568
E1,q2_x3_resunet_cas-single_seed777,cas-single,single-stream,777,1120,na,hokkaido_iburi_tobu,Hokkaido0062,0.5,176,2426,2189,11593,44.30563941647486,0.06928152492635405,0.11783543695707133
E1,q2_x3_resunet_cas-single_seed777,cas-single,single-stream,777,1120,na,hokkaido_iburi_tobu,Hokkaido0063,0.5,34,2639,1081,12630,40.40168453764473,0.08190726926967157,0.12967081472886324
E1,q2_x3_resunet_cas-single_seed777,cas-single,single-stream,777,1120,na,hokkaido_iburi_tobu,Hokkaido0064,0.5,12,2709,460,13203,47.178998331485246,0.0,0.0
E1,q2_x3_resunet_cas-single_seed777,cas-single,single-stream,777,1120,na,hokkaido_iburi_tobu,Hokkaido0067,0.5,0,3700,22,12662,82.10233561688416,0.0,0.0
E1,q2_x3_resunet_cas-single_seed777,cas-single,single-stream,777,1120,na,hokkaido_iburi_tobu,Hokkaido0068,0.5,3,3633,19,12729,82.7861678863404,0.057803468207993855,0.09855072463758746
E1,q2_x3_resunet_cas-single_seed777,cas-single,single-stream,777,1120,na,hokkaido_iburi_tobu,Hokkaido0071,0.5,0,2895,21,13468,76.10880858083301,0.0,0.0
E1,q2_x3_resunet_cas-single_seed777,cas-single,single-stream,777,1120,na,hokkaido_iburi_tobu,Hokkaido0072,0.5,0,833,45,15506,47.51420044959778,0.0,0.0
E1,q2_x3_resunet_cas-single_seed777,cas-single,single-stream,777,1120,na,hokkaido_iburi_tobu,Hokkaido0073,0.5,15,2503,9,13857,59.039731715200176,0.05915492957729616,0.11068909386851002
E1,q2_x3_resunet_cas-single_seed777,cas-single,single-stream,777,1120,na,hokkaido_iburi_tobu,Hokkaido0076,0.5,0,2244,105,14035,67.01863448528806,0.0,0.0
E1,q2_x3_resunet_cas-single_seed777,cas-single,single-stream,777,1120,na,hokkaido_iburi_tobu,Hokkaido0077,0.5,132,4780,194,11278,59.88544252244761,0.06351497654237423,0.13950073421395479
E1,q2_x3_resunet_cas-single_seed777,cas-single,single-stream,777,1120,na,hokkaido_iburi_tobu,Hokkaido0078,0.5,29,1650,832,13873,61.027836609651,0.06366705712076551,0.12495214761456154
E1,q2_x3_resunet_cas-single_seed777,cas-single,single-stream,777,1120,na,hokkaido_iburi_tobu,Hokkaido0079,0.5,0,0,3055,13329,181.01933598375618,0.0,0.0
E1,q2_x3_resunet_cas-single_seed777,cas-single,single-stream,777,1120,na,hokkaido_iburi_tobu,Hokkaido0080,0.5,438,467,4690,10789,78.63841300535,0.14915787753774162,0.20507686639713324
E1,q2_x3_resunet_cas-single_seed777,cas-single,single-stream,777,1120,na,hokkaido_iburi_tobu,Hokkaido0081,0.5,0,0,5127,11257,181.01933598375618,0.0,0.0
E1,q2_x3_resunet_cas-single_seed777,cas-single,single-stream,777,1120,na,hokkaido_iburi_tobu,Hokkaido0082,0.5,751,1722,3304,10607,51.87774007663531,0.1839211711665979,0.2814153794343735
E1,q2_x3_resunet_cas-single_seed777,cas-single,single-stream,777,1120,na,hokkaido_iburi_tobu,Hokkaido0083,0.5,528,1918,3039,10899,53.05657023178344,0.14118365668362806,0.21652539194327863
E1,q2_x3_resunet_cas-single_seed777,cas-single,single-stream,777,1120,na,hokkaido_iburi_tobu,Hokkaido0084,0.5,700,294,3575,11815,51.98653330276043,0.1826560499304865,0.2762614505702698
E1,q2_x3_resunet_cas-single_seed777,cas-single,single-stream,777,1120,na,hokkaido_iburi_tobu,Hokkaido0085,0.5,34,0,4968,11382,100.08895881496032,0.009230769230751695,0.019976949673433927
E1,q2_x3_resunet_cas-single_seed777,cas-single,single-stream,777,1120,na,hokkaido_iburi_tobu,Hokkaido0086,0.5,858,898,4026,10602,61.5775889557168,0.21329934722007438,0.31088315101476915
E1,q2_x3_resunet_cas-single_seed777,cas-single,single-stream,777,1120,na,hokkaido_iburi_tobu,Hokkaido0087,0.5,129,201,3506,12548,68.44409652530557,0.09443561040277697,0.12681127477761672
E1,q2_x3_resunet_cas-single_seed777,cas-single,single-stream,777,1120,na,hokkaido_iburi_tobu,Hokkaido0088,0.5,1,1793,1947,12643,57.57584741004608,0.004133939643981898,0.009847365829168384
E1,q2_x3_resunet_cas-single_seed777,cas-single,single-stream,777,1120,na,hokkaido_iburi_tobu,Hokkaido0089,0.5,0,4491,557,11336,88.5827277343219,0.0,0.0
E1,q2_x3_resunet_cas-single_seed777,cas-single,single-stream,777,1120,na,hokkaido_iburi_tobu,Hokkaido0090,0.5,0,3730,93,12561,70.6105515741554,0.007490636703685842,0.04883011190195555
E1,q2_x3_resunet_cas-single_seed777,cas-single,single-stream,777,1120,na,hokkaido_iburi_tobu,Hokkaido0091,0.5,15,2966,65,13338,64.26023559652896,0.0841514726504644,0.10951760104265339
E1,q2_x3_resunet_cas-single_seed777,cas-single,single-stream,777,1120,na,hokkaido_iburi_tobu,Hokkaido0092,0.5,0,3377,22,12985,87.69435525978852,0.0,0.0
E1,q2_x3_resunet_cas-single_seed777,cas-single,single-stream,777,1120,na,hokkaido_iburi_tobu,Hokkaido0093,0.5,0,3064,22,13298,75.7429864739964,0.0,0.0
E1,q2_x3_resunet_cas-single_seed777,cas-single,single-stream,777,1120,na,hokkaido_iburi_tobu,Hokkaido0095,0.5,47,4689,47,11601,43.335289667376415,0.14840333907488548,0.19944741840766084
E1,q2_x3_resunet_cas-single_seed777,cas-single,single-stream,777,1120,na,hokkaido_iburi_tobu,Hokkaido0096,0.5,2,217,100,16065,55.31354909256836,0.08430913348896169,0.16507936507886775
E1,q2_x3_resunet_cas-single_seed777,cas-single,single-stream,777,1120,na,hokkaido_iburi_tobu,Hokkaido0097,0.5,0,717,92,15575,44.977327173391146,0.0,0.0
E1,q2_x3_resunet_cas-single_seed777,cas-single,single-stream,777,1120,na,hokkaido_iburi_tobu,Hokkaido0098,0.5,0,1187,71,15126,60.83132203355011,0.0,0.0
E1,q2_x3_resunet_cas-single_seed777,cas-single,single-stream,777,1120,na,hokkaido_iburi_tobu,Hokkaido0099,0.5,1,2237,46,14100,69.63034381677588,0.014989779695602608,0.01529758584971181
E1,q2_x3_resunet_cas-single_seed777,cas-single,single-stream,777,1120,na,hokkaido_iburi_tobu,Hokkaido0100,0.5,0,0,47,16337,181.01933598375618,0.0,0.0
E1,q2_x3_resunet_cas-single_seed777,cas-single,single-stream,777,1120,na,hokkaido_iburi_tobu,Hokkaido0101,0.5,11,4783,212,11378,71.5653545282639,0.06447025361420644,0.10216546363089786
E1,q2_x3_resunet_cas-single_seed777,cas-single,single-stream,777,1120,na,hokkaido_iburi_tobu,Hokkaido0102,0.5,369,3623,103,12289,26.442265325807334,0.1097827035512968,0.16386738717636962
E1,q2_x3_resunet_cas-single_seed777,cas-single,single-stream,777,1120,na,hokkaido_iburi_tobu,Hokkaido0103,0.5,11,3810,483,12080,39.57017920374485,0.0,0.0
E1,q2_x3_resunet_cas-single_seed777,cas-single,single-stream,777,1120,na,hokkaido_iburi_tobu,Hokkaido0104,0.5,50,196,1574,14564,71.84921069099242,0.0737963101843374,0.09518799102118557
E1,q2_x3_resunet_cas-single_seed777,cas-single,single-stream,777,1120,na,hokkaido_iburi_tobu,Hokkaido0105,0.5,0,519,2818,13047,64.88720276845831,0.005574136008554142,0.010323468685061602
E1,q2_x3_resunet_cas-single_seed777,cas-single,single-stream,777,1120,na,hokkaido_iburi_tobu,Hokkaido0106,0.5,184,702,3789,11709,65.82134423497921,0.060710217621307745,0.1182667461734991
E1,q2_x3_resunet_cas-single_seed777,cas-single,single-stream,777,1120,na,hokkaido_iburi_tobu,Hokkaido0107,0.5,216,106,5196,10866,102.79858935243479,0.0719744285717782,0.10953106890885528
E1,q2_x3_resunet_cas-single_seed777,cas-single,single-stream,777,1120,na,hokkaido_iburi_tobu,Hokkaido0108,0.5,0,1,5718,10665,105.66385251558881,0.0,0.0
E1,q2_x3_resunet_cas-single_seed777,cas-single,single-stream,777,1120,na,hokkaido_iburi_tobu,Hokkaido0109,0.5,0,0,5400,10984,181.01933598375618,0.0,0.0
E1,q2_x3_resunet_cas-single_seed777,cas-single,single-stream,777,1120,na,hokkaido_iburi_tobu,Hokkaido0110,0.5,0,0,4990,11394,181.01933598375618,0.0,0.0
E1,q2_x3_resunet_cas-single_seed777,cas-single,single-stream,777,1120,na,hokkaido_iburi_tobu,Hokkaido0111,0.5,27,1,5458,10898,93.53608929178085,0.01972732661527315,0.04087858450270553
E1,q2_x3_resunet_cas-single_seed777,cas-single,single-stream,777,1120,na,hokkaido_iburi_tobu,Hokkaido0112,0.5,0,0,6103,10281,181.01933598375618,0.0,0.0
E1,q2_x3_resunet_cas-single_seed777,cas-single,single-stream,777,1120,na,hokkaido_iburi_tobu,Hokkaido0113,0.5,77,0,4843,11464,103.33416439209937,0.004153686396650416,0.0303692626250683
E1,q2_x3_resunet_cas-single_seed777,cas-single,single-stream,777,1120,na,hokkaido_iburi_tobu,Hokkaido0114,0.5,353,2351,2307,11373,54.56189146281496,0.19743891963122512,0.2843190698121693
E1,q2_x3_resunet_cas-single_seed777,cas-single,single-stream,777,1120,na,hokkaido_iburi_tobu,Hokkaido0115,0.5,168,2771,747,12698,34.597612324991786,0.08379617147431206,0.15469898156456827
E1,q2_x3_resunet_cas-single_seed777,cas-single,single-stream,777,1120,na,hokkaido_iburi_tobu,Hokkaido0116,0.5,3,3940,127,12314,68.21289570410721,0.0460652591166725,0.0793746241727383
E1,q2_x3_resunet_cas-single_seed777,cas-single,single-stream,777,1120,na,hokkaido_iburi_tobu,Hokkaido0117,0.5,0,3838,24,12522,98.86769732684725,0.0,0.0
E1,q2_x3_resunet_cas-single_seed777,cas-single,single-stream,777,1120,na,hokkaido_iburi_tobu,Hokkaido0118,0.5,0,4319,21,12044,102.7379715380446,0.0,0.0
E1,q2_x3_resunet_cas-single_seed777,cas-single,single-stream,777,1120,na,hokkaido_iburi_tobu,Hokkaido0119,0.5,0,307,118,15959,69.96355353637783,0.0,0.0
E1,q2_x3_resunet_cas-single_seed777,cas-single,single-stream,777,1120,na,hokkaido_iburi_tobu,Hokkaido0120,0.5,0,2710,199,13475,53.21840710619438,0.0,0.0
E1,q2_x3_resunet_cas-single_seed777,cas-single,single-stream,777,1120,na,hokkaido_iburi_tobu,Hokkaido0121,0.5,0,716,81,15587,70.33488294174032,0.0,0.0
E1,q2_x3_resunet_cas-single_seed777,cas-single,single-stream,777,1120,na,hokkaido_iburi_tobu,Hokkaido0122,0.5,0,0,101,16283,181.01933598375618,0.0,0.0
E1,q2_x3_resunet_cas-single_seed777,cas-single,single-stream,777,1120,na,hokkaido_iburi_tobu,Hokkaido0123,0.5,54,2407,47,13876,66.29742103484675,0.08743169398878962,0.16934433347778335
E1,q2_x3_resunet_cas-single_seed777,cas-single,single-stream,777,1120,na,hokkaido_iburi_tobu,Hokkaido0125,0.5,8,4784,17,11575,52.68473956156684,0.0,0.0
E1,q2_x3_resunet_cas-single_seed777,cas-single,single-stream,777,1120,na,hokkaido_iburi_tobu,Hokkaido0126,0.5,0,5405,24,10955,88.62748549454427,0.0,0.0
E1,q2_x3_resunet_cas-single_seed777,cas-single,single-stream,777,1120,na,hokkaido_iburi_tobu,Hokkaido0127,0.5,0,3053,23,13308,69.88382881510361,0.0,0.0
E1,q2_x3_resunet_cas-single_seed777,cas-single,single-stream,777,1120,na,hokkaido_iburi_tobu,Hokkaido0128,0.5,0,4379,170,11835,58.607755982685,0.0,0.01629327902205111
E1,q2_x3_resunet_cas-single_seed777,cas-single,single-stream,777,1120,na,hokkaido_iburi_tobu,Hokkaido0129,0.5,71,4435,104,11774,64.56718253160444,0.08555475504290948,0.20535714285681653
E1,q2_x3_resunet_cas-single_seed777,cas-single,single-stream,777,1120,na,hokkaido_iburi_tobu,Hokkaido0130,0.5,0,3020,49,13315,78.38749821394762,0.0,0.0
E1,q2_x3_resunet_cas-single_seed777,cas-single,single-stream,777,1120,na,hokkaido_iburi_tobu,Hokkaido0131,0.5,58,3213,320,12793,54.45181356024793,0.18659295093252282,0.2522098306480639
E1,q2_x3_resunet_cas-single_seed777,cas-single,single-stream,777,1120,na,hokkaido_iburi_tobu,Hokkaido0132,0.5,323,1743,1421,12897,55.941932574267184,0.12308161088778054,0.2465554749814189
E1,q2_x3_resunet_cas-single_seed777,cas-single,single-stream,777,1120,na,hokkaido_iburi_tobu,Hokkaido0133,0.5,2052,1639,2931,9762,33.61547262794322,0.17882364561186953,0.2939430044726231
E1,q2_x3_resunet_cas-single_seed777,cas-single,single-stream,777,1120,na,hokkaido_iburi_tobu,Hokkaido0134,0.5,1537,661,6104,8082,78.36611692286141,0.15728514118841289,0.2486874637897702
E1,q2_x3_resunet_cas-single_seed777,cas-single,single-stream,777,1120,na,hokkaido_iburi_tobu,Hokkaido0135,0.5,705,178,7357,8144,98.99823227814083,0.12299831643227183,0.18058473426792993
E1,q2_x3_resunet_cas-single_seed777,cas-single,single-stream,777,1120,na,hokkaido_iburi_tobu,Hokkaido0136,0.5,80,60,7022,9222,116.9177059693687,0.030750307503043563,0.04301632547287835
E1,q2_x3_resunet_cas-single_seed777,cas-single,single-stream,777,1120,na,hokkaido_iburi_tobu,Hokkaido0137,0.5,15,0,5290,11079,93.17832314041307,0.008661173757757379,0.014206300185285462
E1,q2_x3_resunet_cas-single_seed777,cas-single,single-stream,777,1120,na,hokkaido_iburi_tobu,Hokkaido0138,0.5,51,4,4846,11483,62.39390995922599,0.03257545539153733,0.059691702197383865
E1,q2_x3_resunet_cas-single_seed777,cas-single,single-stream,777,1120,na,hokkaido_iburi_tobu,Hokkaido0139,0.5,392,222,5256,10514,43.94200445327267,0.13379817305715985,0.22490926822383814
E1,q2_x3_resunet_cas-single_seed777,cas-single,single-stream,777,1120,na,hokkaido_iburi_tobu,Hokkaido0140,0.5,79,8,5197,11100,68.01470429252781,0.035533474639158985,0.05782526712753654
E1,q2_x3_resunet_cas-single_seed777,cas-single,single-stream,777,1120,na,hokkaido_iburi_tobu,Hokkaido0141,0.5,0,0,4803,11581,181.01933598375618,0.0,0.0
E1,q2_x3_resunet_cas-single_seed777,cas-single,single-stream,777,1120,na,hokkaido_iburi_tobu,Hokkaido0142,0.5,857,2538,3128,9861,33.24154027718932,0.18590902823196753,0.30785177664318814
E1,q2_x3_resunet_cas-single_seed777,cas-single,single-stream,777,1120,na,hokkaido_iburi_tobu,Hokkaido0143,0.5,177,150,1411,14646,60.2874991999445,0.1480051480048081,0.24944812361999602
E1,q2_x3_resunet_cas-single_seed777,cas-single,single-stream,777,1120,na,hokkaido_iburi_tobu,Hokkaido0144,0.5,44,5061,101,11178,48.400393727335604,0.02422843957276734,0.07268531871900327
E1,q2_x3_resunet_cas-single_seed777,cas-single,single-stream,777,1120,na,hokkaido_iburi_tobu,Hokkaido0145,0.5,11,3287,33,13053,65.28628576479578,0.07955874979090503,0.11005808621195286
E1,q2_x3_resunet_cas-single_seed777,cas-single,single-stream,777,1120,na,hokkaido_iburi_tobu,Hokkaido0146,0.5,61,1317,44,14962,58.21768925959136,0.2342552482503039,0.28412256267384295
E1,q2_x3_resunet_cas-single_seed777,cas-single,single-stream,777,1120,na,hokkaido_iburi_tobu,Hokkaido0147,0.5,94,3838,11,12441,59.029226549610954,0.07257235199041596,0.10074626865653821
E1,q2_x3_resunet_cas-single_seed777,cas-single,single-stream,777,1120,na,hokkaido_iburi_tobu,Hokkaido0148,0.5,6,4122,48,12208,84.38305511903754,0.04586436691483193,0.052164840897172673
E1,q2_x3_resunet_cas-single_seed777,cas-single,single-stream,777,1120,na,hokkaido_iburi_tobu,Hokkaido0149,0.5,0,1516,54,14814,55.67444865081843,0.0,0.0
E1,q2_x3_resunet_cas-single_seed777,cas-single,single-stream,777,1120,na,hokkaido_iburi_tobu,Hokkaido0155,0.5,23,1688,0,14673,48.613802818182556,0.03452527743512181,0.07527372262762164
E1,q2_x3_resunet_cas-single_seed777,cas-single,single-stream,777,1120,na,hokkaido_iburi_tobu,Hokkaido0156,0.5,7,2881,16,13480,77.22429018747083,0.0723729993040106,0.10810810810800583
E1,q2_x3_resunet_cas-single_seed777,cas-single,single-stream,777,1120,na,hokkaido_iburi_tobu,Hokkaido0157,0.5,75,2624,163,13522,54.51787512710665,0.09603585338493584,0.15090881319658897
E1,q2_x3_resunet_cas-single_seed777,cas-single,single-stream,777,1120,na,hokkaido_iburi_tobu,Hokkaido0158,0.5,22,2612,296,13454,60.82351477274742,0.09101026338528119,0.13064807642614354
E1,q2_x3_resunet_cas-single_seed777,cas-single,single-stream,777,1120,na,hokkaido_iburi_tobu,Hokkaido0159,0.5,0,2442,316,13626,63.264671538958346,0.0,0.0
E1,q2_x3_resunet_cas-single_seed777,cas-single,single-stream,777,1120,na,hokkaido_iburi_tobu,Hokkaido0160,0.5,303,1427,1259,13395,41.81863125446937,0.2242144164283104,0.31291441921141494
E1,q2_x3_resunet_cas-single_seed777,cas-single,single-stream,777,1120,na,hokkaido_iburi_tobu,Hokkaido0161,0.5,1876,848,2761,10899,39.40029160114821,0.31368604746093925,0.48942606850436526
E1,q2_x3_resunet_cas-single_seed777,cas-single,single-stream,777,1120,na,hokkaido_iburi_tobu,Hokkaido0162,0.5,1274,600,5304,9206,52.97404504872219,0.14963206573088159,0.232773595830715
E1,q2_x3_resunet_cas-single_seed777,cas-single,single-stream,777,1120,na,hokkaido_iburi_tobu,Hokkaido0163,0.5,466,66,6814,9038,90.81739865325794,0.07886124757288494,0.12244828906091378
E1,q2_x3_resunet_cas-single_seed777,cas-single,single-stream,777,1120,na,hokkaido_iburi_tobu,Hokkaido0164,0.5,645,343,6477,8919,89.0,0.11867133271423083,0.1835270577305682
E1,q2_x3_resunet_cas-single_seed777,cas-single,single-stream,777,1120,na,hokkaido_iburi_tobu,Hokkaido0165,0.5,1362,1069,4388,9565,78.77182237323191,0.21171306854834143,0.3208670061192232
E1,q2_x3_resunet_cas-single_seed777,cas-single,single-stream,777,1120,na,hokkaido_iburi_tobu,Hokkaido0166,0.5,512,398,4226,11248,116.69275641030265,0.13465178391060736,0.22290451335565087
E1,q2_x3_resunet_cas-single_seed777,cas-single,single-stream,777,1120,na,hokkaido_iburi_tobu,Hokkaido0167,0.5,660,554,3433,11737,51.714053326145425,0.20184620260664307,0.3202195682220022
E1,q2_x3_resunet_cas-single_seed777,cas-single,single-stream,777,1120,na,hokkaido_iburi_tobu,Hokkaido0168,0.5,491,321,3161,12411,63.63961030678928,0.18712228954369678,0.2858952234247256
E1,q2_x3_resunet_cas-single_seed777,cas-single,single-stream,777,1120,na,hokkaido_iburi_tobu,Hokkaido0169,0.5,566,354,4055,11409,47.004786692377685,0.21096343143851504,0.3205838418613751
E1,q2_x3_resunet_cas-single_seed777,cas-single,single-stream,777,1120,na,hokkaido_iburi_tobu,Hokkaido0170,0.5,726,267,4897,10494,54.420121965752244,0.1815044407004789,0.3044752300073367
E1,q2_x3_resunet_cas-single_seed777,cas-single,single-stream,777,1120,na,hokkaido_iburi_tobu,Hokkaido0171,0.5,641,398,2391,12954,50.92984076949021,0.2678304515506636,0.4189052016534855
E1,q2_x3_resunet_cas-single_seed777,cas-single,single-stream,777,1120,na,hokkaido_iburi_tobu,Hokkaido0172,0.5,114,3645,380,12245,40.814190949896016,0.06349969933804497,0.12259772621037072
E1,q2_x3_resunet_cas-single_seed777,cas-single,single-stream,777,1120,na,hokkaido_iburi_tobu,Hokkaido0173,0.5,0,2459,120,13805,77.42635882270993,0.0,0.0
E1,q2_x3_resunet_cas-single_seed777,cas-single,single-stream,777,1120,na,hokkaido_iburi_tobu,Hokkaido0174,0.5,0,4448,22,11914,106.50375357190022,0.0,0.0
E1,q2_x3_resunet_cas-single_seed777,cas-single,single-stream,777,1120,na,hokkaido_iburi_tobu,Hokkaido0175,0.5,0,4453,22,11909,103.658066569874,0.0,0.0
E1,q2_x3_resunet_cas-single_seed777,cas-single,single-stream,777,1120,na,hokkaido_iburi_tobu,Hokkaido0176,0.5,0,2787,28,13569,85.4280398837099,0.0,0.0
E1,q2_x3_resunet_cas-single_seed777,cas-single,single-stream,777,1120,na,hokkaido_iburi_tobu,Hokkaido0177,0.5,0,3675,36,12673,88.27569114118671,0.0,0.0
E1,q2_x3_resunet_cas-single_seed777,cas-single,single-stream,777,1120,na,hokkaido_iburi_tobu,Hokkaido0179,0.5,24,6254,0,10106,66.89394084467463,0.0,0.0
E1,q2_x3_resunet_cas-single_seed777,cas-single,single-stream,777,1120,na,hokkaido_iburi_tobu,Hokkaido0180,0.5,0,4960,24,11400,96.59553804202486,0.0,0.0
E1,q2_x3_resunet_cas-single_seed777,cas-single,single-stream,777,1120,na,hokkaido_iburi_tobu,Hokkaido0183,0.5,0,2824,335,13225,80.66906372547993,0.0,0.0
E1,q2_x3_resunet_cas-single_seed777,cas-single,single-stream,777,1120,na,hokkaido_iburi_tobu,Hokkaido0184,0.5,530,4538,877,10439,44.28374412745562,0.20811391250578748,0.3403868900702101
E1,q2_x3_resunet_cas-single_seed777,cas-single,single-stream,777,1120,na,hokkaido_iburi_tobu,Hokkaido0185,0.5,568,2952,1580,11284,29.458408393527062,0.1542535764984438,0.3104120844914279
E1,q2_x3_resunet_cas-single_seed777,cas-single,single-stream,777,1120,na,hokkaido_iburi_tobu,Hokkaido0186,0.5,288,3596,948,11552,46.04668200139346,0.09062442438708213,0.17842419624709338
E1,q2_x3_resunet_cas-single_seed777,cas-single,single-stream,777,1120,na,hokkaido_iburi_tobu,Hokkaido0187,0.5,116,3811,333,12124,49.99744210491156,0.14308943089381942,0.20590465474599481
E1,q2_x3_resunet_cas-single_seed777,cas-single,single-stream,777,1120,na,hokkaido_iburi_tobu,Hokkaido0188,0.5,256,802,1536,13790,53.600373133029585,0.2377119637411578,0.35742995425356255
E1,q2_x3_resunet_cas-single_seed777,cas-single,single-stream,777,1120,na,hokkaido_iburi_tobu,Hokkaido0189,0.5,526,767,2952,12139,55.96648742006379,0.20839897734906873,0.34202259874092045
E1,q2_x3_resunet_cas-single_seed777,cas-single,single-stream,777,1120,na,hokkaido_iburi_tobu,Hokkaido0190,0.5,208,210,4608,11358,57.27870450947274,0.10830735711267467,0.15864022662873967
E1,q2_x3_resunet_cas-single_seed777,cas-single,single-stream,777,1120,na,hokkaido_iburi_tobu,Hokkaido0191,0.5,567,242,4850,10725,56.78247580815141,0.18732271076318893,0.26797339672279624
E1,q2_x3_resunet_cas-single_seed777,cas-single,single-stream,777,1120,na,hokkaido_iburi_tobu,Hokkaido0192,0.5,2724,2534,3139,7987,37.07825785058209,0.27547808927238615,0.42929332205353027
E1,q2_x3_resunet_cas-single_seed777,cas-single,single-stream,777,1120,na,hokkaido_iburi_tobu,Hokkaido0193,0.5,1733,1374,3215,10062,40.607881008493905,0.3483400633540697,0.5395605192540824
E1,q2_x3_resunet_cas-single_seed777,cas-single,single-stream,777,1120,na,hokkaido_iburi_tobu,Hokkaido0194,0.5,715,1552,1793,12324,34.99642784226795,0.19024434933936407,0.33262184276020734
E1,q2_x3_resunet_cas-single_seed777,cas-single,single-stream,777,1120,na,hokkaido_iburi_tobu,Hokkaido0195,0.5,243,333,1749,14059,61.5223536610881,0.037636622841610005,0.0683079550304484
E1,q2_x3_resunet_cas-single_seed777,cas-single,single-stream,777,1120,na,hokkaido_iburi_tobu,Hokkaido0196,0.5,1289,2856,1769,10470,27.957060544785072,0.25198156232434216,0.4302258681369525
E1,q2_x3_resunet_cas-single_seed777,cas-single,single-stream,777,1120,na,hokkaido_iburi_tobu,Hokkaido0197,0.5,80,27,3381,12896,67.42403132415029,0.04710770280181326,0.07299912049245384
E1,q2_x3_resunet_cas-single_seed777,cas-single,single-stream,777,1120,na,hokkaido_iburi_tobu,Hokkaido0198,0.5,455,1743,1605,12581,46.75467891024384,0.11905472339891571,0.2067926423501653
E1,q2_x3_resunet_cas-single_seed777,cas-single,single-stream,777,1120,na,hokkaido_iburi_tobu,Hokkaido0199,0.5,196,4912,413,10863,32.211793699606226,0.13066813914914166,0.22858002180483536
E1,q2_x3_resunet_cas-single_seed777,cas-single,single-stream,777,1120,na,hokkaido_iburi_tobu,Hokkaido0200,0.5,0,3174,107,13103,57.79191540759798,0.0,0.005555555555242285
E1,q2_x3_resunet_cas-single_seed777,cas-single,single-stream,777,1120,na,hokkaido_iburi_tobu,Hokkaido0201,0.5,0,3082,84,13218,70.22463711487617,0.0,0.0
E1,q2_x3_resunet_cas-single_seed777,cas-single,single-stream,777,1120,na,hokkaido_iburi_tobu,Hokkaido0202,0.5,39,4259,74,12012,47.76609442491275,0.0,0.0
E1,q2_x3_resunet_cas-single_seed777,cas-single,single-stream,777,1120,na,hokkaido_iburi_tobu,Hokkaido0203,0.5,24,5627,15,10718,84.52987633170132,0.09225935446998834,0.12393162393149285
E1,q2_x3_resunet_cas-single_seed777,cas-single,single-stream,777,1120,na,hokkaido_iburi_tobu,Hokkaido0204,0.5,0,5446,48,10890,103.83520561978186,0.0,0.0
E1,q2_x3_resunet_cas-single_seed777,cas-single,single-stream,777,1120,na,hokkaido_iburi_tobu,Hokkaido0205,0.5,69,3432,38,12845,50.99754878398196,0.0,0.00913242009090311
E1,q2_x3_resunet_cas-single_seed777,cas-single,single-stream,777,1120,na,hokkaido_iburi_tobu,Hokkaido0206,0.5,0,4585,59,11740,98.72309374896453,0.0,0.0
E1,q2_x3_resunet_cas-single_seed777,cas-single,single-stream,777,1120,na,hokkaido_iburi_tobu,Hokkaido0207,0.5,16,4691,12,11665,65.12780155842317,0.0,0.0
E1,q2_x3_resunet_cas-single_seed777,cas-single,single-stream,777,1120,na,hokkaido_iburi_tobu,Hokkaido0208,0.5,34,5153,16,11181,44.43635134809532,0.0,0.0
E1,q2_x3_resunet_cas-single_seed777,cas-single,single-stream,777,1120,na,hokkaido_iburi_tobu,Hokkaido0209,0.5,13,4458,42,11871,61.7295600755769,0.09446114212096902,0.14701378254195652
E1,q2_x3_resunet_cas-single_seed777,cas-single,single-stream,777,1120,na,hokkaido_iburi_tobu,Hokkaido0210,0.5,7,4156,50,12171,63.202449641894205,0.04332129963884294,0.05027932960884304
E1,q2_x3_resunet_cas-single_seed777,cas-single,single-stream,777,1120,na,hokkaido_iburi_tobu,Hokkaido0211,0.5,67,2646,24,13647,48.77643739959561,0.0,0.0
E1,q2_x3_resunet_cas-single_seed777,cas-single,single-stream,777,1120,na,hokkaido_iburi_tobu,Hokkaido0212,0.5,0,3517,67,12800,86.8768705449378,0.0,0.0
E1,q2_x3_resunet_cas-single_seed777,cas-single,single-stream,777,1120,na,hokkaido_iburi_tobu,Hokkaido0213,0.5,0,3584,39,12761,98.0005099517303,0.0,0.0
E1,q2_x3_resunet_cas-single_seed777,cas-single,single-stream,777,1120,na,hokkaido_iburi_tobu,Hokkaido0214,0.5,39,4293,0,12052,56.32051136131489,0.0,0.010443864229616236
E1,q2_x3_resunet_cas-single_seed777,cas-single,single-stream,777,1120,na,hokkaido_iburi_tobu,Hokkaido0215,0.5,56,2916,14,13398,46.67868771094343,0.04938271604911324,0.09876543209849596
E1,q2_x3_resunet_cas-single_seed777,cas-single,single-stream,777,1120,na,hokkaido_iburi_tobu,Hokkaido0216,0.5,0,1585,70,14729,51.036750346460806,0.0,0.03468208092443503
E1,q2_x3_resunet_cas-single_seed777,cas-single,single-stream,777,1120,na,hokkaido_iburi_tobu,Hokkaido0217,0.5,0,1983,362,14039,66.54501103648686,0.0,0.0
E1,q2_x3_resunet_cas-single_seed777,cas-single,single-stream,777,1120,na,hokkaido_iburi_tobu,Hokkaido0218,0.5,781,2487,954,12162,39.42587240367364,0.1042884090275548,0.1895039333305457
E1,q2_x3_resunet_cas-single_seed777,cas-single,single-stream,777,1120,na,hokkaido_iburi_tobu,Hokkaido0219,0.5,678,849,3279,11578,48.12481971792721,0.1415966486480803,0.2511206695512464
E1,q2_x3_resunet_cas-single_seed777,cas-single,single-stream,777,1120,na,hokkaido_iburi_tobu,Hokkaido0220,0.5,181,175,3079,12949,45.234939329403645,0.08897636221931088,0.147934138194528
E1,q2_x3_resunet_cas-single_seed777,cas-single,single-stream,777,1120,na,hokkaido_iburi_tobu,Hokkaido0221,0.5,18,3031,870,12465,49.6134936870939,0.07017543859601483,0.10558774694135035
E1,q2_x3_resunet_cas-single_seed777,cas-single,single-stream,777,1120,na,hokkaido_iburi_tobu,Hokkaido0222,0.5,82,3777,789,11736,45.23548858645681,0.09540385863423144,0.13523666416178637
E1,q2_x3_resunet_cas-single_seed777,cas-single,single-stream,777,1120,na,hokkaido_iburi_tobu,Hokkaido0223,0.5,488,1645,1909,12342,43.629081454338476,0.15020247503810383,0.2519055354239009
E1,q2_x3_resunet_cas-single_seed777,cas-single,single-stream,777,1120,na,hokkaido_iburi_tobu,Hokkaido0224,0.5,630,1008,2414,12332,46.058508010628515,0.19162780801733625,0.31805545000297764
E1,q2_x3_resunet_cas-single_seed777,cas-single,single-stream,777,1120,na,hokkaido_iburi_tobu,Hokkaido0225,0.5,535,1436,2449,11964,39.397969163842745,0.2379653981117179,0.34527021909622224
E1,q2_x3_resunet_cas-single_seed777,cas-single,single-stream,777,1120,na,hokkaido_iburi_tobu,Hokkaido0226,0.5,456,247,3609,12072,48.445806478075696,0.11612961813791955,0.20013170786534132
E1,q2_x3_resunet_cas-single_seed777,cas-single,single-stream,777,1120,na,hokkaido_iburi_tobu,Hokkaido0227,0.5,885,740,2289,12470,59.8328677803526,0.3240186064682492,0.45039182714470655
E1,q2_x3_resunet_cas-single_seed777,cas-single,single-stream,777,1120,na,hokkaido_iburi_tobu,Hokkaido0228,0.5,178,3387,701,12118,53.2333713943631,0.12167508417459552,0.19849564528849462
E1,q2_x3_resunet_cas-single_seed777,cas-single,single-stream,777,1120,na,hokkaido_iburi_tobu,Hokkaido0229,0.5,212,2830,464,12878,44.553338819890925,0.19809461235168546,0.2813819522028905
E1,q2_x3_resunet_cas-single_seed777,cas-single,single-stream,777,1120,na,hokkaido_iburi_tobu,Hokkaido0230,0.5,210,4265,1090,10819,33.974985364372394,0.14397008413786241,0.22980193901336451
E1,q2_x3_resunet_cas-single_seed777,cas-single,single-stream,777,1120,na,hokkaido_iburi_tobu,Hokkaido0231,0.5,134,3171,937,12142,42.0095029100289,0.1306544901060784,0.1929223391880421
E1,q2_x3_resunet_cas-single_seed777,cas-single,single-stream,777,1120,na,hokkaido_iburi_tobu,Hokkaido0232,0.5,224,4939,482,10739,33.24154027718932,0.08125100757648475,0.1594448478975216
E1,q2_x3_resunet_cas-single_seed777,cas-single,single-stream,777,1120,na,hokkaido_iburi_tobu,Hokkaido0233,0.5,123,4178,228,11855,50.45245174761447,0.06786163105979413,0.12458378540114481
E1,q2_x3_resunet_cas-single_seed777,cas-single,single-stream,777,1120,na,hokkaido_iburi_tobu,Hokkaido0235,0.5,84,3161,0,13139,48.05101445602799,0.0,0.0
E1,q2_x3_resunet_cas-single_seed777,cas-single,single-stream,777,1120,na,hokkaido_iburi_tobu,Hokkaido0236,0.5,0,4172,91,12121,80.74775249653104,0.0,0.0
E1,q2_x3_resunet_cas-single_seed777,cas-single,single-stream,777,1120,na,hokkaido_iburi_tobu,Hokkaido0237,0.5,0,4556,72,11756,69.05794516380028,0.0,0.0
E1,q2_x3_resunet_cas-single_seed777,cas-single,single-stream,777,1120,na,hokkaido_iburi_tobu,Hokkaido0238,0.5,21,5121,143,11099,67.24493345787758,0.03684372121551782,0.052219321148452034
E1,q2_x3_resunet_cas-single_seed777,cas-single,single-stream,777,1120,na,hokkaido_iburi_tobu,Hokkaido0239,0.5,141,4382,166,11695,29.785709995709606,0.08743169398860688,0.15112464854688176
E1,q2_x3_resunet_cas-single_seed777,cas-single,single-stream,777,1120,na,hokkaido_iburi_tobu,Hokkaido0240,0.5,194,3309,151,12730,42.1070065428546,0.08824555284222917,0.1364522417149418
E1,q2_x3_resunet_cas-single_seed777,cas-single,single-stream,777,1120,na,hokkaido_iburi_tobu,Hokkaido0241,0.5,123,3947,24,12290,78.4461434720977,0.1838986514096764,0.24246439218261406
E1,q2_x3_resunet_cas-single_seed777,cas-single,single-stream,777,1120,na,hokkaido_iburi_tobu,Hokkaido0242,0.5,14,5535,13,10822,67.16545436816938,0.06508600650849035,0.15394367472591833
E1,q2_x3_resunet_cas-single_seed777,cas-single,single-stream,777,1120,na,hokkaido_iburi_tobu,Hokkaido0243,0.5,10,4895,50,11429,51.9708243732587,0.09100706502195492,0.17774575151604932
E1,q2_x3_resunet_cas-single_seed777,cas-single,single-stream,777,1120,na,hokkaido_iburi_tobu,Hokkaido0244,0.5,31,3307,2,13044,75.19906611768592,0.10277078085629902,0.1473087818695519
E1,q2_x3_resunet_cas-single_seed777,cas-single,single-stream,777,1120,na,hokkaido_iburi_tobu,Hokkaido0245,0.5,22,3612,67,12683,47.30630639278964,0.0,0.03502919099224209
E1,q2_x3_resunet_cas-single_seed777,cas-single,single-stream,777,1120,na,hokkaido_iburi_tobu,Hokkaido0246,0.5,0,3848,89,12447,83.00090358166828,0.0,0.0
E1,q2_x3_resunet_cas-single_seed777,cas-single,single-stream,777,1120,na,hokkaido_iburi_tobu,Hokkaido0247,0.5,0,4901,39,11444,113.09132418968913,0.0,0.0
E1,q2_x3_resunet_cas-single_seed777,cas-single,single-stream,777,1120,na,hokkaido_iburi_tobu,Hokkaido0248,0.5,14,3886,39,12445,42.535274292384905,0.0,0.0
E1,q2_x3_resunet_cas-single_seed777,cas-single,single-stream,777,1120,na,hokkaido_iburi_tobu,Hokkaido0250,0.5,0,3904,70,12410,85.74810115574046,0.0,0.0
E1,q2_x3_resunet_cas-single_seed777,cas-single,single-stream,777,1120,na,hokkaido_iburi_tobu,Hokkaido0251,0.5,0,2682,70,13632,85.43359776325437,0.0,0.0
E1,q2_x3_resunet_cas-single_seed777,cas-single,single-stream,777,1120,na,hokkaido_iburi_tobu,Hokkaido0252,0.5,0,507,27,15850,86.38343572497297,0.0,0.0
E1,q2_x3_resunet_cas-single_seed777,cas-single,single-stream,777,1120,na,hokkaido_iburi_tobu,Hokkaido0253,0.5,0,1647,654,14083,56.49848997938369,0.0,0.0
E1,q2_x3_resunet_cas-single_seed777,cas-single,single-stream,777,1120,na,hokkaido_iburi_tobu,Hokkaido0254,0.5,95,171,2534,13584,52.52327476478252,0.06262412286490593,0.10176018901337568
E1,q2_x3_resunet_cas-single_seed777,cas-single,single-stream,777,1120,na,hokkaido_iburi_tobu,Hokkaido0255,0.5,9,2,3308,13065,76.18822332703908,0.012979351032435481,0.03500583430568323
E1,q2_x3_resunet_cas-single_seed777,cas-single,single-stream,777,1120,na,hokkaido_iburi_tobu,Hokkaido0256,0.5,459,1032,1543,13350,53.36243902988629,0.197805945546197,0.3282873074606254
E1,q2_x3_resunet_cas-single_seed777,cas-single,single-stream,777,1120,na,hokkaido_iburi_tobu,Hokkaido0257,0.5,148,1424,1347,13465,55.90169943749474,0.08855871996004017,0.15191933806531752
E1,q2_x3_resunet_cas-single_seed777,cas-single,single-stream,777,1120,na,hokkaido_iburi_tobu,Hokkaido0258,0.5,18,31,2839,13496,62.67688304584677,0.034644532659633576,0.08262108262098788
E1,q2_x3_resunet_cas-single_seed777,cas-single,single-stream,777,1120,na,hokkaido_iburi_tobu,Hokkaido0259,0.5,134,73,3192,12985,105.55093557141026,0.07382281681229116,0.1072456591041709
E1,q2_x3_resunet_cas-single_seed777,cas-single,single-stream,777,1120,na,hokkaido_iburi_tobu,Hokkaido0260,0.5,464,387,2691,12842,56.72028708772686,0.125335135252743,0.22267029713164666
E1,q2_x3_resunet_cas-single_seed777,cas-single,single-stream,777,1120,na,hokkaido_iburi_tobu,Hokkaido0261,0.5,280,70,3055,12979,67.9440944111073,0.10219719630619561,0.14613970588221747
E1,q2_x3_resunet_cas-single_seed777,cas-single,single-stream,777,1120,na,hokkaido_iburi_tobu,Hokkaido0262,0.5,70,240,1703,14371,49.65027680760287,0.1375467541115175,0.1772936592274922
E1,q2_x3_resunet_cas-single_seed777,cas-single,single-stream,777,1120,na,hokkaido_iburi_tobu,Hokkaido0263,0.5,20,3985,296,12083,92.08636849627491,0.05667163786253056,0.081091617933257
E1,q2_x3_resunet_cas-single_seed777,cas-single,single-stream,777,1120,na,hokkaido_iburi_tobu,Hokkaido0264,0.5,20,5228,98,11038,91.67878707749138,0.03444152116701495,0.07182940516263456
E1,q2_x3_resunet_cas-single_seed777,cas-single,single-stream,777,1120,na,hokkaido_iburi_tobu,Hokkaido0265,0.5,0,3480,234,12670,59.90861060870575,0.0,0.0
E1,q2_x3_resunet_cas-single_seed777,cas-single,single-stream,777,1120,na,hokkaido_iburi_tobu,Hokkaido0266,0.5,30,3713,127,12514,59.29236659020056,0.06420177701309829,0.09697276330180223
E1,q2_x3_resunet_cas-single_seed777,cas-single,single-stream,777,1120,na,hokkaido_iburi_tobu,Hokkaido0267,0.5,75,4274,232,11803,46.89293715800297,0.09894669645660033,0.15896968908500778
E1,q2_x3_resunet_cas-single_seed777,cas-single,single-stream,777,1120,na,hokkaido_iburi_tobu,Hokkaido0268,0.5,187,2972,126,13099,36.88698376612117,0.16405407646960976,0.30117476300581214
E1,q2_x3_resunet_cas-single_seed777,cas-single,single-stream,777,1120,na,hokkaido_iburi_tobu,Hokkaido0269,0.5,0,3977,47,12360,93.10690405295128,0.0,0.0
E1,q2_x3_resunet_cas-single_seed777,cas-single,single-stream,777,1120,na,hokkaido_iburi_tobu,Hokkaido0270,0.5,39,2790,114,13441,59.771190668678464,0.04305705059167986,0.07583508877485394
E1,q2_x3_resunet_cas-single_seed777,cas-single,single-stream,777,1120,na,hokkaido_iburi_tobu,Hokkaido0271,0.5,93,4220,185,11886,29.53557067018933,0.0,0.0
E1,q2_x3_resunet_cas-single_seed777,cas-single,single-stream,777,1120,na,hokkaido_iburi_tobu,Hokkaido0272,0.5,76,2052,297,13959,49.27470243536719,0.043057050591534654,0.08627450980342406
E1,q2_x3_resunet_cas-single_seed777,cas-single,single-stream,777,1120,na,hokkaido_iburi_tobu,Hokkaido0273,0.5,112,3027,594,12651,42.29170016368816,0.10192375573547939,0.13478058200657014
E1,q2_x3_resunet_cas-single_seed777,cas-single,single-stream,777,1120,na,hokkaido_iburi_tobu,Hokkaido0274,0.5,0,1440,518,14426,62.856797028468954,0.0,0.0
E1,q2_x3_resunet_cas-single_seed777,cas-single,single-stream,777,1120,na,hokkaido_iburi_tobu,Hokkaido0275,0.5,9,1887,85,14403,52.62868159702631,0.04519774011265395,0.10114763664614716
E1,q2_x3_resunet_cas-single_seed777,cas-single,single-stream,777,1120,na,hokkaido_iburi_tobu,Hokkaido0276,0.5,21,4212,13,12138,66.48308055437865,0.0939010356729864,0.17368892873132935
E1,q2_x3_resunet_cas-single_seed777,cas-single,single-stream,777,1120,na,hokkaido_iburi_tobu,Hokkaido0277,0.5,78,4717,2,11587,42.9429853154339,0.048192771084103886,0.08674698795157376
E1,q2_x3_resunet_cas-single_seed777,cas-single,single-stream,777,1120,na,hokkaido_iburi_tobu,Hokkaido0278,0.5,0,4214,80,12090,89.42062370459801,0.0,0.0
E1,q2_x3_resunet_cas-single_seed777,cas-single,single-stream,777,1120,na,hokkaido_iburi_tobu,Hokkaido0279,0.5,0,4238,46,12100,85.28470565332043,0.0,0.0
E1,q2_x3_resunet_cas-single_seed777,cas-single,single-stream,777,1120,na,hokkaido_iburi_tobu,Hokkaido0280,0.5,18,2785,143,13438,49.737564926790085,0.05195381882731473,0.08343091334852905
E1,q2_x3_resunet_cas-single_seed777,cas-single,single-stream,777,1120,na,hokkaido_iburi_tobu,Hokkaido0281,0.5,0,2292,168,13924,72.1011559479143,0.0,0.0
E1,q2_x3_resunet_cas-single_seed777,cas-single,single-stream,777,1120,na,hokkaido_iburi_tobu,Hokkaido0282,0.5,2,2396,51,13935,57.14017850864661,0.03792667509466585,0.07117437722396025
E1,q2_x3_resunet_cas-single_seed777,cas-single,single-stream,777,1120,na,hokkaido_iburi_tobu,Hokkaido0283,0.5,0,2,158,16224,131.91661388864554,0.0,0.0
E1,q2_x3_resunet_cas-single_seed777,cas-single,single-stream,777,1120,na,hokkaido_iburi_tobu,Hokkaido0284,0.5,186,2470,462,13266,38.41680440213237,0.10149325241506957,0.16633049638362915
E1,q2_x3_resunet_cas-single_seed777,cas-single,single-stream,777,1120,na,hokkaido_iburi_tobu,Hokkaido0285,0.5,314,1886,1317,12867,39.89658572519812,0.2553691384061545,0.3467742717735568
E1,q2_x3_resunet_cas-single_seed777,cas-single,single-stream,777,1120,na,hokkaido_iburi_tobu,Hokkaido0286,0.5,385,456,2437,13106,50.46434168120571,0.22635397600806717,0.32754604615390986
E1,q2_x3_resunet_cas-single_seed777,cas-single,single-stream,777,1120,na,hokkaido_iburi_tobu,Hokkaido0287,0.5,878,1165,2067,12274,47.2701928016017,0.26198484055364124,0.40609485874843987
E1,q2_x3_resunet_cas-single_seed777,cas-single,single-stream,777,1120,na,hokkaido_iburi_tobu,Hokkaido0288,0.5,596,1166,2665,11957,50.93132631298737,0.14974657362981134,0.2673147588979471
E1,q2_x3_resunet_cas-single_seed777,cas-single,single-stream,777,1120,na,hokkaido_iburi_tobu,Hokkaido0289,0.5,439,169,3157,12619,62.61627784079203,0.1307981563776802,0.17779668226270484
E1,q2_x3_resunet_cas-single_seed777,cas-single,single-stream,777,1120,na,hokkaido_iburi_tobu,Hokkaido0290,0.5,2,0,3595,12787,112.46154585228257,0.005893909626713181,0.013698630136972695
E1,q2_x3_resunet_cas-single_seed777,cas-single,single-stream,777,1120,na,hokkaido_iburi_tobu,Hokkaido0291,0.5,991,1320,3060,11013,47.38143096192854,0.18364263298568678,0.3322888746269105
E1,q2_x3_resunet_cas-single_seed777,cas-single,single-stream,777,1120,na,hokkaido_iburi_tobu,Hokkaido0292,0.5,1073,3229,1920,10162,39.82963120607348,0.15116589064591332,0.2913476784521771
E1,q2_x3_resunet_cas-single_seed777,cas-single,single-stream,777,1120,na,hokkaido_iburi_tobu,Hokkaido0293,0.5,186,3842,812,11544,55.37056443865072,0.1520499592718566,0.21512010610552068
E1,q2_x3_resunet_cas-single_seed777,cas-single,single-stream,777,1120,na,hokkaido_iburi_tobu,Hokkaido0294,0.5,0,2729,218,13437,75.07191380674,0.0,0.0
E1,q2_x3_resunet_cas-single_seed777,cas-single,single-stream,777,1120,na,hokkaido_iburi_tobu,Hokkaido0295,0.5,147,1392,123,14722,56.844518454233764,0.21743994735067115,0.3425480769226634
E1,q2_x3_resunet_cas-single_seed777,cas-single,single-stream,777,1120,na,hokkaido_iburi_tobu,Hokkaido0296,0.5,71,2857,69,13387,35.34968107325426,0.04137931034451595,0.07186761229283808
E1,q2_x3_resunet_cas-single_seed777,cas-single,single-stream,777,1120,na,hokkaido_iburi_tobu,Hokkaido0297,0.5,13,3589,220,12562,60.30754513325841,0.01956947162383454,0.042502951593389404
E1,q2_x3_resunet_cas-single_seed777,cas-single,single-stream,777,1120,na,hokkaido_iburi_tobu,Hokkaido0298,0.5,41,2519,460,13364,37.21491624903778,0.03880983182356294,0.06001250260421202
E1,q2_x3_resunet_cas-single_seed777,cas-single,single-stream,777,1120,na,hokkaido_iburi_tobu,Hokkaido0299,0.5,0,2465,500,13419,55.90169943749474,0.032467532467035015,0.06013715491421877
E1,q2_x3_resunet_cas-single_seed777,cas-single,single-stream,777,1120,na,hokkaido_iburi_tobu,Hokkaido0300,0.5,16,3268,204,12896,57.64342624364475,0.04321329639849541,0.07708779443209247
E1,q2_x3_resunet_cas-single_seed777,cas-single,single-stream,777,1120,na,hokkaido_iburi_tobu,Hokkaido0301,0.5,0,3034,18,13332,109.60383204979651,0.0,0.0
E1,q2_x3_resunet_cas-single_seed777,cas-single,single-stream,777,1120,na,hokkaido_iburi_tobu,Hokkaido0302,0.5,0,3137,98,13149,80.24951478056728,0.0,0.0
E1,q2_x3_resunet_cas-single_seed777,cas-single,single-stream,777,1120,na,hokkaido_iburi_tobu,Hokkaido0303,0.5,54,3102,427,12801,46.43225104116948,0.052434456928339646,0.0673477898243542
E1,q2_x3_resunet_cas-single_seed777,cas-single,single-stream,777,1120,na,hokkaido_iburi_tobu,Hokkaido0304,0.5,123,4674,743,10844,37.35889146132056,0.1191898208252669,0.19323969334642002
E1,q2_x3_resunet_cas-single_seed777,cas-single,single-stream,777,1120,na,hokkaido_iburi_tobu,Hokkaido0305,0.5,490,2102,1226,12566,43.74668853973475,0.18980197072573626,0.2713938010205753
E1,q2_x3_resunet_cas-single_seed777,cas-single,single-stream,777,1120,na,hokkaido_iburi_tobu,Hokkaido0306,0.5,383,2649,1135,12217,37.37085796698017,0.12917764526376702,0.20869326123274679
E1,q2_x3_resunet_cas-single_seed777,cas-single,single-stream,777,1120,na,hokkaido_iburi_tobu,Hokkaido0307,0.5,0,2730,362,13292,44.53647314213626,0.0,0.01490683229768072
E1,q2_x3_resunet_cas-single_seed777,cas-single,single-stream,777,1120,na,hokkaido_iburi_tobu,Hokkaido0308,0.5,0,3697,77,12610,85.44496777684017,0.0,0.0
E1,q2_x3_resunet_cas-single_seed777,cas-single,single-stream,777,1120,na,hokkaido_iburi_tobu,Hokkaido0309,0.5,0,2554,17,13813,97.55485366371522,0.0,0.0
E1,q2_x3_resunet_cas-single_seed777,cas-single,single-stream,777,1120,na,hokkaido_iburi_tobu,Hokkaido0310,0.5,23,5201,54,11106,44.98332303254654,0.03476533399536858,0.10582453205040462
E1,q2_x3_resunet_cas-single_seed777,cas-single,single-stream,777,1120,na,hokkaido_iburi_tobu,Hokkaido0311,0.5,0,4240,60,12084,97.0051545022222,0.0,0.0
E1,q2_x3_resunet_cas-single_seed777,cas-single,single-stream,777,1120,na,hokkaido_iburi_tobu,Hokkaido0312,0.5,0,3242,104,13038,87.75644887054933,0.0,0.0
E1,q2_x3_resunet_cas-single_seed777,cas-single,single-stream,777,1120,na,hokkaido_iburi_tobu,Hokkaido0313,0.5,46,4047,106,12185,45.807657379931875,0.0044843049323975955,0.04428044280397054
E1,q2_x3_resunet_cas-single_seed777,cas-single,single-stream,777,1120,na,hokkaido_iburi_tobu,Hokkaido0314,0.5,100,1885,452,13947,46.34513829063503,0.13219449561721086,0.20982679391961367
E1,q2_x3_resunet_cas-single_seed777,cas-single,single-stream,777,1120,na,hokkaido_iburi_tobu,Hokkaido0315,0.5,220,1016,337,14811,38.01315561749642,0.0,0.08198121263833068
E1,q2_x3_resunet_cas-single_seed777,cas-single,single-stream,777,1120,na,hokkaido_iburi_tobu,Hokkaido0316,0.5,10,2507,43,13824,55.287841761464506,0.07083825265619637,0.0948925481437118
E1,q2_x3_resunet_cas-single_seed777,cas-single,single-stream,777,1120,na,hokkaido_iburi_tobu,Hokkaido0319,0.5,0,1621,84,14679,72.69422281225516,0.0,0.0
E1,q2_x3_resunet_cas-single_seed777,cas-single,single-stream,777,1120,na,hokkaido_iburi_tobu,Hokkaido0320,0.5,0,3685,163,12536,74.26034456578438,0.0,0.0
E1,q2_x3_resunet_cas-single_seed777,cas-single,single-stream,777,1120,na,hokkaido_iburi_tobu,Hokkaido0321,0.5,27,1437,413,14507,53.47032110359924,0.0,0.0
E1,q2_x3_resunet_cas-single_seed777,cas-single,single-stream,777,1120,na,hokkaido_iburi_tobu,Hokkaido0322,0.5,67,822,1906,13589,61.29437168288782,0.06037735849031608,0.10224608248846934
E1,q2_x3_resunet_cas-single_seed777,cas-single,single-stream,777,1120,na,hokkaido_iburi_tobu,Hokkaido0323,0.5,233,391,2757,13003,61.032778078668514,0.12031677062144863,0.19626902911339067
E1,q2_x3_resunet_cas-single_seed777,cas-single,single-stream,777,1120,na,hokkaido_iburi_tobu,Hokkaido0324,0.5,245,320,3161,12658,80.44501192965836,0.0963446172847402,0.15273161169332325
E1,q2_x3_resunet_cas-single_seed777,cas-single,single-stream,777,1120,na,hokkaido_iburi_tobu,Hokkaido0325,0.5,572,607,3288,11917,49.34160198847769,0.16254255672051662,0.26294389645538757
E1,q2_x3_resunet_cas-single_seed777,cas-single,single-stream,777,1120,na,hokkaido_iburi_tobu,Hokkaido0326,0.5,779,1373,3500,10732,51.61395160225576,0.14019578517406422,0.23807251414960473
E1,q2_x3_resunet_cas-single_seed777,cas-single,single-stream,777,1120,na,hokkaido_iburi_tobu,Hokkaido0327,0.5,196,104,4522,11562,57.52432951029422,0.09181911343873446,0.15680473372766615
E1,q2_x3_resunet_cas-single_seed777,cas-single,single-stream,777,1120,na,hokkaido_iburi_tobu,Hokkaido0328,0.5,765,1477,2231,11911,46.576278642279185,0.1525423728810974,0.2658102596008151
E1,q2_x3_resunet_cas-single_seed777,cas-single,single-stream,777,1120,na,hokkaido_iburi_tobu,Hokkaido0329,0.5,416,4076,563,11329,30.440916526071593,0.15516944778897382,0.24090157486588287
E1,q2_x3_resunet_cas-single_seed777,cas-single,single-stream,777,1120,na,hokkaido_iburi_tobu,Hokkaido0330,0.5,52,2720,368,13244,52.47606224703438,0.08538587848882735,0.12463256907656117
E1,q2_x3_resunet_cas-single_seed777,cas-single,single-stream,777,1120,na,hokkaido_iburi_tobu,Hokkaido0331,0.5,171,4418,222,11573,33.157388701932796,0.1066987910333835,0.18192722910788514
E1,q2_x3_resunet_cas-single_seed777,cas-single,single-stream,777,1120,na,hokkaido_iburi_tobu,Hokkaido0332,0.5,249,5352,91,10692,38.17058820276777,0.07210487982472882,0.12797619047570202
E1,q2_x3_resunet_cas-single_seed777,cas-single,single-stream,777,1120,na,hokkaido_iburi_tobu,Hokkaido0333,0.5,122,4464,270,11528,33.61547262794322,0.12471143895725066,0.20936385597557353
E1,q2_x3_resunet_cas-single_seed777,cas-single,single-stream,777,1120,na,hokkaido_iburi_tobu,Hokkaido0334,0.5,275,1276,1187,13646,49.22651128258572,0.0727272727269706,0.1552848385456256
E1,q2_x3_resunet_cas-single_seed777,cas-single,single-stream,777,1120,na,hokkaido_iburi_tobu,Hokkaido0335,0.5,348,1540,1338,13158,49.193495504995376,0.1256748273694247,0.24452827102529628
E1,q2_x3_resunet_cas-single_seed777,cas-single,single-stream,777,1120,na,hokkaido_iburi_tobu,Hokkaido0336,0.5,342,4199,293,11550,35.40052171637098,0.0681241300248828,0.1283158008887756
E1,q2_x3_resunet_cas-single_seed777,cas-single,single-stream,777,1120,na,hokkaido_iburi_tobu,Hokkaido0337,0.5,218,4012,316,11838,60.01083182912151,0.08078942812578024,0.12724273740151623
E1,q2_x3_resunet_cas-single_seed777,cas-single,single-stream,777,1120,na,hokkaido_iburi_tobu,Hokkaido0338,0.5,80,3335,308,12661,78.37343228100687,0.1432596934170771,0.1876607615110795
E1,q2_x3_resunet_cas-single_seed777,cas-single,single-stream,777,1120,na,hokkaido_iburi_tobu,Hokkaido0339,0.5,175,3850,236,12123,53.11778341181062,0.16501388337913261,0.23124242493493355
E1,q2_x3_resunet_cas-single_seed777,cas-single,single-stream,777,1120,na,hokkaido_iburi_tobu,Hokkaido0340,0.5,678,3045,683,11978,34.55130634041076,0.14816419365276762,0.2688646113610196
E1,q2_x3_resunet_cas-single_seed777,cas-single,single-stream,777,1120,na,hokkaido_iburi_tobu,Hokkaido0341,0.5,716,2986,1571,11111,40.09342656380685,0.12271031337776113,0.23818457608142132
E1,q2_x3_resunet_cas-single_seed777,cas-single,single-stream,777,1120,na,hokkaido_iburi_tobu,Hokkaido0342,0.5,704,2288,1418,11974,40.41456924814971,0.15491329479733115,0.2659646782692017
E1,q2_x3_resunet_cas-single_seed777,cas-single,single-stream,777,1120,na,hokkaido_iburi_tobu,Hokkaido0343,0.5,543,2236,835,12770,47.474185570734285,0.18742721368069812,0.2685233483768837
E1,q2_x3_resunet_cas-single_seed777,cas-single,single-stream,777,1120,na,hokkaido_iburi_tobu,Hokkaido0344,0.5,50,2699,543,13092,47.50789408087881,0.0,0.0
E1,q2_x3_resunet_cas-single_seed777,cas-single,single-stream,777,1120,na,hokkaido_iburi_tobu,Hokkaido0345,0.5,0,3831,19,12534,94.13467529205232,0.0,0.0
E1,q2_x3_resunet_cas-single_seed777,cas-single,single-stream,777,1120,na,hokkaido_iburi_tobu,Hokkaido0346,0.5,111,5711,200,10362,49.18158229344258,0.09575377600411539,0.19412862718436644
E1,q2_x3_resunet_cas-single_seed777,cas-single,single-stream,777,1120,na,hokkaido_iburi_tobu,Hokkaido0347,0.5,148,3929,265,12042,62.031040392814624,0.11744253428579873,0.18879341643423814
E1,q2_x3_resunet_cas-single_seed777,cas-single,single-stream,777,1120,na,hokkaido_iburi_tobu,Hokkaido0348,0.5,139,3007,106,13132,31.681550286343665,0.07039843558988174,0.0944646690931752
E1,q2_x3_resunet_cas-single_seed777,cas-single,single-stream,777,1120,na,hokkaido_iburi_tobu,Hokkaido0349,0.5,160,3348,17,12859,40.02173742515302,0.024281667340800322,0.1157043112042331
E1,q2_x3_resunet_cas-single_seed777,cas-single,single-stream,777,1120,na,hokkaido_iburi_tobu,Hokkaido0350,0.5,208,3595,490,12091,43.01162633521314,0.047887323943162106,0.09245354251387859
E1,q2_x3_resunet_cas-single_seed777,cas-single,single-stream,777,1120,na,hokkaido_iburi_tobu,Hokkaido0351,0.5,399,3755,418,11812,38.22544137878995,0.16966320587440856,0.30910744320373473
E1,q2_x3_resunet_cas-single_seed777,cas-single,single-stream,777,1120,na,hokkaido_iburi_tobu,Hokkaido0352,0.5,68,2729,397,13190,51.74801000375251,0.08779938715477532,0.17227882703728647
E1,q2_x3_resunet_cas-single_seed777,cas-single,single-stream,777,1120,na,hokkaido_iburi_tobu,Hokkaido0353,0.5,15,3077,278,13014,53.728479483190895,0.043648573027010924,0.08603478439803176
E1,q2_x3_resunet_cas-single_seed777,cas-single,single-stream,777,1120,na,hokkaido_iburi_tobu,Hokkaido0354,0.5,72,4067,0,12245,68.4269624452312,0.03854094975889275,0.12261995430285702
E1,q2_x3_resunet_cas-single_seed777,cas-single,single-stream,777,1120,na,hokkaido_iburi_tobu,Hokkaido0355,0.5,48,2994,24,13318,68.10395472086144,0.11864406779635163,0.16480793060698035
E1,q2_x3_resunet_cas-single_seed777,cas-single,single-stream,777,1120,na,hokkaido_iburi_tobu,Hokkaido0357,0.5,15,889,80,15400,49.170591080389606,0.027906976743709944,0.11162790697626808
E1,q2_x3_resunet_cas-single_seed777,cas-single,single-stream,777,1120,na,hokkaido_iburi_tobu,Hokkaido0358,0.5,0,2372,106,13906,65.60539352008534,0.0,0.0
E1,q2_x3_resunet_cas-single_seed777,cas-single,single-stream,777,1120,na,hokkaido_iburi_tobu,Hokkaido0359,0.5,0,4257,48,12079,70.06507386666769,0.0,0.0
E1,q2_x3_resunet_cas-single_seed777,cas-single,single-stream,777,1120,na,hokkaido_iburi_tobu,Hokkaido0360,0.5,0,4208,75,12101,50.92150822589606,0.0,0.0
E1,q2_x3_resunet_cas-single_seed777,cas-single,single-stream,777,1120,na,hokkaido_iburi_tobu,Hokkaido0361,0.5,383,3381,1442,11178,35.2341478509682,0.19407438734945723,0.3015706587789858
E1,q2_x3_resunet_cas-single_seed777,cas-single,single-stream,777,1120,na,hokkaido_iburi_tobu,Hokkaido0362,0.5,801,397,3393,11793,54.281649140324745,0.17368145078757657,0.28434648809111535
E1,q2_x3_resunet_cas-single_seed777,cas-single,single-stream,777,1120,na,hokkaido_iburi_tobu,Hokkaido0363,0.5,530,257,4669,10928,72.97944047413414,0.10443647816974623,0.17443996986416646
E1,q2_x3_resunet_cas-single_seed777,cas-single,single-stream,777,1120,na,hokkaido_iburi_tobu,Hokkaido0364,0.5,411,90,4890,10993,110.82508666337162,0.049812663414041225,0.0845403351022174
E1,q2_x3_resunet_cas-single_seed777,cas-single,single-stream,777,1120,na,hokkaido_iburi_tobu,Hokkaido0365,0.5,602,214,4711,10857,64.07612651044373,0.14596241861285741,0.23225298713558473
E1,q2_x3_resunet_cas-single_seed777,cas-single,single-stream,777,1120,na,hokkaido_iburi_tobu,Hokkaido0366,0.5,207,113,4495,11569,83.00602387778854,0.12024490472624542,0.18239436619701732
E1,q2_x3_resunet_cas-single_seed777,cas-single,single-stream,777,1120,na,hokkaido_iburi_tobu,Hokkaido0367,0.5,301,656,1828,13599,62.27760082678775,0.07137967231050943,0.11870423075669587
E1,q2_x3_resunet_cas-single_seed777,cas-single,single-stream,777,1120,na,hokkaido_iburi_tobu,Hokkaido0368,0.5,202,4024,371,11787,49.31493538773404,0.06882989183824165,0.09597924772972362
E1,q2_x3_resunet_cas-single_seed777,cas-single,single-stream,777,1120,na,hokkaido_iburi_tobu,Hokkaido0369,0.5,212,3529,528,12115,54.63329803736051,0.11129782833455727,0.19141417938450894
E1,q2_x3_resunet_cas-single_seed777,cas-single,single-stream,777,1120,na,hokkaido_iburi_tobu,Hokkaido0370,0.5,62,1929,509,13884,56.79788728465171,0.0,0.017615971813948333
E1,q2_x3_resunet_cas-single_seed777,cas-single,single-stream,777,1120,na,hokkaido_iburi_tobu,Hokkaido0371,0.5,47,1810,458,14069,40.31119691992745,0.16073991388883563,0.23235940625799004
E1,q2_x3_resunet_cas-single_seed777,cas-single,single-stream,777,1120,na,hokkaido_iburi_tobu,Hokkaido0372,0.5,105,3275,543,12461,38.64850777373576,0.09121109841287489,0.15912773529139515
E1,q2_x3_resunet_cas-single_seed777,cas-single,single-stream,777,1120,na,hokkaido_iburi_tobu,Hokkaido0373,0.5,262,2498,1269,12355,48.4355175542687,0.0698378210596367,0.13418605563587035
E1,q2_x3_resunet_cas-single_seed777,cas-single,single-stream,777,1120,na,hokkaido_iburi_tobu,Hokkaido0374,0.5,531,2486,1645,11722,42.50999134633514,0.15004839411425158,0.24820607468426148
E1,q2_x3_resunet_cas-single_seed777,cas-single,single-stream,777,1120,na,hokkaido_iburi_tobu,Hokkaido0375,0.5,418,2797,1027,12142,40.627557781614165,0.13715858483492813,0.1913928046824391
E1,q2_x3_resunet_cas-single_seed777,cas-single,single-stream,777,1120,na,hokkaido_iburi_tobu,Hokkaido0376,0.5,574,3028,773,12009,33.401295705448206,0.2650167991472784,0.3725613749984934
E1,q2_x3_resunet_cas-single_seed777,cas-single,single-stream,777,1120,na,hokkaido_iburi_tobu,Hokkaido0377,0.5,113,1076,1038,14157,43.1008724748373,0.16532528504319355,0.22075201234936018
E1,q2_x3_resunet_cas-single_seed777,cas-single,single-stream,777,1120,na,hokkaido_iburi_tobu,Hokkaido0378,0.5,90,4178,538,11578,39.140614722944214,0.04996556258168206,0.09822749740214588
E1,q2_x3_resunet_cas-single_seed777,cas-single,single-stream,777,1120,na,hokkaido_iburi_tobu,Hokkaido0379,0.5,200,1292,1280,13612,53.23531334622352,0.07588803595895992,0.17323307040416963
E1,q2_x3_resunet_cas-single_seed777,cas-single,single-stream,777,1120,na,hokkaido_iburi_tobu,Hokkaido0380,0.5,571,2475,1723,11615,42.434655304849976,0.11562338456841725,0.20864082539200218
E1,q2_x3_resunet_cas-single_seed777,cas-single,single-stream,777,1120,na,hokkaido_iburi_tobu,Hokkaido0381,0.5,378,2446,1996,11564,48.81442476927997,0.1272857396739609,0.20800559342741007
E1,q2_x3_resunet_cas-single_seed777,cas-single,single-stream,777,1120,na,hokkaido_iburi_tobu,Hokkaido0382,0.5,623,1338,2041,12382,46.24497069602245,0.1592980986998608,0.24811786435633956
E1,q2_x3_resunet_cas-single_seed777,cas-single,single-stream,777,1120,na,hokkaido_iburi_tobu,Hokkaido0383,0.5,186,444,1823,13931,67.01641251261756,0.10310344827562877,0.18074815956146506
E1,q2_x3_resunet_cas-single_seed777,cas-single,single-stream,777,1120,na,hokkaido_iburi_tobu,Hokkaido0384,0.5,82,4130,804,11368,46.66904755831214,0.0775444264938688,0.1359860923309661
E1,q2_x3_resunet_cas-single_seed777,cas-single,single-stream,777,1120,na,hokkaido_iburi_tobu,Hokkaido0385,0.5,365,4618,303,11098,40.27652153379066,0.021538461537964265,0.09884678747891816
E1,q2_x3_resunet_cas-single_seed777,cas-single,single-stream,777,1120,na,hokkaido_iburi_tobu,Hokkaido0386,0.5,178,4243,299,11664,51.62363799656123,0.11730515191495904,0.21213375873692983
E1,q2_x3_resunet_cas-single_seed777,cas-single,single-stream,777,1120,na,hokkaido_iburi_tobu,Hokkaido0387,0.5,103,2185,641,13455,45.257588375379626,0.08130160271928218,0.1384545660543566
E1,q2_x3_resunet_cas-single_seed777,cas-single,single-stream,777,1120,na,hokkaido_iburi_tobu,Hokkaido0388,0.5,209,3304,591,12280,48.125867434404014,0.2071893797418616,0.25625431928077497
E1,q2_x3_resunet_cas-single_seed777,cas-single,single-stream,777,1120,na,hokkaido_iburi_tobu,Hokkaido0389,0.5,116,3523,541,12204,36.235341863986875,0.056410256409756526,0.08880866425942918
E1,q2_x3_resunet_cas-single_seed777,cas-single,single-stream,777,1120,na,hokkaido_iburi_tobu,Hokkaido0390,0.5,222,3606,814,11742,34.94844486036079,0.1293783360326577,0.16965362385080715
E1,q2_x3_resunet_cas-single_seed777,cas-single,single-stream,777,1120,na,hokkaido_iburi_tobu,Hokkaido0391,0.5,305,3375,842,11862,38.2099463490856,0.15972265213848744,0.26600283606380476
E1,q2_x3_resunet_cas-single_seed777,cas-single,single-stream,777,1120,na,hokkaido_iburi_tobu,Hokkaido0392,0.5,220,3504,478,12182,35.35109556977254,0.04981320049763569,0.14558604552173376
E1,q2_x3_resunet_cas-single_seed777,cas-single,single-stream,777,1120,na,hokkaido_iburi_tobu,Hokkaido0393,0.5,121,3903,190,12170,35.30029265220242,0.06338028168965075,0.09727626459094096
E1,q2_x3_resunet_cas-single_seed777,cas-single,single-stream,777,1120,na,hokkaido_iburi_tobu,Hokkaido0394,0.5,62,3925,132,12265,50.771375566909725,0.0,0.03076923076875396
E1,q2_x3_resunet_cas-single_seed777,cas-single,single-stream,777,1120,na,hokkaido_iburi_tobu,Hokkaido0395,0.5,0,752,153,15479,79.92496481075234,0.0,0.0
E1,q2_x3_resunet_cas-single_seed777,cas-single,single-stream,777,1120,na,hokkaido_iburi_tobu,Hokkaido0396,0.5,30,2228,203,13923,48.33939675727029,0.08251676121665971,0.12115871792004072
E1,q2_x3_resunet_cas-single_seed777,cas-single,single-stream,777,1120,na,hokkaido_iburi_tobu,Hokkaido0397,0.5,12,2227,89,14056,44.88421528031945,0.027397260273598283,0.08094435075842785
E1,q2_x3_resunet_cas-single_seed777,cas-single,single-stream,777,1120,na,hokkaido_iburi_tobu,Hokkaido0398,0.5,24,2179,16,14165,36.91931133950867,0.07470288624770845,0.11807353702722923
E1,q2_x3_resunet_cas-single_seed777,cas-single,single-stream,777,1120,na,hokkaido_iburi_tobu,Hokkaido0399,0.5,115,2421,480,13368,37.77540414183025,0.14824992768246412,0.20677860696467637
E1,q2_x3_resunet_cas-single_seed777,cas-single,single-stream,777,1120,na,hokkaido_iburi_tobu,Hokkaido0400,0.5,91,643,2508,13142,56.67008231727233,0.061089428134821454,0.07636178516859034
E1,q2_x3_resunet_cas-single_seed777,cas-single,single-stream,777,1120,na,hokkaido_iburi_tobu,Hokkaido0401,0.5,612,157,4870,10745,44.986102527122114,0.23581331038368572,0.32358576113534193
E1,q2_x3_resunet_cas-single_seed777,cas-single,single-stream,777,1120,na,hokkaido_iburi_tobu,Hokkaido0402,0.5,186,35,6356,9807,113.6001760562016,0.04338185452825898,0.0725247337813631
E1,q2_x3_resunet_cas-single_seed777,cas-single,single-stream,777,1120,na,hokkaido_iburi_tobu,Hokkaido0403,0.5,427,67,5153,10737,85.28393590739202,0.07685452441430332,0.11364492480646542
E1,q2_x3_resunet_cas-single_seed777,cas-single,single-stream,777,1120,na,hokkaido_iburi_tobu,Hokkaido0404,0.5,53,8,5127,11196,79.15427891572888,0.03860709659389353,0.08055925432748592
E1,q2_x3_resunet_cas-single_seed777,cas-single,single-stream,777,1120,na,hokkaido_iburi_tobu,Hokkaido0405,0.5,1191,1752,3122,10319,40.26164427839479,0.22416728534092897,0.33532643853198074
E1,q2_x3_resunet_cas-single_seed777,cas-single,single-stream,777,1120,na,hokkaido_iburi_tobu,Hokkaido0406,0.5,260,594,2122,13408,68.49520156476238,0.1569598149805733,0.24300981645036823
E1,q2_x3_resunet_cas-single_seed777,cas-single,single-stream,777,1120,na,hokkaido_iburi_tobu,Hokkaido0407,0.5,70,1576,1085,13653,55.890962874402426,0.05482706629467525,0.07765894404120105
E1,q2_x3_resunet_cas-single_seed777,cas-single,single-stream,777,1120,na,hokkaido_iburi_tobu,Hokkaido0408,0.5,462,2085,914,12923,46.79515103169028,0.17917329609982185,0.33410551575800324
E1,q2_x3_resunet_cas-single_seed777,cas-single,single-stream,777,1120,na,hokkaido_iburi_tobu,Hokkaido0409,0.5,526,2110,599,13149,36.702834935759284,0.15592996365993086,0.2452783263838376
E1,q2_x3_resunet_cas-single_seed777,cas-single,single-stream,777,1120,na,hokkaido_iburi_tobu,Hokkaido0410,0.5,134,1272,957,14021,62.23584129149379,0.11628362241067075,0.17685589519614847
E1,q2_x3_resunet_cas-single_seed777,cas-single,single-stream,777,1120,na,hokkaido_iburi_tobu,Hokkaido0411,0.5,808,2719,1229,11628,26.765546309212308,0.1964308770992561,0.36967557447401056
E1,q2_x3_resunet_cas-single_seed777,cas-single,single-stream,777,1120,na,hokkaido_iburi_tobu,Hokkaido0412,0.5,443,2801,1296,11844,48.07596237924531,0.16145545989875595,0.25905650987550116
E1,q2_x3_resunet_cas-single_seed777,cas-single,single-stream,777,1120,na,hokkaido_iburi_tobu,Hokkaido0413,0.5,228,889,2086,13181,56.586217403180434,0.07984639830490152,0.1258379015783747
E1,q2_x3_resunet_cas-single_seed777,cas-single,single-stream,777,1120,na,hokkaido_iburi_tobu,Hokkaido0414,0.5,797,2691,1768,11128,34.19356364429253,0.15173513004387634,0.3025998254228458
E1,q2_x3_resunet_cas-single_seed777,cas-single,single-stream,777,1120,na,hokkaido_iburi_tobu,Hokkaido0415,0.5,292,3245,1148,11699,39.59797974644666,0.18956774938455714,0.29163270514769823
E1,q2_x3_resunet_cas-single_seed777,cas-single,single-stream,777,1120,na,hokkaido_iburi_tobu,Hokkaido0416,0.5,377,1853,676,13478,52.39656195498701,0.13178735959371696,0.19872792166147346
E1,q2_x3_resunet_cas-single_seed777,cas-single,single-stream,777,1120,na,hokkaido_iburi_tobu,Hokkaido0417,0.5,95,1970,1073,13246,55.585498782171854,0.07959922070651763,0.1021394582033268
E1,q2_x3_resunet_cas-single_seed777,cas-single,single-stream,777,1120,na,hokkaido_iburi_tobu,Hokkaido0418,0.5,387,1746,1211,13040,45.269193597525266,0.201504567436476,0.29074279759172905
E1,q2_x3_resunet_cas-single_seed777,cas-single,single-stream,777,1120,na,hokkaido_iburi_tobu,Hokkaido0419,0.5,767,4215,1393,10009,37.44329045369811,0.2053425063876141,0.3420838152053974
E1,q2_x3_resunet_cas-single_seed777,cas-single,single-stream,777,1120,na,hokkaido_iburi_tobu,Hokkaido0420,0.5,472,2031,2452,11429,45.76565968230969,0.11145156252297897,0.2272080177663501
E1,q2_x3_resunet_cas-single_seed777,cas-single,single-stream,777,1120,na,hokkaido_iburi_tobu,Hokkaido0421,0.5,301,290,3165,12628,54.67174773134658,0.10696560632715305,0.17513287444437187
E1,q2_x3_resunet_cas-single_seed777,cas-single,single-stream,777,1120,na,hokkaido_iburi_tobu,Hokkaido0422,0.5,533,1765,2722,11364,50.47771785649585,0.16648437966048377,0.27195398404563625
E1,q2_x3_resunet_cas-single_seed777,cas-single,single-stream,777,1120,na,hokkaido_iburi_tobu,Hokkaido0423,0.5,630,1531,1771,12452,45.24804762105935,0.17115371768286694,0.31920698993374164
E1,q2_x3_resunet_cas-single_seed777,cas-single,single-stream,777,1120,na,hokkaido_iburi_tobu,Hokkaido0424,0.5,594,884,1541,13365,57.32973667178861,0.1317259629517583,0.19548872180418642
E1,q2_x3_resunet_cas-single_seed777,cas-single,single-stream,777,1120,na,hokkaido_iburi_tobu,Hokkaido0425,0.5,102,3392,1299,11591,46.08795696806233,0.09214092140874021,0.18212907070082995
E1,q2_x3_resunet_cas-single_seed777,cas-single,single-stream,777,1120,na,hokkaido_iburi_tobu,Hokkaido0426,0.5,97,192,774,15321,68.48859929284531,0.04322766570577731,0.1416042098546885
E1,q2_x3_resunet_cas-single_seed777,cas-single,single-stream,777,1120,na,hokkaido_iburi_tobu,Hokkaido0427,0.5,380,3205,685,12114,54.31929742422403,0.14718198668177107,0.26128578132286134
E1,q2_x3_resunet_cas-single_seed777,cas-single,single-stream,777,1120,na,hokkaido_iburi_tobu,Hokkaido0428,0.5,340,3298,775,11971,35.47951725916899,0.09514972585362783,0.17593937032928014
E1,q2_x3_resunet_cas-single_seed777,cas-single,single-stream,777,1120,na,hokkaido_iburi_tobu,Hokkaido0429,0.5,476,3059,1273,11576,34.13575465281313,0.12776515650766773,0.20635951305580766
E1,q2_x3_resunet_cas-single_seed777,cas-single,single-stream,777,1120,na,hokkaido_iburi_tobu,Hokkaido0430,0.5,674,2909,950,11851,35.47040900729605,0.19189684039400828,0.29895172770764605
E1,q2_x3_resunet_cas-single_seed777,cas-single,single-stream,777,1120,na,hokkaido_iburi_tobu,Hokkaido0431,0.5,337,3388,1169,11490,43.749149650668606,0.14035633704152242,0.2318311628288628
E1,q2_x3_resunet_cas-single_seed777,cas-single,single-stream,777,1120,na,hokkaido_iburi_tobu,Hokkaido0432,0.5,123,3160,1195,11906,43.9476282686402,0.11566196470318597,0.1824632539275398
E1,q2_x3_resunet_cas-single_seed777,cas-single,single-stream,777,1120,na,hokkaido_iburi_tobu,Hokkaido0433,0.5,27,1768,402,14187,49.42012691437987,0.0,0.010434782608224872
E1,q2_x3_resunet_cas-single_seed777,cas-single,single-stream,777,1120,na,hokkaido_iburi_tobu,Hokkaido0434,0.5,161,2894,0,13329,53.536799819740615,0.13934792317965372,0.18043516716752947
E1,q2_x3_resunet_cas-single_seed777,cas-single,single-stream,777,1120,na,hokkaido_iburi_tobu,Hokkaido0435,0.5,145,4106,16,12117,65.60932020557185,0.10316139767033315,0.14588998117527519
E1,q2_x3_resunet_cas-single_seed777,cas-single,single-stream,777,1120,na,hokkaido_iburi_tobu,Hokkaido0438,0.5,309,2407,972,12696,51.957117709915885,0.17400227764730347,0.2673884900548366
E1,q2_x3_resunet_cas-single_seed777,cas-single,single-stream,777,1120,na,hokkaido_iburi_tobu,Hokkaido0439,0.5,354,717,1897,13416,52.860622621751524,0.12628425560613568,0.2593739250082805
E1,q2_x3_resunet_cas-single_seed777,cas-single,single-stream,777,1120,na,hokkaido_iburi_tobu,Hokkaido0440,0.5,972,569,2998,11845,66.48308055437865,0.2155319478905594,0.3095204756261258
E1,q2_x3_resunet_cas-single_seed777,cas-single,single-stream,777,1120,na,hokkaido_iburi_tobu,Hokkaido0441,0.5,837,289,5841,9417,66.258955135138,0.10585285833655926,0.1548613049766259
E1,q2_x3_resunet_cas-single_seed777,cas-single,single-stream,777,1120,na,hokkaido_iburi_tobu,Hokkaido0442,0.5,140,4,7204,9036,112.29425630903836,0.029735757248044385,0.05188329627378405
E1,q2_x3_resunet_cas-single_seed777,cas-single,single-stream,777,1120,na,hokkaido_iburi_tobu,Hokkaido0443,0.5,1101,230,5572,9481,38.28837943815329,0.21084632061730532,0.306813416213619
E1,q2_x3_resunet_cas-single_seed777,cas-single,single-stream,777,1120,na,hokkaido_iburi_tobu,Hokkaido0444,0.5,486,137,4116,11645,62.263146607425334,0.14395204769842276,0.20169696756965483
E1,q2_x3_resunet_cas-single_seed777,cas-single,single-stream,777,1120,na,hokkaido_iburi_tobu,Hokkaido0445,0.5,329,738,2803,12514,55.94640292279746,0.14398091348638511,0.241110408893157
E1,q2_x3_resunet_cas-single_seed777,cas-single,single-stream,777,1120,na,hokkaido_iburi_tobu,Hokkaido0446,0.5,777,1553,1904,12150,47.583570505506444,0.15760947253029356,0.2714149848199151
E1,q2_x3_resunet_cas-single_seed777,cas-single,single-stream,777,1120,na,hokkaido_iburi_tobu,Hokkaido0447,0.5,400,1790,1340,12854,47.4236228055175,0.11664243061751116,0.17085736932456888
E1,q2_x3_resunet_cas-single_seed777,cas-single,single-stream,777,1120,na,hokkaido_iburi_tobu,Hokkaido0448,0.5,102,1933,724,13625,59.52867106120609,0.1457480800488567,0.21533789513074172
E1,q2_x3_resunet_cas-single_seed777,cas-single,single-stream,777,1120,na,hokkaido_iburi_tobu,Hokkaido0449,0.5,79,1674,1425,13206,47.70744176750625,0.03170820164726805,0.05923975645840521
E1,q2_x3_resunet_cas-single_seed777,cas-single,single-stream,777,1120,na,hokkaido_iburi_tobu,Hokkaido0450,0.5,1236,2134,1982,11032,41.340053217188775,0.23177417215582086,0.34757346349854473
E1,q2_x3_resunet_cas-single_seed777,cas-single,single-stream,777,1120,na,hokkaido_iburi_tobu,Hokkaido0451,0.5,218,424,3317,12425,57.28917737286334,0.07130409059618119,0.10681302250935383
E1,q2_x3_resunet_cas-single_seed777,cas-single,single-stream,777,1120,na,hokkaido_iburi_tobu,Hokkaido0452,0.5,698,1823,2734,11129,43.840620433565945,0.15691565264742138,0.2734116416337626
E1,q2_x3_resunet_cas-single_seed777,cas-single,single-stream,777,1120,na,hokkaido_iburi_tobu,Hokkaido0453,0.5,817,2184,2441,10942,43.18564576337837,0.1439231688344258,0.22938515215389554
E1,q2_x3_resunet_cas-single_seed777,cas-single,single-stream,777,1120,na,hokkaido_iburi_tobu,Hokkaido0454,0.5,343,3337,1592,11112,39.281639557314826,0.13125411454863972,0.1927853341214103
E1,q2_x3_resunet_cas-single_seed777,cas-single,single-stream,777,1120,na,hokkaido_iburi_tobu,Hokkaido0455,0.5,418,3517,867,11582,36.004165863221466,0.14149139579305828,0.21069548912959404
E1,q2_x3_resunet_cas-single_seed777,cas-single,single-stream,777,1120,na,hokkaido_iburi_tobu,Hokkaido0456,0.5,689,3837,865,10993,29.698484809834994,0.1915371256719731,0.3397876327290965
E1,q2_x3_resunet_cas-single_seed777,cas-single,single-stream,777,1120,na,hokkaido_iburi_tobu,Hokkaido0457,0.5,742,4574,1223,9845,32.01873172512884,0.2002568254141194,0.2975705980061986
E1,q2_x3_resunet_cas-single_seed777,cas-single,single-stream,777,1120,na,hokkaido_iburi_tobu,Hokkaido0458,0.5,671,3432,1620,10661,34.42673085653527,0.12759389470037905,0.21167504517201913
E1,q2_x3_resunet_cas-single_seed777,cas-single,single-stream,777,1120,na,hokkaido_iburi_tobu,Hokkaido0459,0.5,811,1590,1960,12023,41.72049331519747,0.16799396428844765,0.287743799662618
E1,q2_x3_resunet_cas-single_seed777,cas-single,single-stream,777,1120,na,hokkaido_iburi_tobu,Hokkaido0460,0.5,830,1151,2637,11766,39.71018568178144,0.16272391066276662,0.26188905674799856
E1,q2_x3_resunet_cas-single_seed777,cas-single,single-stream,777,1120,na,hokkaido_iburi_tobu,Hokkaido0461,0.5,975,1217,2703,11489,47.30156244913592,0.16071539080361072,0.28227099433252795
E1,q2_x3_resunet_cas-single_seed777,cas-single,single-stream,777,1120,na,hokkaido_iburi_tobu,Hokkaido0462,0.5,566,1390,2282,12146,55.17245689653489,0.09838891031870506,0.15760396384384764
E1,q2_x3_resunet_cas-single_seed777,cas-single,single-stream,777,1120,na,hokkaido_iburi_tobu,Hokkaido0463,0.5,436,186,2359,13403,49.32792593154386,0.22458270106193537,0.34774250532520823
E1,q2_x3_resunet_cas-single_seed777,cas-single,single-stream,777,1120,na,hokkaido_iburi_tobu,Hokkaido0464,0.5,604,1797,1753,12230,51.02204870102934,0.2116439549528679,0.295874822190245
E1,q2_x3_resunet_cas-single_seed777,cas-single,single-stream,777,1120,na,hokkaido_iburi_tobu,Hokkaido0465,0.5,43,2221,650,13470,46.67440319866286,0.0,0.002773925103534042
E1,q2_x3_resunet_cas-single_seed777,cas-single,single-stream,777,1120,na,hokkaido_iburi_tobu,Hokkaido0466,0.5,133,1269,742,14240,58.189547266311365,0.0,0.025547445255201154
E1,q2_x3_resunet_cas-single_seed777,cas-single,single-stream,777,1120,na,hokkaido_iburi_tobu,Hokkaido0467,0.5,504,2793,1142,11945,44.95827341398303,0.1078348778428944,0.16888826854591968
E1,q2_x3_resunet_cas-single_seed777,cas-single,single-stream,777,1120,na,hokkaido_iburi_tobu,Hokkaido0468,0.5,514,1724,1801,12345,43.83377657439973,0.14408931337563083,0.26743076984699504
E1,q2_x3_resunet_cas-single_seed777,cas-single,single-stream,777,1120,na,hokkaido_iburi_tobu,Hokkaido0469,0.5,470,579,1860,13475,59.67786194281995,0.2225578392099907,0.3309592609170231
E1,q2_x3_resunet_cas-single_seed777,cas-single,single-stream,777,1120,na,hokkaido_iburi_tobu,Hokkaido0470,0.5,662,244,1411,14067,37.48332962798263,0.36977612499777124,0.5641686523416806
E1,q2_x3_resunet_cas-single_seed777,cas-single,single-stream,777,1120,na,hokkaido_iburi_tobu,Hokkaido0471,0.5,727,4450,766,10441,26.812239548136596,0.18079572818030404,0.30655024166151384
E1,q2_x3_resunet_cas-single_seed777,cas-single,single-stream,777,1120,na,hokkaido_iburi_tobu,Hokkaido0472,0.5,285,3904,73,12122,59.27859454346466,0.11336572353963122,0.17320261437866188
E1,q2_x3_resunet_cas-single_seed777,cas-single,single-stream,777,1120,na,hokkaido_iburi_tobu,Hokkaido0473,0.5,0,4118,75,12191,93.96275616938627,0.0,0.0
E1,q2_x3_resunet_cas-single_seed777,cas-single,single-stream,777,1120,na,hokkaido_iburi_tobu,Hokkaido0474,0.5,0,1866,75,14443,81.02468759581859,0.0,0.0
E1,q2_x3_resunet_cas-single_seed777,cas-single,single-stream,777,1120,na,hokkaido_iburi_tobu,Hokkaido0478,0.5,0,5442,15,10927,102.41777186738635,0.0,0.0
E1,q2_x3_resunet_cas-single_seed777,cas-single,single-stream,777,1120,na,hokkaido_iburi_tobu,Hokkaido0479,0.5,137,3866,785,11596,47.758717708486614,0.172908985056756,0.21996832047367637
E1,q2_x3_resunet_cas-single_seed777,cas-single,single-stream,777,1120,na,hokkaido_iburi_tobu,Hokkaido0480,0.5,534,2207,1932,11711,48.79549159502341,0.17923671981867753,0.2728038333087802
E1,q2_x3_resunet_cas-single_seed777,cas-single,single-stream,777,1120,na,hokkaido_iburi_tobu,Hokkaido0481,0.5,841,1774,1612,12157,45.05541905459501,0.1016867575309847,0.20865806064205003
E1,q2_x3_resunet_cas-single_seed777,cas-single,single-stream,777,1120,na,hokkaido_iburi_tobu,Hokkaido0482,0.5,422,1831,2307,11824,48.758479180321814,0.20804256249918104,0.34615178140002717
E1,q2_x3_resunet_cas-single_seed777,cas-single,single-stream,777,1120,na,hokkaido_iburi_tobu,Hokkaido0483,0.5,0,2,5476,10906,98.79548169865653,0.001792114695338711,0.011591618368245273
E1,q2_x3_resunet_cas-single_seed777,cas-single,single-stream,777,1120,na,hokkaido_iburi_tobu,Hokkaido0484,0.5,137,3,8623,7621,79.2858502619734,0.033365415463530106,0.07244499859221165
E1,q2_x3_resunet_cas-single_seed777,cas-single,single-stream,777,1120,na,hokkaido_iburi_tobu,Hokkaido0485,0.5,784,263,8691,6646,75.8023746329889,0.1277257704676797,0.1933471933469916
E1,q2_x3_resunet_cas-single_seed777,cas-single,single-stream,777,1120,na,hokkaido_iburi_tobu,Hokkaido0486,0.5,0,0,6660,9724,181.01933598375618,0.0,0.0
E1,q2_x3_resunet_cas-single_seed777,cas-single,single-stream,777,1120,na,hokkaido_iburi_tobu,Hokkaido0487,0.5,1325,625,3184,11250,54.597613403376904,0.18024526325247933,0.2825428859735111
E1,q2_x3_resunet_cas-single_seed777,cas-single,single-stream,777,1120,na,hokkaido_iburi_tobu,Hokkaido0488,0.5,1572,1195,2204,11413,42.37554809511304,0.2566248256621238,0.4058065379616963
E1,q2_x3_resunet_cas-single_seed777,cas-single,single-stream,777,1120,na,hokkaido_iburi_tobu,Hokkaido0489,0.5,116,2718,1564,11986,48.09781605446151,0.1075051885857893,0.1413564879465795
E1,q2_x3_resunet_cas-single_seed777,cas-single,single-stream,777,1120,na,hokkaido_iburi_tobu,Hokkaido0490,0.5,35,2971,554,12824,50.154737965253936,0.0967884561271602,0.14264966919428088
E1,q2_x3_resunet_cas-single_seed777,cas-single,single-stream,777,1120,na,hokkaido_iburi_tobu,Hokkaido0491,0.5,257,677,1866,13584,61.5223536610881,0.060020269509186895,0.09733656174311553
E1,q2_x3_resunet_cas-single_seed777,cas-single,single-stream,777,1120,na,hokkaido_iburi_tobu,Hokkaido0492,0.5,155,334,3193,12702,61.04752128540439,0.07191245440319095,0.09726048822728318
E1,q2_x3_resunet_cas-single_seed777,cas-single,single-stream,777,1120,na,hokkaido_iburi_tobu,Hokkaido0493,0.5,1650,1749,2458,10527,38.47076812334269,0.19930165754800805,0.3289408204660505
E1,q2_x3_resunet_cas-single_seed777,cas-single,single-stream,777,1120,na,hokkaido_iburi_tobu,Hokkaido0494,0.5,384,105,4046,11849,86.59474283073592,0.07144869266808025,0.12372304878254634
E1,q2_x3_resunet_cas-single_seed777,cas-single,single-stream,777,1120,na,hokkaido_iburi_tobu,Hokkaido0495,0.5,399,297,3913,11775,58.172155747923235,0.15670755836940994,0.24619695977999448
E1,q2_x3_resunet_cas-single_seed777,cas-single,single-stream,777,1120,na,hokkaido_iburi_tobu,Hokkaido0496,0.5,241,11,3230,12902,49.24428900898052,0.12340441578505994,0.23693695607510423
E1,q2_x3_resunet_cas-single_seed777,cas-single,single-stream,777,1120,na,hokkaido_iburi_tobu,Hokkaido0497,0.5,471,1911,1975,12027,45.17742799230607,0.1040447614570393,0.19442777539618053
E1,q2_x3_resunet_cas-single_seed777,cas-single,single-stream,777,1120,na,hokkaido_iburi_tobu,Hokkaido0498,0.5,845,3970,1082,10487,29.16504032598529,0.1301104298602168,0.2376328817587813
E1,q2_x3_resunet_cas-single_seed777,cas-single,single-stream,777,1120,na,hokkaido_iburi_tobu,Hokkaido0499,0.5,505,3493,1205,11181,47.552038661911595,0.10200472954213,0.1916030317649388
E1,q2_x3_resunet_cas-single_seed777,cas-single,single-stream,777,1120,na,hokkaido_iburi_tobu,Hokkaido0500,0.5,351,887,1665,13481,46.12157341803952,0.078029480447687,0.20518053071019712
E1,q2_x3_resunet_cas-single_seed777,cas-single,single-stream,777,1120,na,hokkaido_iburi_tobu,Hokkaido0501,0.5,553,1291,2038,12502,41.748539893387445,0.23940955118749502,0.38652397686819523
E1,q2_x3_resunet_cas-single_seed777,cas-single,single-stream,777,1120,na,hokkaido_iburi_tobu,Hokkaido0502,0.5,1309,3555,1705,9815,45.26587579622568,0.20077713312357195,0.3202386174221638
E1,q2_x3_resunet_cas-single_seed777,cas-single,single-stream,777,1120,na,hokkaido_iburi_tobu,Hokkaido0503,0.5,0,571,2728,13085,61.0172050269685,0.0,0.0
E1,q2_x3_resunet_cas-single_seed777,cas-single,single-stream,777,1120,na,hokkaido_iburi_tobu,Hokkaido0504,0.5,304,1795,2192,12093,49.15279763681094,0.12588666508416754,0.20070075177703667
E1,q2_x3_resunet_cas-single_seed777,cas-single,single-stream,777,1120,na,hokkaido_iburi_tobu,Hokkaido0505,0.5,444,762,2469,12709,59.98582180482302,0.1329119806671573,0.20912819155951623
E1,q2_x3_resunet_cas-single_seed777,cas-single,single-stream,777,1120,na,hokkaido_iburi_tobu,Hokkaido0506,0.5,379,1869,2241,11895,51.35654030255489,0.11537140895018254,0.19587012347389252
E1,q2_x3_resunet_cas-single_seed777,cas-single,single-stream,777,1120,na,hokkaido_iburi_tobu,Hokkaido0507,0.5,214,1668,1084,13418,53.67478858500099,0.047112944162018416,0.10478410478373296
E1,q2_x3_resunet_cas-single_seed777,cas-single,single-stream,777,1120,na,hokkaido_iburi_tobu,Hokkaido0508,0.5,190,1899,999,13296,43.19374271759732,0.1403198467089916,0.23006005243970787
E1,q2_x3_resunet_cas-single_seed777,cas-single,single-stream,777,1120,na,hokkaido_iburi_tobu,Hokkaido0509,0.5,553,3501,1131,11199,32.95062006044783,0.22433179219172555,0.35694217259117983
E1,q2_x3_resunet_cas-single_seed777,cas-single,single-stream,777,1120,na,hokkaido_iburi_tobu,Hokkaido0510,0.5,637,1007,1702,13038,51.84106094333581,0.2361627968692882,0.3733008103002288
E1,q2_x3_resunet_cas-single_seed777,cas-single,single-stream,777,1120,na,hokkaido_iburi_tobu,Hokkaido0511,0.5,696,1530,1982,12176,45.48626166217664,0.19158038435256716,0.29561972107608114
E1,q2_x3_resunet_cas-single_seed777,cas-single,single-stream,777,1120,na,hokkaido_iburi_tobu,Hokkaido0512,0.5,250,190,1709,14235,61.90557092946762,0.19402626076954285,0.2903287329215537
E1,q2_x3_resunet_cas-single_seed777,cas-single,single-stream,777,1120,na,hokkaido_iburi_tobu,Hokkaido0513,0.5,431,3660,397,11896,40.68840336541254,0.211035392393433,0.3178756413680776
E1,q2_x3_resunet_cas-single_seed777,cas-single,single-stream,777,1120,na,hokkaido_iburi_tobu,Hokkaido0514,0.5,0,4348,182,11854,64.6297145282261,0.0,0.0
E1,q2_x3_resunet_cas-single_seed777,cas-single,single-stream,777,1120,na,hokkaido_iburi_tobu,Hokkaido0515,0.5,142,3696,129,12417,63.27475176673093,0.15247031227048008,0.27698309492804113
E1,q2_x3_resunet_cas-single_seed777,cas-single,single-stream,777,1120,na,hokkaido_iburi_tobu,Hokkaido0516,0.5,140,4532,79,11633,55.3731498304353,0.13985179290749344,0.21020395663583108
E1,q2_x3_resunet_cas-single_seed777,cas-single,single-stream,777,1120,na,hokkaido_iburi_tobu,Hokkaido0517,0.5,0,2222,23,14139,83.38762941726593,0.0,0.0
E1,q2_x3_resunet_cas-single_seed777,cas-single,single-stream,777,1120,na,hokkaido_iburi_tobu,Hokkaido0518,0.5,3,2293,33,14055,38.9839389740851,0.0,0.0
E1,q2_x3_resunet_cas-single_seed777,cas-single,single-stream,777,1120,na,hokkaido_iburi_tobu,Hokkaido0520,0.5,69,2669,4,13642,64.54799340373887,0.0,0.06963249516415926
E1,q2_x3_resunet_cas-single_seed777,cas-single,single-stream,777,1120,na,hokkaido_iburi_tobu,Hokkaido0521,0.5,68,2724,673,12919,49.62407548573342,0.08370535714236074,0.10292524376982042
E1,q2_x3_resunet_cas-single_seed777,cas-single,single-stream,777,1120,na,hokkaido_iburi_tobu,Hokkaido0522,0.5,387,2442,2165,11390,37.006079970989575,0.14594390038996494,0.23837618280377523
E1,q2_x3_resunet_cas-single_seed777,cas-single,single-stream,777,1120,na,hokkaido_iburi_tobu,Hokkaido0523,0.5,1417,1024,2401,11542,47.634021455258214,0.22699085433834293,0.3641351987120731
E1,q2_x3_resunet_cas-single_seed777,cas-single,single-stream,777,1120,na,hokkaido_iburi_tobu,Hokkaido0524,0.5,335,231,4407,11411,63.538958691861566,0.07486920065126386,0.12484756487539848
E1,q2_x3_resunet_cas-single_seed777,cas-single,single-stream,777,1120,na,hokkaido_iburi_tobu,Hokkaido0525,0.5,1495,876,4258,9755,37.80475984880279,0.17641493964325616,0.29741663909103255
E1,q2_x3_resunet_cas-single_seed777,cas-single,single-stream,777,1120,na,hokkaido_iburi_tobu,Hokkaido0526,0.5,108,0,5881,10395,143.94026152289317,0.0,0.0
E1,q2_x3_resunet_cas-single_seed777,cas-single,single-stream,777,1120,na,hokkaido_iburi_tobu,Hokkaido0527,0.5,3,1,7635,8745,151.08639794519695,0.0046169066725232685,0.0059366754617355055
E1,q2_x3_resunet_cas-single_seed777,cas-single,single-stream,777,1120,na,hokkaido_iburi_tobu,Hokkaido0528,0.5,63,17,9211,7093,136.65283998036298,0.009780482503787994,0.014138118542672202
E1,q2_x3_resunet_cas-single_seed777,cas-single,single-stream,777,1120,na,hokkaido_iburi_tobu,Hokkaido0529,0.5,1470,411,6264,8239,48.85130376809732,0.24182233810112286,0.3906122817757815
E1,q2_x3_resunet_cas-single_seed777,cas-single,single-stream,777,1120,na,hokkaido_iburi_tobu,Hokkaido0530,0.5,0,540,4381,11463,65.05920339395196,0.0,0.0
E1,q2_x3_resunet_cas-single_seed777,cas-single,single-stream,777,1120,na,hokkaido_iburi_tobu,Hokkaido0531,0.5,540,236,2952,12656,37.300093023189305,0.19269310666813283,0.31674262653810004
E1,q2_x3_resunet_cas-single_seed777,cas-single,single-stream,777,1120,na,hokkaido_iburi_tobu,Hokkaido0532,0.5,638,586,2862,12298,35.94279442602327,0.23259448253836296,0.37810789679402784
E1,q2_x3_resunet_cas-single_seed777,cas-single,single-stream,777,1120,na,hokkaido_iburi_tobu,Hokkaido0533,0.5,155,372,2988,12869,59.665735560705194,0.08484871208412646,0.15562799427056306
E1,q2_x3_resunet_cas-single_seed777,cas-single,single-stream,777,1120,na,hokkaido_iburi_tobu,Hokkaido0534,0.5,669,524,3894,11297,53.85025499593736,0.13630655895507296,0.20772435273485276
E1,q2_x3_resunet_cas-single_seed777,cas-single,single-stream,777,1120,na,hokkaido_iburi_tobu,Hokkaido0535,0.5,1038,1401,3485,10460,42.97963660525188,0.17409019353619257,0.28480776212672215
E1,q2_x3_resunet_cas-single_seed777,cas-single,single-stream,777,1120,na,hokkaido_iburi_tobu,Hokkaido0536,0.5,1413,2246,3066,9659,39.62952188827527,0.23463599084833073,0.36941249385257885
E1,q2_x3_resunet_cas-single_seed777,cas-single,single-stream,777,1120,na,hokkaido_iburi_tobu,Hokkaido0537,0.5,567,124,5275,10418,51.8637637291043,0.19933719692729163,0.29446257393406067
E1,q2_x3_resunet_cas-single_seed777,cas-single,single-stream,777,1120,na,hokkaido_iburi_tobu,Hokkaido0538,0.5,944,605,4759,10076,96.05518389634504,0.15520528891702826,0.23761265472472498
E1,q2_x3_resunet_cas-single_seed777,cas-single,single-stream,777,1120,na,hokkaido_iburi_tobu,Hokkaido0539,0.5,500,173,3776,11935,60.74537019394976,0.13587038633458381,0.22068294370776495
E1,q2_x3_resunet_cas-single_seed777,cas-single,single-stream,777,1120,na,hokkaido_iburi_tobu,Hokkaido0540,0.5,258,580,2852,12694,58.068417131365784,0.11167062804636514,0.20735845686705714
E1,q2_x3_resunet_cas-single_seed777,cas-single,single-stream,777,1120,na,hokkaido_iburi_tobu,Hokkaido0541,0.5,553,3297,2002,10532,40.311288741492746,0.17683547422851953,0.27593228528495195
E1,q2_x3_resunet_cas-single_seed777,cas-single,single-stream,777,1120,na,hokkaido_iburi_tobu,Hokkaido0542,0.5,730,1534,726,13394,49.313563724766546,0.20523318373835253,0.34610001272379437
E1,q2_x3_resunet_cas-single_seed777,cas-single,single-stream,777,1120,na,hokkaido_iburi_tobu,Hokkaido0543,0.5,190,2788,636,12770,45.77602557452288,0.12085406301774704,0.17069231333920076
E1,q2_x3_resunet_cas-single_seed777,cas-single,single-stream,777,1120,na,hokkaido_iburi_tobu,Hokkaido0544,0.5,204,810,2013,13357,56.094085153398886,0.10573135087020087,0.1470200902235992
E1,q2_x3_resunet_cas-single_seed777,cas-single,single-stream,777,1120,na,hokkaido_iburi_tobu,Hokkaido0545,0.5,205,702,2661,12816,66.8561876103325,0.13644427304253562,0.19389315030390733
E1,q2_x3_resunet_cas-single_seed777,cas-single,single-stream,777,1120,na,hokkaido_iburi_tobu,Hokkaido0546,0.5,744,332,2317,12991,45.79301256742124,0.2837760488432754,0.38573035319307164
E1,q2_x3_resunet_cas-single_seed777,cas-single,single-stream,777,1120,na,hokkaido_iburi_tobu,Hokkaido0547,0.5,174,93,4139,11978,56.93412357913745,0.12019699840482742,0.17436840987882563
E1,q2_x3_resunet_cas-single_seed777,cas-single,single-stream,777,1120,na,hokkaido_iburi_tobu,Hokkaido0548,0.5,104,13,4913,11354,77.87810988975015,0.033107919082335915,0.05279900846924577
E1,q2_x3_resunet_cas-single_seed777,cas-single,single-stream,777,1120,na,hokkaido_iburi_tobu,Hokkaido0549,0.5,189,63,3524,12608,63.60503025689649,0.08656447249764337,0.14991181657834457
E1,q2_x3_resunet_cas-single_seed777,cas-single,single-stream,777,1120,na,hokkaido_iburi_tobu,Hokkaido0550,0.5,583,2382,1501,11918,51.86231753864884,0.14355900256427637,0.21586926850822272
E1,q2_x3_resunet_cas-single_seed777,cas-single,single-stream,777,1120,na,hokkaido_iburi_tobu,Hokkaido0551,0.5,114,3025,1587,11658,40.45985664828782,0.05399932500808083,0.09731612374478746
E1,q2_x3_resunet_cas-single_seed777,cas-single,single-stream,777,1120,na,hokkaido_iburi_tobu,Hokkaido0552,0.5,241,3939,1167,11037,47.58987687422542,0.09068310629369253,0.17397998460311798
E1,q2_x3_resunet_cas-single_seed777,cas-single,single-stream,777,1120,na,hokkaido_iburi_tobu,Hokkaido0553,0.5,469,2433,1658,11824,37.46514737778761,0.18835409931309094,0.2809402958287884
E1,q2_x3_resunet_cas-single_seed777,cas-single,single-stream,777,1120,na,hokkaido_iburi_tobu,Hokkaido0554,0.5,756,2445,2261,10922,47.091125348241796,0.19953657988955403,0.3204863162036596
E1,q2_x3_resunet_cas-single_seed777,cas-single,single-stream,777,1120,na,hokkaido_iburi_tobu,Hokkaido0555,0.5,430,2042,2109,11803,48.08326112068523,0.18523600804647228,0.28251491839783405
E1,q2_x3_resunet_cas-single_seed777,cas-single,single-stream,777,1120,na,hokkaido_iburi_tobu,Hokkaido0556,0.5,511,1912,989,12972,40.28119419405212,0.2119997862901696,0.33611149064039963
E1,q2_x3_resunet_cas-single_seed777,cas-single,single-stream,777,1120,na,hokkaido_iburi_tobu,Hokkaido0557,0.5,141,3431,827,11985,40.39056749334113,0.10023406305887635,0.15419565931744691
E1,q2_x3_resunet_cas-single_seed777,cas-single,single-stream,777,1120,na,hokkaido_iburi_tobu,Hokkaido0558,0.5,261,1224,720,14179,40.311288741492746,0.12831830102950245,0.22217019459820048
E1,q2_x3_resunet_cas-single_seed777,cas-single,single-stream,777,1120,na,hokkaido_iburi_tobu,Hokkaido0559,0.5,191,2940,539,12714,37.97094776257145,0.15424716954803883,0.24371002948674025
E1,q2_x3_resunet_cas-single_seed777,cas-single,single-stream,777,1120,na,hokkaido_iburi_tobu,Hokkaido0560,0.5,111,2699,80,13494,58.67783948015122,0.09793902231263903,0.17895667550799635
E1,q2_x3_resunet_cas-single_seed777,cas-single,single-stream,777,1120,na,hokkaido_iburi_tobu,Hokkaido0561,0.5,30,3376,31,12947,56.0,0.0,0.0
E1,q2_x3_resunet_cas-single_seed777,cas-single,single-stream,777,1120,na,hokkaido_iburi_tobu,Hokkaido0562,0.5,78,4755,38,11513,59.83350900370864,0.1335240820216644,0.2074209245739401
E1,q2_x3_resunet_cas-single_seed777,cas-single,single-stream,777,1120,na,hokkaido_iburi_tobu,Hokkaido0563,0.5,0,1364,78,14942,38.0525815645903,0.0,0.02332361515987376
E1,q2_x3_resunet_cas-single_seed777,cas-single,single-stream,777,1120,na,hokkaido_iburi_tobu,Hokkaido0564,0.5,0,936,23,15425,62.31691999879726,0.0,0.0
E1,q2_x3_resunet_cas-single_seed777,cas-single,single-stream,777,1120,na,hokkaido_iburi_tobu,Hokkaido0565,0.5,25,2117,45,14197,65.71369956833873,0.12471461187194431,0.17098232634587557
E1,q2_x3_resunet_cas-single_seed777,cas-single,single-stream,777,1120,na,hokkaido_iburi_tobu,Hokkaido0566,0.5,0,2530,143,13711,55.482620406764745,0.0,0.0
E1,q2_x3_resunet_cas-single_seed777,cas-single,single-stream,777,1120,na,hokkaido_iburi_tobu,Hokkaido0567,0.5,267,1986,464,13667,42.50802972373577,0.12584734403078357,0.22154563710519112
E1,q2_x3_resunet_cas-single_seed777,cas-single,single-stream,777,1120,na,hokkaido_iburi_tobu,Hokkaido0568,0.5,554,1692,1607,12531,51.884487084291386,0.1935071116725489,0.30687105841182266
E1,q2_x3_resunet_cas-single_seed777,cas-single,single-stream,777,1120,na,hokkaido_iburi_tobu,Hokkaido0569,0.5,148,63,3570,12603,57.81823034965394,0.09492571869563145,0.12305922944209266
E1,q2_x3_resunet_cas-single_seed777,cas-single,single-stream,777,1120,na,hokkaido_iburi_tobu,Hokkaido0570,0.5,644,174,6730,8836,61.13913077497543,0.0978102371722291,0.1699752455030407
E1,q2_x3_resunet_cas-single_seed777,cas-single,single-stream,777,1120,na,hokkaido_iburi_tobu,Hokkaido0571,0.5,1331,224,8649,6180,61.64412563322116,0.12371525920060354,0.2023725612141125
E1,q2_x3_resunet_cas-single_seed777,cas-single,single-stream,777,1120,na,hokkaido_iburi_tobu,Hokkaido0572,0.5,0,0,8749,7635,181.01933598375618,0.0,0.0
E1,q2_x3_resunet_cas-single_seed777,cas-single,single-stream,777,1120,na,hokkaido_iburi_tobu,Hokkaido0573,0.5,119,34,6419,9812,65.29394652839643,0.05418680840334293,0.0794176042355293
E1,q2_x3_resunet_cas-single_seed777,cas-single,single-stream,777,1120,na,hokkaido_iburi_tobu,Hokkaido0574,0.5,0,0,5798,10586,181.01933598375618,0.0,0.0
E1,q2_x3_resunet_cas-single_seed777,cas-single,single-stream,777,1120,na,hokkaido_iburi_tobu,Hokkaido0575,0.5,2680,1764,2577,9363,16.64331697709324,0.4350230052761622,0.6174271032017857
E1,q2_x3_resunet_cas-single_seed777,cas-single,single-stream,777,1120,na,hokkaido_iburi_tobu,Hokkaido0576,0.5,1031,3466,1062,10825,44.20838160940677,0.32092562124389784,0.44884090535381765
E1,q2_x3_resunet_cas-single_seed777,cas-single,single-stream,777,1120,na,hokkaido_iburi_tobu,Hokkaido0577,0.5,38,128,2932,13286,51.525681018997254,0.07394628504196128,0.16241972239455166
E1,q2_x3_resunet_cas-single_seed777,cas-single,single-stream,777,1120,na,hokkaido_iburi_tobu,Hokkaido0578,0.5,0,0,5273,11111,181.01933598375618,0.0,0.0
E1,q2_x3_resunet_cas-single_seed777,cas-single,single-stream,777,1120,na,hokkaido_iburi_tobu,Hokkaido0579,0.5,588,1326,3605,10865,50.11686262465728,0.18373438227939046,0.2638778368919472
E1,q2_x3_resunet_cas-single_seed777,cas-single,single-stream,777,1120,na,hokkaido_iburi_tobu,Hokkaido0580,0.5,1758,1216,2676,10734,41.14608122288197,0.17858690940592317,0.28387361089746116
E1,q2_x3_resunet_cas-single_seed777,cas-single,single-stream,777,1120,na,hokkaido_iburi_tobu,Hokkaido0581,0.5,538,516,4020,11310,58.52349955359813,0.14305267880998457,0.23395653673658606
E1,q2_x3_resunet_cas-single_seed777,cas-single,single-stream,777,1120,na,hokkaido_iburi_tobu,Hokkaido0582,0.5,1168,1240,3990,9986,46.47194555038604,0.20593590051845484,0.33164624950906657
E1,q2_x3_resunet_cas-single_seed777,cas-single,single-stream,777,1120,na,hokkaido_iburi_tobu,Hokkaido0583,0.5,155,35,7026,9168,81.3252722297945,0.032233095593466085,0.05894003338959984
E1,q2_x3_resunet_cas-single_seed777,cas-single,single-stream,777,1120,na,hokkaido_iburi_tobu,Hokkaido0584,0.5,1178,436,5434,9336,61.027448417080635,0.17931173952589044,0.3050345232435227
E1,q2_x3_resunet_cas-single_seed777,cas-single,single-stream,777,1120,na,hokkaido_iburi_tobu,Hokkaido0585,0.5,14,0,5249,11121,85.43652585794202,0.01006500314529726,0.025052192066781106
E1,q2_x3_resunet_cas-single_seed777,cas-single,single-stream,777,1120,na,hokkaido_iburi_tobu,Hokkaido0586,0.5,743,1457,3250,10934,44.00566348252585,0.1446695628769783,0.24125080092899423
E1,q2_x3_resunet_cas-single_seed777,cas-single,single-stream,777,1120,na,hokkaido_iburi_tobu,Hokkaido0587,0.5,469,303,2211,13401,62.16912416947821,0.113329368787454,0.22102747909174678
E1,q2_x3_resunet_cas-single_seed777,cas-single,single-stream,777,1120,na,hokkaido_iburi_tobu,Hokkaido0588,0.5,134,926,1470,13854,53.37267840012365,0.06666206610959254,0.0958692691780083
E1,q2_x3_resunet_cas-single_seed777,cas-single,single-stream,777,1120,na,hokkaido_iburi_tobu,Hokkaido0589,0.5,0,654,779,14951,66.06208672356344,0.0,0.0
E1,q2_x3_resunet_cas-single_seed777,cas-single,single-stream,777,1120,na,hokkaido_iburi_tobu,Hokkaido0590,0.5,391,348,1655,13990,56.57030998574947,0.09981062715811946,0.17518248175162981
E1,q2_x3_resunet_cas-single_seed777,cas-single,single-stream,777,1120,na,hokkaido_iburi_tobu,Hokkaido0591,0.5,855,1793,2192,11544,43.9795234107895,0.190511303648032,0.3299739012313565
E1,q2_x3_resunet_cas-single_seed777,cas-single,single-stream,777,1120,na,hokkaido_iburi_tobu,Hokkaido0592,0.5,1017,598,3050,11719,46.010868281309364,0.2311424761672179,0.3395985326240824
E1,q2_x3_resunet_cas-single_seed777,cas-single,single-stream,777,1120,na,hokkaido_iburi_tobu,Hokkaido0593,0.5,1285,740,3869,10490,48.991799298390156,0.2257270301729178,0.3370405744870238
E1,q2_x3_resunet_cas-single_seed777,cas-single,single-stream,777,1120,na,hokkaido_iburi_tobu,Hokkaido0594,0.5,1101,852,4739,9692,45.819199767479674,0.13606279821437728,0.2538107986812746
E1,q2_x3_resunet_cas-single_seed777,cas-single,single-stream,777,1120,na,hokkaido_iburi_tobu,Hokkaido0595,0.5,1663,1261,3239,10221,37.48332962798263,0.19119209413252194,0.304207545927172
E1,q2_x3_resunet_cas-single_seed777,cas-single,single-stream,777,1120,na,hokkaido_iburi_tobu,Hokkaido0596,0.5,847,2812,1802,10923,41.01513465492278,0.2556980950869495,0.39935902560218334
E1,q2_x3_resunet_cas-single_seed777,cas-single,single-stream,777,1120,na,hokkaido_iburi_tobu,Hokkaido0597,0.5,352,639,1338,14055,59.20304046246274,0.16749327982400725,0.25793079905359334
E1,q2_x3_resunet_cas-single_seed777,cas-single,single-stream,777,1120,na,hokkaido_iburi_tobu,Hokkaido0598,0.5,288,2822,700,12574,44.155894700283206,0.14918372208025502,0.21117730209969846
E1,q2_x3_resunet_cas-single_seed777,cas-single,single-stream,777,1120,na,hokkaido_iburi_tobu,Hokkaido0599,0.5,550,5131,1083,9620,25.503912634523527,0.13736679447516723,0.2487082829983997
E1,q2_x3_resunet_cas-single_seed777,cas-single,single-stream,777,1120,na,hokkaido_iburi_tobu,Hokkaido0600,0.5,1023,2417,1629,11315,38.18376618407357,0.1778996948525607,0.3266195644253248
E1,q2_x3_resunet_cas-single_seed777,cas-single,single-stream,777,1120,na,hokkaido_iburi_tobu,Hokkaido0601,0.5,927,2052,1438,11967,38.436922695261124,0.15179513647245865,0.2870816287994793
E1,q2_x3_resunet_cas-single_seed777,cas-single,single-stream,777,1120,na,hokkaido_iburi_tobu,Hokkaido0602,0.5,226,1145,1667,13346,50.91168824543142,0.10208983651631971,0.16406812185151387
E1,q2_x3_resunet_cas-single_seed777,cas-single,single-stream,777,1120,na,hokkaido_iburi_tobu,Hokkaido0603,0.5,644,3457,1256,11027,42.97058916915569,0.1608648648645279,0.2804040031357305
E1,q2_x3_resunet_cas-single_seed777,cas-single,single-stream,777,1120,na,hokkaido_iburi_tobu,Hokkaido0604,0.5,666,2979,1129,11610,30.463092423455635,0.22078092520506182,0.36421095448889707
E1,q2_x3_resunet_cas-single_seed777,cas-single,single-stream,777,1120,na,hokkaido_iburi_tobu,Hokkaido0605,0.5,53,2510,864,12957,54.49953498722819,0.08768302698983105,0.1627990003565316
E1,q2_x3_resunet_cas-single_seed777,cas-single,single-stream,777,1120,na,hokkaido_iburi_tobu,Hokkaido0606,0.5,0,2806,204,13374,76.4198926981712,0.0,0.0
E1,q2_x3_resunet_cas-single_seed777,cas-single,single-stream,777,1120,na,hokkaido_iburi_tobu,Hokkaido0610,0.5,57,1387,374,14566,39.5106859849488,0.12736395214154722,0.2033898305079868
E1,q2_x3_resunet_cas-single_seed777,cas-single,single-stream,777,1120,na,hokkaido_iburi_tobu,Hokkaido0611,0.5,0,0,547,15837,181.01933598375618,0.0,0.0
E1,q2_x3_resunet_cas-single_seed777,cas-single,single-stream,777,1120,na,hokkaido_iburi_tobu,Hokkaido0612,0.5,0,2439,168,13777,67.0058415548483,0.0,0.0
E1,q2_x3_resunet_cas-single_seed777,cas-single,single-stream,777,1120,na,hokkaido_iburi_tobu,Hokkaido0613,0.5,0,371,252,15761,56.69036348970485,0.0,0.0
E1,q2_x3_resunet_cas-single_seed777,cas-single,single-stream,777,1120,na,hokkaido_iburi_tobu,Hokkaido0614,0.5,35,521,343,15485,62.230217304605844,0.12198104555134998,0.22079258877976032
E1,q2_x3_resunet_cas-single_seed777,cas-single,single-stream,777,1120,na,hokkaido_iburi_tobu,Hokkaido0615,0.5,0,1812,227,14345,48.27007354458868,0.0,0.0
E1,q2_x3_resunet_cas-single_seed777,cas-single,single-stream,777,1120,na,hokkaido_iburi_tobu,Hokkaido0616,0.5,191,3258,207,12728,47.853944456021594,0.08818342151625698,0.19411726845544394
E1,q2_x3_resunet_cas-single_seed777,cas-single,single-stream,777,1120,na,hokkaido_iburi_tobu,Hokkaido0617,0.5,216,233,1044,14891,58.2450914444387,0.12635779206351638,0.2494148141287508
E1,q2_x3_resunet_cas-single_seed777,cas-single,single-stream,777,1120,na,hokkaido_iburi_tobu,Hokkaido0618,0.5,697,1935,1606,12146,39.32678816021214,0.14278119541244125,0.23834616943621348
E1,q2_x3_resunet_cas-single_seed777,cas-single,single-stream,777,1120,na,hokkaido_iburi_tobu,Hokkaido0619,0.5,1433,394,4627,9930,59.93705016746001,0.12761563340196708,0.21547512428448518
E1,q2_x3_resunet_cas-single_seed777,cas-single,single-stream,777,1120,na,hokkaido_iburi_tobu,Hokkaido0620,0.5,1085,330,7418,7551,99.96372089680844,0.04205029545132454,0.0658004375943057
E1,q2_x3_resunet_cas-single_seed777,cas-single,single-stream,777,1120,na,hokkaido_iburi_tobu,Hokkaido0621,0.5,70,5,6867,9442,97.05719822328633,0.037102221376543836,0.06671607417494829
E1,q2_x3_resunet_cas-single_seed777,cas-single,single-stream,777,1120,na,hokkaido_iburi_tobu,Hokkaido0622,0.5,25,35,4170,12154,85.484452230255,0.021732894625797305,0.054755674714100776
E1,q2_x3_resunet_cas-single_seed777,cas-single,single-stream,777,1120,na,hokkaido_iburi_tobu,Hokkaido0623,0.5,268,1896,2017,12203,37.89976227506024,0.15624221645898625,0.2286741334665046
E1,q2_x3_resunet_cas-single_seed777,cas-single,single-stream,777,1120,na,hokkaido_iburi_tobu,Hokkaido0624,0.5,88,1263,1728,13305,49.040799340956916,0.08630442235134968,0.1325615571480168
E1,q2_x3_resunet_cas-single_seed777,cas-single,single-stream,777,1120,na,hokkaido_iburi_tobu,Hokkaido0625,0.5,177,745,1075,14387,45.61139304934559,0.1916817359850607,0.2698819266565988
E1,q2_x3_resunet_cas-single_seed777,cas-single,single-stream,777,1120,na,hokkaido_iburi_tobu,Hokkaido0626,0.5,168,726,2521,12969,51.135085865633215,0.08813069722410381,0.13239958433073912
E1,q2_x3_resunet_cas-single_seed777,cas-single,single-stream,777,1120,na,hokkaido_iburi_tobu,Hokkaido0627,0.5,1117,1203,2508,11556,47.20169488482379,0.22202620789875666,0.3508200130626826
E1,q2_x3_resunet_cas-single_seed777,cas-single,single-stream,777,1120,na,hokkaido_iburi_tobu,Hokkaido0628,0.5,409,820,2058,13097,58.03016057194634,0.19255418032351726,0.2793595656751202
E1,q2_x3_resunet_cas-single_seed777,cas-single,single-stream,777,1120,na,hokkaido_iburi_tobu,Hokkaido0629,0.5,573,2754,2019,11038,44.57128578871676,0.17932759640768134,0.27252127498830586
E1,q2_x3_resunet_cas-single_seed777,cas-single,single-stream,777,1120,na,hokkaido_iburi_tobu,Hokkaido0630,0.5,340,229,2761,13054,59.033888572581766,0.20867563852546264,0.272387023451687
E1,q2_x3_resunet_cas-single_seed777,cas-single,single-stream,777,1120,na,hokkaido_iburi_tobu,Hokkaido0631,0.5,287,196,4351,11550,67.70560469250688,0.0929168613172731,0.1299225244438504
E1,q2_x3_resunet_cas-single_seed777,cas-single,single-stream,777,1120,na,hokkaido_iburi_tobu,Hokkaido0632,0.5,27,0,6872,9485,91.80304951536412,0.0035087719298085513,0.019574295858835612
E1,q2_x3_resunet_cas-single_seed777,cas-single,single-stream,777,1120,na,hokkaido_iburi_tobu,Hokkaido0633,0.5,621,123,5410,10230,81.38672809801348,0.1436049816545309,0.24544653290399243
E1,q2_x3_resunet_cas-single_seed777,cas-single,single-stream,777,1120,na,hokkaido_iburi_tobu,Hokkaido0634,0.5,881,412,4113,10978,45.79301256742124,0.17986898918072533,0.30118035052807807
E1,q2_x3_resunet_cas-single_seed777,cas-single,single-stream,777,1120,na,hokkaido_iburi_tobu,Hokkaido0635,0.5,516,1040,2861,11967,55.5193316156861,0.07891554228112918,0.17140341437135193
E1,q2_x3_resunet_cas-single_seed777,cas-single,single-stream,777,1120,na,hokkaido_iburi_tobu,Hokkaido0636,0.5,261,3882,1050,11191,32.488436706878545,0.08212575704679335,0.15024040593957116
E1,q2_x3_resunet_cas-single_seed777,cas-single,single-stream,777,1120,na,hokkaido_iburi_tobu,Hokkaido0637,0.5,588,444,556,14796,64.49029257196116,0.3085924802249176,0.47413214676650006
E1,q2_x3_resunet_cas-single_seed777,cas-single,single-stream,777,1120,na,hokkaido_iburi_tobu,Hokkaido0638,0.5,93,1302,1095,13894,61.85062638051669,0.09061884976995252,0.1353923300468689
E1,q2_x3_resunet_cas-single_seed777,cas-single,single-stream,777,1120,na,hokkaido_iburi_tobu,Hokkaido0639,0.5,729,3497,1295,10863,33.61547262794322,0.1641102980236402,0.2472469715713615
E1,q2_x3_resunet_cas-single_seed777,cas-single,single-stream,777,1120,na,hokkaido_iburi_tobu,Hokkaido0640,0.5,653,1491,2885,11355,42.124763954542075,0.22078894014198325,0.3453365284693783
E1,q2_x3_resunet_cas-single_seed777,cas-single,single-stream,777,1120,na,hokkaido_iburi_tobu,Hokkaido0641,0.5,239,184,4403,11558,61.04096765061678,0.11495246326690003,0.17626669893153227
E1,q2_x3_resunet_cas-single_seed777,cas-single,single-stream,777,1120,na,hokkaido_iburi_tobu,Hokkaido0642,0.5,781,1110,4280,10213,54.45181356024793,0.13249549305651373,0.2079255845274114
E1,q2_x3_resunet_cas-single_seed777,cas-single,single-stream,777,1120,na,hokkaido_iburi_tobu,Hokkaido0643,0.5,359,2,5194,10829,99.5163271789574,0.044412663329579466,0.07512974709606123
E1,q2_x3_resunet_cas-single_seed777,cas-single,single-stream,777,1120,na,hokkaido_iburi_tobu,Hokkaido0644,0.5,2063,1554,3572,9195,52.32590180780452,0.2298466416369412,0.39084073561966315
E1,q2_x3_resunet_cas-single_seed777,cas-single,single-stream,777,1120,na,hokkaido_iburi_tobu,Hokkaido0645,0.5,524,462,3016,12382,63.64432037401283,0.20138217975355788,0.32896906125388903
E1,q2_x3_resunet_cas-single_seed777,cas-single,single-stream,777,1120,na,hokkaido_iburi_tobu,Hokkaido0646,0.5,325,1437,1553,13069,52.49332029559419,0.10062327314754943,0.1588160511128902
E1,q2_x3_resunet_cas-single_seed777,cas-single,single-stream,777,1120,na,hokkaido_iburi_tobu,Hokkaido0647,0.5,479,2384,1201,12320,49.510603987234276,0.08401639344222457,0.15604973434806366
E1,q2_x3_resunet_cas-single_seed777,cas-single,single-stream,777,1120,na,hokkaido_iburi_tobu,Hokkaido0648,0.5,523,4145,905,10811,43.919080546216115,0.10260854051670236,0.17411920906589787
E1,q2_x3_resunet_cas-single_seed777,cas-single,single-stream,777,1120,na,hokkaido_iburi_tobu,Hokkaido0649,0.5,466,3642,1138,11138,44.553338819890925,0.19526432623488701,0.3084398520468183
E1,q2_x3_resunet_cas-single_seed777,cas-single,single-stream,777,1120,na,hokkaido_iburi_tobu,Hokkaido0650,0.5,408,1129,1552,13295,51.62363799656123,0.21653679056583647,0.3061840120660116
E1,q2_x3_resunet_cas-single_seed777,cas-single,single-stream,777,1120,na,hokkaido_iburi_tobu,Hokkaido0651,0.5,27,278,1572,14507,73.93033860753651,0.0,0.007207207207144446
E1,q2_x3_resunet_cas-single_seed777,cas-single,single-stream,777,1120,na,hokkaido_iburi_tobu,Hokkaido0652,0.5,219,3192,1281,11692,34.75625860806899,0.039930280462291454,0.0950613039986776
E1,q2_x3_resunet_cas-single_seed777,cas-single,single-stream,777,1120,na,hokkaido_iburi_tobu,Hokkaido0653,0.5,610,3729,1089,10956,36.722519858038815,0.18228837007395224,0.34385704106789344
E1,q2_x3_resunet_cas-single_seed777,cas-single,single-stream,777,1120,na,hokkaido_iburi_tobu,Hokkaido0654,0.5,60,1850,705,13769,56.32688064911809,0.0026455026450900028,0.020319303337736565
E1,q2_x3_resunet_cas-single_seed777,cas-single,single-stream,777,1120,na,hokkaido_iburi_tobu,Hokkaido0655,0.5,0,3558,24,12802,90.44888059008801,0.0,0.0
E1,q2_x3_resunet_cas-single_seed777,cas-single,single-stream,777,1120,na,hokkaido_iburi_tobu,Hokkaido0657,0.5,25,1049,124,15186,39.1509214519231,0.08604954367632912,0.16323357947883033
E1,q2_x3_resunet_cas-single_seed777,cas-single,single-stream,777,1120,na,hokkaido_iburi_tobu,Hokkaido0658,0.5,77,4005,2,12300,49.436803557771654,0.02341920374685166,0.08368658553238266
E1,q2_x3_resunet_cas-single_seed777,cas-single,single-stream,777,1120,na,hokkaido_iburi_tobu,Hokkaido0659,0.5,0,306,16,16062,49.136513860948654,0.0,0.0
E1,q2_x3_resunet_cas-single_seed777,cas-single,single-stream,777,1120,na,hokkaido_iburi_tobu,Hokkaido0660,0.5,110,2077,260,13937,80.76405755962543,0.13618645444162011,0.193325661679611
E1,q2_x3_resunet_cas-single_seed777,cas-single,single-stream,777,1120,na,hokkaido_iburi_tobu,Hokkaido0661,0.5,172,2129,259,13824,40.358961573279956,0.22987404817727086,0.3397926994136553
E1,q2_x3_resunet_cas-single_seed777,cas-single,single-stream,777,1120,na,hokkaido_iburi_tobu,Hokkaido0662,0.5,0,2314,147,13923,60.32943638629298,0.0,0.0
E1,q2_x3_resunet_cas-single_seed777,cas-single,single-stream,777,1120,na,hokkaido_iburi_tobu,Hokkaido0663,0.5,105,1525,603,14151,53.077301983079515,0.10671838480232841,0.17950308723989533
E1,q2_x3_resunet_cas-single_seed777,cas-single,single-stream,777,1120,na,hokkaido_iburi_tobu,Hokkaido0664,0.5,136,2107,606,13535,41.593268686170845,0.16148452439924543,0.2263693323447136
E1,q2_x3_resunet_cas-single_seed777,cas-single,single-stream,777,1120,na,hokkaido_iburi_tobu,Hokkaido0665,0.5,0,2603,302,13479,50.12523451496736,0.0,0.0
E1,q2_x3_resunet_cas-single_seed777,cas-single,single-stream,777,1120,na,hokkaido_iburi_tobu,Hokkaido0666,0.5,0,1578,531,14275,57.16184538929265,0.0,0.0
E1,q2_x3_resunet_cas-single_seed777,cas-single,single-stream,777,1120,na,hokkaido_iburi_tobu,Hokkaido0667,0.5,811,2744,402,12427,50.90480428811707,0.1369332127627272,0.2591184116420255
E1,q2_x3_resunet_cas-single_seed777,cas-single,single-stream,777,1120,na,hokkaido_iburi_tobu,Hokkaido0668,0.5,110,1076,1378,13820,42.52526992860869,0.1002939818747996,0.15232443125577627
E1,q2_x3_resunet_cas-single_seed777,cas-single,single-stream,777,1120,na,hokkaido_iburi_tobu,Hokkaido0669,0.5,111,646,3118,12509,53.06599413532292,0.08467402206600037,0.11820466544075778
E1,q2_x3_resunet_cas-single_seed777,cas-single,single-stream,777,1120,na,hokkaido_iburi_tobu,Hokkaido0670,0.5,291,40,5011,11042,59.09990827773665,0.05076580679685497,0.07612456747394561
E1,q2_x3_resunet_cas-single_seed777,cas-single,single-stream,777,1120,na,hokkaido_iburi_tobu,Hokkaido0671,0.5,823,374,3302,11885,56.08029957123981,0.17766335216838364,0.2567469000727039
E1,q2_x3_resunet_cas-single_seed777,cas-single,single-stream,777,1120,na,hokkaido_iburi_tobu,Hokkaido0672,0.5,340,924,1788,13332,47.4236228055175,0.265833964168218,0.36474821799843177
E1,q2_x3_resunet_cas-single_seed777,cas-single,single-stream,777,1120,na,hokkaido_iburi_tobu,Hokkaido0673,0.5,103,524,841,14916,53.394667426849566,0.13738748438738072,0.19567466887371002
E1,q2_x3_resunet_cas-single_seed777,cas-single,single-stream,777,1120,na,hokkaido_iburi_tobu,Hokkaido0674,0.5,860,866,937,13721,39.74287863988087,0.2729873094738379,0.45978813503609195
E1,q2_x3_resunet_cas-single_seed777,cas-single,single-stream,777,1120,na,hokkaido_iburi_tobu,Hokkaido0675,0.5,275,136,2842,13131,52.82420923723411,0.14535510292040066,0.23621702164934666
E1,q2_x3_resunet_cas-single_seed777,cas-single,single-stream,777,1120,na,hokkaido_iburi_tobu,Hokkaido0676,0.5,376,2120,1799,12089,38.37766710892777,0.1830206090429754,0.3103243581813968
E1,q2_x3_resunet_cas-single_seed777,cas-single,single-stream,777,1120,na,hokkaido_iburi_tobu,Hokkaido0677,0.5,360,1356,714,13954,45.967379738244816,0.2625304795443807,0.3597130543101643
E1,q2_x3_resunet_cas-single_seed777,cas-single,single-stream,777,1120,na,hokkaido_iburi_tobu,Hokkaido0678,0.5,124,736,978,14546,68.02717871107662,0.10505071963425906,0.17536534446726126
E1,q2_x3_resunet_cas-single_seed777,cas-single,single-stream,777,1120,na,hokkaido_iburi_tobu,Hokkaido0679,0.5,751,2414,1229,11990,31.215338637342906,0.21597885749099455,0.33113207547129175
E1,q2_x3_resunet_cas-single_seed777,cas-single,single-stream,777,1120,na,hokkaido_iburi_tobu,Hokkaido0680,0.5,685,1315,2081,12303,47.4446730973938,0.2403516295022275,0.3551854296785418
E1,q2_x3_resunet_cas-single_seed777,cas-single,single-stream,777,1120,na,hokkaido_iburi_tobu,Hokkaido0681,0.5,841,2274,2347,10922,35.36099365264356,0.17202840732219787,0.2820944441054451
E1,q2_x3_resunet_cas-single_seed777,cas-single,single-stream,777,1120,na,hokkaido_iburi_tobu,Hokkaido0682,0.5,794,1935,2580,11075,45.94555048584483,0.1824246024400281,0.2785604348364862
E1,q2_x3_resunet_cas-single_seed777,cas-single,single-stream,777,1120,na,hokkaido_iburi_tobu,Hokkaido0683,0.5,259,171,2700,13254,68.8839603971781,0.11188159198164112,0.13790547245818155
E1,q2_x3_resunet_cas-single_seed777,cas-single,single-stream,777,1120,na,hokkaido_iburi_tobu,Hokkaido0684,0.5,725,1149,2981,11529,41.340053217188775,0.1788465932923135,0.27967148205465936
E1,q2_x3_resunet_cas-single_seed777,cas-single,single-stream,777,1120,na,hokkaido_iburi_tobu,Hokkaido0685,0.5,351,546,3009,12478,64.14670412667827,0.10374975713979558,0.18113781791389846
E1,q2_x3_resunet_cas-single_seed777,cas-single,single-stream,777,1120,na,hokkaido_iburi_tobu,Hokkaido0686,0.5,4,0,1249,15131,93.60635655661707,0.02156057494863696,0.06354009077149672
E1,q2_x3_resunet_cas-single_seed777,cas-single,single-stream,777,1120,na,hokkaido_iburi_tobu,Hokkaido0687,0.5,154,2136,568,13526,40.62573342417982,0.1779935275075922,0.26397397191967514
E1,q2_x3_resunet_cas-single_seed777,cas-single,single-stream,777,1120,na,hokkaido_iburi_tobu,Hokkaido0688,0.5,5,1672,879,13828,61.5223536610881,0.03506721215616646,0.040026684455898506
E1,q2_x3_resunet_cas-single_seed777,cas-single,single-stream,777,1120,na,hokkaido_iburi_tobu,Hokkaido0689,0.5,428,858,922,14176,58.83002884702275,0.187070819171465,0.31384442491355186
E1,q2_x3_resunet_cas-single_seed777,cas-single,single-stream,777,1120,na,hokkaido_iburi_tobu,Hokkaido0690,0.5,547,1321,2305,12211,40.13474793665804,0.20004222492863755,0.32667858561746144
E1,q2_x3_resunet_cas-single_seed777,cas-single,single-stream,777,1120,na,hokkaido_iburi_tobu,Hokkaido0691,0.5,1704,2305,2663,9712,36.61966684720111,0.22844480044570137,0.3307488139769606
E1,q2_x3_resunet_cas-single_seed777,cas-single,single-stream,777,1120,na,hokkaido_iburi_tobu,Hokkaido0692,0.5,503,280,4543,11058,57.27826762442714,0.12027268865706288,0.19355275327645327
E1,q2_x3_resunet_cas-single_seed777,cas-single,single-stream,777,1120,na,hokkaido_iburi_tobu,Hokkaido0693,0.5,1021,556,3528,11279,51.22499389946279,0.1169073092046508,0.19170723962723787
E1,q2_x3_resunet_cas-single_seed777,cas-single,single-stream,777,1120,na,hokkaido_iburi_tobu,Hokkaido0694,0.5,1337,839,2684,11524,42.906833109892176,0.1920376741542159,0.3047354721230599
E1,q2_x3_resunet_cas-single_seed777,cas-single,single-stream,777,1120,na,hokkaido_iburi_tobu,Hokkaido0695,0.5,192,37,3398,12757,59.17262793919953,0.09513945930490833,0.13788948961597786
E1,q2_x3_resunet_cas-single_seed777,cas-single,single-stream,777,1120,na,hokkaido_iburi_tobu,Hokkaido0696,0.5,561,592,2510,12721,52.17079158822908,0.15931716082633757,0.23129127093859422
E1,q2_x3_resunet_cas-single_seed777,cas-single,single-stream,777,1120,na,hokkaido_iburi_tobu,Hokkaido0697,0.5,42,303,2998,13041,56.34883317926599,0.06997614449600408,0.1304931874878216
E1,q2_x3_resunet_cas-single_seed777,cas-single,single-stream,777,1120,na,hokkaido_iburi_tobu,Hokkaido0698,0.5,8,814,1793,13769,62.4891911992608,0.019642857142541457,0.0459770114939675
E1,q2_x3_resunet_cas-single_seed777,cas-single,single-stream,777,1120,na,hokkaido_iburi_tobu,Hokkaido0699,0.5,289,1850,794,13451,45.35414984646208,0.1467727674620079,0.24407145812981068
E1,q2_x3_resunet_cas-single_seed777,cas-single,single-stream,777,1120,na,hokkaido_iburi_tobu,Hokkaido0700,0.5,591,2152,1575,12066,40.64345945065658,0.13399592556885395,0.2688928283638881
E1,q2_x3_resunet_cas-single_seed777,cas-single,single-stream,777,1120,na,hokkaido_iburi_tobu,Hokkaido0701,0.5,526,2841,1300,11717,37.18399651996794,0.20560861181505727,0.32454742263183506
E1,q2_x3_resunet_cas-single_seed777,cas-single,single-stream,777,1120,na,hokkaido_iburi_tobu,Hokkaido0702,0.5,149,4666,649,10920,31.13506896186152,0.09689440993741168,0.19210276622099964
E1,q2_x3_resunet_cas-single_seed777,cas-single,single-stream,777,1120,na,hokkaido_iburi_tobu,Hokkaido0703,0.5,603,3897,543,11341,35.57518128898648,0.2563684801510294,0.3649933544622772
E1,q2_x3_resunet_cas-single_seed777,cas-single,single-stream,777,1120,na,hokkaido_iburi_tobu,Hokkaido0704,0.5,457,3669,660,11598,31.59896990681045,0.1850881665226569,0.27571443861670797
E1,q2_x3_resunet_cas-single_seed777,cas-single,single-stream,777,1120,na,hokkaido_iburi_tobu,Hokkaido0705,0.5,15,3474,305,12590,67.0921043689271,0.06615956129441145,0.08330315103174363
E1,q2_x3_resunet_cas-single_seed777,cas-single,single-stream,777,1120,na,hokkaido_iburi_tobu,Hokkaido0707,0.5,19,1035,251,15079,58.89959135759102,0.1065088757391559,0.15675675675625794
E1,q2_x3_resunet_cas-single_seed777,cas-single,single-stream,777,1120,na,hokkaido_iburi_tobu,Hokkaido0708,0.5,206,1914,419,13845,48.24234142558289,0.21790430285637294,0.30587565798785377
E1,q2_x3_resunet_cas-single_seed777,cas-single,single-stream,777,1120,na,hokkaido_iburi_tobu,Hokkaido0709,0.5,0,1423,562,14399,55.40747056945249,0.0,0.0
E1,q2_x3_resunet_cas-single_seed777,cas-single,single-stream,777,1120,na,hokkaido_iburi_tobu,Hokkaido0710,0.5,0,1347,402,14635,63.681566649930815,0.0,0.0
E1,q2_x3_resunet_cas-single_seed777,cas-single,single-stream,777,1120,na,hokkaido_iburi_tobu,Hokkaido0711,0.5,124,1729,1105,13426,50.59347705833288,0.044337680164257716,0.07351377872224969
E1,q2_x3_resunet_cas-single_seed777,cas-single,single-stream,777,1120,na,hokkaido_iburi_tobu,Hokkaido0712,0.5,0,2462,1723,12199,50.16870814490447,0.0,0.01967213114707453
E1,q2_x3_resunet_cas-single_seed777,cas-single,single-stream,777,1120,na,hokkaido_iburi_tobu,Hokkaido0713,0.5,315,1446,1216,13407,46.11506856397359,0.1909214884079139,0.29366198061504734
E1,q2_x3_resunet_cas-single_seed777,cas-single,single-stream,777,1120,na,hokkaido_iburi_tobu,Hokkaido0714,0.5,434,3957,475,11518,41.1059575559478,0.06939714680115726,0.09206415330089573
E1,q2_x3_resunet_cas-single_seed777,cas-single,single-stream,777,1120,na,hokkaido_iburi_tobu,Hokkaido0715,0.5,127,1841,329,14087,41.193418690199046,0.19699086512578926,0.23209655788955405
E1,q2_x3_resunet_cas-single_seed777,cas-single,single-stream,777,1120,na,hokkaido_iburi_tobu,Hokkaido0716,0.5,180,2272,587,13345,52.2947924441797,0.0,0.0
E1,q2_x3_resunet_cas-single_seed777,cas-single,single-stream,777,1120,na,hokkaido_iburi_tobu,Hokkaido0717,0.5,309,119,1151,14805,43.081150162366534,0.24632610216898587,0.37796801809040154
E1,q2_x3_resunet_cas-single_seed777,cas-single,single-stream,777,1120,na,hokkaido_iburi_tobu,Hokkaido0718,0.5,113,2749,1255,12267,59.99541316015002,0.10197280725096593,0.18325627305269002
E1,q2_x3_resunet_cas-single_seed777,cas-single,single-stream,777,1120,na,hokkaido_iburi_tobu,Hokkaido0719,0.5,255,4063,998,11068,41.20069458767969,0.05095060621736661,0.10324393134583125
E1,q2_x3_resunet_cas-single_seed777,cas-single,single-stream,777,1120,na,hokkaido_iburi_tobu,Hokkaido0720,0.5,288,1292,1907,12897,44.86081823148234,0.14285714285666687,0.2872722547586166
E1,q2_x3_resunet_cas-single_seed777,cas-single,single-stream,777,1120,na,hokkaido_iburi_tobu,Hokkaido0721,0.5,375,1582,2061,12366,48.10093496884214,0.15075108885625815,0.22544179723794008
E1,q2_x3_resunet_cas-single_seed777,cas-single,single-stream,777,1120,na,hokkaido_iburi_tobu,Hokkaido0722,0.5,246,3225,1220,11693,47.19490536570027,0.1646997583189246,0.2314696621559442
E1,q2_x3_resunet_cas-single_seed777,cas-single,single-stream,777,1120,na,hokkaido_iburi_tobu,Hokkaido0723,0.5,51,2663,512,13158,59.37381297924664,0.12406511218605008,0.13813590790893657
E1,q2_x3_resunet_cas-single_seed777,cas-single,single-stream,777,1120,na,hokkaido_iburi_tobu,Hokkaido0724,0.5,148,16,1579,14641,55.760178219200924,0.1424540235475465,0.25152268489719604
E1,q2_x3_resunet_cas-single_seed777,cas-single,single-stream,777,1120,na,hokkaido_iburi_tobu,Hokkaido0725,0.5,1465,719,2547,11653,37.48599558449584,0.27355629628324596,0.4212682745130961
E1,q2_x3_resunet_cas-single_seed777,cas-single,single-stream,777,1120,na,hokkaido_iburi_tobu,Hokkaido0726,0.5,1547,1395,1851,11591,42.485291572496,0.1520809184740271,0.2677452092408759
E1,q2_x3_resunet_cas-single_seed777,cas-single,single-stream,777,1120,na,hokkaido_iburi_tobu,Hokkaido0727,0.5,27,3119,847,12391,62.99801349750126,0.02033898305035298,0.05636449037059153
E1,q2_x3_resunet_cas-single_seed777,cas-single,single-stream,777,1120,na,hokkaido_iburi_tobu,Hokkaido0728,0.5,0,3936,215,12233,70.5354179562881,0.0,0.0
E1,q2_x3_resunet_cas-single_seed777,cas-single,single-stream,777,1120,na,hokkaido_iburi_tobu,Hokkaido0729,0.5,0,2437,735,13212,58.0812705840171,0.0,0.0
E1,q2_x3_resunet_cas-single_seed777,cas-single,single-stream,777,1120,na,hokkaido_iburi_tobu,Hokkaido0730,0.5,440,799,1371,13774,46.642197232758704,0.23072909254745022,0.3566758662982717
E1,q2_x3_resunet_cas-single_seed777,cas-single,single-stream,777,1120,na,hokkaido_iburi_tobu,Hokkaido0731,0.5,824,3659,627,11274,43.01162633521314,0.15080189107137676,0.28014840208346015
E1,q2_x3_resunet_cas-single_seed777,cas-single,single-stream,777,1120,na,hokkaido_iburi_tobu,Hokkaido0732,0.5,0,3201,183,13000,80.52949770115296,0.0,0.0
E1,q2_x3_resunet_cas-single_seed777,cas-single,single-stream,777,1120,na,hokkaido_iburi_tobu,Hokkaido0733,0.5,202,3174,739,12269,50.87038450154532,0.11232949986577458,0.18305306359591383
E1,q2_x3_resunet_cas-single_seed777,cas-single,single-stream,777,1120,na,hokkaido_iburi_tobu,Hokkaido0734,0.5,981,2990,2879,9534,40.160280374584374,0.18959796280543734,0.3249991807841018
E1,q2_x3_resunet_cas-single_seed777,cas-single,single-stream,777,1120,na,hokkaido_iburi_tobu,Hokkaido0735,0.5,531,476,4596,10781,48.40092728732774,0.136441029724258,0.2345915545183964
E1,q2_x3_resunet_cas-single_seed777,cas-single,single-stream,777,1120,na,hokkaido_iburi_tobu,Hokkaido0736,0.5,548,810,2450,12576,58.77243355386808,0.12687152262806756,0.23066735339535208
E1,q2_x3_resunet_cas-single_seed777,cas-single,single-stream,777,1120,na,hokkaido_iburi_tobu,Hokkaido0737,0.5,323,2153,1298,12610,51.78983242436854,0.1780030747492465,0.24973732710914673
E1,q2_x3_resunet_cas-single_seed777,cas-single,single-stream,777,1120,na,hokkaido_iburi_tobu,Hokkaido0738,0.5,12,427,1685,14260,69.29718601870027,0.021075320320771862,0.03901573930367049
E1,q2_x3_resunet_cas-single_seed777,cas-single,single-stream,777,1120,na,hokkaido_iburi_tobu,Hokkaido0739,0.5,6,313,1484,14581,63.64186957112846,0.021028037383006227,0.04261501210624965
E1,q2_x3_resunet_cas-single_seed777,cas-single,single-stream,777,1120,na,hokkaido_iburi_tobu,Hokkaido0740,0.5,217,937,1652,13578,66.89764443870429,0.13268551854277064,0.18578058550493678
E1,q2_x3_resunet_cas-single_seed777,cas-single,single-stream,777,1120,na,hokkaido_iburi_tobu,Hokkaido0741,0.5,100,253,2733,13298,54.19593627941328,0.07580083701627541,0.12880899100712168
E1,q2_x3_resunet_cas-single_seed777,cas-single,single-stream,777,1120,na,hokkaido_iburi_tobu,Hokkaido0742,0.5,919,2631,2597,10237,44.87747449496188,0.15806760640453463,0.25834797155970607
E1,q2_x3_resunet_cas-single_seed777,cas-single,single-stream,777,1120,na,hokkaido_iburi_tobu,Hokkaido0743,0.5,997,1380,3034,10973,45.026614198845884,0.11360803051274003,0.17335250596047458
E1,q2_x3_resunet_cas-single_seed777,cas-single,single-stream,777,1120,na,hokkaido_iburi_tobu,Hokkaido0744,0.5,370,700,3558,11756,58.421728157535604,0.1233151604479635,0.1974369791635547
E1,q2_x3_resunet_cas-single_seed777,cas-single,single-stream,777,1120,na,hokkaido_iburi_tobu,Hokkaido0745,0.5,405,1005,3180,11794,45.77603730481008,0.12721276166091047,0.23000681734724635
E1,q2_x3_resunet_cas-single_seed777,cas-single,single-stream,777,1120,na,hokkaido_iburi_tobu,Hokkaido0746,0.5,645,773,2726,12240,51.625574367351064,0.19658976930765842,0.298038365665676
E1,q2_x3_resunet_cas-single_seed777,cas-single,single-stream,777,1120,na,hokkaido_iburi_tobu,Hokkaido0747,0.5,0,0,3577,12807,181.01933598375618,0.0,0.0
E1,q2_x3_resunet_cas-single_seed777,cas-single,single-stream,777,1120,na,hokkaido_iburi_tobu,Hokkaido0748,0.5,367,797,2435,12785,50.73693615613489,0.1369661419197345,0.22123498891003013
E1,q2_x3_resunet_cas-single_seed777,cas-single,single-stream,777,1120,na,hokkaido_iburi_tobu,Hokkaido0749,0.5,139,1549,1079,13617,50.60632371551998,0.09096654421898318,0.17019251884891362
E1,q2_x3_resunet_cas-single_seed777,cas-single,single-stream,777,1120,na,hokkaido_iburi_tobu,Hokkaido0750,0.5,208,2504,1514,12158,47.16771594084365,0.12298174597077023,0.194979099716942
E1,q2_x3_resunet_cas-single_seed777,cas-single,single-stream,777,1120,na,hokkaido_iburi_tobu,Hokkaido0751,0.5,666,2660,1373,11685,39.732824080227516,0.11902076218994083,0.22884673122163013
E1,q2_x3_resunet_cas-single_seed777,cas-single,single-stream,777,1120,na,hokkaido_iburi_tobu,Hokkaido0752,0.5,351,1291,691,14051,49.58219192493463,0.15727370015666775,0.2706780852062403
E1,q2_x3_resunet_cas-single_seed777,cas-single,single-stream,777,1120,na,hokkaido_iburi_tobu,Hokkaido0753,0.5,196,3923,783,11482,40.311288741492746,0.0667274924168577,0.13785695939431197
E1,q2_x3_resunet_cas-single_seed777,cas-single,single-stream,777,1120,na,hokkaido_iburi_tobu,Hokkaido0754,0.5,359,2572,1040,12413,39.95963780450637,0.12061927966446863,0.21246246995067417
E1,q2_x3_resunet_cas-single_seed777,cas-single,single-stream,777,1120,na,hokkaido_iburi_tobu,Hokkaido0755,0.5,131,3905,636,11712,59.31426005021852,0.10625806720190323,0.1920617573878324
E1,q2_x3_resunet_cas-single_seed777,cas-single,single-stream,777,1120,na,hokkaido_iburi_tobu,Hokkaido0758,0.5,103,6,933,15342,83.74938087204156,0.19512932990451018,0.28033472803323173
E1,q2_x3_resunet_cas-single_seed777,cas-single,single-stream,777,1120,na,hokkaido_iburi_tobu,Hokkaido0759,0.5,161,107,510,15606,42.982465574350584,0.34142379049252075,0.40896270761480197
E1,q2_x3_resunet_cas-single_seed777,cas-single,single-stream,777,1120,na,hokkaido_iburi_tobu,Hokkaido0760,0.5,26,406,514,15438,70.0,0.06720661726643408,0.13263050501566997
E1,q2_x3_resunet_cas-single_seed777,cas-single,single-stream,777,1120,na,hokkaido_iburi_tobu,Hokkaido0761,0.5,1035,1894,963,12492,33.734255586866,0.27850630030996026,0.4028891901124599
E1,q2_x3_resunet_cas-single_seed777,cas-single,single-stream,777,1120,na,hokkaido_iburi_tobu,Hokkaido0762,0.5,1222,761,2898,11503,41.0377873019845,0.23258131654672287,0.36667902772108946
E1,q2_x3_resunet_cas-single_seed777,cas-single,single-stream,777,1120,na,hokkaido_iburi_tobu,Hokkaido0763,0.5,116,369,2762,13137,51.2722696384587,0.08133971291846691,0.13878083142313583
E1,q2_x3_resunet_cas-single_seed777,cas-single,single-stream,777,1120,na,hokkaido_iburi_tobu,Hokkaido0764,0.5,51,1900,1340,13093,47.4236228055175,0.06531472214863099,0.10587152933361563
E1,q2_x3_resunet_cas-single_seed777,cas-single,single-stream,777,1120,na,hokkaido_iburi_tobu,Hokkaido0765,0.5,376,812,951,14245,50.49028203625162,0.18546480591740733,0.3320406665963727
E1,q2_x3_resunet_cas-single_seed777,cas-single,single-stream,777,1120,na,hokkaido_iburi_tobu,Hokkaido0766,0.5,23,2632,758,12971,37.214158668043545,0.043702725416716985,0.07360226468457089
E1,q2_x3_resunet_cas-single_seed777,cas-single,single-stream,777,1120,na,hokkaido_iburi_tobu,Hokkaido0767,0.5,774,160,1857,13593,45.75731109508428,0.39598522867112795,0.5891038903082854
E1,q2_x3_resunet_cas-single_seed777,cas-single,single-stream,777,1120,na,hokkaido_iburi_tobu,Hokkaido0768,0.5,0,1195,2372,12817,56.57251717783132,0.0,0.0
E1,q2_x3_resunet_cas-single_seed777,cas-single,single-stream,777,1120,na,hokkaido_iburi_tobu,Hokkaido0769,0.5,78,2060,317,13929,58.585800178560376,0.12328767123237973,0.19658471350635884
E1,q2_x3_resunet_cas-single_seed777,cas-single,single-stream,777,1120,na,hokkaido_iburi_tobu,Hokkaido0770,0.5,521,3373,1071,11419,53.76843227707274,0.055922724961380496,0.15619839311177816
E1,q2_x3_resunet_cas-single_seed777,cas-single,single-stream,777,1120,na,hokkaido_iburi_tobu,Hokkaido0771,0.5,1117,502,1237,13528,51.571239102521716,0.197536976297648,0.35238881142716905
E1,q2_x3_resunet_cas-single_seed777,cas-single,single-stream,777,1120,na,hokkaido_iburi_tobu,Hokkaido0772,0.5,163,1656,818,13747,69.04884144214675,0.10972445323070477,0.1444657027251065
E1,q2_x3_resunet_cas-single_seed777,cas-single,single-stream,777,1120,na,hokkaido_iburi_tobu,Hokkaido0774,0.5,0,151,194,16039,76.51881240688925,0.0,0.0
E1,q2_x3_resunet_cas-single_seed777,cas-single,single-stream,777,1120,na,hokkaido_iburi_tobu,Hokkaido0775,0.5,0,732,2070,13582,68.28978796874173,0.0,0.0
E1,q2_x3_resunet_cas-single_seed777,cas-single,single-stream,777,1120,na,hokkaido_iburi_tobu,Hokkaido0776,0.5,1045,468,2556,12315,36.069377593742864,0.25486503452566317,0.39608838812864317
E1,q2_x3_resunet_cas-single_seed777,cas-single,single-stream,777,1120,na,hokkaido_iburi_tobu,Hokkaido0777,0.5,591,1611,1194,12988,48.805734143342335,0.08489722966888877,0.1706036745402085
E1,q2_x3_resunet_cas-single_seed777,cas-single,single-stream,777,1120,na,hokkaido_iburi_tobu,Hokkaido0778,0.5,0,1433,60,14891,90.13440278461957,0.0,0.0
E1,q2_x3_resunet_cas-single_seed777,cas-single,single-stream,777,1120,na,hokkaido_iburi_tobu,Hokkaido0779,0.5,0,4076,328,11980,81.84986167792238,0.0,0.0
E1,q2_x3_resunet_cas-single_seed777,cas-single,single-stream,777,1120,na,hokkaido_iburi_tobu,Hokkaido0780,0.5,0,1755,328,14301,59.626890491973334,0.0,0.0
E1,q2_x3_resunet_cas-single_seed777,cas-single,single-stream,777,1120,na,hokkaido_iburi_tobu,Hokkaido0781,0.5,0,2550,114,13720,65.74638620506366,0.0,0.0
E1,q2_x3_resunet_cas-single_seed777,cas-single,single-stream,777,1120,na,hokkaido_iburi_tobu,Hokkaido0782,0.5,96,294,1125,14869,41.49035360842247,0.16702523648498477,0.24552975713864472
E1,q2_x3_resunet_cas-single_seed777,cas-single,single-stream,777,1120,na,hokkaido_iburi_tobu,Hokkaido0783,0.5,1213,1826,2507,10838,45.02216762183799,0.12874319186074085,0.23730578789547654
E1,q2_x3_resunet_cas-single_seed777,cas-single,single-stream,777,1120,na,hokkaido_iburi_tobu,Hokkaido0784,0.5,857,378,4243,10906,42.89282556112358,0.17392710782572432,0.2759561577946369
E1,q2_x3_resunet_cas-single_seed777,cas-single,single-stream,777,1120,na,hokkaido_iburi_tobu,Hokkaido0785,0.5,0,0,3942,12442,181.01933598375618,0.0,0.0
E1,q2_x3_resunet_cas-single_seed777,cas-single,single-stream,777,1120,na,hokkaido_iburi_tobu,Hokkaido0786,0.5,45,0,3597,12742,77.89223002552703,0.016822429906489324,0.06041412072490666
E1,q2_x3_resunet_cas-single_seed777,cas-single,single-stream,777,1120,na,hokkaido_iburi_tobu,Hokkaido0787,0.5,807,1115,3305,11157,48.010415536631214,0.21853518107504494,0.3425691561762165
E1,q2_x3_resunet_cas-single_seed777,cas-single,single-stream,777,1120,na,hokkaido_iburi_tobu,Hokkaido0788,0.5,738,1345,2132,12169,44.64862784731582,0.1847766665592023,0.317292437863256
E1,q2_x3_resunet_cas-single_seed777,cas-single,single-stream,777,1120,na,hokkaido_iburi_tobu,Hokkaido0789,0.5,391,1489,1735,12769,35.87457929729646,0.14925051688456822,0.20914161008695983
E1,q2_x3_resunet_cas-single_seed777,cas-single,single-stream,777,1120,na,hokkaido_iburi_tobu,Hokkaido0790,0.5,474,1333,1693,12884,50.757240560781966,0.11395701700717971,0.1946661109128405
E1,q2_x3_resunet_cas-single_seed777,cas-single,single-stream,777,1120,na,hokkaido_iburi_tobu,Hokkaido0791,0.5,493,2238,1898,11755,45.4411235399681,0.13444298020648932,0.23611593589960989
E1,q2_x3_resunet_cas-single_seed777,cas-single,single-stream,777,1120,na,hokkaido_iburi_tobu,Hokkaido0792,0.5,378,537,3234,12235,62.438768344361996,0.14704244179547146,0.2439344928859401
E1,q2_x3_resunet_cas-single_seed777,cas-single,single-stream,777,1120,na,hokkaido_iburi_tobu,Hokkaido0793,0.5,212,26,4820,11326,79.59064771725066,0.06855553957514908,0.10601414356330596
E1,q2_x3_resunet_cas-single_seed777,cas-single,single-stream,777,1120,na,hokkaido_iburi_tobu,Hokkaido0794,0.5,49,25,5221,11089,128.92166640250827,0.022520711010989278,0.03766025641021946
E1,q2_x3_resunet_cas-single_seed777,cas-single,single-stream,777,1120,na,hokkaido_iburi_tobu,Hokkaido0795,0.5,246,181,4692,11265,59.65567741842062,0.1399465232278325,0.2144520509798627
E1,q2_x3_resunet_cas-single_seed777,cas-single,single-stream,777,1120,na,hokkaido_iburi_tobu,Hokkaido0796,0.5,144,48,4353,11839,52.15361924162119,0.10406709753273591,0.1666666666665139
E1,q2_x3_resunet_cas-single_seed777,cas-single,single-stream,777,1120,na,hokkaido_iburi_tobu,Hokkaido0797,0.5,311,117,3490,12466,53.795891362255475,0.1298119964188305,0.20620358235018638
E1,q2_x3_resunet_cas-single_seed777,cas-single,single-stream,777,1120,na,hokkaido_iburi_tobu,Hokkaido0798,0.5,484,2422,1777,11701,42.66261346543527,0.18445234742309646,0.2989828126981714
E1,q2_x3_resunet_cas-single_seed777,cas-single,single-stream,777,1120,na,hokkaido_iburi_tobu,Hokkaido0799,0.5,344,3292,1015,11733,41.182520563948,0.05445808862749512,0.1097612914998485
E1,q2_x3_resunet_cas-single_seed777,cas-single,single-stream,777,1120,na,hokkaido_iburi_tobu,Hokkaido0800,0.5,465,2194,1189,12536,51.03184979798365,0.07125949918991005,0.1312894167469333
E1,q2_x3_resunet_cas-single_seed777,cas-single,single-stream,777,1120,na,hokkaido_iburi_tobu,Hokkaido0801,0.5,513,2783,1280,11808,34.63217919971935,0.24192579447528734,0.34921196009892763
E1,q2_x3_resunet_cas-single_seed777,cas-single,single-stream,777,1120,na,hokkaido_iburi_tobu,Hokkaido0802,0.5,188,3547,1108,11541,39.81519773196151,0.13437123528823317,0.21401079340792398
E1,q2_x3_resunet_cas-single_seed777,cas-single,single-stream,777,1120,na,hokkaido_iburi_tobu,Hokkaido0803,0.5,276,2947,485,12676,50.66487386788178,0.23800824677649496,0.32404751512079744
E1,q2_x3_resunet_cas-single_seed777,cas-single,single-stream,777,1120,na,hokkaido_iburi_tobu,Hokkaido0804,0.5,49,2271,450,13614,41.06090144550434,0.01162790697637706,0.04148660328391797
E1,q2_x3_resunet_cas-single_seed777,cas-single,single-stream,777,1120,na,hokkaido_iburi_tobu,Hokkaido0806,0.5,1,0,584,15799,112.8068172608078,0.0,0.0
E1,q2_x3_resunet_cas-single_seed777,cas-single,single-stream,777,1120,na,hokkaido_iburi_tobu,Hokkaido0807,0.5,16,547,190,15631,51.87868892760378,0.21913658167079528,0.2853054288520566
E1,q2_x3_resunet_cas-single_seed777,cas-single,single-stream,777,1120,na,hokkaido_iburi_tobu,Hokkaido0808,0.5,0,2958,402,13024,56.998929476488314,0.0,0.0
E1,q2_x3_resunet_cas-single_seed777,cas-single,single-stream,777,1120,na,hokkaido_iburi_tobu,Hokkaido0809,0.5,27,724,1689,13944,62.796339852405424,0.03476245654664211,0.052884615384319815
E1,q2_x3_resunet_cas-single_seed777,cas-single,single-stream,777,1120,na,hokkaido_iburi_tobu,Hokkaido0810,0.5,787,545,2685,12367,59.554811274753554,0.20491312162940842,0.35228812529751685
E1,q2_x3_resunet_cas-single_seed777,cas-single,single-stream,777,1120,na,hokkaido_iburi_tobu,Hokkaido0811,0.5,677,1587,2222,11898,47.38143096192854,0.16026895710004635,0.23429511039809206
E1,q2_x3_resunet_cas-single_seed777,cas-single,single-stream,777,1120,na,hokkaido_iburi_tobu,Hokkaido0812,0.5,738,4707,1367,9572,31.41810392336302,0.1874004817698389,0.316234310081037
E1,q2_x3_resunet_cas-single_seed777,cas-single,single-stream,777,1120,na,hokkaido_iburi_tobu,Hokkaido0813,0.5,478,3102,1192,11612,36.00080103695939,0.16915724684810263,0.2992077794018068
E1,q2_x3_resunet_cas-single_seed777,cas-single,single-stream,777,1120,na,hokkaido_iburi_tobu,Hokkaido0814,0.5,43,1455,364,14522,60.792167178341536,0.08630594522328419,0.13648593558859526
E1,q2_x3_resunet_cas-single_seed777,cas-single,single-stream,777,1120,na,hokkaido_iburi_tobu,Hokkaido0815,0.5,441,2445,1376,12122,36.069377593742864,0.13017751479242337,0.21900065355545598
E1,q2_x3_resunet_cas-single_seed777,cas-single,single-stream,777,1120,na,hokkaido_iburi_tobu,Hokkaido0816,0.5,905,656,1245,13578,43.928312534420265,0.35706951203132226,0.5337622049279918
E1,q2_x3_resunet_cas-single_seed777,cas-single,single-stream,777,1120,na,hokkaido_iburi_tobu,Hokkaido0817,0.5,402,556,1100,14326,47.504706948868446,0.2737681908837956,0.42674583709777436
E1,q2_x3_resunet_cas-single_seed777,cas-single,single-stream,777,1120,na,hokkaido_iburi_tobu,Hokkaido0818,0.5,1491,3233,858,10802,36.410152019941265,0.15702479338794517,0.24465551839415345
E1,q2_x3_resunet_cas-single_seed777,cas-single,single-stream,777,1120,na,hokkaido_iburi_tobu,Hokkaido0819,0.5,32,1518,1727,13107,52.773099207835045,0.0038167938926472592,0.04985459077644336
E1,q2_x3_resunet_cas-single_seed777,cas-single,single-stream,777,1120,na,hokkaido_iburi_tobu,Hokkaido0820,0.5,10,2967,574,12833,58.82176467941097,0.0,0.0
E1,q2_x3_resunet_cas-single_seed777,cas-single,single-stream,777,1120,na,hokkaido_iburi_tobu,Hokkaido0821,0.5,9,3367,295,12713,54.70260800768632,0.05864596808934261,0.09438852389810413
E1,q2_x3_resunet_cas-single_seed777,cas-single,single-stream,777,1120,na,hokkaido_iburi_tobu,Hokkaido0822,0.5,14,3229,412,12729,47.07971693256262,0.030420353981853585,0.04129032258017303
E1,q2_x3_resunet_cas-single_seed777,cas-single,single-stream,777,1120,na,hokkaido_iburi_tobu,Hokkaido0823,0.5,90,457,2294,13543,54.2602393895487,0.06434176111567627,0.09309160866223432
E1,q2_x3_resunet_cas-single_seed777,cas-single,single-stream,777,1120,na,hokkaido_iburi_tobu,Hokkaido0824,0.5,1396,711,3965,10312,49.000510150968566,0.28308168561521835,0.41230597098928395
E1,q2_x3_resunet_cas-single_seed777,cas-single,single-stream,777,1120,na,hokkaido_iburi_tobu,Hokkaido0825,0.5,1798,764,2097,11725,56.08029957123981,0.18905798144469896,0.2945533503229516
E1,q2_x3_resunet_cas-single_seed777,cas-single,single-stream,777,1120,na,hokkaido_iburi_tobu,Hokkaido0826,0.5,47,2604,1277,12456,51.884487084291386,0.04082674151522592,0.07597467510788468
E1,q2_x3_resunet_cas-single_seed777,cas-single,single-stream,777,1120,na,hokkaido_iburi_tobu,Hokkaido0827,0.5,0,3953,1146,11285,73.8886118277041,0.002378121283709688,0.014383890042764857
E1,q2_x3_resunet_cas-single_seed777,cas-single,single-stream,777,1120,na,hokkaido_iburi_tobu,Hokkaido0828,0.5,354,2053,1401,12576,49.67356251947833,0.20101966496673337,0.2866644807714371
E1,q2_x3_resunet_cas-single_seed777,cas-single,single-stream,777,1120,na,hokkaido_iburi_tobu,Hokkaido0829,0.5,561,3428,1445,10950,38.897300677553446,0.2102803738313277,0.322932180942
E1,q2_x3_resunet_cas-single_seed777,cas-single,single-stream,777,1120,na,hokkaido_iburi_tobu,Hokkaido0830,0.5,57,3652,1352,11323,51.884487084291386,0.052873563217914143,0.06799618840136132
E1,q2_x3_resunet_cas-single_seed777,cas-single,single-stream,777,1120,na,hokkaido_iburi_tobu,Hokkaido0831,0.5,814,3128,1762,10680,36.06243985281358,0.09277152641840786,0.1749391515990375
E1,q2_x3_resunet_cas-single_seed777,cas-single,single-stream,777,1120,na,hokkaido_iburi_tobu,Hokkaido0832,0.5,479,510,4178,11217,56.57207692466538,0.1233317642267436,0.2022139902715592
E1,q2_x3_resunet_cas-single_seed777,cas-single,single-stream,777,1120,na,hokkaido_iburi_tobu,Hokkaido0833,0.5,1071,168,4513,10632,53.85164807134504,0.13323817736660476,0.2000409103924149
E1,q2_x3_resunet_cas-single_seed777,cas-single,single-stream,777,1120,na,hokkaido_iburi_tobu,Hokkaido0834,0.5,661,561,3609,11553,54.50869997380582,0.12421642288693782,0.17895892846196967
E1,q2_x3_resunet_cas-single_seed777,cas-single,single-stream,777,1120,na,hokkaido_iburi_tobu,Hokkaido0835,0.5,209,212,3651,12312,62.68173577685928,0.12530341262991643,0.1718091747179698
E1,q2_x3_resunet_cas-single_seed777,cas-single,single-stream,777,1120,na,hokkaido_iburi_tobu,Hokkaido0836,0.5,118,82,5186,10998,72.14914882323288,0.09470124013518431,0.14022302538484302
E1,q2_x3_resunet_cas-single_seed777,cas-single,single-stream,777,1120,na,hokkaido_iburi_tobu,Hokkaido0837,0.5,214,355,3886,11929,61.7227649317463,0.08043566304081583,0.14542122981192004
E1,q2_x3_resunet_cas-single_seed777,cas-single,single-stream,777,1120,na,hokkaido_iburi_tobu,Hokkaido0838,0.5,279,108,2148,13849,70.99153461854054,0.09812812828504634,0.15166666666652648
E1,q2_x3_resunet_cas-single_seed777,cas-single,single-stream,777,1120,na,hokkaido_iburi_tobu,Hokkaido0839,0.5,0,1919,2151,12314,51.62363799656123,0.0,0.004065040650123339
E1,q2_x3_resunet_cas-single_seed777,cas-single,single-stream,777,1120,na,hokkaido_iburi_tobu,Hokkaido0840,0.5,325,2566,1786,11707,49.828691086908364,0.13003581020552685,0.21577515865781993
E1,q2_x3_resunet_cas-single_seed777,cas-single,single-stream,777,1120,na,hokkaido_iburi_tobu,Hokkaido0841,0.5,889,1806,2341,11348,45.00499938286842,0.21409099170016627,0.3143327348889203
E1,q2_x3_resunet_cas-single_seed777,cas-single,single-stream,777,1120,na,hokkaido_iburi_tobu,Hokkaido0842,0.5,1771,778,2729,11106,40.67394061766535,0.2138327909344904,0.37432502993753003
E1,q2_x3_resunet_cas-single_seed777,cas-single,single-stream,777,1120,na,hokkaido_iburi_tobu,Hokkaido0843,0.5,148,9,5195,11032,79.20763848846337,0.04401056253495019,0.07145623547629866
E1,q2_x3_resunet_cas-single_seed777,cas-single,single-stream,777,1120,na,hokkaido_iburi_tobu,Hokkaido0844,0.5,181,0,5503,10700,83.71617615111066,0.04217868722914465,0.10086400561373302
E1,q2_x3_resunet_cas-single_seed777,cas-single,single-stream,777,1120,na,hokkaido_iburi_tobu,Hokkaido0845,0.5,547,768,3800,11269,58.797533699109124,0.13013974351580843,0.18836369528458963
E1,q2_x3_resunet_cas-single_seed777,cas-single,single-stream,777,1120,na,hokkaido_iburi_tobu,Hokkaido0846,0.5,827,1600,2290,11667,48.82724628815203,0.20960328822041907,0.34753129066948796
E1,q2_x3_resunet_cas-single_seed777,cas-single,single-stream,777,1120,na,hokkaido_iburi_tobu,Hokkaido0847,0.5,495,816,1995,13078,38.93327167965551,0.2909536815112535,0.39958157773207104
E1,q2_x3_resunet_cas-single_seed777,cas-single,single-stream,777,1120,na,hokkaido_iburi_tobu,Hokkaido0848,0.5,277,1390,1272,13445,51.716514224197134,0.14107930975660254,0.21338061842485168
E1,q2_x3_resunet_cas-single_seed777,cas-single,single-stream,777,1120,na,hokkaido_iburi_tobu,Hokkaido0849,0.5,393,5012,874,10105,34.66047202934011,0.2216254086870974,0.3500532067504349
E1,q2_x3_resunet_cas-single_seed777,cas-single,single-stream,777,1120,na,hokkaido_iburi_tobu,Hokkaido0850,0.5,878,2276,1501,11729,38.24590098699362,0.2308833529081007,0.36189593578531576
E1,q2_x3_resunet_cas-single_seed777,cas-single,single-stream,777,1120,na,hokkaido_iburi_tobu,Hokkaido0851,0.5,589,2340,1510,11945,28.053469061909006,0.2682704840434754,0.4217378966669941
E1,q2_x3_resunet_cas-single_seed777,cas-single,single-stream,777,1120,na,hokkaido_iburi_tobu,Hokkaido0852,0.5,2,3479,466,12437,48.797528266959134,0.0380059230004965,0.08500590318722137
E1,q2_x3_resunet_cas-single_seed777,cas-single,single-stream,777,1120,na,hokkaido_iburi_tobu,Hokkaido0853,0.5,0,2457,50,13877,68.62215385719105,0.0,0.0
E1,q2_x3_resunet_cas-single_seed777,cas-single,single-stream,777,1120,na,hokkaido_iburi_tobu,Hokkaido0856,0.5,0,0,95,16289,181.01933598375618,0.0,0.0
E1,q2_x3_resunet_cas-single_seed777,cas-single,single-stream,777,1120,na,hokkaido_iburi_tobu,Hokkaido0857,0.5,0,2266,267,13851,86.83317338436964,0.0,0.0
E1,q2_x3_resunet_cas-single_seed777,cas-single,single-stream,777,1120,na,hokkaido_iburi_tobu,Hokkaido0858,0.5,528,2531,1361,11964,37.656333749563444,0.16633719288292828,0.24328846104303584
E1,q2_x3_resunet_cas-single_seed777,cas-single,single-stream,777,1120,na,hokkaido_iburi_tobu,Hokkaido0859,0.5,751,3133,1290,11210,43.139309220245984,0.17039878410612497,0.30481292129301896
E1,q2_x3_resunet_cas-single_seed777,cas-single,single-stream,777,1120,na,hokkaido_iburi_tobu,Hokkaido0860,0.5,318,1940,1363,12763,39.84720747165627,0.13269520481214978,0.22852777343280561
E1,q2_x3_resunet_cas-single_seed777,cas-single,single-stream,777,1120,na,hokkaido_iburi_tobu,Hokkaido0861,0.5,1037,2050,1283,12014,38.593392678789115,0.11601784889952062,0.2319582368407402
E1,q2_x3_resunet_cas-single_seed777,cas-single,single-stream,777,1120,na,hokkaido_iburi_tobu,Hokkaido0862,0.5,241,2509,1320,12314,40.311288741492746,0.06376350500392415,0.11464288222443623
E1,q2_x3_resunet_cas-single_seed777,cas-single,single-stream,777,1120,na,hokkaido_iburi_tobu,Hokkaido0863,0.5,190,1823,420,13951,35.73091456533071,0.17847673036431738,0.2755718857408776
E1,q2_x3_resunet_cas-single_seed777,cas-single,single-stream,777,1120,na,hokkaido_iburi_tobu,Hokkaido0864,0.5,48,3111,225,13000,50.620027982783064,0.06459838503993193,0.1285373691298705
E1,q2_x3_resunet_cas-single_seed777,cas-single,single-stream,777,1120,na,hokkaido_iburi_tobu,Hokkaido0865,0.5,45,2338,816,13185,46.00651942700291,0.0,0.0031055900616139276
E1,q2_x3_resunet_cas-single_seed777,cas-single,single-stream,777,1120,na,hokkaido_iburi_tobu,Hokkaido0866,0.5,247,973,1421,13743,61.561350140969914,0.14954998783714188,0.22443067090368096
E1,q2_x3_resunet_cas-single_seed777,cas-single,single-stream,777,1120,na,hokkaido_iburi_tobu,Hokkaido0867,0.5,44,2655,929,12756,58.12091794251495,0.054029716343489284,0.0938754370058451
E1,q2_x3_resunet_cas-single_seed777,cas-single,single-stream,777,1120,na,hokkaido_iburi_tobu,Hokkaido0868,0.5,7,2121,495,13761,66.08478605527206,0.05299015896997918,0.0928087620689646
E1,q2_x3_resunet_cas-single_seed777,cas-single,single-stream,777,1120,na,hokkaido_iburi_tobu,Hokkaido0869,0.5,377,798,586,14623,66.24104270820567,0.2907880133181225,0.37692045066530394
E1,q2_x3_resunet_cas-single_seed777,cas-single,single-stream,777,1120,na,hokkaido_iburi_tobu,Hokkaido0870,0.5,63,2399,727,13195,39.62606875624921,0.05551443375234393,0.07650621612961209
E1,q2_x3_resunet_cas-single_seed777,cas-single,single-stream,777,1120,na,hokkaido_iburi_tobu,Hokkaido0871,0.5,374,1432,1109,13469,49.4064773081425,0.18971693400044046,0.33628204300334535
E1,q2_x3_resunet_cas-single_seed777,cas-single,single-stream,777,1120,na,hokkaido_iburi_tobu,Hokkaido0872,0.5,283,331,5102,10668,62.992059991145936,0.10345339131912748,0.15917780643315693
E1,q2_x3_resunet_cas-single_seed777,cas-single,single-stream,777,1120,na,hokkaido_iburi_tobu,Hokkaido0873,0.5,2748,1224,6057,6355,47.08821399653894,0.23494962216600132,0.3572280253594273
E1,q2_x3_resunet_cas-single_seed777,cas-single,single-stream,777,1120,na,hokkaido_iburi_tobu,Hokkaido0874,0.5,1965,831,4479,9109,51.7107094599699,0.3638535112622961,0.48557600159183134
E1,q2_x3_resunet_cas-single_seed777,cas-single,single-stream,777,1120,na,hokkaido_iburi_tobu,Hokkaido0875,0.5,37,34,4193,12120,70.60453243241541,0.04168470995796147,0.05483379625476103
E1,q2_x3_resunet_cas-single_seed777,cas-single,single-stream,777,1120,na,hokkaido_iburi_tobu,Hokkaido0876,0.5,495,376,4040,11473,61.554853586049575,0.11474772603577033,0.19135869809329015
E1,q2_x3_resunet_cas-single_seed777,cas-single,single-stream,777,1120,na,hokkaido_iburi_tobu,Hokkaido0877,0.5,1069,1090,2974,11251,48.26178594736143,0.2170564369822663,0.3436987146178242
E1,q2_x3_resunet_cas-single_seed777,cas-single,single-stream,777,1120,na,hokkaido_iburi_tobu,Hokkaido0878,0.5,1637,2861,2424,9462,36.84898596394307,0.205732501282872,0.3383799106003631
E1,q2_x3_resunet_cas-single_seed777,cas-single,single-stream,777,1120,na,hokkaido_iburi_tobu,Hokkaido0879,0.5,1042,1246,2754,11342,46.52956049652737,0.14173483437246207,0.25964648399820633
E1,q2_x3_resunet_cas-single_seed777,cas-single,single-stream,777,1120,na,hokkaido_iburi_tobu,Hokkaido0880,0.5,665,1128,2886,11705,39.68364250966645,0.13102669535733272,0.23279288372944454
E1,q2_x3_resunet_cas-single_seed777,cas-single,single-stream,777,1120,na,hokkaido_iburi_tobu,Hokkaido0881,0.5,478,904,3851,11151,49.653801210483095,0.13353370665434014,0.18929992952218624
E1,q2_x3_resunet_cas-single_seed777,cas-single,single-stream,777,1120,na,hokkaido_iburi_tobu,Hokkaido0882,0.5,1203,470,3561,11150,40.51542774969051,0.2536655143637533,0.37463107496521675
E1,q2_x3_resunet_cas-single_seed777,cas-single,single-stream,777,1120,na,hokkaido_iburi_tobu,Hokkaido0883,0.5,478,3097,2772,10037,42.399213965745126,0.13838981069192413,0.21699559527484094
E1,q2_x3_resunet_cas-single_seed777,cas-single,single-stream,777,1120,na,hokkaido_iburi_tobu,Hokkaido0884,0.5,166,1406,4446,10366,55.46169849544819,0.1810266169604847,0.2480248692088358
E1,q2_x3_resunet_cas-single_seed777,cas-single,single-stream,777,1120,na,hokkaido_iburi_tobu,Hokkaido0885,0.5,1569,31,6364,8420,56.639209034025185,0.06355304856388959,0.12208043488247654
E1,q2_x3_resunet_cas-single_seed777,cas-single,single-stream,777,1120,na,hokkaido_iburi_tobu,Hokkaido0886,0.5,227,26,6040,10091,65.81487630268259,0.05637811202701163,0.07946471683787995
E1,q2_x3_resunet_cas-single_seed777,cas-single,single-stream,777,1120,na,hokkaido_iburi_tobu,Hokkaido0887,0.5,366,102,3861,12055,54.574713397250086,0.1748602327566483,0.23635738104037943
E1,q2_x3_resunet_cas-single_seed777,cas-single,single-stream,777,1120,na,hokkaido_iburi_tobu,Hokkaido0888,0.5,468,205,2826,12885,61.21714567232051,0.10892357322437014,0.21198821619651248
E1,q2_x3_resunet_cas-single_seed777,cas-single,single-stream,777,1120,na,hokkaido_iburi_tobu,Hokkaido0889,0.5,356,1809,1861,12358,46.010868281309364,0.1069518716573702,0.17819008884816023
E1,q2_x3_resunet_cas-single_seed777,cas-single,single-stream,777,1120,na,hokkaido_iburi_tobu,Hokkaido0890,0.5,360,3429,2479,10116,42.170461539983194,0.12510389044960626,0.2228500551263907
E1,q2_x3_resunet_cas-single_seed777,cas-single,single-stream,777,1120,na,hokkaido_iburi_tobu,Hokkaido0891,0.5,210,227,3426,12521,65.77118897411964,0.20023214581794174,0.2734218664723465
E1,q2_x3_resunet_cas-single_seed777,cas-single,single-stream,777,1120,na,hokkaido_iburi_tobu,Hokkaido0892,0.5,135,4,4169,12076,92.29836608320507,0.04111600587363001,0.07612604783605276
E1,q2_x3_resunet_cas-single_seed777,cas-single,single-stream,777,1120,na,hokkaido_iburi_tobu,Hokkaido0893,0.5,128,7,4215,12034,93.47245582215594,0.022348033373012388,0.04003298110090161
E1,q2_x3_resunet_cas-single_seed777,cas-single,single-stream,777,1120,na,hokkaido_iburi_tobu,Hokkaido0894,0.5,259,54,3189,12882,61.71952646332735,0.17704812489920038,0.2492299660660616
E1,q2_x3_resunet_cas-single_seed777,cas-single,single-stream,777,1120,na,hokkaido_iburi_tobu,Hokkaido0895,0.5,139,699,1891,13655,60.15147077686086,0.05669923237933636,0.13626685592587723
E1,q2_x3_resunet_cas-single_seed777,cas-single,single-stream,777,1120,na,hokkaido_iburi_tobu,Hokkaido0896,0.5,157,2523,1327,12377,42.47822638879848,0.09441553564679515,0.1388180131996913
E1,q2_x3_resunet_cas-single_seed777,cas-single,single-stream,777,1120,na,hokkaido_iburi_tobu,Hokkaido0897,0.5,699,2791,1145,11749,36.148293985665454,0.14091403699635896,0.23243354625965004
E1,q2_x3_resunet_cas-single_seed777,cas-single,single-stream,777,1120,na,hokkaido_iburi_tobu,Hokkaido0898,0.5,165,3146,1204,11869,47.07750732090052,0.07626673136761591,0.1181640107995171
E1,q2_x3_resunet_cas-single_seed777,cas-single,single-stream,777,1120,na,hokkaido_iburi_tobu,Hokkaido0899,0.5,888,5025,846,9625,25.017992805754243,0.2735532741430173,0.4187309232015468
E1,q2_x3_resunet_cas-single_seed777,cas-single,single-stream,777,1120,na,hokkaido_iburi_tobu,Hokkaido0900,0.5,1308,2719,706,11651,24.166091947189145,0.2716625233856621,0.4546845046609152
E1,q2_x3_resunet_cas-single_seed777,cas-single,single-stream,777,1120,na,hokkaido_iburi_tobu,Hokkaido0901,0.5,66,1740,734,13844,39.61047640672171,0.03402738394191719,0.0708691418648559
E1,q2_x3_resunet_cas-single_seed777,cas-single,single-stream,777,1120,na,hokkaido_iburi_tobu,Hokkaido0902,0.5,59,3163,24,13138,59.38577911550544,0.026431718061261582,0.06593406593369931
E1,q2_x3_resunet_cas-single_seed777,cas-single,single-stream,777,1120,na,hokkaido_iburi_tobu,Hokkaido0903,0.5,0,3179,83,13122,66.53701951124616,0.0,0.0
E1,q2_x3_resunet_cas-single_seed777,cas-single,single-stream,777,1120,na,hokkaido_iburi_tobu,Hokkaido0906,0.5,7,1009,1295,14073,59.93329625508679,0.0279850746263657,0.03905967450223901
E1,q2_x3_resunet_cas-single_seed777,cas-single,single-stream,777,1120,na,hokkaido_iburi_tobu,Hokkaido0907,0.5,610,2034,879,12861,32.090366462782235,0.16304939241834407,0.2663711884219865
E1,q2_x3_resunet_cas-single_seed777,cas-single,single-stream,777,1120,na,hokkaido_iburi_tobu,Hokkaido0908,0.5,0,3050,714,12620,56.98593018249744,0.0,0.0
E1,q2_x3_resunet_cas-single_seed777,cas-single,single-stream,777,1120,na,hokkaido_iburi_tobu,Hokkaido0909,0.5,43,1331,1213,13797,58.27690460839374,0.038591413410136506,0.07782223268182621
E1,q2_x3_resunet_cas-single_seed777,cas-single,single-stream,777,1120,na,hokkaido_iburi_tobu,Hokkaido0910,0.5,216,2739,816,12613,48.09573677820776,0.13125038694052918,0.17090588628514208
E1,q2_x3_resunet_cas-single_seed777,cas-single,single-stream,777,1120,na,hokkaido_iburi_tobu,Hokkaido0911,0.5,19,2735,331,13299,65.86349520030045,0.0670859538779075,0.10935186239842014
E1,q2_x3_resunet_cas-single_seed777,cas-single,single-stream,777,1120,na,hokkaido_iburi_tobu,Hokkaido0912,0.5,0,1131,106,15147,70.49287895873893,0.0,0.0
E1,q2_x3_resunet_cas-single_seed777,cas-single,single-stream,777,1120,na,hokkaido_iburi_tobu,Hokkaido0913,0.5,134,1778,438,14034,47.12422571773267,0.01884126236408633,0.09008662175120355
E1,q2_x3_resunet_cas-single_seed777,cas-single,single-stream,777,1120,na,hokkaido_iburi_tobu,Hokkaido0914,0.5,424,2700,182,13078,46.53778921371232,0.11875626880592371,0.17854140748411776
E1,q2_x3_resunet_cas-single_seed777,cas-single,single-stream,777,1120,na,hokkaido_iburi_tobu,Hokkaido0915,0.5,0,2103,132,14149,59.38637620010159,0.0,0.0
E1,q2_x3_resunet_cas-single_seed777,cas-single,single-stream,777,1120,na,hokkaido_iburi_tobu,Hokkaido0916,0.5,0,482,1240,14662,68.19674345928598,0.0,0.0
E1,q2_x3_resunet_cas-single_seed777,cas-single,single-stream,777,1120,na,hokkaido_iburi_tobu,Hokkaido0917,0.5,863,1587,1615,12319,36.08668469642154,0.16956744580654734,0.2831084271474156
E1,q2_x3_resunet_cas-single_seed777,cas-single,single-stream,777,1120,na,hokkaido_iburi_tobu,Hokkaido0918,0.5,440,1115,3050,11779,53.03772242470448,0.13079680382322684,0.2074253990282199
E1,q2_x3_resunet_cas-single_seed777,cas-single,single-stream,777,1120,na,hokkaido_iburi_tobu,Hokkaido0919,0.5,72,53,5227,11032,61.490959293324636,0.050876201243576,0.08582089552230592
E1,q2_x3_resunet_cas-single_seed777,cas-single,single-stream,777,1120,na,hokkaido_iburi_tobu,Hokkaido0920,0.5,221,7,7662,8494,87.58167409126658,0.047477442613546014,0.07306862096570339
E1,q2_x3_resunet_cas-single_seed777,cas-single,single-stream,777,1120,na,hokkaido_iburi_tobu,Hokkaido0921,0.5,1381,217,8368,6418,71.7007670809734,0.19899844146419082,0.3101660340817725
E1,q2_x3_resunet_cas-single_seed777,cas-single,single-stream,777,1120,na,hokkaido_iburi_tobu,Hokkaido0922,0.5,4280,2074,3499,6531,37.69615364994153,0.3158801240093215,0.45552817446224564
E1,q2_x3_resunet_cas-single_seed777,cas-single,single-stream,777,1120,na,hokkaido_iburi_tobu,Hokkaido0923,0.5,100,13,5533,10738,99.6398514537923,0.04548009276898736,0.08986933061728807
E1,q2_x3_resunet_cas-single_seed777,cas-single,single-stream,777,1120,na,hokkaido_iburi_tobu,Hokkaido0924,0.5,801,648,4630,10305,56.859036188862476,0.12965722801770757,0.20880848519719528
E1,q2_x3_resunet_cas-single_seed777,cas-single,single-stream,777,1120,na,hokkaido_iburi_tobu,Hokkaido0925,0.5,683,1579,3090,11032,51.62363799656123,0.12382884029503068,0.22904202798304185
E1,q2_x3_resunet_cas-single_seed777,cas-single,single-stream,777,1120,na,hokkaido_iburi_tobu,Hokkaido0926,0.5,333,2374,3111,10566,48.570524074272704,0.12320827518231957,0.1996136576671993
E1,q2_x3_resunet_cas-single_seed777,cas-single,single-stream,777,1120,na,hokkaido_iburi_tobu,Hokkaido0927,0.5,137,56,3884,12307,66.8565597176203,0.05360120461222567,0.08868501529043511
E1,q2_x3_resunet_cas-single_seed777,cas-single,single-stream,777,1120,na,hokkaido_iburi_tobu,Hokkaido0928,0.5,994,565,2516,12309,49.51363382665949,0.2702618825404895,0.39365296608324013
E1,q2_x3_resunet_cas-single_seed777,cas-single,single-stream,777,1120,na,hokkaido_iburi_tobu,Hokkaido0929,0.5,636,353,3905,11490,57.713615955239696,0.09348354273696716,0.1971648290556615
E1,q2_x3_resunet_cas-single_seed777,cas-single,single-stream,777,1120,na,hokkaido_iburi_tobu,Hokkaido0930,0.5,757,725,3627,11275,49.49747468305833,0.16479902469792504,0.28268205285492864
E1,q2_x3_resunet_cas-single_seed777,cas-single,single-stream,777,1120,na,hokkaido_iburi_tobu,Hokkaido0931,0.5,519,1584,2331,11950,46.444515039914975,0.17389393772911485,0.24986208406879157
E1,q2_x3_resunet_cas-single_seed777,cas-single,single-stream,777,1120,na,hokkaido_iburi_tobu,Hokkaido0932,0.5,1547,392,4424,10021,52.40801132010069,0.156214621701008,0.26806963310806087
E1,q2_x3_resunet_cas-single_seed777,cas-single,single-stream,777,1120,na,hokkaido_iburi_tobu,Hokkaido0933,0.5,487,0,8099,7798,65.73431371817918,0.03173649095377102,0.0502823393258437
E1,q2_x3_resunet_cas-single_seed777,cas-single,single-stream,777,1120,na,hokkaido_iburi_tobu,Hokkaido0934,0.5,787,1076,5407,9114,37.8021163428716,0.18343397107112122,0.28961788135931726
E1,q2_x3_resunet_cas-single_seed777,cas-single,single-stream,777,1120,na,hokkaido_iburi_tobu,Hokkaido0935,0.5,279,97,4267,11741,66.40030120413611,0.059943137592175226,0.12715741481432644
E1,q2_x3_resunet_cas-single_seed777,cas-single,single-stream,777,1120,na,hokkaido_iburi_tobu,Hokkaido0936,0.5,462,853,3318,11751,52.813325494522736,0.1244626938063124,0.20567113739546122
E1,q2_x3_resunet_cas-single_seed777,cas-single,single-stream,777,1120,na,hokkaido_iburi_tobu,Hokkaido0937,0.5,269,874,2349,12892,50.99754878398196,0.04562175806904121,0.09215263898698065
E1,q2_x3_resunet_cas-single_seed777,cas-single,single-stream,777,1120,na,hokkaido_iburi_tobu,Hokkaido0938,0.5,536,1112,1845,12891,65.05382386916237,0.20938995194737614,0.3072661912896917
E1,q2_x3_resunet_cas-single_seed777,cas-single,single-stream,777,1120,na,hokkaido_iburi_tobu,Hokkaido0939,0.5,254,1130,2615,12385,43.83947712081236,0.16663770969638136,0.27107140016399933
E1,q2_x3_resunet_cas-single_seed777,cas-single,single-stream,777,1120,na,hokkaido_iburi_tobu,Hokkaido0940,0.5,35,12,3853,12484,70.59319944119946,0.024948024947989228,0.06442316631024358
E1,q2_x3_resunet_cas-single_seed777,cas-single,single-stream,777,1120,na,hokkaido_iburi_tobu,Hokkaido0941,0.5,26,5,4702,11651,73.81395368806481,0.02080463787182027,0.050802139037383634
E1,q2_x3_resunet_cas-single_seed777,cas-single,single-stream,777,1120,na,hokkaido_iburi_tobu,Hokkaido0942,0.5,1695,1819,2288,10582,43.18564576337837,0.12830346558788946,0.23160246264393758
E1,q2_x3_resunet_cas-single_seed777,cas-single,single-stream,777,1120,na,hokkaido_iburi_tobu,Hokkaido0943,0.5,479,2356,1861,11688,34.00882162203394,0.20509648121885485,0.3031851866080811
E1,q2_x3_resunet_cas-single_seed777,cas-single,single-stream,777,1120,na,hokkaido_iburi_tobu,Hokkaido0944,0.5,389,3844,914,11237,38.98502219115018,0.1327904394263314,0.20115137148616172
E1,q2_x3_resunet_cas-single_seed777,cas-single,single-stream,777,1120,na,hokkaido_iburi_tobu,Hokkaido0945,0.5,722,2224,2067,11371,39.025607331725176,0.16468213925297234,0.2846623126055078
E1,q2_x3_resunet_cas-single_seed777,cas-single,single-stream,777,1120,na,hokkaido_iburi_tobu,Hokkaido0946,0.5,748,3501,2030,10105,36.6195032027081,0.15756229847715442,0.2662204953051386
E1,q2_x3_resunet_cas-single_seed777,cas-single,single-stream,777,1120,na,hokkaido_iburi_tobu,Hokkaido0947,0.5,152,4221,739,11272,36.87817782917155,0.15361094347163914,0.23249669748959628
E1,q2_x3_resunet_cas-single_seed777,cas-single,single-stream,777,1120,na,hokkaido_iburi_tobu,Hokkaido0948,0.5,199,4406,522,11257,29.0,0.18193803559608357,0.28145069890392505
E1,q2_x3_resunet_cas-single_seed777,cas-single,single-stream,777,1120,na,hokkaido_iburi_tobu,Hokkaido0949,0.5,0,2324,407,13653,56.12294586313987,0.007941760423063451,0.050151499320369525
E1,q2_x3_resunet_cas-single_seed777,cas-single,single-stream,777,1120,na,hokkaido_iburi_tobu,Hokkaido0950,0.5,18,5151,95,11120,71.00704190430693,0.05314799672897925,0.09130735531437055
E1,q2_x3_resunet_cas-single_seed777,cas-single,single-stream,777,1120,na,hokkaido_iburi_tobu,Hokkaido0951,0.5,63,3872,50,12399,42.69541647180806,0.03978120338109826,0.06841783750731474
E1,q2_x3_resunet_cas-single_seed777,cas-single,single-stream,777,1120,na,hokkaido_iburi_tobu,Hokkaido0953,0.5,0,0,360,16024,181.01933598375618,0.0,0.0
E1,q2_x3_resunet_cas-single_seed777,cas-single,single-stream,777,1120,na,hokkaido_iburi_tobu,Hokkaido0954,0.5,36,4485,453,11410,66.49060083951716,0.17236255572022224,0.2565069650763211
E1,q2_x3_resunet_cas-single_seed777,cas-single,single-stream,777,1120,na,hokkaido_iburi_tobu,Hokkaido0955,0.5,0,2235,129,14020,92.05975534712238,0.0,0.0
E1,q2_x3_resunet_cas-single_seed777,cas-single,single-stream,777,1120,na,hokkaido_iburi_tobu,Hokkaido0956,0.5,0,2490,125,13769,95.90099061010788,0.0,0.0
E1,q2_x3_resunet_cas-single_seed777,cas-single,single-stream,777,1120,na,hokkaido_iburi_tobu,Hokkaido0957,0.5,0,1862,125,14397,84.48160271362447,0.0,0.0
E1,q2_x3_resunet_cas-single_seed777,cas-single,single-stream,777,1120,na,hokkaido_iburi_tobu,Hokkaido0958,0.5,0,1601,45,14738,83.00210835722599,0.0,0.0
E1,q2_x3_resunet_cas-single_seed777,cas-single,single-stream,777,1120,na,hokkaido_iburi_tobu,Hokkaido0959,0.5,0,2912,45,13427,95.68959711604285,0.0,0.0
E1,q2_x3_resunet_cas-single_seed777,cas-single,single-stream,777,1120,na,hokkaido_iburi_tobu,Hokkaido0960,0.5,0,1905,42,14437,77.98910158934542,0.0,0.0
E1,q2_x3_resunet_cas-single_seed777,cas-single,single-stream,777,1120,na,hokkaido_iburi_tobu,Hokkaido0961,0.5,0,1075,776,14533,52.20153254455275,0.011111111110658363,0.03824091778158798
E1,q2_x3_resunet_cas-single_seed777,cas-single,single-stream,777,1120,na,hokkaido_iburi_tobu,Hokkaido0962,0.5,35,364,2291,13694,67.89216112956136,0.011618695537218782,0.04100538110469656
E1,q2_x3_resunet_cas-single_seed777,cas-single,single-stream,777,1120,na,hokkaido_iburi_tobu,Hokkaido0963,0.5,10,8,6266,10100,75.66372975210778,0.016443277601198715,0.028804982483428204
E1,q2_x3_resunet_cas-single_seed777,cas-single,single-stream,777,1120,na,hokkaido_iburi_tobu,Hokkaido0964,0.5,500,110,8620,7154,61.29437168288782,0.07640635260343426,0.1179064775915487
E1,q2_x3_resunet_cas-single_seed777,cas-single,single-stream,777,1120,na,hokkaido_iburi_tobu,Hokkaido0965,0.5,0,0,8485,7899,181.01933598375618,0.0,0.0
E1,q2_x3_resunet_cas-single_seed777,cas-single,single-stream,777,1120,na,hokkaido_iburi_tobu,Hokkaido0966,0.5,1487,411,7717,6769,66.65432976268904,0.20252617336041323,0.30192902805102934
E1,q2_x3_resunet_cas-single_seed777,cas-single,single-stream,777,1120,na,hokkaido_iburi_tobu,Hokkaido0967,0.5,3886,1465,4501,6532,52.84647305962427,0.22288682206799232,0.35133104497408174
E1,q2_x3_resunet_cas-single_seed777,cas-single,single-stream,777,1120,na,hokkaido_iburi_tobu,Hokkaido0968,0.5,427,90,5330,10537,102.2968635460045,0.09113764927706089,0.16193833412850225
E1,q2_x3_resunet_cas-single_seed777,cas-single,single-stream,777,1120,na,hokkaido_iburi_tobu,Hokkaido0969,0.5,593,793,3890,11108,54.45181356024793,0.14041884285764633,0.2370254980730555
E1,q2_x3_resunet_cas-single_seed777,cas-single,single-stream,777,1120,na,hokkaido_iburi_tobu,Hokkaido0970,0.5,357,163,3336,12528,54.07170793507618,0.1569622449198915,0.24651958743791988
E1,q2_x3_resunet_cas-single_seed777,cas-single,single-stream,777,1120,na,hokkaido_iburi_tobu,Hokkaido0971,0.5,1014,1222,2294,11854,46.39450367505137,0.12503095701372416,0.23289716893423698
E1,q2_x3_resunet_cas-single_seed777,cas-single,single-stream,777,1120,na,hokkaido_iburi_tobu,Hokkaido0972,0.5,477,2337,1881,11689,41.86884283091664,0.12751423149875038,0.22599847474829848
E1,q2_x3_resunet_cas-single_seed777,cas-single,single-stream,777,1120,na,hokkaido_iburi_tobu,Hokkaido0973,0.5,332,2884,1997,11171,40.45614870349549,0.16947312472396278,0.24233261339052314
E1,q2_x3_resunet_cas-single_seed777,cas-single,single-stream,777,1120,na,hokkaido_iburi_tobu,Hokkaido0974,0.5,1148,2035,2872,10329,42.04759208325728,0.16669849088445643,0.287188981129077
E1,q2_x3_resunet_cas-single_seed777,cas-single,single-stream,777,1120,na,hokkaido_iburi_tobu,Hokkaido0975,0.5,440,750,4037,11157,45.83718594213244,0.1918087672348046,0.27851594830788073
E1,q2_x3_resunet_cas-single_seed777,cas-single,single-stream,777,1120,na,hokkaido_iburi_tobu,Hokkaido0976,0.5,491,888,3402,11603,48.04164521435969,0.15010097990051097,0.27609348198944095
E1,q2_x3_resunet_cas-single_seed777,cas-single,single-stream,777,1120,na,hokkaido_iburi_tobu,Hokkaido0977,0.5,9,7,5080,11288,70.2225014371345,0.014139033832664811,0.024084295032578674
E1,q2_x3_resunet_cas-single_seed777,cas-single,single-stream,777,1120,na,hokkaido_iburi_tobu,Hokkaido0978,0.5,2363,1903,3305,8813,39.59796766327272,0.25498247051339423,0.3822533400010254
E1,q2_x3_resunet_cas-single_seed777,cas-single,single-stream,777,1120,na,hokkaido_iburi_tobu,Hokkaido0979,0.5,532,562,3604,11686,55.86591089385369,0.19701031670904404,0.29605225959392356
E1,q2_x3_resunet_cas-single_seed777,cas-single,single-stream,777,1120,na,hokkaido_iburi_tobu,Hokkaido0980,0.5,549,1440,2385,12010,53.11683910250836,0.07828829776020715,0.14077929385252494
E1,q2_x3_resunet_cas-single_seed777,cas-single,single-stream,777,1120,na,hokkaido_iburi_tobu,Hokkaido0981,0.5,55,519,3092,12718,63.12685640834652,0.05506426793122178,0.08526934743174631
E1,q2_x3_resunet_cas-single_seed777,cas-single,single-stream,777,1120,na,hokkaido_iburi_tobu,Hokkaido0982,0.5,533,1366,2383,12102,54.781347153833885,0.1390969913062076,0.2207174178704873
E1,q2_x3_resunet_cas-single_seed777,cas-single,single-stream,777,1120,na,hokkaido_iburi_tobu,Hokkaido0983,0.5,152,1763,2216,12253,57.23677550628064,0.10226829838618678,0.15218604975721212
E1,q2_x3_resunet_cas-single_seed777,cas-single,single-stream,777,1120,na,hokkaido_iburi_tobu,Hokkaido0984,0.5,282,806,2097,13199,60.531805706727496,0.1891011155773901,0.2734026918538739
E1,q2_x3_resunet_cas-single_seed777,cas-single,single-stream,777,1120,na,hokkaido_iburi_tobu,Hokkaido0985,0.5,260,776,3540,11808,55.62732513882001,0.10575121628788266,0.16844405534126242
E1,q2_x3_resunet_cas-single_seed777,cas-single,single-stream,777,1120,na,hokkaido_iburi_tobu,Hokkaido0986,0.5,0,0,5253,11131,181.01933598375618,0.0,0.0
E1,q2_x3_resunet_cas-single_seed777,cas-single,single-stream,777,1120,na,hokkaido_iburi_tobu,Hokkaido0987,0.5,820,1905,2747,10912,43.965895873961216,0.190499161490142,0.32266726081286623
E1,q2_x3_resunet_cas-single_seed777,cas-single,single-stream,777,1120,na,hokkaido_iburi_tobu,Hokkaido0988,0.5,479,2228,1766,11911,40.22437072223753,0.19475740615854287,0.30161094793180854
E1,q2_x3_resunet_cas-single_seed777,cas-single,single-stream,777,1120,na,hokkaido_iburi_tobu,Hokkaido0989,0.5,472,2301,1259,12352,48.16637831516918,0.14347537215572284,0.24615621452042424
E1,q2_x3_resunet_cas-single_seed777,cas-single,single-stream,777,1120,na,hokkaido_iburi_tobu,Hokkaido0990,0.5,54,862,2709,12759,45.0,0.06617851515413749,0.08720034451388875
E1,q2_x3_resunet_cas-single_seed777,cas-single,single-stream,777,1120,na,hokkaido_iburi_tobu,Hokkaido0991,0.5,556,565,3030,12233,50.60632371551998,0.14255091103946563,0.2339561332247941
E1,q2_x3_resunet_cas-single_seed777,cas-single,single-stream,777,1120,na,hokkaido_iburi_tobu,Hokkaido0992,0.5,250,2518,1456,12160,36.6742416417845,0.0721150308325135,0.1248644170570586
E1,q2_x3_resunet_cas-single_seed777,cas-single,single-stream,777,1120,na,hokkaido_iburi_tobu,Hokkaido0993,0.5,137,3298,225,12724,38.897300677553446,0.0,0.0
E1,q2_x3_resunet_cas-single_seed777,cas-single,single-stream,777,1120,na,hokkaido_iburi_tobu,Hokkaido0994,0.5,14,4387,69,11914,62.01289735394875,0.0,0.0
E1,q2_x3_resunet_cas-single_seed777,cas-single,single-stream,777,1120,na,hokkaido_iburi_tobu,Hokkaido0995,0.5,17,4318,105,11944,53.75872022286245,0.0112834978840859,0.022566995768430045
E1,q2_x3_resunet_cas-single_seed777,cas-single,single-stream,777,1120,na,hokkaido_iburi_tobu,Hokkaido0996,0.5,0,4058,113,12213,53.389852078275,0.0,0.0
E1,q2_x3_resunet_cas-single_seed777,cas-single,single-stream,777,1120,na,hokkaido_iburi_tobu,Hokkaido0997,0.5,13,3206,50,13115,70.06425622241343,0.10403709148458964,0.160377358490358
E1,q2_x3_resunet_cas-single_seed777,cas-single,single-stream,777,1120,na,hokkaido_iburi_tobu,Hokkaido0998,0.5,0,442,19,15923,68.85454917980141,0.0,0.0
E1,q2_x3_resunet_cas-single_seed777,cas-single,single-stream,777,1120,na,hokkaido_iburi_tobu,Hokkaido1001,0.5,129,2384,17,13854,34.17601498127012,0.20594713656352828,0.24497487437154417
E1,q2_x3_resunet_cas-single_seed777,cas-single,single-stream,777,1120,na,hokkaido_iburi_tobu,Hokkaido1002,0.5,0,2939,310,13135,49.46998618539949,0.0,0.0
E1,q2_x3_resunet_cas-single_seed777,cas-single,single-stream,777,1120,na,hokkaido_iburi_tobu,Hokkaido1003,0.5,323,2882,1843,11336,44.598206241955516,0.1295811518321097,0.20459228357548312
E1,q2_x3_resunet_cas-single_seed777,cas-single,single-stream,777,1120,na,hokkaido_iburi_tobu,Hokkaido1004,0.5,131,44,6983,9226,99.30105620844456,0.03895071542125257,0.06008909762745275
E1,q2_x3_resunet_cas-single_seed777,cas-single,single-stream,777,1120,na,hokkaido_iburi_tobu,Hokkaido1005,0.5,2768,1075,6839,5702,39.40114160966566,0.2475791221331552,0.4059565365580841
E1,q2_x3_resunet_cas-single_seed777,cas-single,single-stream,777,1120,na,hokkaido_iburi_tobu,Hokkaido1006,0.5,93,13,7295,8983,75.51986314066613,0.03190107299230945,0.05272312940758447
E1,q2_x3_resunet_cas-single_seed777,cas-single,single-stream,777,1120,na,hokkaido_iburi_tobu,Hokkaido1007,0.5,2089,590,5110,8595,42.95346318982906,0.2836067563373136,0.4262336874319572
E1,q2_x3_resunet_cas-single_seed777,cas-single,single-stream,777,1120,na,hokkaido_iburi_tobu,Hokkaido1008,0.5,3033,946,4924,7481,43.295486675218406,0.2607986960062341,0.3808873293226023
E1,q2_x3_resunet_cas-single_seed777,cas-single,single-stream,777,1120,na,hokkaido_iburi_tobu,Hokkaido1009,0.5,1074,355,5089,9866,55.54277630799526,0.2303870477379289,0.3433765182626113
E1,q2_x3_resunet_cas-single_seed777,cas-single,single-stream,777,1120,na,hokkaido_iburi_tobu,Hokkaido1010,0.5,747,1135,3762,10740,45.709951180071506,0.19987616099043362,0.3271336656091177
E1,q2_x3_resunet_cas-single_seed777,cas-single,single-stream,777,1120,na,hokkaido_iburi_tobu,Hokkaido1011,0.5,709,1793,2680,11202,44.850814589688476,0.1790998043049465,0.30640974440858965
E1,q2_x3_resunet_cas-single_seed777,cas-single,single-stream,777,1120,na,hokkaido_iburi_tobu,Hokkaido1012,0.5,448,2651,1941,11344,39.66471356513341,0.089970641158846,0.16887750434507784
E1,q2_x3_resunet_cas-single_seed777,cas-single,single-stream,777,1120,na,hokkaido_iburi_tobu,Hokkaido1013,0.5,612,3211,876,11685,44.12864308704796,0.16517606328821652,0.2730549077799434
E1,q2_x3_resunet_cas-single_seed777,cas-single,single-stream,777,1120,na,hokkaido_iburi_tobu,Hokkaido1014,0.5,190,3117,663,12414,39.54560473243523,0.14528913088379408,0.23029722790325313
E1,q2_x3_resunet_cas-single_seed777,cas-single,single-stream,777,1120,na,hokkaido_iburi_tobu,Hokkaido1015,0.5,0,1997,1010,13377,48.843115954636204,0.0029027576193030096,0.023222060957474276
E1,q2_x3_resunet_cas-single_seed777,cas-single,single-stream,777,1120,na,hokkaido_iburi_tobu,Hokkaido1016,0.5,722,2696,1358,11608,38.93134511607484,0.1627581527496809,0.26531340368753703
E1,q2_x3_resunet_cas-single_seed777,cas-single,single-stream,777,1120,na,hokkaido_iburi_tobu,Hokkaido1017,0.5,622,2839,2516,10407,43.829214001622255,0.1753634119580037,0.25959661678562346
E1,q2_x3_resunet_cas-single_seed777,cas-single,single-stream,777,1120,na,hokkaido_iburi_tobu,Hokkaido1018,0.5,721,2364,2495,10804,38.8329756778952,0.15983759331798936,0.26079977805921534
E1,q2_x3_resunet_cas-single_seed777,cas-single,single-stream,777,1120,na,hokkaido_iburi_tobu,Hokkaido1019,0.5,342,987,2925,12130,59.06771895055793,0.08374583051388985,0.1454952471417625
E1,q2_x3_resunet_cas-single_seed777,cas-single,single-stream,777,1120,na,hokkaido_iburi_tobu,Hokkaido1020,0.5,621,2112,2316,11335,42.69951684760466,0.15615215975203364,0.2323691130764039
E1,q2_x3_resunet_cas-single_seed777,cas-single,single-stream,777,1120,na,hokkaido_iburi_tobu,Hokkaido1021,0.5,308,1576,1968,12532,47.853944456021594,0.09169101684483069,0.1504721291498377
E1,q2_x3_resunet_cas-single_seed777,cas-single,single-stream,777,1120,na,hokkaido_iburi_tobu,Hokkaido1022,0.5,504,1290,2107,12483,52.25509231175106,0.15857012944699114,0.2738869452111571
E1,q2_x3_resunet_cas-single_seed777,cas-single,single-stream,777,1120,na,hokkaido_iburi_tobu,Hokkaido1023,0.5,1194,2498,1187,11505,38.47076812334269,0.22319640772610563,0.35907495573027987
E1,q2_x3_resunet_cas-single_seed777,cas-single,single-stream,777,1120,na,hokkaido_iburi_tobu,Hokkaido1024,0.5,429,1477,1272,13206,51.62363799656123,0.1515151515148173,0.22749391727460266
E1,q2_x3_resunet_cas-single_seed777,cas-single,single-stream,777,1120,na,hokkaido_iburi_tobu,Hokkaido1025,0.5,746,1648,1260,12730,46.51881339845203,0.14238274691213348,0.2844854385512176
E1,q2_x3_resunet_cas-single_seed777,cas-single,single-stream,777,1120,na,hokkaido_iburi_tobu,Hokkaido1026,0.5,604,1409,2549,11822,47.86855001041942,0.1411133964997375,0.2328334912757228
E1,q2_x3_resunet_cas-single_seed777,cas-single,single-stream,777,1120,na,hokkaido_iburi_tobu,Hokkaido1027,0.5,693,1739,2930,11022,50.1527622488913,0.10108537178008833,0.17694830914729706
E1,q2_x3_resunet_cas-single_seed777,cas-single,single-stream,777,1120,na,hokkaido_iburi_tobu,Hokkaido1028,0.5,555,2041,1769,12019,42.64621196224887,0.1616037440821702,0.27003752945591764
E1,q2_x3_resunet_cas-single_seed777,cas-single,single-stream,777,1120,na,hokkaido_iburi_tobu,Hokkaido1029,0.5,415,2650,965,12354,38.17709197366441,0.07986594795348737,0.11630354699467167
E1,q2_x3_resunet_cas-single_seed777,cas-single,single-stream,777,1120,na,hokkaido_iburi_tobu,Hokkaido1030,0.5,300,3869,786,11429,34.055998929605806,0.16356886170495358,0.2692787096963133
E1,q2_x3_resunet_cas-single_seed777,cas-single,single-stream,777,1120,na,hokkaido_iburi_tobu,Hokkaido1031,0.5,555,4001,1162,10666,35.77708763999664,0.18103371586115988,0.29303441214740006
E1,q2_x3_resunet_cas-single_seed777,cas-single,single-stream,777,1120,na,hokkaido_iburi_tobu,Hokkaido1032,0.5,521,2045,2094,11724,41.89210335073898,0.24278131539438738,0.3729841909104091
E1,q2_x3_resunet_cas-single_seed777,cas-single,single-stream,777,1120,na,hokkaido_iburi_tobu,Hokkaido1033,0.5,380,2231,1479,12294,42.16332474781927,0.13325133251298663,0.22723076212862903
E1,q2_x3_resunet_cas-single_seed777,cas-single,single-stream,777,1120,na,hokkaido_iburi_tobu,Hokkaido1034,0.5,159,3130,612,12483,43.536103505833815,0.10551111547283429,0.19725391606993814
E1,q2_x3_resunet_cas-single_seed777,cas-single,single-stream,777,1120,na,hokkaido_iburi_tobu,Hokkaido1035,0.5,2,4766,285,11331,52.196689883167025,0.04654731457752197,0.0973708701717134
E1,q2_x3_resunet_cas-single_seed777,cas-single,single-stream,777,1120,na,hokkaido_iburi_tobu,Hokkaido1036,0.5,71,3729,70,12514,30.722693034533354,0.05531914893574685,0.11160714285674857
E1,q2_x3_resunet_cas-single_seed777,cas-single,single-stream,777,1120,na,hokkaido_iburi_tobu,Hokkaido1037,0.5,0,3096,104,13184,66.24989704303306,0.0,0.0
E1,q2_x3_resunet_cas-single_seed777,cas-single,single-stream,777,1120,na,hokkaido_iburi_tobu,Hokkaido1038,0.5,127,5404,120,10733,49.735251567427966,0.10526954096131765,0.15075259616468062
E1,q2_x3_resunet_cas-single_seed777,cas-single,single-stream,777,1120,na,hokkaido_iburi_tobu,Hokkaido1039,0.5,0,649,206,15529,46.1731220047585,0.0,0.0
E1,q2_x3_resunet_cas-single_seed777,cas-single,single-stream,777,1120,na,hokkaido_iburi_tobu,Hokkaido1040,0.5,43,3523,145,12673,47.03933453448663,0.13353692393070804,0.1949828962367311
E1,q2_x3_resunet_cas-single_seed777,cas-single,single-stream,777,1120,na,hokkaido_iburi_tobu,Hokkaido1041,0.5,0,2121,102,14161,73.00684899377592,0.0,0.0
E1,q2_x3_resunet_cas-single_seed777,cas-single,single-stream,777,1120,na,hokkaido_iburi_tobu,Hokkaido1042,0.5,0,2038,167,14179,61.195081097872745,0.038781163434442184,0.07002188183761933
E1,q2_x3_resunet_cas-single_seed777,cas-single,single-stream,777,1120,na,hokkaido_iburi_tobu,Hokkaido1043,0.5,27,3445,84,12828,57.17078854647349,0.08033077377408192,0.11627394846924548
E1,q2_x3_resunet_cas-single_seed777,cas-single,single-stream,777,1120,na,hokkaido_iburi_tobu,Hokkaido1044,0.5,39,432,7,15906,63.69222135754189,0.28534445563036265,0.4155844155840863
E1,q2_x3_resunet_cas-single_seed777,cas-single,single-stream,777,1120,na,hokkaido_iburi_tobu,Hokkaido1045,0.5,56,4692,87,11549,49.795549014836986,0.02621722846414925,0.05605174006746981
E1,q2_x3_resunet_cas-single_seed777,cas-single,single-stream,777,1120,na,hokkaido_iburi_tobu,Hokkaido1046,0.5,15,3380,135,12854,56.80580827346664,0.08284023668599165,0.11251758087162496
E1,q2_x3_resunet_cas-single_seed777,cas-single,single-stream,777,1120,na,hokkaido_iburi_tobu,Hokkaido1047,0.5,0,1789,146,14449,76.9658797254033,0.0,0.0
E1,q2_x3_resunet_cas-single_seed777,cas-single,single-stream,777,1120,na,hokkaido_iburi_tobu,Hokkaido1048,0.5,6,1989,791,13598,49.350736001333864,0.03329420552723553,0.05308674826990303
E1,q2_x3_resunet_cas-single_seed777,cas-single,single-stream,777,1120,na,hokkaido_iburi_tobu,Hokkaido1049,0.5,739,2242,2336,11067,44.57128578871676,0.1844758707459976,0.2789869677577314
E1,q2_x3_resunet_cas-single_seed777,cas-single,single-stream,777,1120,na,hokkaido_iburi_tobu,Hokkaido1050,0.5,355,75,6981,8973,107.06773493306852,0.05177396245648666,0.0897137244616069
E1,q2_x3_resunet_cas-single_seed777,cas-single,single-stream,777,1120,na,hokkaido_iburi_tobu,Hokkaido1051,0.5,1215,233,7588,7348,98.95149575734541,0.10075080581330949,0.15430502258014916
E1,q2_x3_resunet_cas-single_seed777,cas-single,single-stream,777,1120,na,hokkaido_iburi_tobu,Hokkaido1052,0.5,186,34,6040,10124,92.81782945825991,0.06141366344154217,0.09984876964606353
E1,q2_x3_resunet_cas-single_seed777,cas-single,single-stream,777,1120,na,hokkaido_iburi_tobu,Hokkaido1053,0.5,0,0,5493,10891,181.01933598375618,0.0,0.0
E1,q2_x3_resunet_cas-single_seed777,cas-single,single-stream,777,1120,na,hokkaido_iburi_tobu,Hokkaido1054,0.5,620,49,6193,9522,60.97006893583603,0.0834435421869624,0.15649696314418687
E1,q2_x3_resunet_cas-single_seed777,cas-single,single-stream,777,1120,na,hokkaido_iburi_tobu,Hokkaido1055,0.5,1402,650,4682,9650,51.6168575205474,0.21853658536561357,0.3336050667834384
E1,q2_x3_resunet_cas-single_seed777,cas-single,single-stream,777,1120,na,hokkaido_iburi_tobu,Hokkaido1056,0.5,689,1001,3683,11011,43.61190086373504,0.23500444273127058,0.3389537342617507
E1,q2_x3_resunet_cas-single_seed777,cas-single,single-stream,777,1120,na,hokkaido_iburi_tobu,Hokkaido1057,0.5,872,2687,1380,11445,33.44752871227766,0.1680455111636227,0.2674985982029363
E1,q2_x3_resunet_cas-single_seed777,cas-single,single-stream,777,1120,na,hokkaido_iburi_tobu,Hokkaido1058,0.5,69,1526,551,14238,57.96805927480324,0.15204678362524637,0.24752720079080012
E1,q2_x3_resunet_cas-single_seed777,cas-single,single-stream,777,1120,na,hokkaido_iburi_tobu,Hokkaido1059,0.5,48,2424,602,13310,62.15101782336868,0.09518952915129504,0.11404101870583842
E1,q2_x3_resunet_cas-single_seed777,cas-single,single-stream,777,1120,na,hokkaido_iburi_tobu,Hokkaido1060,0.5,9,2550,344,13481,62.428759281338536,0.03886489821054423,0.045280740591336424
E1,q2_x3_resunet_cas-single_seed777,cas-single,single-stream,777,1120,na,hokkaido_iburi_tobu,Hokkaido1061,0.5,30,3737,125,12492,64.76185651934853,0.03664921465942468,0.08748481166430394
E1,q2_x3_resunet_cas-single_seed777,cas-single,single-stream,777,1120,na,hokkaido_iburi_tobu,Hokkaido1062,0.5,17,1885,547,13935,51.62363799656123,0.043605870020482086,0.06257565881320869
E1,q2_x3_resunet_cas-single_seed777,cas-single,single-stream,777,1120,na,hokkaido_iburi_tobu,Hokkaido1063,0.5,610,3525,857,11392,31.27272997050502,0.1372192576081857,0.23730070448600907
E1,q2_x3_resunet_cas-single_seed777,cas-single,single-stream,777,1120,na,hokkaido_iburi_tobu,Hokkaido1064,0.5,643,4542,1462,9737,29.966648127543394,0.11596262010742588,0.18761920634000168
E1,q2_x3_resunet_cas-single_seed777,cas-single,single-stream,777,1120,na,hokkaido_iburi_tobu,Hokkaido1065,0.5,685,2897,1476,11326,35.455593150532174,0.16075998785369747,0.2471728063929529
E1,q2_x3_resunet_cas-single_seed777,cas-single,single-stream,777,1120,na,hokkaido_iburi_tobu,Hokkaido1066,0.5,787,2056,1181,12360,45.11516922102998,0.22097680117725882,0.3623273971922025
E1,q2_x3_resunet_cas-single_seed777,cas-single,single-stream,777,1120,na,hokkaido_iburi_tobu,Hokkaido1067,0.5,215,3017,1367,11785,39.61691105005661,0.08713659640689013,0.15176715176671873
E1,q2_x3_resunet_cas-single_seed777,cas-single,single-stream,777,1120,na,hokkaido_iburi_tobu,Hokkaido1068,0.5,398,4103,1172,10711,33.77841655384981,0.0912072965833023,0.15225388728067618
E1,q2_x3_resunet_cas-single_seed777,cas-single,single-stream,777,1120,na,hokkaido_iburi_tobu,Hokkaido1069,0.5,22,2575,1531,12256,53.62412519650451,0.04560707748586667,0.07058763956714546
E1,q2_x3_resunet_cas-single_seed777,cas-single,single-stream,777,1120,na,hokkaido_iburi_tobu,Hokkaido1070,0.5,244,3145,1486,11509,47.336496942652346,0.06807466748395974,0.12726077291517307
E1,q2_x3_resunet_cas-single_seed777,cas-single,single-stream,777,1120,na,hokkaido_iburi_tobu,Hokkaido1071,0.5,195,1738,1508,12943,57.29746674505357,0.05042016806690588,0.1398301260513655
E1,q2_x3_resunet_cas-single_seed777,cas-single,single-stream,777,1120,na,hokkaido_iburi_tobu,Hokkaido1072,0.5,567,1959,731,13127,44.72677286977128,0.22702732531893685,0.3674852827491371
E1,q2_x3_resunet_cas-single_seed777,cas-single,single-stream,777,1120,na,hokkaido_iburi_tobu,Hokkaido1073,0.5,60,1768,1260,13296,54.28206353608937,0.030837759122486128,0.0656303972362619
E1,q2_x3_resunet_cas-single_seed777,cas-single,single-stream,777,1120,na,hokkaido_iburi_tobu,Hokkaido1074,0.5,143,1756,981,13504,50.22549011548799,0.025423728813194036,0.05341642555053438
E1,q2_x3_resunet_cas-single_seed777,cas-single,single-stream,777,1120,na,hokkaido_iburi_tobu,Hokkaido1075,0.5,200,2982,416,12786,38.897300677553446,0.1284785283257294,0.2609383236684677
E1,q2_x3_resunet_cas-single_seed777,cas-single,single-stream,777,1120,na,hokkaido_iburi_tobu,Hokkaido1076,0.5,0,2460,255,13669,57.7609400589561,0.019636720667199885,0.04579093431958118
E1,q2_x3_resunet_cas-single_seed777,cas-single,single-stream,777,1120,na,hokkaido_iburi_tobu,Hokkaido1077,0.5,357,3876,531,11620,50.8462355706607,0.051051051050607615,0.09282324084942627
E1,q2_x3_resunet_cas-single_seed777,cas-single,single-stream,777,1120,na,hokkaido_iburi_tobu,Hokkaido1078,0.5,193,2716,1099,12376,43.86342439892262,0.0960824562165319,0.1561533232519078
E1,q2_x3_resunet_cas-single_seed777,cas-single,single-stream,777,1120,na,hokkaido_iburi_tobu,Hokkaido1079,0.5,431,3001,585,12367,42.42861239640047,0.05448161749824684,0.10001519987796482
E1,q2_x3_resunet_cas-single_seed777,cas-single,single-stream,777,1120,na,hokkaido_iburi_tobu,Hokkaido1080,0.5,190,3359,625,12210,36.57846841376265,0.09942980266396922,0.16954750633004295
E1,q2_x3_resunet_cas-single_seed777,cas-single,single-stream,777,1120,na,hokkaido_iburi_tobu,Hokkaido1081,0.5,131,4495,178,11580,51.67454053007459,0.060200668895836786,0.10702341137075318
E1,q2_x3_resunet_cas-single_seed777,cas-single,single-stream,777,1120,na,hokkaido_iburi_tobu,Hokkaido1082,0.5,29,3412,29,12914,55.4192982145612,0.0,0.03304484657709895
E1,q2_x3_resunet_cas-single_seed777,cas-single,single-stream,777,1120,na,hokkaido_iburi_tobu,Hokkaido1083,0.5,0,2027,30,14327,91.75238088582125,0.0,0.0
E1,q2_x3_resunet_cas-single_seed777,cas-single,single-stream,777,1120,na,hokkaido_iburi_tobu,Hokkaido1084,0.5,113,3384,71,12816,59.20304046246274,0.06888633754271414,0.15315522800514852
E1,q2_x3_resunet_cas-single_seed777,cas-single,single-stream,777,1120,na,hokkaido_iburi_tobu,Hokkaido1085,0.5,67,1113,120,15084,55.090771367021866,0.21199999999961713,0.22942643391487502
E1,q2_x3_resunet_cas-single_seed777,cas-single,single-stream,777,1120,na,hokkaido_iburi_tobu,Hokkaido1086,0.5,0,56,169,16159,88.20489284279307,0.0,0.0
E1,q2_x3_resunet_cas-single_seed777,cas-single,single-stream,777,1120,na,hokkaido_iburi_tobu,Hokkaido1087,0.5,0,0,116,16268,181.01933598375618,0.0,0.0
E1,q2_x3_resunet_cas-single_seed777,cas-single,single-stream,777,1120,na,hokkaido_iburi_tobu,Hokkaido1088,0.5,23,1953,351,14057,41.2818324100179,0.07763401109007781,0.1482556820754551
E1,q2_x3_resunet_cas-single_seed777,cas-single,single-stream,777,1120,na,hokkaido_iburi_tobu,Hokkaido1089,0.5,0,203,553,15628,67.94109372239858,0.01968503936978465,0.04330708661387914
E1,q2_x3_resunet_cas-single_seed777,cas-single,single-stream,777,1120,na,hokkaido_iburi_tobu,Hokkaido1090,0.5,59,2285,313,13727,33.84891363907732,0.05787493280724055,0.1125401929255465
E1,q2_x3_resunet_cas-single_seed777,cas-single,single-stream,777,1120,na,hokkaido_iburi_tobu,Hokkaido1091,0.5,0,1690,123,14571,47.75981574503821,0.0,0.005730659025389151
E1,q2_x3_resunet_cas-single_seed777,cas-single,single-stream,777,1120,na,hokkaido_iburi_tobu,Hokkaido1092,0.5,0,1282,46,15056,75.86955561359008,0.0,0.0
E1,q2_x3_resunet_cas-single_seed777,cas-single,single-stream,777,1120,na,hokkaido_iburi_tobu,Hokkaido1093,0.5,26,2859,140,13359,70.1770242095937,0.06989492919109869,0.12536273940765277
E1,q2_x3_resunet_cas-single_seed777,cas-single,single-stream,777,1120,na,hokkaido_iburi_tobu,Hokkaido1094,0.5,120,1132,168,14964,45.4419713473263,0.12995762251389853,0.19606434932440908
E1,q2_x3_resunet_cas-single_seed777,cas-single,single-stream,777,1120,na,hokkaido_iburi_tobu,Hokkaido1095,0.5,0,2223,122,14039,89.51419910929633,0.0,0.0
E1,q2_x3_resunet_cas-single_seed777,cas-single,single-stream,777,1120,na,hokkaido_iburi_tobu,Hokkaido1096,0.5,31,2488,494,13371,60.79634929207977,0.0672738150629847,0.08969696969648348
E1,q2_x3_resunet_cas-single_seed777,cas-single,single-stream,777,1120,na,hokkaido_iburi_tobu,Hokkaido1097,0.5,319,3175,1442,11448,59.0,0.14529896864558214,0.20896997652439284
E1,q2_x3_resunet_cas-single_seed777,cas-single,single-stream,777,1120,na,hokkaido_iburi_tobu,Hokkaido1098,0.5,630,541,3667,11546,46.270895875926165,0.15719065301744747,0.25501148040160715
E1,q2_x3_resunet_cas-single_seed777,cas-single,single-stream,777,1120,na,hokkaido_iburi_tobu,Hokkaido1099,0.5,0,0,6183,10201,181.01933598375618,0.0,0.0
E1,q2_x3_resunet_cas-single_seed777,cas-single,single-stream,777,1120,na,hokkaido_iburi_tobu,Hokkaido1100,0.5,628,503,5225,10028,68.28835568604055,0.18090599838455101,0.27016572700650987
E1,q2_x3_resunet_cas-single_seed777,cas-single,single-stream,777,1120,na,hokkaido_iburi_tobu,Hokkaido1101,0.5,1018,829,3952,10585,45.967379738244816,0.19045575584627736,0.28607882790978584
E1,q2_x3_resunet_cas-single_seed777,cas-single,single-stream,777,1120,na,hokkaido_iburi_tobu,Hokkaido1102,0.5,229,411,4203,11541,65.83615175953383,0.08819082815373783,0.1287592643067941
E1,q2_x3_resunet_cas-single_seed777,cas-single,single-stream,777,1120,na,hokkaido_iburi_tobu,Hokkaido1103,0.5,162,5,4377,11840,103.45771854607335,0.04060584739008481,0.07728472201150144
E1,q2_x3_resunet_cas-single_seed777,cas-single,single-stream,777,1120,na,hokkaido_iburi_tobu,Hokkaido1104,0.5,1697,2381,2682,9624,30.675723300355934,0.2346470502750504,0.39911151697797953
E1,q2_x3_resunet_cas-single_seed777,cas-single,single-stream,777,1120,na,hokkaido_iburi_tobu,Hokkaido1105,0.5,246,998,2059,13081,48.758588728175944,0.12268871002803403,0.2091688514133179
E1,q2_x3_resunet_cas-single_seed777,cas-single,single-stream,777,1120,na,hokkaido_iburi_tobu,Hokkaido1106,0.5,0,1235,272,14877,72.99417780904184,0.0,0.0
E1,q2_x3_resunet_cas-single_seed777,cas-single,single-stream,777,1120,na,hokkaido_iburi_tobu,Hokkaido1108,0.5,0,3313,58,13013,55.64453541217705,0.0,0.0
E1,q2_x3_resunet_cas-single_seed777,cas-single,single-stream,777,1120,na,hokkaido_iburi_tobu,Hokkaido1109,0.5,56,3024,459,12845,51.11003035557412,0.07794408359170867,0.13277870216256282
E1,q2_x3_resunet_cas-single_seed777,cas-single,single-stream,777,1120,na,hokkaido_iburi_tobu,Hokkaido1110,0.5,333,2962,1093,11996,44.76658910041115,0.08910337110045903,0.13925152306315017
E1,q2_x3_resunet_cas-single_seed777,cas-single,single-stream,777,1120,na,hokkaido_iburi_tobu,Hokkaido1111,0.5,294,1662,2003,12425,48.020308150294845,0.07607835037322752,0.17050336936339103
E1,q2_x3_resunet_cas-single_seed777,cas-single,single-stream,777,1120,na,hokkaido_iburi_tobu,Hokkaido1112,0.5,75,1112,2047,13150,51.46445785318663,0.08843886183005276,0.14465102390389722
E1,q2_x3_resunet_cas-single_seed777,cas-single,single-stream,777,1120,na,hokkaido_iburi_tobu,Hokkaido1113,0.5,59,1367,1128,13830,55.59134943759305,0.0960876820696482,0.13020564224407025
E1,q2_x3_resunet_cas-single_seed777,cas-single,single-stream,777,1120,na,hokkaido_iburi_tobu,Hokkaido1114,0.5,279,2971,641,12493,35.53516826422948,0.08906364734536429,0.21846553966141177
E1,q2_x3_resunet_cas-single_seed777,cas-single,single-stream,777,1120,na,hokkaido_iburi_tobu,Hokkaido1115,0.5,71,398,1297,14618,68.00282922928292,0.045936199722360696,0.07283480737090843
E1,q2_x3_resunet_cas-single_seed777,cas-single,single-stream,777,1120,na,hokkaido_iburi_tobu,Hokkaido1116,0.5,589,1856,1428,12511,52.708626110443596,0.12676291258144018,0.20075957886605672
E1,q2_x3_resunet_cas-single_seed777,cas-single,single-stream,777,1120,na,hokkaido_iburi_tobu,Hokkaido1117,0.5,187,3267,1111,11819,38.98966929874134,0.05368715726456278,0.07966049698287657
E1,q2_x3_resunet_cas-single_seed777,cas-single,single-stream,777,1120,na,hokkaido_iburi_tobu,Hokkaido1118,0.5,203,2792,581,12808,43.113593985442954,0.09583587053208932,0.15554049474706544
E1,q2_x3_resunet_cas-single_seed777,cas-single,single-stream,777,1120,na,hokkaido_iburi_tobu,Hokkaido1119,0.5,203,4397,554,11230,34.09543453180241,0.12759401030331827,0.21418433615708488
E1,q2_x3_resunet_cas-single_seed777,cas-single,single-stream,777,1120,na,hokkaido_iburi_tobu,Hokkaido1120,0.5,47,4032,104,12201,63.42107457998864,0.08393203329866447,0.11971104231126793
E1,q2_x3_resunet_cas-single_seed777,cas-single,single-stream,777,1120,na,hokkaido_iburi_tobu,Hokkaido1121,0.5,25,3319,63,12977,56.10432075024731,0.0356839422256357,0.09492089925024637
E1,q2_x3_resunet_cas-single_seed777,cas-single,single-stream,777,1120,na,hokkaido_iburi_tobu,Hokkaido1122,0.5,44,2745,51,13544,55.036351623268054,0.11267605633769819,0.14647887323910663
E1,q2_x3_resunet_cas-single_seed777,cas-single,single-stream,777,1120,na,hokkaido_iburi_tobu,Hokkaido1123,0.5,130,3489,150,12615,44.18368859696052,0.0884020370899868,0.15462301932741987
E1,q2_x3_resunet_cas-single_seed777,cas-single,single-stream,777,1120,na,hokkaido_iburi_tobu,Hokkaido1124,0.5,43,3273,344,12724,43.05867768501676,0.0,0.0
E1,q2_x3_resunet_cas-single_seed777,cas-single,single-stream,777,1120,na,hokkaido_iburi_tobu,Hokkaido1125,0.5,19,2823,668,12874,41.773197148410844,0.029032258064048598,0.055136430937981665
E1,q2_x3_resunet_cas-single_seed777,cas-single,single-stream,777,1120,na,hokkaido_iburi_tobu,Hokkaido1126,0.5,411,2635,1098,12240,39.79946569929548,0.13325930038825093,0.2087022514541397
E1,q2_x3_resunet_cas-single_seed777,cas-single,single-stream,777,1120,na,hokkaido_iburi_tobu,Hokkaido1127,0.5,323,3334,833,11894,38.362293625647254,0.15621694628367253,0.26025562258856544
E1,q2_x3_resunet_cas-single_seed777,cas-single,single-stream,777,1120,na,hokkaido_iburi_tobu,Hokkaido1128,0.5,11,4063,183,12127,56.27604621388196,0.0,0.0
E1,q2_x3_resunet_cas-single_seed777,cas-single,single-stream,777,1120,na,hokkaido_iburi_tobu,Hokkaido1129,0.5,0,3985,19,12380,99.61290650456202,0.0,0.0
E1,q2_x3_resunet_cas-single_seed777,cas-single,single-stream,777,1120,na,hokkaido_iburi_tobu,Hokkaido1132,0.5,71,2250,371,13692,35.0,0.003395585738040222,0.035950222767995706
E1,q2_x3_resunet_cas-single_seed777,cas-single,single-stream,777,1120,na,hokkaido_iburi_tobu,Hokkaido1133,0.5,0,341,471,15572,72.96710475861462,0.0,0.0
E1,q2_x3_resunet_cas-single_seed777,cas-single,single-stream,777,1120,na,hokkaido_iburi_tobu,Hokkaido1134,0.5,0,48,211,16125,53.99971044508519,0.0,0.0
E1,q2_x3_resunet_cas-single_seed777,cas-single,single-stream,777,1120,na,hokkaido_iburi_tobu,Hokkaido1135,0.5,0,2022,18,14344,57.4986884860525,0.00806451612896231,0.08341232227471146
E1,q2_x3_resunet_cas-single_seed777,cas-single,single-stream,777,1120,na,hokkaido_iburi_tobu,Hokkaido1136,0.5,0,3529,23,12832,108.90638150136324,0.0,0.0
E1,q2_x3_resunet_cas-single_seed777,cas-single,single-stream,777,1120,na,hokkaido_iburi_tobu,Hokkaido1137,0.5,14,2876,131,13363,62.513137329830876,0.12484579323916808,0.17198335644895507
E1,q2_x3_resunet_cas-single_seed777,cas-single,single-stream,777,1120,na,hokkaido_iburi_tobu,Hokkaido1138,0.5,0,3494,122,12768,66.33585889349817,0.01028277634925598,0.11623757328534895
E1,q2_x3_resunet_cas-single_seed777,cas-single,single-stream,777,1120,na,hokkaido_iburi_tobu,Hokkaido1139,0.5,0,2678,113,13593,68.10983528929475,0.0,0.0
E1,q2_x3_resunet_cas-single_seed777,cas-single,single-stream,777,1120,na,hokkaido_iburi_tobu,Hokkaido1140,0.5,19,1879,881,13605,51.45093414446271,0.06951124902977837,0.08201833128556714
E1,q2_x3_resunet_cas-single_seed777,cas-single,single-stream,777,1120,na,hokkaido_iburi_tobu,Hokkaido1141,0.5,145,1166,2036,13037,50.587509677088335,0.07409828920095984,0.10729474128035356
E1,q2_x3_resunet_cas-single_seed777,cas-single,single-stream,777,1120,na,hokkaido_iburi_tobu,Hokkaido1142,0.5,1124,2723,2597,9940,37.61645752663979,0.20345387498632778,0.3446264519118577
E1,q2_x3_resunet_cas-single_seed777,cas-single,single-stream,777,1120,na,hokkaido_iburi_tobu,Hokkaido1143,0.5,513,421,4145,11305,54.2202124443401,0.12480631623189571,0.19312140916185186
E1,q2_x3_resunet_cas-single_seed777,cas-single,single-stream,777,1120,na,hokkaido_iburi_tobu,Hokkaido1144,0.5,585,657,2494,12648,60.79432191519735,0.09739807986620329,0.13674228388685117
E1,q2_x3_resunet_cas-single_seed777,cas-single,single-stream,777,1120,na,hokkaido_iburi_tobu,Hokkaido1145,0.5,358,2877,1549,11600,45.637700869963254,0.16485013623941255,0.24436823931882642
E1,q2_x3_resunet_cas-single_seed777,cas-single,single-stream,777,1120,na,hokkaido_iburi_tobu,Hokkaido1146,0.5,446,985,2228,12725,53.63530869231659,0.08355971590331583,0.15136338341659006
E1,q2_x3_resunet_cas-single_seed777,cas-single,single-stream,777,1120,na,hokkaido_iburi_tobu,Hokkaido1147,0.5,157,2172,1498,12557,51.75650255421041,0.0,0.028251493688647187
E1,q2_x3_resunet_cas-single_seed777,cas-single,single-stream,777,1120,na,hokkaido_iburi_tobu,Hokkaido1148,0.5,49,2571,185,13579,60.6585907274922,0.04535147392241269,0.06603174603124683
E1,q2_x3_resunet_cas-single_seed777,cas-single,single-stream,777,1120,na,hokkaido_iburi_tobu,Hokkaido1149,0.5,16,4088,222,12058,54.778552236983735,0.04160475482862335,0.05492589363511921
E1,q2_x3_resunet_cas-single_seed777,cas-single,single-stream,777,1120,na,hokkaido_iburi_tobu,Hokkaido1150,0.5,0,2913,173,13298,68.13075151794912,0.0,0.0
E1,q2_x3_resunet_cas-single_seed777,cas-single,single-stream,777,1120,na,hokkaido_iburi_tobu,Hokkaido1151,0.5,0,3896,138,12350,62.111172594603666,0.0,0.005012531328044698
E1,q2_x3_resunet_cas-single_seed777,cas-single,single-stream,777,1120,na,hokkaido_iburi_tobu,Hokkaido1152,0.5,148,2067,7,14162,31.566943854917213,0.10491967871441787,0.1337676438648767
E1,q2_x3_resunet_cas-single_seed777,cas-single,single-stream,777,1120,na,hokkaido_iburi_tobu,Hokkaido1153,0.5,8,3609,284,12483,47.634021455258214,0.051383399209013345,0.0763963192805191
E1,q2_x3_resunet_cas-single_seed777,cas-single,single-stream,777,1120,na,hokkaido_iburi_tobu,Hokkaido1154,0.5,79,2884,427,12994,52.324419269451816,0.01993355481678595,0.0806201550382619
E1,q2_x3_resunet_cas-single_seed777,cas-single,single-stream,777,1120,na,hokkaido_iburi_tobu,Hokkaido1155,0.5,183,1983,1147,13071,46.19774679296951,0.08948545861259982,0.1430054631296808
E1,q2_x3_resunet_cas-single_seed777,cas-single,single-stream,777,1120,na,hokkaido_iburi_tobu,Hokkaido1156,0.5,158,1648,1358,13220,50.63882397526669,0.11073843368967472,0.1931743921397365
E1,q2_x3_resunet_cas-single_seed777,cas-single,single-stream,777,1120,na,hokkaido_iburi_tobu,Hokkaido1157,0.5,185,2877,498,12824,36.20214900993807,0.1206675224642284,0.2665754796473259
E1,q2_x3_resunet_cas-single_seed777,cas-single,single-stream,777,1120,na,hokkaido_iburi_tobu,Hokkaido1158,0.5,329,3034,1053,11968,38.91751255262988,0.10885038713890936,0.19514388489164672
E1,q2_x3_resunet_cas-single_seed777,cas-single,single-stream,777,1120,na,hokkaido_iburi_tobu,Hokkaido1159,0.5,505,2419,2360,11100,45.3585694787413,0.14122692078585306,0.23035371765173027
E1,q2_x3_resunet_cas-single_seed777,cas-single,single-stream,777,1120,na,hokkaido_iburi_tobu,Hokkaido1160,0.5,993,2026,2349,11016,43.143942874559215,0.09517684887430611,0.1735170833204605
E1,q2_x3_resunet_cas-single_seed777,cas-single,single-stream,777,1120,na,hokkaido_iburi_tobu,Hokkaido1161,0.5,807,2083,1513,11981,46.89986068366001,0.13798846372538978,0.19630836047739744
E1,q2_x3_resunet_cas-single_seed777,cas-single,single-stream,777,1120,na,hokkaido_iburi_tobu,Hokkaido1162,0.5,702,2457,626,12599,49.90082115557852,0.20577842444354508,0.28968351024757183
E1,q2_x3_resunet_cas-single_seed777,cas-single,single-stream,777,1120,na,hokkaido_iburi_tobu,Hokkaido1163,0.5,248,4332,666,11138,39.094518051152896,0.1430274135871205,0.24629855425835295
E1,q2_x3_resunet_cas-single_seed777,cas-single,single-stream,777,1120,na,hokkaido_iburi_tobu,Hokkaido1164,0.5,40,3564,460,12320,62.81241873043945,0.058224163027162115,0.08617832283675571
E1,q2_x3_resunet_cas-single_seed777,cas-single,single-stream,777,1120,na,hokkaido_iburi_tobu,Hokkaido1165,0.5,35,3899,358,12092,49.586862335557086,0.0,0.0
E1,q2_x3_resunet_cas-single_seed777,cas-single,single-stream,777,1120,na,hokkaido_iburi_tobu,Hokkaido1166,0.5,115,3520,135,12614,34.036723424621115,0.0905536118538706,0.13896624329238136
E1,q2_x3_resunet_cas-single_seed777,cas-single,single-stream,777,1120,na,hokkaido_iburi_tobu,Hokkaido1167,0.5,21,3015,194,13154,56.801376334417085,0.03524229074842802,0.06467977171795541
E1,q2_x3_resunet_cas-single_seed777,cas-single,single-stream,777,1120,na,hokkaido_iburi_tobu,Hokkaido1168,0.5,0,3033,161,13190,44.40720662234904,0.0,0.0
E1,q2_x3_resunet_cas-single_seed777,cas-single,single-stream,777,1120,na,hokkaido_iburi_tobu,Hokkaido1169,0.5,95,3226,159,12904,36.069377593742864,0.13475006037149312,0.1778644448380003
E1,q2_x3_resunet_cas-single_seed777,cas-single,single-stream,777,1120,na,hokkaido_iburi_tobu,Hokkaido1170,0.5,152,1852,1098,13282,38.96406881698575,0.09883156449788662,0.19707375335876956
E1,q2_x3_resunet_cas-single_seed777,cas-single,single-stream,777,1120,na,hokkaido_iburi_tobu,Hokkaido1171,0.5,258,2603,1289,12234,38.84584067782684,0.12417850660285552,0.21583871392761844
E1,q2_x3_resunet_cas-single_seed777,cas-single,single-stream,777,1120,na,hokkaido_iburi_tobu,Hokkaido1172,0.5,237,1964,489,13694,51.16629420857905,0.1764158686725627,0.2957986530533003
E1,q2_x3_resunet_cas-single_seed777,cas-single,single-stream,777,1120,na,hokkaido_iburi_tobu,Hokkaido1173,0.5,7,3715,234,12428,49.23006305645755,0.0035273368602394355,0.02821869488493079
E1,q2_x3_resunet_cas-single_seed777,cas-single,single-stream,777,1120,na,hokkaido_iburi_tobu,Hokkaido1174,0.5,0,3449,87,12848,63.90109142277153,0.021356113187139647,0.07889247107874063
E1,q2_x3_resunet_cas-single_seed777,cas-single,single-stream,777,1120,na,hokkaido_iburi_tobu,Hokkaido1175,0.5,0,4298,40,12046,115.443485210359,0.0,0.0
E1,q2_x3_resunet_cas-single_seed777,cas-single,single-stream,777,1120,na,hokkaido_iburi_tobu,Hokkaido1178,0.5,0,0,61,16323,181.01933598375618,0.0,0.0
E1,q2_x3_resunet_cas-single_seed777,cas-single,single-stream,777,1120,na,hokkaido_iburi_tobu,Hokkaido1179,0.5,0,3211,68,13105,79.49086469924958,0.0,0.0
E1,q2_x3_resunet_cas-single_seed777,cas-single,single-stream,777,1120,na,hokkaido_iburi_tobu,Hokkaido1180,0.5,0,602,20,15762,79.63918538400672,0.0,0.0
E1,q2_x3_resunet_cas-single_seed777,cas-single,single-stream,777,1120,na,hokkaido_iburi_tobu,Hokkaido1183,0.5,0,2664,94,13626,83.52124890078062,0.0,0.0
E1,q2_x3_resunet_cas-single_seed777,cas-single,single-stream,777,1120,na,hokkaido_iburi_tobu,Hokkaido1184,0.5,0,2284,94,14006,75.98124423082022,0.0,0.0
E1,q2_x3_resunet_cas-single_seed777,cas-single,single-stream,777,1120,na,hokkaido_iburi_tobu,Hokkaido1186,0.5,50,2857,93,13384,63.05615479203335,0.0,0.03399433427720476
E1,q2_x3_resunet_cas-single_seed777,cas-single,single-stream,777,1120,na,hokkaido_iburi_tobu,Hokkaido1187,0.5,67,3454,110,12753,47.048848652302866,0.06626065773407874,0.0953117747172658
E1,q2_x3_resunet_cas-single_seed777,cas-single,single-stream,777,1120,na,hokkaido_iburi_tobu,Hokkaido1188,0.5,0,2388,657,13339,48.08326112068523,0.0,0.0
E1,q2_x3_resunet_cas-single_seed777,cas-single,single-stream,777,1120,na,hokkaido_iburi_tobu,Hokkaido1189,0.5,326,1934,1937,12187,44.553338819890925,0.17201658731342456,0.26238563783838964
E1,q2_x3_resunet_cas-single_seed777,cas-single,single-stream,777,1120,na,hokkaido_iburi_tobu,Hokkaido1190,0.5,267,2195,1781,12141,50.10468967822422,0.14644926976234138,0.23235209786826005
E1,q2_x3_resunet_cas-single_seed777,cas-single,single-stream,777,1120,na,hokkaido_iburi_tobu,Hokkaido1191,0.5,42,2854,871,12617,51.884487084291386,0.0897435897431028,0.1724734656201825
E1,q2_x3_resunet_cas-single_seed777,cas-single,single-stream,777,1120,na,hokkaido_iburi_tobu,Hokkaido1192,0.5,331,4063,747,11243,38.95118237324639,0.10144559979664142,0.15303039279528766
E1,q2_x3_resunet_cas-single_seed777,cas-single,single-stream,777,1120,na,hokkaido_iburi_tobu,Hokkaido1193,0.5,28,2407,599,13350,55.154328932550705,0.05471956224300448,0.10401891252907008
E1,q2_x3_resunet_cas-single_seed777,cas-single,single-stream,777,1120,na,hokkaido_iburi_tobu,Hokkaido1194,0.5,0,2743,158,13483,57.457430315857515,0.0,0.0
E1,q2_x3_resunet_cas-single_seed777,cas-single,single-stream,777,1120,na,hokkaido_iburi_tobu,Hokkaido1195,0.5,160,3479,87,12658,45.97825187401095,0.07854846118464404,0.14442916093487715
E1,q2_x3_resunet_cas-single_seed777,cas-single,single-stream,777,1120,na,hokkaido_iburi_tobu,Hokkaido1196,0.5,36,3012,146,13190,37.049964269232376,0.12096398995026784,0.1602136181571041
E1,q2_x3_resunet_cas-single_seed777,cas-single,single-stream,777,1120,na,hokkaido_iburi_tobu,Hokkaido1197,0.5,0,2931,137,13316,59.51776637615635,0.0,0.0
E1,q2_x3_resunet_cas-single_seed777,cas-single,single-stream,777,1120,na,hokkaido_iburi_tobu,Hokkaido1198,0.5,10,2472,182,13720,40.311288741492746,0.1048387096770833,0.16034614405664424
E1,q2_x3_resunet_cas-single_seed777,cas-single,single-stream,777,1120,na,hokkaido_iburi_tobu,Hokkaido1199,0.5,26,4181,161,12016,42.0164651799633,0.07256235827628357,0.12524041181094947
E1,q2_x3_resunet_cas-single_seed777,cas-single,single-stream,777,1120,na,hokkaido_iburi_tobu,Hokkaido1200,0.5,39,5079,182,11084,45.28789477338856,0.03942181340310647,0.062117312982221444
E1,q2_x3_resunet_cas-single_seed777,cas-single,single-stream,777,1120,na,hokkaido_iburi_tobu,Hokkaido1201,0.5,149,4251,275,11709,40.76367482041458,0.1307325892696996,0.18447771467856539
E1,q2_x3_resunet_cas-single_seed777,cas-single,single-stream,777,1120,na,hokkaido_iburi_tobu,Hokkaido1202,0.5,174,4154,456,11600,37.31965541113071,0.04778972520858982,0.15922003698052264
E1,q2_x3_resunet_cas-single_seed777,cas-single,single-stream,777,1120,na,hokkaido_iburi_tobu,Hokkaido1203,0.5,211,4237,509,11427,33.18937449663047,0.20904461055042312,0.32335700680624724
E1,q2_x3_resunet_cas-single_seed777,cas-single,single-stream,777,1120,na,hokkaido_iburi_tobu,Hokkaido1204,0.5,457,3792,952,11183,36.069377593742864,0.13092161929328447,0.24407994587336185
E1,q2_x3_resunet_cas-single_seed777,cas-single,single-stream,777,1120,na,hokkaido_iburi_tobu,Hokkaido1205,0.5,543,1750,2546,11545,45.941224662621266,0.13665423548186362,0.21237865927035224
E1,q2_x3_resunet_cas-single_seed777,cas-single,single-stream,777,1120,na,hokkaido_iburi_tobu,Hokkaido1206,0.5,1092,3000,2573,9719,40.311288741492746,0.20880104243494982,0.30655504135732065
E1,q2_x3_resunet_cas-single_seed777,cas-single,single-stream,777,1120,na,hokkaido_iburi_tobu,Hokkaido1207,0.5,433,2852,1798,11301,51.616372292760865,0.1822019726031507,0.25453007547150625
E1,q2_x3_resunet_cas-single_seed777,cas-single,single-stream,777,1120,na,hokkaido_iburi_tobu,Hokkaido1208,0.5,80,3073,963,12268,43.93859139317432,0.03208292201333137,0.07619435672764538
E1,q2_x3_resunet_cas-single_seed777,cas-single,single-stream,777,1120,na,hokkaido_iburi_tobu,Hokkaido1209,0.5,495,3055,685,12149,42.0386245468387,0.1659676019665759,0.26298070083883507
E1,q2_x3_resunet_cas-single_seed777,cas-single,single-stream,777,1120,na,hokkaido_iburi_tobu,Hokkaido1210,0.5,295,2362,921,12806,50.521207769705924,0.0610104861768658,0.12078314230937931
E1,q2_x3_resunet_cas-single_seed777,cas-single,single-stream,777,1120,na,hokkaido_iburi_tobu,Hokkaido1211,0.5,217,3587,487,12093,39.824615503479755,0.15850664690302502,0.251646806305475
E1,q2_x3_resunet_cas-single_seed777,cas-single,single-stream,777,1120,na,hokkaido_iburi_tobu,Hokkaido1212,0.5,17,2287,526,13554,50.20956084253277,0.06773920406387729,0.0880410858395773
E1,q2_x3_resunet_cas-single_seed777,cas-single,single-stream,777,1120,na,hokkaido_iburi_tobu,Hokkaido1213,0.5,225,4057,78,12024,28.259468134101013,0.07271499324586422,0.17315766613537423
E1,q2_x3_resunet_cas-single_seed777,cas-single,single-stream,777,1120,na,hokkaido_iburi_tobu,Hokkaido1214,0.5,17,4835,10,11522,70.75517916872658,0.06664957703136662,0.14785142024746092
E1,q2_x3_resunet_cas-single_seed777,cas-single,single-stream,777,1120,na,hokkaido_iburi_tobu,Hokkaido1216,0.5,0,4031,115,12238,87.60785070018756,0.0,0.0
E1,q2_x3_resunet_cas-single_seed777,cas-single,single-stream,777,1120,na,hokkaido_iburi_tobu,Hokkaido1217,0.5,56,3453,442,12433,50.895543571299164,0.0,0.0
E1,q2_x3_resunet_cas-single_seed777,cas-single,single-stream,777,1120,na,hokkaido_iburi_tobu,Hokkaido1218,0.5,170,3920,678,11616,35.35533905932738,0.10815321256444196,0.17992347146412707
E1,q2_x3_resunet_cas-single_seed777,cas-single,single-stream,777,1120,na,hokkaido_iburi_tobu,Hokkaido1219,0.5,570,2953,260,12601,32.136423446165715,0.2385321100912487,0.3537950412310548
E1,q2_x3_resunet_cas-single_seed777,cas-single,single-stream,777,1120,na,hokkaido_iburi_tobu,Hokkaido1220,0.5,137,2590,274,13383,35.95401847237355,0.16544954848795623,0.2989775227572104
E1,q2_x3_resunet_cas-single_seed777,cas-single,single-stream,777,1120,na,hokkaido_iburi_tobu,Hokkaido1221,0.5,0,1831,40,14513,81.02991204489915,0.0,0.0
E1,q2_x3_resunet_cas-single_seed777,cas-single,single-stream,777,1120,na,hokkaido_iburi_tobu,Hokkaido1223,0.5,63,2687,39,13595,48.81700320256139,0.11040706605192005,0.15029522275865675
E1,q2_x3_resunet_cas-single_seed777,cas-single,single-stream,777,1120,na,hokkaido_iburi_tobu,Hokkaido1224,0.5,0,1856,102,14426,55.344992722430966,0.0,0.0
E1,q2_x3_resunet_cas-single_seed777,cas-single,single-stream,777,1120,na,hokkaido_iburi_tobu,Hokkaido1225,0.5,0,3695,94,12595,60.09575303577231,0.005181347150033558,0.04205607476614878
E1,q2_x3_resunet_cas-single_seed777,cas-single,single-stream,777,1120,na,hokkaido_iburi_tobu,Hokkaido1226,0.5,93,3145,37,13109,50.67535052932073,0.06971755452243679,0.17499584924425232
E1,q2_x3_resunet_cas-single_seed777,cas-single,single-stream,777,1120,na,hokkaido_iburi_tobu,Hokkaido1227,0.5,103,1858,0,14423,38.204710316083194,0.09682997118121088,0.14696132596651593
E1,q2_x3_resunet_cas-single_seed777,cas-single,single-stream,777,1120,na,hokkaido_iburi_tobu,Hokkaido1228,0.5,0,1826,67,14491,80.52235704146585,0.0,0.0
E1,q2_x3_resunet_cas-single_seed777,cas-single,single-stream,777,1120,na,hokkaido_iburi_tobu,Hokkaido1230,0.5,0,2782,36,13566,99.49997411140222,0.0,0.0
E1,q2_x3_resunet_cas-single_seed777,cas-single,single-stream,777,1120,na,hokkaido_iburi_tobu,Hokkaido1231,0.5,0,3194,44,13146,96.05206653504264,0.0,0.0
E1,q2_x3_resunet_cas-single_seed777,cas-single,single-stream,777,1120,na,hokkaido_iburi_tobu,Hokkaido1232,0.5,0,1424,124,14836,56.25832148381633,0.0,0.0
E1,q2_x3_resunet_cas-single_seed777,cas-single,single-stream,777,1120,na,hokkaido_iburi_tobu,Hokkaido1233,0.5,133,3055,793,12403,42.720018726587654,0.031161473087319484,0.0806813088296211
E1,q2_x3_resunet_cas-single_seed777,cas-single,single-stream,777,1120,na,hokkaido_iburi_tobu,Hokkaido1234,0.5,444,2250,1013,12677,43.13037085678826,0.10676156583583206,0.17053808488167005
E1,q2_x3_resunet_cas-single_seed777,cas-single,single-stream,777,1120,na,hokkaido_iburi_tobu,Hokkaido1235,0.5,39,3300,972,12073,51.04546671064065,0.004694835680289537,0.027967681789567586
E1,q2_x3_resunet_cas-single_seed777,cas-single,single-stream,777,1120,na,hokkaido_iburi_tobu,Hokkaido1236,0.5,210,2777,324,13073,45.693780125336566,0.11070487203419871,0.21946278020994378
E1,q2_x3_resunet_cas-single_seed777,cas-single,single-stream,777,1120,na,hokkaido_iburi_tobu,Hokkaido1237,0.5,0,2684,160,13540,77.31265525229489,0.0,0.0
E1,q2_x3_resunet_cas-single_seed777,cas-single,single-stream,777,1120,na,hokkaido_iburi_tobu,Hokkaido1238,0.5,13,3306,22,13043,70.33064656651906,0.07069219440342633,0.10603829160519364
E1,q2_x3_resunet_cas-single_seed777,cas-single,single-stream,777,1120,na,hokkaido_iburi_tobu,Hokkaido1239,0.5,26,2624,56,13678,46.88257030438958,0.11928483690433668,0.1479724922928162
E1,q2_x3_resunet_cas-single_seed777,cas-single,single-stream,777,1120,na,hokkaido_iburi_tobu,Hokkaido1240,0.5,9,3792,53,12530,36.9208155889615,0.06397562833186869,0.09097472924161401
E1,q2_x3_resunet_cas-single_seed777,cas-single,single-stream,777,1120,na,hokkaido_iburi_tobu,Hokkaido1241,0.5,15,2824,10,13535,52.619387238223396,0.0,0.021276595744565995
E1,q2_x3_resunet_cas-single_seed777,cas-single,single-stream,777,1120,na,hokkaido_iburi_tobu,Hokkaido1242,0.5,7,3777,67,12533,56.62285803814254,0.08786610878634919,0.13255059477800382
E1,q2_x3_resunet_cas-single_seed777,cas-single,single-stream,777,1120,na,hokkaido_iburi_tobu,Hokkaido1243,0.5,0,3539,219,12626,35.3324584920584,0.0,0.0
E1,q2_x3_resunet_cas-single_seed777,cas-single,single-stream,777,1120,na,hokkaido_iburi_tobu,Hokkaido1244,0.5,138,4539,117,11590,45.21225218673943,0.0,0.020408163264905087
E1,q2_x3_resunet_cas-single_seed777,cas-single,single-stream,777,1120,na,hokkaido_iburi_tobu,Hokkaido1245,0.5,107,3410,95,12772,30.404719843785383,0.05011389521599358,0.07918614242464833
E1,q2_x3_resunet_cas-single_seed777,cas-single,single-stream,777,1120,na,hokkaido_iburi_tobu,Hokkaido1246,0.5,103,3313,195,12773,36.18006280018188,0.03405865657475129,0.06760283335356361
E1,q2_x3_resunet_cas-single_seed777,cas-single,single-stream,777,1120,na,hokkaido_iburi_tobu,Hokkaido1247,0.5,225,3940,494,11725,39.03073554128679,0.07069434851452902,0.11770088371933327
E1,q2_x3_resunet_cas-single_seed777,cas-single,single-stream,777,1120,na,hokkaido_iburi_tobu,Hokkaido1248,0.5,198,5028,725,10433,36.35931012968002,0.04592901878866761,0.12609535792881751
E1,q2_x3_resunet_cas-single_seed777,cas-single,single-stream,777,1120,na,hokkaido_iburi_tobu,Hokkaido1249,0.5,449,2065,1497,12373,46.247145717764276,0.19325059492917732,0.3255120580147723
E1,q2_x3_resunet_cas-single_seed777,cas-single,single-stream,777,1120,na,hokkaido_iburi_tobu,Hokkaido1250,0.5,898,3474,1535,10477,38.01315561749642,0.16801678489324445,0.2880884975679649
E1,q2_x3_resunet_cas-single_seed777,cas-single,single-stream,777,1120,na,hokkaido_iburi_tobu,Hokkaido1251,0.5,207,4361,1105,10711,36.02885688944469,0.050289712473567005,0.09769189479292543
E1,q2_x3_resunet_cas-single_seed777,cas-single,single-stream,777,1120,na,hokkaido_iburi_tobu,Hokkaido1252,0.5,376,2663,660,12685,47.41834472034654,0.14655423088060723,0.2205795153571103
E1,q2_x3_resunet_cas-single_seed777,cas-single,single-stream,777,1120,na,hokkaido_iburi_tobu,Hokkaido1253,0.5,442,2570,901,12471,39.09775744216806,0.13281848640975003,0.24082215563787412
E1,q2_x3_resunet_cas-single_seed777,cas-single,single-stream,777,1120,na,hokkaido_iburi_tobu,Hokkaido1254,0.5,34,2881,942,12527,41.78933505356079,0.03352405512083932,0.04236091499537103
E1,q2_x3_resunet_cas-single_seed777,cas-single,single-stream,777,1120,na,hokkaido_iburi_tobu,Hokkaido1255,0.5,503,3718,394,11769,34.81003473039644,0.09230253228190863,0.13137448792152376
E1,q2_x3_resunet_cas-single_seed777,cas-single,single-stream,777,1120,na,hokkaido_iburi_tobu,Hokkaido1256,0.5,79,3029,1125,12151,36.472380248724015,0.06280895609143022,0.13079397111637536
E1,q2_x3_resunet_cas-single_seed777,cas-single,single-stream,777,1120,na,hokkaido_iburi_tobu,Hokkaido1257,0.5,415,4824,264,10881,29.416612556769508,0.08187534756334776,0.1701866153179394
E1,q2_x3_resunet_cas-single_seed777,cas-single,single-stream,777,1120,na,hokkaido_iburi_tobu,Hokkaido1258,0.5,10,3974,154,12246,47.01701646440937,0.046449900464215654,0.07049371517395463
E1,q2_x3_resunet_cas-single_seed777,cas-single,single-stream,777,1120,na,hokkaido_iburi_tobu,Hokkaido1259,0.5,36,4612,31,11705,56.69334298118205,0.0,0.0658401026076731
E1,q2_x3_resunet_cas-single_seed777,cas-single,single-stream,777,1120,na,hokkaido_iburi_tobu,Hokkaido1260,0.5,30,3692,1,12661,54.20332093147061,0.0,0.0
E1,q2_x3_resunet_cas-single_seed777,cas-single,single-stream,777,1120,na,hokkaido_iburi_tobu,Hokkaido1261,0.5,0,2163,33,14188,91.30168881685194,0.0,0.0
E1,q2_x3_resunet_cas-single_seed777,cas-single,single-stream,777,1120,na,hokkaido_iburi_tobu,Hokkaido1262,0.5,53,3498,316,12517,44.08153408867029,0.0,0.0
E1,q2_x3_resunet_cas-single_seed777,cas-single,single-stream,777,1120,na,hokkaido_iburi_tobu,Hokkaido1263,0.5,376,4087,284,11637,55.206419493414465,0.1686546463240527,0.3145743145738162
E1,q2_x3_resunet_cas-single_seed777,cas-single,single-stream,777,1120,na,hokkaido_iburi_tobu,Hokkaido1264,0.5,43,4843,281,11217,82.52206742816632,0.14308197310994086,0.17447846112135265
E1,q2_x3_resunet_cas-single_seed777,cas-single,single-stream,777,1120,na,hokkaido_iburi_tobu,Hokkaido1265,0.5,0,1730,102,14552,57.272593710111416,0.0,0.0
E1,q2_x3_resunet_cas-single_seed777,cas-single,single-stream,777,1120,na,hokkaido_iburi_tobu,Hokkaido1266,0.5,0,1761,102,14521,68.53391942704205,0.0,0.0
E1,q2_x3_resunet_cas-single_seed777,cas-single,single-stream,777,1120,na,hokkaido_iburi_tobu,Hokkaido1267,0.5,0,1650,36,14698,105.03295481188336,0.0,0.0
E1,q2_x3_resunet_cas-single_seed777,cas-single,single-stream,777,1120,na,hokkaido_iburi_tobu,Hokkaido1268,0.5,0,3055,103,13226,68.92784940777682,0.0,0.0
E1,q2_x3_resunet_cas-single_seed777,cas-single,single-stream,777,1120,na,hokkaido_iburi_tobu,Hokkaido1269,0.5,0,2099,67,14218,95.1792821876122,0.0,0.0
E1,q2_x3_resunet_cas-single_seed777,cas-single,single-stream,777,1120,na,hokkaido_iburi_tobu,Hokkaido1270,0.5,0,3266,106,13012,92.33010696001547,0.0,0.0
E1,q2_x3_resunet_cas-single_seed777,cas-single,single-stream,777,1120,na,hokkaido_iburi_tobu,Hokkaido1271,0.5,0,4318,726,11340,60.61611616971054,0.015564202334201579,0.04332129963852781
E1,q2_x3_resunet_cas-single_seed777,cas-single,single-stream,777,1120,na,hokkaido_iburi_tobu,Hokkaido1272,0.5,676,2282,477,12949,34.0879591766958,0.20731356176166638,0.35188327112267714
E1,q2_x3_resunet_cas-single_seed777,cas-single,single-stream,777,1120,na,hokkaido_iburi_tobu,Hokkaido1273,0.5,84,3988,599,11713,51.78598945386805,0.05016501650115039,0.09392849587426216
E1,q2_x3_resunet_cas-single_seed777,cas-single,single-stream,777,1120,na,hokkaido_iburi_tobu,Hokkaido1274,0.5,140,3095,27,13122,49.01964167891778,0.06871165644131158,0.13015292553149796
E1,q2_x3_resunet_cas-single_seed777,cas-single,single-stream,777,1120,na,hokkaido_iburi_tobu,Hokkaido1275,0.5,76,2585,17,13706,47.387760442446584,0.06669192876055005,0.16908212560351707
E1,q2_x3_resunet_cas-single_seed777,cas-single,single-stream,777,1120,na,hokkaido_iburi_tobu,Hokkaido1276,0.5,0,4531,111,11742,65.9203295308682,0.0,0.020618556700862576
E1,q2_x3_resunet_cas-single_seed777,cas-single,single-stream,777,1120,na,hokkaido_iburi_tobu,Hokkaido1277,0.5,28,4287,45,12024,70.19400984667304,0.08536585365835075,0.10948541853269698
E1,q2_x3_resunet_cas-single_seed777,cas-single,single-stream,777,1120,na,hokkaido_iburi_tobu,Hokkaido1278,0.5,15,2626,49,13694,40.36068403543285,0.09006433166525646,0.1406916153479496
E1,q2_x3_resunet_cas-single_seed777,cas-single,single-stream,777,1120,na,hokkaido_iburi_tobu,Hokkaido1279,0.5,8,4734,26,11616,45.0111097397076,0.010152284263805907,0.0802579720528563
E1,q2_x3_resunet_cas-single_seed777,cas-single,single-stream,777,1120,na,hokkaido_iburi_tobu,Hokkaido1280,0.5,8,2584,44,13748,42.95927241417912,0.06896551724117232,0.10619469026523111
E1,q2_x3_resunet_cas-single_seed777,cas-single,single-stream,777,1120,na,hokkaido_iburi_tobu,Hokkaido1281,0.5,39,4127,156,12062,37.21289914287016,0.023622047243630324,0.047244094487724805
E1,q2_x3_resunet_cas-single_seed777,cas-single,single-stream,777,1120,na,hokkaido_iburi_tobu,Hokkaido1282,0.5,23,3364,128,12869,73.22635101553568,0.11482059282340053,0.1480239829795711
E1,q2_x3_resunet_cas-single_seed777,cas-single,single-stream,777,1120,na,hokkaido_iburi_tobu,Hokkaido1283,0.5,0,2413,62,13909,82.33011668092007,0.0,0.0
E1,q2_x3_resunet_cas-single_seed777,cas-single,single-stream,777,1120,na,hokkaido_iburi_tobu,Hokkaido1284,0.5,42,4211,111,12020,53.80740255922705,0.12958963282902297,0.17574281539170153
E1,q2_x3_resunet_cas-single_seed777,cas-single,single-stream,777,1120,na,hokkaido_iburi_tobu,Hokkaido1285,0.5,44,4948,286,11106,34.22936607697261,0.041695621959227464,0.08301698923342934
E1,q2_x3_resunet_cas-single_seed777,cas-single,single-stream,777,1120,na,hokkaido_iburi_tobu,Hokkaido1286,0.5,158,3211,606,12409,40.22736533898584,0.024886877827570677,0.09956034604976094
E1,q2_x3_resunet_cas-single_seed777,cas-single,single-stream,777,1120,na,hokkaido_iburi_tobu,Hokkaido1287,0.5,565,2868,1119,11832,38.91015291668744,0.17834000749690265,0.29193668410445256
E1,q2_x3_resunet_cas-single_seed777,cas-single,single-stream,777,1120,na,hokkaido_iburi_tobu,Hokkaido1288,0.5,652,5254,897,9581,34.07116200064797,0.11000712698567541,0.17942577571733168
E1,q2_x3_resunet_cas-single_seed777,cas-single,single-stream,777,1120,na,hokkaido_iburi_tobu,Hokkaido1289,0.5,0,3462,773,12149,52.32590180780452,0.0025608194617283463,0.017925736235095822
E1,q2_x3_resunet_cas-single_seed777,cas-single,single-stream,777,1120,na,hokkaido_iburi_tobu,Hokkaido1290,0.5,385,3504,528,11967,39.188988397482284,0.03610573823293395,0.11069767441814868
E1,q2_x3_resunet_cas-single_seed777,cas-single,single-stream,777,1120,na,hokkaido_iburi_tobu,Hokkaido1291,0.5,227,4040,860,11257,45.45327270945405,0.1141236016630451,0.21280065226209213
E1,q2_x3_resunet_cas-single_seed777,cas-single,single-stream,777,1120,na,hokkaido_iburi_tobu,Hokkaido1292,0.5,405,3017,643,12319,44.43193169472476,0.11888111888066621,0.1742297769004635
E1,q2_x3_resunet_cas-single_seed777,cas-single,single-stream,777,1120,na,hokkaido_iburi_tobu,Hokkaido1293,0.5,388,3677,1390,10929,33.1902012227397,0.23845446182111554,0.35118706112135084
E1,q2_x3_resunet_cas-single_seed777,cas-single,single-stream,777,1120,na,hokkaido_iburi_tobu,Hokkaido1294,0.5,252,1493,1466,13173,46.819297129177244,0.1407636633330229,0.22077999709615867
E1,q2_x3_resunet_cas-single_seed777,cas-single,single-stream,777,1120,na,hokkaido_iburi_tobu,Hokkaido1295,0.5,361,3867,181,11975,46.538113551297364,0.1641878564950638,0.297442084248453
E1,q2_x3_resunet_cas-single_seed777,cas-single,single-stream,777,1120,na,hokkaido_iburi_tobu,Hokkaido1296,0.5,0,4522,147,11715,67.27698063783079,0.0,0.004385964911974646
E1,q2_x3_resunet_cas-single_seed777,cas-single,single-stream,777,1120,na,hokkaido_iburi_tobu,Hokkaido1297,0.5,41,4335,189,11819,46.87216658103186,0.06614108733447295,0.1680547682374448
E1,q2_x3_resunet_cas-single_seed777,cas-single,single-stream,777,1120,na,hokkaido_iburi_tobu,Hokkaido1298,0.5,159,4191,118,11916,32.703129659308566,0.06855277475470566,0.17235188509826316
E1,q2_x3_resunet_cas-single_seed777,cas-single,single-stream,777,1120,na,hokkaido_iburi_tobu,Hokkaido1299,0.5,0,3499,84,12801,63.7691086301265,0.0,0.0
E1,q2_x3_resunet_cas-single_seed777,cas-single,single-stream,777,1120,na,hokkaido_iburi_tobu,Hokkaido1300,0.5,0,3767,53,12564,85.53936813138725,0.0,0.0
E1,q2_x3_resunet_cas-single_seed777,cas-single,single-stream,777,1120,na,hokkaido_iburi_tobu,Hokkaido1301,0.5,0,3696,52,12636,100.43405685792351,0.0,0.0
E1,q2_x3_resunet_cas-single_seed777,cas-single,single-stream,777,1120,na,hokkaido_iburi_tobu,Hokkaido1302,0.5,0,2223,370,13791,57.28001396647874,0.0,0.0
E1,q2_x3_resunet_cas-single_seed777,cas-single,single-stream,777,1120,na,hokkaido_iburi_tobu,Hokkaido1303,0.5,98,1526,457,14303,43.96568407201107,0.09707112970662826,0.18971209923732993
E1,q2_x3_resunet_cas-single_seed777,cas-single,single-stream,777,1120,na,hokkaido_iburi_tobu,Hokkaido1304,0.5,44,2462,372,13506,51.8381933445441,0.0,0.0
E1,q2_x3_resunet_cas-single_seed777,cas-single,single-stream,777,1120,na,hokkaido_iburi_tobu,Hokkaido1305,0.5,90,2919,424,12951,44.94441010848846,0.1359169930593651,0.23041474654328858
E1,q2_x3_resunet_cas-single_seed777,cas-single,single-stream,777,1120,na,hokkaido_iburi_tobu,Hokkaido1306,0.5,101,3333,273,12677,45.94990969692398,0.1741447920845057,0.2889115819925523
E1,q2_x3_resunet_cas-single_seed777,cas-single,single-stream,777,1120,na,hokkaido_iburi_tobu,Hokkaido1307,0.5,0,3214,91,13079,74.71097504507692,0.0,0.0
E1,q2_x3_resunet_cas-single_seed777,cas-single,single-stream,777,1120,na,hokkaido_iburi_tobu,Hokkaido1309,0.5,0,3871,19,12494,84.76378923545853,0.0,0.0
E1,q2_x3_resunet_cas-single_seed777,cas-single,single-stream,777,1120,na,hokkaido_iburi_tobu,Hokkaido1310,0.5,0,4359,26,11999,89.69392398596462,0.0,0.0
E1,q2_x3_resunet_cas-single_seed777,cas-single,single-stream,777,1120,na,hokkaido_iburi_tobu,Hokkaido1311,0.5,0,4484,18,11882,91.11009491965588,0.0,0.0
E1,q2_x3_resunet_cas-single_seed777,cas-single,single-stream,777,1120,na,hokkaido_iburi_tobu,Hokkaido1312,0.5,86,3921,14,12363,52.47141803291755,0.05298013245007289,0.08318132068561303
E1,q2_x3_resunet_cas-single_seed777,cas-single,single-stream,777,1120,na,hokkaido_iburi_tobu,Hokkaido1313,0.5,73,4325,165,11821,28.460498941515414,0.06196746707934631,0.0897382633979689
E1,q2_x3_resunet_cas-single_seed777,cas-single,single-stream,777,1120,na,hokkaido_iburi_tobu,Hokkaido1314,0.5,139,2988,586,12671,43.840620433565945,0.12821611269261524,0.20470154845107622
E1,q2_x3_resunet_cas-single_seed777,cas-single,single-stream,777,1120,na,hokkaido_iburi_tobu,Hokkaido1315,0.5,179,2815,1224,12166,40.018744144284256,0.09276289484169475,0.14284466646836103
E1,q2_x3_resunet_cas-single_seed777,cas-single,single-stream,777,1120,na,hokkaido_iburi_tobu,Hokkaido1316,0.5,362,4280,515,11227,40.496913462633174,0.1252218085656867,0.18448840878698783
E1,q2_x3_resunet_cas-single_seed777,cas-single,single-stream,777,1120,na,hokkaido_iburi_tobu,Hokkaido1317,0.5,27,5046,138,11173,43.34737835447481,0.0,0.020425531914487444
E1,q2_x3_resunet_cas-single_seed777,cas-single,single-stream,777,1120,na,hokkaido_iburi_tobu,Hokkaido1318,0.5,23,2987,456,12918,44.86901164911257,0.0,0.0
E1,q2_x3_resunet_cas-single_seed777,cas-single,single-stream,777,1120,na,hokkaido_iburi_tobu,Hokkaido1319,0.5,132,4529,669,11054,40.311288741492746,0.10478109543823699,0.1955100181022897
E1,q2_x3_resunet_cas-single_seed777,cas-single,single-stream,777,1120,na,hokkaido_iburi_tobu,Hokkaido1320,0.5,251,1616,753,13764,48.66808586036008,0.0799003839365236,0.14141698977758613
E1,q2_x3_resunet_cas-single_seed777,cas-single,single-stream,777,1120,na,hokkaido_iburi_tobu,Hokkaido1321,0.5,316,2448,1149,12471,49.60643915466755,0.09240734902083347,0.1528015133926126
E1,q2_x3_resunet_cas-single_seed777,cas-single,single-stream,777,1120,na,hokkaido_iburi_tobu,Hokkaido1322,0.5,163,2480,859,12882,49.34446861377502,0.11675190220734948,0.1737193763915203
E1,q2_x3_resunet_cas-single_seed777,cas-single,single-stream,777,1120,na,hokkaido_iburi_tobu,Hokkaido1323,0.5,0,4304,135,11945,81.85963231699807,0.0,0.0
E1,q2_x3_resunet_cas-single_seed777,cas-single,single-stream,777,1120,na,hokkaido_iburi_tobu,Hokkaido1324,0.5,0,4150,163,12071,84.80559861946708,0.0,0.0
E1,q2_x3_resunet_cas-single_seed777,cas-single,single-stream,777,1120,na,hokkaido_iburi_tobu,Hokkaido1325,0.5,86,2664,182,13452,33.61547262794322,0.2516858112817015,0.35352063822360563
E1,q2_x3_resunet_cas-single_seed777,cas-single,single-stream,777,1120,na,hokkaido_iburi_tobu,Hokkaido1326,0.5,9,4227,96,12052,61.33921951327986,0.0,0.0
E1,q2_x3_resunet_cas-single_seed777,cas-single,single-stream,777,1120,na,hokkaido_iburi_tobu,Hokkaido1327,0.5,71,2593,301,13419,49.61090481797887,0.040241448691716336,0.09942537824832594
E1,q2_x3_resunet_cas-single_seed777,cas-single,single-stream,777,1120,na,hokkaido_iburi_tobu,Hokkaido1328,0.5,63,2828,383,13110,43.59689919546227,0.045906468638283966,0.06012024048047445
E1,q2_x3_resunet_cas-single_seed777,cas-single,single-stream,777,1120,na,hokkaido_iburi_tobu,Hokkaido1329,0.5,239,2216,518,13411,42.90204847368752,0.18123613842692074,0.28831080014680177
E1,q2_x3_resunet_cas-single_seed777,cas-single,single-stream,777,1120,na,hokkaido_iburi_tobu,Hokkaido1330,0.5,483,3329,552,12020,38.52780904858138,0.10407304035150065,0.21947272604633758
E1,q2_x3_resunet_cas-single_seed777,cas-single,single-stream,777,1120,na,hokkaido_iburi_tobu,Hokkaido1331,0.5,76,2352,425,13531,48.29880932820635,0.03464818763280008,0.10489510489464599
E1,q2_x3_resunet_cas-single_seed777,cas-single,single-stream,777,1120,na,hokkaido_iburi_tobu,Hokkaido1332,0.5,36,3731,183,12434,40.4152862762493,0.08325899494453354,0.10893785590443011
E1,q2_x3_resunet_cas-single_seed777,cas-single,single-stream,777,1120,na,hokkaido_iburi_tobu,Hokkaido1333,0.5,10,1973,87,14314,49.03672067998417,0.04532577903641156,0.08658008657968216
E1,q2_x3_resunet_cas-single_seed777,cas-single,single-stream,777,1120,na,hokkaido_iburi_tobu,Hokkaido1334,0.5,0,4038,27,12319,87.93861389533734,0.0,0.0
E1,q2_x3_resunet_cas-single_seed777,cas-single,single-stream,777,1120,na,hokkaido_iburi_tobu,Hokkaido1335,0.5,100,3928,1,12355,65.14401803901987,0.08717948717928702,0.11794871794851775
E1,q2_x3_resunet_cas-single_seed777,cas-single,single-stream,777,1120,na,hokkaido_iburi_tobu,Hokkaido1336,0.5,0,2744,101,13539,89.15183374478124,0.0,0.0
E1,q2_x3_resunet_cas-single_seed777,cas-single,single-stream,777,1120,na,hokkaido_iburi_tobu,Hokkaido1337,0.5,7,4759,30,11588,70.81559913681328,0.046466602129536634,0.07052896725419168
E1,q2_x3_resunet_cas-single_seed777,cas-single,single-stream,777,1120,na,hokkaido_iburi_tobu,Hokkaido1338,0.5,71,3233,52,13028,44.813487535105054,0.041095890410601604,0.10392609699723354
E1,q2_x3_resunet_cas-single_seed777,cas-single,single-stream,777,1120,na,hokkaido_iburi_tobu,Hokkaido1339,0.5,217,4311,394,11462,28.844410203711913,0.06781075582862696,0.15049150185000723
E1,q2_x3_resunet_cas-single_seed777,cas-single,single-stream,777,1120,na,hokkaido_iburi_tobu,Hokkaido1340,0.5,208,4379,747,11050,35.38361202590826,0.16586652984888786,0.27945205479403357
E1,q2_x3_resunet_cas-single_seed777,cas-single,single-stream,777,1120,na,hokkaido_iburi_tobu,Hokkaido1341,0.5,235,3120,318,12711,32.756452358834906,0.18637375260198408,0.2922620406294947
E1,q2_x3_resunet_cas-single_seed777,cas-single,single-stream,777,1120,na,hokkaido_iburi_tobu,Hokkaido1342,0.5,6,2889,309,13180,47.78698463436899,0.031152647974608167,0.06519162386358669
E1,q2_x3_resunet_cas-single_seed777,cas-single,single-stream,777,1120,na,hokkaido_iburi_tobu,Hokkaido1343,0.5,302,628,271,15183,38.0912611274845,0.26808208264209693,0.45104230742900797
E1,q2_x3_resunet_cas-single_seed777,cas-single,single-stream,777,1120,na,hokkaido_iburi_tobu,Hokkaido1344,0.5,126,4012,344,11902,44.31860703938901,0.0845335003125891,0.13812294459854568
E1,q2_x3_resunet_cas-single_seed777,cas-single,single-stream,777,1120,na,hokkaido_iburi_tobu,Hokkaido1345,0.5,65,3558,134,12627,39.03041481230248,0.06673728813521428,0.08696599825591443
E1,q2_x3_resunet_cas-single_seed777,cas-single,single-stream,777,1120,na,hokkaido_iburi_tobu,Hokkaido1346,0.5,0,3209,268,12907,67.31823997355818,0.0,0.0
E1,q2_x3_resunet_cas-single_seed777,cas-single,single-stream,777,1120,na,hokkaido_iburi_tobu,Hokkaido1347,0.5,0,4007,221,12156,79.03131782731522,0.0,0.0
E1,q2_x3_resunet_cas-single_seed777,cas-single,single-stream,777,1120,na,hokkaido_iburi_tobu,Hokkaido1348,0.5,0,3612,90,12682,88.5132716854464,0.0,0.0
E1,q2_x3_resunet_cas-single_seed777,cas-single,single-stream,777,1120,na,hokkaido_iburi_tobu,Hokkaido1349,0.5,0,3214,27,13143,111.40282536316926,0.0,0.0
E1,q2_x3_resunet_cas-single_seed777,cas-single,single-stream,777,1120,na,hokkaido_iburi_tobu,Hokkaido1350,0.5,0,5040,22,11322,105.6723673621046,0.0,0.0
E1,q2_x3_resunet_cas-single_seed777,cas-single,single-stream,777,1120,na,hokkaido_iburi_tobu,Hokkaido1351,0.5,0,2024,22,14338,93.71449132484615,0.0,0.0
E1,q2_x3_resunet_cas-single_seed777,cas-single,single-stream,777,1120,na,hokkaido_iburi_tobu,Hokkaido1352,0.5,0,1214,45,15125,61.257648911135135,0.0,0.0
E1,q2_x3_resunet_cas-single_seed777,cas-single,single-stream,777,1120,na,hokkaido_iburi_tobu,Hokkaido1353,0.5,12,3921,88,12363,62.03224967708329,0.03808516265507647,0.056716960552313886
E1,q2_x3_resunet_cas-single_seed777,cas-single,single-stream,777,1120,na,hokkaido_iburi_tobu,Hokkaido1354,0.5,59,2949,561,12815,36.747069755525565,0.03993344425906825,0.09067713444504463
E1,q2_x3_resunet_cas-single_seed777,cas-single,single-stream,777,1120,na,hokkaido_iburi_tobu,Hokkaido1355,0.5,82,2098,646,13558,46.07330899045917,0.12632881054494155,0.1723487908650399
E1,q2_x3_resunet_cas-single_seed777,cas-single,single-stream,777,1120,na,hokkaido_iburi_tobu,Hokkaido1356,0.5,233,3988,231,11932,34.73898121579907,0.07270279367166607,0.11584327086834241
E1,q2_x3_resunet_cas-single_seed777,cas-single,single-stream,777,1120,na,hokkaido_iburi_tobu,Hokkaido1357,0.5,86,3582,293,12423,36.01346023319949,0.08389351976287815,0.1728112856344808
E1,q2_x3_resunet_cas-single_seed777,cas-single,single-stream,777,1120,na,hokkaido_iburi_tobu,Hokkaido1358,0.5,36,3246,69,13033,56.88585061331157,0.12350651094083565,0.16142951418830986
E1,q2_x3_resunet_cas-single_seed777,cas-single,single-stream,777,1120,na,hokkaido_iburi_tobu,Hokkaido1359,0.5,0,2748,27,13609,87.27243872301537,0.0,0.0
E1,q2_x3_resunet_cas-single_seed777,cas-single,single-stream,777,1120,na,hokkaido_iburi_tobu,Hokkaido1360,0.5,0,3084,101,13199,69.53272159321708,0.0,0.0
E1,q2_x3_resunet_cas-single_seed777,cas-single,single-stream,777,1120,na,hokkaido_iburi_tobu,Hokkaido1361,0.5,0,3619,101,12664,89.19108663794674,0.0,0.0
E1,q2_x3_resunet_cas-single_seed777,cas-single,single-stream,777,1120,na,hokkaido_iburi_tobu,Hokkaido1363,0.5,0,4757,28,11599,95.01686802421497,0.0,0.0
E1,q2_x3_resunet_cas-single_seed777,cas-single,single-stream,777,1120,na,hokkaido_iburi_tobu,Hokkaido1364,0.5,75,4898,524,10887,46.08675844670779,0.09538461538411935,0.1635738831610212
E1,q2_x3_resunet_cas-single_seed777,cas-single,single-stream,777,1120,na,hokkaido_iburi_tobu,Hokkaido1365,0.5,317,3144,1105,11818,33.24154027718932,0.1335397716272113,0.20451308926045458
E1,q2_x3_resunet_cas-single_seed777,cas-single,single-stream,777,1120,na,hokkaido_iburi_tobu,Hokkaido1366,0.5,262,1904,1343,12875,48.29067921994243,0.08518877057077148,0.11908138271385608
E1,q2_x3_resunet_cas-single_seed777,cas-single,single-stream,777,1120,na,hokkaido_iburi_tobu,Hokkaido1367,0.5,55,3500,858,11971,46.04019878772775,0.0816017092244908,0.10521813515775505
E1,q2_x3_resunet_cas-single_seed777,cas-single,single-stream,777,1120,na,hokkaido_iburi_tobu,Hokkaido1368,0.5,0,4977,307,11100,75.50428687821922,0.0,0.0
E1,q2_x3_resunet_cas-single_seed777,cas-single,single-stream,777,1120,na,hokkaido_iburi_tobu,Hokkaido1369,0.5,0,2661,156,13567,77.40800264870188,0.0,0.0
E1,q2_x3_resunet_cas-single_seed777,cas-single,single-stream,777,1120,na,hokkaido_iburi_tobu,Hokkaido1370,0.5,0,3077,17,13290,89.20425688378619,0.0,0.0
E1,q2_x3_resunet_cas-single_seed777,cas-single,single-stream,777,1120,na,hokkaido_iburi_tobu,Hokkaido1371,0.5,0,2736,31,13617,78.0,0.0,0.0
E1,q2_x3_resunet_cas-single_seed777,cas-single,single-stream,777,1120,na,hokkaido_iburi_tobu,Hokkaido1372,0.5,0,1769,77,14538,65.13446780130573,0.0,0.0
E1,q2_x3_resunet_cas-single_seed777,cas-single,single-stream,777,1120,na,hokkaido_iburi_tobu,Hokkaido1373,0.5,119,3410,0,12855,30.597384811250954,0.0,0.0
E1,q2_x3_resunet_cas-single_seed777,cas-single,single-stream,777,1120,na,hokkaido_iburi_tobu,Hokkaido1374,0.5,0,5233,56,11095,91.4330329878611,0.0,0.0
E1,q2_x3_resunet_cas-single_seed777,cas-single,single-stream,777,1120,na,hokkaido_iburi_tobu,Hokkaido1375,0.5,0,2008,36,14340,82.76472678623425,0.0,0.0
E1,q2_x3_resunet_cas-single_seed777,cas-single,single-stream,777,1120,na,hokkaido_iburi_tobu,Hokkaido1376,0.5,40,3232,23,13089,40.53878374492558,0.0,0.014962593515878284
E1,q2_x3_resunet_cas-single_seed777,cas-single,single-stream,777,1120,na,hokkaido_iburi_tobu,Hokkaido1377,0.5,48,4082,129,12125,31.707752744199166,0.21348078672878512,0.3238866396756754
E1,q2_x3_resunet_cas-single_seed777,cas-single,single-stream,777,1120,na,hokkaido_iburi_tobu,Hokkaido1378,0.5,189,5549,220,10426,30.4138126514911,0.11853186843607919,0.21949307551559283
E1,q2_x3_resunet_cas-single_seed777,cas-single,single-stream,777,1120,na,hokkaido_iburi_tobu,Hokkaido1379,0.5,65,2431,202,13686,43.87025848632811,0.1460690247739863,0.21519400065165653
E1,q2_x3_resunet_cas-single_seed777,cas-single,single-stream,777,1120,na,hokkaido_iburi_tobu,Hokkaido1382,0.5,83,2298,54,13949,46.74497905811007,0.11359026369134144,0.16292134831425523
E1,q2_x3_resunet_cas-single_seed777,cas-single,single-stream,777,1120,na,hokkaido_iburi_tobu,Hokkaido1383,0.5,181,3294,906,12003,40.85635697185968,0.01382852627375,0.04130808950044238
E1,q2_x3_resunet_cas-single_seed777,cas-single,single-stream,777,1120,na,hokkaido_iburi_tobu,Hokkaido1384,0.5,813,2971,1509,11091,32.22574649828785,0.1651800038499695,0.25390628300971363
E1,q2_x3_resunet_cas-single_seed777,cas-single,single-stream,777,1120,na,hokkaido_iburi_tobu,Hokkaido1385,0.5,824,3024,1596,10940,34.0147027033899,0.15574891990771647,0.25693389663894595
E1,q2_x3_resunet_cas-single_seed777,cas-single,single-stream,777,1120,na,hokkaido_iburi_tobu,Hokkaido1386,0.5,593,4186,483,11122,50.63741901297919,0.1079707260306855,0.17889795841373968
E1,q2_x3_resunet_cas-single_seed777,cas-single,single-stream,777,1120,na,hokkaido_iburi_tobu,Hokkaido1387,0.5,0,4907,28,11449,110.44002006510135,0.0,0.0
E1,q2_x3_resunet_cas-single_seed777,cas-single,single-stream,777,1120,na,hokkaido_iburi_tobu,Hokkaido1388,0.5,0,2143,64,14177,75.85422734758545,0.0,0.0
E1,q2_x3_resunet_cas-single_seed777,cas-single,single-stream,777,1120,na,hokkaido_iburi_tobu,Hokkaido1389,0.5,179,3937,26,12242,30.48929735507585,0.1314076484943156,0.23559480873501423
E1,q2_x3_resunet_cas-single_seed777,cas-single,single-stream,777,1120,na,hokkaido_iburi_tobu,Hokkaido1390,0.5,14,2524,422,13424,45.880278987817846,0.05084509009588218,0.07500704953423437
E1,q2_x3_resunet_cas-single_seed777,cas-single,single-stream,777,1120,na,hokkaido_iburi_tobu,Hokkaido1391,0.5,243,1946,81,14114,36.31249714273681,0.17402366111133666,0.24971098265847685
E1,q2_x3_resunet_cas-single_seed777,cas-single,single-stream,777,1120,na,hokkaido_iburi_tobu,Hokkaido1392,0.5,0,3632,29,12723,116.02327197137463,0.0,0.0
E1,q2_x3_resunet_cas-single_seed777,cas-single,single-stream,777,1120,na,hokkaido_iburi_tobu,Hokkaido1393,0.5,0,4019,22,12343,84.02785628683696,0.0,0.0
E1,q2_x3_resunet_cas-single_seed777,cas-single,single-stream,777,1120,na,hokkaido_iburi_tobu,Hokkaido1394,0.5,31,4866,64,11423,41.23105625617661,0.06704397039593447,0.13016528925592832
E1,q2_x3_resunet_cas-single_seed777,cas-single,single-stream,777,1120,na,hokkaido_iburi_tobu,Hokkaido1395,0.5,102,6023,63,10196,63.908527564011635,0.1322905027929591,0.15789473684177288
E1,q2_x3_resunet_cas-single_seed777,cas-single,single-stream,777,1120,na,hokkaido_iburi_tobu,Hokkaido1396,0.5,8,3206,84,13086,62.3536970758347,0.09966486959031871,0.14332514332494986
E1,q2_x3_resunet_cas-single_seed777,cas-single,single-stream,777,1120,na,hokkaido_iburi_tobu,Hokkaido1397,0.5,29,2316,0,14039,39.01728216468238,0.09611829944525993,0.16038882138501054
E1,q2_x3_resunet_cas-single_seed777,cas-single,single-stream,777,1120,na,hokkaido_iburi_tobu,Hokkaido1398,0.5,0,2238,29,14117,69.35416353759881,0.0,0.0
E1,q2_x3_resunet_cas-single_seed777,cas-single,single-stream,777,1120,na,hokkaido_iburi_tobu,Hokkaido1400,0.5,24,3376,0,12984,50.99019230624091,0.0,0.0
E1,q2_x3_resunet_cas-single_seed777,cas-single,single-stream,777,1120,na,hokkaido_iburi_tobu,Hokkaido1401,0.5,0,3087,23,13274,86.68996000261112,0.0,0.0
E1,q2_x3_resunet_cas-single_seed777,cas-single,single-stream,777,1120,na,hokkaido_iburi_tobu,Hokkaido1403,0.5,0,2297,349,13738,57.561110802805985,0.0,0.0
E1,q2_x3_resunet_cas-single_seed777,cas-single,single-stream,777,1120,na,hokkaido_iburi_tobu,Hokkaido1404,0.5,108,2400,1537,12339,51.45810557733162,0.0,0.009082652133992926
E1,q2_x3_resunet_cas-single_seed777,cas-single,single-stream,777,1120,na,hokkaido_iburi_tobu,Hokkaido1405,0.5,658,1554,1459,12713,48.8444282627827,0.09332469215779875,0.18942413908998898
E1,q2_x3_resunet_cas-single_seed777,cas-single,single-stream,777,1120,na,hokkaido_iburi_tobu,Hokkaido1406,0.5,27,2365,1216,12776,45.18849411078001,0.02362204724370609,0.051589345067751674
E1,q2_x3_resunet_cas-single_seed777,cas-single,single-stream,777,1120,na,hokkaido_iburi_tobu,Hokkaido1407,0.5,33,2850,389,13112,56.908693487088264,0.0875374337705449,0.12367086536840884
E1,q2_x3_resunet_cas-single_seed777,cas-single,single-stream,777,1120,na,hokkaido_iburi_tobu,Hokkaido1408,0.5,0,2941,47,13396,112.67097867160871,0.0,0.0
E1,q2_x3_resunet_cas-single_seed777,cas-single,single-stream,777,1120,na,hokkaido_iburi_tobu,Hokkaido1409,0.5,17,3688,157,12522,60.69785347843776,0.05964912280666927,0.14795870919708984
E1,q2_x3_resunet_cas-single_seed777,cas-single,single-stream,777,1120,na,hokkaido_iburi_tobu,Hokkaido1410,0.5,31,2440,391,13522,66.99133773518034,0.07632612069703809,0.09369369369320142
E1,q2_x3_resunet_cas-single_seed777,cas-single,single-stream,777,1120,na,hokkaido_iburi_tobu,Hokkaido1411,0.5,62,2675,233,13414,65.0,0.1375921375917238,0.17138576778988507
E1,q2_x3_resunet_cas-single_seed777,cas-single,single-stream,777,1120,na,hokkaido_iburi_tobu,Hokkaido1414,0.5,0,4112,29,12243,92.85278766517152,0.0,0.0
E1,q2_x3_resunet_cas-single_seed777,cas-single,single-stream,777,1120,na,hokkaido_iburi_tobu,Hokkaido1415,0.5,0,3175,29,13180,113.92005220409257,0.0,0.0
E1,q2_x3_resunet_cas-single_seed777,cas-single,single-stream,777,1120,na,hokkaido_iburi_tobu,Hokkaido1417,0.5,0,3283,61,13040,80.96974501442547,0.0,0.0
E1,q2_x3_resunet_cas-single_seed777,cas-single,single-stream,777,1120,na,hokkaido_iburi_tobu,Hokkaido1418,0.5,68,4617,653,11046,63.03966805479934,0.1680009105736136,0.20276386458229445
E1,q2_x3_resunet_cas-single_seed777,cas-single,single-stream,777,1120,na,hokkaido_iburi_tobu,Hokkaido1419,0.5,0,3144,1295,11945,70.3525305830135,0.0,0.026946107783953732
E1,q2_x3_resunet_cas-single_seed777,cas-single,single-stream,777,1120,na,hokkaido_iburi_tobu,Hokkaido1420,0.5,135,1727,1098,13424,38.861921927741406,0.09369333064632732,0.16268829663917098
E1,q2_x3_resunet_cas-single_seed777,cas-single,single-stream,777,1120,na,hokkaido_iburi_tobu,Hokkaido1421,0.5,446,3276,919,11743,34.63958008175596,0.15077068446183395,0.25949614468914595
E1,q2_x3_resunet_cas-single_seed777,cas-single,single-stream,777,1120,na,hokkaido_iburi_tobu,Hokkaido1422,0.5,347,2647,588,12802,40.22437072223753,0.2011173184352587,0.32806906717154005
E1,q2_x3_resunet_cas-single_seed777,cas-single,single-stream,777,1120,na,hokkaido_iburi_tobu,Hokkaido1423,0.5,0,2735,228,13421,45.99323097429109,0.0,0.0
E1,q2_x3_resunet_cas-single_seed777,cas-single,single-stream,777,1120,na,hokkaido_iburi_tobu,Hokkaido1424,0.5,15,3620,96,12653,48.438088146365516,0.05574324324299015,0.08173076923045858
E1,q2_x3_resunet_cas-single_seed777,cas-single,single-stream,777,1120,na,hokkaido_iburi_tobu,Hokkaido1425,0.5,34,2973,18,13359,42.05948168962618,0.0,0.0
E1,q2_x3_resunet_cas-single_seed777,cas-single,single-stream,777,1120,na,hokkaido_iburi_tobu,Hokkaido1426,0.5,0,3738,115,12531,88.20430828479978,0.0,0.0
E1,q2_x3_resunet_cas-single_seed777,cas-single,single-stream,777,1120,na,hokkaido_iburi_tobu,Hokkaido1427,0.5,125,2623,113,13523,35.869144267708236,0.08219178082151998,0.16599732262341643
E1,q2_x3_resunet_cas-single_seed777,cas-single,single-stream,777,1120,na,hokkaido_iburi_tobu,Hokkaido1428,0.5,19,2780,104,13481,49.64876634922564,0.10255139955383705,0.1399613899610844
E1,q2_x3_resunet_cas-single_seed777,cas-single,single-stream,777,1120,na,hokkaido_iburi_tobu,Hokkaido1429,0.5,0,2275,39,14070,76.55684161440911,0.0,0.0
E1,q2_x3_resunet_cas-single_seed777,cas-single,single-stream,777,1120,na,hokkaido_iburi_tobu,Hokkaido1430,0.5,0,3976,39,12369,93.17187675638574,0.0,0.0
E1,q2_x3_resunet_cas-single_seed777,cas-single,single-stream,777,1120,na,hokkaido_iburi_tobu,Hokkaido1431,0.5,0,2082,113,14189,71.6419706524371,0.0,0.0
E1,q2_x3_resunet_cas-single_seed777,cas-single,single-stream,777,1120,na,hokkaido_iburi_tobu,Hokkaido1432,0.5,179,2392,679,13134,31.44422639013377,0.17831490137904685,0.3005990442210821
E1,q2_x3_resunet_cas-single_seed777,cas-single,single-stream,777,1120,na,hokkaido_iburi_tobu,Hokkaido1433,0.5,930,1719,589,13146,42.5440947723653,0.22314535407718727,0.3625557206532978
E1,q2_x3_resunet_cas-single_seed777,cas-single,single-stream,777,1120,na,hokkaido_iburi_tobu,Hokkaido1434,0.5,224,3302,1029,11829,34.925592605266125,0.14981519507136923,0.19838399702374093
E1,q2_x3_resunet_cas-single_seed777,cas-single,single-stream,777,1120,na,hokkaido_iburi_tobu,Hokkaido1435,0.5,84,3467,585,12248,42.94473162783309,0.10565768338340242,0.17181790708485978
E1,q2_x3_resunet_cas-single_seed777,cas-single,single-stream,777,1120,na,hokkaido_iburi_tobu,Hokkaido1436,0.5,62,3599,160,12563,42.75685140275264,0.0,0.0
E1,q2_x3_resunet_cas-single_seed777,cas-single,single-stream,777,1120,na,hokkaido_iburi_tobu,Hokkaido1437,0.5,20,4531,30,11803,60.00541044200786,0.0,0.04901960784281026
E1,q2_x3_resunet_cas-single_seed777,cas-single,single-stream,777,1120,na,hokkaido_iburi_tobu,Hokkaido1438,0.5,18,5357,52,10957,71.02605148530098,0.06378132118430141,0.08925055781575061
E1,q2_x3_resunet_cas-single_seed777,cas-single,single-stream,777,1120,na,hokkaido_iburi_tobu,Hokkaido1439,0.5,0,4071,52,12261,81.0576873890675,0.0,0.0
E1,q2_x3_resunet_cas-single_seed777,cas-single,single-stream,777,1120,na,hokkaido_iburi_tobu,Hokkaido1440,0.5,0,1889,115,14380,92.49250536616547,0.0,0.0
E1,q2_x3_resunet_cas-single_seed777,cas-single,single-stream,777,1120,na,hokkaido_iburi_tobu,Hokkaido1441,0.5,0,2901,238,13245,65.300037854987,0.0,0.0
E1,q2_x3_resunet_cas-single_seed777,cas-single,single-stream,777,1120,na,hokkaido_iburi_tobu,Hokkaido1442,0.5,0,4256,166,11962,59.126936577461045,0.0,0.0
E1,q2_x3_resunet_cas-single_seed777,cas-single,single-stream,777,1120,na,hokkaido_iburi_tobu,Hokkaido1443,0.5,39,2139,43,14163,39.56008088970496,0.12742175856897328,0.1681143177357368
E1,q2_x3_resunet_cas-single_seed777,cas-single,single-stream,777,1120,na,hokkaido_iburi_tobu,Hokkaido1444,0.5,0,2557,39,13788,68.51239984241234,0.0,0.0
E1,q2_x3_resunet_cas-single_seed777,cas-single,single-stream,777,1120,na,hokkaido_iburi_tobu,Hokkaido1445,0.5,9,5341,76,10958,64.35060217278468,0.009367681498625869,0.04939657591891245
E1,q2_x3_resunet_cas-single_seed777,cas-single,single-stream,777,1120,na,hokkaido_iburi_tobu,Hokkaido1446,0.5,0,2401,169,13814,62.065940886837375,0.0,0.0
E1,q2_x3_resunet_cas-single_seed777,cas-single,single-stream,777,1120,na,hokkaido_iburi_tobu,Hokkaido1447,0.5,0,2526,224,13634,79.85450509809021,0.0,0.0
E1,q2_x3_resunet_cas-single_seed777,cas-single,single-stream,777,1120,na,hokkaido_iburi_tobu,Hokkaido1448,0.5,209,3774,23,12378,59.23681287847955,0.1523897483256616,0.23684740979604557
E1,q2_x3_resunet_cas-single_seed777,cas-single,single-stream,777,1120,na,hokkaido_iburi_tobu,Hokkaido1449,0.5,0,3742,154,12488,84.86400882237237,0.0,0.0
E1,q2_x3_resunet_cas-single_seed777,cas-single,single-stream,777,1120,na,hokkaido_iburi_tobu,Hokkaido1450,0.5,0,2369,95,13920,67.12599791327574,0.0,0.0
E1,q2_x3_resunet_cas-single_seed777,cas-single,single-stream,777,1120,na,hokkaido_iburi_tobu,Hokkaido1451,0.5,131,3505,20,12728,33.24154027718932,0.0,0.0
E1,q2_x3_resunet_cas-single_seed777,cas-single,single-stream,777,1120,na,hokkaido_iburi_tobu,Hokkaido1452,0.5,0,4485,118,11781,94.19872598041172,0.0,0.0
E1,q2_x3_resunet_cas-single_seed777,cas-single,single-stream,777,1120,na,hokkaido_iburi_tobu,Hokkaido1453,0.5,43,2833,0,13508,62.59230954450989,0.049535603714953275,0.11285266457660227
E1,q2_x3_resunet_cas-single_seed777,cas-single,single-stream,777,1120,na,hokkaido_iburi_tobu,Hokkaido1454,0.5,0,2157,43,14184,71.00704190430693,0.0,0.0
E1,q2_x3_resunet_cas-single_seed777,cas-single,single-stream,777,1120,na,hokkaido_iburi_tobu,Hokkaido1455,0.5,0,2637,65,13682,106.06548770997408,0.0,0.0
E1,q2_x3_resunet_cas-single_seed777,cas-single,single-stream,777,1120,na,hokkaido_iburi_tobu,Hokkaido1456,0.5,68,5144,2,11170,77.97140386404106,0.08753519324272964,0.11574074074058029
E1,q2_x3_resunet_cas-single_seed777,cas-single,single-stream,777,1120,na,hokkaido_iburi_tobu,Hokkaido1460,0.5,0,4465,277,11642,90.39357927536005,0.0,0.0
E1,q2_x3_resunet_cas-single_seed777,cas-single,single-stream,777,1120,na,hokkaido_iburi_tobu,Hokkaido1461,0.5,180,3687,336,12181,52.59751102561522,0.08534850640073334,0.15226011102259518
E1,q2_x3_resunet_cas-single_seed777,cas-single,single-stream,777,1120,na,hokkaido_iburi_tobu,Hokkaido1462,0.5,0,2720,339,13325,79.10024978092005,0.0,0.0
E1,q2_x3_resunet_cas-single_seed777,cas-single,single-stream,777,1120,na,hokkaido_iburi_tobu,Hokkaido1463,0.5,0,3736,100,12548,107.4441704720092,0.0,0.0
E1,q2_x3_resunet_cas-single_seed777,cas-single,single-stream,777,1120,na,hokkaido_iburi_tobu,Hokkaido1464,0.5,0,4741,65,11578,110.8139759439542,0.0,0.0
E1,q2_x3_resunet_cas-single_seed777,cas-single,single-stream,777,1120,na,hokkaido_iburi_tobu,Hokkaido1465,0.5,70,1912,0,14402,62.22829326390995,0.0,0.0
E1,q2_x3_resunet_cas-single_seed777,cas-single,single-stream,777,1120,na,hokkaido_iburi_tobu,Hokkaido1467,0.5,0,3609,277,12498,96.8204513434893,0.0,0.0
E1,q2_x3_resunet_cas-single_seed777,cas-single,single-stream,777,1120,na,hokkaido_iburi_tobu,Hokkaido1468,0.5,443,3737,42,12162,51.62363799656123,0.21032310505956747,0.265499518149316
E1,q2_x3_resunet_cas-single_seed777,cas-single,single-stream,777,1120,na,hokkaido_iburi_tobu,Hokkaido1469,0.5,0,3132,208,13044,94.55368823969422,0.0,0.0
E1,q2_x3_resunet_cas-single_seed777,cas-single,single-stream,777,1120,na,hokkaido_iburi_tobu,Hokkaido1471,0.5,0,1262,140,14982,69.1663285277228,0.0,0.0
E1,q2_x3_resunet_cas-single_seed777,cas-single,single-stream,777,1120,na,hokkaido_iburi_tobu,Hokkaido1472,0.5,17,4486,158,11723,63.06742411329808,0.0,0.03481504507268856
E1,q2_x3_resunet_cas-single_seed777,cas-single,single-stream,777,1120,na,hokkaido_iburi_tobu,Hokkaido1473,0.5,0,3521,84,12779,83.17449555031214,0.0,0.010204081632379843
E1,q2_x3_resunet_cas-single_seed777,cas-single,single-stream,777,1120,na,hokkaido_iburi_tobu,Hokkaido1474,0.5,0,3541,23,12820,96.24390094771496,0.0,0.0
E1,q2_x3_resunet_cas-single_seed777,cas-single,single-stream,777,1120,na,hokkaido_iburi_tobu,Hokkaido1475,0.5,0,2803,23,13558,96.38464608017192,0.0,0.0
E1,q2_x3_resunet_cas-single_seed777,cas-single,single-stream,777,1120,na,hokkaido_iburi_tobu,Hokkaido1481,0.5,0,4024,154,12206,68.03270829548137,0.0,0.004597701149122219
E1,q2_x3_resunet_cas-single_seed777,cas-single,single-stream,777,1120,na,hokkaido_iburi_tobu,Hokkaido1482,0.5,229,3398,104,12653,33.28654269142619,0.04033290652962242,0.07671232876670075
E1,q2_x3_resunet_cas-single_seed777,cas-single,single-stream,777,1120,na,hokkaido_iburi_tobu,Hokkaido1483,0.5,0,4418,263,11703,51.48494074980104,0.0,0.0
E1,q2_x3_resunet_cas-single_seed777,cas-single,single-stream,777,1120,na,hokkaido_iburi_tobu,Hokkaido1484,0.5,37,3560,47,12740,58.490147927330966,0.052894504848357546,0.08527269497216639
E1,q2_x3_resunet_cas-single_seed777,cas-single,single-stream,777,1120,na,hokkaido_iburi_tobu,Hokkaido1485,0.5,20,2641,3,13720,57.380582228685135,0.06399999999988021,0.11133200795215681
E1,q2_x3_resunet_cas-single_seed777,cas-single,single-stream,777,1120,na,hokkaido_iburi_tobu,Hokkaido1486,0.5,0,2046,23,14315,60.212536935599665,0.0,0.0
E1,q2_x3_resunet_cas-single_seed777,cas-single,single-stream,777,1120,na,hokkaido_iburi_tobu,Hokkaido1487,0.5,4,3854,78,12448,69.68385784188051,0.06258890469388473,0.0880829015541139
E1,q2_x3_resunet_cas-single_seed777,cas-single,single-stream,777,1120,na,hokkaido_iburi_tobu,Hokkaido1488,0.5,61,2531,88,13704,41.593268686170845,0.0420105026253307,0.08923591745639059
E1,q2_x3_resunet_cas-single_seed777,cas-single,single-stream,777,1120,na,hokkaido_iburi_tobu,Hokkaido1489,0.5,65,3534,178,12607,58.2701535831705,0.11880118801149687,0.19246435845174822
E1,q2_x3_resunet_cas-single_seed777,cas-single,single-stream,777,1120,na,hokkaido_iburi_tobu,Hokkaido1490,0.5,32,1662,238,14452,32.30789243684011,0.11281729865198774,0.17654320987605795
E1,q2_x3_resunet_cas-single_seed777,cas-single,single-stream,777,1120,na,hokkaido_iburi_tobu,Hokkaido1492,0.5,0,2307,135,13942,87.3755070251959,0.0,0.0
E1,q2_x3_resunet_cas-single_seed777,cas-single,single-stream,777,1120,na,hokkaido_iburi_tobu,Hokkaido1493,0.5,111,5412,196,10665,46.1757073097687,0.02532981530294425,0.0994452984022436
E1,q2_x3_resunet_cas-single_seed777,cas-single,single-stream,777,1120,na,hokkaido_iburi_tobu,Hokkaido1494,0.5,0,3390,378,12616,73.39719910289271,0.0,0.0
E1,q2_x3_resunet_cas-single_seed777,cas-single,single-stream,777,1120,na,hokkaido_iburi_tobu,Hokkaido1495,0.5,0,2604,238,13542,67.446274915669,0.0,0.0
E1,q2_x3_resunet_cas-single_seed777,cas-single,single-stream,777,1120,na,hokkaido_iburi_tobu,Hokkaido1496,0.5,0,2467,51,13866,86.99424755947923,0.0,0.0
E1,q2_x3_resunet_cas-single_seed777,cas-single,single-stream,777,1120,na,hokkaido_iburi_tobu,Hokkaido1497,0.5,0,3878,143,12363,69.86415243303877,0.0,0.0
E1,q2_x3_resunet_cas-single_seed777,cas-single,single-stream,777,1120,na,hokkaido_iburi_tobu,Hokkaido1498,0.5,0,3114,124,13146,81.45851900207278,0.0,0.0
E1,q2_x3_resunet_cas-single_seed777,cas-single,single-stream,777,1120,na,hokkaido_iburi_tobu,Hokkaido1499,0.5,0,2468,79,13837,93.88542813364586,0.0,0.0
E1,q2_x3_resunet_cas-single_seed777,cas-single,single-stream,777,1120,na,hokkaido_iburi_tobu,Hokkaido1500,0.5,31,3670,115,12568,56.62684624943524,0.0,0.0
E1,q2_x3_resunet_cas-single_seed777,cas-single,single-stream,777,1120,na,hokkaido_iburi_tobu,Hokkaido1501,0.5,0,1907,291,14186,38.248100622992865,0.0,0.0
E1,q2_x3_resunet_cas-single_seed777,cas-single,single-stream,777,1120,na,hokkaido_iburi_tobu,Hokkaido1502,0.5,291,2356,124,13613,22.200220326674724,0.149455425574329,0.21051129268155874
E1,q2_x3_resunet_cas-single_seed777,cas-single,single-stream,777,1120,na,hokkaido_iburi_tobu,Hokkaido1503,0.5,0,1479,208,14697,51.344587128592316,0.0,0.0
E1,q2_x3_resunet_cas-single_seed777,cas-single,single-stream,777,1120,na,hokkaido_iburi_tobu,Hokkaido1504,0.5,0,33,273,16078,65.78294974164626,0.0,0.08362369337938579
E1,q2_x3_resunet_cas-single_seed777,cas-single,single-stream,777,1120,na,hokkaido_iburi_tobu,Hokkaido1506,0.5,0,3761,31,12592,91.2003269281443,0.0,0.0
E1,q2_x3_resunet_cas-single_seed777,cas-single,single-stream,777,1120,na,hokkaido_iburi_tobu,Hokkaido1507,0.5,153,4598,205,11428,39.80575315034155,0.0,0.003424657533773691
E1,q2_x3_resunet_cas-single_seed777,cas-single,single-stream,777,1120,na,hokkaido_iburi_tobu,Hokkaido1508,0.5,90,4704,795,10795,32.7566787083184,0.0682703505878298,0.1253305938663012
E1,q2_x3_resunet_cas-single_seed777,cas-single,single-stream,777,1120,na,hokkaido_iburi_tobu,Hokkaido1509,0.5,224,3483,494,12183,32.823709844185935,0.08319956282610776,0.10395571756398053
E1,q2_x3_resunet_cas-single_seed777,cas-single,single-stream,777,1120,na,hokkaido_iburi_tobu,Hokkaido1510,0.5,143,4417,156,11668,37.494637521199955,0.0072202166060329215,0.038585209002723296
E1,q2_x3_resunet_cas-single_seed777,cas-single,single-stream,777,1120,na,hokkaido_iburi_tobu,Hokkaido1511,0.5,135,2047,221,13981,41.72768734296817,0.0717488789232854,0.13524898450380055
E1,q2_x3_resunet_cas-single_seed777,cas-single,single-stream,777,1120,na,hokkaido_iburi_tobu,Hokkaido1512,0.5,40,2819,177,13348,63.563877728546515,0.1123000101902239,0.14492753623152785
E1,q2_x3_resunet_cas-single_seed777,cas-single,single-stream,777,1120,na,hokkaido_iburi_tobu,Hokkaido1513,0.5,0,2472,37,13875,90.02775637731995,0.0,0.0
E1,q2_x3_resunet_cas-single_seed777,cas-single,single-stream,777,1120,na,hokkaido_iburi_tobu,Hokkaido1514,0.5,0,1967,37,14380,81.58859474183679,0.0,0.0
E1,q2_x3_resunet_cas-single_seed777,cas-single,single-stream,777,1120,na,hokkaido_iburi_tobu,Hokkaido1515,0.5,0,2937,127,13320,52.91856872695823,0.03191489361663333,0.07068671523764711
E1,q2_x3_resunet_cas-single_seed777,cas-single,single-stream,777,1120,na,hokkaido_iburi_tobu,Hokkaido1516,0.5,0,2722,254,13408,63.875500358548074,0.0,0.0
E1,q2_x3_resunet_cas-single_seed777,cas-single,single-stream,777,1120,na,hokkaido_iburi_tobu,Hokkaido1517,0.5,0,3459,144,12781,80.9922800085746,0.0,0.0
E1,q2_x3_resunet_cas-single_seed777,cas-single,single-stream,777,1120,na,hokkaido_iburi_tobu,Hokkaido1518,0.5,0,3792,277,12315,72.2305326521287,0.0,0.010596026489822951
E1,q2_x3_resunet_cas-single_seed777,cas-single,single-stream,777,1120,na,hokkaido_iburi_tobu,Hokkaido1519,0.5,19,3745,241,12379,53.3792946269652,0.0,0.0
E1,q2_x3_resunet_cas-single_seed777,cas-single,single-stream,777,1120,na,hokkaido_iburi_tobu,Hokkaido1521,0.5,15,2116,49,14204,63.63961030678928,0.0,0.013986013985707662
E1,q2_x3_resunet_cas-single_seed777,cas-single,single-stream,777,1120,na,hokkaido_iburi_tobu,Hokkaido1522,0.5,66,3992,694,11632,33.23099455462657,0.04015488312011291,0.07211538461488777
E1,q2_x3_resunet_cas-single_seed777,cas-single,single-stream,777,1120,na,hokkaido_iburi_tobu,Hokkaido1523,0.5,799,2535,517,12533,34.61852502720343,0.13857524122313858,0.25424103035836193
E1,q2_x3_resunet_cas-single_seed777,cas-single,single-stream,777,1120,na,hokkaido_iburi_tobu,Hokkaido1524,0.5,317,2381,610,13076,34.0147027033899,0.14322814196855704,0.2617012584406012
E1,q2_x3_resunet_cas-single_seed777,cas-single,single-stream,777,1120,na,hokkaido_iburi_tobu,Hokkaido1525,0.5,37,3772,405,12170,51.04654439226135,0.06611570247883894,0.14885097492986424
E1,q2_x3_resunet_cas-single_seed777,cas-single,single-stream,777,1120,na,hokkaido_iburi_tobu,Hokkaido1526,0.5,0,3722,234,12428,69.77356224471959,0.0,0.0
E1,q2_x3_resunet_cas-single_seed777,cas-single,single-stream,777,1120,na,hokkaido_iburi_tobu,Hokkaido1527,0.5,49,2472,65,13798,38.70712429953347,0.0,0.09174311926570823
E1,q2_x3_resunet_cas-single_seed777,cas-single,single-stream,777,1120,na,hokkaido_iburi_tobu,Hokkaido1528,0.5,0,4184,37,12163,96.81294426624537,0.0,0.0
E1,q2_x3_resunet_cas-single_seed777,cas-single,single-stream,777,1120,na,hokkaido_iburi_tobu,Hokkaido1529,0.5,37,2400,0,13947,53.840454438563924,0.0,0.06285714285698141
E1,q2_x3_resunet_cas-single_seed777,cas-single,single-stream,777,1120,na,hokkaido_iburi_tobu,Hokkaido1530,0.5,94,4255,5,12030,58.16140939388303,0.06131650135230532,0.12345679012315502
E1,q2_x3_resunet_cas-single_seed777,cas-single,single-stream,777,1120,na,hokkaido_iburi_tobu,Hokkaido1531,0.5,42,3781,57,12504,62.603912755814434,0.10037641154298968,0.15618163738784027
E1,q2_x3_resunet_cas-single_seed777,cas-single,single-stream,777,1120,na,hokkaido_iburi_tobu,Hokkaido1534,0.5,0,2553,33,13798,69.35416353759881,0.0,0.0
E1,q2_x3_resunet_cas-single_seed777,cas-single,single-stream,777,1120,na,hokkaido_iburi_tobu,Hokkaido1535,0.5,11,3733,159,12481,33.69268155124303,0.0,0.0
E1,q2_x3_resunet_cas-single_seed777,cas-single,single-stream,777,1120,na,hokkaido_iburi_tobu,Hokkaido1536,0.5,324,5396,361,10303,35.42595386392233,0.15711325966800982,0.25061425061375137
E1,q2_x3_resunet_cas-single_seed777,cas-single,single-stream,777,1120,na,hokkaido_iburi_tobu,Hokkaido1537,0.5,387,3619,454,11924,34.655446902326915,0.16218167680252718,0.2820914660203106
E1,q2_x3_resunet_cas-single_seed777,cas-single,single-stream,777,1120,na,hokkaido_iburi_tobu,Hokkaido1538,0.5,86,4550,463,11285,33.71911704382509,0.15253114781190974,0.2376135914653284
E1,q2_x3_resunet_cas-single_seed777,cas-single,single-stream,777,1120,na,hokkaido_iburi_tobu,Hokkaido1539,0.5,0,3363,256,12765,68.8578129534049,0.0,0.0
E1,q2_x3_resunet_cas-single_seed777,cas-single,single-stream,777,1120,na,hokkaido_iburi_tobu,Hokkaido1540,0.5,0,2968,21,13395,101.21882179531471,0.0,0.0
E1,q2_x3_resunet_cas-single_seed777,cas-single,single-stream,777,1120,na,hokkaido_iburi_tobu,Hokkaido1541,0.5,0,3697,21,12666,105.66503206543032,0.0,0.0
E1,q2_x3_resunet_cas-single_seed777,cas-single,single-stream,777,1120,na,hokkaido_iburi_tobu,Hokkaido1542,0.5,0,2608,35,13741,101.47408867915146,0.0,0.0
E1,q2_x3_resunet_cas-single_seed777,cas-single,single-stream,777,1120,na,hokkaido_iburi_tobu,Hokkaido1543,0.5,0,3380,35,12969,103.4572371093754,0.0,0.0
E1,q2_x3_resunet_cas-single_seed777,cas-single,single-stream,777,1120,na,hokkaido_iburi_tobu,Hokkaido1544,0.5,0,0,27,16357,181.01933598375618,0.0,0.0
E1,q2_x3_resunet_cas-single_seed777,cas-single,single-stream,777,1120,na,hokkaido_iburi_tobu,Hokkaido1545,0.5,34,3813,265,12272,54.120236510939236,0.046226580283223996,0.08801916932869208
E1,q2_x3_resunet_cas-single_seed777,cas-single,single-stream,777,1120,na,hokkaido_iburi_tobu,Hokkaido1546,0.5,136,4806,136,11306,79.5432601366304,0.12822402358099722,0.2080638861156408
E1,q2_x3_resunet_cas-single_seed777,cas-single,single-stream,777,1120,na,hokkaido_iburi_tobu,Hokkaido1547,0.5,0,2157,18,14209,62.116814840403634,0.0,0.04073319755584164
E1,q2_x3_resunet_cas-single_seed777,cas-single,single-stream,777,1120,na,hokkaido_iburi_tobu,Hokkaido1548,0.5,0,1783,107,14494,61.97738486872167,0.0,0.0
E1,q2_x3_resunet_cas-single_seed777,cas-single,single-stream,777,1120,na,hokkaido_iburi_tobu,Hokkaido1549,0.5,13,3636,198,12537,54.96337071634813,0.0472131147537847,0.06964596633737344
E1,q2_x3_resunet_cas-single_seed777,cas-single,single-stream,777,1120,na,hokkaido_iburi_tobu,Hokkaido1550,0.5,15,3105,454,12810,48.125867434404014,0.0,0.011194029850261
E1,q2_x3_resunet_cas-single_seed777,cas-single,single-stream,777,1120,na,hokkaido_iburi_tobu,Hokkaido1551,0.5,217,3614,292,12261,50.08991914547278,0.03172365174436087,0.05792035950525298
E1,q2_x3_resunet_cas-single_seed777,cas-single,single-stream,777,1120,na,hokkaido_iburi_tobu,Hokkaido1552,0.5,30,4178,132,12044,67.47035950840174,0.08440532611101495,0.14482041806171722
E1,q2_x3_resunet_cas-single_seed777,cas-single,single-stream,777,1120,na,hokkaido_iburi_tobu,Hokkaido1554,0.5,37,2288,297,13762,39.49930071156715,0.0,0.033997085963562504
E1,q2_x3_resunet_cas-single_seed777,cas-single,single-stream,777,1120,na,hokkaido_iburi_tobu,Hokkaido1555,0.5,1,1574,271,14538,60.73137546143498,0.0,0.0
E1,q2_x3_resunet_cas-single_seed777,cas-single,single-stream,777,1120,na,hokkaido_iburi_tobu,Hokkaido1556,0.5,0,2336,21,14027,66.02575192606876,0.0,0.0
E1,q2_x3_resunet_cas-single_seed777,cas-single,single-stream,777,1120,na,hokkaido_iburi_tobu,Hokkaido1557,0.5,109,3119,206,12950,31.24495549729387,0.13029989658693245,0.20565962534830534
E1,q2_x3_resunet_cas-single_seed777,cas-single,single-stream,777,1120,na,hokkaido_iburi_tobu,Hokkaido1558,0.5,567,4007,298,11512,46.8294156209383,0.04313280363177539,0.10297415894640638
E1,q2_x3_resunet_cas-single_seed777,cas-single,single-stream,777,1120,na,hokkaido_iburi_tobu,Hokkaido1559,0.5,240,3028,431,12685,37.42978132875745,0.10493594026854423,0.15783804954421374
E1,q2_x3_resunet_cas-single_seed777,cas-single,single-stream,777,1120,na,hokkaido_iburi_tobu,Hokkaido1560,0.5,0,3683,100,12601,90.18197949596373,0.0,0.0
E1,q2_x3_resunet_cas-single_seed777,cas-single,single-stream,777,1120,na,hokkaido_iburi_tobu,Hokkaido1562,0.5,0,1285,35,15064,93.0658240963723,0.0,0.0
E1,q2_x3_resunet_cas-single_seed777,cas-single,single-stream,777,1120,na,hokkaido_iburi_tobu,Hokkaido1563,0.5,0,2814,27,13543,68.0,0.0,0.0
E1,q2_x3_resunet_cas-single_seed777,cas-single,single-stream,777,1120,na,hokkaido_iburi_tobu,Hokkaido1564,0.5,12,2690,267,13415,54.19305351377699,0.01805869074445954,0.05936920222584634
E1,q2_x3_resunet_cas-single_seed777,cas-single,single-stream,777,1120,na,hokkaido_iburi_tobu,Hokkaido1565,0.5,2,3885,514,11983,72.0,0.03169572107716491,0.06356968215111083
E1,q2_x3_resunet_cas-single_seed777,cas-single,single-stream,777,1120,na,hokkaido_iburi_tobu,Hokkaido1566,0.5,25,3964,266,12129,44.49315645117195,0.034155597722479246,0.04402323448436769
E1,q2_x3_resunet_cas-single_seed777,cas-single,single-stream,777,1120,na,hokkaido_iburi_tobu,Hokkaido1567,0.5,0,2267,27,14090,73.3596228549293,0.0,0.0
E1,q2_x3_resunet_cas-single_seed777,cas-single,single-stream,777,1120,na,hokkaido_iburi_tobu,Hokkaido1570,0.5,0,2409,27,13948,68.46239770252345,0.0,0.0
E1,q2_x3_resunet_cas-single_seed777,cas-single,single-stream,777,1120,na,hokkaido_iburi_tobu,Hokkaido1571,0.5,0,1342,27,15015,75.42709389159916,0.0,0.0
E1,q2_x3_resunet_cas-single_seed777,cas-single,single-stream,777,1120,na,lombok,Lombok003,0.5,50,14516,0,1818,62.791717502471485,0.0,0.0
E1,q2_x3_resunet_cas-single_seed777,cas-single,single-stream,777,1120,na,lombok,Lombok005,0.5,13,3587,37,12747,63.68091903818419,0.0,0.0
E1,q2_x3_resunet_cas-single_seed777,cas-single,single-stream,777,1120,na,lombok,Lombok006,0.5,35,8140,24,8185,32.413675238022705,0.10153846153806523,0.19150555640083497
E1,q2_x3_resunet_cas-single_seed777,cas-single,single-stream,777,1120,na,lombok,Lombok009,0.5,27,309,96,15952,111.00450441310929,0.2410714285709318,0.3906186817625487
E1,q2_x3_resunet_cas-single_seed777,cas-single,single-stream,777,1120,na,lombok,Lombok010,0.5,0,5537,40,10807,70.62959211674304,0.0,0.0
E1,q2_x3_resunet_cas-single_seed777,cas-single,single-stream,777,1120,na,lombok,Lombok013,0.5,51,584,51,15698,109.21994774849775,0.1401995146934899,0.37211187677291246
E1,q2_x3_resunet_cas-single_seed777,cas-single,single-stream,777,1120,na,lombok,Lombok014,0.5,0,4375,33,11976,63.978558798189695,0.0,0.0
E1,q2_x3_resunet_cas-single_seed777,cas-single,single-stream,777,1120,na,lombok,Lombok016,0.5,4,781,142,15457,81.84497657356742,0.0382409177815283,0.07381370825961414
E1,q2_x3_resunet_cas-single_seed777,cas-single,single-stream,777,1120,na,lombok,Lombok017,0.5,77,1671,19,14617,23.682290503994327,0.06666666666625666,0.18019375672723115
E1,q2_x3_resunet_cas-single_seed777,cas-single,single-stream,777,1120,na,lombok,Lombok029,0.5,13,31,80,16260,57.16944823917018,0.4114597544333847,0.46583705095048994
E1,q2_x3_resunet_cas-single_seed777,cas-single,single-stream,777,1120,na,lombok,Lombok030,0.5,72,1683,6,14623,27.50895366958864,0.03541315345668157,0.0754162585696376
E1,q2_x3_resunet_cas-single_seed777,cas-single,single-stream,777,1120,na,lombok,Lombok033,0.5,0,0,61,16323,181.01933598375618,0.0,0.0
E1,q2_x3_resunet_cas-single_seed777,cas-single,single-stream,777,1120,na,lombok,Lombok034,0.5,50,497,256,15581,53.814476931952,0.14248021108143205,0.24055479303584001
E1,q2_x3_resunet_cas-single_seed777,cas-single,single-stream,777,1120,na,lombok,Lombok035,0.5,107,673,139,15465,44.36978294223677,0.21767005472975895,0.3936769164135321
E1,q2_x3_resunet_cas-single_seed777,cas-single,single-stream,777,1120,na,lombok,Lombok036,0.5,0,0,74,16310,181.01933598375618,0.0,0.0
E1,q2_x3_resunet_cas-single_seed777,cas-single,single-stream,777,1120,na,lombok,Lombok037,0.5,82,90,82,16130,50.51543289325504,0.499199999999556,0.753363228699082
E1,q2_x3_resunet_cas-single_seed777,cas-single,single-stream,777,1120,na,lombok,Lombok038,0.5,0,499,182,15703,51.07587165105666,0.0,0.0
E1,q2_x3_resunet_cas-single_seed777,cas-single,single-stream,777,1120,na,lombok,Lombok039,0.5,36,219,273,15856,64.58347812669292,0.020725388600826327,0.06474820143869714
E1,q2_x3_resunet_cas-single_seed777,cas-single,single-stream,777,1120,na,lombok,Lombok040,0.5,9,2,248,16125,93.69147820377422,0.1607142857141379,0.2689075630249773
E1,q2_x3_resunet_cas-single_seed777,cas-single,single-stream,777,1120,na,lombok,Lombok041,0.5,174,475,154,15581,38.52509925652556,0.4859580144627472,0.6116540195442036
E1,q2_x3_resunet_cas-single_seed777,cas-single,single-stream,777,1120,na,lombok,Lombok042,0.5,0,0,288,16096,181.01933598375618,0.0,0.0
E1,q2_x3_resunet_cas-single_seed777,cas-single,single-stream,777,1120,na,lombok,Lombok043,0.5,0,2726,22,13636,63.109340165446355,0.0,0.0
E1,q2_x3_resunet_cas-single_seed777,cas-single,single-stream,777,1120,na,lombok,Lombok044,0.5,3,2812,128,13441,41.784566447395285,0.06391478029254223,0.1436275154539814
E1,q2_x3_resunet_cas-single_seed777,cas-single,single-stream,777,1120,na,lombok,Lombok045,0.5,271,3028,210,12875,33.13865256667732,0.21761070311889924,0.34394129464874246
E1,q2_x3_resunet_cas-single_seed777,cas-single,single-stream,777,1120,na,lombok,Lombok046,0.5,9,0,364,16011,96.98701898138357,0.08461538461530356,0.3344481605348385
E1,q2_x3_resunet_cas-single_seed777,cas-single,single-stream,777,1120,na,lombok,Lombok047,0.5,0,0,17,16367,181.01933598375618,0.0,0.0
E1,q2_x3_resunet_cas-single_seed777,cas-single,single-stream,777,1120,na,lombok,Lombok048,0.5,0,0,85,16299,181.01933598375618,0.0,0.0
E1,q2_x3_resunet_cas-single_seed777,cas-single,single-stream,777,1120,na,lombok,Lombok049,0.5,0,0,92,16292,181.01933598375618,0.0,0.0
E1,q2_x3_resunet_cas-single_seed777,cas-single,single-stream,777,1120,na,lombok,Lombok050,0.5,0,8,59,16317,132.7877944225073,0.0,0.0
E1,q2_x3_resunet_cas-single_seed777,cas-single,single-stream,777,1120,na,lombok,Lombok051,0.5,0,0,82,16302,181.01933598375618,0.0,0.0
E1,q2_x3_resunet_cas-single_seed777,cas-single,single-stream,777,1120,na,lombok,Lombok052,0.5,0,900,78,15406,60.987683446986985,0.0,0.0
E1,q2_x3_resunet_cas-single_seed777,cas-single,single-stream,777,1120,na,lombok,Lombok053,0.5,10,1620,31,14723,45.64427485600828,0.050991501416238476,0.07940008822206406
E1,q2_x3_resunet_cas-single_seed777,cas-single,single-stream,777,1120,na,lombok,Lombok055,0.5,0,0,162,16222,181.01933598375618,0.0,0.0
E1,q2_x3_resunet_cas-single_seed777,cas-single,single-stream,777,1120,na,lombok,Lombok056,0.5,0,178,307,15899,78.57474259997083,0.0,0.0
E1,q2_x3_resunet_cas-single_seed777,cas-single,single-stream,777,1120,na,lombok,Lombok057,0.5,338,886,146,15014,36.177034822942204,0.30518002944673034,0.516408453283037
E1,q2_x3_resunet_cas-single_seed777,cas-single,single-stream,777,1120,na,lombok,Lombok058,0.5,0,2,298,16084,94.72055716705938,0.0,0.0
E1,q2_x3_resunet_cas-single_seed777,cas-single,single-stream,777,1120,na,lombok,Lombok059,0.5,30,147,225,15982,47.00053185470863,0.23651226157994323,0.25032594524075563
E1,q2_x3_resunet_cas-single_seed777,cas-single,single-stream,777,1120,na,lombok,Lombok060,0.5,0,2021,223,14140,59.105829859428894,0.0,0.0
E1,q2_x3_resunet_cas-single_seed777,cas-single,single-stream,777,1120,na,lombok,Lombok061,0.5,0,34,63,16287,129.66487833627647,0.0,0.0
E1,q2_x3_resunet_cas-single_seed777,cas-single,single-stream,777,1120,na,lombok,Lombok062,0.5,0,2117,100,14167,112.20699223284687,0.0,0.0
E1,q2_x3_resunet_cas-single_seed777,cas-single,single-stream,777,1120,na,lombok,Lombok063,0.5,43,2701,204,13436,104.33364607102955,0.0748218527311242,0.12960655153948267
E1,q2_x3_resunet_cas-single_seed777,cas-single,single-stream,777,1120,na,lombok,Lombok064,0.5,106,1441,755,14082,102.12932934647148,0.16178194607228863,0.2306991804104043
E1,q2_x3_resunet_cas-single_seed777,cas-single,single-stream,777,1120,na,lombok,Lombok065,0.5,0,7,658,15719,103.79111691174037,0.0,0.0
E1,q2_x3_resunet_cas-single_seed777,cas-single,single-stream,777,1120,na,lombok,Lombok066,0.5,0,231,117,16036,97.00103090044443,0.0,0.0
E1,q2_x3_resunet_cas-single_seed777,cas-single,single-stream,777,1120,na,lombok,Lombok067,0.5,94,49,347,15894,106.69287238385213,0.2862119013059921,0.30833333333307256
E1,q2_x3_resunet_cas-single_seed777,cas-single,single-stream,777,1120,na,lombok,Lombok068,0.5,107,101,471,15705,50.00599940011997,0.2767401725787985,0.3612644254888704
E1,q2_x3_resunet_cas-single_seed777,cas-single,single-stream,777,1120,na,lombok,Lombok069,0.5,67,15,444,15858,73.35131505610515,0.24858757062125122,0.3597883597880647
E1,q2_x3_resunet_cas-single_seed777,cas-single,single-stream,777,1120,na,lombok,Lombok070,0.5,39,28,276,16041,98.0479879170076,0.23100303951347348,0.2982456140348339
E1,q2_x3_resunet_cas-single_seed777,cas-single,single-stream,777,1120,na,lombok,Lombok076,0.5,0,792,289,15303,41.36357849046031,0.0,0.0
E1,q2_x3_resunet_cas-single_seed777,cas-single,single-stream,777,1120,na,lombok,Lombok077,0.5,0,239,157,15988,67.20751440830514,0.0,0.0
E1,q2_x3_resunet_cas-single_seed777,cas-single,single-stream,777,1120,na,lombok,Lombok078,0.5,0,65,114,16205,48.22635206030187,0.03285420944525168,0.036739380022753565
E1,q2_x3_resunet_cas-single_seed777,cas-single,single-stream,777,1120,na,lombok,Lombok079,0.5,0,670,147,15567,66.37175257321523,0.0,0.0
E1,q2_x3_resunet_cas-single_seed777,cas-single,single-stream,777,1120,na,lombok,Lombok080,0.5,0,149,126,16109,111.7463390271075,0.0,0.0
E1,q2_x3_resunet_cas-single_seed777,cas-single,single-stream,777,1120,na,lombok,Lombok081,0.5,6,340,129,15909,71.32804612626626,0.04968944099334717,0.055813953488000605
E1,q2_x3_resunet_cas-single_seed777,cas-single,single-stream,777,1120,na,lombok,Lombok082,0.5,48,507,537,15292,69.61154038741867,0.09030329451295546,0.15890663173141545
E1,q2_x3_resunet_cas-single_seed777,cas-single,single-stream,777,1120,na,lombok,Lombok083,0.5,59,118,764,15443,63.846669198203905,0.21622428567133473,0.26632079550342164
E1,q2_x3_resunet_cas-single_seed777,cas-single,single-stream,777,1120,na,lombok,Lombok084,0.5,11,1059,294,15020,60.782803863139094,0.07332761578000248,0.09308885754537624
E1,q2_x3_resunet_cas-single_seed777,cas-single,single-stream,777,1120,na,lombok,Lombok085,0.5,0,516,43,15825,71.59467288845993,0.0,0.0
E1,q2_x3_resunet_cas-single_seed777,cas-single,single-stream,777,1120,na,lombok,Lombok092,0.5,0,16,19,16349,89.57069800792573,0.0,0.0
E1,q2_x3_resunet_cas-single_seed777,cas-single,single-stream,777,1120,na,lombok,Lombok093,0.5,61,190,244,15889,41.55362911724906,0.2722615272012706,0.3345246604712658
E1,q2_x3_resunet_cas-single_seed777,cas-single,single-stream,777,1120,na,lombok,Lombok094,0.5,16,20,680,15668,95.80448773770962,0.11855593522490326,0.2162015713895767
E1,q2_x3_resunet_cas-single_seed777,cas-single,single-stream,777,1120,na,lombok,Lombok095,0.5,169,30,1336,14849,63.04759906949397,0.2414486921527052,0.32567049808401854
E1,q2_x3_resunet_cas-single_seed777,cas-single,single-stream,777,1120,na,lombok,Lombok096,0.5,209,93,1617,14465,39.379532095051296,0.27302095302239954,0.355905511810731
E1,q2_x3_resunet_cas-single_seed777,cas-single,single-stream,777,1120,na,lombok,Lombok097,0.5,150,42,1067,15125,64.24152306341082,0.25964667420122406,0.3618618618615655
E1,q2_x3_resunet_cas-single_seed777,cas-single,single-stream,777,1120,na,lombok,Lombok098,0.5,92,76,482,15734,46.18220606171072,0.26512884856649066,0.37538461538431045
E1,q2_x3_resunet_cas-single_seed777,cas-single,single-stream,777,1120,na,lombok,Lombok099,0.5,0,0,81,16303,181.01933598375618,0.0,0.0
E1,q2_x3_resunet_cas-single_seed777,cas-single,single-stream,777,1120,na,lombok,Lombok100,0.5,46,1214,14,15110,45.11391496322326,0.0813743218803061,0.16233022418552073
E1,q2_x3_resunet_cas-single_seed777,cas-single,single-stream,777,1120,na,lombok,Lombok101,0.5,44,1129,87,15124,49.87849986643588,0.05499781754642903,0.1271523178802999
E1,q2_x3_resunet_cas-single_seed777,cas-single,single-stream,777,1120,na,lombok,Lombok102,0.5,0,0,125,16259,181.01933598375618,0.0,0.0
E1,q2_x3_resunet_cas-single_seed777,cas-single,single-stream,777,1120,na,lombok,Lombok103,0.5,0,1722,79,14583,70.7996802187984,0.0,0.0
E1,q2_x3_resunet_cas-single_seed777,cas-single,single-stream,777,1120,na,lombok,Lombok104,0.5,0,1829,101,14454,94.0776187802361,0.0,0.0
E1,q2_x3_resunet_cas-single_seed777,cas-single,single-stream,777,1120,na,lombok,Lombok105,0.5,16,1607,90,14671,119.00335986078655,0.0,0.0
E1,q2_x3_resunet_cas-single_seed777,cas-single,single-stream,777,1120,na,lombok,Lombok106,0.5,135,5991,130,10128,38.24636017960589,0.13763328998654736,0.27190332326237604
E1,q2_x3_resunet_cas-single_seed777,cas-single,single-stream,777,1120,na,lombok,Lombok107,0.5,334,6296,456,9298,27.260434132090364,0.2541230963571395,0.3977575123331824
E1,q2_x3_resunet_cas-single_seed777,cas-single,single-stream,777,1120,na,lombok,Lombok108,0.5,39,1819,539,13987,61.81502791750519,0.06970954356805184,0.10165084118001039
E1,q2_x3_resunet_cas-single_seed777,cas-single,single-stream,777,1120,na,lombok,Lombok109,0.5,0,1066,19,15299,83.25973362721484,0.0,0.0
E1,q2_x3_resunet_cas-single_seed777,cas-single,single-stream,777,1120,na,lombok,Lombok110,0.5,0,2328,54,14002,84.35074953822019,0.0,0.0
E1,q2_x3_resunet_cas-single_seed777,cas-single,single-stream,777,1120,na,lombok,Lombok111,0.5,0,1469,54,14861,49.62453744511732,0.0,0.0
E1,q2_x3_resunet_cas-single_seed777,cas-single,single-stream,777,1120,na,lombok,Lombok112,0.5,0,1568,87,14729,72.89581110903693,0.0,0.0
E1,q2_x3_resunet_cas-single_seed777,cas-single,single-stream,777,1120,na,lombok,Lombok113,0.5,71,372,117,15824,39.90612658910133,0.20269595606541402,0.3658435646291182
E1,q2_x3_resunet_cas-single_seed777,cas-single,single-stream,777,1120,na,lombok,Lombok114,0.5,0,827,101,15456,65.05113267570425,0.0,0.0
E1,q2_x3_resunet_cas-single_seed777,cas-single,single-stream,777,1120,na,lombok,Lombok115,0.5,0,521,220,15643,62.190427976490994,0.0,0.0
E1,q2_x3_resunet_cas-single_seed777,cas-single,single-stream,777,1120,na,lombok,Lombok116,0.5,291,1693,463,13937,39.20459156782532,0.13836411047794483,0.2590939675647326
E1,q2_x3_resunet_cas-single_seed777,cas-single,single-stream,777,1120,na,lombok,Lombok117,0.5,254,1086,478,14566,50.20956084253277,0.022894521667598033,0.09246575342425213
E1,q2_x3_resunet_cas-single_seed777,cas-single,single-stream,777,1120,na,lombok,Lombok119,0.5,0,0,183,16201,181.01933598375618,0.0,0.0
E1,q2_x3_resunet_cas-single_seed777,cas-single,single-stream,777,1120,na,lombok,Lombok120,0.5,0,183,140,16061,82.75113155780033,0.0,0.0
E1,q2_x3_resunet_cas-single_seed777,cas-single,single-stream,777,1120,na,lombok,Lombok121,0.5,0,1250,19,15115,78.93215682387661,0.0,0.0
E1,q2_x3_resunet_cas-single_seed777,cas-single,single-stream,777,1120,na,lombok,Lombok122,0.5,0,6,31,16347,86.17203436888238,0.0,0.0
E1,q2_x3_resunet_cas-single_seed777,cas-single,single-stream,777,1120,na,lombok,Lombok123,0.5,65,84,510,15725,58.35819289204333,0.23022953109591424,0.295783399910857
E1,q2_x3_resunet_cas-single_seed777,cas-single,single-stream,777,1120,na,lombok,Lombok124,0.5,310,248,1092,14734,72.04685785039335,0.18797512093968652,0.2998715224586036
E1,q2_x3_resunet_cas-single_seed777,cas-single,single-stream,777,1120,na,lombok,Lombok125,0.5,465,264,1895,13760,40.19950248448356,0.2706830096311033,0.38694817658318115
E1,q2_x3_resunet_cas-single_seed777,cas-single,single-stream,777,1120,na,lombok,Lombok126,0.5,462,126,2180,13616,30.009164121783993,0.36402266288922064,0.48226018396809656
E1,q2_x3_resunet_cas-single_seed777,cas-single,single-stream,777,1120,na,lombok,Lombok127,0.5,195,49,1420,14720,81.92343148465193,0.2867581712251897,0.3892916899048733
E1,q2_x3_resunet_cas-single_seed777,cas-single,single-stream,777,1120,na,lombok,Lombok128,0.5,54,33,574,15723,110.6318140056535,0.14253897550097738,0.19165378670770922
E1,q2_x3_resunet_cas-single_seed777,cas-single,single-stream,777,1120,na,lombok,Lombok129,0.5,0,0,319,16065,181.01933598375618,0.0,0.0
E1,q2_x3_resunet_cas-single_seed777,cas-single,single-stream,777,1120,na,lombok,Lombok132,0.5,162,1707,22,14493,20.369200202458284,0.19273910708036734,0.39409117059752435
E1,q2_x3_resunet_cas-single_seed777,cas-single,single-stream,777,1120,na,lombok,Lombok133,0.5,96,3007,50,13231,46.149748914744066,0.0833828914830539,0.15962349249896768
E1,q2_x3_resunet_cas-single_seed777,cas-single,single-stream,777,1120,na,lombok,Lombok134,0.5,1,682,72,15629,54.859674524976185,0.040609137055376526,0.055727554179223565
E1,q2_x3_resunet_cas-single_seed777,cas-single,single-stream,777,1120,na,lombok,Lombok135,0.5,0,1950,107,14327,76.4036995109415,0.0,0.0
E1,q2_x3_resunet_cas-single_seed777,cas-single,single-stream,777,1120,na,lombok,Lombok136,0.5,55,5552,75,10702,47.77028021149577,0.038834951455850315,0.06433368681462921
E1,q2_x3_resunet_cas-single_seed777,cas-single,single-stream,777,1120,na,lombok,Lombok137,0.5,94,9695,23,6572,45.66166940073598,0.0,0.01314348302257669
E1,q2_x3_resunet_cas-single_seed777,cas-single,single-stream,777,1120,na,lombok,Lombok138,0.5,177,12987,63,3157,33.95732300023876,0.22514071294514368,0.37462477486445583
E1,q2_x3_resunet_cas-single_seed777,cas-single,single-stream,777,1120,na,lombok,Lombok139,0.5,428,12581,121,3254,36.00832691319598,0.17927823050008404,0.2977606717979632
E1,q2_x3_resunet_cas-single_seed777,cas-single,single-stream,777,1120,na,lombok,Lombok140,0.5,276,6014,177,9917,47.35756509516112,0.1693548387091898,0.26637506834285785
E1,q2_x3_resunet_cas-single_seed777,cas-single,single-stream,777,1120,na,lombok,Lombok141,0.5,78,10919,21,5366,98.49365461794989,0.04814814814786545,0.09564449676251163
E1,q2_x3_resunet_cas-single_seed777,cas-single,single-stream,777,1120,na,lombok,Lombok142,0.5,0,4552,51,11781,79.0,0.0,0.0
E1,q2_x3_resunet_cas-single_seed777,cas-single,single-stream,777,1120,na,lombok,Lombok143,0.5,0,0,51,16333,181.01933598375618,0.0,0.0
E1,q2_x3_resunet_cas-single_seed777,cas-single,single-stream,777,1120,na,lombok,Lombok144,0.5,0,0,27,16357,181.01933598375618,0.0,0.0
E1,q2_x3_resunet_cas-single_seed777,cas-single,single-stream,777,1120,na,lombok,Lombok145,0.5,0,3121,27,13236,119.69961742851177,0.0,0.0
E1,q2_x3_resunet_cas-single_seed777,cas-single,single-stream,777,1120,na,lombok,Lombok146,0.5,4,632,28,15720,45.840485017379464,0.09943502824811389,0.12307692307642414
E1,q2_x3_resunet_cas-single_seed777,cas-single,single-stream,777,1120,na,lombok,Lombok147,0.5,16,33,48,16287,75.07329751649384,0.3610256410252119,0.3792160437552967
E1,q2_x3_resunet_cas-single_seed777,cas-single,single-stream,777,1120,na,lombok,Lombok148,0.5,0,461,57,15866,55.27029240296713,0.0,0.0
E1,q2_x3_resunet_cas-single_seed777,cas-single,single-stream,777,1120,na,lombok,Lombok149,0.5,217,688,458,15021,33.38543042882461,0.3550249278399875,0.5530588094505097
E1,q2_x3_resunet_cas-single_seed777,cas-single,single-stream,777,1120,na,lombok,Lombok150,0.5,94,328,980,14982,47.382324234383006,0.12470247149967084,0.19183089082610863
E1,q2_x3_resunet_cas-single_seed777,cas-single,single-stream,777,1120,na,lombok,Lombok153,0.5,0,57,183,16144,104.67568963231147,0.0,0.0
E1,q2_x3_resunet_cas-single_seed777,cas-single,single-stream,777,1120,na,lombok,Lombok154,0.5,0,266,130,15988,108.68854578067896,0.0,0.0
E1,q2_x3_resunet_cas-single_seed777,cas-single,single-stream,777,1120,na,lombok,Lombok155,0.5,0,182,20,16182,47.126798771480196,0.0,0.0
E1,q2_x3_resunet_cas-single_seed777,cas-single,single-stream,777,1120,na,lombok,Lombok156,0.5,0,207,21,16156,51.24451190127583,0.0,0.0
E1,q2_x3_resunet_cas-single_seed777,cas-single,single-stream,777,1120,na,lombok,Lombok157,0.5,4,24,283,16073,108.11347561774132,0.0758459743287203,0.1219512195117454
E1,q2_x3_resunet_cas-single_seed777,cas-single,single-stream,777,1120,na,lombok,Lombok158,0.5,5,307,1068,15004,72.17436870612275,0.024514811031296952,0.04729487638789318
E1,q2_x3_resunet_cas-single_seed777,cas-single,single-stream,777,1120,na,lombok,Lombok159,0.5,175,43,2280,13886,79.12016177940993,0.1698352344738623,0.26719999999976846
E1,q2_x3_resunet_cas-single_seed777,cas-single,single-stream,777,1120,na,lombok,Lombok160,0.5,198,186,2596,13404,83.09538775455464,0.16031959940606388,0.20872315193023772
E1,q2_x3_resunet_cas-single_seed777,cas-single,single-stream,777,1120,na,lombok,Lombok161,0.5,134,171,1424,14655,42.1070065428546,0.23970619827497294,0.3329731261843708
E1,q2_x3_resunet_cas-single_seed777,cas-single,single-stream,777,1120,na,lombok,Lombok162,0.5,44,145,499,15696,113.1591799192624,0.13479212253797798,0.1570768584624782
E1,q2_x3_resunet_cas-single_seed777,cas-single,single-stream,777,1120,na,lombok,Lombok163,0.5,0,0,506,15878,181.01933598375618,0.0,0.0
E1,q2_x3_resunet_cas-single_seed777,cas-single,single-stream,777,1120,na,lombok,Lombok164,0.5,20,287,539,15538,69.81366960755429,0.05058717253804637,0.06877861882028201
E1,q2_x3_resunet_cas-single_seed777,cas-single,single-stream,777,1120,na,lombok,Lombok166,0.5,69,298,370,15647,82.90921649184598,0.20415725783070687,0.3299230039022089
E1,q2_x3_resunet_cas-single_seed777,cas-single,single-stream,777,1120,na,lombok,Lombok167,0.5,137,1442,531,14274,75.12455821331048,0.07215332581688318,0.18413145539861586
E1,q2_x3_resunet_cas-single_seed777,cas-single,single-stream,777,1120,na,lombok,Lombok168,0.5,101,2003,258,14022,38.02295387297306,0.06410096213870213,0.15697845972215427
E1,q2_x3_resunet_cas-single_seed777,cas-single,single-stream,777,1120,na,lombok,Lombok169,0.5,162,2634,166,13422,53.39999999999998,0.1498996207891534,0.2976338261289826
E1,q2_x3_resunet_cas-single_seed777,cas-single,single-stream,777,1120,na,lombok,Lombok170,0.5,387,4868,367,10762,49.03671940686122,0.0733686067014442,0.19137573276740785
E1,q2_x3_resunet_cas-single_seed777,cas-single,single-stream,777,1120,na,lombok,Lombok171,0.5,1549,9622,84,5129,46.42463063836145,0.1008732309540467,0.1442068229429465
E1,q2_x3_resunet_cas-single_seed777,cas-single,single-stream,777,1120,na,lombok,Lombok172,0.5,1081,13350,84,1869,37.01890661363837,0.17606547559586708,0.2297294223780707
E1,q2_x3_resunet_cas-single_seed777,cas-single,single-stream,777,1120,na,lombok,Lombok173,0.5,120,16245,0,19,58.0,0.0,0.0
E1,q2_x3_resunet_cas-single_seed777,cas-single,single-stream,777,1120,na,lombok,Lombok174,0.5,211,10034,417,5722,58.09460589199647,0.05620516851676148,0.10070417202953927
E1,q2_x3_resunet_cas-single_seed777,cas-single,single-stream,777,1120,na,lombok,Lombok175,0.5,265,6704,749,8666,73.92043701978865,0.008040201004582484,0.015470562956353686
E1,q2_x3_resunet_cas-single_seed777,cas-single,single-stream,777,1120,na,lombok,Lombok176,0.5,0,4848,462,11074,81.58200119019752,0.0,0.036379385014698805
E1,q2_x3_resunet_cas-single_seed777,cas-single,single-stream,777,1120,na,lombok,Lombok177,0.5,0,6962,67,9355,88.4509466402411,0.0,0.0
E1,q2_x3_resunet_cas-single_seed777,cas-single,single-stream,777,1120,na,lombok,Lombok178,0.5,6,2191,67,14120,35.517639485100254,0.0,0.0
E1,q2_x3_resunet_cas-single_seed777,cas-single,single-stream,777,1120,na,lombok,Lombok179,0.5,78,1393,51,14862,32.584809812572416,0.16815385468013166,0.28559065339640693
E1,q2_x3_resunet_cas-single_seed777,cas-single,single-stream,777,1120,na,lombok,Lombok180,0.5,46,4249,77,12012,87.79510987558348,0.07505640235491853,0.13501233285709097
E1,q2_x3_resunet_cas-single_seed777,cas-single,single-stream,777,1120,na,lombok,Lombok181,0.5,11,2171,26,14176,38.65863251790197,0.026132404181014215,0.05106382978703066
E1,q2_x3_resunet_cas-single_seed777,cas-single,single-stream,777,1120,na,lombok,Lombok182,0.5,0,1469,168,14747,46.57842139032682,0.0,0.0
E1,q2_x3_resunet_cas-single_seed777,cas-single,single-stream,777,1120,na,lombok,Lombok183,0.5,111,208,401,15664,54.079105675361845,0.21562728677090776,0.3644321379122065
E1,q2_x3_resunet_cas-single_seed777,cas-single,single-stream,777,1120,na,lombok,Lombok184,0.5,153,231,843,15157,91.0395492999356,0.1576456508728169,0.23924764890253547
E1,q2_x3_resunet_cas-single_seed777,cas-single,single-stream,777,1120,na,lombok,Lombok185,0.5,12,506,963,14903,58.8642408054199,0.0067950169873209655,0.018919984233185475
E1,q2_x3_resunet_cas-single_seed777,cas-single,single-stream,777,1120,na,lombok,Lombok186,0.5,0,139,885,15360,66.3880592725555,0.0,0.0
E1,q2_x3_resunet_cas-single_seed777,cas-single,single-stream,777,1120,na,lombok,Lombok187,0.5,0,14,25,16345,113.61492684728009,0.0,0.0
E1,q2_x3_resunet_cas-single_seed777,cas-single,single-stream,777,1120,na,lombok,Lombok188,0.5,0,32,32,16320,115.63684652289768,0.0,0.0
E1,q2_x3_resunet_cas-single_seed777,cas-single,single-stream,777,1120,na,lombok,Lombok189,0.5,42,13,250,16079,94.13686818881189,0.27027027027003653,0.3746031746028701
E1,q2_x3_resunet_cas-single_seed777,cas-single,single-stream,777,1120,na,lombok,Lombok190,0.5,104,19,1126,15135,50.20345626078816,0.16341030195366876,0.23247863247842698
E1,q2_x3_resunet_cas-single_seed777,cas-single,single-stream,777,1120,na,lombok,Lombok191,0.5,133,41,1377,14833,45.85409906169887,0.1617440225033675,0.22659430122096597
E1,q2_x3_resunet_cas-single_seed777,cas-single,single-stream,777,1120,na,lombok,Lombok192,0.5,25,416,762,15181,57.87054518492115,0.046986721143641226,0.06922569775067552
E1,q2_x3_resunet_cas-single_seed777,cas-single,single-stream,777,1120,na,lombok,Lombok193,0.5,31,324,274,15755,61.0,0.103139013452451,0.103139013452451
E1,q2_x3_resunet_cas-single_seed777,cas-single,single-stream,777,1120,na,lombok,Lombok194,0.5,0,0,318,16066,181.01933598375618,0.0,0.0
E1,q2_x3_resunet_cas-single_seed777,cas-single,single-stream,777,1120,na,lombok,Lombok195,0.5,346,162,596,15280,76.6178788065869,0.4340672634885995,0.5225572018778256
E1,q2_x3_resunet_cas-single_seed777,cas-single,single-stream,777,1120,na,lombok,Lombok196,0.5,51,23,915,15395,81.09376027334537,0.09418282548467229,0.10482758620679722
E1,q2_x3_resunet_cas-single_seed777,cas-single,single-stream,777,1120,na,lombok,Lombok197,0.5,3,550,748,15083,58.060309635430905,0.03878038499317793,0.10266159695767824
E1,q2_x3_resunet_cas-single_seed777,cas-single,single-stream,777,1120,na,lombok,Lombok198,0.5,15,640,791,14938,92.6811055337855,0.058422590067789354,0.08658420551819622
E1,q2_x3_resunet_cas-single_seed777,cas-single,single-stream,777,1120,na,lombok,Lombok199,0.5,479,2689,477,12739,84.61973656705116,0.09131403117997947,0.13749861280613762
E1,q2_x3_resunet_cas-single_seed777,cas-single,single-stream,777,1120,na,lombok,Lombok200,0.5,589,4993,312,10490,32.074026872762346,0.10500897777182937,0.1826074989673909
E1,q2_x3_resunet_cas-single_seed777,cas-single,single-stream,777,1120,na,lombok,Lombok201,0.5,615,8843,264,6662,25.0,0.0926518136357985,0.17480244302162123
E1,q2_x3_resunet_cas-single_seed777,cas-single,single-stream,777,1120,na,lombok,Lombok202,0.5,1250,7559,423,7152,43.826891502966845,0.19684601282351866,0.30854223672280334
E1,q2_x3_resunet_cas-single_seed777,cas-single,single-stream,777,1120,na,lombok,Lombok203,0.5,469,7701,618,7596,78.97461439506348,0.14082653732527067,0.2451846333931378
E1,q2_x3_resunet_cas-single_seed777,cas-single,single-stream,777,1120,na,lombok,Lombok204,0.5,1652,13720,41,971,53.358190796870176,0.09821950571302664,0.17429833096275166
E1,q2_x3_resunet_cas-single_seed777,cas-single,single-stream,777,1120,na,lombok,Lombok205,0.5,1342,1561,2213,11268,82.13403679352427,0.06874960866545844,0.09842656549905501
E1,q2_x3_resunet_cas-single_seed777,cas-single,single-stream,777,1120,na,lombok,Lombok206,0.5,1,30,2932,13421,144.97585928043313,0.007526881720408834,0.008620689655155321
E1,q2_x3_resunet_cas-single_seed777,cas-single,single-stream,777,1120,na,lombok,Lombok207,0.5,91,2157,1554,12582,56.859475903318,0.13384615384572723,0.19324786091098178
E1,q2_x3_resunet_cas-single_seed777,cas-single,single-stream,777,1120,na,lombok,Lombok208,0.5,269,4667,519,10929,51.088159097779204,0.06761957119251037,0.1277350680066534
E1,q2_x3_resunet_cas-single_seed777,cas-single,single-stream,777,1120,na,lombok,Lombok209,0.5,21,5524,192,10647,53.23532661682466,0.021178962230567838,0.040346566661961326
E1,q2_x3_resunet_cas-single_seed777,cas-single,single-stream,777,1120,na,lombok,Lombok210,0.5,5,5127,45,11207,45.21477916818621,0.0,0.0
E1,q2_x3_resunet_cas-single_seed777,cas-single,single-stream,777,1120,na,lombok,Lombok211,0.5,34,2981,86,13283,46.45186599326935,0.1390205371245258,0.16718011912070116
E1,q2_x3_resunet_cas-single_seed777,cas-single,single-stream,777,1120,na,lombok,Lombok212,0.5,0,1213,96,15075,52.11900101359281,0.0,0.0
E1,q2_x3_resunet_cas-single_seed777,cas-single,single-stream,777,1120,na,lombok,Lombok213,0.5,0,505,387,15492,69.67996001413543,0.0,0.0
E1,q2_x3_resunet_cas-single_seed777,cas-single,single-stream,777,1120,na,lombok,Lombok214,0.5,185,691,1096,14412,41.61307219675273,0.24707568136584657,0.37285840246648927
E1,q2_x3_resunet_cas-single_seed777,cas-single,single-stream,777,1120,na,lombok,Lombok215,0.5,194,932,1326,13932,58.10675909844183,0.2139295785188466,0.32190311954156825
E1,q2_x3_resunet_cas-single_seed777,cas-single,single-stream,777,1120,na,lombok,Lombok216,0.5,231,195,771,15187,60.68435236050064,0.29749155284392115,0.3937820957664953
E1,q2_x3_resunet_cas-single_seed777,cas-single,single-stream,777,1120,na,lombok,Lombok217,0.5,197,273,653,15261,54.82669726357864,0.30609848385965965,0.4533410976848758
E1,q2_x3_resunet_cas-single_seed777,cas-single,single-stream,777,1120,na,lombok,Lombok218,0.5,0,94,30,16260,64.71046796724536,0.0,0.0
E1,q2_x3_resunet_cas-single_seed777,cas-single,single-stream,777,1120,na,lombok,Lombok219,0.5,0,99,57,16228,81.39861797827254,0.0,0.0
E1,q2_x3_resunet_cas-single_seed777,cas-single,single-stream,777,1120,na,lombok,Lombok220,0.5,0,661,31,15692,94.00265769341905,0.0,0.0
E1,q2_x3_resunet_cas-single_seed777,cas-single,single-stream,777,1120,na,lombok,Lombok221,0.5,0,913,47,15424,43.61380623354133,0.0,0.0
E1,q2_x3_resunet_cas-single_seed777,cas-single,single-stream,777,1120,na,lombok,Lombok222,0.5,0,0,71,16313,181.01933598375618,0.0,0.0
E1,q2_x3_resunet_cas-single_seed777,cas-single,single-stream,777,1120,na,lombok,Lombok223,0.5,0,58,25,16301,82.44512627117776,0.0,0.0
E1,q2_x3_resunet_cas-single_seed777,cas-single,single-stream,777,1120,na,lombok,Lombok224,0.5,0,0,25,16359,181.01933598375618,0.0,0.0
E1,q2_x3_resunet_cas-single_seed777,cas-single,single-stream,777,1120,na,lombok,Lombok230,0.5,12,33,778,15561,46.91051800230594,0.04110228865005105,0.13652068353698774
E1,q2_x3_resunet_cas-single_seed777,cas-single,single-stream,777,1120,na,lombok,Lombok231,0.5,0,55,418,15911,66.0,0.0,0.0
E1,q2_x3_resunet_cas-single_seed777,cas-single,single-stream,777,1120,na,lombok,Lombok232,0.5,7,1234,318,14825,127.50270625352529,0.01845018450134748,0.0199999999995128
E1,q2_x3_resunet_cas-single_seed777,cas-single,single-stream,777,1120,na,lombok,Lombok233,0.5,1827,5670,206,8681,56.17824258464121,0.2848450014364153,0.34570309492104545
E1,q2_x3_resunet_cas-single_seed777,cas-single,single-stream,777,1120,na,lombok,Lombok234,0.5,1400,3833,546,10605,18.960388679233954,0.27806613401711694,0.49645287389555337
E1,q2_x3_resunet_cas-single_seed777,cas-single,single-stream,777,1120,na,lombok,Lombok235,0.5,206,5401,0,10777,96.06897777860327,0.0038759689917870015,0.08108647892900168
E1,q2_x3_resunet_cas-single_seed777,cas-single,single-stream,777,1120,na,lombok,Lombok236,0.5,197,7943,0,8244,79.62411694957753,0.07583965330396883,0.11167512690307939
E1,q2_x3_resunet_cas-single_seed777,cas-single,single-stream,777,1120,na,lombok,Lombok237,0.5,75,9286,1,7022,93.35955193784748,0.04460966542732278,0.07317759639720216
E1,q2_x3_resunet_cas-single_seed777,cas-single,single-stream,777,1120,na,lombok,Lombok238,0.5,1907,14470,0,7,85.31405673779838,0.0,0.0
E1,q2_x3_resunet_cas-single_seed777,cas-single,single-stream,777,1120,na,lombok,Lombok239,0.5,2278,5878,3181,5047,48.83646178829912,0.11151474191064409,0.18942904802479416
E1,q2_x3_resunet_cas-single_seed777,cas-single,single-stream,777,1120,na,lombok,Lombok240,0.5,301,225,6317,9541,108.66554135519587,0.04671534826316488,0.08883946982377876
E1,q2_x3_resunet_cas-single_seed777,cas-single,single-stream,777,1120,na,lombok,Lombok241,0.5,1168,3136,3101,8979,38.01315561749642,0.1331643779097518,0.23138510808611348
E1,q2_x3_resunet_cas-single_seed777,cas-single,single-stream,777,1120,na,lombok,Lombok242,0.5,496,3307,1369,11212,35.01142624001856,0.2049869389689081,0.3390665285169241
E1,q2_x3_resunet_cas-single_seed777,cas-single,single-stream,777,1120,na,lombok,Lombok243,0.5,264,5282,577,10261,28.30723787266985,0.12970405553476455,0.23096686950593587
E1,q2_x3_resunet_cas-single_seed777,cas-single,single-stream,777,1120,na,lombok,Lombok244,0.5,89,5140,151,11004,40.116619446287544,0.033898305084288254,0.08221332570728149
E1,q2_x3_resunet_cas-single_seed777,cas-single,single-stream,777,1120,na,lombok,Lombok245,0.5,0,2728,37,13619,52.84309872837993,0.009569377990139238,0.0382775119614311
E1,q2_x3_resunet_cas-single_seed777,cas-single,single-stream,777,1120,na,lombok,Lombok246,0.5,0,798,528,15058,71.01006535025712,0.0,0.0
E1,q2_x3_resunet_cas-single_seed777,cas-single,single-stream,777,1120,na,lombok,Lombok247,0.5,725,1528,402,13729,31.741067023527005,0.2457328469061309,0.4094353984639052
E1,q2_x3_resunet_cas-single_seed777,cas-single,single-stream,777,1120,na,lombok,Lombok248,0.5,0,555,1172,14657,55.54277630799526,0.0,0.0
E1,q2_x3_resunet_cas-single_seed777,cas-single,single-stream,777,1120,na,lombok,Lombok249,0.5,18,449,734,15183,53.76987541594893,0.04391549035851233,0.07913266122550167
E1,q2_x3_resunet_cas-single_seed777,cas-single,single-stream,777,1120,na,lombok,Lombok250,0.5,15,437,620,15312,59.413803110051795,0.043111894963473105,0.07061356297069023
E1,q2_x3_resunet_cas-single_seed777,cas-single,single-stream,777,1120,na,lombok,Lombok251,0.5,0,0,33,16351,181.01933598375618,0.0,0.0
E1,q2_x3_resunet_cas-single_seed777,cas-single,single-stream,777,1120,na,lombok,Lombok252,0.5,0,0,62,16322,181.01933598375618,0.0,0.0
E1,q2_x3_resunet_cas-single_seed777,cas-single,single-stream,777,1120,na,lombok,Lombok253,0.5,0,14,30,16340,79.73794203209735,0.0,0.0
E1,q2_x3_resunet_cas-single_seed777,cas-single,single-stream,777,1120,na,lombok,Lombok254,0.5,0,372,99,15913,68.99627860673515,0.0,0.0
E1,q2_x3_resunet_cas-single_seed777,cas-single,single-stream,777,1120,na,lombok,Lombok255,0.5,8,344,236,15796,57.97368745775574,0.08443908323241624,0.16904209479572121
E1,q2_x3_resunet_cas-single_seed777,cas-single,single-stream,777,1120,na,lombok,Lombok256,0.5,0,0,147,16237,181.01933598375618,0.0,0.0
E1,q2_x3_resunet_cas-single_seed777,cas-single,single-stream,777,1120,na,lombok,Lombok260,0.5,29,1799,388,14168,62.20827538148765,0.055751719010849216,0.0739447940104521
E1,q2_x3_resunet_cas-single_seed777,cas-single,single-stream,777,1120,na,lombok,Lombok261,0.5,2679,2223,399,11083,48.34767825349064,0.3347790075517596,0.4422123460485144
E1,q2_x3_resunet_cas-single_seed777,cas-single,single-stream,777,1120,na,lombok,Lombok262,0.5,2217,2608,616,10943,24.215628620155083,0.24118338751547125,0.3624542654834676
E1,q2_x3_resunet_cas-single_seed777,cas-single,single-stream,777,1120,na,lombok,Lombok263,0.5,66,4388,0,11930,143.42152636858333,0.0,0.0
E1,q2_x3_resunet_cas-single_seed777,cas-single,single-stream,777,1120,na,lombok,Lombok264,0.5,81,11289,0,5014,86.58752214567288,0.0,0.0
E1,q2_x3_resunet_cas-single_seed777,cas-single,single-stream,777,1120,na,lombok,Lombok265,0.5,109,15893,0,382,69.33390740611199,0.0,0.0
E1,q2_x3_resunet_cas-single_seed777,cas-single,single-stream,777,1120,na,lombok,Lombok266,0.5,864,15482,1,37,58.1196975053741,0.02727272727230367,0.035502958579403096
E1,q2_x3_resunet_cas-single_seed777,cas-single,single-stream,777,1120,na,lombok,Lombok267,0.5,1496,7595,4657,2636,48.0,0.0904892733965027,0.14587633121399662
E1,q2_x3_resunet_cas-single_seed777,cas-single,single-stream,777,1120,na,lombok,Lombok268,0.5,1104,850,8813,5617,38.478564935209704,0.12413292855175032,0.20789156144666865
E1,q2_x3_resunet_cas-single_seed777,cas-single,single-stream,777,1120,na,lombok,Lombok269,0.5,1328,753,4421,9882,74.95598689581227,0.14289229667883602,0.2608155006157878
E1,q2_x3_resunet_cas-single_seed777,cas-single,single-stream,777,1120,na,lombok,Lombok270,0.5,1469,3818,1087,10010,26.248809496813376,0.25016430652143073,0.4059697352601191
E1,q2_x3_resunet_cas-single_seed777,cas-single,single-stream,777,1120,na,lombok,Lombok271,0.5,466,3770,1164,10984,35.22782990761707,0.1907841640904206,0.2938197142097665
E1,q2_x3_resunet_cas-single_seed777,cas-single,single-stream,777,1120,na,lombok,Lombok272,0.5,44,2349,256,13735,48.66168297681721,0.038982133188463025,0.0726707471091924
E1,q2_x3_resunet_cas-single_seed777,cas-single,single-stream,777,1120,na,lombok,Lombok273,0.5,24,3850,249,12261,39.104918495435484,0.043541364295593334,0.08683394417770617
E1,q2_x3_resunet_cas-single_seed777,cas-single,single-stream,777,1120,na,lombok,Lombok274,0.5,21,2054,190,14119,63.49004627443276,0.09452635831109689,0.1333333333329708
E1,q2_x3_resunet_cas-single_seed777,cas-single,single-stream,777,1120,na,lombok,Lombok275,0.5,0,1423,16,14945,101.9254423134321,0.0,0.0
E1,q2_x3_resunet_cas-single_seed777,cas-single,single-stream,777,1120,na,lombok,Lombok276,0.5,0,4027,294,12063,79.66608985712037,0.0,0.0
E1,q2_x3_resunet_cas-single_seed777,cas-single,single-stream,777,1120,na,lombok,Lombok277,0.5,0,2401,379,13604,40.0,0.0,0.0
E1,q2_x3_resunet_cas-single_seed777,cas-single,single-stream,777,1120,na,lombok,Lombok278,0.5,74,1077,139,15094,57.34831135031181,0.16608391608350312,0.260496005944176
E1,q2_x3_resunet_cas-single_seed777,cas-single,single-stream,777,1120,na,lombok,Lombok279,0.5,35,279,136,15934,54.93625810313205,0.12592592592545582,0.2608089260804343
E1,q2_x3_resunet_cas-single_seed777,cas-single,single-stream,777,1120,na,lombok,Lombok280,0.5,0,245,144,15995,52.49761899362675,0.0,0.0
E1,q2_x3_resunet_cas-single_seed777,cas-single,single-stream,777,1120,na,lombok,Lombok281,0.5,0,0,17,16367,181.01933598375618,0.0,0.0
E1,q2_x3_resunet_cas-single_seed777,cas-single,single-stream,777,1120,na,lombok,Lombok282,0.5,0,0,23,16361,181.01933598375618,0.0,0.0
E1,q2_x3_resunet_cas-single_seed777,cas-single,single-stream,777,1120,na,lombok,Lombok283,0.5,0,0,63,16321,181.01933598375618,0.0,0.0
E1,q2_x3_resunet_cas-single_seed777,cas-single,single-stream,777,1120,na,lombok,Lombok284,0.5,0,19,196,16169,66.25270879918267,0.0,0.0
E1,q2_x3_resunet_cas-single_seed777,cas-single,single-stream,777,1120,na,lombok,Lombok285,0.5,0,1,157,16226,72.59956202874436,0.09815950920236065,0.23863636363615348
E1,q2_x3_resunet_cas-single_seed777,cas-single,single-stream,777,1120,na,lombok,Lombok286,0.5,0,68,51,16265,54.542418879973994,0.0,0.0
E1,q2_x3_resunet_cas-single_seed777,cas-single,single-stream,777,1120,na,lombok,Lombok287,0.5,0,0,60,16324,181.01933598375618,0.0,0.0
E1,q2_x3_resunet_cas-single_seed777,cas-single,single-stream,777,1120,na,lombok,Lombok288,0.5,0,185,33,16166,124.58285998504756,0.0,0.0
E1,q2_x3_resunet_cas-single_seed777,cas-single,single-stream,777,1120,na,lombok,Lombok290,0.5,23,6622,344,9395,73.57333485095366,0.04835078790203878,0.09770660876600892
E1,q2_x3_resunet_cas-single_seed777,cas-single,single-stream,777,1120,na,lombok,Lombok291,0.5,1736,9529,296,4823,41.01950494776532,0.13335417584407613,0.21850779717954974
E1,q2_x3_resunet_cas-single_seed777,cas-single,single-stream,777,1120,na,lombok,Lombok292,0.5,1619,3371,348,11046,31.432081651671744,0.20554716869382794,0.30080818227429457
E1,q2_x3_resunet_cas-single_seed777,cas-single,single-stream,777,1120,na,lombok,Lombok293,0.5,0,2093,258,14033,80.52328759892086,0.00404858299545145,0.026917900403326478
E1,q2_x3_resunet_cas-single_seed777,cas-single,single-stream,777,1120,na,lombok,Lombok294,0.5,157,6789,8,9430,74.84381221685094,0.0373554699078035,0.0743639921718647
E1,q2_x3_resunet_cas-single_seed777,cas-single,single-stream,777,1120,na,lombok,Lombok295,0.5,135,12998,11,3240,61.741396161732524,0.048806941431370196,0.08006498027352944
E1,q2_x3_resunet_cas-single_seed777,cas-single,single-stream,777,1120,na,lombok,Lombok296,0.5,683,15518,0,183,78.87645770276644,0.0,0.0
E1,q2_x3_resunet_cas-single_seed777,cas-single,single-stream,777,1120,na,lombok,Lombok297,0.5,1335,8185,4100,2764,50.14927096536805,0.08603654804548702,0.16078574858757186
E1,q2_x3_resunet_cas-single_seed777,cas-single,single-stream,777,1120,na,lombok,Lombok298,0.5,1179,1005,6581,7619,67.60177512462228,0.1060815124490332,0.17183578405784525
E1,q2_x3_resunet_cas-single_seed777,cas-single,single-stream,777,1120,na,lombok,Lombok299,0.5,1257,1103,2402,11622,64.2199997423034,0.11679122079569097,0.21064600288117186
E1,q2_x3_resunet_cas-single_seed777,cas-single,single-stream,777,1120,na,lombok,Lombok300,0.5,136,1883,1862,12503,49.92995093127971,0.09652790779878566,0.15073727150127478
E1,q2_x3_resunet_cas-single_seed777,cas-single,single-stream,777,1120,na,lombok,Lombok301,0.5,221,2504,1229,12430,39.83591148756801,0.053934528673281835,0.10058556617358809
E1,q2_x3_resunet_cas-single_seed777,cas-single,single-stream,777,1120,na,lombok,Lombok302,0.5,6,2900,160,13318,59.45872938888868,0.0,0.0
E1,q2_x3_resunet_cas-single_seed777,cas-single,single-stream,777,1120,na,lombok,Lombok303,0.5,0,3355,254,12775,55.80143341428588,0.006920415224491296,0.016309887869227765
E1,q2_x3_resunet_cas-single_seed777,cas-single,single-stream,777,1120,na,lombok,Lombok304,0.5,90,1429,117,14748,43.05273458483659,0.18392685274260068,0.27906976744145806
E1,q2_x3_resunet_cas-single_seed777,cas-single,single-stream,777,1120,na,lombok,Lombok305,0.5,0,1474,16,14894,98.78257011225277,0.0,0.0
E1,q2_x3_resunet_cas-single_seed777,cas-single,single-stream,777,1120,na,lombok,Lombok306,0.5,0,1684,19,14681,82.95088642897367,0.0,0.0
E1,q2_x3_resunet_cas-single_seed777,cas-single,single-stream,777,1120,na,lombok,Lombok307,0.5,66,3333,108,12877,46.17516671592116,0.09629629629587777,0.14386073432559635
E1,q2_x3_resunet_cas-single_seed777,cas-single,single-stream,777,1120,na,lombok,Lombok308,0.5,71,2565,351,13397,35.71267927428308,0.042717656630910865,0.08016507608928726
E1,q2_x3_resunet_cas-single_seed777,cas-single,single-stream,777,1120,na,lombok,Lombok309,0.5,150,1780,470,13984,49.73854529821134,0.2055501774761055,0.3326023391807932
E1,q2_x3_resunet_cas-single_seed777,cas-single,single-stream,777,1120,na,lombok,Lombok310,0.5,47,49,568,15720,53.890623942845465,0.1181621510249001,0.16323342770655194
E1,q2_x3_resunet_cas-single_seed777,cas-single,single-stream,777,1120,na,lombok,Lombok311,0.5,66,96,501,15721,62.66776026198721,0.18869439537476757,0.26534653465323516
E1,q2_x3_resunet_cas-single_seed777,cas-single,single-stream,777,1120,na,lombok,Lombok313,0.5,0,0,47,16337,181.01933598375618,0.0,0.0
E1,q2_x3_resunet_cas-single_seed777,cas-single,single-stream,777,1120,na,lombok,Lombok314,0.5,0,7,17,16360,147.05232938080354,0.0,0.0
E1,q2_x3_resunet_cas-single_seed777,cas-single,single-stream,777,1120,na,lombok,Lombok315,0.5,21,6190,34,10139,43.18564576337837,0.021276595744266918,0.04784240150044563
E1,q2_x3_resunet_cas-single_seed777,cas-single,single-stream,777,1120,na,lombok,Lombok316,0.5,13,3455,80,12836,54.024794646205734,0.020833333332833825,0.07714521452101261
E1,q2_x3_resunet_cas-single_seed777,cas-single,single-stream,777,1120,na,lombok,Lombok317,0.5,0,0,75,16309,181.01933598375618,0.0,0.0
E1,q2_x3_resunet_cas-single_seed777,cas-single,single-stream,777,1120,na,lombok,Lombok318,0.5,0,0,28,16356,181.01933598375618,0.0,0.0
E1,q2_x3_resunet_cas-single_seed777,cas-single,single-stream,777,1120,na,lombok,Lombok321,0.5,253,3869,127,12135,88.5459982817165,0.10004610419504045,0.16307885570674346
E1,q2_x3_resunet_cas-single_seed777,cas-single,single-stream,777,1120,na,lombok,Lombok322,0.5,12,2087,511,13774,65.01922690206823,0.028980734397714928,0.07114267269163511
E1,q2_x3_resunet_cas-single_seed777,cas-single,single-stream,777,1120,na,lombok,Lombok323,0.5,23,3307,169,12885,52.219192586019275,0.0,0.013986013985521054
E1,q2_x3_resunet_cas-single_seed777,cas-single,single-stream,777,1120,na,lombok,Lombok324,0.5,56,2889,103,13336,34.59353407263649,0.17223382045890148,0.3160718345074699
E1,q2_x3_resunet_cas-single_seed777,cas-single,single-stream,777,1120,na,lombok,Lombok325,0.5,62,8763,94,7465,48.03224404184442,0.024729520865050144,0.08469639256057787
E1,q2_x3_resunet_cas-single_seed777,cas-single,single-stream,777,1120,na,lombok,Lombok326,0.5,197,13189,17,2981,55.612112063605814,0.0,0.02296650717670893
E1,q2_x3_resunet_cas-single_seed777,cas-single,single-stream,777,1120,na,lombok,Lombok327,0.5,250,6985,1467,7682,51.48557292037256,0.08877679697311008,0.19695455347126928
E1,q2_x3_resunet_cas-single_seed777,cas-single,single-stream,777,1120,na,lombok,Lombok328,0.5,25,511,2335,13513,77.30134839296967,0.03128491620092056,0.08173856633132119
E1,q2_x3_resunet_cas-single_seed777,cas-single,single-stream,777,1120,na,lombok,Lombok329,0.5,181,2072,1101,13030,56.60918512859246,0.1175707142034741,0.21533194616657833
E1,q2_x3_resunet_cas-single_seed777,cas-single,single-stream,777,1120,na,lombok,Lombok330,0.5,428,2712,568,12676,32.89376840679705,0.1517666044792558,0.24972025872608106
E1,q2_x3_resunet_cas-single_seed777,cas-single,single-stream,777,1120,na,lombok,Lombok331,0.5,444,845,206,14889,42.6848096534739,0.11968306922386972,0.3850724099512645
E1,q2_x3_resunet_cas-single_seed777,cas-single,single-stream,777,1120,na,lombok,Lombok332,0.5,0,2458,97,13829,62.39229109589121,0.0,0.0
E1,q2_x3_resunet_cas-single_seed777,cas-single,single-stream,777,1120,na,lombok,Lombok333,0.5,0,2730,14,13640,88.92385466005547,0.0,0.0
E1,q2_x3_resunet_cas-single_seed777,cas-single,single-stream,777,1120,na,lombok,Lombok334,0.5,28,1061,75,15220,42.763759867881475,0.1214057507982333,0.17983651226110017
E1,q2_x3_resunet_cas-single_seed777,cas-single,single-stream,777,1120,na,lombok,Lombok335,0.5,0,2820,98,13466,50.887536562104714,0.020250723239880752,0.037656903765374415
E1,q2_x3_resunet_cas-single_seed777,cas-single,single-stream,777,1120,na,lombok,Lombok336,0.5,94,3712,41,12537,49.68500450032555,0.22879267863397318,0.33883947479846827
E1,q2_x3_resunet_cas-single_seed777,cas-single,single-stream,777,1120,na,lombok,Lombok337,0.5,53,1454,308,14569,38.542140470512635,0.1331660146152893,0.25741924272507166
E1,q2_x3_resunet_cas-single_seed777,cas-single,single-stream,777,1120,na,lombok,Lombok338,0.5,268,740,337,15039,26.86536863698374,0.27834596424055,0.46577275935024764
E1,q2_x3_resunet_cas-single_seed777,cas-single,single-stream,777,1120,na,lombok,Lombok339,0.5,332,463,542,15047,41.647247224842836,0.32505292439186984,0.532066508313126
E1,q2_x3_resunet_cas-single_seed777,cas-single,single-stream,777,1120,na,lombok,Lombok340,0.5,341,331,483,15229,39.82273194917611,0.3783137497419187,0.5769815832851545
E1,q2_x3_resunet_cas-single_seed777,cas-single,single-stream,777,1120,na,lombok,Lombok342,0.5,0,0,159,16225,181.01933598375618,0.0,0.0
E1,q2_x3_resunet_cas-single_seed777,cas-single,single-stream,777,1120,na,lombok,Lombok343,0.5,0,21,119,16244,112.9012319094355,0.0,0.0
E1,q2_x3_resunet_cas-single_seed777,cas-single,single-stream,777,1120,na,lombok,Lombok344,0.5,0,22,31,16331,72.75691292370423,0.0,0.0
E1,q2_x3_resunet_cas-single_seed777,cas-single,single-stream,777,1120,na,lombok,Lombok345,0.5,0,0,18,16366,181.01933598375618,0.0,0.0
E1,q2_x3_resunet_cas-single_seed777,cas-single,single-stream,777,1120,na,lombok,Lombok346,0.5,0,0,56,16328,181.01933598375618,0.0,0.0
E1,q2_x3_resunet_cas-single_seed777,cas-single,single-stream,777,1120,na,lombok,Lombok347,0.5,9,2502,145,13728,48.678443550544245,0.029520295202460373,0.0660377358486549
E1,q2_x3_resunet_cas-single_seed777,cas-single,single-stream,777,1120,na,lombok,Lombok348,0.5,29,231,197,15927,63.33772591074348,0.2188239270019184,0.4060566285388232
E1,q2_x3_resunet_cas-single_seed777,cas-single,single-stream,777,1120,na,lombok,Lombok349,0.5,0,0,164,16220,181.01933598375618,0.0,0.0
E1,q2_x3_resunet_cas-single_seed777,cas-single,single-stream,777,1120,na,lombok,Lombok352,0.5,0,0,19,16365,181.01933598375618,0.0,0.0
E1,q2_x3_resunet_cas-single_seed777,cas-single,single-stream,777,1120,na,lombok,Lombok354,0.5,75,591,26,15692,97.289134114799,0.23283928127806,0.42091836734648963
E1,q2_x3_resunet_cas-single_seed777,cas-single,single-stream,777,1120,na,lombok,Lombok355,0.5,72,670,124,15518,36.3469203192548,0.20717839374511599,0.313950705910054
E1,q2_x3_resunet_cas-single_seed777,cas-single,single-stream,777,1120,na,lombok,Lombok356,0.5,13,443,186,15742,31.024990469058974,0.13257575757527504,0.20339817778828886
E1,q2_x3_resunet_cas-single_seed777,cas-single,single-stream,777,1120,na,lombok,Lombok357,0.5,7,982,85,15310,95.09014097150761,0.08196721311428849,0.12514156285341607
E1,q2_x3_resunet_cas-single_seed777,cas-single,single-stream,777,1120,na,lombok,Lombok358,0.5,0,3065,93,13226,91.58853801189801,0.0,0.0
E1,q2_x3_resunet_cas-single_seed777,cas-single,single-stream,777,1120,na,lombok,Lombok359,0.5,5,1887,176,14316,73.61116023852223,0.06249999999950195,0.08275862068917003
E1,q2_x3_resunet_cas-single_seed777,cas-single,single-stream,777,1120,na,lombok,Lombok360,0.5,0,1913,198,14273,93.79326743650108,0.0,0.005333333332833763
E1,q2_x3_resunet_cas-single_seed777,cas-single,single-stream,777,1120,na,lombok,Lombok361,0.5,78,3395,206,12705,99.80892799987448,0.006444683136028756,0.006444683136028756
E1,q2_x3_resunet_cas-single_seed777,cas-single,single-stream,777,1120,na,lombok,Lombok362,0.5,10,2320,231,13823,95.92538992056325,0.12514723203725958,0.17943846316189516
E1,q2_x3_resunet_cas-single_seed777,cas-single,single-stream,777,1120,na,lombok,Lombok363,0.5,1,2360,134,13889,48.46972704151619,0.026768642447056974,0.04496186270542173
E1,q2_x3_resunet_cas-single_seed777,cas-single,single-stream,777,1120,na,lombok,Lombok364,0.5,21,2646,357,13360,47.69048056746416,0.056518946691881934,0.10217417131947103
E1,q2_x3_resunet_cas-single_seed777,cas-single,single-stream,777,1120,na,lombok,Lombok365,0.5,123,2853,423,12985,37.523318975680844,0.09110000724115419,0.22728590479453764
E1,q2_x3_resunet_cas-single_seed777,cas-single,single-stream,777,1120,na,lombok,Lombok366,0.5,16,1102,233,15033,55.5742711699244,0.03773584905610682,0.0644490644486062
E1,q2_x3_resunet_cas-single_seed777,cas-single,single-stream,777,1120,na,lombok,Lombok367,0.5,0,1048,21,15315,49.01020301937138,0.0,0.0
E1,q2_x3_resunet_cas-single_seed777,cas-single,single-stream,777,1120,na,lombok,Lombok368,0.5,0,211,18,16155,53.41550741122335,0.0,0.0
E1,q2_x3_resunet_cas-single_seed777,cas-single,single-stream,777,1120,na,lombok,Lombok369,0.5,0,1715,62,14607,47.486826262038484,0.0,0.0
E1,q2_x3_resunet_cas-single_seed777,cas-single,single-stream,777,1120,na,lombok,Lombok370,0.5,57,1263,99,14965,35.510561809129406,0.07313642756632868,0.25081907535443704
E1,q2_x3_resunet_cas-single_seed777,cas-single,single-stream,777,1120,na,lombok,Lombok371,0.5,0,909,141,15334,58.7267989593525,0.0,0.006993006992511125
E1,q2_x3_resunet_cas-single_seed777,cas-single,single-stream,777,1120,na,lombok,Lombok372,0.5,0,416,65,15903,74.42445743552346,0.0,0.0
E1,q2_x3_resunet_cas-single_seed777,cas-single,single-stream,777,1120,na,lombok,Lombok373,0.5,0,163,73,16148,82.1188121238264,0.0,0.0
E1,q2_x3_resunet_cas-single_seed777,cas-single,single-stream,777,1120,na,lombok,Lombok374,0.5,0,0,72,16312,181.01933598375618,0.0,0.0
E1,q2_x3_resunet_cas-single_seed777,cas-single,single-stream,777,1120,na,lombok,Lombok375,0.5,0,0,272,16112,181.01933598375618,0.0,0.0
E1,q2_x3_resunet_cas-single_seed777,cas-single,single-stream,777,1120,na,lombok,Lombok376,0.5,0,0,270,16114,181.01933598375618,0.0,0.0
E1,q2_x3_resunet_cas-single_seed777,cas-single,single-stream,777,1120,na,lombok,Lombok377,0.5,0,0,295,16089,181.01933598375618,0.0,0.0
E1,q2_x3_resunet_cas-single_seed777,cas-single,single-stream,777,1120,na,lombok,Lombok378,0.5,0,1,309,16074,137.65824117263597,0.0,0.0
E1,q2_x3_resunet_cas-single_seed777,cas-single,single-stream,777,1120,na,lombok,Lombok379,0.5,0,345,42,15997,65.36818798161687,0.0,0.0
E1,q2_x3_resunet_cas-single_seed777,cas-single,single-stream,777,1120,na,lombok,Lombok380,0.5,0,0,20,16364,181.01933598375618,0.0,0.0
E1,q2_x3_resunet_cas-single_seed777,cas-single,single-stream,777,1120,na,lombok,Lombok381,0.5,0,0,83,16301,181.01933598375618,0.0,0.0
E1,q2_x3_resunet_cas-single_seed777,cas-single,single-stream,777,1120,na,lombok,Lombok382,0.5,61,4342,163,11818,39.372433729381775,0.03039373704763182,0.08207604103752345
E1,q2_x3_resunet_cas-single_seed777,cas-single,single-stream,777,1120,na,lombok,Lombok383,0.5,49,684,250,15401,67.60732140616342,0.1810344827581275,0.22122905027882964
E1,q2_x3_resunet_cas-single_seed777,cas-single,single-stream,777,1120,na,lombok,Lombok384,0.5,10,55,236,16083,57.23984169460683,0.11216494845335082,0.145922746780799
E1,q2_x3_resunet_cas-single_seed777,cas-single,single-stream,777,1120,na,lombok,Lombok385,0.5,0,0,103,16281,181.01933598375618,0.0,0.0
E1,q2_x3_resunet_cas-single_seed777,cas-single,single-stream,777,1120,na,lombok,Lombok386,0.5,0,5,16,16363,60.789969646621685,0.0,0.0
E1,q2_x3_resunet_cas-single_seed777,cas-single,single-stream,777,1120,na,lombok,Lombok387,0.5,0,232,19,16133,65.75452938540322,0.0,0.0
E1,q2_x3_resunet_cas-single_seed777,cas-single,single-stream,777,1120,na,lombok,Lombok388,0.5,60,199,27,16098,37.060492904777405,0.5546415981194059,0.6462900505897458
E1,q2_x3_resunet_cas-single_seed777,cas-single,single-stream,777,1120,na,lombok,Lombok389,0.5,53,484,128,15719,88.10511347129048,0.25590757920484164,0.40802448146839304
E1,q2_x3_resunet_cas-single_seed777,cas-single,single-stream,777,1120,na,lombok,Lombok390,0.5,78,2897,100,13309,83.49067466341609,0.1798433420360893,0.3076725796105404
E1,q2_x3_resunet_cas-single_seed777,cas-single,single-stream,777,1120,na,lombok,Lombok391,0.5,50,2076,88,14170,76.82539119444716,0.1459880901217165,0.24104640298924973
E1,q2_x3_resunet_cas-single_seed777,cas-single,single-stream,777,1120,na,lombok,Lombok392,0.5,25,1320,189,14850,68.08376279018252,0.14006004438015598,0.23417344711204122
E1,q2_x3_resunet_cas-single_seed777,cas-single,single-stream,777,1120,na,lombok,Lombok393,0.5,13,485,287,15599,73.21026361164834,0.08761255779952443,0.1474106545801395
E1,q2_x3_resunet_cas-single_seed777,cas-single,single-stream,777,1120,na,lombok,Lombok394,0.5,0,0,398,15986,181.01933598375618,0.0,0.0
E1,q2_x3_resunet_cas-single_seed777,cas-single,single-stream,777,1120,na,lombok,Lombok395,0.5,0,0,649,15735,181.01933598375618,0.0,0.0
E1,q2_x3_resunet_cas-single_seed777,cas-single,single-stream,777,1120,na,lombok,Lombok396,0.5,0,0,423,15961,181.01933598375618,0.0,0.0
E1,q2_x3_resunet_cas-single_seed777,cas-single,single-stream,777,1120,na,lombok,Lombok397,0.5,10,2707,29,13638,49.47927520807516,0.0,0.03094777562844576
E1,q2_x3_resunet_cas-single_seed777,cas-single,single-stream,777,1120,na,lombok,Lombok398,0.5,0,1599,19,14766,51.97114584074513,0.0,0.0
E1,q2_x3_resunet_cas-single_seed777,cas-single,single-stream,777,1120,na,lombok,Lombok399,0.5,26,1120,53,15185,38.70348416724543,0.0337349397587279,0.12110946432318287
E1,q2_x3_resunet_cas-single_seed777,cas-single,single-stream,777,1120,na,lombok,Lombok400,0.5,0,1225,68,15091,49.105132494385074,0.013722126929176336,0.02216943784602626
E1,q2_x3_resunet_cas-single_seed777,cas-single,single-stream,777,1120,na,lombok,Lombok401,0.5,0,0,21,16363,181.01933598375618,0.0,0.0
E1,q2_x3_resunet_cas-single_seed777,cas-single,single-stream,777,1120,na,lombok,Lombok402,0.5,0,0,18,16366,181.01933598375618,0.0,0.0
E1,q2_x3_resunet_cas-single_seed777,cas-single,single-stream,777,1120,na,lombok,Lombok403,0.5,0,0,75,16309,181.01933598375618,0.0,0.0
E1,q2_x3_resunet_cas-single_seed777,cas-single,single-stream,777,1120,na,lombok,Lombok404,0.5,0,45,90,16249,65.2302934351732,0.0,0.0
E1,q2_x3_resunet_cas-single_seed777,cas-single,single-stream,777,1120,na,lombok,Lombok405,0.5,0,106,62,16216,63.37487604252106,0.0,0.0
E1,q2_x3_resunet_cas-single_seed777,cas-single,single-stream,777,1120,na,lombok,Lombok406,0.5,0,0,65,16319,181.01933598375618,0.0,0.0
E1,q2_x3_resunet_cas-single_seed777,cas-single,single-stream,777,1120,na,lombok,Lombok407,0.5,0,0,106,16278,181.01933598375618,0.0,0.0
E1,q2_x3_resunet_cas-single_seed777,cas-single,single-stream,777,1120,na,lombok,Lombok408,0.5,31,57,121,16175,65.81824948860569,0.3818424566083957,0.6086956521734895
E1,q2_x3_resunet_cas-single_seed777,cas-single,single-stream,777,1120,na,lombok,Lombok409,0.5,0,0,67,16317,181.01933598375618,0.0,0.0
E1,q2_x3_resunet_cas-single_seed777,cas-single,single-stream,777,1120,na,lombok,Lombok410,0.5,0,0,38,16346,181.01933598375618,0.0,0.0
E1,q2_x3_resunet_cas-single_seed777,cas-single,single-stream,777,1120,na,lombok,Lombok411,0.5,0,43,194,16147,68.96713403011518,0.0,0.0
E1,q2_x3_resunet_cas-single_seed777,cas-single,single-stream,777,1120,na,lombok,Lombok412,0.5,0,52,212,16120,93.30058949438637,0.0,0.0
E1,q2_x3_resunet_cas-single_seed777,cas-single,single-stream,777,1120,na,lombok,Lombok413,0.5,0,6,25,16353,77.40542405258586,0.0,0.0
E1,q2_x3_resunet_cas-single_seed777,cas-single,single-stream,777,1120,na,lombok,Lombok414,0.5,0,0,19,16365,181.01933598375618,0.0,0.0
E1,q2_x3_resunet_cas-single_seed777,cas-single,single-stream,777,1120,na,lombok,Lombok415,0.5,9,1671,85,14619,48.3027165912389,0.024793388429265727,0.13323464100619362
E1,q2_x3_resunet_cas-single_seed777,cas-single,single-stream,777,1120,na,lombok,Lombok416,0.5,65,4312,131,11876,32.653188314052755,0.09526367624625456,0.15753460987592255
E1,q2_x3_resunet_cas-single_seed777,cas-single,single-stream,777,1120,na,lombok,Lombok417,0.5,36,1324,122,14902,57.83765846463834,0.2613981762912944,0.35538968166799634
E1,q2_x3_resunet_cas-single_seed777,cas-single,single-stream,777,1120,na,lombok,Lombok418,0.5,31,1569,63,14721,36.39319813856893,0.10516431924837172,0.21612265084025967
E1,q2_x3_resunet_cas-single_seed777,cas-single,single-stream,777,1120,na,lombok,Lombok419,0.5,0,0,57,16327,181.01933598375618,0.0,0.0
E1,q2_x3_resunet_cas-single_seed777,cas-single,single-stream,777,1120,na,lombok,Lombok420,0.5,0,1094,19,15271,51.9217796191711,0.030241935483697777,0.07950028392932898
E1,q2_x3_resunet_cas-single_seed777,cas-single,single-stream,777,1120,na,lombok,Lombok421,0.5,0,4,37,16343,57.043840095381704,0.23809523809502836,0.2790697674416203
E1,q2_x3_resunet_cas-single_seed777,cas-single,single-stream,777,1120,na,lombok,Lombok422,0.5,0,0,59,16325,181.01933598375618,0.0,0.0
E1,q2_x3_resunet_cas-single_seed777,cas-single,single-stream,777,1120,na,lombok,Lombok423,0.5,3,0,181,16200,69.32892417302509,0.09782608695642869,0.13829787234029678
E1,q2_x3_resunet_cas-single_seed777,cas-single,single-stream,777,1120,na,lombok,Lombok424,0.5,38,667,205,15474,119.0671704024488,0.058876003567754825,0.10434782608648831
E1,q2_x3_resunet_cas-single_seed777,cas-single,single-stream,777,1120,na,lombok,Lombok425,0.5,94,606,241,15443,72.12453788659863,0.2526782415953729,0.41601431447054743
E1,q2_x3_resunet_cas-single_seed777,cas-single,single-stream,777,1120,na,lombok,Lombok426,0.5,17,163,505,15699,124.00601511880045,0.11686143572599067,0.16922263352703273
E1,q2_x3_resunet_cas-single_seed777,cas-single,single-stream,777,1120,na,lombok,Lombok427,0.5,95,320,487,15482,52.51093604104038,0.2768329584617507,0.36633309506755457
E1,q2_x3_resunet_cas-single_seed777,cas-single,single-stream,777,1120,na,lombok,Lombok428,0.5,17,97,578,15692,111.50780345757492,0.07394957983180156,0.12076484401194207
E1,q2_x3_resunet_cas-single_seed777,cas-single,single-stream,777,1120,na,lombok,Lombok429,0.5,0,0,389,15995,181.01933598375618,0.0,0.0
E1,q2_x3_resunet_cas-single_seed777,cas-single,single-stream,777,1120,na,lombok,Lombok430,0.5,0,95,78,16211,56.160844645241006,0.0,0.0
E1,q2_x3_resunet_cas-single_seed777,cas-single,single-stream,777,1120,na,lombok,Lombok431,0.5,0,0,27,16357,181.01933598375618,0.0,0.0
E1,q2_x3_resunet_cas-single_seed777,cas-single,single-stream,777,1120,na,lombok,Lombok432,0.5,21,524,6,15833,30.622565581130857,0.19565217391286696,0.24338624338602963
E1,q2_x3_resunet_cas-single_seed777,cas-single,single-stream,777,1120,na,lombok,Lombok433,0.5,0,643,40,15701,106.06601717798213,0.0,0.0
E1,q2_x3_resunet_cas-single_seed777,cas-single,single-stream,777,1120,na,lombok,Lombok434,0.5,0,0,94,16290,181.01933598375618,0.0,0.0
E1,q2_x3_resunet_cas-single_seed777,cas-single,single-stream,777,1120,na,lombok,Lombok435,0.5,0,138,54,16192,74.58463101047974,0.0,0.0
E1,q2_x3_resunet_cas-single_seed777,cas-single,single-stream,777,1120,na,lombok,Lombok436,0.5,0,916,25,15443,96.24317755191886,0.0,0.0
E1,q2_x3_resunet_cas-single_seed777,cas-single,single-stream,777,1120,na,lombok,Lombok437,0.5,0,0,36,16348,181.01933598375618,0.0,0.0
E1,q2_x3_resunet_cas-single_seed777,cas-single,single-stream,777,1120,na,lombok,Lombok438,0.5,0,1008,43,15333,60.6159675556612,0.0,0.0
E1,q2_x3_resunet_cas-single_seed777,cas-single,single-stream,777,1120,na,lombok,Lombok439,0.5,0,1349,20,15015,48.707705561664035,0.0,0.041379310344699174
E1,q2_x3_resunet_cas-single_seed777,cas-single,single-stream,777,1120,na,lombok,Lombok440,0.5,0,55,25,16304,42.156753298340846,0.0,0.0
E1,q2_x3_resunet_cas-single_seed777,cas-single,single-stream,777,1120,na,lombok,Lombok441,0.5,0,2575,34,13775,53.40223090373013,0.024096385541842937,0.0431654676254347
E1,q2_x3_resunet_cas-single_seed777,cas-single,single-stream,777,1120,na,lombok,Lombok442,0.5,10,3378,45,12951,45.931060171268065,0.027649769584782165,0.04150039904180846
E1,q2_x3_resunet_cas-single_seed777,cas-single,single-stream,777,1120,na,lombok,Lombok443,0.5,16,3405,73,12890,43.66009080825933,0.03775280898836084,0.10486891385723346
E1,q2_x3_resunet_cas-single_seed777,cas-single,single-stream,777,1120,na,lombok,Lombok444,0.5,8,3538,55,12783,48.170121482741784,0.049745618993305235,0.09378663540398903
E1,q2_x3_resunet_cas-single_seed777,cas-single,single-stream,777,1120,na,lombok,Lombok445,0.5,0,2592,17,13775,81.28714222662423,0.0,0.0
E1,q2_x3_resunet_cas-single_seed777,cas-single,single-stream,777,1120,na,lombok,Lombok446,0.5,0,362,35,15987,64.35465416208223,0.0,0.0
E1,q2_x3_resunet_cas-single_seed777,cas-single,single-stream,777,1120,na,lombok,Lombok447,0.5,0,251,23,16110,64.9835016995246,0.0,0.0
E1,q2_x3_resunet_cas-single_seed777,cas-single,single-stream,777,1120,na,lombok,Lombok448,0.5,0,0,213,16171,181.01933598375618,0.0,0.0
E1,q2_x3_resunet_cas-single_seed777,cas-single,single-stream,777,1120,na,lombok,Lombok449,0.5,158,641,217,15368,47.26229356921698,0.25049701789223044,0.45429277762992065
E1,q2_x3_resunet_cas-single_seed777,cas-single,single-stream,777,1120,na,lombok,Lombok450,0.5,48,160,202,15974,60.68495064596021,0.32620398661381367,0.3888462522379273
E1,q2_x3_resunet_cas-single_seed777,cas-single,single-stream,777,1120,na,lombok,Lombok451,0.5,30,172,263,15919,110.37959373417853,0.18518518518474708,0.21590909090862076
E1,q2_x3_resunet_cas-single_seed777,cas-single,single-stream,777,1120,na,lombok,Lombok452,0.5,118,305,420,15541,78.4173896393554,0.30944407233713606,0.46405601237437855
E1,q2_x3_resunet_cas-single_seed777,cas-single,single-stream,777,1120,na,lombok,Lombok453,0.5,138,622,411,15213,99.72289708292088,0.24838916812399064,0.320470099250763
E1,q2_x3_resunet_cas-single_seed777,cas-single,single-stream,777,1120,na,lombok,Lombok454,0.5,0,2,359,16023,113.13037899352024,0.0,0.0
E1,q2_x3_resunet_cas-single_seed777,cas-single,single-stream,777,1120,na,lombok,Lombok455,0.5,0,0,209,16175,181.01933598375618,0.0,0.0
E1,q2_x3_resunet_cas-single_seed777,cas-single,single-stream,777,1120,na,lombok,Lombok456,0.5,5,774,68,15537,48.09573677820776,0.10733452593871073,0.14176663031577927
E1,q2_x3_resunet_cas-single_seed777,cas-single,single-stream,777,1120,na,lombok,Lombok457,0.5,0,21,26,16337,105.22123181091203,0.0,0.0
E1,q2_x3_resunet_cas-single_seed777,cas-single,single-stream,777,1120,na,lombok,Lombok458,0.5,0,364,31,15989,60.340571350311144,0.0,0.0
E1,q2_x3_resunet_cas-single_seed777,cas-single,single-stream,777,1120,na,lombok,Lombok459,0.5,0,733,16,15635,78.00160249825639,0.0,0.0
E1,q2_x3_resunet_cas-single_seed777,cas-single,single-stream,777,1120,na,lombok,Lombok460,0.5,0,1185,20,15179,54.481187434690476,0.0,0.0
E1,q2_x3_resunet_cas-single_seed777,cas-single,single-stream,777,1120,na,lombok,Lombok461,0.5,1,4909,23,11451,70.00857062708975,0.0,0.0
E1,q2_x3_resunet_cas-single_seed777,cas-single,single-stream,777,1120,na,lombok,Lombok462,0.5,13,4044,5,12322,37.446774255839344,0.006289308175993829,0.07291666666632488
E1,q2_x3_resunet_cas-single_seed777,cas-single,single-stream,777,1120,na,lombok,Lombok463,0.5,0,3,195,16186,73.49604058210869,0.0,0.01058201058197934
E1,q2_x3_resunet_cas-single_seed777,cas-single,single-stream,777,1120,na,lombok,Lombok464,0.5,63,169,201,15951,39.45412162087998,0.3259122865747381,0.4363395225460131
E1,q2_x3_resunet_cas-single_seed777,cas-single,single-stream,777,1120,na,lombok,Lombok465,0.5,0,0,96,16288,181.01933598375618,0.0,0.0
E1,q2_x3_resunet_cas-single_seed777,cas-single,single-stream,777,1120,na,lombok,Lombok466,0.5,0,0,119,16265,181.01933598375618,0.0,0.0
E1,q2_x3_resunet_cas-single_seed777,cas-single,single-stream,777,1120,na,lombok,Lombok467,0.5,0,0,291,16093,181.01933598375618,0.0,0.0
E1,q2_x3_resunet_cas-single_seed777,cas-single,single-stream,777,1120,na,lombok,Lombok468,0.5,95,518,243,15528,65.78595172901264,0.23415610406895476,0.4002911208147421
E1,q2_x3_resunet_cas-single_seed777,cas-single,single-stream,777,1120,na,lombok,Lombok469,0.5,107,296,161,15820,43.142784927205966,0.3481561136057573,0.5534858967531637
E1,q2_x3_resunet_cas-single_seed777,cas-single,single-stream,777,1120,na,lombok,Lombok470,0.5,0,0,121,16263,181.01933598375618,0.0,0.0
E1,q2_x3_resunet_cas-single_seed777,cas-single,single-stream,777,1120,na,lombok,Lombok471,0.5,0,3278,16,13090,53.7968661781576,0.0,0.0
E1,q2_x3_resunet_cas-single_seed777,cas-single,single-stream,777,1120,na,lombok,Lombok472,0.5,0,586,35,15763,51.553205690882564,0.0,0.0
E1,q2_x3_resunet_cas-single_seed777,cas-single,single-stream,777,1120,na,lombok,Lombok473,0.5,14,578,55,15737,60.850107442201484,0.020876826721935225,0.1274900398402461
E1,q2_x3_resunet_cas-single_seed777,cas-single,single-stream,777,1120,na,lombok,Lombok474,0.5,0,717,34,15633,65.28858218753489,0.0,0.0
E1,q2_x3_resunet_cas-single_seed777,cas-single,single-stream,777,1120,na,lombok,Lombok475,0.5,0,632,41,15711,67.20863039818622,0.0,0.0
E1,q2_x3_resunet_cas-single_seed777,cas-single,single-stream,777,1120,na,lombok,Lombok476,0.5,2,265,177,15940,66.08326522542947,0.0,0.030123231401004556
E1,q2_x3_resunet_cas-single_seed777,cas-single,single-stream,777,1120,na,lombok,Lombok477,0.5,23,116,154,16091,71.91786943434313,0.1510983370968308,0.26248836487720306
E1,q2_x3_resunet_cas-single_seed777,cas-single,single-stream,777,1120,na,lombok,Lombok478,0.5,5,10,40,16329,46.78101424026422,0.5333333333329422,0.5806451612899105
E1,q2_x3_resunet_cas-single_seed777,cas-single,single-stream,777,1120,na,lombok,Lombok479,0.5,0,77,51,16256,64.81388030173656,0.0,0.0
E1,q2_x3_resunet_cas-single_seed777,cas-single,single-stream,777,1120,na,lombok,Lombok480,0.5,2,694,59,15629,53.77494766831732,0.03773584905611517,0.0991735537185083
E1,q2_x3_resunet_cas-single_seed777,cas-single,single-stream,777,1120,na,lombok,Lombok481,0.5,0,414,50,15920,80.11037307364501,0.0,0.0
E1,q2_x3_resunet_cas-single_seed777,cas-single,single-stream,777,1120,na,lombok,Lombok483,0.5,16,3695,5,12668,52.56896157311842,0.0,0.0
E1,q2_x3_resunet_cas-single_seed777,cas-single,single-stream,777,1120,na,lombok,Lombok484,0.5,12,365,47,15960,58.42758694073376,0.18547140649108187,0.2654364797724772
E1,q2_x3_resunet_cas-single_seed777,cas-single,single-stream,777,1120,na,lombok,Lombok485,0.5,2,3424,36,12922,55.985706882198414,0.0,0.0
E1,q2_x3_resunet_cas-single_seed777,cas-single,single-stream,777,1120,na,lombok,Lombok486,0.5,8,1253,32,15091,46.997546938372714,0.0789473684208241,0.12287334593542121
E1,q2_x3_resunet_cas-single_seed777,cas-single,single-stream,777,1120,na,lombok,Lombok487,0.5,16,443,44,15881,64.42130867363691,0.0984848484843486,0.28712059064759876
E1,q2_x3_resunet_cas-single_seed777,cas-single,single-stream,777,1120,na,lombok,Lombok488,0.5,0,374,36,15974,69.68981594682884,0.0,0.0
E1,q2_x3_resunet_cas-single_seed777,cas-single,single-stream,777,1120,na,lombok,Lombok489,0.5,0,1476,43,14865,68.05328568800118,0.0,0.0
E1,q2_x3_resunet_cas-single_seed777,cas-single,single-stream,777,1120,na,lombok,Lombok490,0.5,0,30,39,16315,82.18514621603643,0.0,0.0
E1,q2_x3_resunet_cas-single_seed777,cas-single,single-stream,777,1120,na,lombok,Lombok494,0.5,0,1203,43,15138,70.00714249274856,0.0,0.0
E1,q2_x3_resunet_cas-single_seed777,cas-single,single-stream,777,1120,na,lombok,Lombok495,0.5,0,0,39,16345,181.01933598375618,0.0,0.0
E1,q2_x3_resunet_cas-single_seed777,cas-single,single-stream,777,1120,na,palu,Palu0001,0.5,60,1021,218,15085,47.08396636183751,0.09227614490725637,0.191574058715734
E1,q2_x3_resunet_cas-single_seed777,cas-single,single-stream,777,1120,na,palu,Palu0002,0.5,15,1393,166,14810,56.94478692703704,0.0972811174851692,0.15533384497265937
E1,q2_x3_resunet_cas-single_seed777,cas-single,single-stream,777,1120,na,palu,Palu0003,0.5,14,256,521,15593,51.55986532590778,0.09465273509494473,0.09733028222697802
E1,q2_x3_resunet_cas-single_seed777,cas-single,single-stream,777,1120,na,palu,Palu0004,0.5,3,116,373,15892,87.37018012731886,0.04180064308632418,0.0612870275787036
E1,q2_x3_resunet_cas-single_seed777,cas-single,single-stream,777,1120,na,palu,Palu0005,0.5,0,631,106,15647,52.32590180780452,0.0,0.0
E1,q2_x3_resunet_cas-single_seed777,cas-single,single-stream,777,1120,na,palu,Palu0006,0.5,0,0,200,16184,181.01933598375618,0.0,0.0
E1,q2_x3_resunet_cas-single_seed777,cas-single,single-stream,777,1120,na,palu,Palu0007,0.5,79,293,273,15739,56.06914934180005,0.2985219287613125,0.3337913198087649
E1,q2_x3_resunet_cas-single_seed777,cas-single,single-stream,777,1120,na,palu,Palu0008,0.5,10,1232,272,14870,45.39770345206712,0.06244192529225672,0.082707101249221
E1,q2_x3_resunet_cas-single_seed777,cas-single,single-stream,777,1120,na,palu,Palu0009,0.5,0,759,125,15500,57.35184843948331,0.0,0.0
E1,q2_x3_resunet_cas-single_seed777,cas-single,single-stream,777,1120,na,palu,Palu0011,0.5,0,250,34,16100,36.307308509594584,0.0,0.0
E1,q2_x3_resunet_cas-single_seed777,cas-single,single-stream,777,1120,na,palu,Palu0012,0.5,0,416,41,15927,68.99418699858508,0.0,0.0
E1,q2_x3_resunet_cas-single_seed777,cas-single,single-stream,777,1120,na,palu,Palu0013,0.5,2,610,166,15606,63.843506843522846,0.0396694214871414,0.062430323299398224
E1,q2_x3_resunet_cas-single_seed777,cas-single,single-stream,777,1120,na,palu,Palu0014,0.5,0,1210,127,15047,44.87309042661615,0.0,0.0
E1,q2_x3_resunet_cas-single_seed777,cas-single,single-stream,777,1120,na,palu,Palu0015,0.5,0,7,34,16343,143.8034523275686,0.0,0.0
E1,q2_x3_resunet_cas-single_seed777,cas-single,single-stream,777,1120,na,palu,Palu0016,0.5,0,328,34,16022,98.00510190801293,0.0,0.0
E1,q2_x3_resunet_cas-single_seed777,cas-single,single-stream,777,1120,na,palu,Palu0017,0.5,0,182,41,16161,70.19573434874131,0.0,0.0
E1,q2_x3_resunet_cas-single_seed777,cas-single,single-stream,777,1120,na,palu,Palu0018,0.5,0,23,99,16262,81.06551870914969,0.0,0.0
E1,q2_x3_resunet_cas-single_seed777,cas-single,single-stream,777,1120,na,palu,Palu0019,0.5,15,616,88,15665,64.68142899688736,0.13043478260826558,0.1342554922697241
E1,q2_x3_resunet_cas-single_seed777,cas-single,single-stream,777,1120,na,palu,Palu0020,0.5,0,181,47,16156,37.56553475400317,0.0,0.0
E1,q2_x3_resunet_cas-single_seed777,cas-single,single-stream,777,1120,na,palu,Palu0021,0.5,0,750,26,15608,65.15361940132361,0.0,0.0
E1,q2_x3_resunet_cas-single_seed777,cas-single,single-stream,777,1120,na,palu,Palu0022,0.5,0,150,30,16204,92.1514928743426,0.0,0.0
E1,q2_x3_resunet_cas-single_seed777,cas-single,single-stream,777,1120,na,palu,Palu0023,0.5,0,152,20,16212,57.081957058187605,0.0,0.0
E1,q2_x3_resunet_cas-single_seed777,cas-single,single-stream,777,1120,na,palu,Palu0024,0.5,0,266,85,16033,86.174194682482,0.0,0.0
E1,q2_x3_resunet_cas-single_seed777,cas-single,single-stream,777,1120,na,palu,Palu0025,0.5,10,6,86,16282,53.67960082439141,0.3249999999996953,0.39122257053256587
E1,q2_x3_resunet_cas-single_seed777,cas-single,single-stream,777,1120,na,palu,Palu0026,0.5,18,663,61,15642,66.51983046428408,0.12640449438157836,0.22124670763779325
E1,q2_x3_resunet_cas-single_seed777,cas-single,single-stream,777,1120,na,palu,Palu0027,0.5,12,298,62,16012,48.92581295448144,0.2274685507492323,0.23083264633104078
E1,q2_x3_resunet_cas-single_seed777,cas-single,single-stream,777,1120,na,palu,Palu0028,0.5,0,5,28,16351,65.7189718479293,0.0,0.0
E1,q2_x3_resunet_cas-single_seed777,cas-single,single-stream,777,1120,na,palu,Palu0029,0.5,0,1016,22,15346,47.16990566028302,0.0,0.0
E1,q2_x3_resunet_cas-single_seed777,cas-single,single-stream,777,1120,na,palu,Palu0031,0.5,0,921,53,15410,56.12084385374125,0.0,0.0
E1,q2_x3_resunet_cas-single_seed777,cas-single,single-stream,777,1120,na,palu,Palu0032,0.5,31,619,67,15667,31.435813936084088,0.2521251931988954,0.3421965317914138
E1,q2_x3_resunet_cas-single_seed777,cas-single,single-stream,777,1120,na,palu,Palu0033,0.5,24,752,86,15522,54.603703386225234,0.07741935483822186,0.1832606995189994
E1,q2_x3_resunet_cas-single_seed777,cas-single,single-stream,777,1120,na,palu,Palu0034,0.5,4,1086,53,15241,56.60565331764623,0.043433298862223975,0.05669978192369797
E1,q2_x3_resunet_cas-single_seed777,cas-single,single-stream,777,1120,na,palu,Palu0037,0.5,0,264,53,16067,27.981446793055177,0.0,0.0
E1,q2_x3_resunet_cas-single_seed777,cas-single,single-stream,777,1120,na,palu,Palu0038,0.5,57,406,59,15862,28.27981727650072,0.2547384382102824,0.2741652021084808
E1,q2_x3_resunet_cas-single_seed777,cas-single,single-stream,777,1120,na,palu,Palu0039,0.5,69,273,68,15974,100.7364355872988,0.1681457262956375,0.32826454260148913
E1,q2_x3_resunet_cas-single_seed777,cas-single,single-stream,777,1120,na,palu,Palu0040,0.5,66,1676,59,14583,61.726816362795745,0.1438279569889111,0.26405855096845116
E1,q2_x3_resunet_cas-single_seed777,cas-single,single-stream,777,1120,na,palu,Palu0041,0.5,0,330,150,15904,64.08189844114419,0.0,0.0
E1,q2_x3_resunet_cas-single_seed777,cas-single,single-stream,777,1120,na,palu,Palu0042,0.5,5,1567,131,14681,38.38482872542124,0.06349723217149235,0.08298640022154859
E1,q2_x3_resunet_cas-single_seed777,cas-single,single-stream,777,1120,na,palu,Palu0043,0.5,3,2301,34,14046,47.13531396638975,0.0,0.013001083423407039
E1,q2_x3_resunet_cas-single_seed777,cas-single,single-stream,777,1120,na,palu,Palu0044,0.5,0,748,53,15583,88.48163651289458,0.0,0.0
E1,q2_x3_resunet_cas-single_seed777,cas-single,single-stream,777,1120,na,palu,Palu0045,0.5,0,1235,277,14872,81.82113231256372,0.0,0.0
E1,q2_x3_resunet_cas-single_seed777,cas-single,single-stream,777,1120,na,palu,Palu0046,0.5,113,259,184,15828,66.15129887500134,0.16561514195536942,0.348266111027964
E1,q2_x3_resunet_cas-single_seed777,cas-single,single-stream,777,1120,na,palu,Palu0047,0.5,18,1338,132,14896,53.93040545380837,0.08807045636459326,0.15624729038363597
E1,q2_x3_resunet_cas-single_seed777,cas-single,single-stream,777,1120,na,palu,Palu0048,0.5,0,470,266,15648,39.0,0.0,0.0
E1,q2_x3_resunet_cas-single_seed777,cas-single,single-stream,777,1120,na,palu,Palu0049,0.5,0,418,214,15752,54.30439578893269,0.007155635062143617,0.010585744530562042
E1,q2_x3_resunet_cas-single_seed777,cas-single,single-stream,777,1120,na,palu,Palu0050,0.5,0,896,25,15463,45.738277723001836,0.0,0.0
E1,q2_x3_resunet_cas-single_seed777,cas-single,single-stream,777,1120,na,palu,Palu0051,0.5,0,139,36,16209,43.96412249842419,0.0,0.0
E1,q2_x3_resunet_cas-single_seed777,cas-single,single-stream,777,1120,na,palu,Palu0053,0.5,0,69,207,16108,106.07330787030456,0.0,0.0
E1,q2_x3_resunet_cas-single_seed777,cas-single,single-stream,777,1120,na,palu,Palu0054,0.5,0,382,214,15788,59.93346958028262,0.0,0.0
E1,q2_x3_resunet_cas-single_seed777,cas-single,single-stream,777,1120,na,palu,Palu0055,0.5,20,360,63,15941,59.15233844153324,0.21834061135325988,0.31479876160942666
E1,q2_x3_resunet_cas-single_seed777,cas-single,single-stream,777,1120,na,palu,Palu0056,0.5,68,1379,142,14795,44.41677592802413,0.18654607122618336,0.30295998641640215
E1,q2_x3_resunet_cas-single_seed777,cas-single,single-stream,777,1120,na,palu,Palu0057,0.5,0,50,135,16199,58.73750242225472,0.0,0.0
E1,q2_x3_resunet_cas-single_seed777,cas-single,single-stream,777,1120,na,palu,Palu0058,0.5,0,1890,17,14477,79.92556926130302,0.0,0.0
E1,q2_x3_resunet_cas-single_seed777,cas-single,single-stream,777,1120,na,palu,Palu0059,0.5,0,217,58,16109,39.18140471429912,0.0,0.0
E1,q2_x3_resunet_cas-single_seed777,cas-single,single-stream,777,1120,na,palu,Palu0060,0.5,0,456,42,15886,38.1895548487749,0.0,0.0
E1,q2_x3_resunet_cas-single_seed777,cas-single,single-stream,777,1120,na,palu,Palu0061,0.5,0,1859,46,14479,108.84430751392121,0.0,0.0
E1,q2_x3_resunet_cas-single_seed777,cas-single,single-stream,777,1120,na,palu,Palu0062,0.5,0,105,46,16233,115.98611789615725,0.0,0.0
E1,q2_x3_resunet_cas-single_seed777,cas-single,single-stream,777,1120,na,palu,Palu0063,0.5,0,0,60,16324,181.01933598375618,0.0,0.0
E1,q2_x3_resunet_cas-single_seed777,cas-single,single-stream,777,1120,na,palu,Palu0064,0.5,0,366,61,15957,115.54174985376316,0.0,0.0
E1,q2_x3_resunet_cas-single_seed777,cas-single,single-stream,777,1120,na,palu,Palu0066,0.5,0,1573,34,14777,72.45982406261723,0.0,0.0
E1,q2_x3_resunet_cas-single_seed777,cas-single,single-stream,777,1120,na,palu,Palu0067,0.5,0,845,31,15508,63.48656656578028,0.0,0.0
E1,q2_x3_resunet_cas-single_seed777,cas-single,single-stream,777,1120,na,palu,Palu0070,0.5,0,511,23,15850,66.90526924251063,0.0,0.0
E1,q2_x3_resunet_cas-single_seed777,cas-single,single-stream,777,1120,na,palu,Palu0071,0.5,0,498,24,15862,49.648569604504694,0.0,0.0
E1,q2_x3_resunet_cas-single_seed777,cas-single,single-stream,777,1120,na,palu,Palu0072,0.5,0,2096,34,14254,62.141451455051886,0.0,0.0
E1,q2_x3_resunet_cas-single_seed777,cas-single,single-stream,777,1120,na,palu,Palu0073,0.5,0,2270,34,14080,67.1862858648116,0.0,0.0
E1,q2_x3_resunet_cas-single_seed777,cas-single,single-stream,777,1120,na,palu,Palu0078,0.5,0,0,31,16353,181.01933598375618,0.0,0.0
E1,q2_x3_resunet_cas-single_seed777,cas-single,single-stream,777,1120,na,palu,Palu0079,0.5,0,481,25,15878,96.35028274063565,0.0,0.0
E1,q2_x3_resunet_cas-single_seed777,cas-single,single-stream,777,1120,na,palu,Palu0083,0.5,0,595,24,15765,103.59463403262707,0.0,0.0
E1,q2_x3_resunet_cas-single_seed777,cas-single,single-stream,777,1120,na,palu,Palu0084,0.5,0,208,47,16129,61.73576895486354,0.0,0.0
E1,q2_x3_resunet_cas-single_seed777,cas-single,single-stream,777,1120,na,palu,Palu0085,0.5,0,492,30,15862,56.033435744284986,0.0,0.0
E1,q2_x3_resunet_cas-single_seed777,cas-single,single-stream,777,1120,na,palu,Palu0086,0.5,0,984,38,15362,45.197339694039364,0.0,0.01941747572785446
E1,q2_x3_resunet_cas-single_seed777,cas-single,single-stream,777,1120,na,palu,Palu0087,0.5,0,524,143,15717,70.17820547258655,0.0,0.0
E1,q2_x3_resunet_cas-single_seed777,cas-single,single-stream,777,1120,na,palu,Palu0088,0.5,0,481,112,15791,84.27979498954726,0.0,0.0
E1,q2_x3_resunet_cas-single_seed777,cas-single,single-stream,777,1120,na,palu,Palu0089,0.5,0,5,29,16350,149.96081285823894,0.0,0.0
E1,q2_x3_resunet_cas-single_seed777,cas-single,single-stream,777,1120,na,palu,Palu0090,0.5,0,894,29,15461,86.77898776541407,0.0,0.0
E1,q2_x3_resunet_cas-single_seed777,cas-single,single-stream,777,1120,na,palu,Palu0091,0.5,0,406,24,15954,79.11820900634483,0.0,0.0
E1,q2_x3_resunet_cas-single_seed777,cas-single,single-stream,777,1120,na,palu,Palu0092,0.5,0,503,41,15840,68.32201887203607,0.0,0.0
E1,q2_x3_resunet_cas-single_seed777,cas-single,single-stream,777,1120,na,palu,Palu0093,0.5,0,0,30,16354,181.01933598375618,0.0,0.0
E1,q2_x3_resunet_cas-single_seed777,cas-single,single-stream,777,1120,na,palu,Palu0094,0.5,0,717,44,15623,61.51722588444828,0.0,0.0
E1,q2_x3_resunet_cas-single_seed777,cas-single,single-stream,777,1120,na,palu,Palu0095,0.5,0,682,154,15548,95.09545010523917,0.0,0.0
E1,q2_x3_resunet_cas-single_seed777,cas-single,single-stream,777,1120,na,palu,Palu0096,0.5,0,255,123,16006,93.00196266549841,0.0,0.0
E1,q2_x3_resunet_cas-single_seed777,cas-single,single-stream,777,1120,na,palu,Palu0097,0.5,0,96,411,15877,123.00304873010973,0.0,0.0
E1,q2_x3_resunet_cas-single_seed777,cas-single,single-stream,777,1120,na,palu,Palu0098,0.5,0,512,411,15461,69.33901913106807,0.0,0.0
E1,q2_x3_resunet_cas-single_seed777,cas-single,single-stream,777,1120,na,palu,Palu0104,0.5,0,107,382,15895,116.29485754251944,0.0,0.0
E1,q2_x3_resunet_cas-single_seed777,cas-single,single-stream,777,1120,na,palu,Palu0105,0.5,0,0,382,16002,181.01933598375618,0.0,0.0
E1,q2_x3_resunet_cas-single_seed777,cas-single,single-stream,777,1120,na,palu,Palu0106,0.5,0,43,37,16304,150.9509282470059,0.0,0.0
E1,q2_x3_resunet_cas-single_seed777,cas-single,single-stream,777,1120,na,palu,Palu0107,0.5,0,0,157,16227,181.01933598375618,0.0,0.0
E1,q2_x3_resunet_cas-single_seed777,cas-single,single-stream,777,1120,na,palu,Palu0108,0.5,0,490,120,15774,129.40942755798332,0.0,0.0
E1,q2_x3_resunet_cas-single_seed777,cas-single,single-stream,777,1120,na,palu,Palu0110,0.5,0,910,53,15421,62.78117457882148,0.0,0.0
E1,q2_x3_resunet_cas-single_seed777,cas-single,single-stream,777,1120,na,palu,Palu0111,0.5,0,1430,157,14797,91.4821682825848,0.0,0.0
E1,q2_x3_resunet_cas-single_seed777,cas-single,single-stream,777,1120,na,palu,Palu0112,0.5,0,928,120,15336,69.59701102625272,0.0,0.0
E1,q2_x3_resunet_cas-single_seed777,cas-single,single-stream,777,1120,na,palu,Palu0113,0.5,0,0,30,16354,181.01933598375618,0.0,0.0
E1,q2_x3_resunet_cas-single_seed777,cas-single,single-stream,777,1120,na,palu,Palu0114,0.5,0,0,32,16352,181.01933598375618,0.0,0.0
E1,q2_x3_resunet_cas-single_seed777,cas-single,single-stream,777,1120,na,palu,Palu0117,0.5,0,610,67,15707,52.03844732503075,0.0,0.0
E1,q2_x3_resunet_cas-single_seed777,cas-single,single-stream,777,1120,na,palu,Palu0118,0.5,30,6,49,16299,64.11684967727436,0.6343612334797197,0.7140902872772232
E1,q2_x3_resunet_cas-single_seed777,cas-single,single-stream,777,1120,na,palu,Palu0120,0.5,0,0,30,16354,181.01933598375618,0.0,0.0
E1,q2_x3_resunet_cas-single_seed777,cas-single,single-stream,777,1120,na,palu,Palu0121,0.5,0,7,32,16345,54.767945477784174,0.0,0.0
E1,q2_x3_resunet_cas-single_seed777,cas-single,single-stream,777,1120,na,palu,Palu0125,0.5,66,1760,1,14557,42.70828236888307,0.09876543209848491,0.18930041152235327
E1,q2_x3_resunet_cas-single_seed777,cas-single,single-stream,777,1120,na,palu,Palu0126,0.5,32,207,55,16090,120.09141349425109,0.346347607052416,0.417184265009876
E1,q2_x3_resunet_cas-single_seed777,cas-single,single-stream,777,1120,na,palu,Palu0127,0.5,0,8,34,16342,101.05666592134382,0.0,0.0
E1,q2_x3_resunet_cas-single_seed777,cas-single,single-stream,777,1120,na,palu,Palu0130,0.5,15,239,11,16119,75.8229911227184,0.08955223880549522,0.4675324675319697
E1,q2_x3_resunet_cas-single_seed777,cas-single,single-stream,777,1120,na,palu,Palu0131,0.5,0,1113,18,15253,45.24157088491545,0.0,0.0
E1,q2_x3_resunet_cas-single_seed777,cas-single,single-stream,777,1120,na,palu,Palu0132,0.5,0,508,24,15852,70.15159260237735,0.0,0.0
E1,q2_x3_resunet_cas-single_seed777,cas-single,single-stream,777,1120,na,palu,Palu0133,0.5,0,976,45,15363,102.77680048008766,0.0,0.0
E1,q2_x3_resunet_cas-single_seed777,cas-single,single-stream,777,1120,na,palu,Palu0134,0.5,0,0,29,16355,181.01933598375618,0.0,0.0
E1,q2_x3_resunet_cas-single_seed777,cas-single,single-stream,777,1120,na,palu,Palu0138,0.5,0,257,16,16111,51.94466858118736,0.0,0.0
E1,q2_x3_resunet_cas-single_seed777,cas-single,single-stream,777,1120,na,palu,Palu0140,0.5,0,1813,54,14517,114.34727588547729,0.0,0.0
E1,q2_x3_resunet_cas-single_seed777,cas-single,single-stream,777,1120,na,palu,Palu0141,0.5,26,1,381,15976,39.102421220879364,0.1693121693119398,0.2828422876947228
E1,q2_x3_resunet_cas-single_seed777,cas-single,single-stream,777,1120,na,palu,Palu0142,0.5,257,191,157,15779,23.328069387731205,0.45881285169673547,0.6136926037938424
E1,q2_x3_resunet_cas-single_seed777,cas-single,single-stream,777,1120,na,palu,Palu0146,0.5,0,0,33,16351,181.01933598375618,0.0,0.0
E1,q2_x3_resunet_cas-single_seed777,cas-single,single-stream,777,1120,na,palu,Palu0147,0.5,0,0,162,16222,181.01933598375618,0.0,0.0
E1,q2_x3_resunet_cas-single_seed777,cas-single,single-stream,777,1120,na,palu,Palu0151,0.5,17,229,427,15711,54.38747990958046,0.15058680079211537,0.20664936348980073
E1,q2_x3_resunet_cas-single_seed777,cas-single,single-stream,777,1120,na,palu,Palu0152,0.5,1,215,460,15708,59.48999100492402,0.005952380952024448,0.01741293532294724
E1,q2_x3_resunet_cas-single_seed777,cas-single,single-stream,777,1120,na,palu,Palu0157,0.5,54,534,152,15644,47.20869075137516,0.281212699927886,0.3349084465441064
E1,q2_x3_resunet_cas-single_seed777,cas-single,single-stream,777,1120,na,palu,Palu0158,0.5,40,752,153,15439,56.61006363706057,0.18290538163867512,0.25723472668775055
E1,q2_x3_resunet_cas-single_seed777,cas-single,single-stream,777,1120,na,palu,Palu0163,0.5,0,0,76,16308,181.01933598375618,0.0,0.0
E1,q2_x3_resunet_cas-single_seed777,cas-single,single-stream,777,1120,na,palu,Palu0167,0.5,0,964,49,15371,71.43808376402156,0.0,0.0
E1,q2_x3_resunet_cas-single_seed777,cas-single,single-stream,777,1120,na,palu,Palu0168,0.5,4,414,61,15905,52.544938083121004,0.073439412484221,0.10237659963387051
E1,q2_x3_resunet_cas-single_seed777,cas-single,single-stream,777,1120,na,palu,Palu0172,0.5,0,1075,20,15289,57.70095265173697,0.0,0.0
E1,q2_x3_resunet_cas-single_seed777,cas-single,single-stream,777,1120,na,palu,Palu0175,0.5,0,108,29,16247,69.59417497960422,0.0,0.0
E1,q2_x3_resunet_cas-single_seed777,cas-single,single-stream,777,1120,na,palu,Palu0176,0.5,1,337,29,16017,57.49549723368966,0.061349693251108436,0.08866995073842268
E1,q2_x3_resunet_cas-single_seed777,cas-single,single-stream,777,1120,na,palu,Palu0177,0.5,1,1414,41,14928,48.21254872073679,0.014164305948911717,0.05408653846122487
E1,q2_x3_resunet_cas-single_seed777,cas-single,single-stream,777,1120,na,palu,Palu0178,0.5,0,375,35,15974,72.41951065912704,0.0,0.0
E1,q2_x3_resunet_cas-single_seed777,cas-single,single-stream,777,1120,na,palu,Palu0181,0.5,0,2109,25,14250,62.61070186386464,0.0,0.0
E1,q2_x3_resunet_cas-single_seed777,cas-single,single-stream,777,1120,na,palu,Palu0182,0.5,18,2150,18,14198,45.64687886341676,0.015810276679597807,0.07427413909481416
E1,q2_x3_resunet_cas-single_seed777,cas-single,single-stream,777,1120,na,palu,Palu0183,0.5,0,1868,21,14495,78.09767991940248,0.0,0.0
E1,q2_x3_resunet_cas-single_seed777,cas-single,single-stream,777,1120,na,palu,Palu0184,0.5,0,4522,188,11674,106.50867616785465,0.0,0.0
E1,q2_x3_resunet_cas-single_seed777,cas-single,single-stream,777,1120,na,palu,Palu0185,0.5,0,4233,754,11397,77.24765212322819,0.0,0.0
E1,q2_x3_resunet_cas-single_seed777,cas-single,single-stream,777,1120,na,palu,Palu0186,0.5,0,2306,566,13512,88.25530491245972,0.0,0.0
E1,q2_x3_resunet_cas-single_seed777,cas-single,single-stream,777,1120,na,palu,Palu0194,0.5,0,1852,26,14506,58.68045474147401,0.0,0.04657179818861762
E1,q2_x3_resunet_cas-single_seed777,cas-single,single-stream,777,1120,na,palu,Palu0195,0.5,7,2003,20,14354,42.945883486240874,0.0,0.0
E1,q2_x3_resunet_cas-single_seed777,cas-single,single-stream,777,1120,na,palu,Palu0196,0.5,27,2381,10,13966,48.41831899978301,0.0,0.0
E1,q2_x3_resunet_cas-single_seed777,cas-single,single-stream,777,1120,na,palu,Palu0197,0.5,0,3251,30,13103,74.05977302496754,0.0,0.0
E1,q2_x3_resunet_cas-single_seed777,cas-single,single-stream,777,1120,na,palu,Palu0200,0.5,2,4023,23,12336,72.11102550927978,0.0437956204377612,0.06982543640881823
E1,q2_x3_resunet_cas-single_seed777,cas-single,single-stream,777,1120,na,palu,Palu0201,0.5,5,3630,37,12712,65.98329100953625,0.05509641873250643,0.08473080317708788
E1,q2_x3_resunet_cas-single_seed777,cas-single,single-stream,777,1120,na,palu,Palu0202,0.5,9,3520,18,12837,55.02862881696206,0.05020920502072009,0.09057609057583162
E1,q2_x3_resunet_cas-single_seed777,cas-single,single-stream,777,1120,na,palu,Palu0203,0.5,0,1791,408,14185,75.23627792280621,0.0,0.0
E1,q2_x3_resunet_cas-single_seed777,cas-single,single-stream,777,1120,na,palu,Palu0204,0.5,1052,2979,45,12308,31.005643693489574,0.10164645113647115,0.16443493995680955
E1,q2_x3_resunet_cas-single_seed777,cas-single,single-stream,777,1120,na,palu,Palu0205,0.5,0,34,689,15661,49.40607994507857,0.0,0.0
E1,q2_x3_resunet_cas-single_seed777,cas-single,single-stream,777,1120,na,palu,Palu0206,0.5,0,640,208,15536,52.869013322239965,0.0,0.0
E1,q2_x3_resunet_cas-single_seed777,cas-single,single-stream,777,1120,na,palu,Palu0207,0.5,0,1524,208,14652,46.27364110916533,0.0066006600655578425,0.04067402672815927
E1,q2_x3_resunet_cas-single_seed777,cas-single,single-stream,777,1120,na,palu,Palu0210,0.5,0,0,17,16367,181.01933598375618,0.0,0.0
E1,q2_x3_resunet_cas-single_seed777,cas-single,single-stream,777,1120,na,palu,Palu0211,0.5,0,0,23,16361,181.01933598375618,0.0,0.0
E1,q2_x3_resunet_cas-single_seed777,cas-single,single-stream,777,1120,na,palu,Palu0212,0.5,0,1415,33,14936,55.13915771996422,0.0,0.0
E1,q2_x3_resunet_cas-single_seed777,cas-single,single-stream,777,1120,na,palu,Palu0213,0.5,7,1126,20,15231,26.10073337975915,0.0,0.029629629629309626
E1,q2_x3_resunet_cas-single_seed777,cas-single,single-stream,777,1120,na,palu,Palu0215,0.5,0,0,22,16362,181.01933598375618,0.0,0.0
E1,q2_x3_resunet_cas-single_seed777,cas-single,single-stream,777,1120,na,palu,Palu0216,0.5,0,0,21,16363,181.01933598375618,0.0,0.0
E1,q2_x3_resunet_cas-single_seed777,cas-single,single-stream,777,1120,na,palu,Palu0217,0.5,0,1381,37,14966,55.82604157367468,0.0,0.0
E1,q2_x3_resunet_cas-single_seed777,cas-single,single-stream,777,1120,na,palu,Palu0219,0.5,0,4114,19,12251,88.52344198932309,0.0,0.0
E1,q2_x3_resunet_cas-single_seed777,cas-single,single-stream,777,1120,na,palu,Palu0220,0.5,3,2872,16,13493,55.226805085936306,0.04551365409607088,0.08070356958073932
E1,q2_x3_resunet_cas-single_seed777,cas-single,single-stream,777,1120,na,palu,Palu0221,0.5,0,1937,220,14227,80.05901412961812,0.0,0.0
E1,q2_x3_resunet_cas-single_seed777,cas-single,single-stream,777,1120,na,palu,Palu0222,0.5,0,33,343,16008,84.18135075427816,0.0,0.0
E1,q2_x3_resunet_cas-single_seed777,cas-single,single-stream,777,1120,na,palu,Palu0223,0.5,0,1868,123,14393,103.71515726338923,0.0,0.0
E1,q2_x3_resunet_cas-single_seed777,cas-single,single-stream,777,1120,na,palu,Palu0224,0.5,0,1758,203,14423,128.05155016859143,0.0,0.0
E1,q2_x3_resunet_cas-single_seed777,cas-single,single-stream,777,1120,na,palu,Palu0225,0.5,0,0,203,16181,181.01933598375618,0.0,0.0
E1,q2_x3_resunet_cas-single_seed777,cas-single,single-stream,777,1120,na,palu,Palu0226,0.5,0,0,17,16367,181.01933598375618,0.0,0.0
E1,q2_x3_resunet_cas-single_seed777,cas-single,single-stream,777,1120,na,palu,Palu0227,0.5,0,0,17,16367,181.01933598375618,0.0,0.0
E1,q2_x3_resunet_cas-single_seed777,cas-single,single-stream,777,1120,na,palu,Palu0228,0.5,4,1417,32,14931,69.17075265600252,0.050704225351930435,0.09620253164525885
E1,q2_x3_resunet_cas-single_seed777,cas-single,single-stream,777,1120,na,palu,Palu0229,0.5,13,3118,29,13224,36.620941703785945,0.0,0.013856812932612771
E1,q2_x3_resunet_cas-single_seed777,cas-single,single-stream,777,1120,na,palu,Palu0231,0.5,21,3343,34,12986,75.0,0.08879725085891121,0.1560283687941474
E1,q2_x3_resunet_cas-single_seed777,cas-single,single-stream,777,1120,na,palu,Palu0232,0.5,43,787,29,15525,60.0,0.09421000981318677,0.18232819074300985
E1,q2_x3_resunet_cas-single_seed777,cas-single,single-stream,777,1120,na,palu,Palu0233,0.5,21,3338,16,13009,64.8459713474939,0.005509641873095159,0.043982895540299
E1,q2_x3_resunet_cas-single_seed777,cas-single,single-stream,777,1120,na,palu,Palu0235,0.5,28,3232,10,13114,47.68509503696357,0.0799999999997935,0.11093644733860097
E1,q2_x3_resunet_cas-single_seed777,cas-single,single-stream,777,1120,na,palu,Palu0236,0.5,24,1868,18,14474,25.450817626559026,0.08510638297850068,0.15350389321438895
E1,q2_x3_resunet_cas-single_seed777,cas-single,single-stream,777,1120,na,palu,Palu0238,0.5,0,1894,445,14045,90.4568895848821,0.0,0.0
E1,q2_x3_resunet_cas-single_seed777,cas-single,single-stream,777,1120,na,palu,Palu0239,0.5,78,1286,1634,13386,77.10382610480494,0.0,0.0
E1,q2_x3_resunet_cas-single_seed777,cas-single,single-stream,777,1120,na,palu,Palu0240,0.5,0,2104,1430,12850,88.13488945231227,0.0,0.0
E1,q2_x3_resunet_cas-single_seed777,cas-single,single-stream,777,1120,na,palu,Palu0241,0.5,0,1142,163,15079,116.0,0.0,0.0
E1,q2_x3_resunet_cas-single_seed777,cas-single,single-stream,777,1120,na,palu,Palu0243,0.5,0,1635,16,14733,55.01270547281123,0.0,0.015564202334412329
E1,q2_x3_resunet_cas-single_seed777,cas-single,single-stream,777,1120,na,palu,Palu0250,0.5,0,1151,78,15155,36.99260045557829,0.0,0.0
E1,q2_x3_resunet_cas-single_seed777,cas-single,single-stream,777,1120,na,palu,Palu0251,0.5,16,57,68,16243,58.99659238881526,0.2756119673612407,0.2756119673612407
E1,q2_x3_resunet_cas-single_seed777,cas-single,single-stream,777,1120,na,palu,Palu0253,0.5,138,3706,29,12511,50.467807633987555,0.022727272726950007,0.06266138750181485
E1,q2_x3_resunet_cas-single_seed777,cas-single,single-stream,777,1120,na,palu,Palu0254,0.5,0,1559,142,14683,67.01417681954534,0.0,0.0
E1,q2_x3_resunet_cas-single_seed777,cas-single,single-stream,777,1120,na,palu,Palu0255,0.5,351,4356,534,11143,73.23933369440222,0.07635488422239774,0.12174928351518398
E1,q2_x3_resunet_cas-single_seed777,cas-single,single-stream,777,1120,na,palu,Palu0256,0.5,604,886,2490,12404,40.08738119206865,0.17066513431928165,0.2365754725117986
E1,q2_x3_resunet_cas-single_seed777,cas-single,single-stream,777,1120,na,palu,Palu0257,0.5,0,59,2977,13348,59.54829972383762,0.0,0.0
E1,q2_x3_resunet_cas-single_seed777,cas-single,single-stream,777,1120,na,palu,Palu0258,0.5,0,2982,768,12634,121.43786313598159,0.0,0.0
E1,q2_x3_resunet_cas-single_seed777,cas-single,single-stream,777,1120,na,palu,Palu0259,0.5,0,2290,16,14078,109.62355725160799,0.0,0.0
E1,q2_x3_resunet_cas-single_seed777,cas-single,single-stream,777,1120,na,palu,Palu0260,0.5,0,23,23,16338,75.18111295456855,0.0,0.0
E1,q2_x3_resunet_cas-single_seed777,cas-single,single-stream,777,1120,na,palu,Palu0263,0.5,0,0,27,16357,181.01933598375618,0.0,0.0
E1,q2_x3_resunet_cas-single_seed777,cas-single,single-stream,777,1120,na,palu,Palu0267,0.5,0,2024,36,14324,46.02716300709736,0.0,0.0
E1,q2_x3_resunet_cas-single_seed777,cas-single,single-stream,777,1120,na,palu,Palu0268,0.5,0,1221,63,15100,60.8276253029822,0.0,0.0
E1,q2_x3_resunet_cas-single_seed777,cas-single,single-stream,777,1120,na,palu,Palu0269,0.5,0,433,61,15890,54.037024344425184,0.0,0.0
E1,q2_x3_resunet_cas-single_seed777,cas-single,single-stream,777,1120,na,palu,Palu0270,0.5,0,2752,138,13494,70.53504297917769,0.0,0.0
E1,q2_x3_resunet_cas-single_seed777,cas-single,single-stream,777,1120,na,palu,Palu0271,0.5,0,697,138,15549,78.63044744340391,0.0,0.0
E1,q2_x3_resunet_cas-single_seed777,cas-single,single-stream,777,1120,na,palu,Palu0272,0.5,0,2203,440,13741,109.44762739340186,0.0,0.0
E1,q2_x3_resunet_cas-single_seed777,cas-single,single-stream,777,1120,na,palu,Palu0273,0.5,0,614,1382,14388,96.82974006153103,0.0,0.0
E1,q2_x3_resunet_cas-single_seed777,cas-single,single-stream,777,1120,na,palu,Palu0274,0.5,0,91,1547,14746,62.84856967618986,0.0,0.0
E1,q2_x3_resunet_cas-single_seed777,cas-single,single-stream,777,1120,na,palu,Palu0275,0.5,0,945,605,14834,101.0814023740118,0.0,0.0
E1,q2_x3_resunet_cas-single_seed777,cas-single,single-stream,777,1120,na,palu,Palu0279,0.5,0,39,52,16293,49.27890765631058,0.0,0.0
E1,q2_x3_resunet_cas-single_seed777,cas-single,single-stream,777,1120,na,palu,Palu0280,0.5,6,585,100,15693,33.014634104654704,0.13275488069366695,0.2079722703634548
E1,q2_x3_resunet_cas-single_seed777,cas-single,single-stream,777,1120,na,palu,Palu0281,0.5,0,1895,67,14422,46.45854721229194,0.0,0.0
E1,q2_x3_resunet_cas-single_seed777,cas-single,single-stream,777,1120,na,palu,Palu0284,0.5,4,1025,52,15303,66.01269761667552,0.057142857142377136,0.07936507936458555
E1,q2_x3_resunet_cas-single_seed777,cas-single,single-stream,777,1120,na,palu,Palu0285,0.5,39,1309,54,14982,43.22727611555771,0.18421470541478743,0.3547030119463287
E1,q2_x3_resunet_cas-single_seed777,cas-single,single-stream,777,1120,na,palu,Palu0286,0.5,0,2786,104,13494,75.65183345862897,0.0,0.0
E1,q2_x3_resunet_cas-single_seed777,cas-single,single-stream,777,1120,na,palu,Palu0287,0.5,56,2270,190,13868,30.74728946598447,0.12798023471233866,0.18216050835442218
E1,q2_x3_resunet_cas-single_seed777,cas-single,single-stream,777,1120,na,palu,Palu0288,0.5,55,2393,124,13812,48.54349862626858,0.1149590458394691,0.2332698955213143
E1,q2_x3_resunet_cas-single_seed777,cas-single,single-stream,777,1120,na,palu,Palu0289,0.5,0,2720,50,13614,49.55042676621688,0.0,0.0
E1,q2_x3_resunet_cas-single_seed777,cas-single,single-stream,777,1120,na,palu,Palu0290,0.5,13,2315,14,14042,49.12381035490121,0.07168458781344526,0.11834002677354612
E1,q2_x3_resunet_cas-single_seed777,cas-single,single-stream,777,1120,na,palu,Palu0291,0.5,0,2788,18,13578,71.22531451705855,0.0,0.0
E1,q2_x3_resunet_cas-single_seed777,cas-single,single-stream,777,1120,na,palu,Palu0293,0.5,0,1941,41,14402,53.03772242470448,0.0,0.0
E1,q2_x3_resunet_cas-single_seed777,cas-single,single-stream,777,1120,na,palu,Palu0294,0.5,32,2860,92,13400,42.43515329608848,0.01906058543178168,0.025806451612575568
E1,q2_x3_resunet_cas-single_seed777,cas-single,single-stream,777,1120,na,palu,Palu0295,0.5,32,590,146,15616,55.10141472500714,0.046296296296000385,0.15229166666633817
E1,q2_x3_resunet_cas-single_seed777,cas-single,single-stream,777,1120,na,palu,Palu0296,0.5,0,1998,177,14209,59.21232968272452,0.01657458563488233,0.047297297296798116
E1,q2_x3_resunet_cas-single_seed777,cas-single,single-stream,777,1120,na,palu,Palu0297,0.5,306,2568,84,13426,41.74445411339442,0.08233211078743523,0.1651381831696914
E1,q2_x3_resunet_cas-single_seed777,cas-single,single-stream,777,1120,na,palu,Palu0298,0.5,30,2499,183,13672,39.20459156782532,0.11771919068013563,0.15209375822970617
E1,q2_x3_resunet_cas-single_seed777,cas-single,single-stream,777,1120,na,palu,Palu0299,0.5,23,2109,47,14205,54.61135118332428,0.165605095541073,0.22093023255773978
E1,q2_x3_resunet_cas-single_seed777,cas-single,single-stream,777,1120,na,palu,Palu0300,0.5,11,2272,80,14021,46.51851039374621,0.005420054200184516,0.031229668184281023
E1,q2_x3_resunet_cas-single_seed777,cas-single,single-stream,777,1120,na,palu,Palu0301,0.5,0,1638,21,14725,79.01107474544139,0.0,0.0
E1,q2_x3_resunet_cas-single_seed777,cas-single,single-stream,777,1120,na,palu,Palu0302,0.5,4,2817,14,13549,47.39197892282578,0.0,0.0
E1,q2_x3_resunet_cas-single_seed777,cas-single,single-stream,777,1120,na,palu,Palu0303,0.5,6,3066,62,13250,41.191381864192024,0.0,0.0
E1,q2_x3_resunet_cas-single_seed777,cas-single,single-stream,777,1120,na,palu,Palu0304,0.5,17,2439,113,13815,66.15826938215764,0.06332453825819692,0.1637365124872911
E1,q2_x3_resunet_cas-single_seed777,cas-single,single-stream,777,1120,na,palu,Palu0305,0.5,5,1443,169,14767,48.63398599004391,0.06210303457965404,0.080425783559541
E1,q2_x3_resunet_cas-single_seed777,cas-single,single-stream,777,1120,na,palu,Palu0306,0.5,0,2336,212,13836,84.16620418990625,0.0,0.0
E1,q2_x3_resunet_cas-single_seed777,cas-single,single-stream,777,1120,na,palu,Palu0307,0.5,2,3374,213,12795,70.11398444308394,0.04391891891847713,0.06229958772291999
E1,q2_x3_resunet_cas-single_seed777,cas-single,single-stream,777,1120,na,palu,Palu0309,0.5,0,1988,79,14317,81.52148948477632,0.0,0.0
E1,q2_x3_resunet_cas-single_seed777,cas-single,single-stream,777,1120,na,palu,Palu0310,0.5,0,1540,212,14632,44.75780052065691,0.0,0.0
E1,q2_x3_resunet_cas-single_seed777,cas-single,single-stream,777,1120,na,palu,Palu0311,0.5,22,2177,111,14074,45.27469630945408,0.018764659890073785,0.06155303030256775
E1,q2_x3_resunet_cas-single_seed777,cas-single,single-stream,777,1120,na,palu,Palu0312,0.5,0,1441,27,14916,62.272782753666945,0.0,0.0
E1,q2_x3_resunet_cas-single_seed777,cas-single,single-stream,777,1120,na,palu,Palu0313,0.5,0,13,94,16277,85.62611375099561,0.0,0.0
E1,q2_x3_resunet_cas-single_seed777,cas-single,single-stream,777,1120,na,palu,Palu0314,0.5,84,2299,171,13830,38.052480037573346,0.11608623548873813,0.24574543730692255
E1,q2_x3_resunet_cas-single_seed777,cas-single,single-stream,777,1120,na,palu,Palu0315,0.5,32,1855,156,14341,57.26770711652484,0.0,0.0199999999995072
E1,q2_x3_resunet_cas-single_seed777,cas-single,single-stream,777,1120,na,palu,Palu0316,0.5,2,1750,65,14567,72.82512113821149,0.061403508771514806,0.0757166035691184
E1,q2_x3_resunet_cas-single_seed777,cas-single,single-stream,777,1120,na,palu,Palu0317,0.5,87,3531,43,12723,35.463994984188794,0.14328619013774244,0.2590622211937481
E1,q2_x3_resunet_cas-single_seed777,cas-single,single-stream,777,1120,na,palu,Palu0318,0.5,10,1922,136,14316,46.134595277103976,0.060617835631961194,0.11783748785966736
E1,q2_x3_resunet_cas-single_seed777,cas-single,single-stream,777,1120,na,palu,Palu0319,0.5,80,2104,77,14123,33.451998357343705,0.1178105623258461,0.21384274985151763
E1,q2_x3_resunet_cas-single_seed777,cas-single,single-stream,777,1120,na,palu,Palu0320,0.5,18,990,96,15280,45.88632314856822,0.04400977995061617,0.11950360042849309
E1,q2_x3_resunet_cas-single_seed777,cas-single,single-stream,777,1120,na,palu,Palu0321,0.5,185,2756,136,13307,53.781740500895104,0.05227619255020959,0.13536966331090358
E1,q2_x3_resunet_cas-single_seed777,cas-single,single-stream,777,1120,na,palu,Palu0322,0.5,108,952,216,15108,32.04206154676161,0.12569774653665988,0.23870967741889515
E1,q2_x3_resunet_cas-single_seed777,cas-single,single-stream,777,1120,na,palu,Palu0325,0.5,12,1922,15,14435,30.046620469890396,0.16988062442581997,0.32228360957609875
E1,q2_x3_resunet_cas-single_seed777,cas-single,single-stream,777,1120,na,palu,Palu0326,0.5,0,2458,192,13734,52.68917841310826,0.0,0.0
E1,q2_x3_resunet_cas-single_seed777,cas-single,single-stream,777,1120,na,palu,Palu0327,0.5,77,208,280,15819,52.32590180780452,0.12470023980781228,0.26722689075600975
E1,q2_x3_resunet_cas-single_seed777,cas-single,single-stream,777,1120,na,palu,Palu0328,0.5,40,2668,157,13519,41.520889728659824,0.05369435520833366,0.16952573158378456
E1,q2_x3_resunet_cas-single_seed777,cas-single,single-stream,777,1120,na,palu,Palu0329,0.5,102,1110,157,15015,40.48946152032904,0.23145400593426665,0.33175048214791053
E1,q2_x3_resunet_cas-single_seed777,cas-single,single-stream,777,1120,na,palu,Palu0330,0.5,19,1957,232,14176,42.853100154935724,0.05679513184534595,0.08735936465866845
E1,q2_x3_resunet_cas-single_seed777,cas-single,single-stream,777,1120,na,palu,Palu0331,0.5,6,4337,64,11977,68.50691304040983,0.05883726359992726,0.08426511100272811
E1,q2_x3_resunet_cas-single_seed777,cas-single,single-stream,777,1120,na,palu,Palu0332,0.5,51,2694,95,13544,38.28315102432892,0.12662181643398968,0.29410185268008837
E1,q2_x3_resunet_cas-single_seed777,cas-single,single-stream,777,1120,na,palu,Palu0333,0.5,69,3738,93,12484,35.890655459067155,0.15181341606886187,0.24681777959246692
E1,q2_x3_resunet_cas-single_seed777,cas-single,single-stream,777,1120,na,palu,Palu0334,0.5,41,4533,139,11671,41.830459307221545,0.03022162525142779,0.06240713224320632
E1,q2_x3_resunet_cas-single_seed777,cas-single,single-stream,777,1120,na,palu,Palu0335,0.5,11,924,114,15335,56.57377341720936,0.10127991096221652,0.20224719101073907
E1,q2_x3_resunet_cas-single_seed777,cas-single,single-stream,777,1120,na,palu,Palu0336,0.5,0,901,28,15455,63.17076551272812,0.0,0.0
E1,q2_x3_resunet_cas-single_seed777,cas-single,single-stream,777,1120,na,palu,Palu0337,0.5,0,4055,109,12220,80.99315434582915,0.0,0.0
E1,q2_x3_resunet_cas-single_seed777,cas-single,single-stream,777,1120,na,palu,Palu0338,0.5,0,873,164,15347,66.85583817608023,0.0,0.0
E1,q2_x3_resunet_cas-single_seed777,cas-single,single-stream,777,1120,na,palu,Palu0339,0.5,33,1555,26,14770,48.356471623530794,0.13961605584608122,0.24324324324287513
E1,q2_x3_resunet_cas-single_seed777,cas-single,single-stream,777,1120,na,palu,Palu0342,0.5,17,2236,165,13966,51.512100929265195,0.021231422504864837,0.0704225352108034
E1,q2_x3_resunet_cas-single_seed777,cas-single,single-stream,777,1120,na,palu,Palu0343,0.5,11,125,363,15885,52.98874818207703,0.08149959250182044,0.10496671786976804
E1,q2_x3_resunet_cas-single_seed777,cas-single,single-stream,777,1120,na,palu,Palu0344,0.5,16,210,190,15968,40.0,0.11687363038675354,0.23205391151438184
E1,q2_x3_resunet_cas-single_seed777,cas-single,single-stream,777,1120,na,palu,Palu0345,0.5,80,1411,92,14801,48.78626652480032,0.11004232397028103,0.23294688595261545
E1,q2_x3_resunet_cas-single_seed777,cas-single,single-stream,777,1120,na,palu,Palu0346,0.5,0,437,180,15767,66.81614395874522,0.0,0.0
E1,q2_x3_resunet_cas-single_seed777,cas-single,single-stream,777,1120,na,palu,Palu0347,0.5,0,2235,29,14120,61.84658438426491,0.0,0.0
E1,q2_x3_resunet_cas-single_seed777,cas-single,single-stream,777,1120,na,palu,Palu0348,0.5,6,3872,55,12451,47.45944067638805,0.010101010100749479,0.0643000669787964
E1,q2_x3_resunet_cas-single_seed777,cas-single,single-stream,777,1120,na,palu,Palu0349,0.5,0,152,73,16159,72.45335180939959,0.0,0.09599999999951411
E1,q2_x3_resunet_cas-single_seed777,cas-single,single-stream,777,1120,na,palu,Palu0350,0.5,18,3082,106,13178,42.01286038928065,0.020618556700542884,0.048894062863305034
E1,q2_x3_resunet_cas-single_seed777,cas-single,single-stream,777,1120,na,palu,Palu0351,0.5,20,911,111,15342,59.33515906426634,0.05576208178390287,0.15960099750577
E1,q2_x3_resunet_cas-single_seed777,cas-single,single-stream,777,1120,na,palu,Palu0352,0.5,0,400,90,15894,54.43343629450847,0.0,0.0
E1,q2_x3_resunet_cas-single_seed777,cas-single,single-stream,777,1120,na,palu,Palu0353,0.5,0,2334,55,13995,99.06107258655885,0.0,0.0
E1,q2_x3_resunet_cas-single_seed777,cas-single,single-stream,777,1120,na,palu,Palu0354,0.5,48,2510,11,13815,53.225933528685054,0.13080664095232075,0.18971358176755132
E1,q2_x3_resunet_cas-single_seed777,cas-single,single-stream,777,1120,na,palu,Palu0357,0.5,0,2450,21,13913,87.0697972898502,0.0,0.0
E1,q2_x3_resunet_cas-single_seed777,cas-single,single-stream,777,1120,na,palu,Palu0359,0.5,0,374,52,15958,53.05468545107554,0.0,0.0
E1,q2_x3_resunet_cas-single_seed777,cas-single,single-stream,777,1120,na,palu,Palu0360,0.5,27,675,57,15625,85.90512922902678,0.10753676470543956,0.2217583497048166
E1,q2_x3_resunet_cas-single_seed777,cas-single,single-stream,777,1120,na,palu,Palu0361,0.5,39,575,85,15685,24.48077546097333,0.18017639647158476,0.38493682220625386
E1,q2_x3_resunet_cas-single_seed777,cas-single,single-stream,777,1120,na,palu,Palu0362,0.5,0,0,105,16279,181.01933598375618,0.0,0.0
E1,q2_x3_resunet_cas-single_seed777,cas-single,single-stream,777,1120,na,palu,Palu0363,0.5,4,30,29,16321,48.42722043089062,0.24309392265149052,0.36090225563865
E1,q2_x3_resunet_cas-single_seed777,cas-single,single-stream,777,1120,na,palu,Palu0364,0.5,0,846,29,15509,43.5269099047839,0.0,0.0
E1,q2_x3_resunet_cas-single_seed777,cas-single,single-stream,777,1120,na,palu,Palu0365,0.5,0,474,24,15886,50.715882961942874,0.0,0.0
E1,q2_x3_resunet_cas-single_seed777,cas-single,single-stream,777,1120,na,palu,Palu0366,0.5,0,6,68,16310,76.82926007746364,0.0,0.0
E1,q2_x3_resunet_cas-single_seed777,cas-single,single-stream,777,1120,na,palu,Palu0367,0.5,0,1155,102,15127,55.099611825409845,0.00954653937911912,0.10547667342751456
E1,q2_x3_resunet_cas-single_seed777,cas-single,single-stream,777,1120,na,palu,Palu0368,0.5,19,67,83,16215,51.71066622173264,0.314000738824789,0.3686553873548466
E1,q2_x3_resunet_cas-single_seed777,cas-single,single-stream,777,1120,na,palu,Palu0370,0.5,27,1723,9,14625,19.684239262940608,0.04827586206862543,0.0986378581489873
E1,q2_x3_resunet_cas-single_seed777,cas-single,single-stream,777,1120,na,palu,Palu0371,0.5,3,2135,37,14209,42.16571593592189,0.0,0.0
E1,q2_x3_resunet_cas-single_seed777,cas-single,single-stream,777,1120,na,palu,Palu0372,0.5,11,1587,64,14722,46.85776079110219,0.012499999999658203,0.08181818181774793
E1,q2_x3_resunet_cas-single_seed777,cas-single,single-stream,777,1120,na,palu,Palu0373,0.5,15,1304,49,15016,39.5329056309563,0.00602409638524991,0.0538599640929679
E1,q2_x3_resunet_cas-single_seed777,cas-single,single-stream,777,1120,na,palu,Palu0374,0.5,8,2314,29,14033,60.90954806617982,0.0,0.0
E1,q2_x3_resunet_cas-single_seed777,cas-single,single-stream,777,1120,na,palu,Palu0375,0.5,0,611,29,15744,81.6014703541459,0.0,0.0
E1,q2_x3_resunet_cas-single_seed777,cas-single,single-stream,777,1120,na,palu,Palu0377,0.5,0,860,30,15494,47.767789253214715,0.0,0.0
E1,q2_x3_resunet_cas-single_seed777,cas-single,single-stream,777,1120,na,palu,Palu0378,0.5,0,0,25,16359,181.01933598375618,0.0,0.0
E1,q2_x3_resunet_cas-single_seed777,cas-single,single-stream,777,1120,na,palu,Palu0379,0.5,0,0,45,16339,181.01933598375618,0.0,0.0
E1,q2_x3_resunet_cas-single_seed777,cas-single,single-stream,777,1120,na,palu,Palu0380,0.5,0,0,45,16339,181.01933598375618,0.0,0.0
E1,q2_x3_resunet_cas-single_seed777,cas-single,single-stream,777,1120,na,palu,Palu0384,0.5,1,2810,35,13538,63.392412531836186,0.02538071065954598,0.041322314049119596
E1,q2_x3_resunet_cas-single_seed777,cas-single,single-stream,777,1120,na,palu,Palu0385,0.5,9,1702,150,14523,54.30768322687871,0.047066014669427066,0.05406797116326523
E1,q2_x3_resunet_cas-single_seed777,cas-single,single-stream,777,1120,na,palu,Palu0386,0.5,29,220,145,15990,53.47522493367234,0.20879403445568034,0.2804347826082433
E1,q2_x3_resunet_cas-single_seed777,cas-single,single-stream,777,1120,na,palu,Palu0387,0.5,0,2900,42,13442,67.46846727426829,0.0,0.0
E1,q2_x3_resunet_cas-single_seed777,cas-single,single-stream,777,1120,na,palu,Palu0390,0.5,6,379,24,15975,48.37788383554851,0.08983957219217344,0.16291698991421535
E1,q2_x3_resunet_cas-single_seed777,cas-single,single-stream,777,1120,na,palu,Palu0391,0.5,0,828,23,15533,62.17515571249899,0.0,0.0
E1,q2_x3_resunet_cas-single_seed777,cas-single,single-stream,777,1120,na,palu,Palu0392,0.5,0,0,87,16297,181.01933598375618,0.0,0.0
E1,q2_x3_resunet_cas-single_seed777,cas-single,single-stream,777,1120,na,palu,Palu0393,0.5,0,0,87,16297,181.01933598375618,0.0,0.0
E1,q2_x3_resunet_cas-single_seed777,cas-single,single-stream,777,1120,na,palu,Palu0394,0.5,36,982,7,15359,36.18214593834601,0.1913742892800581,0.22594142259394184
E1,q2_x3_resunet_cas-single_seed777,cas-single,single-stream,777,1120,na,palu,Palu0395,0.5,0,4104,43,12237,97.21160969611543,0.0,0.0
E1,q2_x3_resunet_cas-single_seed777,cas-single,single-stream,777,1120,na,palu,Palu0400,0.5,0,3006,16,13362,86.72282908877605,0.0,0.0
E1,q2_x3_resunet_cas-single_seed777,cas-single,single-stream,777,1120,na,palu,Palu0401,0.5,56,2574,187,13567,36.383297611814456,0.12095250094444171,0.17349270522010118
E1,q2_x3_resunet_cas-single_seed777,cas-single,single-stream,777,1120,na,palu,Palu0402,0.5,158,1286,230,14710,37.20885842196217,0.290219687659174,0.49643468908050986
E1,q2_x3_resunet_cas-single_seed777,cas-single,single-stream,777,1120,na,palu,Palu0403,0.5,18,2645,153,13568,49.34302262092033,0.09387617765765312,0.1199680085305627
E1,q2_x3_resunet_cas-single_seed777,cas-single,single-stream,777,1120,na,palu,Palu0407,0.5,0,0,58,16326,181.01933598375618,0.0,0.0
E1,q2_x3_resunet_cas-single_seed777,cas-single,single-stream,777,1120,na,palu,Palu0408,0.5,0,152,58,16174,58.17112564061692,0.0,0.0
E1,q2_x3_resunet_cas-single_seed777,cas-single,single-stream,777,1120,na,palu,Palu0409,0.5,0,199,43,16142,63.129826872038166,0.0,0.0
E1,q2_x3_resunet_cas-single_seed777,cas-single,single-stream,777,1120,na,palu,Palu0410,0.5,0,2403,43,13938,93.73340224177382,0.0,0.0
E1,q2_x3_resunet_cas-single_seed777,cas-single,single-stream,777,1120,na,palu,Palu0414,0.5,0,1091,18,15275,75.34087612442127,0.0,0.0
E1,q2_x3_resunet_cas-single_seed777,cas-single,single-stream,777,1120,na,palu,Palu0415,0.5,11,4398,22,11953,60.934211285179266,0.01369863013684697,0.05442176870733306
E1,q2_x3_resunet_cas-single_seed777,cas-single,single-stream,777,1120,na,palu,Palu0416,0.5,0,4281,21,12082,76.4967293915663,0.0,0.0
E1,q2_x3_resunet_cas-single_seed777,cas-single,single-stream,777,1120,na,palu,Palu0418,0.5,4,2162,57,14161,44.60268622700817,0.006586169044962544,0.006654922685433825
E1,q2_x3_resunet_cas-single_seed777,cas-single,single-stream,777,1120,na,palu,Palu0419,0.5,86,3014,170,13114,39.52930223576987,0.14450867051973473,0.28936385481169874
E1,q2_x3_resunet_cas-single_seed777,cas-single,single-stream,777,1120,na,palu,Palu0420,0.5,93,898,243,15150,51.029312912206095,0.20009340969937928,0.3003443495367031
E1,q2_x3_resunet_cas-single_seed777,cas-single,single-stream,777,1120,na,palu,Palu0421,0.5,9,752,133,15490,61.40861333731858,0.06613008483744451,0.10154798761566784
E1,q2_x3_resunet_cas-single_seed777,cas-single,single-stream,777,1120,na,palu,Palu0424,0.5,0,4669,24,11691,83.21297931412211,0.0,0.0
E1,q2_x3_resunet_cas-single_seed777,cas-single,single-stream,777,1120,na,palu,Palu0425,0.5,0,4685,24,11675,71.51919945868448,0.0,0.0
E1,q2_x3_resunet_cas-single_seed777,cas-single,single-stream,777,1120,na,palu,Palu0427,0.5,47,2452,24,13861,36.32212510697304,0.10655841684614459,0.2113153022979498
E1,q2_x3_resunet_cas-single_seed777,cas-single,single-stream,777,1120,na,palu,Palu0428,0.5,26,3245,43,13070,57.763736249275574,0.03874092009657398,0.0659599528854406
E1,q2_x3_resunet_cas-single_seed777,cas-single,single-stream,777,1120,na,palu,Palu0431,0.5,17,1340,34,14993,65.77362297057785,0.04848484848442607,0.16583143507929224
E1,q2_x3_resunet_cas-single_seed777,cas-single,single-stream,777,1120,na,palu,Palu0432,0.5,0,1719,140,14525,45.758281665854696,0.005555555555082778,0.027972027971528583
E1,q2_x3_resunet_cas-single_seed777,cas-single,single-stream,777,1120,na,palu,Palu0433,0.5,1,245,132,16006,52.146655813512034,0.06818181818134944,0.0795454545449858
E1,q2_x3_resunet_cas-single_seed777,cas-single,single-stream,777,1120,na,palu,Palu0434,0.5,0,193,41,16150,75.6042326857432,0.0,0.0
E1,q2_x3_resunet_cas-single_seed777,cas-single,single-stream,777,1120,na,palu,Palu0439,0.5,18,4551,0,11815,47.39163664172451,0.0,0.048368522072820025
E1,q2_x3_resunet_cas-single_seed777,cas-single,single-stream,777,1120,na,palu,Palu0442,0.5,0,1666,53,14665,57.30095849640678,0.0,0.0
E1,q2_x3_resunet_cas-single_seed777,cas-single,single-stream,777,1120,na,palu,Palu0443,0.5,0,1932,47,14405,71.04751715251128,0.0,0.0
E1,q2_x3_resunet_cas-single_seed777,cas-single,single-stream,777,1120,na,palu,Palu0446,0.5,0,2107,18,14259,85.10462569853009,0.0,0.0
E1,q2_x3_resunet_cas-single_seed777,cas-single,single-stream,777,1120,na,palu,Palu0447,0.5,0,1539,36,14809,44.76142926406761,0.0,0.0
E1,q2_x3_resunet_cas-single_seed777,cas-single,single-stream,777,1120,na,palu,Palu0448,0.5,0,3224,57,13103,61.96472790421686,0.0,0.0
E1,q2_x3_resunet_cas-single_seed777,cas-single,single-stream,777,1120,na,palu,Palu0449,0.5,34,1558,33,14759,35.780578090890295,0.07531380753089546,0.16221562809050485
E1,q2_x3_resunet_cas-single_seed777,cas-single,single-stream,777,1120,na,palu,Palu0450,0.5,1,1287,27,15069,47.405161235197255,0.011655011654948519,0.01171874999994681
E1,q2_x3_resunet_cas-single_seed777,cas-single,single-stream,777,1120,na,palu,Palu0452,0.5,7,2324,13,14040,42.68923044400363,0.044247787610514976,0.1426718547338858
E1,q2_x3_resunet_cas-single_seed777,cas-single,single-stream,777,1120,na,palu,Palu0453,0.5,0,2402,28,13954,43.33877451539364,0.0,0.02483443708588779
E1,q2_x3_resunet_cas-single_seed777,cas-single,single-stream,777,1120,na,palu,Palu0455,0.5,8,4369,25,11982,76.02137552778885,0.02997002996985655,0.0669856459327823
E1,q2_x3_resunet_cas-single_seed777,cas-single,single-stream,777,1120,na,palu,Palu0456,0.5,11,4044,22,12307,64.70463719060862,0.05422153369469398,0.08580299181471211
E1,q2_x3_resunet_cas-single_seed777,cas-single,single-stream,777,1120,na,palu,Palu0458,0.5,0,2415,21,13948,78.52960387336796,0.0,0.0
E1,q2_x3_resunet_cas-single_seed777,cas-single,single-stream,777,1120,na,palu,Palu0459,0.5,0,21,18,16345,120.35553059887148,0.0,0.0
E1,q2_x3_resunet_cas-single_seed777,cas-single,single-stream,777,1120,na,palu,Palu0460,0.5,0,1736,37,14611,90.04442475153525,0.0,0.0
E1,q2_x3_resunet_cas-single_seed777,cas-single,single-stream,777,1120,na,palu,Palu0461,0.5,4,2451,71,13858,44.23571518674804,0.0,0.0
E1,q2_x3_resunet_cas-single_seed777,cas-single,single-stream,777,1120,na,palu,Palu0462,0.5,0,1877,38,14469,56.6480344617806,0.0,0.0
E1,q2_x3_resunet_cas-single_seed777,cas-single,single-stream,777,1120,na,palu,Palu0463,0.5,0,1082,38,15264,76.90188551781515,0.0,0.0
E1,q2_x3_resunet_cas-single_seed777,cas-single,single-stream,777,1120,na,palu,Palu0464,0.5,196,1610,0,14578,38.16681366433287,0.027198549410224402,0.07816377171169307
E1,q2_x3_resunet_cas-single_seed777,cas-single,single-stream,777,1120,na,palu,Palu0465,0.5,0,2917,158,13309,84.61499485490098,0.0,0.0
E1,q2_x3_resunet_cas-single_seed777,cas-single,single-stream,777,1120,na,palu,Palu0467,0.5,13,1976,52,14343,45.999813659993364,0.028520499108386093,0.11813706929152626
E1,q2_x3_resunet_cas-single_seed777,cas-single,single-stream,777,1120,na,palu,Palu0468,0.5,69,2426,41,13848,27.012032911938185,0.0641282565125526,0.191204588909649
E1,q2_x3_resunet_cas-single_seed777,cas-single,single-stream,777,1120,na,palu,Palu0469,0.5,0,3840,47,12497,79.91088525369732,0.0,0.0
E1,q2_x3_resunet_cas-single_seed777,cas-single,single-stream,777,1120,na,palu,Palu0474,0.5,11,314,16,16043,55.34437655564884,0.12524850894595566,0.2699386503063054
E1,q2_x3_resunet_cas-single_seed777,cas-single,single-stream,777,1120,na,palu,Palu0479,0.5,0,3899,34,12451,83.61095420646579,0.0,0.0
E1,q2_x3_resunet_cas-single_seed777,cas-single,single-stream,777,1120,na,palu,Palu0480,0.5,40,4784,0,11560,52.03844732503075,0.04010025062639408,0.08916408668711716
E1,q2_x3_resunet_cas-single_seed777,cas-single,single-stream,777,1120,na,palu,Palu0481,0.5,20,4552,82,11730,65.6901224578707,0.07489134068842189,0.09892153216778764
E1,q2_x3_resunet_cas-single_seed777,cas-single,single-stream,777,1120,na,palu,Palu0482,0.5,26,3748,99,12511,38.46296471853085,0.05087209302280152,0.09908536585319452
E1,q2_x3_resunet_cas-single_seed777,cas-single,single-stream,777,1120,na,palu,Palu0483,0.5,0,1525,43,14816,60.65216279036053,0.0,0.0
E1,q2_x3_resunet_cas-single_seed777,cas-single,single-stream,777,1120,na,palu,Palu0484,0.5,0,446,42,15896,45.465328065027684,0.0,0.0
E1,q2_x3_resunet_cas-single_seed777,cas-single,single-stream,777,1120,na,palu,Palu0485,0.5,35,1064,54,15231,34.268891510623035,0.059322033897835275,0.2390438247007375
E1,q2_x3_resunet_cas-single_seed777,cas-single,single-stream,777,1120,na,palu,Palu0486,0.5,39,2288,8,14049,46.22148071145505,0.0,0.0
E1,q2_x3_resunet_cas-single_seed777,cas-single,single-stream,777,1120,na,palu,Palu0487,0.5,0,1153,38,15193,120.67128756677195,0.0,0.0
E1,q2_x3_resunet_cas-single_seed777,cas-single,single-stream,777,1120,na,palu,Palu0488,0.5,0,3357,196,12831,86.0,0.0,0.0
E1,q2_x3_resunet_cas-single_seed777,cas-single,single-stream,777,1120,na,palu,Palu0489,0.5,0,1679,158,14547,79.6247428699232,0.0,0.0
E1,q2_x3_resunet_cas-single_seed777,cas-single,single-stream,777,1120,na,palu,Palu0491,0.5,4,3499,15,12866,57.278268023804074,0.01900237529661624,0.041811846689577145
E1,q2_x3_resunet_cas-single_seed777,cas-single,single-stream,777,1120,na,palu,Palu0492,0.5,3,1675,63,14643,52.478553200160526,0.0352854692474878,0.059117583133736315
E1,q2_x3_resunet_cas-single_seed777,cas-single,single-stream,777,1120,na,palu,Palu0493,0.5,17,1510,82,14775,32.11072632428395,0.04086398131900254,0.1113531832482462
E1,q2_x3_resunet_cas-single_seed777,cas-single,single-stream,777,1120,na,palu,Palu0494,0.5,11,2438,44,13891,47.806038053855545,0.006134969324872878,0.06280193236669757
E1,q2_x3_resunet_cas-single_seed777,cas-single,single-stream,777,1120,na,palu,Palu0495,0.5,0,1006,39,15339,60.33074672399098,0.0,0.0
E1,q2_x3_resunet_cas-single_seed777,cas-single,single-stream,777,1120,na,palu,Palu0496,0.5,13,539,12,15820,38.98012910410927,0.07729468599016359,0.13207547169790518
E1,q2_x3_resunet_cas-single_seed777,cas-single,single-stream,777,1120,na,palu,Palu0499,0.5,0,1286,25,15073,47.05570366311698,0.0,0.0
E1,q2_x3_resunet_cas-single_seed777,cas-single,single-stream,777,1120,na,palu,Palu0500,0.5,0,1984,31,14369,63.10624187028927,0.0,0.0
E1,q2_x3_resunet_cas-single_seed777,cas-single,single-stream,777,1120,na,palu,Palu0501,0.5,0,1898,28,14458,54.074020174452905,0.0,0.0
E1,q2_x3_resunet_cas-single_seed777,cas-single,single-stream,777,1120,na,palu,Palu0502,0.5,22,3587,0,12775,48.93667425050256,0.0,0.0
E1,q2_x3_resunet_cas-single_seed777,cas-single,single-stream,777,1120,na,palu,Palu0503,0.5,20,4214,0,12150,78.6498538404427,0.06409841372599881,0.14434643143530432
E1,q2_x3_resunet_cas-single_seed777,cas-single,single-stream,777,1120,na,palu,Palu0504,0.5,87,4739,41,11517,62.660692023433725,0.0663961637769102,0.15854042151590095
E1,q2_x3_resunet_cas-single_seed777,cas-single,single-stream,777,1120,na,palu,Palu0505,0.5,140,4093,0,12151,32.03903013546352,0.017621145373949813,0.03929273084429696
E1,q2_x3_resunet_cas-single_seed777,cas-single,single-stream,777,1120,na,palu,Palu0506,0.5,0,3844,32,12508,88.04934451492795,0.0,0.0
E1,q2_x3_resunet_cas-single_seed777,cas-single,single-stream,777,1120,na,palu,Palu0508,0.5,0,2669,21,13694,71.20951806306716,0.0,0.0
E1,q2_x3_resunet_cas-single_seed777,cas-single,single-stream,777,1120,na,palu,Palu0509,0.5,0,3878,25,12481,98.22905313975815,0.0,0.0
E1,q2_x3_resunet_cas-single_seed777,cas-single,single-stream,777,1120,na,palu,Palu0510,0.5,0,3570,20,12794,88.86956518084901,0.0,0.0
E1,q2_x3_resunet_cas-single_seed777,cas-single,single-stream,777,1120,na,palu,Palu0512,0.5,13,1571,10,14790,48.688158483588026,0.06329113924025756,0.13816817755527153
E1,q2_x3_resunet_cas-single_seed777,cas-single,single-stream,777,1120,na,palu,Palu0513,0.5,5,3028,44,13307,43.3604682642172,0.0,0.009456264775062824
E1,q2_x3_resunet_cas-single_seed777,cas-single,single-stream,777,1120,na,palu,Palu0514,0.5,5,2561,64,13754,43.45175049344917,0.011627906976426988,0.05136986301328591
E1,q2_x3_resunet_cas-single_seed777,cas-single,single-stream,777,1120,na,palu,Palu0515,0.5,21,2402,37,13924,29.1379980694427,0.07756948933379097,0.15138662316436527
E1,q2_x3_resunet_cas-single_seed777,cas-single,single-stream,777,1120,na,palu,Palu0516,0.5,0,2381,40,13963,47.01860052247815,0.0,0.0
E1,q2_x3_resunet_cas-single_seed777,cas-single,single-stream,777,1120,na,palu,Palu0521,0.5,25,2524,79,13756,45.725164779023295,0.05859783746042021,0.09903297215387435
E1,q2_x3_resunet_cas-single_seed777,cas-single,single-stream,777,1120,na,palu,Palu0522,0.5,0,4364,98,11922,66.94683841356125,0.0,0.0
E1,q2_x3_resunet_cas-single_seed777,cas-single,single-stream,777,1120,na,palu,Palu0524,0.5,0,4063,29,12292,108.50526035070074,0.0,0.0
E1,q2_x3_resunet_cas-single_seed777,cas-single,single-stream,777,1120,na,palu,Palu0525,0.5,0,4899,36,11449,83.60435012046106,0.0,0.0
E1,q2_x3_resunet_cas-single_seed777,cas-single,single-stream,777,1120,na,palu,Palu0526,0.5,20,4278,53,12033,52.03844732503075,0.026190476190045175,0.05804311774411128
E1,q2_x3_resunet_cas-single_seed777,cas-single,single-stream,777,1120,na,palu,Palu0527,0.5,12,3837,118,12417,30.046620469890396,0.0,0.012269938649918327
E1,q2_x3_resunet_cas-single_seed777,cas-single,single-stream,777,1120,na,palu,Palu0528,0.5,8,2946,59,13371,56.403889538824934,0.02801120448148781,0.06875383670922779
E1,q2_x3_resunet_cas-single_seed777,cas-single,single-stream,777,1120,na,palu,Palu0530,0.5,51,2858,51,13424,67.57068971208204,0.17813945710911896,0.22752069583768492
E1,q2_x3_resunet_cas-single_seed777,cas-single,single-stream,777,1120,na,palu,Palu0531,0.5,0,2176,101,14107,86.35826505573753,0.0,0.0
E1,q2_x3_resunet_cas-single_seed777,cas-single,single-stream,777,1120,na,palu,Palu0532,0.5,69,3231,162,12922,78.10889834071403,0.13802256137995245,0.16265060240942208
E1,q2_x3_resunet_cas-single_seed777,cas-single,single-stream,777,1120,na,palu,Palu0533,0.5,18,3504,207,12655,81.6314607721973,0.06567590369237078,0.08095952023960866
E1,q2_x3_resunet_cas-single_seed777,cas-single,single-stream,777,1120,na,palu,Palu0534,0.5,0,3026,39,13319,63.818100790370366,0.0,0.0
E1,q2_x3_resunet_cas-single_seed777,cas-single,single-stream,777,1120,na,palu,Palu0535,0.5,56,1460,49,14819,49.10747324179018,0.28728414442652894,0.439954375101353
E1,q2_x3_resunet_cas-single_seed777,cas-single,single-stream,777,1120,na,palu,Palu0536,0.5,17,2225,74,14068,44.743706271787964,0.06406725612373078,0.09031384059569238
E1,q2_x3_resunet_cas-single_seed777,cas-single,single-stream,777,1120,na,palu,Palu0537,0.5,6,2867,31,13480,41.61487863623587,0.018248175182034504,0.03797468354394513
E1,q2_x3_resunet_cas-single_seed777,cas-single,single-stream,777,1120,na,palu,Palu0538,0.5,3,1565,25,14791,47.751377964185394,0.052219321148465524,0.08069164265103404
E1,q2_x3_resunet_cas-single_seed777,cas-single,single-stream,777,1120,na,palu,Palu0539,0.5,7,3645,30,12702,56.74641036281254,0.017301038062097675,0.06971480307802172
E1,q2_x3_resunet_cas-single_seed777,cas-single,single-stream,777,1120,na,palu,Palu0540,0.5,0,569,21,15794,81.969500851243,0.0,0.0
E1,q2_x3_resunet_cas-single_seed777,cas-single,single-stream,777,1120,na,palu,Palu0541,0.5,0,3365,96,12923,68.60029154456998,0.0041493775930813775,0.030587721214552426
E1,q2_x3_resunet_cas-single_seed777,cas-single,single-stream,777,1120,na,palu,Palu0542,0.5,73,3626,32,12653,34.21402958825612,0.0,0.01785714285666215
E1,q2_x3_resunet_cas-single_seed777,cas-single,single-stream,777,1120,na,palu,Palu0544,0.5,0,1337,109,14938,87.8262415650954,0.021052631578540495,0.04464285714249122
E1,q2_x3_resunet_cas-single_seed777,cas-single,single-stream,777,1120,na,palu,Palu0545,0.5,19,560,150,15655,61.1179772172622,0.11111111111061728,0.17475728155292297
E1,q2_x3_resunet_cas-single_seed777,cas-single,single-stream,777,1120,na,palu,Palu0546,0.5,0,452,63,15869,57.24439165658017,0.0,0.0
E1,q2_x3_resunet_cas-single_seed777,cas-single,single-stream,777,1120,na,palu,Palu0547,0.5,6,4109,32,12237,42.224346809935824,0.009501187648204895,0.03312629399547757
E1,q2_x3_resunet_cas-single_seed777,cas-single,single-stream,777,1120,na,palu,Palu0548,0.5,125,2922,5,13332,43.92493118557209,0.08014961260989338,0.1340491860058962
E1,q2_x3_resunet_cas-single_seed777,cas-single,single-stream,777,1120,na,palu,Palu0549,0.5,0,2000,101,14283,69.84533458108238,0.0,0.0
E1,q2_x3_resunet_cas-single_seed777,cas-single,single-stream,777,1120,na,palu,Palu0550,0.5,225,3799,6,12354,64.38896064403377,0.0525085034010784,0.0834575260801775
E1,q2_x3_resunet_cas-single_seed777,cas-single,single-stream,777,1120,na,palu,Palu0551,0.5,0,1441,225,14718,79.96434852024983,0.0,0.0
E1,q2_x3_resunet_cas-single_seed777,cas-single,single-stream,777,1120,na,palu,Palu0552,0.5,0,1746,507,14131,81.92064879227135,0.0,0.0
E1,q2_x3_resunet_cas-single_seed777,cas-single,single-stream,777,1120,na,palu,Palu0553,0.5,0,3705,802,11877,79.52602300603215,0.0,0.0
E1,q2_x3_resunet_cas-single_seed777,cas-single,single-stream,777,1120,na,palu,Palu0554,0.5,1,733,376,15274,78.8300936634645,0.0,0.0
E1,q2_x3_resunet_cas-single_seed777,cas-single,single-stream,777,1120,na,palu,Palu0555,0.5,0,4,265,16115,89.14650670447907,0.0,0.0
E1,q2_x3_resunet_cas-single_seed777,cas-single,single-stream,777,1120,na,palu,Palu0556,0.5,16,3212,207,12949,55.97806027795258,0.0,0.030188679244870738
E1,q2_x3_resunet_cas-single_seed777,cas-single,single-stream,777,1120,na,palu,Palu0557,0.5,23,2955,60,13346,31.310540429604163,0.03904555314504097,0.12951432129481524
E1,q2_x3_resunet_cas-single_seed777,cas-single,single-stream,777,1120,na,palu,Palu0558,0.5,5,2661,40,13678,40.01330387597044,0.0,0.014723926380091684
E1,q2_x3_resunet_cas-single_seed777,cas-single,single-stream,777,1120,na,palu,Palu0560,0.5,0,0,95,16289,181.01933598375618,0.0,0.0
E1,q2_x3_resunet_cas-single_seed777,cas-single,single-stream,777,1120,na,palu,Palu0561,0.5,121,901,147,15215,34.760430725876965,0.4015395718060979,0.5463322736366201
E1,q2_x3_resunet_cas-single_seed777,cas-single,single-stream,777,1120,na,palu,Palu0562,0.5,12,849,176,15347,33.1058907144937,0.10408234069572765,0.15495466321194798
E1,q2_x3_resunet_cas-single_seed777,cas-single,single-stream,777,1120,na,palu,Palu0566,0.5,0,6617,43,9724,132.5745073534124,0.0,0.0
E1,q2_x3_resunet_cas-single_seed777,cas-single,single-stream,777,1120,na,palu,Palu0567,0.5,0,605,55,15724,90.77334167202397,0.0,0.0
E1,q2_x3_resunet_cas-single_seed777,cas-single,single-stream,777,1120,na,palu,Palu0569,0.5,0,823,28,15533,116.03878661895772,0.0,0.0
E1,q2_x3_resunet_cas-single_seed777,cas-single,single-stream,777,1120,na,palu,Palu0570,0.5,0,804,28,15552,67.80117993073571,0.0,0.0
E1,q2_x3_resunet_cas-single_seed777,cas-single,single-stream,777,1120,na,palu,Palu0571,0.5,0,809,724,14851,56.06246090589318,0.0,0.0
E1,q2_x3_resunet_cas-single_seed777,cas-single,single-stream,777,1120,na,palu,Palu0572,0.5,659,868,791,14066,34.655446902326915,0.1447574334893458,0.31450419338878294
E1,q2_x3_resunet_cas-single_seed777,cas-single,single-stream,777,1120,na,palu,Palu0573,0.5,0,1241,808,14335,47.63659669369737,0.0,0.0
E1,q2_x3_resunet_cas-single_seed777,cas-single,single-stream,777,1120,na,palu,Palu0574,0.5,293,1273,123,14695,39.01535091260194,0.2583333333328339,0.37989617744169063
E1,q2_x3_resunet_cas-single_seed777,cas-single,single-stream,777,1120,na,palu,Palu0575,0.5,4,2015,337,14028,41.90909636981695,0.021005251312349798,0.03928905519139606
E1,q2_x3_resunet_cas-single_seed777,cas-single,single-stream,777,1120,na,palu,Palu0578,0.5,0,241,31,16112,71.31910929409584,0.0,0.0
E1,q2_x3_resunet_cas-single_seed777,cas-single,single-stream,777,1120,na,palu,Palu0579,0.5,0,0,97,16287,181.01933598375618,0.0,0.0
E1,q2_x3_resunet_cas-single_seed777,cas-single,single-stream,777,1120,na,palu,Palu0580,0.5,108,1105,136,15035,24.279128676501568,0.25218073115700385,0.3956538029219442
E1,q2_x3_resunet_cas-single_seed777,cas-single,single-stream,777,1120,na,palu,Palu0581,0.5,55,367,132,15830,29.19317790404835,0.3086249655547725,0.4216753431135585
E1,q2_x3_resunet_cas-single_seed777,cas-single,single-stream,777,1120,na,palu,Palu0582,0.5,0,2385,18,13981,70.20566796820384,0.0,0.0
E1,q2_x3_resunet_cas-single_seed777,cas-single,single-stream,777,1120,na,palu,Palu0583,0.5,0,259,43,16082,89.83316149942138,0.0,0.0
E1,q2_x3_resunet_cas-single_seed777,cas-single,single-stream,777,1120,na,palu,Palu0584,0.5,0,0,69,16315,181.01933598375618,0.0,0.0
E1,q2_x3_resunet_cas-single_seed777,cas-single,single-stream,777,1120,na,palu,Palu0585,0.5,0,169,58,16157,112.04797997767211,0.0,0.0
E1,q2_x3_resunet_cas-single_seed777,cas-single,single-stream,777,1120,na,palu,Palu0586,0.5,0,139,63,16182,95.75836427807711,0.0,0.0
E1,q2_x3_resunet_cas-single_seed777,cas-single,single-stream,777,1120,na,palu,Palu0587,0.5,0,374,38,15972,86.22212867510203,0.0,0.0
E1,q2_x3_resunet_cas-single_seed777,cas-single,single-stream,777,1120,na,palu,Palu0591,0.5,0,274,217,15893,102.64818529696262,0.0,0.0
E1,q2_x3_resunet_cas-single_seed777,cas-single,single-stream,777,1120,na,palu,Palu0592,0.5,0,263,648,15473,56.0,0.0,0.0
E1,q2_x3_resunet_cas-single_seed777,cas-single,single-stream,777,1120,na,palu,Palu0593,0.5,0,437,431,15516,74.18826183723515,0.0,0.0
E1,q2_x3_resunet_cas-single_seed777,cas-single,single-stream,777,1120,na,palu,Palu0594,0.5,0,1274,208,14902,54.77085148742897,0.0,0.0
E1,q2_x3_resunet_cas-single_seed777,cas-single,single-stream,777,1120,na,palu,Palu0595,0.5,24,1072,209,15079,41.29156021861208,0.0462833099574252,0.11557603686586806
E1,q2_x3_resunet_cas-single_seed777,cas-single,single-stream,777,1120,na,palu,Palu0596,0.5,0,27,26,16331,49.34919082931806,0.0,0.0
E1,q2_x3_resunet_cas-single_seed777,cas-single,single-stream,777,1120,na,palu,Palu0598,0.5,0,0,30,16354,181.01933598375618,0.0,0.0
E1,q2_x3_resunet_cas-single_seed777,cas-single,single-stream,777,1120,na,palu,Palu0599,0.5,14,178,38,16154,60.487292611095754,0.2649842271288377,0.4882921237918913
E1,q2_x3_resunet_cas-single_seed777,cas-single,single-stream,777,1120,na,palu,Palu0600,0.5,14,175,77,16118,63.99218511505714,0.2403058438007059,0.4602120141337843
E1,q2_x3_resunet_cas-single_seed777,cas-single,single-stream,777,1120,na,palu,Palu0601,0.5,34,1145,79,15126,52.73091608220075,0.03258339798250925,0.16150402864768054
E1,q2_x3_resunet_cas-single_seed777,cas-single,single-stream,777,1120,na,palu,Palu0602,0.5,18,1398,73,14895,55.164299312742,0.10428305400327871,0.2488888888884537
E1,q2_x3_resunet_cas-single_seed777,cas-single,single-stream,777,1120,na,palu,Palu0603,0.5,0,1068,47,15269,69.12849948951893,0.0,0.0
E1,q2_x3_resunet_cas-single_seed777,cas-single,single-stream,777,1120,na,palu,Palu0607,0.5,0,2471,49,13864,45.16115072996372,0.017316017315683066,0.038610038609540064
E1,q2_x3_resunet_cas-single_seed777,cas-single,single-stream,777,1120,na,palu,Palu0608,0.5,0,200,100,16084,36.00069431053691,0.030303030302559687,0.08071748878874299
E1,q2_x3_resunet_cas-single_seed777,cas-single,single-stream,777,1120,na,palu,Palu0609,0.5,34,237,75,16038,54.51786030178815,0.3656147986937342,0.5491415923904851
E1,q2_x3_resunet_cas-single_seed777,cas-single,single-stream,777,1120,na,palu,Palu0610,0.5,0,192,87,16105,63.03492620414613,0.0,0.0
E1,q2_x3_resunet_cas-single_seed777,cas-single,single-stream,777,1120,na,palu,Palu0611,0.5,0,259,42,16083,54.512216509400666,0.0,0.0
E1,q2_x3_resunet_cas-single_seed777,cas-single,single-stream,777,1120,na,palu,Palu0613,0.5,0,216,34,16134,55.21201428424098,0.0,0.0
E1,q2_x3_resunet_cas-single_seed777,cas-single,single-stream,777,1120,na,palu,Palu0614,0.5,0,2032,25,14327,82.39164882071091,0.0,0.0
E1,q2_x3_resunet_cas-single_seed777,cas-single,single-stream,777,1120,na,palu,Palu0615,0.5,0,2021,65,14298,60.32198550086206,0.0,0.0
E1,q2_x3_resunet_cas-single_seed777,cas-single,single-stream,777,1120,na,palu,Palu0616,0.5,17,631,93,15643,44.27794117246906,0.1764861995748718,0.246080059029215
E1,q2_x3_resunet_cas-single_seed777,cas-single,single-stream,777,1120,na,palu,Palu0617,0.5,16,172,48,16148,68.94558524558182,0.0,0.22394487510724126
E1,q2_x3_resunet_cas-single_seed777,cas-single,single-stream,777,1120,na,palu,Palu0618,0.5,0,26,20,16338,75.72416732547781,0.0,0.0
E1,q2_x3_resunet_cas-single_seed777,cas-single,single-stream,777,1120,na,palu,Palu0619,0.5,0,0,63,16321,181.01933598375618,0.0,0.0
E1,q2_x3_resunet_cas-single_seed777,cas-single,single-stream,777,1120,na,palu,Palu0620,0.5,0,73,128,16183,62.78124766802418,0.0,0.0
E1,q2_x3_resunet_cas-single_seed777,cas-single,single-stream,777,1120,na,palu,Palu0621,0.5,67,1378,100,14839,32.62354065270131,0.2107640195704519,0.39353297813655763
E1,q2_x3_resunet_cas-single_seed777,cas-single,single-stream,777,1120,na,palu,Palu0622,0.5,13,258,122,15991,66.93544797507906,0.14122759369857804,0.1444826673718238
E1,q2_x3_resunet_cas-single_seed777,cas-single,single-stream,777,1120,na,palu,Palu0623,0.5,14,696,144,15530,65.52162817354048,0.088701161562364,0.09364548494938758
E1,q2_x3_resunet_cas-single_seed777,cas-single,single-stream,777,1120,na,palu,Palu0624,0.5,18,2427,172,13767,43.776579565614576,0.042496679946406775,0.09864007252896609
E1,q2_x3_resunet_cas-single_seed777,cas-single,single-stream,777,1120,na,palu,Palu0625,0.5,0,678,66,15640,61.037680595218525,0.0,0.0
E1,q2_x3_resunet_cas-single_seed777,cas-single,single-stream,777,1120,na,palu,Palu0630,0.5,0,3350,37,12997,86.96290079597166,0.0,0.0
E1,q2_x3_resunet_cas-single_seed777,cas-single,single-stream,777,1120,na,palu,Palu0631,0.5,12,705,100,15567,51.10711656815793,0.035842293906401,0.10619097586519059
E1,q2_x3_resunet_cas-single_seed777,cas-single,single-stream,777,1120,na,palu,Palu0632,0.5,10,1883,82,14409,52.334500185236806,0.05228758169892587,0.12411540555203247
E1,q2_x3_resunet_cas-single_seed777,cas-single,single-stream,777,1120,na,palu,Palu0633,0.5,9,3537,13,12825,40.216270423034935,0.01812688821734314,0.08241758241728553
E1,q2_x3_resunet_cas-single_seed777,cas-single,single-stream,777,1120,na,palu,Palu0634,0.5,0,2590,15,13779,52.73103051183303,0.0,0.0
E1,q2_x3_resunet_cas-single_seed777,cas-single,single-stream,777,1120,na,palu,Palu0635,0.5,38,2316,6,14024,21.610708283951656,0.1271892535280365,0.34601480461315204
E1,q2_x3_resunet_cas-single_seed777,cas-single,single-stream,777,1120,na,palu,Palu0636,0.5,0,904,34,15446,52.059568345598265,0.0,0.0
E1,q2_x3_resunet_cas-single_seed777,cas-single,single-stream,777,1120,na,palu,Palu0638,0.5,6,2300,22,14056,65.2111249267108,0.03333333333312722,0.056206088992746345
E1,q2_x3_resunet_cas-single_seed777,cas-single,single-stream,777,1120,na,palu,Palu0639,0.5,8,929,31,15416,42.0368853808401,0.08566629339276696,0.12998007968088332
E1,q2_x3_resunet_cas-single_seed777,cas-single,single-stream,777,1120,na,palu,Palu0640,0.5,0,548,20,15816,63.9394887502453,0.0,0.0
E1,q2_x3_resunet_cas-single_seed777,cas-single,single-stream,777,1120,na,palu,Palu0641,0.5,86,22,405,15871,52.421355819761835,0.2121006118284691,0.25294117647036723
E1,q2_x3_resunet_cas-single_seed777,cas-single,single-stream,777,1120,na,palu,Palu0642,0.5,391,1115,270,14608,43.37913504477874,0.14328007058082387,0.30284168796957317
E1,q2_x3_resunet_cas-single_seed777,cas-single,single-stream,777,1120,na,palu,Palu0643,0.5,86,1228,209,14861,54.57105459856901,0.26467833984083633,0.41183135676392474
E1,q2_x3_resunet_cas-single_seed777,cas-single,single-stream,777,1120,na,palu,Palu0644,0.5,0,843,128,15413,54.44324010958915,0.0,0.0
E1,q2_x3_resunet_cas-single_seed777,cas-single,single-stream,777,1120,na,palu,Palu0645,0.5,0,693,121,15570,49.565467342636644,0.0,0.0
E1,q2_x3_resunet_cas-single_seed777,cas-single,single-stream,777,1120,na,palu,Palu0646,0.5,110,1287,150,14837,44.900882660745026,0.24903212305067235,0.4127894995477177
E1,q2_x3_resunet_cas-single_seed777,cas-single,single-stream,777,1120,na,palu,Palu0647,0.5,46,1662,99,14577,46.734004786510454,0.18421052631533139,0.2808065720682267
E1,q2_x3_resunet_cas-single_seed777,cas-single,single-stream,777,1120,na,palu,Palu0652,0.5,70,3326,182,12806,29.81855306160438,0.14735059278924867,0.27060830017005155
E1,q2_x3_resunet_cas-single_seed777,cas-single,single-stream,777,1120,na,palu,Palu0653,0.5,219,1982,328,13855,29.872843874380834,0.31231773211936487,0.44562006925168446
E1,q2_x3_resunet_cas-single_seed777,cas-single,single-stream,777,1120,na,palu,Palu0654,0.5,172,1627,215,14370,28.958521813797084,0.0672387861624929,0.23395824562226436
E1,q2_x3_resunet_cas-single_seed777,cas-single,single-stream,777,1120,na,palu,Palu0655,0.5,0,1743,88,14553,57.99137802864845,0.0,0.0
E1,q2_x3_resunet_cas-single_seed777,cas-single,single-stream,777,1120,na,palu,Palu0656,0.5,9,2105,8,14262,58.232285845420954,0.045776566757371906,0.09544008483546695
E1,q2_x3_resunet_cas-single_seed777,cas-single,single-stream,777,1120,na,palu,Palu0660,0.5,34,179,514,15657,61.73317778988296,0.1317853780981721,0.21890847621313636
E1,q2_x3_resunet_cas-single_seed777,cas-single,single-stream,777,1120,na,palu,Palu0661,0.5,426,1192,277,14489,54.36219933176835,0.34040671971656855,0.538132420579251
E1,q2_x3_resunet_cas-single_seed777,cas-single,single-stream,777,1120,na,palu,Palu0662,0.5,127,319,175,15763,59.15865398343948,0.4191955708880714,0.6423122264524942
E1,q2_x3_resunet_cas-single_seed777,cas-single,single-stream,777,1120,na,palu,Palu0663,0.5,9,974,171,15230,48.01874345069214,0.0332304770942224,0.05466970387195932
E1,q2_x3_resunet_cas-single_seed777,cas-single,single-stream,777,1120,na,palu,Palu0664,0.5,9,1420,194,14761,60.22783826416374,0.0,0.00919540229838552
E1,q2_x3_resunet_cas-single_seed777,cas-single,single-stream,777,1120,na,palu,Palu0665,0.5,100,2272,217,13795,36.44160327570987,0.12383551331465063,0.2707838479805231
E1,q2_x3_resunet_cas-single_seed777,cas-single,single-stream,777,1120,na,palu,Palu0666,0.5,79,3211,83,13011,39.379975563548804,0.14722004698477031,0.27225711119278717
E1,q2_x3_resunet_cas-single_seed777,cas-single,single-stream,777,1120,na,palu,Palu0673,0.5,51,2682,217,13434,36.53888863074281,0.18693566591372313,0.25052192066756457
E1,q2_x3_resunet_cas-single_seed777,cas-single,single-stream,777,1120,na,palu,Palu0674,0.5,315,2998,352,12719,24.116307392450537,0.25329444012792995,0.4358758831345449
E1,q2_x3_resunet_cas-single_seed777,cas-single,single-stream,777,1120,na,palu,Palu0675,0.5,183,794,329,15078,33.89757572357422,0.38034823694067815,0.552442453910598
E1,q2_x3_resunet_cas-single_seed777,cas-single,single-stream,777,1120,na,palu,Palu0676,0.5,0,672,102,15610,76.00624972950749,0.0,0.0
E1,q2_x3_resunet_cas-single_seed777,cas-single,single-stream,777,1120,na,palu,Palu0678,0.5,9,2739,15,13621,40.84707599920334,0.0420926037280204,0.07164179104458429
E1,q2_x3_resunet_cas-single_seed777,cas-single,single-stream,777,1120,na,palu,Palu0679,0.5,0,1519,16,14849,87.16760524597407,0.0,0.0
E1,q2_x3_resunet_cas-single_seed777,cas-single,single-stream,777,1120,na,palu,Palu0681,0.5,0,2259,19,14106,99.12618221237011,0.0,0.0
E1,q2_x3_resunet_cas-single_seed777,cas-single,single-stream,777,1120,na,palu,Palu0682,0.5,0,592,26,15766,73.80841110738788,0.0,0.0
E1,q2_x3_resunet_cas-single_seed777,cas-single,single-stream,777,1120,na,palu,Palu0683,0.5,0,401,215,15768,74.05231023680433,0.0,0.0
E1,q2_x3_resunet_cas-single_seed777,cas-single,single-stream,777,1120,na,palu,Palu0684,0.5,233,562,193,15396,46.35502472057827,0.3697378872116032,0.5754376930994228
E1,q2_x3_resunet_cas-single_seed777,cas-single,single-stream,777,1120,na,palu,Palu0685,0.5,72,1908,230,14174,51.89315939161398,0.14382589496875028,0.25440021068291446
E1,q2_x3_resunet_cas-single_seed777,cas-single,single-stream,777,1120,na,palu,Palu0686,0.5,0,32,189,16163,65.82806372129245,0.0,0.0
E1,q2_x3_resunet_cas-single_seed777,cas-single,single-stream,777,1120,na,palu,Palu0687,0.5,64,987,166,15167,66.9638990600442,0.25555025698037753,0.3863013220162376
E1,q2_x3_resunet_cas-single_seed777,cas-single,single-stream,777,1120,na,palu,Palu0688,0.5,51,458,309,15566,50.46360177276028,0.1544346163036383,0.19819819819774515
E1,q2_x3_resunet_cas-single_seed777,cas-single,single-stream,777,1120,na,palu,Palu0689,0.5,213,821,125,15225,30.04138126514911,0.3722069176609632,0.5816419266883851
E1,q2_x3_resunet_cas-single_seed777,cas-single,single-stream,777,1120,na,palu,Palu0690,0.5,22,3324,143,12895,44.51528996932576,0.0857593575215079,0.12011123602111864
E1,q2_x3_resunet_cas-single_seed777,cas-single,single-stream,777,1120,na,palu,Palu0691,0.5,11,421,54,15898,48.8849970133556,0.09352517985567474,0.16348773841919445
E1,q2_x3_resunet_cas-single_seed777,cas-single,single-stream,777,1120,na,palu,Palu0692,0.5,5,1120,13,15246,61.31476239868722,0.10563380281663473,0.17337461300271112
E1,q2_x3_resunet_cas-single_seed777,cas-single,single-stream,777,1120,na,palu,Palu0693,0.5,0,214,29,16141,49.930700743998656,0.02790697674370423,0.08372093023207633
E1,q2_x3_resunet_cas-single_seed777,cas-single,single-stream,777,1120,na,palu,Palu0694,0.5,1,363,44,15976,37.170576596911566,0.04567699836817901,0.08415841584111858
E1,q2_x3_resunet_cas-single_seed777,cas-single,single-stream,777,1120,na,palu,Palu0695,0.5,0,354,37,15993,47.59927473163147,0.0,0.025210084033115705
E1,q2_x3_resunet_cas-single_seed777,cas-single,single-stream,777,1120,na,palu,Palu0699,0.5,29,3660,48,12647,52.52015244981514,0.08967551622389142,0.18106995884736266
E1,q2_x3_resunet_cas-single_seed777,cas-single,single-stream,777,1120,na,palu,Palu0700,0.5,31,2538,162,13653,58.852345723850135,0.08612440191337851,0.1508415525781349
E1,q2_x3_resunet_cas-single_seed777,cas-single,single-stream,777,1120,na,palu,Palu0701,0.5,24,1272,150,14938,37.89897855812838,0.14307183648883587,0.20286141362324803
E1,q2_x3_resunet_cas-single_seed777,cas-single,single-stream,777,1120,na,palu,Palu0702,0.5,0,1994,52,14338,67.14720889762111,0.0,0.0
E1,q2_x3_resunet_cas-single_seed777,cas-single,single-stream,777,1120,na,palu,Palu0704,0.5,12,1900,8,14464,40.79583273398149,0.0740740740739369,0.15238095238073068
E1,q2_x3_resunet_cas-single_seed777,cas-single,single-stream,777,1120,na,palu,Palu0706,0.5,0,632,24,15728,69.60906543545914,0.0,0.0
E1,q2_x3_resunet_cas-single_seed777,cas-single,single-stream,777,1120,na,palu,Palu0707,0.5,0,1271,61,15052,48.92433911675031,0.0,0.0
E1,q2_x3_resunet_cas-single_seed777,cas-single,single-stream,777,1120,na,palu,Palu0708,0.5,18,238,138,15990,78.60025445251433,0.0,0.09056603773543678
E1,q2_x3_resunet_cas-single_seed777,cas-single,single-stream,777,1120,na,palu,Palu0709,0.5,192,895,382,14915,59.92746241217326,0.1859775065800689,0.3447731755419912
E1,q2_x3_resunet_cas-single_seed777,cas-single,single-stream,777,1120,na,palu,Palu0710,0.5,318,1705,315,14046,18.859995460507477,0.17494043539234913,0.3990442054953388
E1,q2_x3_resunet_cas-single_seed777,cas-single,single-stream,777,1120,na,palu,Palu0711,0.5,25,910,211,15238,52.4930078215522,0.08030592734176648,0.15415617128413941
E1,q2_x3_resunet_cas-single_seed777,cas-single,single-stream,777,1120,na,palu,Palu0712,0.5,6,463,134,15781,59.40833136252446,0.10989010988961478,0.15479528883853702
E1,q2_x3_resunet_cas-single_seed777,cas-single,single-stream,777,1120,na,palu,Palu0713,0.5,67,1044,144,15129,45.967379738244816,0.2722489132916602,0.49370430544225363
E1,q2_x3_resunet_cas-single_seed777,cas-single,single-stream,777,1120,na,palu,Palu0714,0.5,11,136,272,15965,64.94220518862471,0.013043478260593724,0.07750117426003901
E1,q2_x3_resunet_cas-single_seed777,cas-single,single-stream,777,1120,na,palu,Palu0715,0.5,120,2661,84,13519,30.528452652242702,0.07300807300759063,0.20814824216221373
E1,q2_x3_resunet_cas-single_seed777,cas-single,single-stream,777,1120,na,palu,Palu0716,0.5,13,658,161,15552,49.51767361255979,0.08750145062037112,0.14177215189833686
E1,q2_x3_resunet_cas-single_seed777,cas-single,single-stream,777,1120,na,palu,Palu0717,0.5,39,845,87,15413,52.00932804455768,0.15292190060032979,0.22716049382671122
E1,q2_x3_resunet_cas-single_seed777,cas-single,single-stream,777,1120,na,palu,Palu0719,0.5,0,420,33,15931,48.27678891431512,0.0,0.0
E1,q2_x3_resunet_cas-single_seed777,cas-single,single-stream,777,1120,na,palu,Palu0720,0.5,33,89,42,16220,34.215257752677566,0.3867996930156194,0.3867996930156194
E1,q2_x3_resunet_cas-single_seed777,cas-single,single-stream,777,1120,na,palu,Palu0721,0.5,5,1218,62,15099,52.02015325445527,0.039325842696352684,0.06617881005371949
E1,q2_x3_resunet_cas-single_seed777,cas-single,single-stream,777,1120,na,palu,Palu0722,0.5,23,482,49,15830,40.037196274742065,0.2565597667633749,0.3718309859150108
E1,q2_x3_resunet_cas-single_seed777,cas-single,single-stream,777,1120,na,palu,Palu0725,0.5,3,3126,29,13226,61.10523044655588,0.044334975369097036,0.060957910014074954
E1,q2_x3_resunet_cas-single_seed777,cas-single,single-stream,777,1120,na,palu,Palu0726,0.5,83,1710,151,14440,38.45739763490461,0.14806505888903684,0.270531400965685
E1,q2_x3_resunet_cas-single_seed777,cas-single,single-stream,777,1120,na,palu,Palu0727,0.5,0,311,228,15845,79.05517515686697,0.0,0.0
E1,q2_x3_resunet_cas-single_seed777,cas-single,single-stream,777,1120,na,palu,Palu0728,0.5,8,769,36,15571,39.824615503479755,0.12270676691696188,0.19492385786757607
E1,q2_x3_resunet_cas-single_seed777,cas-single,single-stream,777,1120,na,palu,Palu0729,0.5,17,2031,9,14327,42.30822654532541,0.0,0.0
E1,q2_x3_resunet_cas-single_seed777,cas-single,single-stream,777,1120,na,palu,Palu0730,0.5,0,3173,23,13188,110.15602426581772,0.0,0.0
E1,q2_x3_resunet_cas-single_seed777,cas-single,single-stream,777,1120,na,palu,Palu0731,0.5,62,2393,12,13917,37.093784692971624,0.16147283340791233,0.25983299740831217
E1,q2_x3_resunet_cas-single_seed777,cas-single,single-stream,777,1120,na,palu,Palu0732,0.5,85,1272,103,14924,44.86736381938272,0.18270799347431663,0.2938755350670406
E1,q2_x3_resunet_cas-single_seed777,cas-single,single-stream,777,1120,na,palu,Palu0733,0.5,119,1159,282,14824,41.18854992028092,0.1675915305200079,0.29823985628610267
E1,q2_x3_resunet_cas-single_seed777,cas-single,single-stream,777,1120,na,palu,Palu0734,0.5,55,1001,283,15045,62.01773543473239,0.09428032683796872,0.1285583103759965
E1,q2_x3_resunet_cas-single_seed777,cas-single,single-stream,777,1120,na,palu,Palu0735,0.5,0,463,89,15832,50.774009099144415,0.0,0.0
E1,q2_x3_resunet_cas-single_seed777,cas-single,single-stream,777,1120,na,palu,Palu0736,0.5,0,360,55,15969,68.00813406977497,0.0,0.0
E1,q2_x3_resunet_cas-single_seed777,cas-single,single-stream,777,1120,na,palu,Palu0737,0.5,0,1647,88,14649,58.76640750840715,0.0,0.0
E1,q2_x3_resunet_cas-single_seed777,cas-single,single-stream,777,1120,na,palu,Palu0738,0.5,3,368,101,15912,44.02173729427749,0.039164490861294435,0.039903264812269475
E1,q2_x3_resunet_cas-single_seed777,cas-single,single-stream,777,1120,na,palu,Palu0739,0.5,0,489,75,15820,68.03891908535935,0.0,0.0
E1,q2_x3_resunet_cas-single_seed777,cas-single,single-stream,777,1120,na,palu,Palu0740,0.5,28,2276,67,14013,38.200334713459995,0.11306990881412995,0.17295813314981265
E1,q2_x3_resunet_cas-single_seed777,cas-single,single-stream,777,1120,na,palu,Palu0741,0.5,5,1277,71,15031,52.67548063658886,0.0379446640311213,0.10195164579035919
E1,q2_x3_resunet_cas-single_seed777,cas-single,single-stream,777,1120,na,palu,Palu0742,0.5,0,287,21,16076,52.423272269189354,0.0,0.0
E1,q2_x3_resunet_cas-single_seed777,cas-single,single-stream,777,1120,na,palu,Palu0743,0.5,36,98,40,16210,35.244244543346255,0.09708737864032801,0.6262626262621961
E1,q2_x3_resunet_cas-single_seed777,cas-single,single-stream,777,1120,na,palu,Palu0744,0.5,0,1456,63,14865,49.14650028222709,0.005763688760540159,0.012170385395339293
E1,q2_x3_resunet_cas-single_seed777,cas-single,single-stream,777,1120,na,palu,Palu0745,0.5,0,0,45,16339,181.01933598375618,0.0,0.0
E1,q2_x3_resunet_cas-single_seed777,cas-single,single-stream,777,1120,na,palu,Palu0750,0.5,16,1169,36,15163,47.46154487943009,0.13452914798170515,0.30349948653082415
E1,q2_x3_resunet_cas-single_seed777,cas-single,single-stream,777,1120,na,palu,Palu0751,0.5,125,1237,133,14889,21.003569406244296,0.28572497661316393,0.4793574877042337
E1,q2_x3_resunet_cas-single_seed777,cas-single,single-stream,777,1120,na,palu,Palu0752,0.5,35,1791,198,14360,41.05115981816742,0.11498076045088522,0.183904835067136
E1,q2_x3_resunet_cas-single_seed777,cas-single,single-stream,777,1120,na,palu,Palu0753,0.5,0,2136,45,14203,61.84658438426491,0.0,0.0
E1,q2_x3_resunet_cas-single_seed777,cas-single,single-stream,777,1120,na,palu,Palu0754,0.5,0,1156,26,15202,70.98729564942747,0.0,0.0
E1,q2_x3_resunet_cas-single_seed777,cas-single,single-stream,777,1120,na,palu,Palu0755,0.5,0,359,32,15993,85.88043794832129,0.0,0.0
E1,q2_x3_resunet_cas-single_seed777,cas-single,single-stream,777,1120,na,palu,Palu0756,0.5,0,1086,58,15240,69.51461549785142,0.0,0.0
E1,q2_x3_resunet_cas-single_seed777,cas-single,single-stream,777,1120,na,palu,Palu0757,0.5,15,481,26,15862,48.08326112068523,0.11548223350209043,0.23006134969282044
E1,q2_x3_resunet_cas-single_seed777,cas-single,single-stream,777,1120,na,palu,Palu0758,0.5,0,89,40,16255,70.71809496033339,0.0,0.0
E1,q2_x3_resunet_cas-single_seed777,cas-single,single-stream,777,1120,na,palu,Palu0759,0.5,0,0,48,16336,181.01933598375618,0.0,0.0
E1,q2_x3_resunet_cas-single_seed777,cas-single,single-stream,777,1120,na,palu,Palu0760,0.5,0,0,23,16361,181.01933598375618,0.0,0.0
E1,q2_x3_resunet_cas-single_seed777,cas-single,single-stream,777,1120,na,palu,Palu0761,0.5,0,0,21,16363,181.01933598375618,0.0,0.0
E1,q2_x3_resunet_cas-single_seed777,cas-single,single-stream,777,1120,na,palu,Palu0762,0.5,0,0,31,16353,181.01933598375618,0.0,0.0
E1,q2_x3_resunet_cas-single_seed777,cas-single,single-stream,777,1120,na,palu,Palu0763,0.5,0,0,72,16312,181.01933598375618,0.0,0.0
E1,q2_x3_resunet_cas-single_seed777,cas-single,single-stream,777,1120,na,palu,Palu0764,0.5,0,461,68,15855,46.13081365825865,0.0,0.0
E1,q2_x3_resunet_cas-single_seed777,cas-single,single-stream,777,1120,na,palu,Palu0772,0.5,0,2563,41,13780,42.92772344835403,0.0,0.0
E1,q2_x3_resunet_cas-single_seed777,cas-single,single-stream,777,1120,na,palu,Palu0773,0.5,10,188,82,16104,64.0488065692351,0.04622496147878594,0.16717325227921456
E1,q2_x3_resunet_cas-single_seed777,cas-single,single-stream,777,1120,na,palu,Palu0774,0.5,0,31,74,16279,84.09136771393275,0.0,0.0
E1,q2_x3_resunet_cas-single_seed777,cas-single,single-stream,777,1120,na,palu,Palu0776,0.5,0,689,20,15675,57.28001396647874,0.0,0.0
E1,q2_x3_resunet_cas-single_seed777,cas-single,single-stream,777,1120,na,palu,Palu0777,0.5,12,2705,8,13659,69.58860757040316,0.04629629629620799,0.12939208031217705
E1,q2_x3_resunet_cas-single_seed777,cas-single,single-stream,777,1120,na,palu,Palu0782,0.5,0,82,26,16276,45.18572758116153,0.0,0.0
E1,q2_x3_resunet_cas-single_seed777,cas-single,single-stream,777,1120,na,palu,Palu0783,0.5,0,0,24,16360,181.01933598375618,0.0,0.0
E1,q2_x3_resunet_cas-single_seed777,cas-single,single-stream,777,1120,na,palu,Palu0784,0.5,0,0,45,16339,181.01933598375618,0.0,0.0
E1,q2_x3_resunet_cas-single_seed777,cas-single,single-stream,777,1120,na,palu,Palu0785,0.5,0,177,128,16079,71.83131938818325,0.0,0.0
E1,q2_x3_resunet_cas-single_seed777,cas-single,single-stream,777,1120,na,palu,Palu0786,0.5,0,0,157,16227,181.01933598375618,0.0,0.0
E1,q2_x3_resunet_cas-single_seed777,cas-single,single-stream,777,1120,na,palu,Palu0787,0.5,0,0,65,16319,181.01933598375618,0.0,0.0
E1,q2_x3_resunet_cas-single_seed777,cas-single,single-stream,777,1120,na,palu,Palu0792,0.5,0,2562,37,13785,64.09484583059748,0.0,0.0
E1,q2_x3_resunet_cas-single_seed777,cas-single,single-stream,777,1120,na,palu,Palu0793,0.5,15,2153,100,14116,47.83754034639955,0.0,0.020844189681723975
E1,q2_x3_resunet_cas-single_seed777,cas-single,single-stream,777,1120,na,palu,Palu0794,0.5,10,325,159,15890,55.47071299343465,0.16426666666618714,0.2802101576178405
E1,q2_x3_resunet_cas-single_seed777,cas-single,single-stream,777,1120,na,palu,Palu0795,0.5,0,2773,82,13529,43.51233979029315,0.00539083557917048,0.07484690405947524
E1,q2_x3_resunet_cas-single_seed777,cas-single,single-stream,777,1120,na,palu,Palu0797,0.5,0,1305,20,15059,65.61724937257543,0.0,0.0
E1,q2_x3_resunet_cas-single_seed777,cas-single,single-stream,777,1120,na,palu,Palu0798,0.5,8,2931,12,13433,70.21395872616783,0.11135371179022464,0.1495124593714348
E1,q2_x3_resunet_cas-single_seed777,cas-single,single-stream,777,1120,na,palu,Palu0802,0.5,0,1479,22,14883,74.96032098490792,0.0,0.0
E1,q2_x3_resunet_cas-single_seed777,cas-single,single-stream,777,1120,na,palu,Palu0803,0.5,0,102,62,16220,70.74620847985584,0.0,0.0
E1,q2_x3_resunet_cas-single_seed777,cas-single,single-stream,777,1120,na,palu,Palu0804,0.5,25,736,42,15581,43.58207151108343,0.17204978730070025,0.2509833777434866
E1,q2_x3_resunet_cas-single_seed777,cas-single,single-stream,777,1120,na,palu,Palu0805,0.5,10,70,27,16277,51.73265047031404,0.19102749638156152,0.3846153846149445
E1,q2_x3_resunet_cas-single_seed777,cas-single,single-stream,777,1120,na,palu,Palu0806,0.5,0,1082,17,15285,72.84087911424415,0.0,0.0
E1,q2_x3_resunet_cas-single_seed777,cas-single,single-stream,777,1120,na,palu,Palu0807,0.5,0,1140,114,15130,57.31799162915645,0.0,0.0
E1,q2_x3_resunet_cas-single_seed777,cas-single,single-stream,777,1120,na,palu,Palu0808,0.5,4,26,170,16184,95.50245925594437,0.055045871559537204,0.05617977528083899
E1,q2_x3_resunet_cas-single_seed777,cas-single,single-stream,777,1120,na,palu,Palu0809,0.5,52,324,110,15898,30.386624775340863,0.37366548042654935,0.5861381627650343
E1,q2_x3_resunet_cas-single_seed777,cas-single,single-stream,777,1120,na,palu,Palu0810,0.5,0,826,95,15463,58.137767414994535,0.0,0.0
E1,q2_x3_resunet_cas-single_seed777,cas-single,single-stream,777,1120,na,palu,Palu0814,0.5,11,3092,16,13265,47.5078695779709,0.0,0.031176929072298055
E1,q2_x3_resunet_cas-single_seed777,cas-single,single-stream,777,1120,na,palu,Palu0815,0.5,61,2591,43,13689,28.832542299850267,0.0,0.042704626334021854
E1,q2_x3_resunet_cas-single_seed777,cas-single,single-stream,777,1120,na,palu,Palu0816,0.5,43,2206,234,13901,40.71216210713438,0.21916216373203767,0.30488149782180884
E1,q2_x3_resunet_cas-single_seed777,cas-single,single-stream,777,1120,na,palu,Palu0817,0.5,71,428,240,15645,43.56368430898359,0.3788263741650394,0.5380766958802377
E1,q2_x3_resunet_cas-single_seed777,cas-single,single-stream,777,1120,na,palu,Palu0818,0.5,0,558,146,15680,63.15583301951609,0.0,0.0
E1,q2_x3_resunet_cas-single_seed777,cas-single,single-stream,777,1120,na,palu,Palu0819,0.5,0,532,69,15783,115.22604631489266,0.0,0.0
E1,q2_x3_resunet_cas-single_seed777,cas-single,single-stream,777,1120,na,palu,Palu0820,0.5,0,174,73,16137,48.80778394218797,0.0,0.0
E1,q2_x3_resunet_cas-single_seed777,cas-single,single-stream,777,1120,na,palu,Palu0827,0.5,0,1380,20,14984,54.91812087098393,0.0,0.0
E1,q2_x3_resunet_cas-single_seed777,cas-single,single-stream,777,1120,na,palu,Palu0828,0.5,2,802,49,15531,50.03098850901103,0.02318840579669471,0.0869976359333083
E1,q2_x3_resunet_cas-single_seed777,cas-single,single-stream,777,1120,na,palu,Palu0829,0.5,43,3035,15,13291,51.66236541235796,0.0,0.0
E1,q2_x3_resunet_cas-single_seed777,cas-single,single-stream,777,1120,na,palu,Palu0830,0.5,5,834,59,15486,49.212731780993714,0.05405405405382031,0.14285714285678006
E1,q2_x3_resunet_cas-single_seed777,cas-single,single-stream,777,1120,na,palu,Palu0831,0.5,43,6,132,16203,64.56957184359902,0.4090909090905836,0.4946236559136062
E1,q2_x3_resunet_cas-single_seed777,cas-single,single-stream,777,1120,na,palu,Palu0832,0.5,89,835,198,15262,60.810762562354626,0.17047885469754187,0.29753306443998667
E1,q2_x3_resunet_cas-single_seed777,cas-single,single-stream,777,1120,na,palu,Palu0833,0.5,0,94,211,16079,56.06246232402401,0.0,0.0
E1,q2_x3_resunet_cas-single_seed777,cas-single,single-stream,777,1120,na,palu,Palu0834,0.5,29,1421,42,14892,49.22397160738647,0.10162204416621468,0.1883929181758503
E1,q2_x3_resunet_cas-single_seed777,cas-single,single-stream,777,1120,na,palu,Palu0837,0.5,10,3443,13,12918,41.5522694398789,0.0,0.0
E1,q2_x3_resunet_cas-single_seed777,cas-single,single-stream,777,1120,na,palu,Palu0838,0.5,0,1855,25,14504,59.03549734631022,0.0,0.0
E1,q2_x3_resunet_cas-single_seed777,cas-single,single-stream,777,1120,na,palu,Palu0839,0.5,4,1501,95,14784,44.40720662234904,0.02641426370221205,0.028092705929476804
E1,q2_x3_resunet_cas-single_seed777,cas-single,single-stream,777,1120,na,palu,Palu0840,0.5,9,622,181,15572,68.25869841595085,0.06741573033665597,0.09544468546599234
E1,q2_x3_resunet_cas-single_seed777,cas-single,single-stream,777,1120,na,palu,Palu0841,0.5,3,165,233,15983,53.66319186760845,0.0467289719621221,0.060455192033652315
E1,q2_x3_resunet_cas-single_seed777,cas-single,single-stream,777,1120,na,palu,Palu0842,0.5,0,1614,179,14591,56.474652872351015,0.005167958655833557,0.02334630350152275
E1,q2_x3_resunet_cas-single_seed777,cas-single,single-stream,777,1120,na,palu,Palu0843,0.5,27,2220,162,13975,41.08526635073239,0.10719754976984365,0.15031821396050965
E1,q2_x3_resunet_cas-single_seed777,cas-single,single-stream,777,1120,na,palu,Palu0844,0.5,108,3459,105,12712,35.458708976544756,0.032921810699102716,0.05569620253119618
E1,q2_x3_resunet_cas-single_seed777,cas-single,single-stream,777,1120,na,palu,Palu0845,0.5,87,2781,73,13443,44.68780594300866,0.06838425438144,0.1353907416621851
E1,q2_x3_resunet_cas-single_seed777,cas-single,single-stream,777,1120,na,palu,Palu0846,0.5,90,1794,0,14500,64.2560430745158,0.15876708345427423,0.22724637681137164
E1,q2_x3_resunet_cas-single_seed777,cas-single,single-stream,777,1120,na,palu,Palu0847,0.5,13,2686,41,13644,34.88552708502482,0.0,0.0
E1,q2_x3_resunet_cas-single_seed777,cas-single,single-stream,777,1120,na,palu,Palu0848,0.5,0,2880,54,13450,84.38127738617199,0.0,0.0
E1,q2_x3_resunet_cas-single_seed777,cas-single,single-stream,777,1120,na,palu,Palu0849,0.5,5,3266,49,13064,71.24417843117989,0.052671181339108926,0.0701754385962253
E1,q2_x3_resunet_cas-single_seed777,cas-single,single-stream,777,1120,na,palu,Palu0850,0.5,46,3465,99,12774,62.96824596572466,0.15691962197021922,0.25636993680982084
E1,q2_x3_resunet_cas-single_seed777,cas-single,single-stream,777,1120,na,palu,Palu0851,0.5,0,703,91,15590,106.26933913467836,0.0,0.0
E1,q2_x3_resunet_cas-single_seed777,cas-single,single-stream,777,1120,na,palu,Palu0852,0.5,0,2048,341,13995,115.16293095726654,0.0,0.0
E1,q2_x3_resunet_cas-single_seed777,cas-single,single-stream,777,1120,na,palu,Palu0853,0.5,0,334,619,15431,64.53289733276397,0.0,0.0
E1,q2_x3_resunet_cas-single_seed777,cas-single,single-stream,777,1120,na,palu,Palu0854,0.5,52,75,415,15842,85.88247551996258,0.27371925282008375,0.42216873739637184
E1,q2_x3_resunet_cas-single_seed777,cas-single,single-stream,777,1120,na,palu,Palu0855,0.5,286,1610,43,14445,41.79417513187224,0.09039735099288145,0.27800741918340155
E1,q2_x3_resunet_cas-single_seed777,cas-single,single-stream,777,1120,na,palu,Palu0856,0.5,0,0,220,16164,181.01933598375618,0.0,0.0
E1,q2_x3_resunet_cas-single_seed777,cas-single,single-stream,777,1120,na,palu,Palu0857,0.5,50,1782,121,14431,52.89575818556663,0.08874575058100251,0.17796079133420747
E1,q2_x3_resunet_cas-single_seed777,cas-single,single-stream,777,1120,na,palu,Palu0858,0.5,18,628,75,15663,48.299572463532634,0.12422360248397438,0.20869565217344485
E1,q2_x3_resunet_cas-single_seed777,cas-single,single-stream,777,1120,na,palu,Palu0862,0.5,0,482,33,15869,57.31663732850897,0.0,0.034782608695342755
E1,q2_x3_resunet_cas-single_seed777,cas-single,single-stream,777,1120,na,palu,Palu0863,0.5,18,1596,82,14688,47.249134725918644,0.029339853300269003,0.0982264665752204
E1,q2_x3_resunet_cas-single_seed777,cas-single,single-stream,777,1120,na,palu,Palu0864,0.5,12,1102,84,15186,54.68050650292824,0.10193726937222428,0.1898734177210191
E1,q2_x3_resunet_cas-single_seed777,cas-single,single-stream,777,1120,na,palu,Palu0865,0.5,0,539,117,15728,58.925351546923466,0.0,0.0
E1,q2_x3_resunet_cas-single_seed777,cas-single,single-stream,777,1120,na,palu,Palu0866,0.5,0,1139,251,14994,50.30479461339622,0.0,0.0
E1,q2_x3_resunet_cas-single_seed777,cas-single,single-stream,777,1120,na,palu,Palu0867,0.5,97,2202,200,13885,43.18564576337837,0.13433611756093508,0.22855277120185297
E1,q2_x3_resunet_cas-single_seed777,cas-single,single-stream,777,1120,na,palu,Palu0868,0.5,135,4176,167,11906,30.43352456027691,0.09400459577974332,0.17985452942423052
E1,q2_x3_resunet_cas-single_seed777,cas-single,single-stream,777,1120,na,palu,Palu0869,0.5,67,2832,193,13292,43.44647771806464,0.07897984368526412,0.14156101664315024
E1,q2_x3_resunet_cas-single_seed777,cas-single,single-stream,777,1120,na,palu,Palu0870,0.5,0,3337,168,12879,63.18095541411825,0.0,0.0
E1,q2_x3_resunet_cas-single_seed777,cas-single,single-stream,777,1120,na,palu,Palu0871,0.5,50,2714,71,13549,51.465277281402884,0.018867924527857443,0.046072838964003784
E1,q2_x3_resunet_cas-single_seed777,cas-single,single-stream,777,1120,na,palu,Palu0872,0.5,0,2584,51,13749,62.00806399170998,0.0,0.0
E1,q2_x3_resunet_cas-single_seed777,cas-single,single-stream,777,1120,na,palu,Palu0873,0.5,28,2984,113,13259,49.20365840057018,0.03484995159680583,0.14335943742958565
E1,q2_x3_resunet_cas-single_seed777,cas-single,single-stream,777,1120,na,palu,Palu0874,0.5,114,1474,147,14649,46.07811348510735,0.3948150401267965,0.4973011806738776
E1,q2_x3_resunet_cas-single_seed777,cas-single,single-stream,777,1120,na,palu,Palu0875,0.5,36,2169,84,14095,51.25329165805904,0.12968967114372146,0.2284843868998499
E1,q2_x3_resunet_cas-single_seed777,cas-single,single-stream,777,1120,na,palu,Palu0876,0.5,24,208,577,15575,48.98457423696703,0.16901408450654526,0.20346372774566088
E1,q2_x3_resunet_cas-single_seed777,cas-single,single-stream,777,1120,na,palu,Palu0877,0.5,762,180,162,15280,41.562597646892776,0.6618114059255444,0.865523321044542
E1,q2_x3_resunet_cas-single_seed777,cas-single,single-stream,777,1120,na,palu,Palu0878,0.5,62,419,630,15273,74.35622876161872,0.18828198203121438,0.2862335302131465
E1,q2_x3_resunet_cas-single_seed777,cas-single,single-stream,777,1120,na,palu,Palu0879,0.5,173,387,456,15368,52.66391629085935,0.4044584075396391,0.562776859503706
E1,q2_x3_resunet_cas-single_seed777,cas-single,single-stream,777,1120,na,palu,Palu0880,0.5,49,495,308,15532,38.98707029522955,0.1756936368162981,0.2306449608545362
E1,q2_x3_resunet_cas-single_seed777,cas-single,single-stream,777,1120,na,palu,Palu0881,0.5,223,1085,193,14883,62.893182173893415,0.2587161671674226,0.4337957124837661
E1,q2_x3_resunet_cas-single_seed777,cas-single,single-stream,777,1120,na,palu,Palu0882,0.5,9,18,312,16045,61.036872864642646,0.10771257134482931,0.10798650168717895
E1,q2_x3_resunet_cas-single_seed777,cas-single,single-stream,777,1120,na,palu,Palu0887,0.5,5,1356,22,15001,67.67123541301811,0.021141649048217886,0.0827205882349472
E1,q2_x3_resunet_cas-single_seed777,cas-single,single-stream,777,1120,na,palu,Palu0888,0.5,3,1544,146,14691,50.59644256269407,0.004329004328580226,0.017188459176931882
E1,q2_x3_resunet_cas-single_seed777,cas-single,single-stream,777,1120,na,palu,Palu0889,0.5,64,854,406,15060,41.245595576166636,0.17347667556241325,0.25812988281202337
E1,q2_x3_resunet_cas-single_seed777,cas-single,single-stream,777,1120,na,palu,Palu0890,0.5,32,117,454,15781,43.86342439892262,0.1331058020475483,0.23340059808881694
E1,q2_x3_resunet_cas-single_seed777,cas-single,single-stream,777,1120,na,palu,Palu0891,0.5,0,2214,295,13875,52.9630789467763,0.0,0.011357183418133965
E1,q2_x3_resunet_cas-single_seed777,cas-single,single-stream,777,1120,na,palu,Palu0892,0.5,140,1483,148,14613,21.0,0.2781781682951676,0.4708427999562332
E1,q2_x3_resunet_cas-single_seed777,cas-single,single-stream,777,1120,na,palu,Palu0893,0.5,22,3059,255,13048,35.19942034887751,0.07796547243313884,0.0976983107769397
E1,q2_x3_resunet_cas-single_seed777,cas-single,single-stream,777,1120,na,palu,Palu0894,0.5,45,2774,140,13425,31.012093628906236,0.12121212121167863,0.21094932414752743
E1,q2_x3_resunet_cas-single_seed777,cas-single,single-stream,777,1120,na,palu,Palu0895,0.5,73,1689,41,14581,49.63647379657849,0.0592991913743012,0.18252323326831685
E1,q2_x3_resunet_cas-single_seed777,cas-single,single-stream,777,1120,na,palu,Palu0896,0.5,0,2129,79,14176,62.0004031995855,0.0,0.0
E1,q2_x3_resunet_cas-single_seed777,cas-single,single-stream,777,1120,na,palu,Palu0898,0.5,47,2310,90,13937,43.86992126395292,0.1368399424692538,0.2588235294112897
E1,q2_x3_resunet_cas-single_seed777,cas-single,single-stream,777,1120,na,palu,Palu0899,0.5,19,299,163,15903,67.76072066539618,0.1147410358561044,0.20060008572609103
E1,q2_x3_resunet_cas-single_seed777,cas-single,single-stream,777,1120,na,palu,Palu0900,0.5,1,1656,44,14683,64.68871436782399,0.03652173913020282,0.07401315789444046
E1,q2_x3_resunet_cas-single_seed777,cas-single,single-stream,777,1120,na,palu,Palu0901,0.5,6,1167,267,14944,46.9011088428245,0.0,0.03663003662959465
E1,q2_x3_resunet_cas-single_seed777,cas-single,single-stream,777,1120,na,palu,Palu0902,0.5,11,1424,404,14545,43.92712674118137,0.01843317972300538,0.07600434310483754
E1,q2_x3_resunet_cas-single_seed777,cas-single,single-stream,777,1120,na,palu,Palu0903,0.5,156,903,255,15070,38.79616374068333,0.2868199408144456,0.4911025267552827
E1,q2_x3_resunet_cas-single_seed777,cas-single,single-stream,777,1120,na,palu,Palu0904,0.5,198,1318,722,14146,41.677331968349414,0.2869796279889136,0.4466512791663171
E1,q2_x3_resunet_cas-single_seed777,cas-single,single-stream,777,1120,na,palu,Palu0905,0.5,275,1973,684,13452,36.52106401684177,0.2967380832220105,0.47665987393917436
E1,q2_x3_resunet_cas-single_seed777,cas-single,single-stream,777,1120,na,palu,Palu0906,0.5,6,161,550,15667,64.74236090104502,0.02342834830131675,0.02389758179222351
E1,q2_x3_resunet_cas-single_seed777,cas-single,single-stream,777,1120,na,palu,Palu0907,0.5,2,2100,246,14036,52.16800035676789,0.01163467132005604,0.014524328249445084
E1,q2_x3_resunet_cas-single_seed777,cas-single,single-stream,777,1120,na,palu,Palu0911,0.5,8,2575,17,13784,54.80144587041749,0.07563025210065233,0.10778443113746998
E1,q2_x3_resunet_cas-single_seed777,cas-single,single-stream,777,1120,na,palu,Palu0912,0.5,6,1589,35,14754,67.4166151627327,0.015594541909896408,0.030335861321306525
E1,q2_x3_resunet_cas-single_seed777,cas-single,single-stream,777,1120,na,palu,Palu0913,0.5,22,382,120,15860,50.45710538151142,0.20295775798626367,0.30640149160921704
E1,q2_x3_resunet_cas-single_seed777,cas-single,single-stream,777,1120,na,palu,Palu0914,0.5,43,516,433,15392,44.63405959597858,0.14764687788331807,0.215582799927374
E1,q2_x3_resunet_cas-single_seed777,cas-single,single-stream,777,1120,na,palu,Palu0915,0.5,17,130,472,15765,47.504198280584475,0.12173913043451617,0.16872180451095892
E1,q2_x3_resunet_cas-single_seed777,cas-single,single-stream,777,1120,na,palu,Palu0916,0.5,0,50,148,16186,62.05843722435924,0.0,0.0
E1,q2_x3_resunet_cas-single_seed777,cas-single,single-stream,777,1120,na,palu,Palu0917,0.5,66,737,45,15536,25.334594632587496,0.21602160215976823,0.30083156693253366
E1,q2_x3_resunet_cas-single_seed777,cas-single,single-stream,777,1120,na,palu,Palu0918,0.5,5,397,110,15872,52.19521239272901,0.0706566916038966,0.08036739379989506
E1,q2_x3_resunet_cas-single_seed777,cas-single,single-stream,777,1120,na,palu,Palu0919,0.5,29,1827,29,14499,34.92849839314596,0.09945994599425416,0.2618786949853251
E1,q2_x3_resunet_cas-single_seed777,cas-single,single-stream,777,1120,na,palu,Palu0920,0.5,0,1993,65,14326,53.150729063673246,0.0,0.0
E1,q2_x3_resunet_cas-single_seed777,cas-single,single-stream,777,1120,na,palu,Palu0921,0.5,0,2766,70,13548,74.33034373659252,0.0,0.0
E1,q2_x3_resunet_cas-single_seed777,cas-single,single-stream,777,1120,na,palu,Palu0922,0.5,0,2506,415,13463,74.46475676452586,0.0,0.0
E1,q2_x3_resunet_cas-single_seed777,cas-single,single-stream,777,1120,na,palu,Palu0923,0.5,0,1870,418,14096,89.61966483264969,0.0,0.0
E1,q2_x3_resunet_cas-single_seed777,cas-single,single-stream,777,1120,na,palu,Palu0924,0.5,36,1360,65,14923,56.85463904430727,0.10573292138649046,0.21046950890406624
E1,q2_x3_resunet_cas-single_seed777,cas-single,single-stream,777,1120,na,palu,Palu0925,0.5,15,1484,75,14810,44.28317965096906,0.08026755852802701,0.13688212927713458
E1,q2_x3_resunet_cas-single_seed777,cas-single,single-stream,777,1120,na,palu,Palu0926,0.5,0,333,33,16018,73.62064176026247,0.0,0.0
E1,q2_x3_resunet_cas-single_seed777,cas-single,single-stream,777,1120,na,palu,Palu0928,0.5,23,380,204,15777,51.708246067999376,0.169778549717321,0.2084484800628399
E1,q2_x3_resunet_cas-single_seed777,cas-single,single-stream,777,1120,na,palu,Palu0929,0.5,143,177,218,15846,58.78093798120045,0.2995720399426173,0.4661400163439574
E1,q2_x3_resunet_cas-single_seed777,cas-single,single-stream,777,1120,na,palu,Palu0930,0.5,1,440,871,15072,86.27282287262538,0.004393190554539447,0.0045473336088900146
E1,q2_x3_resunet_cas-single_seed777,cas-single,single-stream,777,1120,na,palu,Palu0931,0.5,893,751,536,14204,43.28969702984784,0.2560201489200913,0.42217310901593164
E1,q2_x3_resunet_cas-single_seed777,cas-single,single-stream,777,1120,na,palu,Palu0932,0.5,2,60,758,15564,68.69493942250392,0.012598425196777658,0.012598425196777658
E1,q2_x3_resunet_cas-single_seed777,cas-single,single-stream,777,1120,na,palu,Palu0933,0.5,0,150,59,16175,56.63739506731718,0.0,0.0
E1,q2_x3_resunet_cas-single_seed777,cas-single,single-stream,777,1120,na,palu,Palu0937,0.5,0,1663,57,14664,87.37601983201509,0.0,0.0
E1,q2_x3_resunet_cas-single_seed777,cas-single,single-stream,777,1120,na,palu,Palu0938,0.5,217,2537,273,13357,46.29679080817522,0.1767220902608101,0.3238075774601551
E1,q2_x3_resunet_cas-single_seed777,cas-single,single-stream,777,1120,na,palu,Palu0939,0.5,973,1515,2000,11896,41.18615482150165,0.18196931639489844,0.2663226346341086
E1,q2_x3_resunet_cas-single_seed777,cas-single,single-stream,777,1120,na,palu,Palu0940,0.5,1735,2261,1104,11284,29.617046521882113,0.15061232774708205,0.24508320726122487
E1,q2_x3_resunet_cas-single_seed777,cas-single,single-stream,777,1120,na,palu,Palu0941,0.5,14,2164,311,13895,50.19756630616299,0.01941747572765534,0.025889967637096008
E1,q2_x3_resunet_cas-single_seed777,cas-single,single-stream,777,1120,na,palu,Palu0942,0.5,43,352,18,15971,38.47076812334269,0.2692885429464737,0.43043478260828244
E1,q2_x3_resunet_cas-single_seed777,cas-single,single-stream,777,1120,na,palu,Palu0943,0.5,0,4638,35,11711,100.14239627999025,0.0,0.0
E1,q2_x3_resunet_cas-single_seed777,cas-single,single-stream,777,1120,na,palu,Palu0945,0.5,6,63,155,16160,65.02730715619956,0.0778210116729146,0.08205128205111727
E1,q2_x3_resunet_cas-single_seed777,cas-single,single-stream,777,1120,na,palu,Palu0946,0.5,105,412,338,15529,55.76105008233239,0.24011916583870846,0.35495386897824244
E1,q2_x3_resunet_cas-single_seed777,cas-single,single-stream,777,1120,na,palu,Palu0947,0.5,155,786,756,14687,63.99606462570965,0.1482493595214246,0.2636107812674339
E1,q2_x3_resunet_cas-single_seed777,cas-single,single-stream,777,1120,na,palu,Palu0948,0.5,276,830,941,14337,35.381491129320075,0.2575918655196424,0.44545446237322234
E1,q2_x3_resunet_cas-single_seed777,cas-single,single-stream,777,1120,na,palu,Palu0949,0.5,1,634,678,15071,73.51481364585341,0.016638935107947263,0.036570162072102064
E1,q2_x3_resunet_cas-single_seed777,cas-single,single-stream,777,1120,na,palu,Palu0950,0.5,0,15,93,16276,75.79490986061177,0.0,0.0
E1,q2_x3_resunet_cas-single_seed777,cas-single,single-stream,777,1120,na,palu,Palu0952,0.5,0,167,40,16177,78.03031636971748,0.0,0.0
E1,q2_x3_resunet_cas-single_seed777,cas-single,single-stream,777,1120,na,palu,Palu0953,0.5,106,1577,576,14125,43.91520261856547,0.09466808620800912,0.14868120923923747
E1,q2_x3_resunet_cas-single_seed777,cas-single,single-stream,777,1120,na,palu,Palu0954,0.5,455,2725,2389,10815,35.55810888416772,0.21471445974335238,0.34113219513741855
E1,q2_x3_resunet_cas-single_seed777,cas-single,single-stream,777,1120,na,palu,Palu0955,0.5,345,3503,2152,10384,38.45516131371901,0.13275788705805028,0.25611796047284985
E1,q2_x3_resunet_cas-single_seed777,cas-single,single-stream,777,1120,na,palu,Palu0956,0.5,10,2368,326,13680,64.036036553285,0.06974716652093466,0.0860046911645022
E1,q2_x3_resunet_cas-single_seed777,cas-single,single-stream,777,1120,na,palu,Palu0957,0.5,36,1156,31,15161,40.80441152620633,0.12146694697468172,0.23038525534332116
E1,q2_x3_resunet_cas-single_seed777,cas-single,single-stream,777,1120,na,palu,Palu0958,0.5,0,1652,26,14706,57.60728241321674,0.0,0.0
E1,q2_x3_resunet_cas-single_seed777,cas-single,single-stream,777,1120,na,palu,Palu0959,0.5,0,633,33,15718,89.44551374836786,0.0,0.0
E1,q2_x3_resunet_cas-single_seed777,cas-single,single-stream,777,1120,na,palu,Palu0960,0.5,42,14,564,15764,44.401569750266596,0.2258145742053649,0.26315789473661355
E1,q2_x3_resunet_cas-single_seed777,cas-single,single-stream,777,1120,na,palu,Palu0961,0.5,445,1178,587,14174,42.0564388612645,0.2245085661724938,0.4684121129497187
E1,q2_x3_resunet_cas-single_seed777,cas-single,single-stream,777,1120,na,palu,Palu0962,0.5,142,443,917,14882,41.877201077195686,0.2478950498647306,0.35569571166177283
E1,q2_x3_resunet_cas-single_seed777,cas-single,single-stream,777,1120,na,palu,Palu0963,0.5,116,697,666,14905,61.45523830010889,0.20029433935135577,0.35070153837789997
E1,q2_x3_resunet_cas-single_seed777,cas-single,single-stream,777,1120,na,palu,Palu0964,0.5,10,387,205,15782,72.84327486779678,0.0,0.03669724770614628
E1,q2_x3_resunet_cas-single_seed777,cas-single,single-stream,777,1120,na,palu,Palu0965,0.5,0,576,34,15774,82.95724621685636,0.0,0.0
E1,q2_x3_resunet_cas-single_seed777,cas-single,single-stream,777,1120,na,palu,Palu0967,0.5,64,1404,339,14577,43.88848389020999,0.10916724982462206,0.19888496984826012
E1,q2_x3_resunet_cas-single_seed777,cas-single,single-stream,777,1120,na,palu,Palu0968,0.5,107,922,475,14880,49.982487732819926,0.04763849190121687,0.14058050656915658
E1,q2_x3_resunet_cas-single_seed777,cas-single,single-stream,777,1120,na,palu,Palu0969,0.5,53,3988,183,12160,47.28843082113867,0.08378588052704514,0.1353189924614228
E1,q2_x3_resunet_cas-single_seed777,cas-single,single-stream,777,1120,na,palu,Palu0970,0.5,32,766,37,15549,45.717988728437795,0.2232558139531265,0.29557873820127967
E1,q2_x3_resunet_cas-single_seed777,cas-single,single-stream,777,1120,na,palu,Palu0971,0.5,5,1141,97,15141,34.23448553724738,0.07868852458972095,0.15871121718328313
E1,q2_x3_resunet_cas-single_seed777,cas-single,single-stream,777,1120,na,palu,Palu0972,0.5,12,888,153,15331,38.95116521959312,0.07530255490770844,0.14627105052082928
E1,q2_x3_resunet_cas-single_seed777,cas-single,single-stream,777,1120,na,palu,Palu0973,0.5,13,2594,151,13626,49.51358122027764,0.05541561712814772,0.10236911377560572
E1,q2_x3_resunet_cas-single_seed777,cas-single,single-stream,777,1120,na,palu,Palu0974,0.5,396,1153,524,14311,30.53843079805355,0.25950682469201874,0.4283024246136532
E1,q2_x3_resunet_cas-single_seed777,cas-single,single-stream,777,1120,na,palu,Palu0975,0.5,64,277,1105,14938,49.16294363566686,0.08245981830870631,0.13895058806378144
E1,q2_x3_resunet_cas-single_seed777,cas-single,single-stream,777,1120,na,palu,Palu0976,0.5,96,457,611,15220,54.57288538001887,0.1639200714520819,0.2731918111594614
E1,q2_x3_resunet_cas-single_seed777,cas-single,single-stream,777,1120,na,palu,Palu0977,0.5,163,795,301,15125,47.19219889752093,0.22229832809201125,0.40022805017067575
E1,q2_x3_resunet_cas-single_seed777,cas-single,single-stream,777,1120,na,palu,Palu0978,0.5,0,435,89,15860,72.89581110903693,0.0,0.0
E1,q2_x3_resunet_cas-single_seed777,cas-single,single-stream,777,1120,na,palu,Palu0980,0.5,16,1255,125,14988,48.60041152089147,0.07479964381075037,0.13566397077956882
E1,q2_x3_resunet_cas-single_seed777,cas-single,single-stream,777,1120,na,palu,Palu0981,0.5,133,2484,163,13604,35.58837418275009,0.09376664890736586,0.1644774414615838
E1,q2_x3_resunet_cas-single_seed777,cas-single,single-stream,777,1120,na,palu,Palu0982,0.5,10,3394,150,12830,52.42225128146964,0.043478260869077925,0.05880452342443804
E1,q2_x3_resunet_cas-single_seed777,cas-single,single-stream,777,1120,na,palu,Palu0984,0.5,28,1149,139,15068,64.96606601068322,0.03709428129779994,0.11566979733019843
E1,q2_x3_resunet_cas-single_seed777,cas-single,single-stream,777,1120,na,palu,Palu0985,0.5,63,580,288,15453,47.65284115932687,0.10667769278441468,0.27155676941049184
E1,q2_x3_resunet_cas-single_seed777,cas-single,single-stream,777,1120,na,palu,Palu0986,0.5,45,1070,311,14958,53.385933311934245,0.0976239669416579,0.1513434472669612
E1,q2_x3_resunet_cas-single_seed777,cas-single,single-stream,777,1120,na,palu,Palu0987,0.5,96,505,453,15330,36.88563344339358,0.23189363890069428,0.30874362852137344
E1,q2_x3_resunet_cas-single_seed777,cas-single,single-stream,777,1120,na,palu,Palu0988,0.5,150,915,360,14959,43.657759905886145,0.24577191621364253,0.44566806022863337
E1,q2_x3_resunet_cas-single_seed777,cas-single,single-stream,777,1120,na,palu,Palu0989,0.5,33,433,207,15711,67.5314855538194,0.10303030302990089,0.20320010118870557
E1,q2_x3_resunet_cas-single_seed777,cas-single,single-stream,777,1120,na,palu,Palu0990,0.5,0,0,133,16251,181.01933598375618,0.0,0.0
E1,q2_x3_resunet_cas-single_seed777,cas-single,single-stream,777,1120,na,palu,Palu0991,0.5,0,971,30,15383,61.534726099560835,0.0,0.0
E1,q2_x3_resunet_cas-single_seed777,cas-single,single-stream,777,1120,na,palu,Palu0993,0.5,0,2185,19,14180,103.29326922415308,0.0,0.0
E1,q2_x3_resunet_cas-single_seed777,cas-single,single-stream,777,1120,na,palu,Palu0994,0.5,28,943,208,15205,53.8191413757432,0.15083179297547097,0.2373309287641599
E1,q2_x3_resunet_cas-single_seed777,cas-single,single-stream,777,1120,na,palu,Palu0995,0.5,144,805,386,15049,38.619821778503265,0.2486917632951948,0.4415616472164953
E1,q2_x3_resunet_cas-single_seed777,cas-single,single-stream,777,1120,na,palu,Palu0996,0.5,107,1921,591,13765,34.0,0.1379172944497112,0.23597012066609255
E1,q2_x3_resunet_cas-single_seed777,cas-single,single-stream,777,1120,na,palu,Palu0997,0.5,184,330,380,15490,58.281188776246466,0.3486175510901581,0.4572717023671653
E1,q2_x3_resunet_cas-single_seed777,cas-single,single-stream,777,1120,na,palu,Palu0998,0.5,55,148,216,15965,76.55324904004736,0.2309368191718034,0.34742066476132055
E1,q2_x3_resunet_cas-single_seed777,cas-single,single-stream,777,1120,na,palu,Palu0999,0.5,0,26,135,16223,66.31248700432181,0.0,0.0
E1,q2_x3_resunet_cas-single_seed777,cas-single,single-stream,777,1120,na,palu,Palu1000,0.5,2,124,57,16201,62.99247737531076,0.07164179104435973,0.14328358208913586
E1,q2_x3_resunet_cas-single_seed777,cas-single,single-stream,777,1120,na,palu,Palu1001,0.5,0,173,19,16192,48.42393160475214,0.0,0.0
E1,q2_x3_resunet_cas-single_seed777,cas-single,single-stream,777,1120,na,palu,Palu1004,0.5,0,1639,18,14727,97.4609764381678,0.0,0.0
E1,q2_x3_resunet_cas-single_seed777,cas-single,single-stream,777,1120,na,palu,Palu1005,0.5,0,2078,61,14245,76.29112295519852,0.0,0.0
E1,q2_x3_resunet_cas-single_seed777,cas-single,single-stream,777,1120,na,palu,Palu1006,0.5,95,904,334,15051,45.55106417549621,0.20928738120154108,0.33860989629466315
E1,q2_x3_resunet_cas-single_seed777,cas-single,single-stream,777,1120,na,palu,Palu1007,0.5,191,1057,1083,14053,38.47661573224295,0.2615001601875689,0.36057692307655537
E1,q2_x3_resunet_cas-single_seed777,cas-single,single-stream,777,1120,na,palu,Palu1008,0.5,250,1276,1034,13824,38.897300677553446,0.2299306790145123,0.37016224365634987
E1,q2_x3_resunet_cas-single_seed777,cas-single,single-stream,777,1120,na,palu,Palu1009,0.5,202,1135,378,14669,52.7976612971459,0.17416286270593265,0.3324360016249921
E1,q2_x3_resunet_cas-single_seed777,cas-single,single-stream,777,1120,na,palu,Palu1010,0.5,15,268,227,15874,60.48343734945147,0.013215859030472114,0.09323605787036758
E1,q2_x3_resunet_cas-single_seed777,cas-single,single-stream,777,1120,na,palu,Palu1011,0.5,6,389,62,15927,61.16618950042995,0.022257551668948224,0.12411118293429502
E1,q2_x3_resunet_cas-single_seed777,cas-single,single-stream,777,1120,na,palu,Palu1012,0.5,1,10,43,16330,86.71364095807739,0.08556149732609249,0.1666666666665139
E1,q2_x3_resunet_cas-single_seed777,cas-single,single-stream,777,1120,na,palu,Palu1013,0.5,0,414,19,15951,58.55417603027141,0.0,0.06417112299432857
E1,q2_x3_resunet_cas-single_seed777,cas-single,single-stream,777,1120,na,palu,Palu1016,0.5,0,252,19,16113,52.53268888374029,0.0,0.0
E1,q2_x3_resunet_cas-single_seed777,cas-single,single-stream,777,1120,na,palu,Palu1017,0.5,14,2914,58,13398,47.98903358435655,0.12992841115467027,0.21501706484595365
E1,q2_x3_resunet_cas-single_seed777,cas-single,single-stream,777,1120,na,palu,Palu1018,0.5,236,1372,270,14506,31.96219914449517,0.2255088592761299,0.41981204744984135
E1,q2_x3_resunet_cas-single_seed777,cas-single,single-stream,777,1120,na,palu,Palu1019,0.5,461,981,1197,13745,32.50531962540374,0.32794140175052655,0.505733312044903
E1,q2_x3_resunet_cas-single_seed777,cas-single,single-stream,777,1120,na,palu,Palu1020,0.5,307,855,1221,14001,46.70331187782078,0.20253164556929723,0.3438894905043786
E1,q2_x3_resunet_cas-single_seed777,cas-single,single-stream,777,1120,na,palu,Palu1021,0.5,46,358,381,15599,53.3628862536016,0.15708764493163743,0.23665861858846318
E1,q2_x3_resunet_cas-single_seed777,cas-single,single-stream,777,1120,na,palu,Palu1022,0.5,20,52,116,16196,67.09133815140046,0.20779220779191027,0.24060150375913256
E1,q2_x3_resunet_cas-single_seed777,cas-single,single-stream,777,1120,na,palu,Palu1023,0.5,7,622,17,15738,48.115459210628806,0.1252006420542965,0.14084507042223016
E1,q2_x3_resunet_cas-single_seed777,cas-single,single-stream,777,1120,na,palu,Palu1028,0.5,0,2939,59,13386,59.735041210352534,0.00615384615354899,0.03187250995966115
E1,q2_x3_resunet_cas-single_seed777,cas-single,single-stream,777,1120,na,palu,Palu1029,0.5,62,146,303,15873,52.30005942287701,0.2270531400962781,0.3256094617423166
E1,q2_x3_resunet_cas-single_seed777,cas-single,single-stream,777,1120,na,palu,Palu1030,0.5,309,867,848,14360,56.26274319556411,0.2181093084379777,0.37659349898889705
E1,q2_x3_resunet_cas-single_seed777,cas-single,single-stream,777,1120,na,palu,Palu1031,0.5,182,698,1105,14399,62.126547345595796,0.20203026549598085,0.2784058733109347
E1,q2_x3_resunet_cas-single_seed777,cas-single,single-stream,777,1120,na,palu,Palu1032,0.5,27,872,447,15038,65.76321126624701,0.034898213543486614,0.08699176009697918
E1,q2_x3_resunet_cas-single_seed777,cas-single,single-stream,777,1120,na,palu,Palu1033,0.5,0,125,38,16221,71.42128534267638,0.0,0.0
E1,q2_x3_resunet_cas-single_seed777,cas-single,single-stream,777,1120,na,palu,Palu1034,0.5,0,0,19,16365,181.01933598375618,0.0,0.0
E1,q2_x3_resunet_cas-single_seed777,cas-single,single-stream,777,1120,na,palu,Palu1035,0.5,0,735,22,15627,85.2009264925362,0.0,0.0
E1,q2_x3_resunet_cas-single_seed777,cas-single,single-stream,777,1120,na,palu,Palu1037,0.5,0,2480,49,13855,60.081611071259836,0.0,0.0
E1,q2_x3_resunet_cas-single_seed777,cas-single,single-stream,777,1120,na,palu,Palu1038,0.5,0,3,241,16140,98.74882517105358,0.0,0.024691358024666973
E1,q2_x3_resunet_cas-single_seed777,cas-single,single-stream,777,1120,na,palu,Palu1039,0.5,95,1013,501,14775,56.95345696621649,0.13286357938911744,0.2789829717747471
E1,q2_x3_resunet_cas-single_seed777,cas-single,single-stream,777,1120,na,palu,Palu1040,0.5,246,348,586,15204,63.18614890454906,0.3065117655761198,0.4060613843582125
E1,q2_x3_resunet_cas-single_seed777,cas-single,single-stream,777,1120,na,palu,Palu1041,0.5,31,340,421,15592,65.78297483496216,0.05484749934048081,0.10599199071797323
E1,q2_x3_resunet_cas-single_seed777,cas-single,single-stream,777,1120,na,palu,Palu1042,0.5,0,1071,26,15287,44.9221548904324,0.0,0.0
E1,q2_x3_resunet_cas-single_seed777,cas-single,single-stream,777,1120,na,palu,Palu1045,0.5,0,298,39,16047,64.13032378992276,0.0,0.0
E1,q2_x3_resunet_cas-single_seed777,cas-single,single-stream,777,1120,na,palu,Palu1046,0.5,0,548,51,15785,69.42459746750382,0.027649769584914094,0.12815533980542762
E1,q2_x3_resunet_cas-single_seed777,cas-single,single-stream,777,1120,na,palu,Palu1047,0.5,0,247,30,16107,68.91983705464962,0.0,0.09032258064466597
E1,q2_x3_resunet_cas-single_seed777,cas-single,single-stream,777,1120,na,palu,Palu1049,0.5,0,161,20,16203,70.87393472025316,0.0,0.0
E1,q2_x3_resunet_cas-single_seed777,cas-single,single-stream,777,1120,na,palu,Palu1050,0.5,6,20,93,16265,86.31917341001999,0.1288039631987052,0.13207547169798983
E1,q2_x3_resunet_cas-single_seed777,cas-single,single-stream,777,1120,na,palu,Palu1051,0.5,45,492,179,15668,72.00763845357642,0.17169095627823044,0.277920489296172
E1,q2_x3_resunet_cas-single_seed777,cas-single,single-stream,777,1120,na,palu,Palu1052,0.5,147,1179,330,14728,39.20459156782532,0.06860756472926972,0.1886971779495915
E1,q2_x3_resunet_cas-single_seed777,cas-single,single-stream,777,1120,na,palu,Palu1053,0.5,45,541,306,15492,72.93969720130619,0.14389247595155352,0.23406170717685948
E1,q2_x3_resunet_cas-single_seed777,cas-single,single-stream,777,1120,na,palu,Palu1054,0.5,0,1232,21,15131,71.63377002221841,0.0,0.0
E1,q2_x3_resunet_cas-single_seed777,cas-single,single-stream,777,1120,na,palu,Palu1056,0.5,19,153,7,16205,33.254031209635414,0.29790115098126346,0.7142857142852167
E1,q2_x3_resunet_cas-single_seed777,cas-single,single-stream,777,1120,na,palu,Palu1057,0.5,4,1004,46,15330,52.64257814216812,0.05172413793061656,0.07973421926860644
E1,q2_x3_resunet_cas-single_seed777,cas-single,single-stream,777,1120,na,palu,Palu1058,0.5,0,93,32,16259,56.11223207990495,0.0,0.0
E1,q2_x3_resunet_cas-single_seed777,cas-single,single-stream,777,1120,na,palu,Palu1059,0.5,6,64,11,16303,47.358152344552366,0.2970297029698096,0.48493975903566033
E1,q2_x3_resunet_cas-single_seed777,cas-single,single-stream,777,1120,na,palu,Palu1060,0.5,0,0,22,16362,181.01933598375618,0.0,0.0
E1,q2_x3_resunet_cas-single_seed777,cas-single,single-stream,777,1120,na,palu,Palu1062,0.5,7,102,93,16182,79.27669328514959,0.12060301507500568,0.1420389461624582
E1,q2_x3_resunet_cas-single_seed777,cas-single,single-stream,777,1120,na,palu,Palu1063,0.5,134,1891,118,14241,41.10960958218893,0.17507848345761412,0.28240529438562934
E1,q2_x3_resunet_cas-single_seed777,cas-single,single-stream,777,1120,na,palu,Palu1064,0.5,76,2835,81,13392,69.0246327366203,0.10004330879139742,0.18825714747183453
E1,q2_x3_resunet_cas-single_seed777,cas-single,single-stream,777,1120,na,palu,Palu1069,0.5,0,288,26,16070,60.171183502693225,0.0,0.0
E1,q2_x3_resunet_cas-single_seed777,cas-single,single-stream,777,1120,na,palu,Palu1070,0.5,0,5,42,16337,91.20881440003859,0.0,0.0
E1,q2_x3_resunet_cas-single_seed777,cas-single,single-stream,777,1120,na,palu,Palu1071,0.5,9,460,48,15867,48.5067740953123,0.14542020774268433,0.18506834910570485
E1,q2_x3_resunet_cas-single_seed777,cas-single,single-stream,777,1120,na,palu,Palu1072,0.5,14,1222,89,15059,43.795646535368185,0.12032884902800693,0.15213946117230193
E1,q2_x3_resunet_cas-single_seed777,cas-single,single-stream,777,1120,na,palu,Palu1073,0.5,0,3163,68,13153,61.27563427761137,0.0,0.0
E1,q2_x3_resunet_cas-single_seed777,cas-single,single-stream,777,1120,na,palu,Palu1074,0.5,0,3229,24,13131,69.45681712676651,0.0,0.0
E1,q2_x3_resunet_cas-single_seed777,cas-single,single-stream,777,1120,na,palu,Palu1075,0.5,8,300,20,16056,37.07289222843921,0.2645502645499628,0.3040935672511881
E1,q2_x3_resunet_cas-single_seed777,cas-single,single-stream,777,1120,na,palu,Palu1076,0.5,0,0,30,16354,181.01933598375618,0.0,0.0
E1,q2_x3_resunet_cas-single_seed777,cas-single,single-stream,777,1120,na,palu,Palu1078,0.5,0,4,20,16360,77.2489890552852,0.0,0.0
E1,q2_x3_resunet_cas-single_seed777,cas-single,single-stream,777,1120,na,palu,Palu1079,0.5,0,0,25,16359,181.01933598375618,0.0,0.0
E1,q2_x3_resunet_cas-single_seed777,cas-single,single-stream,777,1120,na,palu,Palu1080,0.5,0,594,25,15765,61.39119824648181,0.0,0.0
E1,q2_x3_resunet_cas-single_seed777,cas-single,single-stream,777,1120,na,palu,Palu1081,0.5,23,82,46,16233,54.18592254019699,0.5052372150334009,0.6536556947271968
E1,q2_x3_resunet_cas-single_seed777,cas-single,single-stream,777,1120,na,palu,Palu1082,0.5,24,1288,55,15017,33.95051300543895,0.1437014717807964,0.2135970333741068
E1,q2_x3_resunet_cas-single_seed777,cas-single,single-stream,777,1120,na,palu,Palu1083,0.5,8,3198,283,12895,44.008440264217626,0.04476220080775855,0.08341810783266719
E1,q2_x3_resunet_cas-single_seed777,cas-single,single-stream,777,1120,na,palu,Palu1084,0.5,523,172,46,15643,22.571596088565784,0.8579492003757934,0.9033307126004577
E1,q2_x3_resunet_cas-single_seed777,cas-single,single-stream,777,1120,na,palu,Palu1085,0.5,11,27,302,16044,59.71979922116707,0.3550295857985059,0.4310344827582826
E1,q2_x3_resunet_cas-single_seed777,cas-single,single-stream,777,1120,na,palu,Palu1087,0.5,0,94,26,16264,90.32244486991029,0.0,0.0
E1,q2_x3_resunet_cas-single_seed777,cas-single,single-stream,777,1120,na,palu,Palu1088,0.5,1,0,46,16337,88.96810207739647,0.19999999999981996,0.19999999999981996
E1,q2_x3_resunet_cas-single_seed777,cas-single,single-stream,777,1120,na,palu,Palu1089,0.5,2,1527,279,14576,53.826520577513485,0.022329735764418355,0.03387742531520509
E1,q2_x3_resunet_cas-single_seed777,cas-single,single-stream,777,1120,na,palu,Palu1090,0.5,361,508,187,15328,61.032778078668514,0.4834154351390994,0.5725173102834588
E1,q2_x3_resunet_cas-single_seed777,cas-single,single-stream,777,1120,na,palu,Palu1091,0.5,0,0,290,16094,181.01933598375618,0.0,0.0
