experiment,run_id,regime,role,seed,step,buffer_m,region,id,threshold,tp,fp,fn,tn,hd95,f1_2,f1_4
E1,q2_x3_loro_hokkaido_iburi_tobu_seed42,pooled_loro,intervention,42,1120,na,hokkaido_iburi_tobu,Hokkaido0001,0.5,0,0,50,16334,181.01933598375618,0.0,0.0
E1,q2_x3_loro_hokkaido_iburi_tobu_seed42,pooled_loro,intervention,42,1120,na,hokkaido_iburi_tobu,Hokkaido0002,0.5,1,4,66,16313,113.13841076327633,0.136363636363187,0.18518518518468796
E1,q2_x3_loro_hokkaido_iburi_tobu_seed42,pooled_loro,intervention,42,1120,na,hokkaido_iburi_tobu,Hokkaido0003,0.5,63,3,191,16127,15.226606198662504,0.7137809187274561,0.8181818181813346
E1,q2_x3_loro_hokkaido_iburi_tobu_seed42,pooled_loro,intervention,42,1120,na,hokkaido_iburi_tobu,Hokkaido0004,0.5,44,2,193,16145,15.206846146401253,0.6509063726401837,0.805755395682972
E1,q2_x3_loro_hokkaido_iburi_tobu_seed42,pooled_loro,intervention,42,1120,na,hokkaido_iburi_tobu,Hokkaido0005,0.5,0,0,46,16338,181.01933598375618,0.0,0.0
E1,q2_x3_loro_hokkaido_iburi_tobu_seed42,pooled_loro,intervention,42,1120,na,hokkaido_iburi_tobu,Hokkaido0008,0.5,5,0,65,16314,55.377304045547504,0.39999999999967994,0.5882352941172317
E1,q2_x3_loro_hokkaido_iburi_tobu_seed42,pooled_loro,intervention,42,1120,na,hokkaido_iburi_tobu,Hokkaido0009,0.5,8,3,146,16227,75.24555335961173,0.2553191489359475,0.33783783783755705
E1,q2_x3_loro_hokkaido_iburi_tobu_seed42,pooled_loro,intervention,42,1120,na,hokkaido_iburi_tobu,Hokkaido0010,0.5,0,0,544,15840,181.01933598375618,0.0,0.0
E1,q2_x3_loro_hokkaido_iburi_tobu_seed42,pooled_loro,intervention,42,1120,na,hokkaido_iburi_tobu,Hokkaido0011,0.5,0,0,574,15810,181.01933598375618,0.0,0.0
E1,q2_x3_loro_hokkaido_iburi_tobu_seed42,pooled_loro,intervention,42,1120,na,hokkaido_iburi_tobu,Hokkaido0012,0.5,73,17,538,15756,73.88298691400948,0.41970443349718206,0.4992842253304907
E1,q2_x3_loro_hokkaido_iburi_tobu_seed42,pooled_loro,intervention,42,1120,na,hokkaido_iburi_tobu,Hokkaido0013,0.5,100,3,719,15562,49.343184197829515,0.4486251808969023,0.5355191256826679
E1,q2_x3_loro_hokkaido_iburi_tobu_seed42,pooled_loro,intervention,42,1120,na,hokkaido_iburi_tobu,Hokkaido0014,0.5,58,19,405,15902,36.73142533415162,0.44213698183852973,0.5471056466978731
E1,q2_x3_loro_hokkaido_iburi_tobu_seed42,pooled_loro,intervention,42,1120,na,hokkaido_iburi_tobu,Hokkaido0015,0.5,0,4,127,16253,53.41784162516309,0.0,0.0
E1,q2_x3_loro_hokkaido_iburi_tobu_seed42,pooled_loro,intervention,42,1120,na,hokkaido_iburi_tobu,Hokkaido0017,0.5,6,2,270,16106,89.78863604280323,0.15841584158401256,0.23696682464434085
E1,q2_x3_loro_hokkaido_iburi_tobu_seed42,pooled_loro,intervention,42,1120,na,hokkaido_iburi_tobu,Hokkaido0018,0.5,8,4,663,15709,91.98369420718001,0.07199999999993058,0.09861932938846639
E1,q2_x3_loro_hokkaido_iburi_tobu_seed42,pooled_loro,intervention,42,1120,na,hokkaido_iburi_tobu,Hokkaido0019,0.5,0,0,1308,15076,181.01933598375618,0.0,0.0
E1,q2_x3_loro_hokkaido_iburi_tobu_seed42,pooled_loro,intervention,42,1120,na,hokkaido_iburi_tobu,Hokkaido0020,0.5,3,0,1342,15039,138.67299629600188,0.023894862604516415,0.03329369797856417
E1,q2_x3_loro_hokkaido_iburi_tobu_seed42,pooled_loro,intervention,42,1120,na,hokkaido_iburi_tobu,Hokkaido0021,0.5,7,3,909,15465,54.031454074638326,0.06969696969690244,0.15895953757210798
E1,q2_x3_loro_hokkaido_iburi_tobu_seed42,pooled_loro,intervention,42,1120,na,hokkaido_iburi_tobu,Hokkaido0022,0.5,59,3,898,15424,70.92570614215622,0.24968152866220183,0.3345454545451759
E1,q2_x3_loro_hokkaido_iburi_tobu_seed42,pooled_loro,intervention,42,1120,na,hokkaido_iburi_tobu,Hokkaido0023,0.5,44,20,674,15646,77.70229947351768,0.2534085566523037,0.32989297850011035
E1,q2_x3_loro_hokkaido_iburi_tobu_seed42,pooled_loro,intervention,42,1120,na,hokkaido_iburi_tobu,Hokkaido0024,0.5,14,6,242,16122,56.236820283350205,0.19031021261739733,0.2703053931120936
E1,q2_x3_loro_hokkaido_iburi_tobu_seed42,pooled_loro,intervention,42,1120,na,hokkaido_iburi_tobu,Hokkaido0025,0.5,0,0,25,16359,181.01933598375618,0.0,0.0
E1,q2_x3_loro_hokkaido_iburi_tobu_seed42,pooled_loro,intervention,42,1120,na,hokkaido_iburi_tobu,Hokkaido0027,0.5,0,0,631,15753,181.01933598375618,0.0,0.0
E1,q2_x3_loro_hokkaido_iburi_tobu_seed42,pooled_loro,intervention,42,1120,na,hokkaido_iburi_tobu,Hokkaido0028,0.5,0,0,825,15559,181.01933598375618,0.0,0.0
E1,q2_x3_loro_hokkaido_iburi_tobu_seed42,pooled_loro,intervention,42,1120,na,hokkaido_iburi_tobu,Hokkaido0029,0.5,0,0,1683,14701,181.01933598375618,0.0,0.0
E1,q2_x3_loro_hokkaido_iburi_tobu_seed42,pooled_loro,intervention,42,1120,na,hokkaido_iburi_tobu,Hokkaido0030,0.5,0,0,1956,14428,181.01933598375618,0.0,0.0
E1,q2_x3_loro_hokkaido_iburi_tobu_seed42,pooled_loro,intervention,42,1120,na,hokkaido_iburi_tobu,Hokkaido0031,0.5,23,6,1236,15119,101.24830709066222,0.06252713851490775,0.0940366972476168
E1,q2_x3_loro_hokkaido_iburi_tobu_seed42,pooled_loro,intervention,42,1120,na,hokkaido_iburi_tobu,Hokkaido0032,0.5,58,7,642,15677,40.311288741492746,0.34565568524639023,0.522895125553528
E1,q2_x3_loro_hokkaido_iburi_tobu_seed42,pooled_loro,intervention,42,1120,na,hokkaido_iburi_tobu,Hokkaido0033,0.5,39,6,414,15925,60.74365640737084,0.42362525458215083,0.5559701492533299
E1,q2_x3_loro_hokkaido_iburi_tobu_seed42,pooled_loro,intervention,42,1120,na,hokkaido_iburi_tobu,Hokkaido0034,0.5,4,0,415,15965,102.9249252728477,0.08556149732612131,0.18734177215172892
E1,q2_x3_loro_hokkaido_iburi_tobu_seed42,pooled_loro,intervention,42,1120,na,hokkaido_iburi_tobu,Hokkaido0035,0.5,67,6,324,15987,54.87349766462338,0.3573333333330398,0.4522613065323133
E1,q2_x3_loro_hokkaido_iburi_tobu_seed42,pooled_loro,intervention,42,1120,na,hokkaido_iburi_tobu,Hokkaido0036,0.5,64,15,115,16190,37.399249938862916,0.5222222222218363,0.5925925925921756
E1,q2_x3_loro_hokkaido_iburi_tobu_seed42,pooled_loro,intervention,42,1120,na,hokkaido_iburi_tobu,Hokkaido0037,0.5,0,0,39,16345,181.01933598375618,0.0,0.0
E1,q2_x3_loro_hokkaido_iburi_tobu_seed42,pooled_loro,intervention,42,1120,na,hokkaido_iburi_tobu,Hokkaido0038,0.5,0,0,39,16345,181.01933598375618,0.0,0.0
E1,q2_x3_loro_hokkaido_iburi_tobu_seed42,pooled_loro,intervention,42,1120,na,hokkaido_iburi_tobu,Hokkaido0039,0.5,0,0,515,15869,181.01933598375618,0.0,0.0
E1,q2_x3_loro_hokkaido_iburi_tobu_seed42,pooled_loro,intervention,42,1120,na,hokkaido_iburi_tobu,Hokkaido0040,0.5,15,0,2283,14086,106.7941945987702,0.021943573667689897,0.04643962848292677
E1,q2_x3_loro_hokkaido_iburi_tobu_seed42,pooled_loro,intervention,42,1120,na,hokkaido_iburi_tobu,Hokkaido0041,0.5,0,0,3071,13313,181.01933598375618,0.0,0.0
E1,q2_x3_loro_hokkaido_iburi_tobu_seed42,pooled_loro,intervention,42,1120,na,hokkaido_iburi_tobu,Hokkaido0042,0.5,0,0,2965,13419,181.01933598375618,0.0,0.0
E1,q2_x3_loro_hokkaido_iburi_tobu_seed42,pooled_loro,intervention,42,1120,na,hokkaido_iburi_tobu,Hokkaido0043,0.5,0,0,2531,13853,181.01933598375618,0.0,0.0
E1,q2_x3_loro_hokkaido_iburi_tobu_seed42,pooled_loro,intervention,42,1120,na,hokkaido_iburi_tobu,Hokkaido0044,0.5,22,7,1637,14718,89.58627097226277,0.041425020712469784,0.041425020712469784
E1,q2_x3_loro_hokkaido_iburi_tobu_seed42,pooled_loro,intervention,42,1120,na,hokkaido_iburi_tobu,Hokkaido0045,0.5,27,2,1637,14718,56.99602541694158,0.0794531149231766,0.1136767317938537
E1,q2_x3_loro_hokkaido_iburi_tobu_seed42,pooled_loro,intervention,42,1120,na,hokkaido_iburi_tobu,Hokkaido0046,0.5,110,15,1116,15143,36.95736224021004,0.345223729304141,0.41610738255000607
E1,q2_x3_loro_hokkaido_iburi_tobu_seed42,pooled_loro,intervention,42,1120,na,hokkaido_iburi_tobu,Hokkaido0047,0.5,119,13,321,15931,52.18227728377278,0.4713015916760518,0.5911330049256919
E1,q2_x3_loro_hokkaido_iburi_tobu_seed42,pooled_loro,intervention,42,1120,na,hokkaido_iburi_tobu,Hokkaido0048,0.5,316,104,297,15667,73.6609507453911,0.5147850575660413,0.6006411042403231
E1,q2_x3_loro_hokkaido_iburi_tobu_seed42,pooled_loro,intervention,42,1120,na,hokkaido_iburi_tobu,Hokkaido0049,0.5,39,0,501,15844,62.31768761880386,0.15165876777223514,0.3032069970842232
E1,q2_x3_loro_hokkaido_iburi_tobu_seed42,pooled_loro,intervention,42,1120,na,hokkaido_iburi_tobu,Hokkaido0050,0.5,0,294,39,16051,39.92981812980616,0.0,0.0
E1,q2_x3_loro_hokkaido_iburi_tobu_seed42,pooled_loro,intervention,42,1120,na,hokkaido_iburi_tobu,Hokkaido0051,0.5,0,195,39,16150,72.53275122315436,0.0,0.0
E1,q2_x3_loro_hokkaido_iburi_tobu_seed42,pooled_loro,intervention,42,1120,na,hokkaido_iburi_tobu,Hokkaido0053,0.5,2,287,27,16068,82.5365801367499,0.06451612903205775,0.06951026856231671
E1,q2_x3_loro_hokkaido_iburi_tobu_seed42,pooled_loro,intervention,42,1120,na,hokkaido_iburi_tobu,Hokkaido0054,0.5,325,2255,268,13536,77.41832074701827,0.0977881257271566,0.10834746561102887
E1,q2_x3_loro_hokkaido_iburi_tobu_seed42,pooled_loro,intervention,42,1120,na,hokkaido_iburi_tobu,Hokkaido0055,0.5,300,1756,2940,11388,91.44943369879894,0.05107370864756601,0.07368393920372254
E1,q2_x3_loro_hokkaido_iburi_tobu_seed42,pooled_loro,intervention,42,1120,na,hokkaido_iburi_tobu,Hokkaido0056,0.5,0,0,5182,11202,181.01933598375618,0.0,0.0
E1,q2_x3_loro_hokkaido_iburi_tobu_seed42,pooled_loro,intervention,42,1120,na,hokkaido_iburi_tobu,Hokkaido0057,0.5,0,0,4764,11620,181.01933598375618,0.0,0.0
E1,q2_x3_loro_hokkaido_iburi_tobu_seed42,pooled_loro,intervention,42,1120,na,hokkaido_iburi_tobu,Hokkaido0058,0.5,34,3,3392,12955,74.58114228611004,0.04855275443506,0.0666049953745887
E1,q2_x3_loro_hokkaido_iburi_tobu_seed42,pooled_loro,intervention,42,1120,na,hokkaido_iburi_tobu,Hokkaido0059,0.5,46,5,2716,13617,76.43656471163399,0.07633587786252198,0.10635838150278946
E1,q2_x3_loro_hokkaido_iburi_tobu_seed42,pooled_loro,intervention,42,1120,na,hokkaido_iburi_tobu,Hokkaido0060,0.5,5,0,3932,12447,105.10470904875133,0.013416387158587534,0.021946564885474473
E1,q2_x3_loro_hokkaido_iburi_tobu_seed42,pooled_loro,intervention,42,1120,na,hokkaido_iburi_tobu,Hokkaido0061,0.5,17,6,4077,12284,120.7812066301648,0.01879327398613371,0.01879327398613371
E1,q2_x3_loro_hokkaido_iburi_tobu_seed42,pooled_loro,intervention,42,1120,na,hokkaido_iburi_tobu,Hokkaido0062,0.5,32,6,2333,14013,88.58893836140041,0.07204385277988355,0.08850931677010172
E1,q2_x3_loro_hokkaido_iburi_tobu_seed42,pooled_loro,intervention,42,1120,na,hokkaido_iburi_tobu,Hokkaido0063,0.5,43,1,1072,15268,42.55581163885372,0.13358070500907002,0.21558174793341872
E1,q2_x3_loro_hokkaido_iburi_tobu_seed42,pooled_loro,intervention,42,1120,na,hokkaido_iburi_tobu,Hokkaido0064,0.5,9,0,463,15912,123.15326653247149,0.09900990099000491,0.1626794258371711
E1,q2_x3_loro_hokkaido_iburi_tobu_seed42,pooled_loro,intervention,42,1120,na,hokkaido_iburi_tobu,Hokkaido0067,0.5,0,1,22,16361,79.42007643488861,0.0,0.0
E1,q2_x3_loro_hokkaido_iburi_tobu_seed42,pooled_loro,intervention,42,1120,na,hokkaido_iburi_tobu,Hokkaido0068,0.5,0,0,22,16362,181.01933598375618,0.0,0.0
E1,q2_x3_loro_hokkaido_iburi_tobu_seed42,pooled_loro,intervention,42,1120,na,hokkaido_iburi_tobu,Hokkaido0071,0.5,21,416,0,15947,41.35685206295191,0.1167315175095396,0.20487804878030388
E1,q2_x3_loro_hokkaido_iburi_tobu_seed42,pooled_loro,intervention,42,1120,na,hokkaido_iburi_tobu,Hokkaido0072,0.5,11,33,34,16306,80.66874012503283,0.3909774436085229,0.5099150141638147
E1,q2_x3_loro_hokkaido_iburi_tobu_seed42,pooled_loro,intervention,42,1120,na,hokkaido_iburi_tobu,Hokkaido0073,0.5,0,0,24,16360,181.01933598375618,0.0,0.0
E1,q2_x3_loro_hokkaido_iburi_tobu_seed42,pooled_loro,intervention,42,1120,na,hokkaido_iburi_tobu,Hokkaido0076,0.5,0,0,105,16279,181.01933598375618,0.0,0.0
E1,q2_x3_loro_hokkaido_iburi_tobu_seed42,pooled_loro,intervention,42,1120,na,hokkaido_iburi_tobu,Hokkaido0077,0.5,151,577,175,15481,65.19600553329579,0.30082041932493603,0.47121935518434954
E1,q2_x3_loro_hokkaido_iburi_tobu_seed42,pooled_loro,intervention,42,1120,na,hokkaido_iburi_tobu,Hokkaido0078,0.5,499,2864,362,12659,47.24784701871126,0.203030254029873,0.29743327742989234
E1,q2_x3_loro_hokkaido_iburi_tobu_seed42,pooled_loro,intervention,42,1120,na,hokkaido_iburi_tobu,Hokkaido0079,0.5,450,2242,2605,11087,73.28707238392292,0.09771934096232912,0.14107767669671875
E1,q2_x3_loro_hokkaido_iburi_tobu_seed42,pooled_loro,intervention,42,1120,na,hokkaido_iburi_tobu,Hokkaido0080,0.5,0,0,5128,11256,181.01933598375618,0.0,0.0
E1,q2_x3_loro_hokkaido_iburi_tobu_seed42,pooled_loro,intervention,42,1120,na,hokkaido_iburi_tobu,Hokkaido0081,0.5,0,0,5127,11257,181.01933598375618,0.0,0.0
E1,q2_x3_loro_hokkaido_iburi_tobu_seed42,pooled_loro,intervention,42,1120,na,hokkaido_iburi_tobu,Hokkaido0082,0.5,14,2,4041,12327,115.98340177954529,0.018450184501826738,0.02482758620687203
E1,q2_x3_loro_hokkaido_iburi_tobu_seed42,pooled_loro,intervention,42,1120,na,hokkaido_iburi_tobu,Hokkaido0083,0.5,30,4,3537,12813,79.35362660035511,0.04186289900571516,0.04900938477576032
E1,q2_x3_loro_hokkaido_iburi_tobu_seed42,pooled_loro,intervention,42,1120,na,hokkaido_iburi_tobu,Hokkaido0084,0.5,11,1,4264,12108,106.23088063270491,0.020947176684860874,0.03348416289589467
E1,q2_x3_loro_hokkaido_iburi_tobu_seed42,pooled_loro,intervention,42,1120,na,hokkaido_iburi_tobu,Hokkaido0085,0.5,7,0,4995,11382,110.4789298775071,0.012340917855753256,0.016166281755180267
E1,q2_x3_loro_hokkaido_iburi_tobu_seed42,pooled_loro,intervention,42,1120,na,hokkaido_iburi_tobu,Hokkaido0086,0.5,0,0,4884,11500,181.01933598375618,0.0,0.0
E1,q2_x3_loro_hokkaido_iburi_tobu_seed42,pooled_loro,intervention,42,1120,na,hokkaido_iburi_tobu,Hokkaido0087,0.5,0,0,3635,12749,181.01933598375618,0.0,0.0
E1,q2_x3_loro_hokkaido_iburi_tobu_seed42,pooled_loro,intervention,42,1120,na,hokkaido_iburi_tobu,Hokkaido0088,0.5,59,0,1889,14436,98.25247198844217,0.011725293132279319,0.04971590909084059
E1,q2_x3_loro_hokkaido_iburi_tobu_seed42,pooled_loro,intervention,42,1120,na,hokkaido_iburi_tobu,Hokkaido0089,0.5,2,0,555,15827,37.48489185191368,0.031088082901523796,0.08564231738027066
E1,q2_x3_loro_hokkaido_iburi_tobu_seed42,pooled_loro,intervention,42,1120,na,hokkaido_iburi_tobu,Hokkaido0090,0.5,34,23,59,16268,79.87738528520094,0.5564224548044525,0.5837442922369445
E1,q2_x3_loro_hokkaido_iburi_tobu_seed42,pooled_loro,intervention,42,1120,na,hokkaido_iburi_tobu,Hokkaido0091,0.5,29,13,51,16291,54.20332093147061,0.6309365879538703,0.6636155606402341
E1,q2_x3_loro_hokkaido_iburi_tobu_seed42,pooled_loro,intervention,42,1120,na,hokkaido_iburi_tobu,Hokkaido0092,0.5,0,3,22,16359,79.42007643488861,0.0,0.0
E1,q2_x3_loro_hokkaido_iburi_tobu_seed42,pooled_loro,intervention,42,1120,na,hokkaido_iburi_tobu,Hokkaido0093,0.5,0,0,22,16362,181.01933598375618,0.0,0.0
E1,q2_x3_loro_hokkaido_iburi_tobu_seed42,pooled_loro,intervention,42,1120,na,hokkaido_iburi_tobu,Hokkaido0095,0.5,0,5,94,16285,67.94988439761138,0.0,0.0
E1,q2_x3_loro_hokkaido_iburi_tobu_seed42,pooled_loro,intervention,42,1120,na,hokkaido_iburi_tobu,Hokkaido0096,0.5,16,109,86,16173,70.24181297296616,0.25899280575489697,0.283464566928645
E1,q2_x3_loro_hokkaido_iburi_tobu_seed42,pooled_loro,intervention,42,1120,na,hokkaido_iburi_tobu,Hokkaido0097,0.5,10,56,82,16236,74.75615686730939,0.20405797101399725,0.2769230769225812
E1,q2_x3_loro_hokkaido_iburi_tobu_seed42,pooled_loro,intervention,42,1120,na,hokkaido_iburi_tobu,Hokkaido0098,0.5,0,0,71,16313,181.01933598375618,0.0,0.0
E1,q2_x3_loro_hokkaido_iburi_tobu_seed42,pooled_loro,intervention,42,1120,na,hokkaido_iburi_tobu,Hokkaido0099,0.5,6,10,41,16327,29.397214818621237,0.3636363636358779,0.4179104477606951
E1,q2_x3_loro_hokkaido_iburi_tobu_seed42,pooled_loro,intervention,42,1120,na,hokkaido_iburi_tobu,Hokkaido0100,0.5,6,3,41,16334,23.527686189046044,0.4999999999995312,0.6775956284148006
E1,q2_x3_loro_hokkaido_iburi_tobu_seed42,pooled_loro,intervention,42,1120,na,hokkaido_iburi_tobu,Hokkaido0101,0.5,2,0,221,16161,93.8176207495341,0.0,0.2597402597400337
E1,q2_x3_loro_hokkaido_iburi_tobu_seed42,pooled_loro,intervention,42,1120,na,hokkaido_iburi_tobu,Hokkaido0102,0.5,157,181,315,15731,20.615528128088304,0.3772410527023411,0.5507449255069605
E1,q2_x3_loro_hokkaido_iburi_tobu_seed42,pooled_loro,intervention,42,1120,na,hokkaido_iburi_tobu,Hokkaido0103,0.5,107,32,387,15858,65.20877419892996,0.43464949019342797,0.5124507874011881
E1,q2_x3_loro_hokkaido_iburi_tobu_seed42,pooled_loro,intervention,42,1120,na,hokkaido_iburi_tobu,Hokkaido0104,0.5,3,2,1621,14758,84.38838706970823,0.03475742215780037,0.07152875175304357
E1,q2_x3_loro_hokkaido_iburi_tobu_seed42,pooled_loro,intervention,42,1120,na,hokkaido_iburi_tobu,Hokkaido0105,0.5,3,18,2815,13548,70.6792044562035,0.017869415807442876,0.021680216802027776
E1,q2_x3_loro_hokkaido_iburi_tobu_seed42,pooled_loro,intervention,42,1120,na,hokkaido_iburi_tobu,Hokkaido0106,0.5,0,19,3973,12392,94.34908499971596,0.0,0.00555092978068693
E1,q2_x3_loro_hokkaido_iburi_tobu_seed42,pooled_loro,intervention,42,1120,na,hokkaido_iburi_tobu,Hokkaido0107,0.5,0,0,5412,10972,181.01933598375618,0.0,0.0
E1,q2_x3_loro_hokkaido_iburi_tobu_seed42,pooled_loro,intervention,42,1120,na,hokkaido_iburi_tobu,Hokkaido0108,0.5,0,0,5718,10666,181.01933598375618,0.0,0.0
E1,q2_x3_loro_hokkaido_iburi_tobu_seed42,pooled_loro,intervention,42,1120,na,hokkaido_iburi_tobu,Hokkaido0109,0.5,61,3,5339,10981,76.6746356028697,0.04194520671190422,0.062097928496091324
E1,q2_x3_loro_hokkaido_iburi_tobu_seed42,pooled_loro,intervention,42,1120,na,hokkaido_iburi_tobu,Hokkaido0110,0.5,37,1,4953,11393,86.35189587920259,0.035206499661441376,0.05430774388194515
E1,q2_x3_loro_hokkaido_iburi_tobu_seed42,pooled_loro,intervention,42,1120,na,hokkaido_iburi_tobu,Hokkaido0111,0.5,0,0,5485,10899,181.01933598375618,0.0,0.0
E1,q2_x3_loro_hokkaido_iburi_tobu_seed42,pooled_loro,intervention,42,1120,na,hokkaido_iburi_tobu,Hokkaido0112,0.5,0,0,6103,10281,181.01933598375618,0.0,0.0
E1,q2_x3_loro_hokkaido_iburi_tobu_seed42,pooled_loro,intervention,42,1120,na,hokkaido_iburi_tobu,Hokkaido0113,0.5,0,0,4920,11464,181.01933598375618,0.0,0.0
E1,q2_x3_loro_hokkaido_iburi_tobu_seed42,pooled_loro,intervention,42,1120,na,hokkaido_iburi_tobu,Hokkaido0114,0.5,40,0,2620,13724,105.0416430728501,0.027377372187034912,0.05779036827189855
E1,q2_x3_loro_hokkaido_iburi_tobu_seed42,pooled_loro,intervention,42,1120,na,hokkaido_iburi_tobu,Hokkaido0115,0.5,123,5,792,15464,49.60178922696821,0.2483818612015848,0.33379310344799773
E1,q2_x3_loro_hokkaido_iburi_tobu_seed42,pooled_loro,intervention,42,1120,na,hokkaido_iburi_tobu,Hokkaido0116,0.5,81,10,49,16244,10.664323947047153,0.9130434782603734,0.947368421052133
E1,q2_x3_loro_hokkaido_iburi_tobu_seed42,pooled_loro,intervention,42,1120,na,hokkaido_iburi_tobu,Hokkaido0117,0.5,0,368,24,15992,86.83893136145792,0.0,0.0
E1,q2_x3_loro_hokkaido_iburi_tobu_seed42,pooled_loro,intervention,42,1120,na,hokkaido_iburi_tobu,Hokkaido0118,0.5,0,0,21,16363,181.01933598375618,0.0,0.0
E1,q2_x3_loro_hokkaido_iburi_tobu_seed42,pooled_loro,intervention,42,1120,na,hokkaido_iburi_tobu,Hokkaido0119,0.5,0,0,118,16266,181.01933598375618,0.0,0.0
E1,q2_x3_loro_hokkaido_iburi_tobu_seed42,pooled_loro,intervention,42,1120,na,hokkaido_iburi_tobu,Hokkaido0120,0.5,0,0,199,16185,181.01933598375618,0.0,0.0
E1,q2_x3_loro_hokkaido_iburi_tobu_seed42,pooled_loro,intervention,42,1120,na,hokkaido_iburi_tobu,Hokkaido0121,0.5,0,33,81,16270,86.2542673542688,0.0,0.0
E1,q2_x3_loro_hokkaido_iburi_tobu_seed42,pooled_loro,intervention,42,1120,na,hokkaido_iburi_tobu,Hokkaido0122,0.5,0,4,101,16279,90.82207842496891,0.0,0.0
E1,q2_x3_loro_hokkaido_iburi_tobu_seed42,pooled_loro,intervention,42,1120,na,hokkaido_iburi_tobu,Hokkaido0123,0.5,0,0,101,16283,181.01933598375618,0.0,0.0
E1,q2_x3_loro_hokkaido_iburi_tobu_seed42,pooled_loro,intervention,42,1120,na,hokkaido_iburi_tobu,Hokkaido0125,0.5,6,5,19,16354,21.552676317133646,0.6627218934906282,0.8096385542163739
E1,q2_x3_loro_hokkaido_iburi_tobu_seed42,pooled_loro,intervention,42,1120,na,hokkaido_iburi_tobu,Hokkaido0126,0.5,2,0,22,16360,76.94056135707754,0.5806451612899105,0.8108108108103287
E1,q2_x3_loro_hokkaido_iburi_tobu_seed42,pooled_loro,intervention,42,1120,na,hokkaido_iburi_tobu,Hokkaido0127,0.5,0,4,23,16357,106.89410542262975,0.0,0.0
E1,q2_x3_loro_hokkaido_iburi_tobu_seed42,pooled_loro,intervention,42,1120,na,hokkaido_iburi_tobu,Hokkaido0128,0.5,0,0,170,16214,181.01933598375618,0.0,0.0
E1,q2_x3_loro_hokkaido_iburi_tobu_seed42,pooled_loro,intervention,42,1120,na,hokkaido_iburi_tobu,Hokkaido0129,0.5,0,0,175,16209,181.01933598375618,0.0,0.0
E1,q2_x3_loro_hokkaido_iburi_tobu_seed42,pooled_loro,intervention,42,1120,na,hokkaido_iburi_tobu,Hokkaido0130,0.5,0,0,49,16335,181.01933598375618,0.0,0.0
E1,q2_x3_loro_hokkaido_iburi_tobu_seed42,pooled_loro,intervention,42,1120,na,hokkaido_iburi_tobu,Hokkaido0131,0.5,3,0,375,16006,73.54727527183482,0.11555555555544667,0.14035087719285194
E1,q2_x3_loro_hokkaido_iburi_tobu_seed42,pooled_loro,intervention,42,1120,na,hokkaido_iburi_tobu,Hokkaido0132,0.5,8,8,1736,14632,97.31854762791563,0.03007518796986647,0.036286019210175526
E1,q2_x3_loro_hokkaido_iburi_tobu_seed42,pooled_loro,intervention,42,1120,na,hokkaido_iburi_tobu,Hokkaido0133,0.5,0,12,4983,11389,114.06401220857862,0.0,0.0
E1,q2_x3_loro_hokkaido_iburi_tobu_seed42,pooled_loro,intervention,42,1120,na,hokkaido_iburi_tobu,Hokkaido0134,0.5,15,4,7626,8739,130.90836339228463,0.019405700424480476,0.030750678323756275
E1,q2_x3_loro_hokkaido_iburi_tobu_seed42,pooled_loro,intervention,42,1120,na,hokkaido_iburi_tobu,Hokkaido0135,0.5,100,32,7962,8290,110.36189989818791,0.04133764375426157,0.07666232073004361
E1,q2_x3_loro_hokkaido_iburi_tobu_seed42,pooled_loro,intervention,42,1120,na,hokkaido_iburi_tobu,Hokkaido0136,0.5,69,25,7033,9257,113.78049041905207,0.03535575730908687,0.07100893997438873
E1,q2_x3_loro_hokkaido_iburi_tobu_seed42,pooled_loro,intervention,42,1120,na,hokkaido_iburi_tobu,Hokkaido0137,0.5,17,2,5288,11077,139.25156701899851,0.006201550387590717,0.012364760432754326
E1,q2_x3_loro_hokkaido_iburi_tobu_seed42,pooled_loro,intervention,42,1120,na,hokkaido_iburi_tobu,Hokkaido0138,0.5,49,0,4848,11487,97.63937849446341,0.015387890399273706,0.02404809619236101
E1,q2_x3_loro_hokkaido_iburi_tobu_seed42,pooled_loro,intervention,42,1120,na,hokkaido_iburi_tobu,Hokkaido0139,0.5,40,0,5608,10736,114.93867914777732,0.014089252350742978,0.026837450442181512
E1,q2_x3_loro_hokkaido_iburi_tobu_seed42,pooled_loro,intervention,42,1120,na,hokkaido_iburi_tobu,Hokkaido0140,0.5,38,23,5238,11085,109.75404131020126,0.03366896420286681,0.0486264603725449
E1,q2_x3_loro_hokkaido_iburi_tobu_seed42,pooled_loro,intervention,42,1120,na,hokkaido_iburi_tobu,Hokkaido0141,0.5,158,47,4645,11534,102.96698406595146,0.08223066482380599,0.10767367360558268
E1,q2_x3_loro_hokkaido_iburi_tobu_seed42,pooled_loro,intervention,42,1120,na,hokkaido_iburi_tobu,Hokkaido0142,0.5,594,43,3391,12356,78.40084428186144,0.20555647238047464,0.36087005440531905
E1,q2_x3_loro_hokkaido_iburi_tobu_seed42,pooled_loro,intervention,42,1120,na,hokkaido_iburi_tobu,Hokkaido0143,0.5,993,182,595,14614,37.0,0.6633618044932283,0.8248260279071615
E1,q2_x3_loro_hokkaido_iburi_tobu_seed42,pooled_loro,intervention,42,1120,na,hokkaido_iburi_tobu,Hokkaido0144,0.5,0,14,145,16225,59.82469499119658,0.0,0.0
E1,q2_x3_loro_hokkaido_iburi_tobu_seed42,pooled_loro,intervention,42,1120,na,hokkaido_iburi_tobu,Hokkaido0145,0.5,0,28,44,16312,43.91865466731028,0.0,0.0
E1,q2_x3_loro_hokkaido_iburi_tobu_seed42,pooled_loro,intervention,42,1120,na,hokkaido_iburi_tobu,Hokkaido0146,0.5,0,0,105,16279,181.01933598375618,0.0,0.0
E1,q2_x3_loro_hokkaido_iburi_tobu_seed42,pooled_loro,intervention,42,1120,na,hokkaido_iburi_tobu,Hokkaido0147,0.5,0,0,105,16279,181.01933598375618,0.0,0.0
E1,q2_x3_loro_hokkaido_iburi_tobu_seed42,pooled_loro,intervention,42,1120,na,hokkaido_iburi_tobu,Hokkaido0148,0.5,0,0,54,16330,181.01933598375618,0.0,0.0
E1,q2_x3_loro_hokkaido_iburi_tobu_seed42,pooled_loro,intervention,42,1120,na,hokkaido_iburi_tobu,Hokkaido0149,0.5,0,0,54,16330,181.01933598375618,0.0,0.0
E1,q2_x3_loro_hokkaido_iburi_tobu_seed42,pooled_loro,intervention,42,1120,na,hokkaido_iburi_tobu,Hokkaido0155,0.5,0,0,23,16361,181.01933598375618,0.0,0.0
E1,q2_x3_loro_hokkaido_iburi_tobu_seed42,pooled_loro,intervention,42,1120,na,hokkaido_iburi_tobu,Hokkaido0156,0.5,0,5,23,16356,78.79370081141644,0.0,0.0
E1,q2_x3_loro_hokkaido_iburi_tobu_seed42,pooled_loro,intervention,42,1120,na,hokkaido_iburi_tobu,Hokkaido0157,0.5,11,0,227,16146,20.518284528683193,0.2183908045975066,0.44999999999965123
E1,q2_x3_loro_hokkaido_iburi_tobu_seed42,pooled_loro,intervention,42,1120,na,hokkaido_iburi_tobu,Hokkaido0158,0.5,13,3,305,16063,59.42648632112883,0.22018348623833617,0.4163265306119152
E1,q2_x3_loro_hokkaido_iburi_tobu_seed42,pooled_loro,intervention,42,1120,na,hokkaido_iburi_tobu,Hokkaido0159,0.5,0,33,316,16035,64.94453650771857,0.04597701149399068,0.11299435028220435
E1,q2_x3_loro_hokkaido_iburi_tobu_seed42,pooled_loro,intervention,42,1120,na,hokkaido_iburi_tobu,Hokkaido0160,0.5,33,50,1529,14772,101.03013732790205,0.0900140646974568,0.12773586820452143
E1,q2_x3_loro_hokkaido_iburi_tobu_seed42,pooled_loro,intervention,42,1120,na,hokkaido_iburi_tobu,Hokkaido0161,0.5,333,43,4304,11704,76.22729061691798,0.2190820248353617,0.3116788321165252
E1,q2_x3_loro_hokkaido_iburi_tobu_seed42,pooled_loro,intervention,42,1120,na,hokkaido_iburi_tobu,Hokkaido0162,0.5,339,34,6239,9772,53.600373133029585,0.1824435656613803,0.26319297901205513
E1,q2_x3_loro_hokkaido_iburi_tobu_seed42,pooled_loro,intervention,42,1120,na,hokkaido_iburi_tobu,Hokkaido0163,0.5,760,103,6520,9001,48.0,0.27409617247663365,0.427409858555241
E1,q2_x3_loro_hokkaido_iburi_tobu_seed42,pooled_loro,intervention,42,1120,na,hokkaido_iburi_tobu,Hokkaido0164,0.5,1219,164,5903,9098,50.25782326657782,0.3579881476639582,0.4965739621116783
E1,q2_x3_loro_hokkaido_iburi_tobu_seed42,pooled_loro,intervention,42,1120,na,hokkaido_iburi_tobu,Hokkaido0165,0.5,942,75,4808,10559,61.61980201201558,0.34359711594073805,0.4465841357172139
E1,q2_x3_loro_hokkaido_iburi_tobu_seed42,pooled_loro,intervention,42,1120,na,hokkaido_iburi_tobu,Hokkaido0166,0.5,441,58,4297,11588,58.59987386475242,0.20128430797295427,0.26602756141378975
E1,q2_x3_loro_hokkaido_iburi_tobu_seed42,pooled_loro,intervention,42,1120,na,hokkaido_iburi_tobu,Hokkaido0167,0.5,78,0,4015,12291,61.434441105229936,0.04632509134160291,0.12210200927345566
E1,q2_x3_loro_hokkaido_iburi_tobu_seed42,pooled_loro,intervention,42,1120,na,hokkaido_iburi_tobu,Hokkaido0168,0.5,330,95,3322,12637,35.22782990761707,0.21810617539920152,0.3235795014705407
E1,q2_x3_loro_hokkaido_iburi_tobu_seed42,pooled_loro,intervention,42,1120,na,hokkaido_iburi_tobu,Hokkaido0169,0.5,818,156,3803,11607,38.726486050050624,0.3743728705351757,0.4926163276674991
E1,q2_x3_loro_hokkaido_iburi_tobu_seed42,pooled_loro,intervention,42,1120,na,hokkaido_iburi_tobu,Hokkaido0170,0.5,905,86,4718,10675,33.83266897915168,0.314468538653949,0.46832181976029996
E1,q2_x3_loro_hokkaido_iburi_tobu_seed42,pooled_loro,intervention,42,1120,na,hokkaido_iburi_tobu,Hokkaido0171,0.5,921,76,2111,13276,22.826519165854908,0.4612780857889243,0.6193556763770769
E1,q2_x3_loro_hokkaido_iburi_tobu_seed42,pooled_loro,intervention,42,1120,na,hokkaido_iburi_tobu,Hokkaido0172,0.5,55,4,439,15886,40.41275946307775,0.42048762048728383,0.5580524344565265
E1,q2_x3_loro_hokkaido_iburi_tobu_seed42,pooled_loro,intervention,42,1120,na,hokkaido_iburi_tobu,Hokkaido0173,0.5,23,0,97,16264,105.0,0.489037178264632,0.6446280991731168
E1,q2_x3_loro_hokkaido_iburi_tobu_seed42,pooled_loro,intervention,42,1120,na,hokkaido_iburi_tobu,Hokkaido0174,0.5,2,0,20,16362,4.577708763999663,0.5833333333329201,0.8666666666661755
E1,q2_x3_loro_hokkaido_iburi_tobu_seed42,pooled_loro,intervention,42,1120,na,hokkaido_iburi_tobu,Hokkaido0175,0.5,2,0,20,16362,4.577708763999663,0.5833333333329201,0.8666666666661755
E1,q2_x3_loro_hokkaido_iburi_tobu_seed42,pooled_loro,intervention,42,1120,na,hokkaido_iburi_tobu,Hokkaido0176,0.5,1,8,27,16348,59.959795940125055,0.1698113207543565,0.18309859154900562
E1,q2_x3_loro_hokkaido_iburi_tobu_seed42,pooled_loro,intervention,42,1120,na,hokkaido_iburi_tobu,Hokkaido0177,0.5,5,4,31,16344,98.65392847731324,0.4477611940293696,0.46931407942189474
E1,q2_x3_loro_hokkaido_iburi_tobu_seed42,pooled_loro,intervention,42,1120,na,hokkaido_iburi_tobu,Hokkaido0179,0.5,6,3,18,16357,28.491279785727084,0.7417218543041495,0.8760806916421513
E1,q2_x3_loro_hokkaido_iburi_tobu_seed42,pooled_loro,intervention,42,1120,na,hokkaido_iburi_tobu,Hokkaido0180,0.5,4,4,20,16356,70.96438558514785,0.5217391304342834,0.5925925925921097
E1,q2_x3_loro_hokkaido_iburi_tobu_seed42,pooled_loro,intervention,42,1120,na,hokkaido_iburi_tobu,Hokkaido0183,0.5,99,38,236,16011,109.1942096993497,0.5342777637232706,0.6415094339617693
E1,q2_x3_loro_hokkaido_iburi_tobu_seed42,pooled_loro,intervention,42,1120,na,hokkaido_iburi_tobu,Hokkaido0184,0.5,308,81,1099,14896,54.96518259920008,0.5216040593363239,0.653238976591816
E1,q2_x3_loro_hokkaido_iburi_tobu_seed42,pooled_loro,intervention,42,1120,na,hokkaido_iburi_tobu,Hokkaido0185,0.5,259,59,1889,14177,23.58800496899356,0.3656077305421217,0.5163776493252432
E1,q2_x3_loro_hokkaido_iburi_tobu_seed42,pooled_loro,intervention,42,1120,na,hokkaido_iburi_tobu,Hokkaido0186,0.5,170,49,1066,15099,17.11724276862369,0.30398815847557303,0.5214487541737665
E1,q2_x3_loro_hokkaido_iburi_tobu_seed42,pooled_loro,intervention,42,1120,na,hokkaido_iburi_tobu,Hokkaido0187,0.5,69,28,380,15907,46.49942598736701,0.4823055099294405,0.6547314578000711
E1,q2_x3_loro_hokkaido_iburi_tobu_seed42,pooled_loro,intervention,42,1120,na,hokkaido_iburi_tobu,Hokkaido0188,0.5,561,154,1231,14438,24.186773244895647,0.6199951531851802,0.764738292010547
E1,q2_x3_loro_hokkaido_iburi_tobu_seed42,pooled_loro,intervention,42,1120,na,hokkaido_iburi_tobu,Hokkaido0189,0.5,663,124,2815,12782,20.65529086154819,0.4282966314263248,0.6027421056970235
E1,q2_x3_loro_hokkaido_iburi_tobu_seed42,pooled_loro,intervention,42,1120,na,hokkaido_iburi_tobu,Hokkaido0190,0.5,896,93,3920,11475,33.24154027718932,0.4042930616280512,0.5907417735634407
E1,q2_x3_loro_hokkaido_iburi_tobu_seed42,pooled_loro,intervention,42,1120,na,hokkaido_iburi_tobu,Hokkaido0191,0.5,1623,194,3794,10773,24.200204603696744,0.5471621847461553,0.7130652158587739
E1,q2_x3_loro_hokkaido_iburi_tobu_seed42,pooled_loro,intervention,42,1120,na,hokkaido_iburi_tobu,Hokkaido0192,0.5,1774,234,4089,10287,27.294688127912362,0.5489500107171666,0.6764068655181423
E1,q2_x3_loro_hokkaido_iburi_tobu_seed42,pooled_loro,intervention,42,1120,na,hokkaido_iburi_tobu,Hokkaido0193,0.5,947,156,4001,11280,42.05948168962618,0.37166100559673154,0.4915611076523342
E1,q2_x3_loro_hokkaido_iburi_tobu_seed42,pooled_loro,intervention,42,1120,na,hokkaido_iburi_tobu,Hokkaido0194,0.5,268,149,2240,13727,42.638011210655684,0.2577804884807454,0.39139732881373096
E1,q2_x3_loro_hokkaido_iburi_tobu_seed42,pooled_loro,intervention,42,1120,na,hokkaido_iburi_tobu,Hokkaido0195,0.5,449,76,1543,14316,27.327562589428272,0.4455631125150213,0.5906360927809817
E1,q2_x3_loro_hokkaido_iburi_tobu_seed42,pooled_loro,intervention,42,1120,na,hokkaido_iburi_tobu,Hokkaido0196,0.5,651,74,2407,13252,26.283059524284432,0.43755433540512734,0.570586745713317
E1,q2_x3_loro_hokkaido_iburi_tobu_seed42,pooled_loro,intervention,42,1120,na,hokkaido_iburi_tobu,Hokkaido0197,0.5,721,68,2740,12855,20.383370629999888,0.45424582208420594,0.5923546418241895
E1,q2_x3_loro_hokkaido_iburi_tobu_seed42,pooled_loro,intervention,42,1120,na,hokkaido_iburi_tobu,Hokkaido0198,0.5,489,90,1571,14234,34.367604088510745,0.5527723652686178,0.6877748460857405
E1,q2_x3_loro_hokkaido_iburi_tobu_seed42,pooled_loro,intervention,42,1120,na,hokkaido_iburi_tobu,Hokkaido0199,0.5,70,12,539,15763,50.213542568839934,0.39964333889631387,0.5474683544299821
E1,q2_x3_loro_hokkaido_iburi_tobu_seed42,pooled_loro,intervention,42,1120,na,hokkaido_iburi_tobu,Hokkaido0200,0.5,24,0,83,16277,114.23997814879817,0.5486631016038673,0.7155963302747698
E1,q2_x3_loro_hokkaido_iburi_tobu_seed42,pooled_loro,intervention,42,1120,na,hokkaido_iburi_tobu,Hokkaido0201,0.5,21,0,63,16300,9.011077027627483,0.6896551724133413,0.8247422680407523
E1,q2_x3_loro_hokkaido_iburi_tobu_seed42,pooled_loro,intervention,42,1120,na,hokkaido_iburi_tobu,Hokkaido0202,0.5,24,3,89,16268,5.839404300103035,0.688524590163483,0.9115646258498441
E1,q2_x3_loro_hokkaido_iburi_tobu_seed42,pooled_loro,intervention,42,1120,na,hokkaido_iburi_tobu,Hokkaido0203,0.5,1,0,38,16345,5.7264933076335485,0.26315789473661355,0.7547169811316056
E1,q2_x3_loro_hokkaido_iburi_tobu_seed42,pooled_loro,intervention,42,1120,na,hokkaido_iburi_tobu,Hokkaido0204,0.5,10,10,38,16326,26.476404589747453,0.6858080393760768,0.7946228528747935
E1,q2_x3_loro_hokkaido_iburi_tobu_seed42,pooled_loro,intervention,42,1120,na,hokkaido_iburi_tobu,Hokkaido0205,0.5,51,23,56,16254,26.27254582110006,0.7527754056357203,0.8907563025205143
E1,q2_x3_loro_hokkaido_iburi_tobu_seed42,pooled_loro,intervention,42,1120,na,hokkaido_iburi_tobu,Hokkaido0206,0.5,2,0,57,16325,5.385164807134504,0.0,0.5454545454541487
E1,q2_x3_loro_hokkaido_iburi_tobu_seed42,pooled_loro,intervention,42,1120,na,hokkaido_iburi_tobu,Hokkaido0207,0.5,7,0,21,16356,50.079932118935666,0.6842105263153393,0.6842105263153393
E1,q2_x3_loro_hokkaido_iburi_tobu_seed42,pooled_loro,intervention,42,1120,na,hokkaido_iburi_tobu,Hokkaido0208,0.5,8,7,42,16327,16.00936586256442,0.6903765690371586,0.8461538461533579
E1,q2_x3_loro_hokkaido_iburi_tobu_seed42,pooled_loro,intervention,42,1120,na,hokkaido_iburi_tobu,Hokkaido0209,0.5,13,2,42,16327,103.86601793492886,0.5999999999995799,0.6874999999995489
E1,q2_x3_loro_hokkaido_iburi_tobu_seed42,pooled_loro,intervention,42,1120,na,hokkaido_iburi_tobu,Hokkaido0210,0.5,17,2,40,16325,5.0841665865538666,0.8108108108103287,0.9268292682921855
E1,q2_x3_loro_hokkaido_iburi_tobu_seed42,pooled_loro,intervention,42,1120,na,hokkaido_iburi_tobu,Hokkaido0211,0.5,47,22,44,16271,5.004950975679639,0.8905645784991173,0.9379157427932924
E1,q2_x3_loro_hokkaido_iburi_tobu_seed42,pooled_loro,intervention,42,1120,na,hokkaido_iburi_tobu,Hokkaido0212,0.5,31,11,36,16306,3.024341649025257,0.8190376569032773,0.9830508474571271
E1,q2_x3_loro_hokkaido_iburi_tobu_seed42,pooled_loro,intervention,42,1120,na,hokkaido_iburi_tobu,Hokkaido0213,0.5,5,9,34,16336,4.5,0.7346938775505556,0.9666666666661671
E1,q2_x3_loro_hokkaido_iburi_tobu_seed42,pooled_loro,intervention,42,1120,na,hokkaido_iburi_tobu,Hokkaido0214,0.5,9,24,30,16321,20.918706120014743,0.6596858638738459,0.8100558659212966
E1,q2_x3_loro_hokkaido_iburi_tobu_seed42,pooled_loro,intervention,42,1120,na,hokkaido_iburi_tobu,Hokkaido0215,0.5,17,10,53,16304,39.201340981020074,0.4324324324320146,0.6187845303862514
E1,q2_x3_loro_hokkaido_iburi_tobu_seed42,pooled_loro,intervention,42,1120,na,hokkaido_iburi_tobu,Hokkaido0216,0.5,11,1,59,16313,24.531696620257527,0.39999999999967994,0.5945945945941767
E1,q2_x3_loro_hokkaido_iburi_tobu_seed42,pooled_loro,intervention,42,1120,na,hokkaido_iburi_tobu,Hokkaido0217,0.5,71,3,291,16019,16.93516133106595,0.4793831713036873,0.5982905982901789
E1,q2_x3_loro_hokkaido_iburi_tobu_seed42,pooled_loro,intervention,42,1120,na,hokkaido_iburi_tobu,Hokkaido0218,0.5,493,101,1242,14548,17.927553482998896,0.5734563291007236,0.7057353351285145
E1,q2_x3_loro_hokkaido_iburi_tobu_seed42,pooled_loro,intervention,42,1120,na,hokkaido_iburi_tobu,Hokkaido0219,0.5,1051,372,2906,12055,24.647462911477312,0.5025604494876155,0.6487046601786721
E1,q2_x3_loro_hokkaido_iburi_tobu_seed42,pooled_loro,intervention,42,1120,na,hokkaido_iburi_tobu,Hokkaido0220,0.5,658,108,2602,13016,17.08800749063506,0.4249452446417852,0.6189961748195303
E1,q2_x3_loro_hokkaido_iburi_tobu_seed42,pooled_loro,intervention,42,1120,na,hokkaido_iburi_tobu,Hokkaido0221,0.5,290,88,598,15408,15.524174696260024,0.556469427080449,0.7609890109885394
E1,q2_x3_loro_hokkaido_iburi_tobu_seed42,pooled_loro,intervention,42,1120,na,hokkaido_iburi_tobu,Hokkaido0222,0.5,234,64,637,15449,19.68857912550591,0.6590224085960604,0.8399168399163527
E1,q2_x3_loro_hokkaido_iburi_tobu_seed42,pooled_loro,intervention,42,1120,na,hokkaido_iburi_tobu,Hokkaido0223,0.5,450,117,1947,13870,30.14962686336267,0.42684021888419693,0.5890478539709707
E1,q2_x3_loro_hokkaido_iburi_tobu_seed42,pooled_loro,intervention,42,1120,na,hokkaido_iburi_tobu,Hokkaido0224,0.5,550,70,2494,13270,22.67156809750927,0.3949568755823086,0.5322105263153988
E1,q2_x3_loro_hokkaido_iburi_tobu_seed42,pooled_loro,intervention,42,1120,na,hokkaido_iburi_tobu,Hokkaido0225,0.5,694,113,2290,13287,24.698178070456937,0.4823729770430003,0.6491828202200101
E1,q2_x3_loro_hokkaido_iburi_tobu_seed42,pooled_loro,intervention,42,1120,na,hokkaido_iburi_tobu,Hokkaido0226,0.5,1047,226,3018,12093,22.360679774997898,0.46644445478689434,0.6075993737289214
E1,q2_x3_loro_hokkaido_iburi_tobu_seed42,pooled_loro,intervention,42,1120,na,hokkaido_iburi_tobu,Hokkaido0227,0.5,870,197,2304,13013,21.213203435596427,0.4563510251470473,0.5971197586438363
E1,q2_x3_loro_hokkaido_iburi_tobu_seed42,pooled_loro,intervention,42,1120,na,hokkaido_iburi_tobu,Hokkaido0228,0.5,103,1813,776,13692,42.96252202678567,0.20233463034971746,0.2745478036170713
E1,q2_x3_loro_hokkaido_iburi_tobu_seed42,pooled_loro,intervention,42,1120,na,hokkaido_iburi_tobu,Hokkaido0229,0.5,122,5,554,15703,54.14792424616068,0.35172413793067553,0.5578069129912412
E1,q2_x3_loro_hokkaido_iburi_tobu_seed42,pooled_loro,intervention,42,1120,na,hokkaido_iburi_tobu,Hokkaido0230,0.5,199,41,1101,15043,47.30326878374065,0.3636577338971532,0.5321419437831549
E1,q2_x3_loro_hokkaido_iburi_tobu_seed42,pooled_loro,intervention,42,1120,na,hokkaido_iburi_tobu,Hokkaido0231,0.5,118,28,953,15285,51.40229726549664,0.2836237099885426,0.39595050618640903
E1,q2_x3_loro_hokkaido_iburi_tobu_seed42,pooled_loro,intervention,42,1120,na,hokkaido_iburi_tobu,Hokkaido0232,0.5,100,22,606,15656,47.38143096192854,0.4377414361662886,0.565707133916991
E1,q2_x3_loro_hokkaido_iburi_tobu_seed42,pooled_loro,intervention,42,1120,na,hokkaido_iburi_tobu,Hokkaido0233,0.5,54,19,297,16014,50.09259503827031,0.45522625153143736,0.6101694915249997
E1,q2_x3_loro_hokkaido_iburi_tobu_seed42,pooled_loro,intervention,42,1120,na,hokkaido_iburi_tobu,Hokkaido0235,0.5,45,4,39,16296,4.577708763999661,0.8247422680407523,0.9444444444439459
E1,q2_x3_loro_hokkaido_iburi_tobu_seed42,pooled_loro,intervention,42,1120,na,hokkaido_iburi_tobu,Hokkaido0236,0.5,24,0,67,16293,82.96333756360728,0.6666666666662222,0.7961165048538897
E1,q2_x3_loro_hokkaido_iburi_tobu_seed42,pooled_loro,intervention,42,1120,na,hokkaido_iburi_tobu,Hokkaido0237,0.5,0,12,72,16300,79.09037124087357,0.0,0.0
E1,q2_x3_loro_hokkaido_iburi_tobu_seed42,pooled_loro,intervention,42,1120,na,hokkaido_iburi_tobu,Hokkaido0238,0.5,19,17,145,16203,88.03397445071975,0.42490842490804354,0.590453938584321
E1,q2_x3_loro_hokkaido_iburi_tobu_seed42,pooled_loro,intervention,42,1120,na,hokkaido_iburi_tobu,Hokkaido0239,0.5,71,28,236,16049,47.92702786528704,0.5980608620519757,0.782608695651689
E1,q2_x3_loro_hokkaido_iburi_tobu_seed42,pooled_loro,intervention,42,1120,na,hokkaido_iburi_tobu,Hokkaido0240,0.5,133,37,212,16002,63.60921669331369,0.5900277008305959,0.6953405017916611
E1,q2_x3_loro_hokkaido_iburi_tobu_seed42,pooled_loro,intervention,42,1120,na,hokkaido_iburi_tobu,Hokkaido0241,0.5,116,25,31,16212,2.0,0.9923664122132404,0.9999999999995
E1,q2_x3_loro_hokkaido_iburi_tobu_seed42,pooled_loro,intervention,42,1120,na,hokkaido_iburi_tobu,Hokkaido0242,0.5,2,46,25,16311,51.461393202255394,0.10958904109567424,0.11155378486036578
E1,q2_x3_loro_hokkaido_iburi_tobu_seed42,pooled_loro,intervention,42,1120,na,hokkaido_iburi_tobu,Hokkaido0243,0.5,13,1,47,16323,95.18236537250155,0.537313432835428,0.6197183098587272
E1,q2_x3_loro_hokkaido_iburi_tobu_seed42,pooled_loro,intervention,42,1120,na,hokkaido_iburi_tobu,Hokkaido0244,0.5,14,2,19,16349,2.0,0.9767441860460119,0.9999999999995
E1,q2_x3_loro_hokkaido_iburi_tobu_seed42,pooled_loro,intervention,42,1120,na,hokkaido_iburi_tobu,Hokkaido0245,0.5,37,18,52,16277,6.082762530298219,0.7959183673464596,0.9174311926600538
E1,q2_x3_loro_hokkaido_iburi_tobu_seed42,pooled_loro,intervention,42,1120,na,hokkaido_iburi_tobu,Hokkaido0246,0.5,30,13,59,16282,6.082762530298219,0.6888888888884374,0.9174311926600538
E1,q2_x3_loro_hokkaido_iburi_tobu_seed42,pooled_loro,intervention,42,1120,na,hokkaido_iburi_tobu,Hokkaido0247,0.5,6,11,33,16334,4.5,0.7599999999995288,0.9666666666661671
E1,q2_x3_loro_hokkaido_iburi_tobu_seed42,pooled_loro,intervention,42,1120,na,hokkaido_iburi_tobu,Hokkaido0248,0.5,11,27,42,16304,21.229594245492727,0.7181467181462189,0.8575498575493627
E1,q2_x3_loro_hokkaido_iburi_tobu_seed42,pooled_loro,intervention,42,1120,na,hokkaido_iburi_tobu,Hokkaido0250,0.5,12,44,58,16270,76.3596056540783,0.25112107623268615,0.3024054982813276
E1,q2_x3_loro_hokkaido_iburi_tobu_seed42,pooled_loro,intervention,42,1120,na,hokkaido_iburi_tobu,Hokkaido0251,0.5,10,52,60,16262,75.72052430233491,0.2076124567469099,0.26097271648830417
E1,q2_x3_loro_hokkaido_iburi_tobu_seed42,pooled_loro,intervention,42,1120,na,hokkaido_iburi_tobu,Hokkaido0252,0.5,0,0,27,16357,181.01933598375618,0.0,0.0
E1,q2_x3_loro_hokkaido_iburi_tobu_seed42,pooled_loro,intervention,42,1120,na,hokkaido_iburi_tobu,Hokkaido0253,0.5,37,2,617,15728,117.79451180340308,0.07962840079614304,0.18584070796441893
E1,q2_x3_loro_hokkaido_iburi_tobu_seed42,pooled_loro,intervention,42,1120,na,hokkaido_iburi_tobu,Hokkaido0254,0.5,455,73,2174,13682,79.79730668307228,0.33096626933774914,0.46589559842661515
E1,q2_x3_loro_hokkaido_iburi_tobu_seed42,pooled_loro,intervention,42,1120,na,hokkaido_iburi_tobu,Hokkaido0255,0.5,765,179,2552,12888,50.807862726310475,0.4495821366582311,0.6001627876796127
E1,q2_x3_loro_hokkaido_iburi_tobu_seed42,pooled_loro,intervention,42,1120,na,hokkaido_iburi_tobu,Hokkaido0256,0.5,346,107,1656,14275,29.390434339240983,0.38373873107636547,0.5676770122824892
E1,q2_x3_loro_hokkaido_iburi_tobu_seed42,pooled_loro,intervention,42,1120,na,hokkaido_iburi_tobu,Hokkaido0257,0.5,338,114,1157,14775,29.410882339705484,0.5242671541778864,0.684462696782575
E1,q2_x3_loro_hokkaido_iburi_tobu_seed42,pooled_loro,intervention,42,1120,na,hokkaido_iburi_tobu,Hokkaido0258,0.5,846,369,2011,13158,22.1596245126772,0.5876212120092281,0.7640638356090098
E1,q2_x3_loro_hokkaido_iburi_tobu_seed42,pooled_loro,intervention,42,1120,na,hokkaido_iburi_tobu,Hokkaido0259,0.5,1016,240,2310,12818,22.83637186930919,0.5222507114201919,0.6849023090581642
E1,q2_x3_loro_hokkaido_iburi_tobu_seed42,pooled_loro,intervention,42,1120,na,hokkaido_iburi_tobu,Hokkaido0260,0.5,941,160,2214,13069,28.792360097775937,0.46108145341790996,0.6069295101548938
E1,q2_x3_loro_hokkaido_iburi_tobu_seed42,pooled_loro,intervention,42,1120,na,hokkaido_iburi_tobu,Hokkaido0261,0.5,640,90,2695,12959,25.495097567963924,0.3549315803922162,0.47888386123643817
E1,q2_x3_loro_hokkaido_iburi_tobu_seed42,pooled_loro,intervention,42,1120,na,hokkaido_iburi_tobu,Hokkaido0262,0.5,283,34,1490,14577,27.680269998434195,0.2964446112985462,0.4167267483774638
E1,q2_x3_loro_hokkaido_iburi_tobu_seed42,pooled_loro,intervention,42,1120,na,hokkaido_iburi_tobu,Hokkaido0263,0.5,6,1,310,16067,37.19477879403659,0.19008264462792712,0.2687747035570796
E1,q2_x3_loro_hokkaido_iburi_tobu_seed42,pooled_loro,intervention,42,1120,na,hokkaido_iburi_tobu,Hokkaido0264,0.5,0,134,118,16132,46.66904755831214,0.0,0.0
E1,q2_x3_loro_hokkaido_iburi_tobu_seed42,pooled_loro,intervention,42,1120,na,hokkaido_iburi_tobu,Hokkaido0265,0.5,0,753,234,15397,52.32587030605076,0.0,0.0
E1,q2_x3_loro_hokkaido_iburi_tobu_seed42,pooled_loro,intervention,42,1120,na,hokkaido_iburi_tobu,Hokkaido0266,0.5,0,0,157,16227,181.01933598375618,0.0,0.0
E1,q2_x3_loro_hokkaido_iburi_tobu_seed42,pooled_loro,intervention,42,1120,na,hokkaido_iburi_tobu,Hokkaido0267,0.5,34,17,273,16060,80.35219742820972,0.4422442244220978,0.5868263473049745
E1,q2_x3_loro_hokkaido_iburi_tobu_seed42,pooled_loro,intervention,42,1120,na,hokkaido_iburi_tobu,Hokkaido0268,0.5,49,37,264,16034,41.5727312800597,0.5293840203750133,0.7057059366344219
E1,q2_x3_loro_hokkaido_iburi_tobu_seed42,pooled_loro,intervention,42,1120,na,hokkaido_iburi_tobu,Hokkaido0269,0.5,0,1,47,16336,80.87329706108896,0.0,0.0
E1,q2_x3_loro_hokkaido_iburi_tobu_seed42,pooled_loro,intervention,42,1120,na,hokkaido_iburi_tobu,Hokkaido0270,0.5,1,2,152,16229,93.35182527300645,0.14937759336079687,0.3032490974725727
E1,q2_x3_loro_hokkaido_iburi_tobu_seed42,pooled_loro,intervention,42,1120,na,hokkaido_iburi_tobu,Hokkaido0271,0.5,32,5,246,16101,47.32846120562862,0.41289782244520157,0.5995912970304436
E1,q2_x3_loro_hokkaido_iburi_tobu_seed42,pooled_loro,intervention,42,1120,na,hokkaido_iburi_tobu,Hokkaido0272,0.5,54,5,319,16006,42.64432844480007,0.500927643784395,0.7086614173223645
E1,q2_x3_loro_hokkaido_iburi_tobu_seed42,pooled_loro,intervention,42,1120,na,hokkaido_iburi_tobu,Hokkaido0273,0.5,236,31,470,15647,39.89723196182486,0.649306729793264,0.7756467080340151
E1,q2_x3_loro_hokkaido_iburi_tobu_seed42,pooled_loro,intervention,42,1120,na,hokkaido_iburi_tobu,Hokkaido0274,0.5,226,26,292,15840,20.840850284361174,0.75479666948184,0.9013636896461422
E1,q2_x3_loro_hokkaido_iburi_tobu_seed42,pooled_loro,intervention,42,1120,na,hokkaido_iburi_tobu,Hokkaido0275,0.5,2,2,92,16288,86.19604113783853,0.18947368421021915,0.2935779816509614
E1,q2_x3_loro_hokkaido_iburi_tobu_seed42,pooled_loro,intervention,42,1120,na,hokkaido_iburi_tobu,Hokkaido0276,0.5,2,9,32,16341,42.4829126990403,0.24581005586548377,0.2735042735039006
E1,q2_x3_loro_hokkaido_iburi_tobu_seed42,pooled_loro,intervention,42,1120,na,hokkaido_iburi_tobu,Hokkaido0277,0.5,11,6,69,16298,6.082762530298219,0.39999999999967994,0.8686868686863773
E1,q2_x3_loro_hokkaido_iburi_tobu_seed42,pooled_loro,intervention,42,1120,na,hokkaido_iburi_tobu,Hokkaido0278,0.5,0,2,80,16302,57.159853382404926,0.10169491525414075,0.35294117647029755
E1,q2_x3_loro_hokkaido_iburi_tobu_seed42,pooled_loro,intervention,42,1120,na,hokkaido_iburi_tobu,Hokkaido0279,0.5,3,0,43,16338,6.540410100212783,0.39999999999967994,0.8148148148143319
E1,q2_x3_loro_hokkaido_iburi_tobu_seed42,pooled_loro,intervention,42,1120,na,hokkaido_iburi_tobu,Hokkaido0280,0.5,38,22,123,16201,13.708443165382796,0.6354258768047321,0.796674225245166
E1,q2_x3_loro_hokkaido_iburi_tobu_seed42,pooled_loro,intervention,42,1120,na,hokkaido_iburi_tobu,Hokkaido0281,0.5,37,13,131,16203,11.162155584443596,0.7263755702443856,0.8484038107967656
E1,q2_x3_loro_hokkaido_iburi_tobu_seed42,pooled_loro,intervention,42,1120,na,hokkaido_iburi_tobu,Hokkaido0282,0.5,21,6,32,16325,103.71213617113304,0.8502024291492989,0.8936170212761013
E1,q2_x3_loro_hokkaido_iburi_tobu_seed42,pooled_loro,intervention,42,1120,na,hokkaido_iburi_tobu,Hokkaido0283,0.5,0,0,158,16226,181.01933598375618,0.0,0.0
E1,q2_x3_loro_hokkaido_iburi_tobu_seed42,pooled_loro,intervention,42,1120,na,hokkaido_iburi_tobu,Hokkaido0284,0.5,27,307,621,15429,53.375892170973046,0.12841756420841488,0.17356716687716575
E1,q2_x3_loro_hokkaido_iburi_tobu_seed42,pooled_loro,intervention,42,1120,na,hokkaido_iburi_tobu,Hokkaido0285,0.5,219,74,1412,14679,63.33757999405033,0.3233309274627291,0.4192546583847617
E1,q2_x3_loro_hokkaido_iburi_tobu_seed42,pooled_loro,intervention,42,1120,na,hokkaido_iburi_tobu,Hokkaido0286,0.5,472,122,2350,13440,45.18351435746674,0.3929048057110669,0.5470960238420094
E1,q2_x3_loro_hokkaido_iburi_tobu_seed42,pooled_loro,intervention,42,1120,na,hokkaido_iburi_tobu,Hokkaido0287,0.5,353,70,2592,13369,37.0,0.2979243512230727,0.424390655308764
E1,q2_x3_loro_hokkaido_iburi_tobu_seed42,pooled_loro,intervention,42,1120,na,hokkaido_iburi_tobu,Hokkaido0288,0.5,591,287,2670,12836,19.274295988749657,0.40905803876123203,0.6017564757805982
E1,q2_x3_loro_hokkaido_iburi_tobu_seed42,pooled_loro,intervention,42,1120,na,hokkaido_iburi_tobu,Hokkaido0289,0.5,931,190,2665,12598,25.229912390449662,0.45492770894662843,0.6096896653315835
E1,q2_x3_loro_hokkaido_iburi_tobu_seed42,pooled_loro,intervention,42,1120,na,hokkaido_iburi_tobu,Hokkaido0290,0.5,876,142,2721,12645,28.160255680657446,0.3921842583240446,0.5321342329256648
E1,q2_x3_loro_hokkaido_iburi_tobu_seed42,pooled_loro,intervention,42,1120,na,hokkaido_iburi_tobu,Hokkaido0291,0.5,797,127,3254,12206,23.782327483370988,0.3757480335969808,0.48733187363116093
E1,q2_x3_loro_hokkaido_iburi_tobu_seed42,pooled_loro,intervention,42,1120,na,hokkaido_iburi_tobu,Hokkaido0292,0.5,355,36,2638,13355,23.86311636758259,0.29973288345255067,0.4381778741862088
E1,q2_x3_loro_hokkaido_iburi_tobu_seed42,pooled_loro,intervention,42,1120,na,hokkaido_iburi_tobu,Hokkaido0293,0.5,148,16,850,15370,26.39316016148442,0.459489091108051,0.6193548387092498
E1,q2_x3_loro_hokkaido_iburi_tobu_seed42,pooled_loro,intervention,42,1120,na,hokkaido_iburi_tobu,Hokkaido0294,0.5,0,130,218,16036,48.47563575378637,0.06289308176052529,0.08454106280143572
E1,q2_x3_loro_hokkaido_iburi_tobu_seed42,pooled_loro,intervention,42,1120,na,hokkaido_iburi_tobu,Hokkaido0295,0.5,0,29,270,16085,79.4279545870013,0.0,0.0
E1,q2_x3_loro_hokkaido_iburi_tobu_seed42,pooled_loro,intervention,42,1120,na,hokkaido_iburi_tobu,Hokkaido0296,0.5,11,0,129,16244,94.5115780215555,0.36893203883465053,0.44444444444409875
E1,q2_x3_loro_hokkaido_iburi_tobu_seed42,pooled_loro,intervention,42,1120,na,hokkaido_iburi_tobu,Hokkaido0297,0.5,48,8,185,16143,48.83646178829912,0.5229357798161275,0.5814977973564157
E1,q2_x3_loro_hokkaido_iburi_tobu_seed42,pooled_loro,intervention,42,1120,na,hokkaido_iburi_tobu,Hokkaido0298,0.5,143,113,358,15770,25.486241579682943,0.5007451564823755,0.6208213430863946
E1,q2_x3_loro_hokkaido_iburi_tobu_seed42,pooled_loro,intervention,42,1120,na,hokkaido_iburi_tobu,Hokkaido0299,0.5,89,24,411,15860,85.99476708807019,0.38146065631023224,0.5462555066075324
E1,q2_x3_loro_hokkaido_iburi_tobu_seed42,pooled_loro,intervention,42,1120,na,hokkaido_iburi_tobu,Hokkaido0300,0.5,44,12,176,16152,32.449961479175904,0.46728971962581006,0.5422222222218269
E1,q2_x3_loro_hokkaido_iburi_tobu_seed42,pooled_loro,intervention,42,1120,na,hokkaido_iburi_tobu,Hokkaido0301,0.5,0,0,18,16366,181.01933598375618,0.0,0.0
E1,q2_x3_loro_hokkaido_iburi_tobu_seed42,pooled_loro,intervention,42,1120,na,hokkaido_iburi_tobu,Hokkaido0302,0.5,5,0,93,16286,7.673407139984322,0.43243243243209345,0.7916666666661883
E1,q2_x3_loro_hokkaido_iburi_tobu_seed42,pooled_loro,intervention,42,1120,na,hokkaido_iburi_tobu,Hokkaido0303,0.5,136,8,345,15895,46.5123353739876,0.5463591701344689,0.7245657568233592
E1,q2_x3_loro_hokkaido_iburi_tobu_seed42,pooled_loro,intervention,42,1120,na,hokkaido_iburi_tobu,Hokkaido0304,0.5,102,13,764,15505,29.995595366562124,0.3788684633228865,0.5927977839331009
E1,q2_x3_loro_hokkaido_iburi_tobu_seed42,pooled_loro,intervention,42,1120,na,hokkaido_iburi_tobu,Hokkaido0305,0.5,267,19,1449,14649,24.182636985354346,0.38968407789474735,0.5560631859328038
E1,q2_x3_loro_hokkaido_iburi_tobu_seed42,pooled_loro,intervention,42,1120,na,hokkaido_iburi_tobu,Hokkaido0306,0.5,305,26,1213,14840,20.615528128088304,0.5081699401439659,0.6752303746782714
E1,q2_x3_loro_hokkaido_iburi_tobu_seed42,pooled_loro,intervention,42,1120,na,hokkaido_iburi_tobu,Hokkaido0307,0.5,81,21,281,16001,77.05841939723393,0.5977502310310883,0.7234263615106861
E1,q2_x3_loro_hokkaido_iburi_tobu_seed42,pooled_loro,intervention,42,1120,na,hokkaido_iburi_tobu,Hokkaido0308,0.5,29,15,48,16292,2.621101423209949,0.8694915254232336,0.9999999999995
E1,q2_x3_loro_hokkaido_iburi_tobu_seed42,pooled_loro,intervention,42,1120,na,hokkaido_iburi_tobu,Hokkaido0309,0.5,0,0,17,16367,181.01933598375618,0.0,0.0
E1,q2_x3_loro_hokkaido_iburi_tobu_seed42,pooled_loro,intervention,42,1120,na,hokkaido_iburi_tobu,Hokkaido0310,0.5,0,0,77,16307,181.01933598375618,0.0,0.0
E1,q2_x3_loro_hokkaido_iburi_tobu_seed42,pooled_loro,intervention,42,1120,na,hokkaido_iburi_tobu,Hokkaido0311,0.5,0,0,60,16324,181.01933598375618,0.0,0.0
E1,q2_x3_loro_hokkaido_iburi_tobu_seed42,pooled_loro,intervention,42,1120,na,hokkaido_iburi_tobu,Hokkaido0312,0.5,40,24,64,16256,16.738842913333183,0.5510204081628004,0.7474747474742794
E1,q2_x3_loro_hokkaido_iburi_tobu_seed42,pooled_loro,intervention,42,1120,na,hokkaido_iburi_tobu,Hokkaido0313,0.5,57,30,95,16202,17.52819818409707,0.6847826086951757,0.8292682926824413
E1,q2_x3_loro_hokkaido_iburi_tobu_seed42,pooled_loro,intervention,42,1120,na,hokkaido_iburi_tobu,Hokkaido0314,0.5,57,12,495,15820,35.211372715618054,0.38253792082833155,0.5571604179466854
E1,q2_x3_loro_hokkaido_iburi_tobu_seed42,pooled_loro,intervention,42,1120,na,hokkaido_iburi_tobu,Hokkaido0315,0.5,55,46,502,15781,42.91252634808267,0.4482934284254364,0.5987303708648789
E1,q2_x3_loro_hokkaido_iburi_tobu_seed42,pooled_loro,intervention,42,1120,na,hokkaido_iburi_tobu,Hokkaido0316,0.5,31,101,22,16230,41.10656667825686,0.38015943312634026,0.3841059602645903
E1,q2_x3_loro_hokkaido_iburi_tobu_seed42,pooled_loro,intervention,42,1120,na,hokkaido_iburi_tobu,Hokkaido0319,0.5,0,0,84,16300,181.01933598375618,0.0,0.0
E1,q2_x3_loro_hokkaido_iburi_tobu_seed42,pooled_loro,intervention,42,1120,na,hokkaido_iburi_tobu,Hokkaido0320,0.5,0,6,163,16215,79.02166722201946,0.05031446540866548,0.10344827586180677
E1,q2_x3_loro_hokkaido_iburi_tobu_seed42,pooled_loro,intervention,42,1120,na,hokkaido_iburi_tobu,Hokkaido0321,0.5,39,10,401,15934,75.18110448155598,0.11549727995522835,0.14743589743576083
E1,q2_x3_loro_hokkaido_iburi_tobu_seed42,pooled_loro,intervention,42,1120,na,hokkaido_iburi_tobu,Hokkaido0322,0.5,620,165,1353,14246,47.281071776963884,0.5622511935863648,0.7078718322722902
E1,q2_x3_loro_hokkaido_iburi_tobu_seed42,pooled_loro,intervention,42,1120,na,hokkaido_iburi_tobu,Hokkaido0323,0.5,674,148,2316,13246,22.004543109109044,0.4299429430451905,0.5746983534096627
E1,q2_x3_loro_hokkaido_iburi_tobu_seed42,pooled_loro,intervention,42,1120,na,hokkaido_iburi_tobu,Hokkaido0324,0.5,414,47,2992,12931,22.80350850198276,0.2417312270355199,0.43061934692005954
E1,q2_x3_loro_hokkaido_iburi_tobu_seed42,pooled_loro,intervention,42,1120,na,hokkaido_iburi_tobu,Hokkaido0325,0.5,229,46,3631,12478,43.836057860788465,0.13346265987397096,0.20867430441879833
E1,q2_x3_loro_hokkaido_iburi_tobu_seed42,pooled_loro,intervention,42,1120,na,hokkaido_iburi_tobu,Hokkaido0326,0.5,401,48,3878,12057,38.95638156005577,0.23253386487053918,0.3667269439418343
E1,q2_x3_loro_hokkaido_iburi_tobu_seed42,pooled_loro,intervention,42,1120,na,hokkaido_iburi_tobu,Hokkaido0327,0.5,427,28,4291,11638,53.022163308653866,0.22337408879870296,0.3729524788238108
E1,q2_x3_loro_hokkaido_iburi_tobu_seed42,pooled_loro,intervention,42,1120,na,hokkaido_iburi_tobu,Hokkaido0328,0.5,230,32,2766,13356,67.0,0.22780163125864983,0.37939285296722824
E1,q2_x3_loro_hokkaido_iburi_tobu_seed42,pooled_loro,intervention,42,1120,na,hokkaido_iburi_tobu,Hokkaido0329,0.5,151,31,828,15374,24.891476562825943,0.4747774480708394,0.6407766990286906
E1,q2_x3_loro_hokkaido_iburi_tobu_seed42,pooled_loro,intervention,42,1120,na,hokkaido_iburi_tobu,Hokkaido0330,0.5,10,374,410,15590,75.02974632900155,0.12133072406996145,0.1669024045256811
E1,q2_x3_loro_hokkaido_iburi_tobu_seed42,pooled_loro,intervention,42,1120,na,hokkaido_iburi_tobu,Hokkaido0331,0.5,0,355,393,15636,49.39378279774085,0.0,0.0
E1,q2_x3_loro_hokkaido_iburi_tobu_seed42,pooled_loro,intervention,42,1120,na,hokkaido_iburi_tobu,Hokkaido0332,0.5,18,0,322,16044,56.68859141894391,0.20189274447931377,0.2985074626863131
E1,q2_x3_loro_hokkaido_iburi_tobu_seed42,pooled_loro,intervention,42,1120,na,hokkaido_iburi_tobu,Hokkaido0333,0.5,47,32,345,15960,48.373546489791295,0.3192826136619921,0.3956502308949183
E1,q2_x3_loro_hokkaido_iburi_tobu_seed42,pooled_loro,intervention,42,1120,na,hokkaido_iburi_tobu,Hokkaido0334,0.5,331,66,1131,14856,48.42455111325678,0.42589133436171067,0.6019417475723947
E1,q2_x3_loro_hokkaido_iburi_tobu_seed42,pooled_loro,intervention,42,1120,na,hokkaido_iburi_tobu,Hokkaido0335,0.5,270,93,1416,14605,46.52956049652737,0.29322984044819284,0.4896187124955917
E1,q2_x3_loro_hokkaido_iburi_tobu_seed42,pooled_loro,intervention,42,1120,na,hokkaido_iburi_tobu,Hokkaido0336,0.5,57,20,578,15729,54.38933551235077,0.2667264141185477,0.38013698630106196
E1,q2_x3_loro_hokkaido_iburi_tobu_seed42,pooled_loro,intervention,42,1120,na,hokkaido_iburi_tobu,Hokkaido0337,0.5,151,38,383,15812,69.77105417004964,0.32645875251474443,0.5287958115179355
E1,q2_x3_loro_hokkaido_iburi_tobu_seed42,pooled_loro,intervention,42,1120,na,hokkaido_iburi_tobu,Hokkaido0338,0.5,141,29,247,15967,11.672135954999575,0.4545789978595057,0.719696969696509
E1,q2_x3_loro_hokkaido_iburi_tobu_seed42,pooled_loro,intervention,42,1120,na,hokkaido_iburi_tobu,Hokkaido0339,0.5,89,9,322,15964,29.36094712965866,0.36110812842230544,0.5754985754981656
E1,q2_x3_loro_hokkaido_iburi_tobu_seed42,pooled_loro,intervention,42,1120,na,hokkaido_iburi_tobu,Hokkaido0340,0.5,264,26,1097,14997,43.684994852519395,0.43101836897266804,0.5767731878405872
E1,q2_x3_loro_hokkaido_iburi_tobu_seed42,pooled_loro,intervention,42,1120,na,hokkaido_iburi_tobu,Hokkaido0341,0.5,288,23,1999,14074,41.773197148410844,0.29286884978648914,0.38529088913251
E1,q2_x3_loro_hokkaido_iburi_tobu_seed42,pooled_loro,intervention,42,1120,na,hokkaido_iburi_tobu,Hokkaido0342,0.5,336,42,1786,14220,26.248809496813376,0.3852502860699006,0.5395003491080963
E1,q2_x3_loro_hokkaido_iburi_tobu_seed42,pooled_loro,intervention,42,1120,na,hokkaido_iburi_tobu,Hokkaido0343,0.5,296,61,1082,14945,18.872616676907732,0.556497831865598,0.7151725850504415
E1,q2_x3_loro_hokkaido_iburi_tobu_seed42,pooled_loro,intervention,42,1120,na,hokkaido_iburi_tobu,Hokkaido0344,0.5,139,33,454,15758,15.708095202918702,0.5843706207233472,0.7419962335211906
E1,q2_x3_loro_hokkaido_iburi_tobu_seed42,pooled_loro,intervention,42,1120,na,hokkaido_iburi_tobu,Hokkaido0345,0.5,0,0,19,16365,181.01933598375618,0.0,0.0
E1,q2_x3_loro_hokkaido_iburi_tobu_seed42,pooled_loro,intervention,42,1120,na,hokkaido_iburi_tobu,Hokkaido0346,0.5,89,11,222,16062,71.293245654579,0.4773030707606155,0.6850393700782897
E1,q2_x3_loro_hokkaido_iburi_tobu_seed42,pooled_loro,intervention,42,1120,na,hokkaido_iburi_tobu,Hokkaido0347,0.5,87,13,326,15958,14.866068747318506,0.4265782862026354,0.7112299465236058
E1,q2_x3_loro_hokkaido_iburi_tobu_seed42,pooled_loro,intervention,42,1120,na,hokkaido_iburi_tobu,Hokkaido0348,0.5,41,33,204,16106,17.226318068379975,0.3730452089845605,0.5991561181430402
E1,q2_x3_loro_hokkaido_iburi_tobu_seed42,pooled_loro,intervention,42,1120,na,hokkaido_iburi_tobu,Hokkaido0349,0.5,51,37,126,16170,29.348807860907822,0.5832918945793607,0.7431693989066367
E1,q2_x3_loro_hokkaido_iburi_tobu_seed42,pooled_loro,intervention,42,1120,na,hokkaido_iburi_tobu,Hokkaido0350,0.5,197,1115,501,14571,39.77899008909453,0.19369038884763712,0.28296108774601914
E1,q2_x3_loro_hokkaido_iburi_tobu_seed42,pooled_loro,intervention,42,1120,na,hokkaido_iburi_tobu,Hokkaido0351,0.5,62,28,755,15539,53.06128009232623,0.18134715025876713,0.2928399034590526
E1,q2_x3_loro_hokkaido_iburi_tobu_seed42,pooled_loro,intervention,42,1120,na,hokkaido_iburi_tobu,Hokkaido0352,0.5,33,40,432,15879,68.39768040669436,0.22871046228675182,0.39489416707016417
E1,q2_x3_loro_hokkaido_iburi_tobu_seed42,pooled_loro,intervention,42,1120,na,hokkaido_iburi_tobu,Hokkaido0353,0.5,36,16,257,16075,66.24871003673178,0.36336779911336997,0.5559200084642701
E1,q2_x3_loro_hokkaido_iburi_tobu_seed42,pooled_loro,intervention,42,1120,na,hokkaido_iburi_tobu,Hokkaido0354,0.5,21,10,51,16302,79.34350289549424,0.7443987197068654,0.8148148148143147
E1,q2_x3_loro_hokkaido_iburi_tobu_seed42,pooled_loro,intervention,42,1120,na,hokkaido_iburi_tobu,Hokkaido0355,0.5,14,4,58,16308,24.787063567943886,0.6829268292678429,0.8979591836729744
E1,q2_x3_loro_hokkaido_iburi_tobu_seed42,pooled_loro,intervention,42,1120,na,hokkaido_iburi_tobu,Hokkaido0357,0.5,15,195,80,16094,58.68005520320941,0.15384615384569658,0.21890547263636506
E1,q2_x3_loro_hokkaido_iburi_tobu_seed42,pooled_loro,intervention,42,1120,na,hokkaido_iburi_tobu,Hokkaido0358,0.5,0,12,106,16266,73.21506035360161,0.0,0.0
E1,q2_x3_loro_hokkaido_iburi_tobu_seed42,pooled_loro,intervention,42,1120,na,hokkaido_iburi_tobu,Hokkaido0359,0.5,0,83,48,16253,54.06010702589836,0.038022813687914526,0.04347826086944329
E1,q2_x3_loro_hokkaido_iburi_tobu_seed42,pooled_loro,intervention,42,1120,na,hokkaido_iburi_tobu,Hokkaido0360,0.5,10,460,65,15849,54.81867822254348,0.16327751196134482,0.18554861730572073
E1,q2_x3_loro_hokkaido_iburi_tobu_seed42,pooled_loro,intervention,42,1120,na,hokkaido_iburi_tobu,Hokkaido0361,0.5,1045,220,780,14339,30.323122783576522,0.6554704059998592,0.8300455235199999
E1,q2_x3_loro_hokkaido_iburi_tobu_seed42,pooled_loro,intervention,42,1120,na,hokkaido_iburi_tobu,Hokkaido0362,0.5,1602,372,2592,11818,30.870698080866262,0.5456257860443345,0.7121934281338858
E1,q2_x3_loro_hokkaido_iburi_tobu_seed42,pooled_loro,intervention,42,1120,na,hokkaido_iburi_tobu,Hokkaido0363,0.5,1115,175,4084,11010,48.03904133020189,0.35558654348928886,0.49434448063274117
E1,q2_x3_loro_hokkaido_iburi_tobu_seed42,pooled_loro,intervention,42,1120,na,hokkaido_iburi_tobu,Hokkaido0364,0.5,123,10,5178,11073,102.01592675275955,0.0600635287322367,0.09432422519704406
E1,q2_x3_loro_hokkaido_iburi_tobu_seed42,pooled_loro,intervention,42,1120,na,hokkaido_iburi_tobu,Hokkaido0365,0.5,131,24,5182,11047,79.93122043357026,0.06982344642823773,0.13006469186232306
E1,q2_x3_loro_hokkaido_iburi_tobu_seed42,pooled_loro,intervention,42,1120,na,hokkaido_iburi_tobu,Hokkaido0366,0.5,241,23,4461,11659,53.53503525729669,0.11751408930436608,0.18921659261009158
E1,q2_x3_loro_hokkaido_iburi_tobu_seed42,pooled_loro,intervention,42,1120,na,hokkaido_iburi_tobu,Hokkaido0367,0.5,214,33,1915,14222,41.00914498161482,0.21542722265909506,0.2977089859342683
E1,q2_x3_loro_hokkaido_iburi_tobu_seed42,pooled_loro,intervention,42,1120,na,hokkaido_iburi_tobu,Hokkaido0368,0.5,28,6,545,15805,90.65728332974953,0.175438596491068,0.24472573839640968
E1,q2_x3_loro_hokkaido_iburi_tobu_seed42,pooled_loro,intervention,42,1120,na,hokkaido_iburi_tobu,Hokkaido0369,0.5,27,1047,713,14597,38.00050785558109,0.13179997415636785,0.17259437750955178
E1,q2_x3_loro_hokkaido_iburi_tobu_seed42,pooled_loro,intervention,42,1120,na,hokkaido_iburi_tobu,Hokkaido0370,0.5,6,2,565,15811,72.80109889280519,0.07290400972044216,0.17587373167961262
E1,q2_x3_loro_hokkaido_iburi_tobu_seed42,pooled_loro,intervention,42,1120,na,hokkaido_iburi_tobu,Hokkaido0371,0.5,26,8,479,15871,55.905215011261596,0.1545001226189693,0.34759850038870804
E1,q2_x3_loro_hokkaido_iburi_tobu_seed42,pooled_loro,intervention,42,1120,na,hokkaido_iburi_tobu,Hokkaido0372,0.5,79,27,569,15709,41.86884283091664,0.25383330803071513,0.4275792458721457
E1,q2_x3_loro_hokkaido_iburi_tobu_seed42,pooled_loro,intervention,42,1120,na,hokkaido_iburi_tobu,Hokkaido0373,0.5,285,96,1246,14757,34.00588108135596,0.40048594093914486,0.5806221428070022
E1,q2_x3_loro_hokkaido_iburi_tobu_seed42,pooled_loro,intervention,42,1120,na,hokkaido_iburi_tobu,Hokkaido0374,0.5,353,84,1823,14124,22.995567434115017,0.3797472371413751,0.5737014506313176
E1,q2_x3_loro_hokkaido_iburi_tobu_seed42,pooled_loro,intervention,42,1120,na,hokkaido_iburi_tobu,Hokkaido0375,0.5,146,16,1299,14923,36.40054944640259,0.2885799806450475,0.4168734491311836
E1,q2_x3_loro_hokkaido_iburi_tobu_seed42,pooled_loro,intervention,42,1120,na,hokkaido_iburi_tobu,Hokkaido0376,0.5,227,37,1120,15000,50.923464279005884,0.3057442435639911,0.4788135593216697
E1,q2_x3_loro_hokkaido_iburi_tobu_seed42,pooled_loro,intervention,42,1120,na,hokkaido_iburi_tobu,Hokkaido0377,0.5,218,45,933,15188,57.885045495720476,0.3134557693711381,0.5177975528360962
E1,q2_x3_loro_hokkaido_iburi_tobu_seed42,pooled_loro,intervention,42,1120,na,hokkaido_iburi_tobu,Hokkaido0378,0.5,143,17,485,15739,45.0,0.5076246034178847,0.6360856269108812
E1,q2_x3_loro_hokkaido_iburi_tobu_seed42,pooled_loro,intervention,42,1120,na,hokkaido_iburi_tobu,Hokkaido0379,0.5,355,53,1125,14851,40.79458358595272,0.5525419343706915,0.6494597839131268
E1,q2_x3_loro_hokkaido_iburi_tobu_seed42,pooled_loro,intervention,42,1120,na,hokkaido_iburi_tobu,Hokkaido0380,0.5,461,90,1833,14000,26.076809620810597,0.5052843235268979,0.6268533772648085
E1,q2_x3_loro_hokkaido_iburi_tobu_seed42,pooled_loro,intervention,42,1120,na,hokkaido_iburi_tobu,Hokkaido0381,0.5,398,61,1976,13949,22.360679774997898,0.4663691442466476,0.6061643835612214
E1,q2_x3_loro_hokkaido_iburi_tobu_seed42,pooled_loro,intervention,42,1120,na,hokkaido_iburi_tobu,Hokkaido0382,0.5,486,87,2178,13633,19.932372960654142,0.4485405284278738,0.5862803579032925
E1,q2_x3_loro_hokkaido_iburi_tobu_seed42,pooled_loro,intervention,42,1120,na,hokkaido_iburi_tobu,Hokkaido0383,0.5,575,116,1434,14259,17.038179534632693,0.5613936310251862,0.6818440523615313
E1,q2_x3_loro_hokkaido_iburi_tobu_seed42,pooled_loro,intervention,42,1120,na,hokkaido_iburi_tobu,Hokkaido0384,0.5,367,132,519,15366,53.307557918649024,0.6078084155489322,0.7228260869560601
E1,q2_x3_loro_hokkaido_iburi_tobu_seed42,pooled_loro,intervention,42,1120,na,hokkaido_iburi_tobu,Hokkaido0385,0.5,151,35,517,15681,19.874357205121107,0.48528128867300035,0.6879699248115786
E1,q2_x3_loro_hokkaido_iburi_tobu_seed42,pooled_loro,intervention,42,1120,na,hokkaido_iburi_tobu,Hokkaido0386,0.5,88,18,389,15889,14.312563530290129,0.4173759906071926,0.7210884353736885
E1,q2_x3_loro_hokkaido_iburi_tobu_seed42,pooled_loro,intervention,42,1120,na,hokkaido_iburi_tobu,Hokkaido0387,0.5,154,246,590,15394,35.15308841995921,0.264595488497827,0.3471113758184722
E1,q2_x3_loro_hokkaido_iburi_tobu_seed42,pooled_loro,intervention,42,1120,na,hokkaido_iburi_tobu,Hokkaido0388,0.5,120,77,680,15507,27.15612640853789,0.3026952595018733,0.398560752836545
E1,q2_x3_loro_hokkaido_iburi_tobu_seed42,pooled_loro,intervention,42,1120,na,hokkaido_iburi_tobu,Hokkaido0389,0.5,27,6,630,15721,34.11376543177722,0.23824027072736484,0.3804207370648627
E1,q2_x3_loro_hokkaido_iburi_tobu_seed42,pooled_loro,intervention,42,1120,na,hokkaido_iburi_tobu,Hokkaido0390,0.5,119,17,917,15331,34.032313563174775,0.3861834130630579,0.5288178274235508
E1,q2_x3_loro_hokkaido_iburi_tobu_seed42,pooled_loro,intervention,42,1120,na,hokkaido_iburi_tobu,Hokkaido0391,0.5,209,40,938,15197,27.105950073841452,0.5287049399194772,0.6641066184770695
E1,q2_x3_loro_hokkaido_iburi_tobu_seed42,pooled_loro,intervention,42,1120,na,hokkaido_iburi_tobu,Hokkaido0392,0.5,139,34,559,15652,25.302918588176926,0.5950154711669291,0.7525963068314012
E1,q2_x3_loro_hokkaido_iburi_tobu_seed42,pooled_loro,intervention,42,1120,na,hokkaido_iburi_tobu,Hokkaido0393,0.5,90,59,221,16014,41.012193308819754,0.6143936578714405,0.7357000398878211
E1,q2_x3_loro_hokkaido_iburi_tobu_seed42,pooled_loro,intervention,42,1120,na,hokkaido_iburi_tobu,Hokkaido0394,0.5,25,7,169,16183,23.37944064700249,0.5288461538457648,0.7302904564310716
E1,q2_x3_loro_hokkaido_iburi_tobu_seed42,pooled_loro,intervention,42,1120,na,hokkaido_iburi_tobu,Hokkaido0395,0.5,0,3,153,16228,100.24145749220625,0.0,0.0
E1,q2_x3_loro_hokkaido_iburi_tobu_seed42,pooled_loro,intervention,42,1120,na,hokkaido_iburi_tobu,Hokkaido0396,0.5,1,113,232,16038,71.1547036763344,0.05025125628096038,0.08183146614674928
E1,q2_x3_loro_hokkaido_iburi_tobu_seed42,pooled_loro,intervention,42,1120,na,hokkaido_iburi_tobu,Hokkaido0397,0.5,0,0,101,16283,181.01933598375618,0.0,0.0
E1,q2_x3_loro_hokkaido_iburi_tobu_seed42,pooled_loro,intervention,42,1120,na,hokkaido_iburi_tobu,Hokkaido0398,0.5,0,0,40,16344,181.01933598375618,0.0,0.0
E1,q2_x3_loro_hokkaido_iburi_tobu_seed42,pooled_loro,intervention,42,1120,na,hokkaido_iburi_tobu,Hokkaido0399,0.5,133,14,462,15775,61.434755463825034,0.3601075645968315,0.6066285010136144
E1,q2_x3_loro_hokkaido_iburi_tobu_seed42,pooled_loro,intervention,42,1120,na,hokkaido_iburi_tobu,Hokkaido0400,0.5,1144,202,1455,13583,23.659955864371014,0.5515603029397704,0.7404056169392743
E1,q2_x3_loro_hokkaido_iburi_tobu_seed42,pooled_loro,intervention,42,1120,na,hokkaido_iburi_tobu,Hokkaido0401,0.5,476,91,5006,10811,35.41890248483587,0.250295660265856,0.39360714899435406
E1,q2_x3_loro_hokkaido_iburi_tobu_seed42,pooled_loro,intervention,42,1120,na,hokkaido_iburi_tobu,Hokkaido0402,0.5,840,104,5702,9738,43.9829413182444,0.2534862400074581,0.38354635995177805
E1,q2_x3_loro_hokkaido_iburi_tobu_seed42,pooled_loro,intervention,42,1120,na,hokkaido_iburi_tobu,Hokkaido0403,0.5,714,79,4866,10725,41.18069859689469,0.206709642118011,0.3054200454449826
E1,q2_x3_loro_hokkaido_iburi_tobu_seed42,pooled_loro,intervention,42,1120,na,hokkaido_iburi_tobu,Hokkaido0404,0.5,58,3,5122,11201,55.75571661125945,0.033308314333015385,0.09325396825387934
E1,q2_x3_loro_hokkaido_iburi_tobu_seed42,pooled_loro,intervention,42,1120,na,hokkaido_iburi_tobu,Hokkaido0405,0.5,311,116,4002,11955,41.0,0.1769318695338424,0.25133333333311353
E1,q2_x3_loro_hokkaido_iburi_tobu_seed42,pooled_loro,intervention,42,1120,na,hokkaido_iburi_tobu,Hokkaido0406,0.5,21,2,2361,14000,61.01802893387455,0.06743088334450664,0.09314703925473487
E1,q2_x3_loro_hokkaido_iburi_tobu_seed42,pooled_loro,intervention,42,1120,na,hokkaido_iburi_tobu,Hokkaido0407,0.5,1,0,1154,15229,86.58578876542967,0.018376722817745956,0.05705705705700162
E1,q2_x3_loro_hokkaido_iburi_tobu_seed42,pooled_loro,intervention,42,1120,na,hokkaido_iburi_tobu,Hokkaido0408,0.5,145,4,1231,15004,46.38372966743473,0.1791423139213064,0.3155503225482389
E1,q2_x3_loro_hokkaido_iburi_tobu_seed42,pooled_loro,intervention,42,1120,na,hokkaido_iburi_tobu,Hokkaido0409,0.5,343,635,782,14624,43.83263593120536,0.4130335016057757,0.49502133712612856
E1,q2_x3_loro_hokkaido_iburi_tobu_seed42,pooled_loro,intervention,42,1120,na,hokkaido_iburi_tobu,Hokkaido0410,0.5,98,25,993,15268,26.347575741061988,0.2861848672387202,0.41221374045768805
E1,q2_x3_loro_hokkaido_iburi_tobu_seed42,pooled_loro,intervention,42,1120,na,hokkaido_iburi_tobu,Hokkaido0411,0.5,508,78,1529,14269,39.53536655179963,0.486387146625813,0.6376021798360779
E1,q2_x3_loro_hokkaido_iburi_tobu_seed42,pooled_loro,intervention,42,1120,na,hokkaido_iburi_tobu,Hokkaido0412,0.5,586,141,1153,14504,32.14642541949574,0.5735936299913341,0.6955288121502122
E1,q2_x3_loro_hokkaido_iburi_tobu_seed42,pooled_loro,intervention,42,1120,na,hokkaido_iburi_tobu,Hokkaido0413,0.5,394,84,1920,13986,26.92582403567252,0.34833752697531023,0.46849593495899083
E1,q2_x3_loro_hokkaido_iburi_tobu_seed42,pooled_loro,intervention,42,1120,na,hokkaido_iburi_tobu,Hokkaido0414,0.5,340,41,2225,13778,27.12928234519205,0.32928560163983467,0.4761459307760637
E1,q2_x3_loro_hokkaido_iburi_tobu_seed42,pooled_loro,intervention,42,1120,na,hokkaido_iburi_tobu,Hokkaido0415,0.5,168,12,1272,14932,44.18878450037056,0.3422192538877011,0.4745470232955828
E1,q2_x3_loro_hokkaido_iburi_tobu_seed42,pooled_loro,intervention,42,1120,na,hokkaido_iburi_tobu,Hokkaido0416,0.5,28,4,1025,15327,64.0663707641417,0.11068558174646927,0.25981055480356285
E1,q2_x3_loro_hokkaido_iburi_tobu_seed42,pooled_loro,intervention,42,1120,na,hokkaido_iburi_tobu,Hokkaido0417,0.5,124,13,1044,15203,100.00424989375531,0.3103448275859447,0.3734439834021859
E1,q2_x3_loro_hokkaido_iburi_tobu_seed42,pooled_loro,intervention,42,1120,na,hokkaido_iburi_tobu,Hokkaido0418,0.5,351,67,1247,14719,58.29150364557576,0.5396435156726237,0.6629150253231358
E1,q2_x3_loro_hokkaido_iburi_tobu_seed42,pooled_loro,intervention,42,1120,na,hokkaido_iburi_tobu,Hokkaido0419,0.5,423,81,1737,14143,34.0,0.5505356311127823,0.7054908485852337
E1,q2_x3_loro_hokkaido_iburi_tobu_seed42,pooled_loro,intervention,42,1120,na,hokkaido_iburi_tobu,Hokkaido0420,0.5,478,39,2446,13421,26.921180050291245,0.39777875622827513,0.5320121951215607
E1,q2_x3_loro_hokkaido_iburi_tobu_seed42,pooled_loro,intervention,42,1120,na,hokkaido_iburi_tobu,Hokkaido0421,0.5,851,111,2615,12807,27.65863337187866,0.3819447848335275,0.4985569985566242
E1,q2_x3_loro_hokkaido_iburi_tobu_seed42,pooled_loro,intervention,42,1120,na,hokkaido_iburi_tobu,Hokkaido0422,0.5,943,144,2312,12985,24.302194745933424,0.4482385064636309,0.5752895752891655
E1,q2_x3_loro_hokkaido_iburi_tobu_seed42,pooled_loro,intervention,42,1120,na,hokkaido_iburi_tobu,Hokkaido0423,0.5,487,58,1914,13925,48.908038649224814,0.38837819029243226,0.4875808838199818
E1,q2_x3_loro_hokkaido_iburi_tobu_seed42,pooled_loro,intervention,42,1120,na,hokkaido_iburi_tobu,Hokkaido0424,0.5,105,6,2030,14243,51.74056177154716,0.2142995543497097,0.3218842001960007
E1,q2_x3_loro_hokkaido_iburi_tobu_seed42,pooled_loro,intervention,42,1120,na,hokkaido_iburi_tobu,Hokkaido0425,0.5,34,0,1367,14983,66.20382085253598,0.10873786407754321,0.1249999999998828
E1,q2_x3_loro_hokkaido_iburi_tobu_seed42,pooled_loro,intervention,42,1120,na,hokkaido_iburi_tobu,Hokkaido0426,0.5,87,12,784,15501,62.914494576365065,0.2908277404919059,0.36906854130022626
E1,q2_x3_loro_hokkaido_iburi_tobu_seed42,pooled_loro,intervention,42,1120,na,hokkaido_iburi_tobu,Hokkaido0427,0.5,99,12,966,15307,25.0,0.3568915893824892,0.540372670807059
E1,q2_x3_loro_hokkaido_iburi_tobu_seed42,pooled_loro,intervention,42,1120,na,hokkaido_iburi_tobu,Hokkaido0428,0.5,141,27,974,15242,38.39238760453804,0.35998716623262916,0.5097001763664633
E1,q2_x3_loro_hokkaido_iburi_tobu_seed42,pooled_loro,intervention,42,1120,na,hokkaido_iburi_tobu,Hokkaido0429,0.5,166,4,1583,14631,33.60059523282288,0.3197831978317096,0.4538653366580032
E1,q2_x3_loro_hokkaido_iburi_tobu_seed42,pooled_loro,intervention,42,1120,na,hokkaido_iburi_tobu,Hokkaido0430,0.5,358,48,1266,14712,31.01854105331547,0.49824657620895335,0.6372239747629728
E1,q2_x3_loro_hokkaido_iburi_tobu_seed42,pooled_loro,intervention,42,1120,na,hokkaido_iburi_tobu,Hokkaido0431,0.5,606,127,900,14751,20.752427283019404,0.6718701885238554,0.8044935724844444
E1,q2_x3_loro_hokkaido_iburi_tobu_seed42,pooled_loro,intervention,42,1120,na,hokkaido_iburi_tobu,Hokkaido0432,0.5,465,64,853,15002,17.262291564175364,0.6379299011354332,0.8263565891468019
E1,q2_x3_loro_hokkaido_iburi_tobu_seed42,pooled_loro,intervention,42,1120,na,hokkaido_iburi_tobu,Hokkaido0433,0.5,119,3,310,15952,14.834831532957553,0.6467755753148842,0.8904428904423964
E1,q2_x3_loro_hokkaido_iburi_tobu_seed42,pooled_loro,intervention,42,1120,na,hokkaido_iburi_tobu,Hokkaido0434,0.5,0,0,161,16223,181.01933598375618,0.0,0.0
E1,q2_x3_loro_hokkaido_iburi_tobu_seed42,pooled_loro,intervention,42,1120,na,hokkaido_iburi_tobu,Hokkaido0435,0.5,0,0,161,16223,181.01933598375618,0.0,0.0
E1,q2_x3_loro_hokkaido_iburi_tobu_seed42,pooled_loro,intervention,42,1120,na,hokkaido_iburi_tobu,Hokkaido0438,0.5,239,26,1042,15077,18.094167496483852,0.3231313842559216,0.5116140187625826
E1,q2_x3_loro_hokkaido_iburi_tobu_seed42,pooled_loro,intervention,42,1120,na,hokkaido_iburi_tobu,Hokkaido0439,0.5,343,64,1908,14069,21.9396873696849,0.31269665380692135,0.4624194702931305
E1,q2_x3_loro_hokkaido_iburi_tobu_seed42,pooled_loro,intervention,42,1120,na,hokkaido_iburi_tobu,Hokkaido0440,0.5,1325,235,2645,12179,20.0,0.45057221951668835,0.6295549697623077
E1,q2_x3_loro_hokkaido_iburi_tobu_seed42,pooled_loro,intervention,42,1120,na,hokkaido_iburi_tobu,Hokkaido0441,0.5,2001,288,4677,9418,19.339027896607874,0.45630609055513344,0.634065155979246
E1,q2_x3_loro_hokkaido_iburi_tobu_seed42,pooled_loro,intervention,42,1120,na,hokkaido_iburi_tobu,Hokkaido0442,0.5,2108,207,5236,8833,29.0,0.4270620624024673,0.6242592308088392
E1,q2_x3_loro_hokkaido_iburi_tobu_seed42,pooled_loro,intervention,42,1120,na,hokkaido_iburi_tobu,Hokkaido0443,0.5,796,77,5877,9634,46.0,0.23537914013361286,0.36820045744442526
E1,q2_x3_loro_hokkaido_iburi_tobu_seed42,pooled_loro,intervention,42,1120,na,hokkaido_iburi_tobu,Hokkaido0444,0.5,674,29,3928,11753,42.501172827795166,0.2070867113870552,0.3100355692388949
E1,q2_x3_loro_hokkaido_iburi_tobu_seed42,pooled_loro,intervention,42,1120,na,hokkaido_iburi_tobu,Hokkaido0445,0.5,227,32,2905,13220,43.33116967049027,0.18564490016169452,0.2960806736664352
E1,q2_x3_loro_hokkaido_iburi_tobu_seed42,pooled_loro,intervention,42,1120,na,hokkaido_iburi_tobu,Hokkaido0446,0.5,311,75,2370,13628,58.309518948453004,0.2500914014604968,0.33458646616513493
E1,q2_x3_loro_hokkaido_iburi_tobu_seed42,pooled_loro,intervention,42,1120,na,hokkaido_iburi_tobu,Hokkaido0447,0.5,389,108,1351,14536,48.14029682132152,0.30271633857350516,0.39902679053596135
E1,q2_x3_loro_hokkaido_iburi_tobu_seed42,pooled_loro,intervention,42,1120,na,hokkaido_iburi_tobu,Hokkaido0448,0.5,90,10,736,15548,40.012219829667316,0.29123846019830446,0.3570479783217872
E1,q2_x3_loro_hokkaido_iburi_tobu_seed42,pooled_loro,intervention,42,1120,na,hokkaido_iburi_tobu,Hokkaido0449,0.5,257,32,1247,14848,37.26387664118965,0.4104477611936802,0.5461783439486475
E1,q2_x3_loro_hokkaido_iburi_tobu_seed42,pooled_loro,intervention,42,1120,na,hokkaido_iburi_tobu,Hokkaido0450,0.5,598,38,2620,13128,32.01562118716424,0.4086749348708457,0.5637426900580746
E1,q2_x3_loro_hokkaido_iburi_tobu_seed42,pooled_loro,intervention,42,1120,na,hokkaido_iburi_tobu,Hokkaido0451,0.5,707,68,2828,12781,26.735648788863337,0.39532313375742273,0.5477012515545215
E1,q2_x3_loro_hokkaido_iburi_tobu_seed42,pooled_loro,intervention,42,1120,na,hokkaido_iburi_tobu,Hokkaido0452,0.5,677,136,2755,12816,24.64239139557933,0.3658841089547926,0.513551178966217
E1,q2_x3_loro_hokkaido_iburi_tobu_seed42,pooled_loro,intervention,42,1120,na,hokkaido_iburi_tobu,Hokkaido0453,0.5,435,69,2823,13057,21.628675231571624,0.32982425987164565,0.5136857892759586
E1,q2_x3_loro_hokkaido_iburi_tobu_seed42,pooled_loro,intervention,42,1120,na,hokkaido_iburi_tobu,Hokkaido0454,0.5,274,11,1661,14438,31.387846239644162,0.3274099444725507,0.4880503144650398
E1,q2_x3_loro_hokkaido_iburi_tobu_seed42,pooled_loro,intervention,42,1120,na,hokkaido_iburi_tobu,Hokkaido0455,0.5,171,10,1114,15089,71.89848431199546,0.18855218855200157,0.26923076923053624
E1,q2_x3_loro_hokkaido_iburi_tobu_seed42,pooled_loro,intervention,42,1120,na,hokkaido_iburi_tobu,Hokkaido0456,0.5,77,2,1477,14828,89.43193268120467,0.0835421427980483,0.1318681318680087
E1,q2_x3_loro_hokkaido_iburi_tobu_seed42,pooled_loro,intervention,42,1120,na,hokkaido_iburi_tobu,Hokkaido0457,0.5,163,13,1802,14406,77.02980559159248,0.2834382668296677,0.3669486011708129
E1,q2_x3_loro_hokkaido_iburi_tobu_seed42,pooled_loro,intervention,42,1120,na,hokkaido_iburi_tobu,Hokkaido0458,0.5,434,38,1857,14055,25.624205521464113,0.4683146943388305,0.5751196172244707
E1,q2_x3_loro_hokkaido_iburi_tobu_seed42,pooled_loro,intervention,42,1120,na,hokkaido_iburi_tobu,Hokkaido0459,0.5,687,38,2084,13575,22.02271554554524,0.4992972698181033,0.6087675765090885
E1,q2_x3_loro_hokkaido_iburi_tobu_seed42,pooled_loro,intervention,42,1120,na,hokkaido_iburi_tobu,Hokkaido0460,0.5,956,124,2511,12793,23.02823525592144,0.46205355367657436,0.6016200294546603
E1,q2_x3_loro_hokkaido_iburi_tobu_seed42,pooled_loro,intervention,42,1120,na,hokkaido_iburi_tobu,Hokkaido0461,0.5,479,68,3199,12638,44.12234925906074,0.28599237099625746,0.4176245210724665
E1,q2_x3_loro_hokkaido_iburi_tobu_seed42,pooled_loro,intervention,42,1120,na,hokkaido_iburi_tobu,Hokkaido0462,0.5,206,45,2642,13491,39.3103021198107,0.22704018713129365,0.3343464238785695
E1,q2_x3_loro_hokkaido_iburi_tobu_seed42,pooled_loro,intervention,42,1120,na,hokkaido_iburi_tobu,Hokkaido0463,0.5,239,73,2556,13516,36.74161518107453,0.2758376957565941,0.41983852364442026
E1,q2_x3_loro_hokkaido_iburi_tobu_seed42,pooled_loro,intervention,42,1120,na,hokkaido_iburi_tobu,Hokkaido0464,0.5,105,18,2252,14009,44.10215414239989,0.163371776374088,0.26937772241195773
E1,q2_x3_loro_hokkaido_iburi_tobu_seed42,pooled_loro,intervention,42,1120,na,hokkaido_iburi_tobu,Hokkaido0465,0.5,64,27,629,15664,51.05144023996934,0.3950133937766811,0.5293085608885029
E1,q2_x3_loro_hokkaido_iburi_tobu_seed42,pooled_loro,intervention,42,1120,na,hokkaido_iburi_tobu,Hokkaido0466,0.5,141,22,734,15487,32.00624160169074,0.4825239146427303,0.6110389476501216
E1,q2_x3_loro_hokkaido_iburi_tobu_seed42,pooled_loro,intervention,42,1120,na,hokkaido_iburi_tobu,Hokkaido0467,0.5,297,36,1349,14702,37.86289491929544,0.5407962953637735,0.6725109580458906
E1,q2_x3_loro_hokkaido_iburi_tobu_seed42,pooled_loro,intervention,42,1120,na,hokkaido_iburi_tobu,Hokkaido0468,0.5,201,10,2114,14059,35.3468520802177,0.3343186604585113,0.4873353596754166
E1,q2_x3_loro_hokkaido_iburi_tobu_seed42,pooled_loro,intervention,42,1120,na,hokkaido_iburi_tobu,Hokkaido0469,0.5,351,23,1979,14031,30.27043995086985,0.3468647740334748,0.47043872776039347
E1,q2_x3_loro_hokkaido_iburi_tobu_seed42,pooled_loro,intervention,42,1120,na,hokkaido_iburi_tobu,Hokkaido0470,0.5,812,96,1261,14215,27.784887978899608,0.6098197000988561,0.757769531382787
E1,q2_x3_loro_hokkaido_iburi_tobu_seed42,pooled_loro,intervention,42,1120,na,hokkaido_iburi_tobu,Hokkaido0471,0.5,620,73,873,14818,19.222342972958486,0.6599888058976747,0.8485633372700019
E1,q2_x3_loro_hokkaido_iburi_tobu_seed42,pooled_loro,intervention,42,1120,na,hokkaido_iburi_tobu,Hokkaido0472,0.5,108,12,250,16014,38.59721066037815,0.564413961818583,0.7773963559540898
E1,q2_x3_loro_hokkaido_iburi_tobu_seed42,pooled_loro,intervention,42,1120,na,hokkaido_iburi_tobu,Hokkaido0473,0.5,0,0,75,16309,181.01933598375618,0.0,0.0
E1,q2_x3_loro_hokkaido_iburi_tobu_seed42,pooled_loro,intervention,42,1120,na,hokkaido_iburi_tobu,Hokkaido0474,0.5,0,0,75,16309,181.01933598375618,0.0,0.0
E1,q2_x3_loro_hokkaido_iburi_tobu_seed42,pooled_loro,intervention,42,1120,na,hokkaido_iburi_tobu,Hokkaido0478,0.5,0,183,15,16186,72.24122904863128,0.0,0.0
E1,q2_x3_loro_hokkaido_iburi_tobu_seed42,pooled_loro,intervention,42,1120,na,hokkaido_iburi_tobu,Hokkaido0479,0.5,417,86,505,15376,12.885872593126203,0.6645435582231379,0.8220875678776138
E1,q2_x3_loro_hokkaido_iburi_tobu_seed42,pooled_loro,intervention,42,1120,na,hokkaido_iburi_tobu,Hokkaido0480,0.5,393,27,2073,13891,33.0491998918344,0.3264560208496869,0.44173820165170724
E1,q2_x3_loro_hokkaido_iburi_tobu_seed42,pooled_loro,intervention,42,1120,na,hokkaido_iburi_tobu,Hokkaido0481,0.5,820,84,1633,13847,35.3624073009726,0.40292255164326246,0.5061817429180181
E1,q2_x3_loro_hokkaido_iburi_tobu_seed42,pooled_loro,intervention,42,1120,na,hokkaido_iburi_tobu,Hokkaido0482,0.5,1210,250,1519,13405,32.96813052203912,0.42354417214842127,0.6262907663435102
E1,q2_x3_loro_hokkaido_iburi_tobu_seed42,pooled_loro,intervention,42,1120,na,hokkaido_iburi_tobu,Hokkaido0483,0.5,2286,423,3190,10485,22.360679774997898,0.5284986497948247,0.7132016640586595
E1,q2_x3_loro_hokkaido_iburi_tobu_seed42,pooled_loro,intervention,42,1120,na,hokkaido_iburi_tobu,Hokkaido0484,0.5,2871,350,5889,7274,18.027756377319946,0.5277760131837753,0.727285328158094
E1,q2_x3_loro_hokkaido_iburi_tobu_seed42,pooled_loro,intervention,42,1120,na,hokkaido_iburi_tobu,Hokkaido0485,0.5,1665,179,7810,6730,37.73054119082617,0.38684385455942216,0.5650748655412845
E1,q2_x3_loro_hokkaido_iburi_tobu_seed42,pooled_loro,intervention,42,1120,na,hokkaido_iburi_tobu,Hokkaido0486,0.5,1376,105,5284,9619,69.00241070567515,0.3352306742049709,0.49237381002484115
E1,q2_x3_loro_hokkaido_iburi_tobu_seed42,pooled_loro,intervention,42,1120,na,hokkaido_iburi_tobu,Hokkaido0487,0.5,107,17,4402,11858,60.0241430618355,0.11733982041270297,0.200860493899736
E1,q2_x3_loro_hokkaido_iburi_tobu_seed42,pooled_loro,intervention,42,1120,na,hokkaido_iburi_tobu,Hokkaido0488,0.5,561,173,3215,12435,45.26035084899497,0.2021266831869373,0.30964316493307825
E1,q2_x3_loro_hokkaido_iburi_tobu_seed42,pooled_loro,intervention,42,1120,na,hokkaido_iburi_tobu,Hokkaido0489,0.5,402,57,1278,14647,36.384053719713556,0.2937173149936275,0.45437956204344443
E1,q2_x3_loro_hokkaido_iburi_tobu_seed42,pooled_loro,intervention,42,1120,na,hokkaido_iburi_tobu,Hokkaido0490,0.5,185,46,404,15749,55.23721322163567,0.5380965802325791,0.5896290413311843
E1,q2_x3_loro_hokkaido_iburi_tobu_seed42,pooled_loro,intervention,42,1120,na,hokkaido_iburi_tobu,Hokkaido0491,0.5,393,35,1730,14226,62.08099221985631,0.34011705087179234,0.5071651090338893
E1,q2_x3_loro_hokkaido_iburi_tobu_seed42,pooled_loro,intervention,42,1120,na,hokkaido_iburi_tobu,Hokkaido0492,0.5,604,57,2744,12979,29.91313598866706,0.3498970983296952,0.48219648219611627
E1,q2_x3_loro_hokkaido_iburi_tobu_seed42,pooled_loro,intervention,42,1120,na,hokkaido_iburi_tobu,Hokkaido0493,0.5,945,157,3163,12119,25.709920264364882,0.3484024619442627,0.5132370672245542
E1,q2_x3_loro_hokkaido_iburi_tobu_seed42,pooled_loro,intervention,42,1120,na,hokkaido_iburi_tobu,Hokkaido0494,0.5,1088,185,3342,11769,20.248456731316587,0.42513791931355804,0.6303584672430753
E1,q2_x3_loro_hokkaido_iburi_tobu_seed42,pooled_loro,intervention,42,1120,na,hokkaido_iburi_tobu,Hokkaido0495,0.5,555,60,3757,12012,17.487134386943307,0.3103986121992406,0.5126349039216986
E1,q2_x3_loro_hokkaido_iburi_tobu_seed42,pooled_loro,intervention,42,1120,na,hokkaido_iburi_tobu,Hokkaido0496,0.5,261,4,3210,12909,36.12893521521941,0.18555347489216836,0.3364573570756339
E1,q2_x3_loro_hokkaido_iburi_tobu_seed42,pooled_loro,intervention,42,1120,na,hokkaido_iburi_tobu,Hokkaido0497,0.5,350,57,2096,13881,41.69411801094466,0.23042071197389333,0.33353846153818356
E1,q2_x3_loro_hokkaido_iburi_tobu_seed42,pooled_loro,intervention,42,1120,na,hokkaido_iburi_tobu,Hokkaido0498,0.5,127,11,1800,14446,69.45499756941217,0.1280200815812768,0.21225983531545528
E1,q2_x3_loro_hokkaido_iburi_tobu_seed42,pooled_loro,intervention,42,1120,na,hokkaido_iburi_tobu,Hokkaido0499,0.5,155,15,1555,14659,84.4994044648533,0.2838737695422821,0.41962774957665655
E1,q2_x3_loro_hokkaido_iburi_tobu_seed42,pooled_loro,intervention,42,1120,na,hokkaido_iburi_tobu,Hokkaido0500,0.5,461,45,1555,14323,34.663380511742794,0.49199444098575856,0.6464537087164006
E1,q2_x3_loro_hokkaido_iburi_tobu_seed42,pooled_loro,intervention,42,1120,na,hokkaido_iburi_tobu,Hokkaido0501,0.5,392,28,2199,13765,36.16347908104037,0.40655140115907085,0.5013248542656551
E1,q2_x3_loro_hokkaido_iburi_tobu_seed42,pooled_loro,intervention,42,1120,na,hokkaido_iburi_tobu,Hokkaido0502,0.5,395,42,2619,13328,49.61850801599217,0.32796703204684635,0.4202127659571149
E1,q2_x3_loro_hokkaido_iburi_tobu_seed42,pooled_loro,intervention,42,1120,na,hokkaido_iburi_tobu,Hokkaido0503,0.5,159,16,2569,13640,71.2915080462545,0.15356820234853888,0.24005891016179168
E1,q2_x3_loro_hokkaido_iburi_tobu_seed42,pooled_loro,intervention,42,1120,na,hokkaido_iburi_tobu,Hokkaido0504,0.5,172,73,2324,13815,67.54102221556516,0.2951664380837378,0.4019229668628325
E1,q2_x3_loro_hokkaido_iburi_tobu_seed42,pooled_loro,intervention,42,1120,na,hokkaido_iburi_tobu,Hokkaido0505,0.5,815,313,2098,13158,16.401219466856727,0.59339134550182,0.7259701978338688
E1,q2_x3_loro_hokkaido_iburi_tobu_seed42,pooled_loro,intervention,42,1120,na,hokkaido_iburi_tobu,Hokkaido0506,0.5,712,136,1908,13628,17.39934953095105,0.5761474530157806,0.7255810881647798
E1,q2_x3_loro_hokkaido_iburi_tobu_seed42,pooled_loro,intervention,42,1120,na,hokkaido_iburi_tobu,Hokkaido0507,0.5,402,148,896,14938,30.14962686336267,0.5022421524659663,0.674638094917762
E1,q2_x3_loro_hokkaido_iburi_tobu_seed42,pooled_loro,intervention,42,1120,na,hokkaido_iburi_tobu,Hokkaido0508,0.5,308,117,881,15078,33.25505010312612,0.466369136653772,0.6070099784381013
E1,q2_x3_loro_hokkaido_iburi_tobu_seed42,pooled_loro,intervention,42,1120,na,hokkaido_iburi_tobu,Hokkaido0509,0.5,507,84,1177,14616,31.329421930789078,0.6959295807978089,0.8014313491858455
E1,q2_x3_loro_hokkaido_iburi_tobu_seed42,pooled_loro,intervention,42,1120,na,hokkaido_iburi_tobu,Hokkaido0510,0.5,627,164,1712,13881,32.53608490861604,0.5821735803196099,0.7025398191988553
E1,q2_x3_loro_hokkaido_iburi_tobu_seed42,pooled_loro,intervention,42,1120,na,hokkaido_iburi_tobu,Hokkaido0511,0.5,466,31,2212,13675,32.16018820305493,0.38801884617474447,0.555628017602395
E1,q2_x3_loro_hokkaido_iburi_tobu_seed42,pooled_loro,intervention,42,1120,na,hokkaido_iburi_tobu,Hokkaido0512,0.5,528,40,1431,14385,26.069128658729525,0.50597410515402,0.6338199513377666
E1,q2_x3_loro_hokkaido_iburi_tobu_seed42,pooled_loro,intervention,42,1120,na,hokkaido_iburi_tobu,Hokkaido0513,0.5,266,44,562,15512,32.32310340187518,0.5493739923163014,0.7172413793098847
E1,q2_x3_loro_hokkaido_iburi_tobu_seed42,pooled_loro,intervention,42,1120,na,hokkaido_iburi_tobu,Hokkaido0514,0.5,31,20,151,16182,49.73501109084245,0.5661508936063896,0.6878158941817089
E1,q2_x3_loro_hokkaido_iburi_tobu_seed42,pooled_loro,intervention,42,1120,na,hokkaido_iburi_tobu,Hokkaido0515,0.5,43,10,228,16103,40.06795212248625,0.44966442952985275,0.5379746835439105
E1,q2_x3_loro_hokkaido_iburi_tobu_seed42,pooled_loro,intervention,42,1120,na,hokkaido_iburi_tobu,Hokkaido0516,0.5,14,1,205,16164,40.99988350807933,0.25471698113185315,0.3257918552033472
E1,q2_x3_loro_hokkaido_iburi_tobu_seed42,pooled_loro,intervention,42,1120,na,hokkaido_iburi_tobu,Hokkaido0517,0.5,0,0,23,16361,181.01933598375618,0.0,0.0
E1,q2_x3_loro_hokkaido_iburi_tobu_seed42,pooled_loro,intervention,42,1120,na,hokkaido_iburi_tobu,Hokkaido0518,0.5,0,0,36,16348,181.01933598375618,0.0,0.0
E1,q2_x3_loro_hokkaido_iburi_tobu_seed42,pooled_loro,intervention,42,1120,na,hokkaido_iburi_tobu,Hokkaido0520,0.5,35,55,38,16256,30.524233272067228,0.5306122448974844,0.5838837516508154
E1,q2_x3_loro_hokkaido_iburi_tobu_seed42,pooled_loro,intervention,42,1120,na,hokkaido_iburi_tobu,Hokkaido0521,0.5,36,0,705,15643,39.25738785439043,0.1929703652651434,0.3427109974421712
E1,q2_x3_loro_hokkaido_iburi_tobu_seed42,pooled_loro,intervention,42,1120,na,hokkaido_iburi_tobu,Hokkaido0522,0.5,759,94,1793,13738,86.66429312834063,0.4514442064899127,0.5600005745801472
E1,q2_x3_loro_hokkaido_iburi_tobu_seed42,pooled_loro,intervention,42,1120,na,hokkaido_iburi_tobu,Hokkaido0523,0.5,949,155,2869,12411,22.80350850198276,0.3604744787918908,0.489875064431024
E1,q2_x3_loro_hokkaido_iburi_tobu_seed42,pooled_loro,intervention,42,1120,na,hokkaido_iburi_tobu,Hokkaido0524,0.5,956,132,3786,11510,45.880278987817846,0.33860745399120284,0.46536112397888924
E1,q2_x3_loro_hokkaido_iburi_tobu_seed42,pooled_loro,intervention,42,1120,na,hokkaido_iburi_tobu,Hokkaido0525,0.5,2308,455,3445,10176,29.036918561224383,0.4297192296030754,0.5683009721806347
E1,q2_x3_loro_hokkaido_iburi_tobu_seed42,pooled_loro,intervention,42,1120,na,hokkaido_iburi_tobu,Hokkaido0526,0.5,1519,216,4470,10179,27.30199461249289,0.39365985515814,0.5277221977532313
E1,q2_x3_loro_hokkaido_iburi_tobu_seed42,pooled_loro,intervention,42,1120,na,hokkaido_iburi_tobu,Hokkaido0527,0.5,1339,185,6299,8561,21.398596935772623,0.3606567626070003,0.5105284811306273
E1,q2_x3_loro_hokkaido_iburi_tobu_seed42,pooled_loro,intervention,42,1120,na,hokkaido_iburi_tobu,Hokkaido0528,0.5,1499,188,7775,6922,17.029386365926403,0.3204948715774819,0.5155996834475313
E1,q2_x3_loro_hokkaido_iburi_tobu_seed42,pooled_loro,intervention,42,1120,na,hokkaido_iburi_tobu,Hokkaido0529,0.5,1717,183,6017,8467,27.81096239973355,0.3730189389514612,0.5699563091273052
E1,q2_x3_loro_hokkaido_iburi_tobu_seed42,pooled_loro,intervention,42,1120,na,hokkaido_iburi_tobu,Hokkaido0530,0.5,320,26,4061,11977,94.65932453019276,0.18768960703093684,0.31014293329904746
E1,q2_x3_loro_hokkaido_iburi_tobu_seed42,pooled_loro,intervention,42,1120,na,hokkaido_iburi_tobu,Hokkaido0531,0.5,815,98,2677,12794,91.88959275483386,0.3580543176014825,0.4445727482675526
E1,q2_x3_loro_hokkaido_iburi_tobu_seed42,pooled_loro,intervention,42,1120,na,hokkaido_iburi_tobu,Hokkaido0532,0.5,1068,73,2432,12811,35.17101079013795,0.43209041165371237,0.5824752995618294
E1,q2_x3_loro_hokkaido_iburi_tobu_seed42,pooled_loro,intervention,42,1120,na,hokkaido_iburi_tobu,Hokkaido0533,0.5,1155,135,1988,13106,27.385092897081137,0.5559908771871646,0.6799471319054433
E1,q2_x3_loro_hokkaido_iburi_tobu_seed42,pooled_loro,intervention,42,1120,na,hokkaido_iburi_tobu,Hokkaido0534,0.5,627,53,3936,11768,35.22782990761707,0.24665002142188483,0.36625448645428643
E1,q2_x3_loro_hokkaido_iburi_tobu_seed42,pooled_loro,intervention,42,1120,na,hokkaido_iburi_tobu,Hokkaido0535,0.5,358,46,4165,11815,32.22343035385246,0.19711996069863388,0.3043637697100463
E1,q2_x3_loro_hokkaido_iburi_tobu_seed42,pooled_loro,intervention,42,1120,na,hokkaido_iburi_tobu,Hokkaido0536,0.5,907,195,3572,11710,36.681057148736386,0.3512257692758331,0.4853069988446492
E1,q2_x3_loro_hokkaido_iburi_tobu_seed42,pooled_loro,intervention,42,1120,na,hokkaido_iburi_tobu,Hokkaido0537,0.5,1263,432,4579,10110,26.68332812825267,0.3661289740041721,0.5135635143247459
E1,q2_x3_loro_hokkaido_iburi_tobu_seed42,pooled_loro,intervention,42,1120,na,hokkaido_iburi_tobu,Hokkaido0538,0.5,585,224,5118,10457,45.17742799230607,0.19333506207311676,0.3297679328226326
E1,q2_x3_loro_hokkaido_iburi_tobu_seed42,pooled_loro,intervention,42,1120,na,hokkaido_iburi_tobu,Hokkaido0539,0.5,172,0,4104,12108,54.774077075924374,0.11363732784109558,0.20431034482740276
E1,q2_x3_loro_hokkaido_iburi_tobu_seed42,pooled_loro,intervention,42,1120,na,hokkaido_iburi_tobu,Hokkaido0540,0.5,212,6,2898,13268,37.16180835212409,0.13224426762527922,0.21513944223088372
E1,q2_x3_loro_hokkaido_iburi_tobu_seed42,pooled_loro,intervention,42,1120,na,hokkaido_iburi_tobu,Hokkaido0541,0.5,212,10,2343,13819,53.90707146770466,0.1659788579604028,0.20842785888732163
E1,q2_x3_loro_hokkaido_iburi_tobu_seed42,pooled_loro,intervention,42,1120,na,hokkaido_iburi_tobu,Hokkaido0542,0.5,470,739,986,14189,41.45358212051494,0.2341920374702853,0.4296885760191128
E1,q2_x3_loro_hokkaido_iburi_tobu_seed42,pooled_loro,intervention,42,1120,na,hokkaido_iburi_tobu,Hokkaido0543,0.5,216,371,610,15187,44.93605092078785,0.34241376402084267,0.4992545125776671
E1,q2_x3_loro_hokkaido_iburi_tobu_seed42,pooled_loro,intervention,42,1120,na,hokkaido_iburi_tobu,Hokkaido0544,0.5,217,23,2000,14144,39.0690920100804,0.19642857142838008,0.28542914171632067
E1,q2_x3_loro_hokkaido_iburi_tobu_seed42,pooled_loro,intervention,42,1120,na,hokkaido_iburi_tobu,Hokkaido0545,0.5,504,88,2362,13430,80.21502325264915,0.27867536266925436,0.34840132304271115
E1,q2_x3_loro_hokkaido_iburi_tobu_seed42,pooled_loro,intervention,42,1120,na,hokkaido_iburi_tobu,Hokkaido0546,0.5,947,103,2114,13220,43.13409145588478,0.46962596982225463,0.6353322528358711
E1,q2_x3_loro_hokkaido_iburi_tobu_seed42,pooled_loro,intervention,42,1120,na,hokkaido_iburi_tobu,Hokkaido0547,0.5,1244,188,3069,11883,39.83088808256566,0.4516043112272707,0.5950053993842483
E1,q2_x3_loro_hokkaido_iburi_tobu_seed42,pooled_loro,intervention,42,1120,na,hokkaido_iburi_tobu,Hokkaido0548,0.5,1164,200,3853,11167,23.097596186055984,0.4186777615669304,0.5742525290798468
E1,q2_x3_loro_hokkaido_iburi_tobu_seed42,pooled_loro,intervention,42,1120,na,hokkaido_iburi_tobu,Hokkaido0549,0.5,978,121,2735,12550,19.21327441470446,0.5375308132036765,0.6846394984321517
E1,q2_x3_loro_hokkaido_iburi_tobu_seed42,pooled_loro,intervention,42,1120,na,hokkaido_iburi_tobu,Hokkaido0550,0.5,843,233,1241,14067,21.904297439975377,0.5922582727807234,0.7327103045005707
E1,q2_x3_loro_hokkaido_iburi_tobu_seed42,pooled_loro,intervention,42,1120,na,hokkaido_iburi_tobu,Hokkaido0551,0.5,541,168,1160,14515,25.974009593965558,0.4480158190361979,0.5852479040120676
E1,q2_x3_loro_hokkaido_iburi_tobu_seed42,pooled_loro,intervention,42,1120,na,hokkaido_iburi_tobu,Hokkaido0552,0.5,312,80,1096,14896,24.186773244895647,0.5474380497159874,0.6865981029250758
E1,q2_x3_loro_hokkaido_iburi_tobu_seed42,pooled_loro,intervention,42,1120,na,hokkaido_iburi_tobu,Hokkaido0553,0.5,690,120,1437,14137,22.41086615065875,0.5956743915807637,0.7051811095823036
E1,q2_x3_loro_hokkaido_iburi_tobu_seed42,pooled_loro,intervention,42,1120,na,hokkaido_iburi_tobu,Hokkaido0554,0.5,773,77,2244,13290,17.4928556845359,0.47324645025914547,0.6110186464653641
E1,q2_x3_loro_hokkaido_iburi_tobu_seed42,pooled_loro,intervention,42,1120,na,hokkaido_iburi_tobu,Hokkaido0555,0.5,523,55,2016,13790,22.847319317591726,0.385228684012479,0.5381513743109094
E1,q2_x3_loro_hokkaido_iburi_tobu_seed42,pooled_loro,intervention,42,1120,na,hokkaido_iburi_tobu,Hokkaido0556,0.5,378,82,1122,14802,23.073779982272846,0.5130970629332249,0.6457536342765329
E1,q2_x3_loro_hokkaido_iburi_tobu_seed42,pooled_loro,intervention,42,1120,na,hokkaido_iburi_tobu,Hokkaido0557,0.5,230,36,738,15380,27.819047250551453,0.5531612489106909,0.7118977384459525
E1,q2_x3_loro_hokkaido_iburi_tobu_seed42,pooled_loro,intervention,42,1120,na,hokkaido_iburi_tobu,Hokkaido0558,0.5,217,68,764,15335,25.36712798166295,0.36230621842850846,0.5218317358888582
E1,q2_x3_loro_hokkaido_iburi_tobu_seed42,pooled_loro,intervention,42,1120,na,hokkaido_iburi_tobu,Hokkaido0559,0.5,110,22,620,15632,23.769728648009426,0.35736829327476605,0.4760522496367925
E1,q2_x3_loro_hokkaido_iburi_tobu_seed42,pooled_loro,intervention,42,1120,na,hokkaido_iburi_tobu,Hokkaido0560,0.5,43,5,148,16188,27.79207330373695,0.4680851063826202,0.6350710900469599
E1,q2_x3_loro_hokkaido_iburi_tobu_seed42,pooled_loro,intervention,42,1120,na,hokkaido_iburi_tobu,Hokkaido0561,0.5,0,0,61,16323,181.01933598375618,0.0,0.0
E1,q2_x3_loro_hokkaido_iburi_tobu_seed42,pooled_loro,intervention,42,1120,na,hokkaido_iburi_tobu,Hokkaido0562,0.5,0,2,116,16266,79.92996916208634,0.0,0.0
E1,q2_x3_loro_hokkaido_iburi_tobu_seed42,pooled_loro,intervention,42,1120,na,hokkaido_iburi_tobu,Hokkaido0563,0.5,0,148,78,16158,57.658199194316296,0.0,0.0
E1,q2_x3_loro_hokkaido_iburi_tobu_seed42,pooled_loro,intervention,42,1120,na,hokkaido_iburi_tobu,Hokkaido0564,0.5,0,628,23,15733,119.37541879330895,0.0,0.0
E1,q2_x3_loro_hokkaido_iburi_tobu_seed42,pooled_loro,intervention,42,1120,na,hokkaido_iburi_tobu,Hokkaido0565,0.5,0,225,70,16089,24.68392472850746,0.0,0.05780346820761536
E1,q2_x3_loro_hokkaido_iburi_tobu_seed42,pooled_loro,intervention,42,1120,na,hokkaido_iburi_tobu,Hokkaido0566,0.5,5,212,138,16029,45.32982979631718,0.057142857142504486,0.06249999999973633
E1,q2_x3_loro_hokkaido_iburi_tobu_seed42,pooled_loro,intervention,42,1120,na,hokkaido_iburi_tobu,Hokkaido0567,0.5,49,0,682,15653,36.0284555011038,0.2642198643239705,0.40203562340934795
E1,q2_x3_loro_hokkaido_iburi_tobu_seed42,pooled_loro,intervention,42,1120,na,hokkaido_iburi_tobu,Hokkaido0568,0.5,582,85,1579,14138,28.0,0.4144802750923722,0.5571758995938716
E1,q2_x3_loro_hokkaido_iburi_tobu_seed42,pooled_loro,intervention,42,1120,na,hokkaido_iburi_tobu,Hokkaido0569,0.5,1061,94,2657,12572,25.019992006393608,0.4334842751434233,0.5526238327022576
E1,q2_x3_loro_hokkaido_iburi_tobu_seed42,pooled_loro,intervention,42,1120,na,hokkaido_iburi_tobu,Hokkaido0570,0.5,799,128,6575,8882,34.52535300326414,0.2817159215708114,0.3889923932389232
E1,q2_x3_loro_hokkaido_iburi_tobu_seed42,pooled_loro,intervention,42,1120,na,hokkaido_iburi_tobu,Hokkaido0571,0.5,614,67,9366,6337,38.9197857345908,0.19472337491854702,0.29960155603446176
E1,q2_x3_loro_hokkaido_iburi_tobu_seed42,pooled_loro,intervention,42,1120,na,hokkaido_iburi_tobu,Hokkaido0572,0.5,713,54,8036,7581,26.822527639067,0.2159346249388911,0.32961163486569195
E1,q2_x3_loro_hokkaido_iburi_tobu_seed42,pooled_loro,intervention,42,1120,na,hokkaido_iburi_tobu,Hokkaido0573,0.5,950,111,5588,9735,25.0,0.28988695617249594,0.39681496986927156
E1,q2_x3_loro_hokkaido_iburi_tobu_seed42,pooled_loro,intervention,42,1120,na,hokkaido_iburi_tobu,Hokkaido0574,0.5,880,80,4918,10506,32.57299494980466,0.29845348335558886,0.43946060725430774
E1,q2_x3_loro_hokkaido_iburi_tobu_seed42,pooled_loro,intervention,42,1120,na,hokkaido_iburi_tobu,Hokkaido0575,0.5,784,85,4473,11042,33.14662877412453,0.3296532303053125,0.48909370199655827
E1,q2_x3_loro_hokkaido_iburi_tobu_seed42,pooled_loro,intervention,42,1120,na,hokkaido_iburi_tobu,Hokkaido0576,0.5,231,36,1862,14255,43.11378019854544,0.23898582063658286,0.38331678252203366
E1,q2_x3_loro_hokkaido_iburi_tobu_seed42,pooled_loro,intervention,42,1120,na,hokkaido_iburi_tobu,Hokkaido0577,0.5,1858,359,1112,13055,15.068103728589927,0.6561856985295491,0.8278352126595727
E1,q2_x3_loro_hokkaido_iburi_tobu_seed42,pooled_loro,intervention,42,1120,na,hokkaido_iburi_tobu,Hokkaido0578,0.5,1980,235,3293,10876,19.4164878389476,0.5293986911960248,0.6545058020971553
E1,q2_x3_loro_hokkaido_iburi_tobu_seed42,pooled_loro,intervention,42,1120,na,hokkaido_iburi_tobu,Hokkaido0579,0.5,1155,147,3038,12044,20.248456731316587,0.45487212005879857,0.6338792299995419
E1,q2_x3_loro_hokkaido_iburi_tobu_seed42,pooled_loro,intervention,42,1120,na,hokkaido_iburi_tobu,Hokkaido0580,0.5,1774,435,2660,11515,24.777838690650032,0.4891805449070045,0.6228981536365595
E1,q2_x3_loro_hokkaido_iburi_tobu_seed42,pooled_loro,intervention,42,1120,na,hokkaido_iburi_tobu,Hokkaido0581,0.5,200,0,4358,11826,47.853944456021594,0.13877745107172137,0.21994690936650882
E1,q2_x3_loro_hokkaido_iburi_tobu_seed42,pooled_loro,intervention,42,1120,na,hokkaido_iburi_tobu,Hokkaido0582,0.5,475,102,4683,11124,31.064449134018133,0.2121461873566625,0.31468415025614577
E1,q2_x3_loro_hokkaido_iburi_tobu_seed42,pooled_loro,intervention,42,1120,na,hokkaido_iburi_tobu,Hokkaido0583,0.5,635,207,6546,8996,29.154759474226502,0.21006729777099134,0.32194145296860416
E1,q2_x3_loro_hokkaido_iburi_tobu_seed42,pooled_loro,intervention,42,1120,na,hokkaido_iburi_tobu,Hokkaido0584,0.5,993,386,5619,9386,38.600518131237564,0.22459141065534763,0.34010898889836366
E1,q2_x3_loro_hokkaido_iburi_tobu_seed42,pooled_loro,intervention,42,1120,na,hokkaido_iburi_tobu,Hokkaido0585,0.5,251,5,5012,11116,52.20153254455275,0.08541532446170097,0.13364639432535574
E1,q2_x3_loro_hokkaido_iburi_tobu_seed42,pooled_loro,intervention,42,1120,na,hokkaido_iburi_tobu,Hokkaido0586,0.5,91,0,3902,12391,57.27564112651223,0.0208986415882331,0.07774590255065864
E1,q2_x3_loro_hokkaido_iburi_tobu_seed42,pooled_loro,intervention,42,1120,na,hokkaido_iburi_tobu,Hokkaido0587,0.5,344,33,2336,13671,63.12685640834652,0.17286134010306992,0.2075755323188789
E1,q2_x3_loro_hokkaido_iburi_tobu_seed42,pooled_loro,intervention,42,1120,na,hokkaido_iburi_tobu,Hokkaido0588,0.5,59,2,1545,14778,113.03557746841648,0.1021345582273834,0.15221059736738063
E1,q2_x3_loro_hokkaido_iburi_tobu_seed42,pooled_loro,intervention,42,1120,na,hokkaido_iburi_tobu,Hokkaido0589,0.5,78,15,701,15590,69.34356692510721,0.37792415880329566,0.5728360309636902
E1,q2_x3_loro_hokkaido_iburi_tobu_seed42,pooled_loro,intervention,42,1120,na,hokkaido_iburi_tobu,Hokkaido0590,0.5,666,111,1380,14227,23.08679276123039,0.5125891679688787,0.649676826310891
E1,q2_x3_loro_hokkaido_iburi_tobu_seed42,pooled_loro,intervention,42,1120,na,hokkaido_iburi_tobu,Hokkaido0591,0.5,974,139,2073,13198,24.698178070456937,0.5021802922322258,0.6488486691453582
E1,q2_x3_loro_hokkaido_iburi_tobu_seed42,pooled_loro,intervention,42,1120,na,hokkaido_iburi_tobu,Hokkaido0592,0.5,1117,114,2950,12203,18.027756377319946,0.46909330259569293,0.64815419797408
E1,q2_x3_loro_hokkaido_iburi_tobu_seed42,pooled_loro,intervention,42,1120,na,hokkaido_iburi_tobu,Hokkaido0593,0.5,997,120,4157,11110,21.840329667841555,0.3505552017144777,0.515255811577013
E1,q2_x3_loro_hokkaido_iburi_tobu_seed42,pooled_loro,intervention,42,1120,na,hokkaido_iburi_tobu,Hokkaido0594,0.5,720,107,5120,10437,32.47149742178058,0.2158976910470714,0.3526292169469173
E1,q2_x3_loro_hokkaido_iburi_tobu_seed42,pooled_loro,intervention,42,1120,na,hokkaido_iburi_tobu,Hokkaido0595,0.5,1071,135,3831,11347,48.64149398090521,0.3060501785648931,0.45038167938896395
E1,q2_x3_loro_hokkaido_iburi_tobu_seed42,pooled_loro,intervention,42,1120,na,hokkaido_iburi_tobu,Hokkaido0596,0.5,1069,152,1580,13583,25.493134895701516,0.5135042146907978,0.6439688893342207
E1,q2_x3_loro_hokkaido_iburi_tobu_seed42,pooled_loro,intervention,42,1120,na,hokkaido_iburi_tobu,Hokkaido0597,0.5,439,89,1251,14605,28.178005607210743,0.4474267709180396,0.5813365830924697
E1,q2_x3_loro_hokkaido_iburi_tobu_seed42,pooled_loro,intervention,42,1120,na,hokkaido_iburi_tobu,Hokkaido0598,0.5,297,64,691,15332,47.290751752541524,0.5513435866265591,0.6870777908282553
E1,q2_x3_loro_hokkaido_iburi_tobu_seed42,pooled_loro,intervention,42,1120,na,hokkaido_iburi_tobu,Hokkaido0599,0.5,392,26,1241,14725,30.086087929904618,0.529878891517329,0.6909532483298453
E1,q2_x3_loro_hokkaido_iburi_tobu_seed42,pooled_loro,intervention,42,1120,na,hokkaido_iburi_tobu,Hokkaido0600,0.5,604,49,2048,13683,29.630077245550194,0.46038114116544615,0.6012774820548579
E1,q2_x3_loro_hokkaido_iburi_tobu_seed42,pooled_loro,intervention,42,1120,na,hokkaido_iburi_tobu,Hokkaido0601,0.5,603,92,1762,13927,21.48252281271778,0.480040767793052,0.6200895867709916
E1,q2_x3_loro_hokkaido_iburi_tobu_seed42,pooled_loro,intervention,42,1120,na,hokkaido_iburi_tobu,Hokkaido0602,0.5,582,85,1311,14406,16.278820596099706,0.6131053975071469,0.7616066770991632
E1,q2_x3_loro_hokkaido_iburi_tobu_seed42,pooled_loro,intervention,42,1120,na,hokkaido_iburi_tobu,Hokkaido0603,0.5,454,56,1446,14428,23.685288045210662,0.4884550192880239,0.6551915602438682
E1,q2_x3_loro_hokkaido_iburi_tobu_seed42,pooled_loro,intervention,42,1120,na,hokkaido_iburi_tobu,Hokkaido0604,0.5,333,34,1462,14555,23.047754424357752,0.4545265895266731,0.6342527484484604
E1,q2_x3_loro_hokkaido_iburi_tobu_seed42,pooled_loro,intervention,42,1120,na,hokkaido_iburi_tobu,Hokkaido0605,0.5,126,11,791,15456,21.052207150723802,0.41293532338275685,0.5483503981793517
E1,q2_x3_loro_hokkaido_iburi_tobu_seed42,pooled_loro,intervention,42,1120,na,hokkaido_iburi_tobu,Hokkaido0606,0.5,44,6,160,16174,27.75245773808157,0.5096153846150049,0.6695278969952627
E1,q2_x3_loro_hokkaido_iburi_tobu_seed42,pooled_loro,intervention,42,1120,na,hokkaido_iburi_tobu,Hokkaido0610,0.5,0,0,431,15953,181.01933598375618,0.0,0.0
E1,q2_x3_loro_hokkaido_iburi_tobu_seed42,pooled_loro,intervention,42,1120,na,hokkaido_iburi_tobu,Hokkaido0611,0.5,0,109,547,15728,102.86637456502807,0.0,0.0
E1,q2_x3_loro_hokkaido_iburi_tobu_seed42,pooled_loro,intervention,42,1120,na,hokkaido_iburi_tobu,Hokkaido0612,0.5,0,262,168,15954,62.93647591023825,0.0,0.0
E1,q2_x3_loro_hokkaido_iburi_tobu_seed42,pooled_loro,intervention,42,1120,na,hokkaido_iburi_tobu,Hokkaido0613,0.5,1,58,251,16074,90.53497906821019,0.04059539918767386,0.0737327188936859
E1,q2_x3_loro_hokkaido_iburi_tobu_seed42,pooled_loro,intervention,42,1120,na,hokkaido_iburi_tobu,Hokkaido0614,0.5,33,464,345,15542,62.93647591023825,0.15419917393251373,0.21850959670479708
E1,q2_x3_loro_hokkaido_iburi_tobu_seed42,pooled_loro,intervention,42,1120,na,hokkaido_iburi_tobu,Hokkaido0615,0.5,0,79,227,16078,36.72056281340452,0.0,0.0
E1,q2_x3_loro_hokkaido_iburi_tobu_seed42,pooled_loro,intervention,42,1120,na,hokkaido_iburi_tobu,Hokkaido0616,0.5,16,33,382,15953,46.77812933094813,0.16374269005813064,0.22439660795782512
E1,q2_x3_loro_hokkaido_iburi_tobu_seed42,pooled_loro,intervention,42,1120,na,hokkaido_iburi_tobu,Hokkaido0617,0.5,373,39,887,15085,46.25182844101505,0.37177875549935113,0.502092050208829
E1,q2_x3_loro_hokkaido_iburi_tobu_seed42,pooled_loro,intervention,42,1120,na,hokkaido_iburi_tobu,Hokkaido0618,0.5,922,143,1381,13938,30.056606613318106,0.5301806547266327,0.6682683590203979
E1,q2_x3_loro_hokkaido_iburi_tobu_seed42,pooled_loro,intervention,42,1120,na,hokkaido_iburi_tobu,Hokkaido0619,0.5,1420,100,4640,10224,30.332236238634678,0.3567349561695915,0.5100828864526147
E1,q2_x3_loro_hokkaido_iburi_tobu_seed42,pooled_loro,intervention,42,1120,na,hokkaido_iburi_tobu,Hokkaido0620,0.5,549,50,7954,7831,47.27314048467489,0.17166968311229364,0.26133043977264125
E1,q2_x3_loro_hokkaido_iburi_tobu_seed42,pooled_loro,intervention,42,1120,na,hokkaido_iburi_tobu,Hokkaido0621,0.5,522,47,6415,9400,40.12729094499812,0.17542676849106228,0.2755380719590876
E1,q2_x3_loro_hokkaido_iburi_tobu_seed42,pooled_loro,intervention,42,1120,na,hokkaido_iburi_tobu,Hokkaido0622,0.5,370,56,3825,12133,54.043961062555375,0.18698494531444668,0.2673915813093566
E1,q2_x3_loro_hokkaido_iburi_tobu_seed42,pooled_loro,intervention,42,1120,na,hokkaido_iburi_tobu,Hokkaido0623,0.5,135,127,2150,13972,54.422411808613646,0.14288790230774842,0.20599187391138865
E1,q2_x3_loro_hokkaido_iburi_tobu_seed42,pooled_loro,intervention,42,1120,na,hokkaido_iburi_tobu,Hokkaido0624,0.5,129,5,1687,14563,98.41239759298622,0.17133813961648808,0.23849365841430062
E1,q2_x3_loro_hokkaido_iburi_tobu_seed42,pooled_loro,intervention,42,1120,na,hokkaido_iburi_tobu,Hokkaido0625,0.5,200,43,1052,15089,118.7991355143604,0.35612535612501683,0.445044337554022
E1,q2_x3_loro_hokkaido_iburi_tobu_seed42,pooled_loro,intervention,42,1120,na,hokkaido_iburi_tobu,Hokkaido0626,0.5,1077,167,1612,13528,24.0,0.513885307950895,0.6607123395726421
E1,q2_x3_loro_hokkaido_iburi_tobu_seed42,pooled_loro,intervention,42,1120,na,hokkaido_iburi_tobu,Hokkaido0627,0.5,1348,228,2277,12531,24.482559340164382,0.5025666303080366,0.627186643356059
E1,q2_x3_loro_hokkaido_iburi_tobu_seed42,pooled_loro,intervention,42,1120,na,hokkaido_iburi_tobu,Hokkaido0628,0.5,786,110,1681,13807,30.84592406944879,0.47950083331055904,0.5910636800746376
E1,q2_x3_loro_hokkaido_iburi_tobu_seed42,pooled_loro,intervention,42,1120,na,hokkaido_iburi_tobu,Hokkaido0629,0.5,429,31,2163,13761,73.16392344357267,0.29784291370824456,0.4246465170576451
E1,q2_x3_loro_hokkaido_iburi_tobu_seed42,pooled_loro,intervention,42,1120,na,hokkaido_iburi_tobu,Hokkaido0630,0.5,190,6,2911,13277,35.12833614050059,0.15632247431616014,0.2656422944199778
E1,q2_x3_loro_hokkaido_iburi_tobu_seed42,pooled_loro,intervention,42,1120,na,hokkaido_iburi_tobu,Hokkaido0631,0.5,732,45,3906,11701,32.2490309931942,0.22048974466277627,0.36030300469055554
E1,q2_x3_loro_hokkaido_iburi_tobu_seed42,pooled_loro,intervention,42,1120,na,hokkaido_iburi_tobu,Hokkaido0632,0.5,661,88,6238,9397,44.760466313132085,0.19368569472660435,0.32643672402064744
E1,q2_x3_loro_hokkaido_iburi_tobu_seed42,pooled_loro,intervention,42,1120,na,hokkaido_iburi_tobu,Hokkaido0633,0.5,579,72,5452,10281,49.086655685176574,0.17286880132109414,0.28661343131204237
E1,q2_x3_loro_hokkaido_iburi_tobu_seed42,pooled_loro,intervention,42,1120,na,hokkaido_iburi_tobu,Hokkaido0634,0.5,63,5,4931,11385,80.06590138345534,0.03497856152674496,0.05861632947969697
E1,q2_x3_loro_hokkaido_iburi_tobu_seed42,pooled_loro,intervention,42,1120,na,hokkaido_iburi_tobu,Hokkaido0635,0.5,97,2,3280,13005,63.4475367366247,0.058775695455582276,0.10508402467549956
E1,q2_x3_loro_hokkaido_iburi_tobu_seed42,pooled_loro,intervention,42,1120,na,hokkaido_iburi_tobu,Hokkaido0636,0.5,0,0,1311,15073,181.01933598375618,0.0,0.0
E1,q2_x3_loro_hokkaido_iburi_tobu_seed42,pooled_loro,intervention,42,1120,na,hokkaido_iburi_tobu,Hokkaido0637,0.5,109,0,1035,15240,79.22436185965016,0.01713062098468409,0.15974440894542727
E1,q2_x3_loro_hokkaido_iburi_tobu_seed42,pooled_loro,intervention,42,1120,na,hokkaido_iburi_tobu,Hokkaido0638,0.5,47,14,1141,15182,64.39718805782839,0.23642611683824294,0.4372113603049549
E1,q2_x3_loro_hokkaido_iburi_tobu_seed42,pooled_loro,intervention,42,1120,na,hokkaido_iburi_tobu,Hokkaido0639,0.5,674,122,1350,14238,28.00446286306095,0.567830136780871,0.7100821408370518
E1,q2_x3_loro_hokkaido_iburi_tobu_seed42,pooled_loro,intervention,42,1120,na,hokkaido_iburi_tobu,Hokkaido0640,0.5,1033,132,2505,12714,22.649492547739396,0.5261521429804433,0.6627325690655215
E1,q2_x3_loro_hokkaido_iburi_tobu_seed42,pooled_loro,intervention,42,1120,na,hokkaido_iburi_tobu,Hokkaido0641,0.5,875,37,3767,11705,24.698178070456937,0.303622752489494,0.4728110124787193
E1,q2_x3_loro_hokkaido_iburi_tobu_seed42,pooled_loro,intervention,42,1120,na,hokkaido_iburi_tobu,Hokkaido0642,0.5,877,65,4184,11258,30.265491900843113,0.2749895429509736,0.4229560345151176
E1,q2_x3_loro_hokkaido_iburi_tobu_seed42,pooled_loro,intervention,42,1120,na,hokkaido_iburi_tobu,Hokkaido0643,0.5,1355,115,4198,10716,34.058772731852805,0.30413239065674347,0.42437383177535903
E1,q2_x3_loro_hokkaido_iburi_tobu_seed42,pooled_loro,intervention,42,1120,na,hokkaido_iburi_tobu,Hokkaido0644,0.5,1217,38,4418,10711,36.22154055254967,0.22906617317809033,0.33372729127576817
E1,q2_x3_loro_hokkaido_iburi_tobu_seed42,pooled_loro,intervention,42,1120,na,hokkaido_iburi_tobu,Hokkaido0645,0.5,1778,228,1762,12616,35.22782990761707,0.5090221583600313,0.6316484387029959
E1,q2_x3_loro_hokkaido_iburi_tobu_seed42,pooled_loro,intervention,42,1120,na,hokkaido_iburi_tobu,Hokkaido0646,0.5,405,39,1473,14467,55.75301713462421,0.42716131169224203,0.5443451815240176
E1,q2_x3_loro_hokkaido_iburi_tobu_seed42,pooled_loro,intervention,42,1120,na,hokkaido_iburi_tobu,Hokkaido0647,0.5,495,65,1185,14639,47.10384711072177,0.5137898444879377,0.6501635363221144
E1,q2_x3_loro_hokkaido_iburi_tobu_seed42,pooled_loro,intervention,42,1120,na,hokkaido_iburi_tobu,Hokkaido0648,0.5,384,54,1044,14902,67.08278041736,0.4688407681488444,0.5910089085468007
E1,q2_x3_loro_hokkaido_iburi_tobu_seed42,pooled_loro,intervention,42,1120,na,hokkaido_iburi_tobu,Hokkaido0649,0.5,295,19,1309,14761,38.5908016051715,0.4476281006695704,0.5341189432584516
E1,q2_x3_loro_hokkaido_iburi_tobu_seed42,pooled_loro,intervention,42,1120,na,hokkaido_iburi_tobu,Hokkaido0650,0.5,356,31,1604,14393,20.708307839494758,0.45431937285371454,0.5954035275249694
E1,q2_x3_loro_hokkaido_iburi_tobu_seed42,pooled_loro,intervention,42,1120,na,hokkaido_iburi_tobu,Hokkaido0651,0.5,511,77,1088,14708,20.36843797404665,0.6411034357030018,0.7633851468043639
E1,q2_x3_loro_hokkaido_iburi_tobu_seed42,pooled_loro,intervention,42,1120,na,hokkaido_iburi_tobu,Hokkaido0652,0.5,341,38,1159,14846,25.079872407968907,0.5050743588169784,0.6508875739640579
E1,q2_x3_loro_hokkaido_iburi_tobu_seed42,pooled_loro,intervention,42,1120,na,hokkaido_iburi_tobu,Hokkaido0653,0.5,288,23,1411,14662,23.430749027719962,0.4689145491332484,0.6268401708548372
E1,q2_x3_loro_hokkaido_iburi_tobu_seed42,pooled_loro,intervention,42,1120,na,hokkaido_iburi_tobu,Hokkaido0654,0.5,145,10,620,15609,19.5623658792107,0.49014084507005246,0.6238767650830109
E1,q2_x3_loro_hokkaido_iburi_tobu_seed42,pooled_loro,intervention,42,1120,na,hokkaido_iburi_tobu,Hokkaido0655,0.5,2,0,22,16360,39.319206502675,0.5999999999995799,0.6874999999995489
E1,q2_x3_loro_hokkaido_iburi_tobu_seed42,pooled_loro,intervention,42,1120,na,hokkaido_iburi_tobu,Hokkaido0657,0.5,27,0,122,16235,21.17184032154282,0.5599999999995968,0.7065868263468483
E1,q2_x3_loro_hokkaido_iburi_tobu_seed42,pooled_loro,intervention,42,1120,na,hokkaido_iburi_tobu,Hokkaido0658,0.5,13,725,66,15580,48.79549159502341,0.12509307520449553,0.12686738680737691
E1,q2_x3_loro_hokkaido_iburi_tobu_seed42,pooled_loro,intervention,42,1120,na,hokkaido_iburi_tobu,Hokkaido0659,0.5,0,1119,16,15249,65.00423051891902,0.0,0.0
E1,q2_x3_loro_hokkaido_iburi_tobu_seed42,pooled_loro,intervention,42,1120,na,hokkaido_iburi_tobu,Hokkaido0660,0.5,0,422,370,15592,85.669054435108,0.0,0.0
E1,q2_x3_loro_hokkaido_iburi_tobu_seed42,pooled_loro,intervention,42,1120,na,hokkaido_iburi_tobu,Hokkaido0661,0.5,0,82,431,15871,95.03814940625112,0.0,0.0
E1,q2_x3_loro_hokkaido_iburi_tobu_seed42,pooled_loro,intervention,42,1120,na,hokkaido_iburi_tobu,Hokkaido0662,0.5,0,0,147,16237,181.01933598375618,0.0,0.0
E1,q2_x3_loro_hokkaido_iburi_tobu_seed42,pooled_loro,intervention,42,1120,na,hokkaido_iburi_tobu,Hokkaido0663,0.5,11,20,697,15656,86.44992840288468,0.08416578108374417,0.16865464632427585
E1,q2_x3_loro_hokkaido_iburi_tobu_seed42,pooled_loro,intervention,42,1120,na,hokkaido_iburi_tobu,Hokkaido0664,0.5,19,0,723,15642,89.28605714219886,0.09498680738777232,0.16751269035517646
E1,q2_x3_loro_hokkaido_iburi_tobu_seed42,pooled_loro,intervention,42,1120,na,hokkaido_iburi_tobu,Hokkaido0665,0.5,0,28,302,16054,98.29621219680939,0.0,0.0
E1,q2_x3_loro_hokkaido_iburi_tobu_seed42,pooled_loro,intervention,42,1120,na,hokkaido_iburi_tobu,Hokkaido0666,0.5,31,65,500,15788,64.53281069686366,0.17758440093430428,0.23633849959937506
E1,q2_x3_loro_hokkaido_iburi_tobu_seed42,pooled_loro,intervention,42,1120,na,hokkaido_iburi_tobu,Hokkaido0667,0.5,655,94,558,15077,51.86135089882658,0.5348939929324326,0.6650170278435854
E1,q2_x3_loro_hokkaido_iburi_tobu_seed42,pooled_loro,intervention,42,1120,na,hokkaido_iburi_tobu,Hokkaido0668,0.5,340,16,1148,14880,42.277636710494235,0.3438033193730369,0.46884899683174236
E1,q2_x3_loro_hokkaido_iburi_tobu_seed42,pooled_loro,intervention,42,1120,na,hokkaido_iburi_tobu,Hokkaido0669,0.5,1000,152,2229,13003,38.93905137039753,0.446087908818891,0.5785140704581999
E1,q2_x3_loro_hokkaido_iburi_tobu_seed42,pooled_loro,intervention,42,1120,na,hokkaido_iburi_tobu,Hokkaido0670,0.5,948,61,4354,11021,51.054868835015036,0.24457554961884645,0.3525448069082919
E1,q2_x3_loro_hokkaido_iburi_tobu_seed42,pooled_loro,intervention,42,1120,na,hokkaido_iburi_tobu,Hokkaido0671,0.5,785,293,3340,11966,50.4970101508182,0.22312556458870447,0.3337273004106391
E1,q2_x3_loro_hokkaido_iburi_tobu_seed42,pooled_loro,intervention,42,1120,na,hokkaido_iburi_tobu,Hokkaido0672,0.5,120,598,2008,13658,63.8200595424354,0.09273947528959843,0.151608579771373
E1,q2_x3_loro_hokkaido_iburi_tobu_seed42,pooled_loro,intervention,42,1120,na,hokkaido_iburi_tobu,Hokkaido0673,0.5,0,0,944,15440,181.01933598375618,0.0,0.0
E1,q2_x3_loro_hokkaido_iburi_tobu_seed42,pooled_loro,intervention,42,1120,na,hokkaido_iburi_tobu,Hokkaido0674,0.5,158,6,1639,14581,49.73278573543077,0.15931751053253435,0.2684145123167141
E1,q2_x3_loro_hokkaido_iburi_tobu_seed42,pooled_loro,intervention,42,1120,na,hokkaido_iburi_tobu,Hokkaido0675,0.5,520,99,2597,13168,52.51474400736227,0.33912507901486694,0.4761057211957276
E1,q2_x3_loro_hokkaido_iburi_tobu_seed42,pooled_loro,intervention,42,1120,na,hokkaido_iburi_tobu,Hokkaido0676,0.5,933,239,1242,13970,22.02271554554524,0.6007307445143664,0.724448057828656
E1,q2_x3_loro_hokkaido_iburi_tobu_seed42,pooled_loro,intervention,42,1120,na,hokkaido_iburi_tobu,Hokkaido0677,0.5,460,53,614,15257,27.738939353436017,0.6099784518477241,0.759689922480149
E1,q2_x3_loro_hokkaido_iburi_tobu_seed42,pooled_loro,intervention,42,1120,na,hokkaido_iburi_tobu,Hokkaido0678,0.5,289,45,813,15237,49.19603518019463,0.384117624535413,0.4838350055737692
E1,q2_x3_loro_hokkaido_iburi_tobu_seed42,pooled_loro,intervention,42,1120,na,hokkaido_iburi_tobu,Hokkaido0679,0.5,209,22,1771,14382,45.27692569068709,0.21092388146405203,0.28156562124027623
E1,q2_x3_loro_hokkaido_iburi_tobu_seed42,pooled_loro,intervention,42,1120,na,hokkaido_iburi_tobu,Hokkaido0680,0.5,196,11,2570,13607,44.77722635447622,0.15153681200841246,0.23444976076534327
E1,q2_x3_loro_hokkaido_iburi_tobu_seed42,pooled_loro,intervention,42,1120,na,hokkaido_iburi_tobu,Hokkaido0681,0.5,993,175,2195,13021,31.38470965295043,0.326676551073337,0.4621282937858931
E1,q2_x3_loro_hokkaido_iburi_tobu_seed42,pooled_loro,intervention,42,1120,na,hokkaido_iburi_tobu,Hokkaido0682,0.5,1262,315,2112,12695,43.1369727800541,0.36680971266284573,0.4638179312579904
E1,q2_x3_loro_hokkaido_iburi_tobu_seed42,pooled_loro,intervention,42,1120,na,hokkaido_iburi_tobu,Hokkaido0683,0.5,354,38,2605,13387,49.14254417496872,0.14204320150245311,0.2563459459456869
E1,q2_x3_loro_hokkaido_iburi_tobu_seed42,pooled_loro,intervention,42,1120,na,hokkaido_iburi_tobu,Hokkaido0684,0.5,12,0,3694,12678,119.00546202169744,0.01898562516949199,0.045576407506657875
E1,q2_x3_loro_hokkaido_iburi_tobu_seed42,pooled_loro,intervention,42,1120,na,hokkaido_iburi_tobu,Hokkaido0685,0.5,99,17,3261,13007,63.019828048118754,0.09338554890896622,0.1450980392155517
E1,q2_x3_loro_hokkaido_iburi_tobu_seed42,pooled_loro,intervention,42,1120,na,hokkaido_iburi_tobu,Hokkaido0686,0.5,365,72,888,15059,61.07372593840988,0.3900849858353404,0.5714285714281633
E1,q2_x3_loro_hokkaido_iburi_tobu_seed42,pooled_loro,intervention,42,1120,na,hokkaido_iburi_tobu,Hokkaido0687,0.5,0,93,722,15569,71.11613353322038,0.0,0.0
E1,q2_x3_loro_hokkaido_iburi_tobu_seed42,pooled_loro,intervention,42,1120,na,hokkaido_iburi_tobu,Hokkaido0688,0.5,30,208,854,15292,72.46136828640948,0.09575826358312485,0.2318795592110677
E1,q2_x3_loro_hokkaido_iburi_tobu_seed42,pooled_loro,intervention,42,1120,na,hokkaido_iburi_tobu,Hokkaido0689,0.5,271,55,1079,14979,30.304984809993606,0.4769898272742579,0.6544821583981671
E1,q2_x3_loro_hokkaido_iburi_tobu_seed42,pooled_loro,intervention,42,1120,na,hokkaido_iburi_tobu,Hokkaido0690,0.5,392,46,2460,13486,50.50345530018231,0.33409037805475317,0.4598070739546298
E1,q2_x3_loro_hokkaido_iburi_tobu_seed42,pooled_loro,intervention,42,1120,na,hokkaido_iburi_tobu,Hokkaido0691,0.5,666,20,3701,11997,52.630789467763066,0.2143150548605738,0.33818972370461275
E1,q2_x3_loro_hokkaido_iburi_tobu_seed42,pooled_loro,intervention,42,1120,na,hokkaido_iburi_tobu,Hokkaido0692,0.5,635,65,4411,11273,79.1580697086532,0.19390659417697498,0.28498130043934977
E1,q2_x3_loro_hokkaido_iburi_tobu_seed42,pooled_loro,intervention,42,1120,na,hokkaido_iburi_tobu,Hokkaido0693,0.5,1669,253,2880,11582,52.03844732503075,0.36332935958782314,0.46688802966345255
E1,q2_x3_loro_hokkaido_iburi_tobu_seed42,pooled_loro,intervention,42,1120,na,hokkaido_iburi_tobu,Hokkaido0694,0.5,1875,186,2146,12177,35.6298750196968,0.34815340420232405,0.4720163423173984
E1,q2_x3_loro_hokkaido_iburi_tobu_seed42,pooled_loro,intervention,42,1120,na,hokkaido_iburi_tobu,Hokkaido0695,0.5,1475,178,2115,12616,23.08679276123039,0.4305659211367169,0.5793573515088387
E1,q2_x3_loro_hokkaido_iburi_tobu_seed42,pooled_loro,intervention,42,1120,na,hokkaido_iburi_tobu,Hokkaido0696,0.5,526,39,2545,13274,40.04622171484992,0.3141069851292199,0.44932300663027375
E1,q2_x3_loro_hokkaido_iburi_tobu_seed42,pooled_loro,intervention,42,1120,na,hokkaido_iburi_tobu,Hokkaido0697,0.5,688,103,2352,13241,27.529002842518473,0.40987169373888116,0.5167356788014598
E1,q2_x3_loro_hokkaido_iburi_tobu_seed42,pooled_loro,intervention,42,1120,na,hokkaido_iburi_tobu,Hokkaido0698,0.5,777,154,1024,14429,34.49127891651263,0.5893435384158072,0.6896252978119751
E1,q2_x3_loro_hokkaido_iburi_tobu_seed42,pooled_loro,intervention,42,1120,na,hokkaido_iburi_tobu,Hokkaido0699,0.5,272,44,811,15257,35.001428280002315,0.539212911148347,0.665279829248417
E1,q2_x3_loro_hokkaido_iburi_tobu_seed42,pooled_loro,intervention,42,1120,na,hokkaido_iburi_tobu,Hokkaido0700,0.5,371,44,1795,14174,24.92159012611174,0.402295134960071,0.5089156626502229
E1,q2_x3_loro_hokkaido_iburi_tobu_seed42,pooled_loro,intervention,42,1120,na,hokkaido_iburi_tobu,Hokkaido0701,0.5,257,40,1569,14518,23.021728866442675,0.4160816236674645,0.5408667032360288
E1,q2_x3_loro_hokkaido_iburi_tobu_seed42,pooled_loro,intervention,42,1120,na,hokkaido_iburi_tobu,Hokkaido0702,0.5,147,56,651,15530,21.400934559032695,0.5290838752613248,0.6714140386567258
E1,q2_x3_loro_hokkaido_iburi_tobu_seed42,pooled_loro,intervention,42,1120,na,hokkaido_iburi_tobu,Hokkaido0703,0.5,156,37,990,15201,24.186773244895647,0.3692180943534071,0.5362472438447007
E1,q2_x3_loro_hokkaido_iburi_tobu_seed42,pooled_loro,intervention,42,1120,na,hokkaido_iburi_tobu,Hokkaido0704,0.5,155,69,962,15198,23.387942540243962,0.3762657454436189,0.5475046230882841
E1,q2_x3_loro_hokkaido_iburi_tobu_seed42,pooled_loro,intervention,42,1120,na,hokkaido_iburi_tobu,Hokkaido0705,0.5,21,0,299,16064,22.679260913685134,0.3061889250811739,0.4660766961648342
E1,q2_x3_loro_hokkaido_iburi_tobu_seed42,pooled_loro,intervention,42,1120,na,hokkaido_iburi_tobu,Hokkaido0707,0.5,91,39,179,16075,43.694958366076854,0.5930470347643726,0.7246376811589581
E1,q2_x3_loro_hokkaido_iburi_tobu_seed42,pooled_loro,intervention,42,1120,na,hokkaido_iburi_tobu,Hokkaido0708,0.5,209,637,416,15122,49.50151446895862,0.42006731848003337,0.5511869253329021
E1,q2_x3_loro_hokkaido_iburi_tobu_seed42,pooled_loro,intervention,42,1120,na,hokkaido_iburi_tobu,Hokkaido0709,0.5,143,1379,419,14443,73.20165416730846,0.26480147689698225,0.32740740740692503
E1,q2_x3_loro_hokkaido_iburi_tobu_seed42,pooled_loro,intervention,42,1120,na,hokkaido_iburi_tobu,Hokkaido0710,0.5,1,604,401,15378,80.81740904812901,0.006993006992527555,0.015243902438796567
E1,q2_x3_loro_hokkaido_iburi_tobu_seed42,pooled_loro,intervention,42,1120,na,hokkaido_iburi_tobu,Hokkaido0711,0.5,27,0,1202,15155,45.586139088695425,0.03150787696914819,0.07385697538092201
E1,q2_x3_loro_hokkaido_iburi_tobu_seed42,pooled_loro,intervention,42,1120,na,hokkaido_iburi_tobu,Hokkaido0712,0.5,31,7,1692,14654,77.10382610480494,0.03210316915890863,0.054622462392199755
E1,q2_x3_loro_hokkaido_iburi_tobu_seed42,pooled_loro,intervention,42,1120,na,hokkaido_iburi_tobu,Hokkaido0713,0.5,0,0,1531,14853,181.01933598375618,0.0,0.0
E1,q2_x3_loro_hokkaido_iburi_tobu_seed42,pooled_loro,intervention,42,1120,na,hokkaido_iburi_tobu,Hokkaido0714,0.5,15,143,894,15332,76.12556796566828,0.05807860261990109,0.09652509652486843
E1,q2_x3_loro_hokkaido_iburi_tobu_seed42,pooled_loro,intervention,42,1120,na,hokkaido_iburi_tobu,Hokkaido0715,0.5,22,411,434,15517,65.92798895062813,0.14834359425344526,0.23577235772309324
E1,q2_x3_loro_hokkaido_iburi_tobu_seed42,pooled_loro,intervention,42,1120,na,hokkaido_iburi_tobu,Hokkaido0716,0.5,197,74,570,15543,66.55596019493886,0.45867158671542296,0.5697777173539034
E1,q2_x3_loro_hokkaido_iburi_tobu_seed42,pooled_loro,intervention,42,1120,na,hokkaido_iburi_tobu,Hokkaido0717,0.5,579,102,881,14822,45.01077811853762,0.5338637393620728,0.6977189955908744
E1,q2_x3_loro_hokkaido_iburi_tobu_seed42,pooled_loro,intervention,42,1120,na,hokkaido_iburi_tobu,Hokkaido0718,0.5,279,44,1089,14972,58.81538256360625,0.12011529556280252,0.2644893507434874
E1,q2_x3_loro_hokkaido_iburi_tobu_seed42,pooled_loro,intervention,42,1120,na,hokkaido_iburi_tobu,Hokkaido0719,0.5,57,450,1196,14681,74.09621840223224,0.09311976097569759,0.22194911010928564
E1,q2_x3_loro_hokkaido_iburi_tobu_seed42,pooled_loro,intervention,42,1120,na,hokkaido_iburi_tobu,Hokkaido0720,0.5,713,37,1482,14152,59.04659040675769,0.3555857239823881,0.4461457592526125
E1,q2_x3_loro_hokkaido_iburi_tobu_seed42,pooled_loro,intervention,42,1120,na,hokkaido_iburi_tobu,Hokkaido0721,0.5,910,61,1526,13887,27.98290693124215,0.3867734260832394,0.5162815311338416
E1,q2_x3_loro_hokkaido_iburi_tobu_seed42,pooled_loro,intervention,42,1120,na,hokkaido_iburi_tobu,Hokkaido0722,0.5,13,3,1453,14915,55.08175741568164,0.033842682801718836,0.05803571428564956
E1,q2_x3_loro_hokkaido_iburi_tobu_seed42,pooled_loro,intervention,42,1120,na,hokkaido_iburi_tobu,Hokkaido0723,0.5,0,185,563,15636,68.27802326041913,0.0,0.0
E1,q2_x3_loro_hokkaido_iburi_tobu_seed42,pooled_loro,intervention,42,1120,na,hokkaido_iburi_tobu,Hokkaido0724,0.5,21,0,1706,14657,65.78145461453444,0.05745212323056747,0.10810810810800583
E1,q2_x3_loro_hokkaido_iburi_tobu_seed42,pooled_loro,intervention,42,1120,na,hokkaido_iburi_tobu,Hokkaido0725,0.5,252,29,3760,12343,53.917973318932454,0.19353648184807667,0.286334056398887
E1,q2_x3_loro_hokkaido_iburi_tobu_seed42,pooled_loro,intervention,42,1120,na,hokkaido_iburi_tobu,Hokkaido0726,0.5,501,81,2897,12905,43.958944255303166,0.31546662771986145,0.4425954672458294
E1,q2_x3_loro_hokkaido_iburi_tobu_seed42,pooled_loro,intervention,42,1120,na,hokkaido_iburi_tobu,Hokkaido0727,0.5,70,4,804,15506,68.4283854800417,0.22146796775535282,0.30163934426201217
E1,q2_x3_loro_hokkaido_iburi_tobu_seed42,pooled_loro,intervention,42,1120,na,hokkaido_iburi_tobu,Hokkaido0728,0.5,47,172,168,15997,70.43436661176133,0.2878560719635219,0.3402246043894958
E1,q2_x3_loro_hokkaido_iburi_tobu_seed42,pooled_loro,intervention,42,1120,na,hokkaido_iburi_tobu,Hokkaido0729,0.5,153,17,582,15632,45.17930363201607,0.42225192540222095,0.5096525096521298
E1,q2_x3_loro_hokkaido_iburi_tobu_seed42,pooled_loro,intervention,42,1120,na,hokkaido_iburi_tobu,Hokkaido0730,0.5,70,2,1741,14571,48.97236041845726,0.10689655172397189,0.16645474511599473
E1,q2_x3_loro_hokkaido_iburi_tobu_seed42,pooled_loro,intervention,42,1120,na,hokkaido_iburi_tobu,Hokkaido0731,0.5,172,22,1279,14911,35.40474489804049,0.3427115151066094,0.4461831644514033
E1,q2_x3_loro_hokkaido_iburi_tobu_seed42,pooled_loro,intervention,42,1120,na,hokkaido_iburi_tobu,Hokkaido0732,0.5,96,25,87,16176,27.6550131256981,0.6156794425082331,0.6700655498902672
E1,q2_x3_loro_hokkaido_iburi_tobu_seed42,pooled_loro,intervention,42,1120,na,hokkaido_iburi_tobu,Hokkaido0733,0.5,11,0,930,15443,54.195457887500346,0.09345794392514455,0.1369863013697354
E1,q2_x3_loro_hokkaido_iburi_tobu_seed42,pooled_loro,intervention,42,1120,na,hokkaido_iburi_tobu,Hokkaido0734,0.5,381,19,3479,12505,48.837484540324255,0.1363428722246686,0.2258659077837086
E1,q2_x3_loro_hokkaido_iburi_tobu_seed42,pooled_loro,intervention,42,1120,na,hokkaido_iburi_tobu,Hokkaido0735,0.5,305,40,4822,11217,39.293765408777,0.1314444444442743,0.2432800878444623
E1,q2_x3_loro_hokkaido_iburi_tobu_seed42,pooled_loro,intervention,42,1120,na,hokkaido_iburi_tobu,Hokkaido0736,0.5,852,185,2146,13201,31.362383108773848,0.41933238431448616,0.5833869016582617
E1,q2_x3_loro_hokkaido_iburi_tobu_seed42,pooled_loro,intervention,42,1120,na,hokkaido_iburi_tobu,Hokkaido0737,0.5,338,55,1283,14708,31.97785650787636,0.36199547545948857,0.49474858958170115
E1,q2_x3_loro_hokkaido_iburi_tobu_seed42,pooled_loro,intervention,42,1120,na,hokkaido_iburi_tobu,Hokkaido0738,0.5,388,50,1309,14637,28.292203950421587,0.42918058215510435,0.5530382844576824
E1,q2_x3_loro_hokkaido_iburi_tobu_seed42,pooled_loro,intervention,42,1120,na,hokkaido_iburi_tobu,Hokkaido0739,0.5,341,77,1149,14817,39.27457646872142,0.5005549797483573,0.6116759657065283
E1,q2_x3_loro_hokkaido_iburi_tobu_seed42,pooled_loro,intervention,42,1120,na,hokkaido_iburi_tobu,Hokkaido0740,0.5,350,95,1519,14420,43.83263593120536,0.3784591306818569,0.48693185790290866
E1,q2_x3_loro_hokkaido_iburi_tobu_seed42,pooled_loro,intervention,42,1120,na,hokkaido_iburi_tobu,Hokkaido0741,0.5,216,46,2617,13505,73.15872969639894,0.15955945620353762,0.24781525417400269
E1,q2_x3_loro_hokkaido_iburi_tobu_seed42,pooled_loro,intervention,42,1120,na,hokkaido_iburi_tobu,Hokkaido0742,0.5,85,11,3431,12857,70.96512527213002,0.10255732068162753,0.1594048884164314
E1,q2_x3_loro_hokkaido_iburi_tobu_seed42,pooled_loro,intervention,42,1120,na,hokkaido_iburi_tobu,Hokkaido0743,0.5,148,8,3883,12345,41.77499230088207,0.0844638123608425,0.16697447554081118
E1,q2_x3_loro_hokkaido_iburi_tobu_seed42,pooled_loro,intervention,42,1120,na,hokkaido_iburi_tobu,Hokkaido0744,0.5,153,1,3775,12455,39.446799519995324,0.12618625508374903,0.2710654221684278
E1,q2_x3_loro_hokkaido_iburi_tobu_seed42,pooled_loro,intervention,42,1120,na,hokkaido_iburi_tobu,Hokkaido0745,0.5,360,30,3225,12769,26.84204825156337,0.2698489979346158,0.42176045423215713
E1,q2_x3_loro_hokkaido_iburi_tobu_seed42,pooled_loro,intervention,42,1120,na,hokkaido_iburi_tobu,Hokkaido0746,0.5,430,47,2941,12966,30.070744462076654,0.31167663430853354,0.4326530612241507
E1,q2_x3_loro_hokkaido_iburi_tobu_seed42,pooled_loro,intervention,42,1120,na,hokkaido_iburi_tobu,Hokkaido0747,0.5,800,117,2777,12690,25.298221281347036,0.41173028509185344,0.5303691941242629
E1,q2_x3_loro_hokkaido_iburi_tobu_seed42,pooled_loro,intervention,42,1120,na,hokkaido_iburi_tobu,Hokkaido0748,0.5,684,160,2118,13422,22.81994544126568,0.4101963082328631,0.5711538461534381
E1,q2_x3_loro_hokkaido_iburi_tobu_seed42,pooled_loro,intervention,42,1120,na,hokkaido_iburi_tobu,Hokkaido0749,0.5,225,80,993,15086,19.057735245998536,0.45809714324208606,0.5848252344411888
E1,q2_x3_loro_hokkaido_iburi_tobu_seed42,pooled_loro,intervention,42,1120,na,hokkaido_iburi_tobu,Hokkaido0750,0.5,186,51,1536,14611,41.375005973993915,0.33143597210815456,0.46144040790276797
E1,q2_x3_loro_hokkaido_iburi_tobu_seed42,pooled_loro,intervention,42,1120,na,hokkaido_iburi_tobu,Hokkaido0751,0.5,302,78,1737,14267,47.86334499179057,0.412610619468699,0.5357142857138935
E1,q2_x3_loro_hokkaido_iburi_tobu_seed42,pooled_loro,intervention,42,1120,na,hokkaido_iburi_tobu,Hokkaido0752,0.5,275,99,767,15243,38.01315561749642,0.610942641685455,0.7389885807499419
E1,q2_x3_loro_hokkaido_iburi_tobu_seed42,pooled_loro,intervention,42,1120,na,hokkaido_iburi_tobu,Hokkaido0753,0.5,152,36,827,15369,32.58449402252831,0.4073847522656856,0.5633940143394945
E1,q2_x3_loro_hokkaido_iburi_tobu_seed42,pooled_loro,intervention,42,1120,na,hokkaido_iburi_tobu,Hokkaido0754,0.5,149,23,1250,14962,31.771055074778868,0.3222273454941985,0.4738083327374343
E1,q2_x3_loro_hokkaido_iburi_tobu_seed42,pooled_loro,intervention,42,1120,na,hokkaido_iburi_tobu,Hokkaido0755,0.5,81,8,686,15609,18.69086272086159,0.3796406565522706,0.5815602836875308
E1,q2_x3_loro_hokkaido_iburi_tobu_seed42,pooled_loro,intervention,42,1120,na,hokkaido_iburi_tobu,Hokkaido0758,0.5,430,66,606,15282,17.0146931829632,0.48886163907577274,0.7346173404520985
E1,q2_x3_loro_hokkaido_iburi_tobu_seed42,pooled_loro,intervention,42,1120,na,hokkaido_iburi_tobu,Hokkaido0759,0.5,214,129,457,15584,27.988493107484103,0.480626904657793,0.6357856494091427
E1,q2_x3_loro_hokkaido_iburi_tobu_seed42,pooled_loro,intervention,42,1120,na,hokkaido_iburi_tobu,Hokkaido0760,0.5,97,115,443,15729,38.13446706608622,0.38915755679230996,0.5467498858268734
E1,q2_x3_loro_hokkaido_iburi_tobu_seed42,pooled_loro,intervention,42,1120,na,hokkaido_iburi_tobu,Hokkaido0761,0.5,340,24,1658,14362,39.11521443121589,0.30592668087311253,0.44208664898285627
E1,q2_x3_loro_hokkaido_iburi_tobu_seed42,pooled_loro,intervention,42,1120,na,hokkaido_iburi_tobu,Hokkaido0762,0.5,162,2,3958,12262,63.198777061525504,0.08747899353103149,0.1612251608961623
E1,q2_x3_loro_hokkaido_iburi_tobu_seed42,pooled_loro,intervention,42,1120,na,hokkaido_iburi_tobu,Hokkaido0763,0.5,7,0,2871,13506,102.74239043820361,0.010676156583619274,0.014209591474231006
E1,q2_x3_loro_hokkaido_iburi_tobu_seed42,pooled_loro,intervention,42,1120,na,hokkaido_iburi_tobu,Hokkaido0764,0.5,0,0,1391,14993,181.01933598375618,0.0,0.0
E1,q2_x3_loro_hokkaido_iburi_tobu_seed42,pooled_loro,intervention,42,1120,na,hokkaido_iburi_tobu,Hokkaido0765,0.5,98,91,1229,14966,65.80045583332907,0.15374937924161258,0.23717647058799013
E1,q2_x3_loro_hokkaido_iburi_tobu_seed42,pooled_loro,intervention,42,1120,na,hokkaido_iburi_tobu,Hokkaido0766,0.5,81,24,700,15579,124.59396625209278,0.24733161575238902,0.3219213081243922
E1,q2_x3_loro_hokkaido_iburi_tobu_seed42,pooled_loro,intervention,42,1120,na,hokkaido_iburi_tobu,Hokkaido0767,0.5,1628,242,1003,13511,40.76577210376558,0.5154898853243794,0.6647754229139088
E1,q2_x3_loro_hokkaido_iburi_tobu_seed42,pooled_loro,intervention,42,1120,na,hokkaido_iburi_tobu,Hokkaido0768,0.5,1151,133,1221,13879,14.317821063276353,0.4148031219850064,0.6462806963333879
E1,q2_x3_loro_hokkaido_iburi_tobu_seed42,pooled_loro,intervention,42,1120,na,hokkaido_iburi_tobu,Hokkaido0769,0.5,80,52,315,15937,20.610665948118047,0.3311258278141266,0.4679099055456448
E1,q2_x3_loro_hokkaido_iburi_tobu_seed42,pooled_loro,intervention,42,1120,na,hokkaido_iburi_tobu,Hokkaido0770,0.5,68,26,1524,14766,41.7636161367387,0.12472045415419636,0.23906494758366367
E1,q2_x3_loro_hokkaido_iburi_tobu_seed42,pooled_loro,intervention,42,1120,na,hokkaido_iburi_tobu,Hokkaido0771,0.5,21,0,2333,14030,55.67939774858823,0.08114600943135841,0.15960912052102577
E1,q2_x3_loro_hokkaido_iburi_tobu_seed42,pooled_loro,intervention,42,1120,na,hokkaido_iburi_tobu,Hokkaido0772,0.5,0,0,981,15403,181.01933598375618,0.0,0.0
E1,q2_x3_loro_hokkaido_iburi_tobu_seed42,pooled_loro,intervention,42,1120,na,hokkaido_iburi_tobu,Hokkaido0774,0.5,4,0,190,16190,117.09486101243941,0.2795698924728778,0.4313725490192695
E1,q2_x3_loro_hokkaido_iburi_tobu_seed42,pooled_loro,intervention,42,1120,na,hokkaido_iburi_tobu,Hokkaido0775,0.5,0,0,2070,14314,181.01933598375618,0.0,0.0
E1,q2_x3_loro_hokkaido_iburi_tobu_seed42,pooled_loro,intervention,42,1120,na,hokkaido_iburi_tobu,Hokkaido0776,0.5,4,0,3597,12783,125.81493682646904,0.0,0.00848896434634129
E1,q2_x3_loro_hokkaido_iburi_tobu_seed42,pooled_loro,intervention,42,1120,na,hokkaido_iburi_tobu,Hokkaido0777,0.5,490,35,1295,14564,58.20007628699608,0.35070322042271035,0.45369127516743446
E1,q2_x3_loro_hokkaido_iburi_tobu_seed42,pooled_loro,intervention,42,1120,na,hokkaido_iburi_tobu,Hokkaido0778,0.5,0,343,60,15981,77.49127352083434,0.0,0.0
E1,q2_x3_loro_hokkaido_iburi_tobu_seed42,pooled_loro,intervention,42,1120,na,hokkaido_iburi_tobu,Hokkaido0779,0.5,0,56,328,16000,101.95124285248824,0.0,0.0
E1,q2_x3_loro_hokkaido_iburi_tobu_seed42,pooled_loro,intervention,42,1120,na,hokkaido_iburi_tobu,Hokkaido0780,0.5,0,3,328,16053,79.79488173748382,0.0,0.0
E1,q2_x3_loro_hokkaido_iburi_tobu_seed42,pooled_loro,intervention,42,1120,na,hokkaido_iburi_tobu,Hokkaido0781,0.5,0,0,114,16270,181.01933598375618,0.0,0.0
E1,q2_x3_loro_hokkaido_iburi_tobu_seed42,pooled_loro,intervention,42,1120,na,hokkaido_iburi_tobu,Hokkaido0782,0.5,96,17,1125,15146,50.2163503546431,0.2355410203044422,0.3279901356347442
E1,q2_x3_loro_hokkaido_iburi_tobu_seed42,pooled_loro,intervention,42,1120,na,hokkaido_iburi_tobu,Hokkaido0783,0.5,274,38,3446,12626,36.24636404666543,0.16939550394742023,0.24129745118694568
E1,q2_x3_loro_hokkaido_iburi_tobu_seed42,pooled_loro,intervention,42,1120,na,hokkaido_iburi_tobu,Hokkaido0784,0.5,410,46,4690,11238,32.17761756971609,0.17576839250337686,0.27185589158791906
E1,q2_x3_loro_hokkaido_iburi_tobu_seed42,pooled_loro,intervention,42,1120,na,hokkaido_iburi_tobu,Hokkaido0785,0.5,701,93,3241,12349,30.528675044947494,0.37576307365629685,0.498628751510185
E1,q2_x3_loro_hokkaido_iburi_tobu_seed42,pooled_loro,intervention,42,1120,na,hokkaido_iburi_tobu,Hokkaido0786,0.5,626,72,3016,12670,30.463092423455635,0.3291321099716187,0.4493021619621017
E1,q2_x3_loro_hokkaido_iburi_tobu_seed42,pooled_loro,intervention,42,1120,na,hokkaido_iburi_tobu,Hokkaido0787,0.5,422,38,3690,12234,32.85267014390941,0.22699667697926312,0.3288123546304521
E1,q2_x3_loro_hokkaido_iburi_tobu_seed42,pooled_loro,intervention,42,1120,na,hokkaido_iburi_tobu,Hokkaido0788,0.5,684,163,2186,13351,19.53168527166805,0.46011329091880565,0.6114306409629048
E1,q2_x3_loro_hokkaido_iburi_tobu_seed42,pooled_loro,intervention,42,1120,na,hokkaido_iburi_tobu,Hokkaido0789,0.5,876,196,1250,14062,24.839484696748443,0.5685403971071065,0.7190374083483637
E1,q2_x3_loro_hokkaido_iburi_tobu_seed42,pooled_loro,intervention,42,1120,na,hokkaido_iburi_tobu,Hokkaido0790,0.5,654,124,1513,14093,24.20743687382041,0.4153817106170069,0.6332717478982705
E1,q2_x3_loro_hokkaido_iburi_tobu_seed42,pooled_loro,intervention,42,1120,na,hokkaido_iburi_tobu,Hokkaido0791,0.5,370,52,2021,13941,23.021728866442675,0.35580138781430887,0.5411899313497196
E1,q2_x3_loro_hokkaido_iburi_tobu_seed42,pooled_loro,intervention,42,1120,na,hokkaido_iburi_tobu,Hokkaido0792,0.5,429,59,3183,12713,34.539832078341085,0.28958438307222606,0.4430757993289359
E1,q2_x3_loro_hokkaido_iburi_tobu_seed42,pooled_loro,intervention,42,1120,na,hokkaido_iburi_tobu,Hokkaido0793,0.5,909,37,4123,11315,19.0,0.3753492578407819,0.5814720437647778
E1,q2_x3_loro_hokkaido_iburi_tobu_seed42,pooled_loro,intervention,42,1120,na,hokkaido_iburi_tobu,Hokkaido0794,0.5,946,50,4324,11064,31.931064370271624,0.3780553240484971,0.5485743627775589
E1,q2_x3_loro_hokkaido_iburi_tobu_seed42,pooled_loro,intervention,42,1120,na,hokkaido_iburi_tobu,Hokkaido0795,0.5,572,49,4366,11397,26.453718604746793,0.2658890677025388,0.38525220242351926
E1,q2_x3_loro_hokkaido_iburi_tobu_seed42,pooled_loro,intervention,42,1120,na,hokkaido_iburi_tobu,Hokkaido0796,0.5,557,49,3940,11838,25.019992006393608,0.26778395117923004,0.4527974477736333
E1,q2_x3_loro_hokkaido_iburi_tobu_seed42,pooled_loro,intervention,42,1120,na,hokkaido_iburi_tobu,Hokkaido0797,0.5,517,34,3284,12549,20.444960644095943,0.3576412160896767,0.5481522414860955
E1,q2_x3_loro_hokkaido_iburi_tobu_seed42,pooled_loro,intervention,42,1120,na,hokkaido_iburi_tobu,Hokkaido0798,0.5,406,92,1855,14031,26.03649945000394,0.38810688111798664,0.5140313590243597
E1,q2_x3_loro_hokkaido_iburi_tobu_seed42,pooled_loro,intervention,42,1120,na,hokkaido_iburi_tobu,Hokkaido0799,0.5,119,83,1240,14942,36.08045882226966,0.3181626757928977,0.4887096774189855
E1,q2_x3_loro_hokkaido_iburi_tobu_seed42,pooled_loro,intervention,42,1120,na,hokkaido_iburi_tobu,Hokkaido0800,0.5,144,19,1510,14711,33.24154027718932,0.2849936948295124,0.40657084188879306
E1,q2_x3_loro_hokkaido_iburi_tobu_seed42,pooled_loro,intervention,42,1120,na,hokkaido_iburi_tobu,Hokkaido0801,0.5,367,56,1426,14535,32.01562118716424,0.46947029270170076,0.577962577962167
E1,q2_x3_loro_hokkaido_iburi_tobu_seed42,pooled_loro,intervention,42,1120,na,hokkaido_iburi_tobu,Hokkaido0802,0.5,288,45,1008,15043,30.826105306864296,0.5118821949102975,0.6205023761027628
E1,q2_x3_loro_hokkaido_iburi_tobu_seed42,pooled_loro,intervention,42,1120,na,hokkaido_iburi_tobu,Hokkaido0803,0.5,113,11,648,15612,29.57967651596432,0.4598014493737753,0.6115515288783976
E1,q2_x3_loro_hokkaido_iburi_tobu_seed42,pooled_loro,intervention,42,1120,na,hokkaido_iburi_tobu,Hokkaido0804,0.5,79,7,420,15878,17.592330848745014,0.5068824209305803,0.6723259762304535
E1,q2_x3_loro_hokkaido_iburi_tobu_seed42,pooled_loro,intervention,42,1120,na,hokkaido_iburi_tobu,Hokkaido0806,0.5,115,32,470,15767,13.013441683641854,0.38356164383517044,0.5902919212486751
E1,q2_x3_loro_hokkaido_iburi_tobu_seed42,pooled_loro,intervention,42,1120,na,hokkaido_iburi_tobu,Hokkaido0807,0.5,30,38,176,16140,12.727922061357855,0.5054672993600232,0.753363228699082
E1,q2_x3_loro_hokkaido_iburi_tobu_seed42,pooled_loro,intervention,42,1120,na,hokkaido_iburi_tobu,Hokkaido0808,0.5,47,1,355,15981,18.24828759089466,0.3784302437148799,0.49535603715130627
E1,q2_x3_loro_hokkaido_iburi_tobu_seed42,pooled_loro,intervention,42,1120,na,hokkaido_iburi_tobu,Hokkaido0809,0.5,448,24,1268,14644,24.49022602244587,0.3616213087813501,0.5640920576380279
E1,q2_x3_loro_hokkaido_iburi_tobu_seed42,pooled_loro,intervention,42,1120,na,hokkaido_iburi_tobu,Hokkaido0810,0.5,462,3,3010,12909,30.870698080866262,0.19680902201555675,0.34577980549855136
E1,q2_x3_loro_hokkaido_iburi_tobu_seed42,pooled_loro,intervention,42,1120,na,hokkaido_iburi_tobu,Hokkaido0811,0.5,343,214,2556,13271,71.54997465729193,0.14248633371736028,0.20384868155534788
E1,q2_x3_loro_hokkaido_iburi_tobu_seed42,pooled_loro,intervention,42,1120,na,hokkaido_iburi_tobu,Hokkaido0812,0.5,0,0,2105,14279,181.01933598375618,0.0,0.0
E1,q2_x3_loro_hokkaido_iburi_tobu_seed42,pooled_loro,intervention,42,1120,na,hokkaido_iburi_tobu,Hokkaido0813,0.5,0,36,1670,14678,103.95227347929067,0.0,0.0
E1,q2_x3_loro_hokkaido_iburi_tobu_seed42,pooled_loro,intervention,42,1120,na,hokkaido_iburi_tobu,Hokkaido0814,0.5,9,401,398,15576,59.92202372255054,0.03634003893525929,0.043549265105652
E1,q2_x3_loro_hokkaido_iburi_tobu_seed42,pooled_loro,intervention,42,1120,na,hokkaido_iburi_tobu,Hokkaido0815,0.5,993,82,824,14485,74.86917031995064,0.47208897082027523,0.6375103506779652
E1,q2_x3_loro_hokkaido_iburi_tobu_seed42,pooled_loro,intervention,42,1120,na,hokkaido_iburi_tobu,Hokkaido0816,0.5,1076,64,1074,14170,32.27161277926803,0.494834160577253,0.7048964535528546
E1,q2_x3_loro_hokkaido_iburi_tobu_seed42,pooled_loro,intervention,42,1120,na,hokkaido_iburi_tobu,Hokkaido0817,0.5,176,99,1326,14783,38.216382551402354,0.2897077509526095,0.3467855278476469
E1,q2_x3_loro_hokkaido_iburi_tobu_seed42,pooled_loro,intervention,42,1120,na,hokkaido_iburi_tobu,Hokkaido0818,0.5,245,84,2104,13951,39.31909535144078,0.2376940940754881,0.28906993417154486
E1,q2_x3_loro_hokkaido_iburi_tobu_seed42,pooled_loro,intervention,42,1120,na,hokkaido_iburi_tobu,Hokkaido0819,0.5,0,367,1759,14258,49.37088184601943,0.0,0.0
E1,q2_x3_loro_hokkaido_iburi_tobu_seed42,pooled_loro,intervention,42,1120,na,hokkaido_iburi_tobu,Hokkaido0820,0.5,0,0,584,15800,181.01933598375618,0.0,0.0
E1,q2_x3_loro_hokkaido_iburi_tobu_seed42,pooled_loro,intervention,42,1120,na,hokkaido_iburi_tobu,Hokkaido0821,0.5,77,273,227,15807,80.11738841930425,0.19801980197969807,0.31469702042132824
E1,q2_x3_loro_hokkaido_iburi_tobu_seed42,pooled_loro,intervention,42,1120,na,hokkaido_iburi_tobu,Hokkaido0822,0.5,86,461,340,15497,58.07538128948948,0.2166699199682707,0.32990574121629623
E1,q2_x3_loro_hokkaido_iburi_tobu_seed42,pooled_loro,intervention,42,1120,na,hokkaido_iburi_tobu,Hokkaido0823,0.5,54,1,2330,13999,62.03224967708329,0.027466820542301217,0.061476238624764985
E1,q2_x3_loro_hokkaido_iburi_tobu_seed42,pooled_loro,intervention,42,1120,na,hokkaido_iburi_tobu,Hokkaido0824,0.5,158,23,5203,11000,74.6913613196468,0.04477983249018302,0.07085478887736128
E1,q2_x3_loro_hokkaido_iburi_tobu_seed42,pooled_loro,intervention,42,1120,na,hokkaido_iburi_tobu,Hokkaido0825,0.5,1138,239,2757,12250,22.61745870007763,0.4057016189647057,0.600639084201244
E1,q2_x3_loro_hokkaido_iburi_tobu_seed42,pooled_loro,intervention,42,1120,na,hokkaido_iburi_tobu,Hokkaido0826,0.5,393,405,931,14655,73.40218129645258,0.4149548300557282,0.6181449723451115
E1,q2_x3_loro_hokkaido_iburi_tobu_seed42,pooled_loro,intervention,42,1120,na,hokkaido_iburi_tobu,Hokkaido0827,0.5,392,263,754,14975,96.19719215611447,0.5626140610058581,0.7861250681028968
E1,q2_x3_loro_hokkaido_iburi_tobu_seed42,pooled_loro,intervention,42,1120,na,hokkaido_iburi_tobu,Hokkaido0828,0.5,144,57,1611,14572,49.39279844482143,0.11655629139043482,0.23220035778139095
E1,q2_x3_loro_hokkaido_iburi_tobu_seed42,pooled_loro,intervention,42,1120,na,hokkaido_iburi_tobu,Hokkaido0829,0.5,295,6,1711,14372,38.27531841800928,0.21070461352928058,0.39032544412772785
E1,q2_x3_loro_hokkaido_iburi_tobu_seed42,pooled_loro,intervention,42,1120,na,hokkaido_iburi_tobu,Hokkaido0830,0.5,315,21,1094,14954,112.27199116431488,0.35488824432654736,0.5051544185312657
E1,q2_x3_loro_hokkaido_iburi_tobu_seed42,pooled_loro,intervention,42,1120,na,hokkaido_iburi_tobu,Hokkaido0831,0.5,176,29,2400,13779,48.763708172423975,0.16549596194511423,0.2436750998666302
E1,q2_x3_loro_hokkaido_iburi_tobu_seed42,pooled_loro,intervention,42,1120,na,hokkaido_iburi_tobu,Hokkaido0832,0.5,309,21,4348,11706,54.65070567896726,0.13586649807460513,0.22729874590185917
E1,q2_x3_loro_hokkaido_iburi_tobu_seed42,pooled_loro,intervention,42,1120,na,hokkaido_iburi_tobu,Hokkaido0833,0.5,268,23,5316,10777,49.040799340956916,0.13132180680609226,0.22263466224252626
E1,q2_x3_loro_hokkaido_iburi_tobu_seed42,pooled_loro,intervention,42,1120,na,hokkaido_iburi_tobu,Hokkaido0834,0.5,469,36,3801,12078,31.387895109603374,0.29132233684530856,0.4038398134041326
E1,q2_x3_loro_hokkaido_iburi_tobu_seed42,pooled_loro,intervention,42,1120,na,hokkaido_iburi_tobu,Hokkaido0835,0.5,460,41,3400,12483,27.730849247724095,0.2714961338501791,0.41091070518371997
E1,q2_x3_loro_hokkaido_iburi_tobu_seed42,pooled_loro,intervention,42,1120,na,hokkaido_iburi_tobu,Hokkaido0836,0.5,444,11,4860,11069,33.10966561670987,0.10164719541378843,0.2245750544205593
E1,q2_x3_loro_hokkaido_iburi_tobu_seed42,pooled_loro,intervention,42,1120,na,hokkaido_iburi_tobu,Hokkaido0837,0.5,675,84,3425,12200,29.422758717781605,0.30752838395867477,0.449984020453436
E1,q2_x3_loro_hokkaido_iburi_tobu_seed42,pooled_loro,intervention,42,1120,na,hokkaido_iburi_tobu,Hokkaido0838,0.5,612,139,1815,13818,18.193280665046718,0.42317650209764457,0.6455856124904803
E1,q2_x3_loro_hokkaido_iburi_tobu_seed42,pooled_loro,intervention,42,1120,na,hokkaido_iburi_tobu,Hokkaido0839,0.5,616,51,1535,14182,24.55983342360055,0.4350476785989247,0.6590761355321703
E1,q2_x3_loro_hokkaido_iburi_tobu_seed42,pooled_loro,intervention,42,1120,na,hokkaido_iburi_tobu,Hokkaido0840,0.5,597,83,1514,14190,29.0,0.4310889802983681,0.6438843836100526
E1,q2_x3_loro_hokkaido_iburi_tobu_seed42,pooled_loro,intervention,42,1120,na,hokkaido_iburi_tobu,Hokkaido0841,0.5,553,82,2677,13072,23.374109202569294,0.3917725725287642,0.6130505743110638
E1,q2_x3_loro_hokkaido_iburi_tobu_seed42,pooled_loro,intervention,42,1120,na,hokkaido_iburi_tobu,Hokkaido0842,0.5,1159,106,3341,11778,22.67156809750927,0.47095679415178227,0.6604534745529749
E1,q2_x3_loro_hokkaido_iburi_tobu_seed42,pooled_loro,intervention,42,1120,na,hokkaido_iburi_tobu,Hokkaido0843,0.5,1303,70,4040,10971,28.609370648797096,0.4348857039927805,0.6171854980511834
E1,q2_x3_loro_hokkaido_iburi_tobu_seed42,pooled_loro,intervention,42,1120,na,hokkaido_iburi_tobu,Hokkaido0844,0.5,801,66,4883,10634,28.442925306655784,0.2740347911038676,0.46685073306870667
E1,q2_x3_loro_hokkaido_iburi_tobu_seed42,pooled_loro,intervention,42,1120,na,hokkaido_iburi_tobu,Hokkaido0845,0.5,610,35,3737,12002,29.620083375157456,0.27866088631949704,0.507837518961344
E1,q2_x3_loro_hokkaido_iburi_tobu_seed42,pooled_loro,intervention,42,1120,na,hokkaido_iburi_tobu,Hokkaido0846,0.5,568,36,2549,13231,33.384112071153424,0.3892932018806539,0.5545700018673521
E1,q2_x3_loro_hokkaido_iburi_tobu_seed42,pooled_loro,intervention,42,1120,na,hokkaido_iburi_tobu,Hokkaido0847,0.5,580,58,1910,13836,23.08679276123039,0.4442769752942285,0.5844277673541829
E1,q2_x3_loro_hokkaido_iburi_tobu_seed42,pooled_loro,intervention,42,1120,na,hokkaido_iburi_tobu,Hokkaido0848,0.5,149,18,1400,14817,26.06529242915155,0.30522088353386684,0.47667638483928704
E1,q2_x3_loro_hokkaido_iburi_tobu_seed42,pooled_loro,intervention,42,1120,na,hokkaido_iburi_tobu,Hokkaido0849,0.5,137,8,1130,15109,38.05062320271167,0.24536181832759188,0.44750430292564225
E1,q2_x3_loro_hokkaido_iburi_tobu_seed42,pooled_loro,intervention,42,1120,na,hokkaido_iburi_tobu,Hokkaido0850,0.5,381,27,1998,13978,29.48385043886268,0.3540553731388336,0.5168738898752827
E1,q2_x3_loro_hokkaido_iburi_tobu_seed42,pooled_loro,intervention,42,1120,na,hokkaido_iburi_tobu,Hokkaido0851,0.5,335,26,1764,14259,26.627053911388696,0.3685115537328438,0.5161290322576816
E1,q2_x3_loro_hokkaido_iburi_tobu_seed42,pooled_loro,intervention,42,1120,na,hokkaido_iburi_tobu,Hokkaido0852,0.5,60,18,408,15898,24.360819309926175,0.35467289719596307,0.4637681159416727
E1,q2_x3_loro_hokkaido_iburi_tobu_seed42,pooled_loro,intervention,42,1120,na,hokkaido_iburi_tobu,Hokkaido0853,0.5,2,0,48,16334,138.21032595516658,0.29090909090884226,0.29090909090884226
E1,q2_x3_loro_hokkaido_iburi_tobu_seed42,pooled_loro,intervention,42,1120,na,hokkaido_iburi_tobu,Hokkaido0856,0.5,11,9,84,16280,13.883699429009233,0.5217391304343969,0.7047619047614483
E1,q2_x3_loro_hokkaido_iburi_tobu_seed42,pooled_loro,intervention,42,1120,na,hokkaido_iburi_tobu,Hokkaido0857,0.5,0,41,267,16076,102.90389651543668,0.0,0.0
E1,q2_x3_loro_hokkaido_iburi_tobu_seed42,pooled_loro,intervention,42,1120,na,hokkaido_iburi_tobu,Hokkaido0858,0.5,320,44,1569,14451,78.95249434689896,0.2388186503009775,0.2965732087224517
E1,q2_x3_loro_hokkaido_iburi_tobu_seed42,pooled_loro,intervention,42,1120,na,hokkaido_iburi_tobu,Hokkaido0859,0.5,120,1,1921,14342,80.88911758674627,0.08921933085486221,0.13449130497104994
E1,q2_x3_loro_hokkaido_iburi_tobu_seed42,pooled_loro,intervention,42,1120,na,hokkaido_iburi_tobu,Hokkaido0860,0.5,2,36,1679,14667,70.03213466161526,0.01771871539293704,0.035019455252576354
E1,q2_x3_loro_hokkaido_iburi_tobu_seed42,pooled_loro,intervention,42,1120,na,hokkaido_iburi_tobu,Hokkaido0861,0.5,3,0,2317,14064,83.27872045852088,0.02283849918431673,0.04673650282026055
E1,q2_x3_loro_hokkaido_iburi_tobu_seed42,pooled_loro,intervention,42,1120,na,hokkaido_iburi_tobu,Hokkaido0862,0.5,0,34,1561,14789,122.76908002315712,0.0,0.0
E1,q2_x3_loro_hokkaido_iburi_tobu_seed42,pooled_loro,intervention,42,1120,na,hokkaido_iburi_tobu,Hokkaido0863,0.5,6,74,604,15700,53.39331730513068,0.05128205128172518,0.09183673469341275
E1,q2_x3_loro_hokkaido_iburi_tobu_seed42,pooled_loro,intervention,42,1120,na,hokkaido_iburi_tobu,Hokkaido0864,0.5,0,21,273,16090,80.7525147877838,0.0,0.0
E1,q2_x3_loro_hokkaido_iburi_tobu_seed42,pooled_loro,intervention,42,1120,na,hokkaido_iburi_tobu,Hokkaido0865,0.5,105,4,756,15519,64.76185651934853,0.14794267221418844,0.28662372110616685
E1,q2_x3_loro_hokkaido_iburi_tobu_seed42,pooled_loro,intervention,42,1120,na,hokkaido_iburi_tobu,Hokkaido0866,0.5,171,10,1497,14706,84.1486779456457,0.2516162851648605,0.2995308695735403
E1,q2_x3_loro_hokkaido_iburi_tobu_seed42,pooled_loro,intervention,42,1120,na,hokkaido_iburi_tobu,Hokkaido0867,0.5,82,8,891,15403,62.95903691307444,0.2556053811656671,0.2954545454542936
E1,q2_x3_loro_hokkaido_iburi_tobu_seed42,pooled_loro,intervention,42,1120,na,hokkaido_iburi_tobu,Hokkaido0868,0.5,37,0,465,15882,21.97935165724614,0.24082332761555525,0.3164179104474948
E1,q2_x3_loro_hokkaido_iburi_tobu_seed42,pooled_loro,intervention,42,1120,na,hokkaido_iburi_tobu,Hokkaido0869,0.5,77,7,886,15414,38.21778965799237,0.2622227755346499,0.4005006257819074
E1,q2_x3_loro_hokkaido_iburi_tobu_seed42,pooled_loro,intervention,42,1120,na,hokkaido_iburi_tobu,Hokkaido0870,0.5,100,88,690,15506,59.270932195098716,0.13472788512652792,0.23441396508698717
E1,q2_x3_loro_hokkaido_iburi_tobu_seed42,pooled_loro,intervention,42,1120,na,hokkaido_iburi_tobu,Hokkaido0871,0.5,347,764,1136,14137,23.59766529988528,0.3068146182603211,0.5326155212811579
E1,q2_x3_loro_hokkaido_iburi_tobu_seed42,pooled_loro,intervention,42,1120,na,hokkaido_iburi_tobu,Hokkaido0872,0.5,874,332,4511,10667,37.56061257696589,0.275878591856863,0.40013048153732084
E1,q2_x3_loro_hokkaido_iburi_tobu_seed42,pooled_loro,intervention,42,1120,na,hokkaido_iburi_tobu,Hokkaido0873,0.5,941,179,7864,7400,61.342887639509456,0.25355585626194227,0.3922818879171115
E1,q2_x3_loro_hokkaido_iburi_tobu_seed42,pooled_loro,intervention,42,1120,na,hokkaido_iburi_tobu,Hokkaido0874,0.5,1411,326,5033,9614,22.47220505424423,0.38905804645594144,0.572799100116939
E1,q2_x3_loro_hokkaido_iburi_tobu_seed42,pooled_loro,intervention,42,1120,na,hokkaido_iburi_tobu,Hokkaido0875,0.5,648,137,3582,12017,23.55947958956592,0.28674464689307333,0.42724670032876083
E1,q2_x3_loro_hokkaido_iburi_tobu_seed42,pooled_loro,intervention,42,1120,na,hokkaido_iburi_tobu,Hokkaido0876,0.5,291,52,4244,11797,31.622776601683793,0.16006044199649366,0.2592120043233646
E1,q2_x3_loro_hokkaido_iburi_tobu_seed42,pooled_loro,intervention,42,1120,na,hokkaido_iburi_tobu,Hokkaido0877,0.5,202,3,3841,12338,49.10599951025292,0.1143696489832315,0.20076097971339654
E1,q2_x3_loro_hokkaido_iburi_tobu_seed42,pooled_loro,intervention,42,1120,na,hokkaido_iburi_tobu,Hokkaido0878,0.5,379,13,3682,12310,39.294339915584686,0.14460359828013622,0.2628247757318638
E1,q2_x3_loro_hokkaido_iburi_tobu_seed42,pooled_loro,intervention,42,1120,na,hokkaido_iburi_tobu,Hokkaido0879,0.5,816,133,2980,12455,26.317186127447005,0.3179925888646821,0.49112322271519687
E1,q2_x3_loro_hokkaido_iburi_tobu_seed42,pooled_loro,intervention,42,1120,na,hokkaido_iburi_tobu,Hokkaido0880,0.5,573,84,2978,12749,50.695167422546305,0.271588227762173,0.4131903530380634
E1,q2_x3_loro_hokkaido_iburi_tobu_seed42,pooled_loro,intervention,42,1120,na,hokkaido_iburi_tobu,Hokkaido0881,0.5,311,17,4018,12038,46.524186947489696,0.1748512421567325,0.2977161631538359
E1,q2_x3_loro_hokkaido_iburi_tobu_seed42,pooled_loro,intervention,42,1120,na,hokkaido_iburi_tobu,Hokkaido0882,0.5,226,6,4538,11614,37.57658845611187,0.130944672278433,0.25657555736198856
E1,q2_x3_loro_hokkaido_iburi_tobu_seed42,pooled_loro,intervention,42,1120,na,hokkaido_iburi_tobu,Hokkaido0883,0.5,236,101,3014,13033,34.713109915419565,0.19704107356549036,0.3324653629178439
E1,q2_x3_loro_hokkaido_iburi_tobu_seed42,pooled_loro,intervention,42,1120,na,hokkaido_iburi_tobu,Hokkaido0884,0.5,261,168,4351,11604,32.0624390837628,0.29003534044029017,0.3983549713728732
E1,q2_x3_loro_hokkaido_iburi_tobu_seed42,pooled_loro,intervention,42,1120,na,hokkaido_iburi_tobu,Hokkaido0885,0.5,2322,11,5611,8440,25.553864678361276,0.1589348413754581,0.27249109525387105
E1,q2_x3_loro_hokkaido_iburi_tobu_seed42,pooled_loro,intervention,42,1120,na,hokkaido_iburi_tobu,Hokkaido0886,0.5,685,13,5582,10104,29.984991657394527,0.19442114093929752,0.32292851540314466
E1,q2_x3_loro_hokkaido_iburi_tobu_seed42,pooled_loro,intervention,42,1120,na,hokkaido_iburi_tobu,Hokkaido0887,0.5,470,27,3757,12130,43.289721643826724,0.20653478550766083,0.31847973440585775
E1,q2_x3_loro_hokkaido_iburi_tobu_seed42,pooled_loro,intervention,42,1120,na,hokkaido_iburi_tobu,Hokkaido0888,0.5,506,67,2788,13023,52.21636695022715,0.2878591754062012,0.43326630600534444
E1,q2_x3_loro_hokkaido_iburi_tobu_seed42,pooled_loro,intervention,42,1120,na,hokkaido_iburi_tobu,Hokkaido0889,0.5,486,79,1731,14088,16.0312195418814,0.45903303378259314,0.6821569541181304
E1,q2_x3_loro_hokkaido_iburi_tobu_seed42,pooled_loro,intervention,42,1120,na,hokkaido_iburi_tobu,Hokkaido0890,0.5,542,91,2297,13454,28.600699292150182,0.4333794375284303,0.6263095422403652
E1,q2_x3_loro_hokkaido_iburi_tobu_seed42,pooled_loro,intervention,42,1120,na,hokkaido_iburi_tobu,Hokkaido0891,0.5,773,108,2863,12640,27.04068500774897,0.39393347427818287,0.5770961205754104
E1,q2_x3_loro_hokkaido_iburi_tobu_seed42,pooled_loro,intervention,42,1120,na,hokkaido_iburi_tobu,Hokkaido0892,0.5,759,103,3545,11977,26.886793369165176,0.31936345825181756,0.5055132784589977
E1,q2_x3_loro_hokkaido_iburi_tobu_seed42,pooled_loro,intervention,42,1120,na,hokkaido_iburi_tobu,Hokkaido0893,0.5,442,53,3901,11988,39.35733730830886,0.18645731495767498,0.32170360985129254
E1,q2_x3_loro_hokkaido_iburi_tobu_seed42,pooled_loro,intervention,42,1120,na,hokkaido_iburi_tobu,Hokkaido0894,0.5,681,31,2767,12905,29.154759474226502,0.3670305756158565,0.5832656932181843
E1,q2_x3_loro_hokkaido_iburi_tobu_seed42,pooled_loro,intervention,42,1120,na,hokkaido_iburi_tobu,Hokkaido0895,0.5,400,27,1630,14327,31.834470193516648,0.36777560568930223,0.5746153753860045
E1,q2_x3_loro_hokkaido_iburi_tobu_seed42,pooled_loro,intervention,42,1120,na,hokkaido_iburi_tobu,Hokkaido0896,0.5,363,30,1121,14870,23.706539182259394,0.5009487666030257,0.655999999999559
E1,q2_x3_loro_hokkaido_iburi_tobu_seed42,pooled_loro,intervention,42,1120,na,hokkaido_iburi_tobu,Hokkaido0897,0.5,288,26,1556,14514,30.418740628687548,0.44355742679791094,0.578661844484218
E1,q2_x3_loro_hokkaido_iburi_tobu_seed42,pooled_loro,intervention,42,1120,na,hokkaido_iburi_tobu,Hokkaido0898,0.5,225,27,1144,14988,33.56187111211095,0.41254961832025566,0.6147607461471817
E1,q2_x3_loro_hokkaido_iburi_tobu_seed42,pooled_loro,intervention,42,1120,na,hokkaido_iburi_tobu,Hokkaido0899,0.5,374,28,1360,14622,30.253905397095053,0.4032991898003752,0.6346504559266183
E1,q2_x3_loro_hokkaido_iburi_tobu_seed42,pooled_loro,intervention,42,1120,na,hokkaido_iburi_tobu,Hokkaido0900,0.5,314,26,1700,14344,23.42114188489364,0.36189970814508254,0.5371062466627144
E1,q2_x3_loro_hokkaido_iburi_tobu_seed42,pooled_loro,intervention,42,1120,na,hokkaido_iburi_tobu,Hokkaido0901,0.5,71,212,729,15372,31.833938576931583,0.19904597928210954,0.2980067728807207
E1,q2_x3_loro_hokkaido_iburi_tobu_seed42,pooled_loro,intervention,42,1120,na,hokkaido_iburi_tobu,Hokkaido0902,0.5,11,1,72,16300,72.34453555281966,0.4651162790694105,0.5652173913039422
E1,q2_x3_loro_hokkaido_iburi_tobu_seed42,pooled_loro,intervention,42,1120,na,hokkaido_iburi_tobu,Hokkaido0903,0.5,0,0,83,16301,181.01933598375618,0.0,0.0
E1,q2_x3_loro_hokkaido_iburi_tobu_seed42,pooled_loro,intervention,42,1120,na,hokkaido_iburi_tobu,Hokkaido0906,0.5,0,0,1302,15082,181.01933598375618,0.0,0.0
E1,q2_x3_loro_hokkaido_iburi_tobu_seed42,pooled_loro,intervention,42,1120,na,hokkaido_iburi_tobu,Hokkaido0907,0.5,0,0,1489,14895,181.01933598375618,0.0,0.0
E1,q2_x3_loro_hokkaido_iburi_tobu_seed42,pooled_loro,intervention,42,1120,na,hokkaido_iburi_tobu,Hokkaido0908,0.5,0,0,714,15670,181.01933598375618,0.0,0.0
E1,q2_x3_loro_hokkaido_iburi_tobu_seed42,pooled_loro,intervention,42,1120,na,hokkaido_iburi_tobu,Hokkaido0909,0.5,0,0,1256,15128,181.01933598375618,0.0,0.0
E1,q2_x3_loro_hokkaido_iburi_tobu_seed42,pooled_loro,intervention,42,1120,na,hokkaido_iburi_tobu,Hokkaido0910,0.5,0,0,1032,15352,181.01933598375618,0.0,0.0
E1,q2_x3_loro_hokkaido_iburi_tobu_seed42,pooled_loro,intervention,42,1120,na,hokkaido_iburi_tobu,Hokkaido0911,0.5,0,0,350,16034,181.01933598375618,0.0,0.0
E1,q2_x3_loro_hokkaido_iburi_tobu_seed42,pooled_loro,intervention,42,1120,na,hokkaido_iburi_tobu,Hokkaido0912,0.5,1,1,105,16277,76.67658209341363,0.08695652173897163,0.17647058823500347
E1,q2_x3_loro_hokkaido_iburi_tobu_seed42,pooled_loro,intervention,42,1120,na,hokkaido_iburi_tobu,Hokkaido0913,0.5,11,0,561,15812,64.65830253504171,0.06399999999991586,0.21641791044756817
E1,q2_x3_loro_hokkaido_iburi_tobu_seed42,pooled_loro,intervention,42,1120,na,hokkaido_iburi_tobu,Hokkaido0914,0.5,288,99,318,15679,57.98816365111431,0.5079839023752633,0.5534167468715536
E1,q2_x3_loro_hokkaido_iburi_tobu_seed42,pooled_loro,intervention,42,1120,na,hokkaido_iburi_tobu,Hokkaido0915,0.5,0,416,132,15836,68.47409894466071,0.0,0.0
E1,q2_x3_loro_hokkaido_iburi_tobu_seed42,pooled_loro,intervention,42,1120,na,hokkaido_iburi_tobu,Hokkaido0916,0.5,104,273,1136,14871,33.41228164796399,0.12983770287104626,0.24837795155694237
E1,q2_x3_loro_hokkaido_iburi_tobu_seed42,pooled_loro,intervention,42,1120,na,hokkaido_iburi_tobu,Hokkaido0917,0.5,204,176,2274,13730,45.60701700396552,0.13974337423631206,0.2149345162650199
E1,q2_x3_loro_hokkaido_iburi_tobu_seed42,pooled_loro,intervention,42,1120,na,hokkaido_iburi_tobu,Hokkaido0918,0.5,201,2,3289,12892,38.07886552931954,0.12026095841941474,0.22567159557150204
E1,q2_x3_loro_hokkaido_iburi_tobu_seed42,pooled_loro,intervention,42,1120,na,hokkaido_iburi_tobu,Hokkaido0919,0.5,403,40,4896,11045,54.83664590798882,0.171492124509692,0.2870838440833139
E1,q2_x3_loro_hokkaido_iburi_tobu_seed42,pooled_loro,intervention,42,1120,na,hokkaido_iburi_tobu,Hokkaido0920,0.5,1285,120,6598,8381,27.65863337187866,0.3181321585899731,0.47051026370104837
E1,q2_x3_loro_hokkaido_iburi_tobu_seed42,pooled_loro,intervention,42,1120,na,hokkaido_iburi_tobu,Hokkaido0921,0.5,2243,322,7506,6313,19.235384061671343,0.4472544934772429,0.6577776157632279
E1,q2_x3_loro_hokkaido_iburi_tobu_seed42,pooled_loro,intervention,42,1120,na,hokkaido_iburi_tobu,Hokkaido0922,0.5,2342,395,5437,8210,14.723902403898872,0.5057000719191939,0.6971662452288877
E1,q2_x3_loro_hokkaido_iburi_tobu_seed42,pooled_loro,intervention,42,1120,na,hokkaido_iburi_tobu,Hokkaido0923,0.5,1174,242,4459,10509,22.02271554554524,0.388061422287413,0.5472062297247003
E1,q2_x3_loro_hokkaido_iburi_tobu_seed42,pooled_loro,intervention,42,1120,na,hokkaido_iburi_tobu,Hokkaido0924,0.5,407,56,5024,10897,41.23105625617661,0.18300243505260796,0.3002084781095317
E1,q2_x3_loro_hokkaido_iburi_tobu_seed42,pooled_loro,intervention,42,1120,na,hokkaido_iburi_tobu,Hokkaido0925,0.5,133,7,3640,12604,94.82984759115561,0.09122569349026151,0.14400171162483633
E1,q2_x3_loro_hokkaido_iburi_tobu_seed42,pooled_loro,intervention,42,1120,na,hokkaido_iburi_tobu,Hokkaido0926,0.5,524,102,2920,12838,47.93432507875833,0.2956988968289475,0.42990664982985466
E1,q2_x3_loro_hokkaido_iburi_tobu_seed42,pooled_loro,intervention,42,1120,na,hokkaido_iburi_tobu,Hokkaido0927,0.5,995,164,3026,12199,18.35755975068582,0.40777682816326577,0.5696862647317574
E1,q2_x3_loro_hokkaido_iburi_tobu_seed42,pooled_loro,intervention,42,1120,na,hokkaido_iburi_tobu,Hokkaido0928,0.5,1060,165,2450,12709,39.3674151059459,0.42555438825596215,0.636759581881099
E1,q2_x3_loro_hokkaido_iburi_tobu_seed42,pooled_loro,intervention,42,1120,na,hokkaido_iburi_tobu,Hokkaido0929,0.5,444,32,4097,11811,69.65949609262402,0.19908961181195048,0.3097847020225554
E1,q2_x3_loro_hokkaido_iburi_tobu_seed42,pooled_loro,intervention,42,1120,na,hokkaido_iburi_tobu,Hokkaido0930,0.5,213,33,4171,11967,52.0,0.150445981508506,0.25784847216386075
E1,q2_x3_loro_hokkaido_iburi_tobu_seed42,pooled_loro,intervention,42,1120,na,hokkaido_iburi_tobu,Hokkaido0931,0.5,243,221,2607,13313,22.20360331117452,0.22917068201187868,0.3679220289176591
E1,q2_x3_loro_hokkaido_iburi_tobu_seed42,pooled_loro,intervention,42,1120,na,hokkaido_iburi_tobu,Hokkaido0932,0.5,360,11,5611,10402,56.580637456714584,0.13064028501244615,0.2323032848438031
E1,q2_x3_loro_hokkaido_iburi_tobu_seed42,pooled_loro,intervention,42,1120,na,hokkaido_iburi_tobu,Hokkaido0933,0.5,491,2,8095,7796,46.56820991054205,0.07604038302799614,0.17697829182495486
E1,q2_x3_loro_hokkaido_iburi_tobu_seed42,pooled_loro,intervention,42,1120,na,hokkaido_iburi_tobu,Hokkaido0934,0.5,169,5,6025,10185,36.87817782917155,0.048439043242859324,0.12413122443706791
E1,q2_x3_loro_hokkaido_iburi_tobu_seed42,pooled_loro,intervention,42,1120,na,hokkaido_iburi_tobu,Hokkaido0935,0.5,571,52,3975,11786,58.309518948453004,0.21339147677597986,0.3210833844462335
E1,q2_x3_loro_hokkaido_iburi_tobu_seed42,pooled_loro,intervention,42,1120,na,hokkaido_iburi_tobu,Hokkaido0936,0.5,398,72,3382,12532,37.80475984880279,0.28666816424832775,0.42738205365368803
E1,q2_x3_loro_hokkaido_iburi_tobu_seed42,pooled_loro,intervention,42,1120,na,hokkaido_iburi_tobu,Hokkaido0937,0.5,315,63,2303,13703,25.154485570013485,0.3642647523415163,0.5424229299117433
E1,q2_x3_loro_hokkaido_iburi_tobu_seed42,pooled_loro,intervention,42,1120,na,hokkaido_iburi_tobu,Hokkaido0938,0.5,208,47,2173,13956,37.08367942909143,0.3750066815358098,0.5393680967600553
E1,q2_x3_loro_hokkaido_iburi_tobu_seed42,pooled_loro,intervention,42,1120,na,hokkaido_iburi_tobu,Hokkaido0939,0.5,394,83,2475,13432,49.01938191584704,0.33858304514410764,0.48064460629658784
E1,q2_x3_loro_hokkaido_iburi_tobu_seed42,pooled_loro,intervention,42,1120,na,hokkaido_iburi_tobu,Hokkaido0940,0.5,691,159,3197,12337,22.42759494254569,0.3586247151378564,0.5457373549518517
E1,q2_x3_loro_hokkaido_iburi_tobu_seed42,pooled_loro,intervention,42,1120,na,hokkaido_iburi_tobu,Hokkaido0941,0.5,192,34,4536,11622,38.48376280978771,0.1023807352000678,0.2387137541246072
E1,q2_x3_loro_hokkaido_iburi_tobu_seed42,pooled_loro,intervention,42,1120,na,hokkaido_iburi_tobu,Hokkaido0942,0.5,959,208,3024,12193,43.55856906511395,0.37591983209788477,0.515755325095146
E1,q2_x3_loro_hokkaido_iburi_tobu_seed42,pooled_loro,intervention,42,1120,na,hokkaido_iburi_tobu,Hokkaido0943,0.5,266,21,2074,14023,57.05611014667137,0.2448174405242823,0.35138667053838224
E1,q2_x3_loro_hokkaido_iburi_tobu_seed42,pooled_loro,intervention,42,1120,na,hokkaido_iburi_tobu,Hokkaido0944,0.5,272,61,1031,15020,29.43463509585774,0.4479840716770989,0.5519031141864515
E1,q2_x3_loro_hokkaido_iburi_tobu_seed42,pooled_loro,intervention,42,1120,na,hokkaido_iburi_tobu,Hokkaido0945,0.5,321,68,2468,13527,27.458896770274496,0.40515164135559306,0.5602294455062887
E1,q2_x3_loro_hokkaido_iburi_tobu_seed42,pooled_loro,intervention,42,1120,na,hokkaido_iburi_tobu,Hokkaido0946,0.5,283,27,2495,13579,22.113298006051966,0.4023408580289695,0.5986313764413332
E1,q2_x3_loro_hokkaido_iburi_tobu_seed42,pooled_loro,intervention,42,1120,na,hokkaido_iburi_tobu,Hokkaido0947,0.5,79,9,812,15484,30.610455730027933,0.26361908523161975,0.474589677674142
E1,q2_x3_loro_hokkaido_iburi_tobu_seed42,pooled_loro,intervention,42,1120,na,hokkaido_iburi_tobu,Hokkaido0948,0.5,18,4,703,15659,29.716074736890413,0.1869158878502978,0.36746143057473507
E1,q2_x3_loro_hokkaido_iburi_tobu_seed42,pooled_loro,intervention,42,1120,na,hokkaido_iburi_tobu,Hokkaido0949,0.5,2,1,405,15976,49.897706214770125,0.09809264305167784,0.19170984455941215
E1,q2_x3_loro_hokkaido_iburi_tobu_seed42,pooled_loro,intervention,42,1120,na,hokkaido_iburi_tobu,Hokkaido0950,0.5,1,0,112,16271,78.97239265179743,0.1386138613860096,0.24299065420539398
E1,q2_x3_loro_hokkaido_iburi_tobu_seed42,pooled_loro,intervention,42,1120,na,hokkaido_iburi_tobu,Hokkaido0951,0.5,0,0,113,16271,181.01933598375618,0.0,0.0
E1,q2_x3_loro_hokkaido_iburi_tobu_seed42,pooled_loro,intervention,42,1120,na,hokkaido_iburi_tobu,Hokkaido0953,0.5,7,14,353,16010,78.20999099817537,0.022346368714885306,0.11552888222027954
E1,q2_x3_loro_hokkaido_iburi_tobu_seed42,pooled_loro,intervention,42,1120,na,hokkaido_iburi_tobu,Hokkaido0954,0.5,0,0,489,15895,181.01933598375618,0.0,0.0
E1,q2_x3_loro_hokkaido_iburi_tobu_seed42,pooled_loro,intervention,42,1120,na,hokkaido_iburi_tobu,Hokkaido0955,0.5,0,0,129,16255,181.01933598375618,0.0,0.0
E1,q2_x3_loro_hokkaido_iburi_tobu_seed42,pooled_loro,intervention,42,1120,na,hokkaido_iburi_tobu,Hokkaido0956,0.5,0,0,125,16259,181.01933598375618,0.0,0.0
E1,q2_x3_loro_hokkaido_iburi_tobu_seed42,pooled_loro,intervention,42,1120,na,hokkaido_iburi_tobu,Hokkaido0957,0.5,0,0,125,16259,181.01933598375618,0.0,0.0
E1,q2_x3_loro_hokkaido_iburi_tobu_seed42,pooled_loro,intervention,42,1120,na,hokkaido_iburi_tobu,Hokkaido0958,0.5,0,0,45,16339,181.01933598375618,0.0,0.0
E1,q2_x3_loro_hokkaido_iburi_tobu_seed42,pooled_loro,intervention,42,1120,na,hokkaido_iburi_tobu,Hokkaido0959,0.5,0,0,45,16339,181.01933598375618,0.0,0.0
E1,q2_x3_loro_hokkaido_iburi_tobu_seed42,pooled_loro,intervention,42,1120,na,hokkaido_iburi_tobu,Hokkaido0960,0.5,0,21,42,16321,67.21230480763387,0.0,0.0
E1,q2_x3_loro_hokkaido_iburi_tobu_seed42,pooled_loro,intervention,42,1120,na,hokkaido_iburi_tobu,Hokkaido0961,0.5,298,344,478,15264,52.884682326983516,0.4062911598352814,0.526925911583088
E1,q2_x3_loro_hokkaido_iburi_tobu_seed42,pooled_loro,intervention,42,1120,na,hokkaido_iburi_tobu,Hokkaido0962,0.5,423,305,1903,13753,21.633307652783937,0.26924099643907934,0.4130650455283604
E1,q2_x3_loro_hokkaido_iburi_tobu_seed42,pooled_loro,intervention,42,1120,na,hokkaido_iburi_tobu,Hokkaido0963,0.5,1204,204,5072,9904,39.81770913769971,0.3518900783730639,0.5084145735000508
E1,q2_x3_loro_hokkaido_iburi_tobu_seed42,pooled_loro,intervention,42,1120,na,hokkaido_iburi_tobu,Hokkaido0964,0.5,413,44,8707,7220,63.06782051445686,0.12541905602101605,0.22084861354984175
E1,q2_x3_loro_hokkaido_iburi_tobu_seed42,pooled_loro,intervention,42,1120,na,hokkaido_iburi_tobu,Hokkaido0965,0.5,465,29,8020,7870,37.12142238654117,0.10967279336896142,0.19872005494543626
E1,q2_x3_loro_hokkaido_iburi_tobu_seed42,pooled_loro,intervention,42,1120,na,hokkaido_iburi_tobu,Hokkaido0966,0.5,2042,237,7162,6943,25.5616793341204,0.3625755662891025,0.5543396990975266
E1,q2_x3_loro_hokkaido_iburi_tobu_seed42,pooled_loro,intervention,42,1120,na,hokkaido_iburi_tobu,Hokkaido0967,0.5,2230,327,6157,7670,20.12461179749811,0.4225109274963561,0.593370404758922
E1,q2_x3_loro_hokkaido_iburi_tobu_seed42,pooled_loro,intervention,42,1120,na,hokkaido_iburi_tobu,Hokkaido0968,0.5,1680,367,4077,10260,23.807525154094076,0.4471885951510649,0.6079397760172485
E1,q2_x3_loro_hokkaido_iburi_tobu_seed42,pooled_loro,intervention,42,1120,na,hokkaido_iburi_tobu,Hokkaido0969,0.5,843,195,3640,11706,25.337574925445338,0.3729132537083319,0.5427158790383511
E1,q2_x3_loro_hokkaido_iburi_tobu_seed42,pooled_loro,intervention,42,1120,na,hokkaido_iburi_tobu,Hokkaido0970,0.5,524,52,3169,12639,39.09922291829523,0.2907650273221215,0.42455846841770184
E1,q2_x3_loro_hokkaido_iburi_tobu_seed42,pooled_loro,intervention,42,1120,na,hokkaido_iburi_tobu,Hokkaido0971,0.5,486,97,2822,12979,55.11033480075692,0.27744294462368724,0.4271877677277593
E1,q2_x3_loro_hokkaido_iburi_tobu_seed42,pooled_loro,intervention,42,1120,na,hokkaido_iburi_tobu,Hokkaido0972,0.5,379,51,1979,13975,50.55306616960726,0.32768021408231623,0.4950980392153137
E1,q2_x3_loro_hokkaido_iburi_tobu_seed42,pooled_loro,intervention,42,1120,na,hokkaido_iburi_tobu,Hokkaido0973,0.5,760,81,1569,13974,45.950510701714784,0.45856124911605733,0.6758373205737153
E1,q2_x3_loro_hokkaido_iburi_tobu_seed42,pooled_loro,intervention,42,1120,na,hokkaido_iburi_tobu,Hokkaido0974,0.5,595,53,3425,12311,45.5411901469428,0.2582700279024992,0.4015379622818037
E1,q2_x3_loro_hokkaido_iburi_tobu_seed42,pooled_loro,intervention,42,1120,na,hokkaido_iburi_tobu,Hokkaido0975,0.5,158,19,4319,11888,46.09772228646444,0.10016510731964506,0.18839907192558336
E1,q2_x3_loro_hokkaido_iburi_tobu_seed42,pooled_loro,intervention,42,1120,na,hokkaido_iburi_tobu,Hokkaido0976,0.5,572,139,3321,12352,19.981214711292818,0.30178695146309426,0.4790981170386428
E1,q2_x3_loro_hokkaido_iburi_tobu_seed42,pooled_loro,intervention,42,1120,na,hokkaido_iburi_tobu,Hokkaido0977,0.5,524,164,4565,11131,25.238858928247925,0.3058954671584889,0.46994030960522204
E1,q2_x3_loro_hokkaido_iburi_tobu_seed42,pooled_loro,intervention,42,1120,na,hokkaido_iburi_tobu,Hokkaido0978,0.5,378,93,5290,10623,38.546042781804765,0.17085347897125575,0.2785345332028868
E1,q2_x3_loro_hokkaido_iburi_tobu_seed42,pooled_loro,intervention,42,1120,na,hokkaido_iburi_tobu,Hokkaido0979,0.5,172,143,3964,12105,47.49314824520818,0.11955235487015659,0.23028079582310593
E1,q2_x3_loro_hokkaido_iburi_tobu_seed42,pooled_loro,intervention,42,1120,na,hokkaido_iburi_tobu,Hokkaido0980,0.5,239,53,2695,13397,49.153299995854034,0.19565806213298892,0.34598941928351873
E1,q2_x3_loro_hokkaido_iburi_tobu_seed42,pooled_loro,intervention,42,1120,na,hokkaido_iburi_tobu,Hokkaido0981,0.5,352,49,2795,13188,35.0,0.33124901698239306,0.4880816578173185
E1,q2_x3_loro_hokkaido_iburi_tobu_seed42,pooled_loro,intervention,42,1120,na,hokkaido_iburi_tobu,Hokkaido0982,0.5,400,69,2516,13399,30.05411007746118,0.39299126302847903,0.5327974777261745
E1,q2_x3_loro_hokkaido_iburi_tobu_seed42,pooled_loro,intervention,42,1120,na,hokkaido_iburi_tobu,Hokkaido0983,0.5,313,41,2055,13975,29.71259268561561,0.3594830177333748,0.5038579062036486
E1,q2_x3_loro_hokkaido_iburi_tobu_seed42,pooled_loro,intervention,42,1120,na,hokkaido_iburi_tobu,Hokkaido0984,0.5,272,37,2107,13968,50.0,0.27378946796344356,0.36718301778512763
E1,q2_x3_loro_hokkaido_iburi_tobu_seed42,pooled_loro,intervention,42,1120,na,hokkaido_iburi_tobu,Hokkaido0985,0.5,321,56,3479,12528,53.150729063673246,0.2652360655556038,0.39997703312055644
E1,q2_x3_loro_hokkaido_iburi_tobu_seed42,pooled_loro,intervention,42,1120,na,hokkaido_iburi_tobu,Hokkaido0986,0.5,264,27,4989,11104,59.49451640561365,0.1373142268176479,0.24323769244789614
E1,q2_x3_loro_hokkaido_iburi_tobu_seed42,pooled_loro,intervention,42,1120,na,hokkaido_iburi_tobu,Hokkaido0987,0.5,139,23,3428,12794,49.64926983535138,0.10770871419854385,0.17237798546194008
E1,q2_x3_loro_hokkaido_iburi_tobu_seed42,pooled_loro,intervention,42,1120,na,hokkaido_iburi_tobu,Hokkaido0988,0.5,301,57,1944,14082,28.460498941515414,0.3374159435708308,0.45767659077606265
E1,q2_x3_loro_hokkaido_iburi_tobu_seed42,pooled_loro,intervention,42,1120,na,hokkaido_iburi_tobu,Hokkaido0989,0.5,254,68,1477,14585,43.64916472698071,0.4115362799420723,0.5267791636092966
E1,q2_x3_loro_hokkaido_iburi_tobu_seed42,pooled_loro,intervention,42,1120,na,hokkaido_iburi_tobu,Hokkaido0990,0.5,291,73,2472,13548,43.382023926967726,0.38875545482190504,0.5324123273109802
E1,q2_x3_loro_hokkaido_iburi_tobu_seed42,pooled_loro,intervention,42,1120,na,hokkaido_iburi_tobu,Hokkaido0991,0.5,425,57,3161,12741,23.69068542128226,0.37156872977735894,0.5325626204235013
E1,q2_x3_loro_hokkaido_iburi_tobu_seed42,pooled_loro,intervention,42,1120,na,hokkaido_iburi_tobu,Hokkaido0992,0.5,233,28,1473,14650,42.2965719651132,0.36781784841041965,0.537484340612438
E1,q2_x3_loro_hokkaido_iburi_tobu_seed42,pooled_loro,intervention,42,1120,na,hokkaido_iburi_tobu,Hokkaido0993,0.5,47,6,315,16016,103.90788566552506,0.4317460317456932,0.5845272206299588
E1,q2_x3_loro_hokkaido_iburi_tobu_seed42,pooled_loro,intervention,42,1120,na,hokkaido_iburi_tobu,Hokkaido0994,0.5,0,0,83,16301,181.01933598375618,0.0,0.0
E1,q2_x3_loro_hokkaido_iburi_tobu_seed42,pooled_loro,intervention,42,1120,na,hokkaido_iburi_tobu,Hokkaido0995,0.5,0,0,122,16262,181.01933598375618,0.0,0.0
E1,q2_x3_loro_hokkaido_iburi_tobu_seed42,pooled_loro,intervention,42,1120,na,hokkaido_iburi_tobu,Hokkaido0996,0.5,7,1,106,16270,124.23605160483521,0.24074074074052898,0.46774193548351256
E1,q2_x3_loro_hokkaido_iburi_tobu_seed42,pooled_loro,intervention,42,1120,na,hokkaido_iburi_tobu,Hokkaido0997,0.5,5,1,58,16320,44.56742877935388,0.33333333333305554,0.6666666666662222
E1,q2_x3_loro_hokkaido_iburi_tobu_seed42,pooled_loro,intervention,42,1120,na,hokkaido_iburi_tobu,Hokkaido0998,0.5,0,0,19,16365,181.01933598375618,0.0,0.0
E1,q2_x3_loro_hokkaido_iburi_tobu_seed42,pooled_loro,intervention,42,1120,na,hokkaido_iburi_tobu,Hokkaido1001,0.5,64,50,82,16188,17.510894489643263,0.5040871934600124,0.8749999999995078
E1,q2_x3_loro_hokkaido_iburi_tobu_seed42,pooled_loro,intervention,42,1120,na,hokkaido_iburi_tobu,Hokkaido1002,0.5,120,57,190,16017,94.0,0.5773435682712239,0.7768595041317562
E1,q2_x3_loro_hokkaido_iburi_tobu_seed42,pooled_loro,intervention,42,1120,na,hokkaido_iburi_tobu,Hokkaido1003,0.5,460,62,1706,14156,24.166091947189145,0.4181271059384066,0.5832939541344004
E1,q2_x3_loro_hokkaido_iburi_tobu_seed42,pooled_loro,intervention,42,1120,na,hokkaido_iburi_tobu,Hokkaido1004,0.5,2058,258,5056,9012,26.076809620810597,0.3805688426182658,0.5635983528513675
E1,q2_x3_loro_hokkaido_iburi_tobu_seed42,pooled_loro,intervention,42,1120,na,hokkaido_iburi_tobu,Hokkaido1005,0.5,1071,125,8536,6652,28.160255680657446,0.21800192577676686,0.3423777544738626
E1,q2_x3_loro_hokkaido_iburi_tobu_seed42,pooled_loro,intervention,42,1120,na,hokkaido_iburi_tobu,Hokkaido1006,0.5,674,113,6714,8883,34.55998472057041,0.15883549556378238,0.26804027661616703
E1,q2_x3_loro_hokkaido_iburi_tobu_seed42,pooled_loro,intervention,42,1120,na,hokkaido_iburi_tobu,Hokkaido1007,0.5,1844,215,5355,8970,24.0,0.3787306630004431,0.5556982483339223
E1,q2_x3_loro_hokkaido_iburi_tobu_seed42,pooled_loro,intervention,42,1120,na,hokkaido_iburi_tobu,Hokkaido1008,0.5,1656,189,6301,8238,28.115796687946922,0.2730239566146547,0.42030528612393453
E1,q2_x3_loro_hokkaido_iburi_tobu_seed42,pooled_loro,intervention,42,1120,na,hokkaido_iburi_tobu,Hokkaido1009,0.5,952,138,5211,10083,25.632011235952593,0.24312505677536994,0.3892444611889482
E1,q2_x3_loro_hokkaido_iburi_tobu_seed42,pooled_loro,intervention,42,1120,na,hokkaido_iburi_tobu,Hokkaido1010,0.5,995,193,3514,11682,22.360679774997898,0.41713108901451684,0.5633527323187139
E1,q2_x3_loro_hokkaido_iburi_tobu_seed42,pooled_loro,intervention,42,1120,na,hokkaido_iburi_tobu,Hokkaido1011,0.5,787,104,2602,12891,24.3854272730044,0.43125830433140105,0.5454627282133411
E1,q2_x3_loro_hokkaido_iburi_tobu_seed42,pooled_loro,intervention,42,1120,na,hokkaido_iburi_tobu,Hokkaido1012,0.5,326,61,2063,13934,62.80127387243033,0.2426084406406651,0.3786821376118097
E1,q2_x3_loro_hokkaido_iburi_tobu_seed42,pooled_loro,intervention,42,1120,na,hokkaido_iburi_tobu,Hokkaido1013,0.5,22,4,1466,14892,78.56271169144816,0.09969481180051565,0.15960591132990237
E1,q2_x3_loro_hokkaido_iburi_tobu_seed42,pooled_loro,intervention,42,1120,na,hokkaido_iburi_tobu,Hokkaido1014,0.5,44,4,809,15527,22.825424421026653,0.2821895645137033,0.49931787175951614
E1,q2_x3_loro_hokkaido_iburi_tobu_seed42,pooled_loro,intervention,42,1120,na,hokkaido_iburi_tobu,Hokkaido1015,0.5,188,4,822,15370,51.71265452704426,0.28000221520711577,0.42833550630126827
E1,q2_x3_loro_hokkaido_iburi_tobu_seed42,pooled_loro,intervention,42,1120,na,hokkaido_iburi_tobu,Hokkaido1016,0.5,288,20,1792,14284,35.15099977785167,0.2880909760974381,0.44280722637091424
E1,q2_x3_loro_hokkaido_iburi_tobu_seed42,pooled_loro,intervention,42,1120,na,hokkaido_iburi_tobu,Hokkaido1017,0.5,349,56,2789,13190,21.93285150949325,0.3581531600460361,0.5185185185181344
E1,q2_x3_loro_hokkaido_iburi_tobu_seed42,pooled_loro,intervention,42,1120,na,hokkaido_iburi_tobu,Hokkaido1018,0.5,447,95,2769,13073,22.43191479278375,0.384753509209004,0.5556445156120887
E1,q2_x3_loro_hokkaido_iburi_tobu_seed42,pooled_loro,intervention,42,1120,na,hokkaido_iburi_tobu,Hokkaido1019,0.5,318,114,2949,13003,62.80127387243033,0.2847509210942639,0.4530656033923789
E1,q2_x3_loro_hokkaido_iburi_tobu_seed42,pooled_loro,intervention,42,1120,na,hokkaido_iburi_tobu,Hokkaido1020,0.5,178,62,2759,13385,43.86621146446474,0.2221382575388283,0.37875539187215346
E1,q2_x3_loro_hokkaido_iburi_tobu_seed42,pooled_loro,intervention,42,1120,na,hokkaido_iburi_tobu,Hokkaido1021,0.5,81,11,2195,14097,51.83819677442751,0.17471872931816082,0.331707317072894
E1,q2_x3_loro_hokkaido_iburi_tobu_seed42,pooled_loro,intervention,42,1120,na,hokkaido_iburi_tobu,Hokkaido1022,0.5,247,38,2364,13735,57.25013142173278,0.24942726231359158,0.4141838833616471
E1,q2_x3_loro_hokkaido_iburi_tobu_seed42,pooled_loro,intervention,42,1120,na,hokkaido_iburi_tobu,Hokkaido1023,0.5,424,92,1957,13911,24.698178070456937,0.41653518460043526,0.5808300503630136
E1,q2_x3_loro_hokkaido_iburi_tobu_seed42,pooled_loro,intervention,42,1120,na,hokkaido_iburi_tobu,Hokkaido1024,0.5,222,28,1479,14655,43.124738963520535,0.3231517267170866,0.47530864197494627
E1,q2_x3_loro_hokkaido_iburi_tobu_seed42,pooled_loro,intervention,42,1120,na,hokkaido_iburi_tobu,Hokkaido1025,0.5,331,49,1675,14329,50.53711507397311,0.3319887577905833,0.4326059050060794
E1,q2_x3_loro_hokkaido_iburi_tobu_seed42,pooled_loro,intervention,42,1120,na,hokkaido_iburi_tobu,Hokkaido1026,0.5,62,11,3091,13220,63.57200571758928,0.09161633244735676,0.19493392070466986
E1,q2_x3_loro_hokkaido_iburi_tobu_seed42,pooled_loro,intervention,42,1120,na,hokkaido_iburi_tobu,Hokkaido1027,0.5,92,28,3531,12733,64.39953209445508,0.11689980722641512,0.17305699481849476
E1,q2_x3_loro_hokkaido_iburi_tobu_seed42,pooled_loro,intervention,42,1120,na,hokkaido_iburi_tobu,Hokkaido1028,0.5,215,10,2109,14050,61.44575999650831,0.248445765279285,0.3248199083166893
E1,q2_x3_loro_hokkaido_iburi_tobu_seed42,pooled_loro,intervention,42,1120,na,hokkaido_iburi_tobu,Hokkaido1029,0.5,186,29,1194,14975,38.16409172708872,0.3842227041784018,0.5459317585297868
E1,q2_x3_loro_hokkaido_iburi_tobu_seed42,pooled_loro,intervention,42,1120,na,hokkaido_iburi_tobu,Hokkaido1030,0.5,85,15,1001,15283,69.12037357271889,0.3011696804098905,0.4001856226793937
E1,q2_x3_loro_hokkaido_iburi_tobu_seed42,pooled_loro,intervention,42,1120,na,hokkaido_iburi_tobu,Hokkaido1031,0.5,75,12,1642,14655,37.73592452822641,0.22291021671806815,0.32977691561563144
E1,q2_x3_loro_hokkaido_iburi_tobu_seed42,pooled_loro,intervention,42,1120,na,hokkaido_iburi_tobu,Hokkaido1032,0.5,200,29,2415,13740,28.690493416480823,0.2855492817167069,0.43027475375808627
E1,q2_x3_loro_hokkaido_iburi_tobu_seed42,pooled_loro,intervention,42,1120,na,hokkaido_iburi_tobu,Hokkaido1033,0.5,277,44,1582,14481,43.85448848585863,0.4318895459818923,0.6083001705510264
E1,q2_x3_loro_hokkaido_iburi_tobu_seed42,pooled_loro,intervention,42,1120,na,hokkaido_iburi_tobu,Hokkaido1034,0.5,105,12,666,15601,52.35062588578111,0.40558810274865786,0.5652173913039422
E1,q2_x3_loro_hokkaido_iburi_tobu_seed42,pooled_loro,intervention,42,1120,na,hokkaido_iburi_tobu,Hokkaido1035,0.5,4,0,283,16097,66.69229087847943,0.16129032258049686,0.2528735632181699
E1,q2_x3_loro_hokkaido_iburi_tobu_seed42,pooled_loro,intervention,42,1120,na,hokkaido_iburi_tobu,Hokkaido1036,0.5,13,0,128,16243,53.08483775994799,0.42857142857109176,0.5243902439020521
E1,q2_x3_loro_hokkaido_iburi_tobu_seed42,pooled_loro,intervention,42,1120,na,hokkaido_iburi_tobu,Hokkaido1037,0.5,7,615,97,15665,63.82682408221522,0.0707723715546009,0.08085032235560649
E1,q2_x3_loro_hokkaido_iburi_tobu_seed42,pooled_loro,intervention,42,1120,na,hokkaido_iburi_tobu,Hokkaido1038,0.5,47,129,200,16008,39.86529190418632,0.45350449293917855,0.6021268215828037
E1,q2_x3_loro_hokkaido_iburi_tobu_seed42,pooled_loro,intervention,42,1120,na,hokkaido_iburi_tobu,Hokkaido1039,0.5,0,0,206,16178,181.01933598375618,0.0,0.0
E1,q2_x3_loro_hokkaido_iburi_tobu_seed42,pooled_loro,intervention,42,1120,na,hokkaido_iburi_tobu,Hokkaido1040,0.5,0,0,188,16196,181.01933598375618,0.0,0.0
E1,q2_x3_loro_hokkaido_iburi_tobu_seed42,pooled_loro,intervention,42,1120,na,hokkaido_iburi_tobu,Hokkaido1041,0.5,0,0,102,16282,181.01933598375618,0.0,0.0
E1,q2_x3_loro_hokkaido_iburi_tobu_seed42,pooled_loro,intervention,42,1120,na,hokkaido_iburi_tobu,Hokkaido1042,0.5,0,0,167,16217,181.01933598375618,0.0,0.0
E1,q2_x3_loro_hokkaido_iburi_tobu_seed42,pooled_loro,intervention,42,1120,na,hokkaido_iburi_tobu,Hokkaido1043,0.5,0,0,111,16273,181.01933598375618,0.0,0.0
E1,q2_x3_loro_hokkaido_iburi_tobu_seed42,pooled_loro,intervention,42,1120,na,hokkaido_iburi_tobu,Hokkaido1044,0.5,0,0,46,16338,181.01933598375618,0.0,0.0
E1,q2_x3_loro_hokkaido_iburi_tobu_seed42,pooled_loro,intervention,42,1120,na,hokkaido_iburi_tobu,Hokkaido1045,0.5,2,0,141,16241,49.716375448279074,0.022727272727228305,0.27999999999975916
E1,q2_x3_loro_hokkaido_iburi_tobu_seed42,pooled_loro,intervention,42,1120,na,hokkaido_iburi_tobu,Hokkaido1046,0.5,2,0,148,16234,125.03998401278722,0.02105263157890615,0.26168224299042675
E1,q2_x3_loro_hokkaido_iburi_tobu_seed42,pooled_loro,intervention,42,1120,na,hokkaido_iburi_tobu,Hokkaido1047,0.5,51,34,95,16204,19.401702758882728,0.6158357771256353,0.8749999999995078
E1,q2_x3_loro_hokkaido_iburi_tobu_seed42,pooled_loro,intervention,42,1120,na,hokkaido_iburi_tobu,Hokkaido1048,0.5,103,43,694,15544,40.34599712130262,0.2552327325592281,0.3840830449823886
E1,q2_x3_loro_hokkaido_iburi_tobu_seed42,pooled_loro,intervention,42,1120,na,hokkaido_iburi_tobu,Hokkaido1049,0.5,285,42,2790,13267,23.36658415871669,0.24997720226127987,0.3874502577399356
E1,q2_x3_loro_hokkaido_iburi_tobu_seed42,pooled_loro,intervention,42,1120,na,hokkaido_iburi_tobu,Hokkaido1050,0.5,1325,134,6011,8914,50.58655561730105,0.24075448042152947,0.39331990043145376
E1,q2_x3_loro_hokkaido_iburi_tobu_seed42,pooled_loro,intervention,42,1120,na,hokkaido_iburi_tobu,Hokkaido1051,0.5,547,76,8256,7505,29.188172242442562,0.17461566632100892,0.2876836496401345
E1,q2_x3_loro_hokkaido_iburi_tobu_seed42,pooled_loro,intervention,42,1120,na,hokkaido_iburi_tobu,Hokkaido1052,0.5,506,137,5720,10021,34.80013760729151,0.17198694941108428,0.30524772720620574
E1,q2_x3_loro_hokkaido_iburi_tobu_seed42,pooled_loro,intervention,42,1120,na,hokkaido_iburi_tobu,Hokkaido1053,0.5,777,74,4716,10817,39.05124837953327,0.26781715874511386,0.3886375014252063
E1,q2_x3_loro_hokkaido_iburi_tobu_seed42,pooled_loro,intervention,42,1120,na,hokkaido_iburi_tobu,Hokkaido1054,0.5,881,47,5932,9524,38.01907155200408,0.19441016889039683,0.30389373795900626
E1,q2_x3_loro_hokkaido_iburi_tobu_seed42,pooled_loro,intervention,42,1120,na,hokkaido_iburi_tobu,Hokkaido1055,0.5,426,20,5658,10280,59.708422757660415,0.10655496285614646,0.18246513535667178
E1,q2_x3_loro_hokkaido_iburi_tobu_seed42,pooled_loro,intervention,42,1120,na,hokkaido_iburi_tobu,Hokkaido1056,0.5,664,78,3708,11934,54.60768869540769,0.3236771754173005,0.4130948363142183
E1,q2_x3_loro_hokkaido_iburi_tobu_seed42,pooled_loro,intervention,42,1120,na,hokkaido_iburi_tobu,Hokkaido1057,0.5,603,94,1649,14038,36.50750239776843,0.4850990872872014,0.5885031303353843
E1,q2_x3_loro_hokkaido_iburi_tobu_seed42,pooled_loro,intervention,42,1120,na,hokkaido_iburi_tobu,Hokkaido1058,0.5,56,1,564,15763,101.03420995647623,0.18052869116682058,0.2559652928414254
E1,q2_x3_loro_hokkaido_iburi_tobu_seed42,pooled_loro,intervention,42,1120,na,hokkaido_iburi_tobu,Hokkaido1059,0.5,5,2,645,15732,81.47268533811358,0.08189655172405938,0.21285140562229976
E1,q2_x3_loro_hokkaido_iburi_tobu_seed42,pooled_loro,intervention,42,1120,na,hokkaido_iburi_tobu,Hokkaido1060,0.5,24,4,329,16027,86.03632832143309,0.29411764705857263,0.45847176079698876
E1,q2_x3_loro_hokkaido_iburi_tobu_seed42,pooled_loro,intervention,42,1120,na,hokkaido_iburi_tobu,Hokkaido1061,0.5,3,0,152,16229,67.0656274241611,0.0,0.06451612903216597
E1,q2_x3_loro_hokkaido_iburi_tobu_seed42,pooled_loro,intervention,42,1120,na,hokkaido_iburi_tobu,Hokkaido1062,0.5,17,0,547,15820,50.85360598489113,0.20329670329652066,0.35678391959769673
E1,q2_x3_loro_hokkaido_iburi_tobu_seed42,pooled_loro,intervention,42,1120,na,hokkaido_iburi_tobu,Hokkaido1063,0.5,136,21,1331,14896,50.84268127923708,0.35061826298907633,0.5555555555551543
E1,q2_x3_loro_hokkaido_iburi_tobu_seed42,pooled_loro,intervention,42,1120,na,hokkaido_iburi_tobu,Hokkaido1064,0.5,151,26,1954,14253,35.87930596331417,0.24925570254939647,0.4151453684918955
E1,q2_x3_loro_hokkaido_iburi_tobu_seed42,pooled_loro,intervention,42,1120,na,hokkaido_iburi_tobu,Hokkaido1065,0.5,132,4,2029,14219,45.481313319268246,0.20487003894993736,0.3258278145692637
E1,q2_x3_loro_hokkaido_iburi_tobu_seed42,pooled_loro,intervention,42,1120,na,hokkaido_iburi_tobu,Hokkaido1066,0.5,136,39,1832,14377,39.61817635914365,0.27151335311549235,0.41926729986398337
E1,q2_x3_loro_hokkaido_iburi_tobu_seed42,pooled_loro,intervention,42,1120,na,hokkaido_iburi_tobu,Hokkaido1067,0.5,30,4,1552,14798,78.33453785048735,0.09117938553014092,0.1709401709400146
E1,q2_x3_loro_hokkaido_iburi_tobu_seed42,pooled_loro,intervention,42,1120,na,hokkaido_iburi_tobu,Hokkaido1068,0.5,154,34,1416,14780,21.998839544639456,0.3142868033846032,0.4740807088814141
E1,q2_x3_loro_hokkaido_iburi_tobu_seed42,pooled_loro,intervention,42,1120,na,hokkaido_iburi_tobu,Hokkaido1069,0.5,146,20,1407,14811,49.26709907877052,0.23470622014220524,0.3696594618525918
E1,q2_x3_loro_hokkaido_iburi_tobu_seed42,pooled_loro,intervention,42,1120,na,hokkaido_iburi_tobu,Hokkaido1070,0.5,98,15,1632,14639,30.655321745656128,0.2145896281677631,0.39282803585950504
E1,q2_x3_loro_hokkaido_iburi_tobu_seed42,pooled_loro,intervention,42,1120,na,hokkaido_iburi_tobu,Hokkaido1071,0.5,62,9,1641,14672,46.67975883901357,0.14584346135134338,0.2534435261705776
E1,q2_x3_loro_hokkaido_iburi_tobu_seed42,pooled_loro,intervention,42,1120,na,hokkaido_iburi_tobu,Hokkaido1072,0.5,157,10,1141,15076,38.07886552931954,0.27231144541548713,0.41065482796859704
E1,q2_x3_loro_hokkaido_iburi_tobu_seed42,pooled_loro,intervention,42,1120,na,hokkaido_iburi_tobu,Hokkaido1073,0.5,71,2,1249,15062,75.22165816407336,0.18986229123916967,0.3195530726254298
E1,q2_x3_loro_hokkaido_iburi_tobu_seed42,pooled_loro,intervention,42,1120,na,hokkaido_iburi_tobu,Hokkaido1074,0.5,239,38,885,15222,33.24154027718932,0.46695004977602034,0.5688456782222596
E1,q2_x3_loro_hokkaido_iburi_tobu_seed42,pooled_loro,intervention,42,1120,na,hokkaido_iburi_tobu,Hokkaido1075,0.5,164,19,452,15749,46.78776445633921,0.5367863449083671,0.6445182724248122
E1,q2_x3_loro_hokkaido_iburi_tobu_seed42,pooled_loro,intervention,42,1120,na,hokkaido_iburi_tobu,Hokkaido1076,0.5,4,1,251,16128,112.3076048070774,0.21649484536063165,0.3831775700931482
E1,q2_x3_loro_hokkaido_iburi_tobu_seed42,pooled_loro,intervention,42,1120,na,hokkaido_iburi_tobu,Hokkaido1077,0.5,56,1,832,15495,43.85658231946255,0.3415992573926314,0.5337726523884061
E1,q2_x3_loro_hokkaido_iburi_tobu_seed42,pooled_loro,intervention,42,1120,na,hokkaido_iburi_tobu,Hokkaido1078,0.5,95,15,1197,15077,42.04759208325728,0.3645918123051795,0.5229279653246327
E1,q2_x3_loro_hokkaido_iburi_tobu_seed42,pooled_loro,intervention,42,1120,na,hokkaido_iburi_tobu,Hokkaido1079,0.5,126,29,890,15339,39.83024342980981,0.4058198977582148,0.6288209606982571
E1,q2_x3_loro_hokkaido_iburi_tobu_seed42,pooled_loro,intervention,42,1120,na,hokkaido_iburi_tobu,Hokkaido1080,0.5,79,10,736,15559,32.50986966581183,0.30967767751715736,0.5736509479820778
E1,q2_x3_loro_hokkaido_iburi_tobu_seed42,pooled_loro,intervention,42,1120,na,hokkaido_iburi_tobu,Hokkaido1081,0.5,15,1,294,16074,53.990680276155146,0.24285714285692947,0.38157894736811226
E1,q2_x3_loro_hokkaido_iburi_tobu_seed42,pooled_loro,intervention,42,1120,na,hokkaido_iburi_tobu,Hokkaido1082,0.5,4,0,54,16326,13.25674113235414,0.6486486486482104,0.8636363636358729
E1,q2_x3_loro_hokkaido_iburi_tobu_seed42,pooled_loro,intervention,42,1120,na,hokkaido_iburi_tobu,Hokkaido1083,0.5,0,0,30,16354,181.01933598375618,0.0,0.0
E1,q2_x3_loro_hokkaido_iburi_tobu_seed42,pooled_loro,intervention,42,1120,na,hokkaido_iburi_tobu,Hokkaido1084,0.5,98,650,86,15550,43.184879728221716,0.11976047904144632,0.2334305960812757
E1,q2_x3_loro_hokkaido_iburi_tobu_seed42,pooled_loro,intervention,42,1120,na,hokkaido_iburi_tobu,Hokkaido1085,0.5,0,0,187,16197,181.01933598375618,0.0,0.0
E1,q2_x3_loro_hokkaido_iburi_tobu_seed42,pooled_loro,intervention,42,1120,na,hokkaido_iburi_tobu,Hokkaido1086,0.5,0,0,169,16215,181.01933598375618,0.0,0.0
E1,q2_x3_loro_hokkaido_iburi_tobu_seed42,pooled_loro,intervention,42,1120,na,hokkaido_iburi_tobu,Hokkaido1087,0.5,0,0,116,16268,181.01933598375618,0.0,0.0
E1,q2_x3_loro_hokkaido_iburi_tobu_seed42,pooled_loro,intervention,42,1120,na,hokkaido_iburi_tobu,Hokkaido1088,0.5,2,72,372,15938,46.236889872565165,0.03662258392625486,0.0487144790252681
E1,q2_x3_loro_hokkaido_iburi_tobu_seed42,pooled_loro,intervention,42,1120,na,hokkaido_iburi_tobu,Hokkaido1089,0.5,0,65,553,15766,77.16078681500063,0.0,0.0
E1,q2_x3_loro_hokkaido_iburi_tobu_seed42,pooled_loro,intervention,42,1120,na,hokkaido_iburi_tobu,Hokkaido1090,0.5,0,566,372,15446,49.84504442188312,0.0,0.018390804597263003
E1,q2_x3_loro_hokkaido_iburi_tobu_seed42,pooled_loro,intervention,42,1120,na,hokkaido_iburi_tobu,Hokkaido1091,0.5,0,0,123,16261,181.01933598375618,0.0,0.0
E1,q2_x3_loro_hokkaido_iburi_tobu_seed42,pooled_loro,intervention,42,1120,na,hokkaido_iburi_tobu,Hokkaido1092,0.5,0,4,46,16334,62.03426410379683,0.0,0.0
E1,q2_x3_loro_hokkaido_iburi_tobu_seed42,pooled_loro,intervention,42,1120,na,hokkaido_iburi_tobu,Hokkaido1093,0.5,1,158,165,16060,40.63300255963803,0.0,0.026548672566174915
E1,q2_x3_loro_hokkaido_iburi_tobu_seed42,pooled_loro,intervention,42,1120,na,hokkaido_iburi_tobu,Hokkaido1094,0.5,40,510,248,15586,59.18830780441193,0.17123567921390415,0.21528174182450244
E1,q2_x3_loro_hokkaido_iburi_tobu_seed42,pooled_loro,intervention,42,1120,na,hokkaido_iburi_tobu,Hokkaido1095,0.5,0,8,122,16254,57.144392610717816,0.0,0.0
E1,q2_x3_loro_hokkaido_iburi_tobu_seed42,pooled_loro,intervention,42,1120,na,hokkaido_iburi_tobu,Hokkaido1096,0.5,0,80,525,15779,75.97594805819186,0.0,0.0
E1,q2_x3_loro_hokkaido_iburi_tobu_seed42,pooled_loro,intervention,42,1120,na,hokkaido_iburi_tobu,Hokkaido1097,0.5,14,26,1747,14597,50.513329995628155,0.03469923524703889,0.07146748011750455
E1,q2_x3_loro_hokkaido_iburi_tobu_seed42,pooled_loro,intervention,42,1120,na,hokkaido_iburi_tobu,Hokkaido1098,0.5,407,24,3890,12063,41.350964623199566,0.130052406953926,0.23218365609141084
E1,q2_x3_loro_hokkaido_iburi_tobu_seed42,pooled_loro,intervention,42,1120,na,hokkaido_iburi_tobu,Hokkaido1099,0.5,335,11,5848,10190,61.10236640036079,0.126191241383208,0.2176019524400562
E1,q2_x3_loro_hokkaido_iburi_tobu_seed42,pooled_loro,intervention,42,1120,na,hokkaido_iburi_tobu,Hokkaido1100,0.5,73,9,5780,10522,80.22250253805511,0.05226914461124605,0.10654903291472775
E1,q2_x3_loro_hokkaido_iburi_tobu_seed42,pooled_loro,intervention,42,1120,na,hokkaido_iburi_tobu,Hokkaido1101,0.5,42,0,4928,11414,86.20933823201689,0.025682182985512912,0.050271197041043124
E1,q2_x3_loro_hokkaido_iburi_tobu_seed42,pooled_loro,intervention,42,1120,na,hokkaido_iburi_tobu,Hokkaido1102,0.5,75,2,4357,11950,59.06945006695407,0.08456591206322715,0.15378186376918523
E1,q2_x3_loro_hokkaido_iburi_tobu_seed42,pooled_loro,intervention,42,1120,na,hokkaido_iburi_tobu,Hokkaido1103,0.5,277,15,4262,11830,40.14845334967968,0.15163568214688594,0.26740051808468074
E1,q2_x3_loro_hokkaido_iburi_tobu_seed42,pooled_loro,intervention,42,1120,na,hokkaido_iburi_tobu,Hokkaido1104,0.5,304,53,4075,11952,35.805027579936315,0.1950227194832909,0.3070624360283993
E1,q2_x3_loro_hokkaido_iburi_tobu_seed42,pooled_loro,intervention,42,1120,na,hokkaido_iburi_tobu,Hokkaido1105,0.5,265,32,2040,14047,57.290486430918286,0.25877430265218077,0.32990844868545055
E1,q2_x3_loro_hokkaido_iburi_tobu_seed42,pooled_loro,intervention,42,1120,na,hokkaido_iburi_tobu,Hokkaido1106,0.5,55,7,217,16105,63.70022453050872,0.2879103282623295,0.33494266747102613
E1,q2_x3_loro_hokkaido_iburi_tobu_seed42,pooled_loro,intervention,42,1120,na,hokkaido_iburi_tobu,Hokkaido1108,0.5,2,133,56,16193,44.544283758076546,0.03686635944668683,0.04218600191739424
E1,q2_x3_loro_hokkaido_iburi_tobu_seed42,pooled_loro,intervention,42,1120,na,hokkaido_iburi_tobu,Hokkaido1109,0.5,16,1,499,15868,52.1622460122337,0.23234323432321594,0.4558139534880201
E1,q2_x3_loro_hokkaido_iburi_tobu_seed42,pooled_loro,intervention,42,1120,na,hokkaido_iburi_tobu,Hokkaido1110,0.5,146,5,1280,14953,60.60172960672194,0.3131280388976089,0.39733201036294363
E1,q2_x3_loro_hokkaido_iburi_tobu_seed42,pooled_loro,intervention,42,1120,na,hokkaido_iburi_tobu,Hokkaido1111,0.5,97,39,2200,14048,53.48223347002733,0.16812160752235789,0.24546471475096918
E1,q2_x3_loro_hokkaido_iburi_tobu_seed42,pooled_loro,intervention,42,1120,na,hokkaido_iburi_tobu,Hokkaido1112,0.5,31,352,2091,13910,58.666768310977396,0.05895404120421789,0.11681268251947294
E1,q2_x3_loro_hokkaido_iburi_tobu_seed42,pooled_loro,intervention,42,1120,na,hokkaido_iburi_tobu,Hokkaido1113,0.5,32,33,1155,15164,81.05245162455586,0.08962436845559801,0.15061005907341748
E1,q2_x3_loro_hokkaido_iburi_tobu_seed42,pooled_loro,intervention,42,1120,na,hokkaido_iburi_tobu,Hokkaido1114,0.5,82,35,838,15429,80.0328046308531,0.15531734402692454,0.24854909850627221
E1,q2_x3_loro_hokkaido_iburi_tobu_seed42,pooled_loro,intervention,42,1120,na,hokkaido_iburi_tobu,Hokkaido1115,0.5,112,13,1256,15003,72.40157331688718,0.2184750529974275,0.31620517476141485
E1,q2_x3_loro_hokkaido_iburi_tobu_seed42,pooled_loro,intervention,42,1120,na,hokkaido_iburi_tobu,Hokkaido1116,0.5,147,41,1870,14326,62.24146527838174,0.24703711810853862,0.3666910153393645
E1,q2_x3_loro_hokkaido_iburi_tobu_seed42,pooled_loro,intervention,42,1120,na,hokkaido_iburi_tobu,Hokkaido1117,0.5,27,0,1271,15086,99.91788808991747,0.06647398843924208,0.13908205841433513
E1,q2_x3_loro_hokkaido_iburi_tobu_seed42,pooled_loro,intervention,42,1120,na,hokkaido_iburi_tobu,Hokkaido1118,0.5,6,40,778,15560,58.242595994763875,0.06254071661203009,0.08435852372541297
E1,q2_x3_loro_hokkaido_iburi_tobu_seed42,pooled_loro,intervention,42,1120,na,hokkaido_iburi_tobu,Hokkaido1119,0.5,25,0,732,15627,72.58366468464516,0.1435270132516396,0.2052401746723049
E1,q2_x3_loro_hokkaido_iburi_tobu_seed42,pooled_loro,intervention,42,1120,na,hokkaido_iburi_tobu,Hokkaido1120,0.5,12,0,139,16233,56.38615915034442,0.33333333333305554,0.43023255813919714
E1,q2_x3_loro_hokkaido_iburi_tobu_seed42,pooled_loro,intervention,42,1120,na,hokkaido_iburi_tobu,Hokkaido1121,0.5,14,1,74,16295,100.67593444639822,0.5185185185181344,0.6324786324782
E1,q2_x3_loro_hokkaido_iburi_tobu_seed42,pooled_loro,intervention,42,1120,na,hokkaido_iburi_tobu,Hokkaido1122,0.5,16,0,79,16289,67.41209671707438,0.5904761904757743,0.7967479674791954
E1,q2_x3_loro_hokkaido_iburi_tobu_seed42,pooled_loro,intervention,42,1120,na,hokkaido_iburi_tobu,Hokkaido1123,0.5,115,26,165,16078,29.92264431276347,0.71218206157918,0.8620689655167508
E1,q2_x3_loro_hokkaido_iburi_tobu_seed42,pooled_loro,intervention,42,1120,na,hokkaido_iburi_tobu,Hokkaido1124,0.5,28,3,359,15994,96.14727928019195,0.3159128978221611,0.4544378698221238
E1,q2_x3_loro_hokkaido_iburi_tobu_seed42,pooled_loro,intervention,42,1120,na,hokkaido_iburi_tobu,Hokkaido1125,0.5,35,0,652,15697,38.571922152971055,0.3025867690744062,0.569852941176063
E1,q2_x3_loro_hokkaido_iburi_tobu_seed42,pooled_loro,intervention,42,1120,na,hokkaido_iburi_tobu,Hokkaido1126,0.5,59,0,1450,14875,57.46823691409824,0.1902604756509918,0.37305699481834936
E1,q2_x3_loro_hokkaido_iburi_tobu_seed42,pooled_loro,intervention,42,1120,na,hokkaido_iburi_tobu,Hokkaido1127,0.5,52,3,1104,15225,35.44573137505824,0.14657365613441126,0.31778425655949943
E1,q2_x3_loro_hokkaido_iburi_tobu_seed42,pooled_loro,intervention,42,1120,na,hokkaido_iburi_tobu,Hokkaido1128,0.5,0,0,194,16190,181.01933598375618,0.0,0.0
E1,q2_x3_loro_hokkaido_iburi_tobu_seed42,pooled_loro,intervention,42,1120,na,hokkaido_iburi_tobu,Hokkaido1129,0.5,0,0,19,16365,181.01933598375618,0.0,0.0
E1,q2_x3_loro_hokkaido_iburi_tobu_seed42,pooled_loro,intervention,42,1120,na,hokkaido_iburi_tobu,Hokkaido1132,0.5,1,2,441,15940,73.15872764915909,0.037499999999893834,0.09142857142833477
E1,q2_x3_loro_hokkaido_iburi_tobu_seed42,pooled_loro,intervention,42,1120,na,hokkaido_iburi_tobu,Hokkaido1133,0.5,20,138,451,15775,61.107673130925555,0.1370047011412884,0.23923030250456057
E1,q2_x3_loro_hokkaido_iburi_tobu_seed42,pooled_loro,intervention,42,1120,na,hokkaido_iburi_tobu,Hokkaido1134,0.5,0,372,211,15801,53.581416899521464,0.0,0.0
E1,q2_x3_loro_hokkaido_iburi_tobu_seed42,pooled_loro,intervention,42,1120,na,hokkaido_iburi_tobu,Hokkaido1135,0.5,0,205,18,16161,42.87593336635935,0.0,0.0
E1,q2_x3_loro_hokkaido_iburi_tobu_seed42,pooled_loro,intervention,42,1120,na,hokkaido_iburi_tobu,Hokkaido1136,0.5,1,0,22,16361,3.8285325695433423,0.5263157894732964,0.9629629629624636
E1,q2_x3_loro_hokkaido_iburi_tobu_seed42,pooled_loro,intervention,42,1120,na,hokkaido_iburi_tobu,Hokkaido1137,0.5,0,195,145,16044,107.76362023358499,0.0,0.0
E1,q2_x3_loro_hokkaido_iburi_tobu_seed42,pooled_loro,intervention,42,1120,na,hokkaido_iburi_tobu,Hokkaido1138,0.5,0,198,122,16064,106.00471687618433,0.0,0.0
E1,q2_x3_loro_hokkaido_iburi_tobu_seed42,pooled_loro,intervention,42,1120,na,hokkaido_iburi_tobu,Hokkaido1139,0.5,0,0,113,16271,181.01933598375618,0.0,0.0
E1,q2_x3_loro_hokkaido_iburi_tobu_seed42,pooled_loro,intervention,42,1120,na,hokkaido_iburi_tobu,Hokkaido1140,0.5,0,0,900,15484,181.01933598375618,0.0,0.0
E1,q2_x3_loro_hokkaido_iburi_tobu_seed42,pooled_loro,intervention,42,1120,na,hokkaido_iburi_tobu,Hokkaido1141,0.5,0,0,2181,14203,181.01933598375618,0.0,0.0
E1,q2_x3_loro_hokkaido_iburi_tobu_seed42,pooled_loro,intervention,42,1120,na,hokkaido_iburi_tobu,Hokkaido1142,0.5,15,0,3706,12663,66.05868399669596,0.02117581499021672,0.04104270660007072
E1,q2_x3_loro_hokkaido_iburi_tobu_seed42,pooled_loro,intervention,42,1120,na,hokkaido_iburi_tobu,Hokkaido1143,0.5,121,16,4537,11710,62.27399030110746,0.04736282501523433,0.0801647496106365
E1,q2_x3_loro_hokkaido_iburi_tobu_seed42,pooled_loro,intervention,42,1120,na,hokkaido_iburi_tobu,Hokkaido1144,0.5,21,0,3058,13305,57.271284253105414,0.05036197670752186,0.08194132801453036
E1,q2_x3_loro_hokkaido_iburi_tobu_seed42,pooled_loro,intervention,42,1120,na,hokkaido_iburi_tobu,Hokkaido1145,0.5,184,27,1723,14450,50.33089348592226,0.2955760636992388,0.4258339247690047
E1,q2_x3_loro_hokkaido_iburi_tobu_seed42,pooled_loro,intervention,42,1120,na,hokkaido_iburi_tobu,Hokkaido1146,0.5,287,136,2387,13574,47.945270898965276,0.23309274981774264,0.3576674311332534
E1,q2_x3_loro_hokkaido_iburi_tobu_seed42,pooled_loro,intervention,42,1120,na,hokkaido_iburi_tobu,Hokkaido1147,0.5,69,80,1586,14649,56.00491032286898,0.1405376630288123,0.17505470459498096
E1,q2_x3_loro_hokkaido_iburi_tobu_seed42,pooled_loro,intervention,42,1120,na,hokkaido_iburi_tobu,Hokkaido1148,0.5,36,397,198,15753,81.34860785717112,0.20707506471045795,0.23824451410608566
E1,q2_x3_loro_hokkaido_iburi_tobu_seed42,pooled_loro,intervention,42,1120,na,hokkaido_iburi_tobu,Hokkaido1149,0.5,2,0,236,16146,70.56807030824177,0.09142857142848418,0.14444444444431043
E1,q2_x3_loro_hokkaido_iburi_tobu_seed42,pooled_loro,intervention,42,1120,na,hokkaido_iburi_tobu,Hokkaido1150,0.5,0,25,173,16186,75.75089592404183,0.0,0.0
E1,q2_x3_loro_hokkaido_iburi_tobu_seed42,pooled_loro,intervention,42,1120,na,hokkaido_iburi_tobu,Hokkaido1151,0.5,12,0,126,16246,107.15172789833525,0.15384615384589348,0.5168539325838863
E1,q2_x3_loro_hokkaido_iburi_tobu_seed42,pooled_loro,intervention,42,1120,na,hokkaido_iburi_tobu,Hokkaido1152,0.5,130,53,25,16176,34.72406797066822,0.7062841530049652,0.8870967741930547
E1,q2_x3_loro_hokkaido_iburi_tobu_seed42,pooled_loro,intervention,42,1120,na,hokkaido_iburi_tobu,Hokkaido1153,0.5,28,1,264,16091,107.95738129227371,0.39669421487571505,0.49612403100737884
E1,q2_x3_loro_hokkaido_iburi_tobu_seed42,pooled_loro,intervention,42,1120,na,hokkaido_iburi_tobu,Hokkaido1154,0.5,35,3,471,15875,77.73153467036234,0.38875878220109195,0.5454545454541487
E1,q2_x3_loro_hokkaido_iburi_tobu_seed42,pooled_loro,intervention,42,1120,na,hokkaido_iburi_tobu,Hokkaido1155,0.5,7,742,1323,14312,51.03920062069938,0.023957219250918704,0.037536561585462584
E1,q2_x3_loro_hokkaido_iburi_tobu_seed42,pooled_loro,intervention,42,1120,na,hokkaido_iburi_tobu,Hokkaido1156,0.5,11,58,1505,14810,57.307067567182685,0.05347225635213762,0.09489819263301655
E1,q2_x3_loro_hokkaido_iburi_tobu_seed42,pooled_loro,intervention,42,1120,na,hokkaido_iburi_tobu,Hokkaido1157,0.5,29,32,654,15669,43.11377264323941,0.1451247165530765,0.2925531914890492
E1,q2_x3_loro_hokkaido_iburi_tobu_seed42,pooled_loro,intervention,42,1120,na,hokkaido_iburi_tobu,Hokkaido1158,0.5,134,42,1248,14960,31.061229185718517,0.3227149698101649,0.521505183997528
E1,q2_x3_loro_hokkaido_iburi_tobu_seed42,pooled_loro,intervention,42,1120,na,hokkaido_iburi_tobu,Hokkaido1159,0.5,190,23,2675,13496,44.59800493790179,0.23237059264789264,0.39051507772958644
E1,q2_x3_loro_hokkaido_iburi_tobu_seed42,pooled_loro,intervention,42,1120,na,hokkaido_iburi_tobu,Hokkaido1160,0.5,74,0,3268,13042,77.34015713710099,0.022383883603718038,0.08999432570445168
E1,q2_x3_loro_hokkaido_iburi_tobu_seed42,pooled_loro,intervention,42,1120,na,hokkaido_iburi_tobu,Hokkaido1161,0.5,0,0,2320,14064,181.01933598375618,0.0,0.0
E1,q2_x3_loro_hokkaido_iburi_tobu_seed42,pooled_loro,intervention,42,1120,na,hokkaido_iburi_tobu,Hokkaido1162,0.5,32,0,1296,15056,57.78012903497223,0.10631644777972465,0.1951219512193361
E1,q2_x3_loro_hokkaido_iburi_tobu_seed42,pooled_loro,intervention,42,1120,na,hokkaido_iburi_tobu,Hokkaido1163,0.5,29,0,885,15470,44.265012534125184,0.12121212121195592,0.250883392225929
E1,q2_x3_loro_hokkaido_iburi_tobu_seed42,pooled_loro,intervention,42,1120,na,hokkaido_iburi_tobu,Hokkaido1164,0.5,0,0,500,15884,181.01933598375618,0.0,0.0
E1,q2_x3_loro_hokkaido_iburi_tobu_seed42,pooled_loro,intervention,42,1120,na,hokkaido_iburi_tobu,Hokkaido1165,0.5,0,0,393,15991,181.01933598375618,0.0,0.0
E1,q2_x3_loro_hokkaido_iburi_tobu_seed42,pooled_loro,intervention,42,1120,na,hokkaido_iburi_tobu,Hokkaido1166,0.5,12,0,238,16134,112.14707123144109,0.23030303030282648,0.32183908045950005
E1,q2_x3_loro_hokkaido_iburi_tobu_seed42,pooled_loro,intervention,42,1120,na,hokkaido_iburi_tobu,Hokkaido1167,0.5,44,3,171,16166,94.92996962613404,0.40941434044847635,0.6903553299487866
E1,q2_x3_loro_hokkaido_iburi_tobu_seed42,pooled_loro,intervention,42,1120,na,hokkaido_iburi_tobu,Hokkaido1168,0.5,6,0,155,16223,108.70804650465101,0.0,0.33628318584042816
E1,q2_x3_loro_hokkaido_iburi_tobu_seed42,pooled_loro,intervention,42,1120,na,hokkaido_iburi_tobu,Hokkaido1169,0.5,3,0,251,16130,42.444079632984895,0.13333333333320888,0.2972972972970441
E1,q2_x3_loro_hokkaido_iburi_tobu_seed42,pooled_loro,intervention,42,1120,na,hokkaido_iburi_tobu,Hokkaido1170,0.5,67,3,1183,15131,33.401295705448206,0.16868651488593922,0.3617865778545143
E1,q2_x3_loro_hokkaido_iburi_tobu_seed42,pooled_loro,intervention,42,1120,na,hokkaido_iburi_tobu,Hokkaido1171,0.5,70,4,1477,14833,46.703311877820774,0.1519194119246818,0.30379746835417265
E1,q2_x3_loro_hokkaido_iburi_tobu_seed42,pooled_loro,intervention,42,1120,na,hokkaido_iburi_tobu,Hokkaido1172,0.5,21,3,705,15655,73.57988478977254,0.10817772054073305,0.19153674832944817
E1,q2_x3_loro_hokkaido_iburi_tobu_seed42,pooled_loro,intervention,42,1120,na,hokkaido_iburi_tobu,Hokkaido1173,0.5,4,0,237,16143,66.20157944293643,0.18367346938758827,0.3127962085305418
E1,q2_x3_loro_hokkaido_iburi_tobu_seed42,pooled_loro,intervention,42,1120,na,hokkaido_iburi_tobu,Hokkaido1174,0.5,0,163,87,16134,37.489073063743184,0.0,0.0
E1,q2_x3_loro_hokkaido_iburi_tobu_seed42,pooled_loro,intervention,42,1120,na,hokkaido_iburi_tobu,Hokkaido1175,0.5,0,0,40,16344,181.01933598375618,0.0,0.0
E1,q2_x3_loro_hokkaido_iburi_tobu_seed42,pooled_loro,intervention,42,1120,na,hokkaido_iburi_tobu,Hokkaido1178,0.5,23,5,38,16318,4.073863375370595,0.857949200375799,0.9492691315558198
E1,q2_x3_loro_hokkaido_iburi_tobu_seed42,pooled_loro,intervention,42,1120,na,hokkaido_iburi_tobu,Hokkaido1179,0.5,7,0,61,16316,68.24498975847018,0.3661971830982924,0.49350649350612175
E1,q2_x3_loro_hokkaido_iburi_tobu_seed42,pooled_loro,intervention,42,1120,na,hokkaido_iburi_tobu,Hokkaido1180,0.5,1,2,19,16362,8.619422599190454,0.39999999999967994,0.7096774193543809
E1,q2_x3_loro_hokkaido_iburi_tobu_seed42,pooled_loro,intervention,42,1120,na,hokkaido_iburi_tobu,Hokkaido1183,0.5,0,50,94,16240,46.501726244408594,0.0,0.0
E1,q2_x3_loro_hokkaido_iburi_tobu_seed42,pooled_loro,intervention,42,1120,na,hokkaido_iburi_tobu,Hokkaido1184,0.5,0,0,94,16290,181.01933598375618,0.0,0.0
E1,q2_x3_loro_hokkaido_iburi_tobu_seed42,pooled_loro,intervention,42,1120,na,hokkaido_iburi_tobu,Hokkaido1186,0.5,0,1032,143,15209,103.77306971001666,0.0,0.0
E1,q2_x3_loro_hokkaido_iburi_tobu_seed42,pooled_loro,intervention,42,1120,na,hokkaido_iburi_tobu,Hokkaido1187,0.5,0,0,177,16207,181.01933598375618,0.0,0.0
E1,q2_x3_loro_hokkaido_iburi_tobu_seed42,pooled_loro,intervention,42,1120,na,hokkaido_iburi_tobu,Hokkaido1188,0.5,7,0,650,15727,95.75583742929564,0.01659751037338758,0.0767123287670495
E1,q2_x3_loro_hokkaido_iburi_tobu_seed42,pooled_loro,intervention,42,1120,na,hokkaido_iburi_tobu,Hokkaido1189,0.5,33,12,2230,14109,52.36410636592608,0.04729374671560497,0.11651252865374234
E1,q2_x3_loro_hokkaido_iburi_tobu_seed42,pooled_loro,intervention,42,1120,na,hokkaido_iburi_tobu,Hokkaido1190,0.5,97,84,1951,14252,61.65183437058935,0.0760036775971585,0.1463080763344657
E1,q2_x3_loro_hokkaido_iburi_tobu_seed42,pooled_loro,intervention,42,1120,na,hokkaido_iburi_tobu,Hokkaido1191,0.5,49,36,864,15435,153.15987155952155,0.054597270136400436,0.09905506679688043
E1,q2_x3_loro_hokkaido_iburi_tobu_seed42,pooled_loro,intervention,42,1120,na,hokkaido_iburi_tobu,Hokkaido1192,0.5,96,578,982,14728,51.52907125700418,0.14203874579048106,0.19387755102004098
E1,q2_x3_loro_hokkaido_iburi_tobu_seed42,pooled_loro,intervention,42,1120,na,hokkaido_iburi_tobu,Hokkaido1193,0.5,0,68,627,15689,83.32462386668705,0.0,0.0
E1,q2_x3_loro_hokkaido_iburi_tobu_seed42,pooled_loro,intervention,42,1120,na,hokkaido_iburi_tobu,Hokkaido1194,0.5,6,0,152,16226,83.52782108568648,0.1911764705880624,0.1911764705880624
E1,q2_x3_loro_hokkaido_iburi_tobu_seed42,pooled_loro,intervention,42,1120,na,hokkaido_iburi_tobu,Hokkaido1195,0.5,64,170,183,15967,71.80949991927976,0.33671151493925094,0.4658169177283778
E1,q2_x3_loro_hokkaido_iburi_tobu_seed42,pooled_loro,intervention,42,1120,na,hokkaido_iburi_tobu,Hokkaido1196,0.5,0,37,182,16165,62.18193374442426,0.0,0.0
E1,q2_x3_loro_hokkaido_iburi_tobu_seed42,pooled_loro,intervention,42,1120,na,hokkaido_iburi_tobu,Hokkaido1197,0.5,13,0,124,16247,106.98924549376028,0.1336302895320464,0.5454545454541487
E1,q2_x3_loro_hokkaido_iburi_tobu_seed42,pooled_loro,intervention,42,1120,na,hokkaido_iburi_tobu,Hokkaido1198,0.5,2,2,190,16190,83.3621525722577,0.20338983050829187,0.3174603174600504
E1,q2_x3_loro_hokkaido_iburi_tobu_seed42,pooled_loro,intervention,42,1120,na,hokkaido_iburi_tobu,Hokkaido1199,0.5,0,0,187,16197,181.01933598375618,0.0,0.0
E1,q2_x3_loro_hokkaido_iburi_tobu_seed42,pooled_loro,intervention,42,1120,na,hokkaido_iburi_tobu,Hokkaido1200,0.5,0,0,221,16163,181.01933598375618,0.0,0.0
E1,q2_x3_loro_hokkaido_iburi_tobu_seed42,pooled_loro,intervention,42,1120,na,hokkaido_iburi_tobu,Hokkaido1201,0.5,2,0,422,15960,119.02071903032508,0.055384615384561534,0.1190476190475071
E1,q2_x3_loro_hokkaido_iburi_tobu_seed42,pooled_loro,intervention,42,1120,na,hokkaido_iburi_tobu,Hokkaido1202,0.5,5,5,625,15749,78.59765052017131,0.10714285714275573,0.21348314606722502
E1,q2_x3_loro_hokkaido_iburi_tobu_seed42,pooled_loro,intervention,42,1120,na,hokkaido_iburi_tobu,Hokkaido1203,0.5,45,18,675,15646,26.896083239524927,0.27413348610684457,0.4277777777773816
E1,q2_x3_loro_hokkaido_iburi_tobu_seed42,pooled_loro,intervention,42,1120,na,hokkaido_iburi_tobu,Hokkaido1204,0.5,109,42,1300,14933,47.16990566028302,0.2958235914359801,0.459357617081957
E1,q2_x3_loro_hokkaido_iburi_tobu_seed42,pooled_loro,intervention,42,1120,na,hokkaido_iburi_tobu,Hokkaido1205,0.5,100,12,2989,13283,48.15547036174043,0.10928961748614412,0.22630649486533874
E1,q2_x3_loro_hokkaido_iburi_tobu_seed42,pooled_loro,intervention,42,1120,na,hokkaido_iburi_tobu,Hokkaido1206,0.5,48,0,3617,12719,51.478150704935004,0.010745466756149827,0.07027059603438693
E1,q2_x3_loro_hokkaido_iburi_tobu_seed42,pooled_loro,intervention,42,1120,na,hokkaido_iburi_tobu,Hokkaido1207,0.5,19,0,2212,14153,127.47842890329629,0.043451272501498314,0.08358817533121449
E1,q2_x3_loro_hokkaido_iburi_tobu_seed42,pooled_loro,intervention,42,1120,na,hokkaido_iburi_tobu,Hokkaido1208,0.5,20,1,1023,15340,83.27421859865103,0.13126079447309513,0.2621359223298693
E1,q2_x3_loro_hokkaido_iburi_tobu_seed42,pooled_loro,intervention,42,1120,na,hokkaido_iburi_tobu,Hokkaido1209,0.5,77,3,1103,15201,40.11981659263065,0.27766882516161895,0.42508710801360244
E1,q2_x3_loro_hokkaido_iburi_tobu_seed42,pooled_loro,intervention,42,1120,na,hokkaido_iburi_tobu,Hokkaido1210,0.5,49,13,1167,15155,39.85964053763131,0.24811097327144746,0.4123006833709711
E1,q2_x3_loro_hokkaido_iburi_tobu_seed42,pooled_loro,intervention,42,1120,na,hokkaido_iburi_tobu,Hokkaido1211,0.5,42,0,662,15680,81.09170660509982,0.2250740375121307,0.3113772455087191
E1,q2_x3_loro_hokkaido_iburi_tobu_seed42,pooled_loro,intervention,42,1120,na,hokkaido_iburi_tobu,Hokkaido1212,0.5,24,11,519,15830,75.2461639230805,0.21001745669371483,0.26504481434028104
E1,q2_x3_loro_hokkaido_iburi_tobu_seed42,pooled_loro,intervention,42,1120,na,hokkaido_iburi_tobu,Hokkaido1213,0.5,0,0,303,16081,181.01933598375618,0.0,0.0
E1,q2_x3_loro_hokkaido_iburi_tobu_seed42,pooled_loro,intervention,42,1120,na,hokkaido_iburi_tobu,Hokkaido1214,0.5,0,0,27,16357,181.01933598375618,0.0,0.0
E1,q2_x3_loro_hokkaido_iburi_tobu_seed42,pooled_loro,intervention,42,1120,na,hokkaido_iburi_tobu,Hokkaido1216,0.5,0,0,115,16269,181.01933598375618,0.0,0.0
E1,q2_x3_loro_hokkaido_iburi_tobu_seed42,pooled_loro,intervention,42,1120,na,hokkaido_iburi_tobu,Hokkaido1217,0.5,6,1,492,15885,87.00459754929986,0.10714285714273995,0.20512820512802102
E1,q2_x3_loro_hokkaido_iburi_tobu_seed42,pooled_loro,intervention,42,1120,na,hokkaido_iburi_tobu,Hokkaido1218,0.5,15,3,833,15533,105.04875773015578,0.08333333333321616,0.13559322033885662
E1,q2_x3_loro_hokkaido_iburi_tobu_seed42,pooled_loro,intervention,42,1120,na,hokkaido_iburi_tobu,Hokkaido1219,0.5,126,106,704,15448,42.10403581987473,0.2738701871049125,0.42202703413416237
E1,q2_x3_loro_hokkaido_iburi_tobu_seed42,pooled_loro,intervention,42,1120,na,hokkaido_iburi_tobu,Hokkaido1220,0.5,5,3,406,15970,41.8442424497378,0.062166962699727865,0.19685039370052207
E1,q2_x3_loro_hokkaido_iburi_tobu_seed42,pooled_loro,intervention,42,1120,na,hokkaido_iburi_tobu,Hokkaido1221,0.5,0,97,40,16247,72.8137826467307,0.0,0.0
E1,q2_x3_loro_hokkaido_iburi_tobu_seed42,pooled_loro,intervention,42,1120,na,hokkaido_iburi_tobu,Hokkaido1223,0.5,0,107,102,16175,75.19701860832336,0.0,0.0
E1,q2_x3_loro_hokkaido_iburi_tobu_seed42,pooled_loro,intervention,42,1120,na,hokkaido_iburi_tobu,Hokkaido1224,0.5,0,13,102,16269,67.4907254932931,0.0,0.0
E1,q2_x3_loro_hokkaido_iburi_tobu_seed42,pooled_loro,intervention,42,1120,na,hokkaido_iburi_tobu,Hokkaido1225,0.5,0,14,94,16276,47.87117877159805,0.0,0.0
E1,q2_x3_loro_hokkaido_iburi_tobu_seed42,pooled_loro,intervention,42,1120,na,hokkaido_iburi_tobu,Hokkaido1226,0.5,0,8,130,16246,91.26691620281612,0.0,0.0
E1,q2_x3_loro_hokkaido_iburi_tobu_seed42,pooled_loro,intervention,42,1120,na,hokkaido_iburi_tobu,Hokkaido1227,0.5,4,9,99,16272,55.4389617170719,0.3333333333328368,0.37828371278411477
E1,q2_x3_loro_hokkaido_iburi_tobu_seed42,pooled_loro,intervention,42,1120,na,hokkaido_iburi_tobu,Hokkaido1228,0.5,0,0,67,16317,181.01933598375618,0.0,0.0
E1,q2_x3_loro_hokkaido_iburi_tobu_seed42,pooled_loro,intervention,42,1120,na,hokkaido_iburi_tobu,Hokkaido1230,0.5,0,1257,36,15091,79.90619500389191,0.0,0.0
E1,q2_x3_loro_hokkaido_iburi_tobu_seed42,pooled_loro,intervention,42,1120,na,hokkaido_iburi_tobu,Hokkaido1231,0.5,0,0,44,16340,181.01933598375618,0.0,0.0
E1,q2_x3_loro_hokkaido_iburi_tobu_seed42,pooled_loro,intervention,42,1120,na,hokkaido_iburi_tobu,Hokkaido1232,0.5,2,802,122,15458,51.52268425444028,0.01673640167317946,0.024872809496798397
E1,q2_x3_loro_hokkaido_iburi_tobu_seed42,pooled_loro,intervention,42,1120,na,hokkaido_iburi_tobu,Hokkaido1233,0.5,2,0,924,15458,109.02201215377096,0.010840108401073228,0.11311053984565163
E1,q2_x3_loro_hokkaido_iburi_tobu_seed42,pooled_loro,intervention,42,1120,na,hokkaido_iburi_tobu,Hokkaido1234,0.5,262,298,1195,14629,55.11106001225922,0.19168386906486812,0.28450978272588123
E1,q2_x3_loro_hokkaido_iburi_tobu_seed42,pooled_loro,intervention,42,1120,na,hokkaido_iburi_tobu,Hokkaido1235,0.5,0,0,1011,15373,181.01933598375618,0.0,0.0
E1,q2_x3_loro_hokkaido_iburi_tobu_seed42,pooled_loro,intervention,42,1120,na,hokkaido_iburi_tobu,Hokkaido1236,0.5,10,12,524,15838,68.01396840260799,0.10119047619035901,0.1249999999998828
E1,q2_x3_loro_hokkaido_iburi_tobu_seed42,pooled_loro,intervention,42,1120,na,hokkaido_iburi_tobu,Hokkaido1237,0.5,0,0,160,16224,181.01933598375618,0.0,0.0
E1,q2_x3_loro_hokkaido_iburi_tobu_seed42,pooled_loro,intervention,42,1120,na,hokkaido_iburi_tobu,Hokkaido1238,0.5,0,0,35,16349,181.01933598375618,0.0,0.0
E1,q2_x3_loro_hokkaido_iburi_tobu_seed42,pooled_loro,intervention,42,1120,na,hokkaido_iburi_tobu,Hokkaido1239,0.5,0,0,82,16302,181.01933598375618,0.0,0.0
E1,q2_x3_loro_hokkaido_iburi_tobu_seed42,pooled_loro,intervention,42,1120,na,hokkaido_iburi_tobu,Hokkaido1240,0.5,0,0,62,16322,181.01933598375618,0.0,0.0
E1,q2_x3_loro_hokkaido_iburi_tobu_seed42,pooled_loro,intervention,42,1120,na,hokkaido_iburi_tobu,Hokkaido1241,0.5,0,0,25,16359,181.01933598375618,0.0,0.0
E1,q2_x3_loro_hokkaido_iburi_tobu_seed42,pooled_loro,intervention,42,1120,na,hokkaido_iburi_tobu,Hokkaido1242,0.5,0,0,74,16310,181.01933598375618,0.0,0.0
E1,q2_x3_loro_hokkaido_iburi_tobu_seed42,pooled_loro,intervention,42,1120,na,hokkaido_iburi_tobu,Hokkaido1243,0.5,1,0,218,16165,114.12011183960637,0.08974358974350402,0.1490683229812285
E1,q2_x3_loro_hokkaido_iburi_tobu_seed42,pooled_loro,intervention,42,1120,na,hokkaido_iburi_tobu,Hokkaido1244,0.5,1,6,254,16123,83.77777997890549,0.07567567567528626,0.10909090909043702
E1,q2_x3_loro_hokkaido_iburi_tobu_seed42,pooled_loro,intervention,42,1120,na,hokkaido_iburi_tobu,Hokkaido1245,0.5,0,7,202,16175,56.60558977007732,0.0,0.0
E1,q2_x3_loro_hokkaido_iburi_tobu_seed42,pooled_loro,intervention,42,1120,na,hokkaido_iburi_tobu,Hokkaido1246,0.5,44,1351,254,14735,46.63149710424754,0.21375013200922224,0.2719577606431489
E1,q2_x3_loro_hokkaido_iburi_tobu_seed42,pooled_loro,intervention,42,1120,na,hokkaido_iburi_tobu,Hokkaido1247,0.5,47,24,672,15641,41.56195469097693,0.30710267663936514,0.44918931870784595
E1,q2_x3_loro_hokkaido_iburi_tobu_seed42,pooled_loro,intervention,42,1120,na,hokkaido_iburi_tobu,Hokkaido1248,0.5,52,39,871,15422,50.27671189121751,0.27343749999971534,0.43435618566672635
E1,q2_x3_loro_hokkaido_iburi_tobu_seed42,pooled_loro,intervention,42,1120,na,hokkaido_iburi_tobu,Hokkaido1249,0.5,45,651,1901,13787,42.44997055358225,0.09811044089681643,0.18233869191771998
E1,q2_x3_loro_hokkaido_iburi_tobu_seed42,pooled_loro,intervention,42,1120,na,hokkaido_iburi_tobu,Hokkaido1250,0.5,20,1,2413,13950,55.19691358176553,0.039772727272650896,0.09618065235562027
E1,q2_x3_loro_hokkaido_iburi_tobu_seed42,pooled_loro,intervention,42,1120,na,hokkaido_iburi_tobu,Hokkaido1251,0.5,5,0,1307,15072,108.31712029844715,0.054687499999946806,0.1278195488720608
E1,q2_x3_loro_hokkaido_iburi_tobu_seed42,pooled_loro,intervention,42,1120,na,hokkaido_iburi_tobu,Hokkaido1252,0.5,82,33,954,15315,48.20466801329282,0.3305976187721036,0.46936494496153147
E1,q2_x3_loro_hokkaido_iburi_tobu_seed42,pooled_loro,intervention,42,1120,na,hokkaido_iburi_tobu,Hokkaido1253,0.5,34,3,1309,15038,104.99210128245456,0.1410898258097676,0.23048327137526076
E1,q2_x3_loro_hokkaido_iburi_tobu_seed42,pooled_loro,intervention,42,1120,na,hokkaido_iburi_tobu,Hokkaido1254,0.5,46,2,930,15406,40.80134215717558,0.24275534441781324,0.3937984496120868
E1,q2_x3_loro_hokkaido_iburi_tobu_seed42,pooled_loro,intervention,42,1120,na,hokkaido_iburi_tobu,Hokkaido1255,0.5,118,1,779,15486,43.64335795763729,0.3829787234038967,0.6134969325149121
E1,q2_x3_loro_hokkaido_iburi_tobu_seed42,pooled_loro,intervention,42,1120,na,hokkaido_iburi_tobu,Hokkaido1256,0.5,88,2,1116,15178,55.470153440242846,0.23798001052052098,0.39306358381471307
E1,q2_x3_loro_hokkaido_iburi_tobu_seed42,pooled_loro,intervention,42,1120,na,hokkaido_iburi_tobu,Hokkaido1257,0.5,52,0,627,15705,42.355498675672386,0.22718890609990658,0.3316326530609478
E1,q2_x3_loro_hokkaido_iburi_tobu_seed42,pooled_loro,intervention,42,1120,na,hokkaido_iburi_tobu,Hokkaido1258,0.5,0,0,164,16220,181.01933598375618,0.0,0.0
E1,q2_x3_loro_hokkaido_iburi_tobu_seed42,pooled_loro,intervention,42,1120,na,hokkaido_iburi_tobu,Hokkaido1259,0.5,0,0,67,16317,181.01933598375618,0.0,0.0
E1,q2_x3_loro_hokkaido_iburi_tobu_seed42,pooled_loro,intervention,42,1120,na,hokkaido_iburi_tobu,Hokkaido1260,0.5,0,0,31,16353,181.01933598375618,0.0,0.0
E1,q2_x3_loro_hokkaido_iburi_tobu_seed42,pooled_loro,intervention,42,1120,na,hokkaido_iburi_tobu,Hokkaido1261,0.5,0,0,33,16351,181.01933598375618,0.0,0.0
E1,q2_x3_loro_hokkaido_iburi_tobu_seed42,pooled_loro,intervention,42,1120,na,hokkaido_iburi_tobu,Hokkaido1262,0.5,1,0,368,16015,118.69391166746652,0.04255319148932005,0.05907172995774858
E1,q2_x3_loro_hokkaido_iburi_tobu_seed42,pooled_loro,intervention,42,1120,na,hokkaido_iburi_tobu,Hokkaido1263,0.5,0,14,660,15710,75.70695318728795,0.0,0.0
E1,q2_x3_loro_hokkaido_iburi_tobu_seed42,pooled_loro,intervention,42,1120,na,hokkaido_iburi_tobu,Hokkaido1264,0.5,2,0,322,16060,28.317837853535057,0.05479452054789191,0.24691358024669713
E1,q2_x3_loro_hokkaido_iburi_tobu_seed42,pooled_loro,intervention,42,1120,na,hokkaido_iburi_tobu,Hokkaido1265,0.5,0,223,102,16059,69.66056279279589,0.0,0.0
E1,q2_x3_loro_hokkaido_iburi_tobu_seed42,pooled_loro,intervention,42,1120,na,hokkaido_iburi_tobu,Hokkaido1266,0.5,0,406,102,15876,108.12569971132665,0.0,0.0
E1,q2_x3_loro_hokkaido_iburi_tobu_seed42,pooled_loro,intervention,42,1120,na,hokkaido_iburi_tobu,Hokkaido1267,0.5,0,161,36,16187,68.85490154483777,0.0,0.0
E1,q2_x3_loro_hokkaido_iburi_tobu_seed42,pooled_loro,intervention,42,1120,na,hokkaido_iburi_tobu,Hokkaido1268,0.5,0,14,103,16267,72.37686009288822,0.0,0.0
E1,q2_x3_loro_hokkaido_iburi_tobu_seed42,pooled_loro,intervention,42,1120,na,hokkaido_iburi_tobu,Hokkaido1269,0.5,0,0,67,16317,181.01933598375618,0.0,0.0
E1,q2_x3_loro_hokkaido_iburi_tobu_seed42,pooled_loro,intervention,42,1120,na,hokkaido_iburi_tobu,Hokkaido1270,0.5,2,0,104,16278,11.95062485158834,0.05714285714280163,0.4888888888885195
E1,q2_x3_loro_hokkaido_iburi_tobu_seed42,pooled_loro,intervention,42,1120,na,hokkaido_iburi_tobu,Hokkaido1271,0.5,3,227,723,15431,59.54719689422246,0.020618556700531407,0.03590944574524782
E1,q2_x3_loro_hokkaido_iburi_tobu_seed42,pooled_loro,intervention,42,1120,na,hokkaido_iburi_tobu,Hokkaido1272,0.5,0,0,1153,15231,181.01933598375618,0.0,0.0
E1,q2_x3_loro_hokkaido_iburi_tobu_seed42,pooled_loro,intervention,42,1120,na,hokkaido_iburi_tobu,Hokkaido1273,0.5,1,1,682,15700,122.74566314714241,0.030534351145008097,0.06015037593979127
E1,q2_x3_loro_hokkaido_iburi_tobu_seed42,pooled_loro,intervention,42,1120,na,hokkaido_iburi_tobu,Hokkaido1274,0.5,2,5,165,16212,70.60771903686599,0.24648648648624025,0.48275862068928893
E1,q2_x3_loro_hokkaido_iburi_tobu_seed42,pooled_loro,intervention,42,1120,na,hokkaido_iburi_tobu,Hokkaido1275,0.5,0,0,93,16291,181.01933598375618,0.0,0.0
E1,q2_x3_loro_hokkaido_iburi_tobu_seed42,pooled_loro,intervention,42,1120,na,hokkaido_iburi_tobu,Hokkaido1276,0.5,0,4,111,16269,66.47178990135883,0.0,0.0
E1,q2_x3_loro_hokkaido_iburi_tobu_seed42,pooled_loro,intervention,42,1120,na,hokkaido_iburi_tobu,Hokkaido1277,0.5,0,45,73,16266,122.60261051440818,0.0,0.0
E1,q2_x3_loro_hokkaido_iburi_tobu_seed42,pooled_loro,intervention,42,1120,na,hokkaido_iburi_tobu,Hokkaido1278,0.5,0,53,64,16267,127.4666619347704,0.0,0.0
E1,q2_x3_loro_hokkaido_iburi_tobu_seed42,pooled_loro,intervention,42,1120,na,hokkaido_iburi_tobu,Hokkaido1279,0.5,0,0,34,16350,181.01933598375618,0.0,0.0
E1,q2_x3_loro_hokkaido_iburi_tobu_seed42,pooled_loro,intervention,42,1120,na,hokkaido_iburi_tobu,Hokkaido1280,0.5,0,0,52,16332,181.01933598375618,0.0,0.0
E1,q2_x3_loro_hokkaido_iburi_tobu_seed42,pooled_loro,intervention,42,1120,na,hokkaido_iburi_tobu,Hokkaido1281,0.5,1,1,194,16188,56.26317321055583,0.10144927536213653,0.16216216216189042
E1,q2_x3_loro_hokkaido_iburi_tobu_seed42,pooled_loro,intervention,42,1120,na,hokkaido_iburi_tobu,Hokkaido1282,0.5,0,6,151,16227,70.2527422608763,0.0,0.0
E1,q2_x3_loro_hokkaido_iburi_tobu_seed42,pooled_loro,intervention,42,1120,na,hokkaido_iburi_tobu,Hokkaido1283,0.5,0,14,62,16308,65.6743139883096,0.0,0.0
E1,q2_x3_loro_hokkaido_iburi_tobu_seed42,pooled_loro,intervention,42,1120,na,hokkaido_iburi_tobu,Hokkaido1284,0.5,6,8,147,16223,68.2576841183931,0.1840490797543009,0.2651933701653561
E1,q2_x3_loro_hokkaido_iburi_tobu_seed42,pooled_loro,intervention,42,1120,na,hokkaido_iburi_tobu,Hokkaido1285,0.5,6,16,324,16038,43.52120528276419,0.18177883574960665,0.37466547725212596
E1,q2_x3_loro_hokkaido_iburi_tobu_seed42,pooled_loro,intervention,42,1120,na,hokkaido_iburi_tobu,Hokkaido1286,0.5,12,48,752,15572,42.34953643237009,0.12228011032765014,0.29876020562400074
E1,q2_x3_loro_hokkaido_iburi_tobu_seed42,pooled_loro,intervention,42,1120,na,hokkaido_iburi_tobu,Hokkaido1287,0.5,23,168,1661,14532,60.146845808800045,0.07902907140819854,0.17749055659187363
E1,q2_x3_loro_hokkaido_iburi_tobu_seed42,pooled_loro,intervention,42,1120,na,hokkaido_iburi_tobu,Hokkaido1288,0.5,6,30,1543,14805,57.578206577822066,0.06228675136103223,0.14554047018286032
E1,q2_x3_loro_hokkaido_iburi_tobu_seed42,pooled_loro,intervention,42,1120,na,hokkaido_iburi_tobu,Hokkaido1289,0.5,4,2,769,15609,63.60031446463138,0.06619385342780162,0.08391608391596596
E1,q2_x3_loro_hokkaido_iburi_tobu_seed42,pooled_loro,intervention,42,1120,na,hokkaido_iburi_tobu,Hokkaido1290,0.5,6,7,907,15464,68.78475909376475,0.08153180975894952,0.1422492401213962
E1,q2_x3_loro_hokkaido_iburi_tobu_seed42,pooled_loro,intervention,42,1120,na,hokkaido_iburi_tobu,Hokkaido1291,0.5,4,0,1083,15297,74.35956670643567,0.054519368723045955,0.09014084507033644
E1,q2_x3_loro_hokkaido_iburi_tobu_seed42,pooled_loro,intervention,42,1120,na,hokkaido_iburi_tobu,Hokkaido1292,0.5,71,23,977,15313,49.34771730871533,0.22185154295223647,0.3163265306119785
E1,q2_x3_loro_hokkaido_iburi_tobu_seed42,pooled_loro,intervention,42,1120,na,hokkaido_iburi_tobu,Hokkaido1293,0.5,117,3,1661,14603,48.093658625644196,0.24359164320615714,0.4193284193280879
E1,q2_x3_loro_hokkaido_iburi_tobu_seed42,pooled_loro,intervention,42,1120,na,hokkaido_iburi_tobu,Hokkaido1294,0.5,274,66,1444,14600,55.506291292349076,0.3606027012960022,0.4871083642046129
E1,q2_x3_loro_hokkaido_iburi_tobu_seed42,pooled_loro,intervention,42,1120,na,hokkaido_iburi_tobu,Hokkaido1295,0.5,59,0,483,15842,44.77107639292902,0.2599156118140677,0.4112676056334761
E1,q2_x3_loro_hokkaido_iburi_tobu_seed42,pooled_loro,intervention,42,1120,na,hokkaido_iburi_tobu,Hokkaido1296,0.5,0,0,147,16237,181.01933598375618,0.0,0.0
E1,q2_x3_loro_hokkaido_iburi_tobu_seed42,pooled_loro,intervention,42,1120,na,hokkaido_iburi_tobu,Hokkaido1297,0.5,0,0,230,16154,181.01933598375618,0.0,0.0
E1,q2_x3_loro_hokkaido_iburi_tobu_seed42,pooled_loro,intervention,42,1120,na,hokkaido_iburi_tobu,Hokkaido1298,0.5,1,0,276,16107,56.85331704145137,0.07758620689647715,0.14166666666653502
E1,q2_x3_loro_hokkaido_iburi_tobu_seed42,pooled_loro,intervention,42,1120,na,hokkaido_iburi_tobu,Hokkaido1299,0.5,0,1,84,16299,63.83206702218249,0.0,0.0
E1,q2_x3_loro_hokkaido_iburi_tobu_seed42,pooled_loro,intervention,42,1120,na,hokkaido_iburi_tobu,Hokkaido1300,0.5,0,0,53,16331,181.01933598375618,0.0,0.0
E1,q2_x3_loro_hokkaido_iburi_tobu_seed42,pooled_loro,intervention,42,1120,na,hokkaido_iburi_tobu,Hokkaido1301,0.5,0,0,52,16332,181.01933598375618,0.0,0.0
E1,q2_x3_loro_hokkaido_iburi_tobu_seed42,pooled_loro,intervention,42,1120,na,hokkaido_iburi_tobu,Hokkaido1302,0.5,0,0,370,16014,181.01933598375618,0.0,0.0
E1,q2_x3_loro_hokkaido_iburi_tobu_seed42,pooled_loro,intervention,42,1120,na,hokkaido_iburi_tobu,Hokkaido1303,0.5,4,9,551,15820,82.8581809023987,0.09837278106492275,0.1958041958038983
E1,q2_x3_loro_hokkaido_iburi_tobu_seed42,pooled_loro,intervention,42,1120,na,hokkaido_iburi_tobu,Hokkaido1304,0.5,3,16,413,15952,44.04543109109048,0.14224751066832958,0.24291497975673002
E1,q2_x3_loro_hokkaido_iburi_tobu_seed42,pooled_loro,intervention,42,1120,na,hokkaido_iburi_tobu,Hokkaido1305,0.5,43,22,471,15848,45.11097291291632,0.3567847882451077,0.49257160361420854
E1,q2_x3_loro_hokkaido_iburi_tobu_seed42,pooled_loro,intervention,42,1120,na,hokkaido_iburi_tobu,Hokkaido1306,0.5,38,23,336,15987,58.06021773908763,0.3980150146325205,0.5418379819975426
E1,q2_x3_loro_hokkaido_iburi_tobu_seed42,pooled_loro,intervention,42,1120,na,hokkaido_iburi_tobu,Hokkaido1307,0.5,0,802,91,15491,77.27507970993204,0.0,0.0
E1,q2_x3_loro_hokkaido_iburi_tobu_seed42,pooled_loro,intervention,42,1120,na,hokkaido_iburi_tobu,Hokkaido1309,0.5,0,0,19,16365,181.01933598375618,0.0,0.0
E1,q2_x3_loro_hokkaido_iburi_tobu_seed42,pooled_loro,intervention,42,1120,na,hokkaido_iburi_tobu,Hokkaido1310,0.5,0,3,26,16355,72.90678650278674,0.0,0.0
E1,q2_x3_loro_hokkaido_iburi_tobu_seed42,pooled_loro,intervention,42,1120,na,hokkaido_iburi_tobu,Hokkaido1311,0.5,0,0,18,16366,181.01933598375618,0.0,0.0
E1,q2_x3_loro_hokkaido_iburi_tobu_seed42,pooled_loro,intervention,42,1120,na,hokkaido_iburi_tobu,Hokkaido1312,0.5,16,14,84,16270,33.89095090897218,0.5966981132070779,0.747313171706575
E1,q2_x3_loro_hokkaido_iburi_tobu_seed42,pooled_loro,intervention,42,1120,na,hokkaido_iburi_tobu,Hokkaido1313,0.5,7,3,231,16143,34.69623371611319,0.2647943831491721,0.5194805194800809
E1,q2_x3_loro_hokkaido_iburi_tobu_seed42,pooled_loro,intervention,42,1120,na,hokkaido_iburi_tobu,Hokkaido1314,0.5,20,1,705,15658,86.37708029332781,0.1340782122903777,0.32160804020073513
E1,q2_x3_loro_hokkaido_iburi_tobu_seed42,pooled_loro,intervention,42,1120,na,hokkaido_iburi_tobu,Hokkaido1315,0.5,18,3,1385,14978,68.15423684555495,0.055242966751855783,0.13443740867009413
E1,q2_x3_loro_hokkaido_iburi_tobu_seed42,pooled_loro,intervention,42,1120,na,hokkaido_iburi_tobu,Hokkaido1316,0.5,29,188,848,15319,59.69044144330717,0.08550662676325614,0.12766535379570537
E1,q2_x3_loro_hokkaido_iburi_tobu_seed42,pooled_loro,intervention,42,1120,na,hokkaido_iburi_tobu,Hokkaido1317,0.5,1,0,164,16219,124.86549109042433,0.11864406779649854,0.2790697674416203
E1,q2_x3_loro_hokkaido_iburi_tobu_seed42,pooled_loro,intervention,42,1120,na,hokkaido_iburi_tobu,Hokkaido1318,0.5,6,1,473,15904,69.1320613787983,0.14925373134314546,0.2857142857140408
E1,q2_x3_loro_hokkaido_iburi_tobu_seed42,pooled_loro,intervention,42,1120,na,hokkaido_iburi_tobu,Hokkaido1319,0.5,12,1,789,15582,58.89821729050889,0.1335504885992239,0.17806041335436879
E1,q2_x3_loro_hokkaido_iburi_tobu_seed42,pooled_loro,intervention,42,1120,na,hokkaido_iburi_tobu,Hokkaido1320,0.5,21,0,983,15380,60.00583292829699,0.0986937590710031,0.2176308539942964
E1,q2_x3_loro_hokkaido_iburi_tobu_seed42,pooled_loro,intervention,42,1120,na,hokkaido_iburi_tobu,Hokkaido1321,0.5,56,1,1409,14918,65.54232193851573,0.1582807134151443,0.3146718146715495
E1,q2_x3_loro_hokkaido_iburi_tobu_seed42,pooled_loro,intervention,42,1120,na,hokkaido_iburi_tobu,Hokkaido1322,0.5,108,2,914,15360,33.28663395418648,0.2970912700639561,0.4966444924148551
E1,q2_x3_loro_hokkaido_iburi_tobu_seed42,pooled_loro,intervention,42,1120,na,hokkaido_iburi_tobu,Hokkaido1323,0.5,46,33,89,16216,64.03156651090687,0.44450345193789764,0.5814977973563363
E1,q2_x3_loro_hokkaido_iburi_tobu_seed42,pooled_loro,intervention,42,1120,na,hokkaido_iburi_tobu,Hokkaido1324,0.5,0,65,163,16156,55.43276865978657,0.0,0.0
E1,q2_x3_loro_hokkaido_iburi_tobu_seed42,pooled_loro,intervention,42,1120,na,hokkaido_iburi_tobu,Hokkaido1325,0.5,0,117,268,15999,95.05287911041104,0.0,0.0
E1,q2_x3_loro_hokkaido_iburi_tobu_seed42,pooled_loro,intervention,42,1120,na,hokkaido_iburi_tobu,Hokkaido1326,0.5,0,180,105,16099,81.76476364518727,0.0,0.0
E1,q2_x3_loro_hokkaido_iburi_tobu_seed42,pooled_loro,intervention,42,1120,na,hokkaido_iburi_tobu,Hokkaido1327,0.5,2,0,370,16012,58.200867071488965,0.11764705882341868,0.1639344262293577
E1,q2_x3_loro_hokkaido_iburi_tobu_seed42,pooled_loro,intervention,42,1120,na,hokkaido_iburi_tobu,Hokkaido1328,0.5,14,5,432,15933,62.90338784940104,0.12684989429162857,0.12684989429162857
E1,q2_x3_loro_hokkaido_iburi_tobu_seed42,pooled_loro,intervention,42,1120,na,hokkaido_iburi_tobu,Hokkaido1329,0.5,34,17,723,15610,42.49087560264876,0.1335439402638749,0.3093922651929753
E1,q2_x3_loro_hokkaido_iburi_tobu_seed42,pooled_loro,intervention,42,1120,na,hokkaido_iburi_tobu,Hokkaido1330,0.5,96,36,939,15313,39.613127205969406,0.37580425917494914,0.5837501689869614
E1,q2_x3_loro_hokkaido_iburi_tobu_seed42,pooled_loro,intervention,42,1120,na,hokkaido_iburi_tobu,Hokkaido1331,0.5,78,44,423,15839,41.05447050893718,0.4979906503727403,0.5917580566675785
E1,q2_x3_loro_hokkaido_iburi_tobu_seed42,pooled_loro,intervention,42,1120,na,hokkaido_iburi_tobu,Hokkaido1332,0.5,1,0,218,16165,101.59722615352702,0.09039548022590238,0.12222222222210745
E1,q2_x3_loro_hokkaido_iburi_tobu_seed42,pooled_loro,intervention,42,1120,na,hokkaido_iburi_tobu,Hokkaido1333,0.5,2,2,95,16285,33.64882902845832,0.20689655172395244,0.20689655172395244
E1,q2_x3_loro_hokkaido_iburi_tobu_seed42,pooled_loro,intervention,42,1120,na,hokkaido_iburi_tobu,Hokkaido1334,0.5,0,1,27,16356,126.50691680694776,0.0,0.0
E1,q2_x3_loro_hokkaido_iburi_tobu_seed42,pooled_loro,intervention,42,1120,na,hokkaido_iburi_tobu,Hokkaido1335,0.5,0,0,101,16283,181.01933598375618,0.0,0.0
E1,q2_x3_loro_hokkaido_iburi_tobu_seed42,pooled_loro,intervention,42,1120,na,hokkaido_iburi_tobu,Hokkaido1336,0.5,0,0,101,16283,181.01933598375618,0.0,0.0
E1,q2_x3_loro_hokkaido_iburi_tobu_seed42,pooled_loro,intervention,42,1120,na,hokkaido_iburi_tobu,Hokkaido1337,0.5,7,12,30,16335,30.143201184226395,0.5344585091415536,0.634920634920156
E1,q2_x3_loro_hokkaido_iburi_tobu_seed42,pooled_loro,intervention,42,1120,na,hokkaido_iburi_tobu,Hokkaido1338,0.5,22,8,101,16253,55.47026226853533,0.5643410852708864,0.7103825136607237
E1,q2_x3_loro_hokkaido_iburi_tobu_seed42,pooled_loro,intervention,42,1120,na,hokkaido_iburi_tobu,Hokkaido1339,0.5,24,6,587,15767,42.43819034784589,0.1847108424149091,0.24108998537427126
E1,q2_x3_loro_hokkaido_iburi_tobu_seed42,pooled_loro,intervention,42,1120,na,hokkaido_iburi_tobu,Hokkaido1340,0.5,14,13,941,15416,56.60826147487569,0.06279786935791062,0.06279786935791062
E1,q2_x3_loro_hokkaido_iburi_tobu_seed42,pooled_loro,intervention,42,1120,na,hokkaido_iburi_tobu,Hokkaido1341,0.5,0,0,553,15831,181.01933598375618,0.0,0.0
E1,q2_x3_loro_hokkaido_iburi_tobu_seed42,pooled_loro,intervention,42,1120,na,hokkaido_iburi_tobu,Hokkaido1342,0.5,0,393,315,15676,71.04571832280423,0.0,0.0
E1,q2_x3_loro_hokkaido_iburi_tobu_seed42,pooled_loro,intervention,42,1120,na,hokkaido_iburi_tobu,Hokkaido1343,0.5,84,29,489,15782,40.15592236237336,0.38981562774330514,0.4891122278053256
E1,q2_x3_loro_hokkaido_iburi_tobu_seed42,pooled_loro,intervention,42,1120,na,hokkaido_iburi_tobu,Hokkaido1344,0.5,22,0,448,15914,54.487845727062286,0.166453592431444,0.19148936170195446
E1,q2_x3_loro_hokkaido_iburi_tobu_seed42,pooled_loro,intervention,42,1120,na,hokkaido_iburi_tobu,Hokkaido1345,0.5,7,1,192,16184,49.656051058554375,0.1712135465661452,0.32926829268265173
E1,q2_x3_loro_hokkaido_iburi_tobu_seed42,pooled_loro,intervention,42,1120,na,hokkaido_iburi_tobu,Hokkaido1346,0.5,2,2,266,16114,84.79720427154272,0.06134969325141858,0.1639344262292341
E1,q2_x3_loro_hokkaido_iburi_tobu_seed42,pooled_loro,intervention,42,1120,na,hokkaido_iburi_tobu,Hokkaido1347,0.5,2,7,219,16156,75.77689399815566,0.06920415224887203,0.15831134564597935
E1,q2_x3_loro_hokkaido_iburi_tobu_seed42,pooled_loro,intervention,42,1120,na,hokkaido_iburi_tobu,Hokkaido1348,0.5,0,0,90,16294,181.01933598375618,0.0,0.0
E1,q2_x3_loro_hokkaido_iburi_tobu_seed42,pooled_loro,intervention,42,1120,na,hokkaido_iburi_tobu,Hokkaido1349,0.5,0,0,27,16357,181.01933598375618,0.0,0.0
E1,q2_x3_loro_hokkaido_iburi_tobu_seed42,pooled_loro,intervention,42,1120,na,hokkaido_iburi_tobu,Hokkaido1350,0.5,0,330,22,16032,54.99531657444031,0.0,0.0
E1,q2_x3_loro_hokkaido_iburi_tobu_seed42,pooled_loro,intervention,42,1120,na,hokkaido_iburi_tobu,Hokkaido1351,0.5,0,19,22,16343,41.77499804500542,0.0,0.0
E1,q2_x3_loro_hokkaido_iburi_tobu_seed42,pooled_loro,intervention,42,1120,na,hokkaido_iburi_tobu,Hokkaido1352,0.5,1,0,44,16339,32.802438933713454,0.3599999999997048,0.655737704917592
E1,q2_x3_loro_hokkaido_iburi_tobu_seed42,pooled_loro,intervention,42,1120,na,hokkaido_iburi_tobu,Hokkaido1353,0.5,1,0,99,16284,116.73983078074967,0.18367346938758827,0.3669724770639205
E1,q2_x3_loro_hokkaido_iburi_tobu_seed42,pooled_loro,intervention,42,1120,na,hokkaido_iburi_tobu,Hokkaido1354,0.5,18,4,602,15760,56.79123001244721,0.05194805194780705,0.2641148325355182
E1,q2_x3_loro_hokkaido_iburi_tobu_seed42,pooled_loro,intervention,42,1120,na,hokkaido_iburi_tobu,Hokkaido1355,0.5,39,14,689,15642,25.635009256187985,0.2270375161704169,0.403454790822801
E1,q2_x3_loro_hokkaido_iburi_tobu_seed42,pooled_loro,intervention,42,1120,na,hokkaido_iburi_tobu,Hokkaido1356,0.5,14,12,450,15908,75.00399982223801,0.1932367149755807,0.24360815857480456
E1,q2_x3_loro_hokkaido_iburi_tobu_seed42,pooled_loro,intervention,42,1120,na,hokkaido_iburi_tobu,Hokkaido1357,0.5,1,13,378,15992,58.87224369801783,0.03763440860176246,0.07123287671195445
E1,q2_x3_loro_hokkaido_iburi_tobu_seed42,pooled_loro,intervention,42,1120,na,hokkaido_iburi_tobu,Hokkaido1358,0.5,16,28,89,16251,38.13052722599234,0.29999999999952615,0.3169291338577848
E1,q2_x3_loro_hokkaido_iburi_tobu_seed42,pooled_loro,intervention,42,1120,na,hokkaido_iburi_tobu,Hokkaido1359,0.5,2,2,25,16355,25.80697580112788,0.5999999999995799,0.5999999999995799
E1,q2_x3_loro_hokkaido_iburi_tobu_seed42,pooled_loro,intervention,42,1120,na,hokkaido_iburi_tobu,Hokkaido1360,0.5,0,101,101,16182,49.16559024684202,0.0,0.0
E1,q2_x3_loro_hokkaido_iburi_tobu_seed42,pooled_loro,intervention,42,1120,na,hokkaido_iburi_tobu,Hokkaido1361,0.5,0,0,101,16283,181.01933598375618,0.0,0.0
E1,q2_x3_loro_hokkaido_iburi_tobu_seed42,pooled_loro,intervention,42,1120,na,hokkaido_iburi_tobu,Hokkaido1363,0.5,0,1,28,16355,87.25880376402957,0.0,0.0
E1,q2_x3_loro_hokkaido_iburi_tobu_seed42,pooled_loro,intervention,42,1120,na,hokkaido_iburi_tobu,Hokkaido1364,0.5,14,5,585,15780,93.26299078090594,0.1614906832296652,0.2168674698793247
E1,q2_x3_loro_hokkaido_iburi_tobu_seed42,pooled_loro,intervention,42,1120,na,hokkaido_iburi_tobu,Hokkaido1365,0.5,14,5,1408,14957,118.15239280205847,0.0700808625336251,0.09574468085097267
E1,q2_x3_loro_hokkaido_iburi_tobu_seed42,pooled_loro,intervention,42,1120,na,hokkaido_iburi_tobu,Hokkaido1366,0.5,55,325,1550,14454,62.41794305278151,0.07176781002607942,0.12763329444830787
E1,q2_x3_loro_hokkaido_iburi_tobu_seed42,pooled_loro,intervention,42,1120,na,hokkaido_iburi_tobu,Hokkaido1367,0.5,20,0,893,15471,112.28824424301364,0.06106587712794844,0.10997963340111806
E1,q2_x3_loro_hokkaido_iburi_tobu_seed42,pooled_loro,intervention,42,1120,na,hokkaido_iburi_tobu,Hokkaido1368,0.5,0,28,307,16049,131.00556593720182,0.0,0.0
E1,q2_x3_loro_hokkaido_iburi_tobu_seed42,pooled_loro,intervention,42,1120,na,hokkaido_iburi_tobu,Hokkaido1369,0.5,0,19,156,16209,121.74707149018504,0.0,0.0
E1,q2_x3_loro_hokkaido_iburi_tobu_seed42,pooled_loro,intervention,42,1120,na,hokkaido_iburi_tobu,Hokkaido1370,0.5,0,10,17,16357,102.05268139297695,0.0,0.0
E1,q2_x3_loro_hokkaido_iburi_tobu_seed42,pooled_loro,intervention,42,1120,na,hokkaido_iburi_tobu,Hokkaido1371,0.5,0,0,31,16353,181.01933598375618,0.0,0.0
E1,q2_x3_loro_hokkaido_iburi_tobu_seed42,pooled_loro,intervention,42,1120,na,hokkaido_iburi_tobu,Hokkaido1372,0.5,3,4,74,16303,76.99075554489494,0.25095057034179125,0.28158844765298846
E1,q2_x3_loro_hokkaido_iburi_tobu_seed42,pooled_loro,intervention,42,1120,na,hokkaido_iburi_tobu,Hokkaido1373,0.5,0,0,119,16265,181.01933598375618,0.0,0.0
E1,q2_x3_loro_hokkaido_iburi_tobu_seed42,pooled_loro,intervention,42,1120,na,hokkaido_iburi_tobu,Hokkaido1374,0.5,0,0,56,16328,181.01933598375618,0.0,0.0
E1,q2_x3_loro_hokkaido_iburi_tobu_seed42,pooled_loro,intervention,42,1120,na,hokkaido_iburi_tobu,Hokkaido1375,0.5,0,214,36,16134,122.72016298512868,0.0,0.0
E1,q2_x3_loro_hokkaido_iburi_tobu_seed42,pooled_loro,intervention,42,1120,na,hokkaido_iburi_tobu,Hokkaido1376,0.5,1,0,62,16321,62.75309905321812,0.22222222222202467,0.3030303030300459
E1,q2_x3_loro_hokkaido_iburi_tobu_seed42,pooled_loro,intervention,42,1120,na,hokkaido_iburi_tobu,Hokkaido1377,0.5,7,12,170,16195,37.85810219409466,0.1691275167781698,0.19667943805835708
E1,q2_x3_loro_hokkaido_iburi_tobu_seed42,pooled_loro,intervention,42,1120,na,hokkaido_iburi_tobu,Hokkaido1378,0.5,9,24,400,15951,44.654227123532216,0.1395973154359314,0.18373680943475584
E1,q2_x3_loro_hokkaido_iburi_tobu_seed42,pooled_loro,intervention,42,1120,na,hokkaido_iburi_tobu,Hokkaido1379,0.5,2,21,265,16096,45.46794668677133,0.06349206349163013,0.08609271523129775
E1,q2_x3_loro_hokkaido_iburi_tobu_seed42,pooled_loro,intervention,42,1120,na,hokkaido_iburi_tobu,Hokkaido1382,0.5,20,121,117,16126,35.0,0.24277456647349047,0.33513513513463516
E1,q2_x3_loro_hokkaido_iburi_tobu_seed42,pooled_loro,intervention,42,1120,na,hokkaido_iburi_tobu,Hokkaido1383,0.5,65,115,1022,15182,64.81512169239521,0.13945857260020972,0.16678248783849076
E1,q2_x3_loro_hokkaido_iburi_tobu_seed42,pooled_loro,intervention,42,1120,na,hokkaido_iburi_tobu,Hokkaido1384,0.5,17,0,2305,14062,68.41052550594829,0.02769230769225675,0.04974207811343084
E1,q2_x3_loro_hokkaido_iburi_tobu_seed42,pooled_loro,intervention,42,1120,na,hokkaido_iburi_tobu,Hokkaido1385,0.5,55,0,2365,13964,76.3449219202998,0.07387520829467127,0.1368301026224417
E1,q2_x3_loro_hokkaido_iburi_tobu_seed42,pooled_loro,intervention,42,1120,na,hokkaido_iburi_tobu,Hokkaido1386,0.5,178,1,898,15307,53.75872022286245,0.3198808767816031,0.48736291547119726
E1,q2_x3_loro_hokkaido_iburi_tobu_seed42,pooled_loro,intervention,42,1120,na,hokkaido_iburi_tobu,Hokkaido1387,0.5,0,0,28,16356,181.01933598375618,0.0,0.0
E1,q2_x3_loro_hokkaido_iburi_tobu_seed42,pooled_loro,intervention,42,1120,na,hokkaido_iburi_tobu,Hokkaido1388,0.5,1,3,63,16317,98.07624502183918,0.19999999999952,0.29230769230720666
E1,q2_x3_loro_hokkaido_iburi_tobu_seed42,pooled_loro,intervention,42,1120,na,hokkaido_iburi_tobu,Hokkaido1389,0.5,8,0,197,16179,26.122626271834836,0.30270270270244576,0.5047619047615274
E1,q2_x3_loro_hokkaido_iburi_tobu_seed42,pooled_loro,intervention,42,1120,na,hokkaido_iburi_tobu,Hokkaido1390,0.5,51,0,385,15948,56.015621620943236,0.315849923430012,0.49411764705845146
E1,q2_x3_loro_hokkaido_iburi_tobu_seed42,pooled_loro,intervention,42,1120,na,hokkaido_iburi_tobu,Hokkaido1391,0.5,32,0,292,16060,77.62731397877926,0.3101160862351724,0.5919999999995832
E1,q2_x3_loro_hokkaido_iburi_tobu_seed42,pooled_loro,intervention,42,1120,na,hokkaido_iburi_tobu,Hokkaido1392,0.5,0,0,29,16355,181.01933598375618,0.0,0.0
E1,q2_x3_loro_hokkaido_iburi_tobu_seed42,pooled_loro,intervention,42,1120,na,hokkaido_iburi_tobu,Hokkaido1393,0.5,0,1,22,16361,74.72247286460419,0.0,0.0
E1,q2_x3_loro_hokkaido_iburi_tobu_seed42,pooled_loro,intervention,42,1120,na,hokkaido_iburi_tobu,Hokkaido1394,0.5,6,2,89,16287,46.084701861928295,0.3285528031287693,0.41226993864994654
E1,q2_x3_loro_hokkaido_iburi_tobu_seed42,pooled_loro,intervention,42,1120,na,hokkaido_iburi_tobu,Hokkaido1395,0.5,8,1,157,16218,50.515201164219455,0.2857142857140408,0.33333333333305554
E1,q2_x3_loro_hokkaido_iburi_tobu_seed42,pooled_loro,intervention,42,1120,na,hokkaido_iburi_tobu,Hokkaido1396,0.5,0,0,92,16292,181.01933598375618,0.0,0.0
E1,q2_x3_loro_hokkaido_iburi_tobu_seed42,pooled_loro,intervention,42,1120,na,hokkaido_iburi_tobu,Hokkaido1397,0.5,0,0,29,16355,181.01933598375618,0.0,0.0
E1,q2_x3_loro_hokkaido_iburi_tobu_seed42,pooled_loro,intervention,42,1120,na,hokkaido_iburi_tobu,Hokkaido1398,0.5,0,0,29,16355,181.01933598375618,0.0,0.0
E1,q2_x3_loro_hokkaido_iburi_tobu_seed42,pooled_loro,intervention,42,1120,na,hokkaido_iburi_tobu,Hokkaido1400,0.5,0,12,24,16348,66.46009876509551,0.0,0.0
E1,q2_x3_loro_hokkaido_iburi_tobu_seed42,pooled_loro,intervention,42,1120,na,hokkaido_iburi_tobu,Hokkaido1401,0.5,0,9,23,16352,66.47026612323606,0.0,0.0
E1,q2_x3_loro_hokkaido_iburi_tobu_seed42,pooled_loro,intervention,42,1120,na,hokkaido_iburi_tobu,Hokkaido1403,0.5,2,2362,347,13673,52.81932194873399,0.011650485436588668,0.01295788686750617
E1,q2_x3_loro_hokkaido_iburi_tobu_seed42,pooled_loro,intervention,42,1120,na,hokkaido_iburi_tobu,Hokkaido1404,0.5,11,347,1634,14392,57.23416199437959,0.02110446711188272,0.06239364719184633
E1,q2_x3_loro_hokkaido_iburi_tobu_seed42,pooled_loro,intervention,42,1120,na,hokkaido_iburi_tobu,Hokkaido1405,0.5,150,16,1967,14251,56.817187953269226,0.1604708075979894,0.2771194165904632
E1,q2_x3_loro_hokkaido_iburi_tobu_seed42,pooled_loro,intervention,42,1120,na,hokkaido_iburi_tobu,Hokkaido1406,0.5,12,0,1231,15141,90.21086409075129,0.037940379403731114,0.11428571428560654
E1,q2_x3_loro_hokkaido_iburi_tobu_seed42,pooled_loro,intervention,42,1120,na,hokkaido_iburi_tobu,Hokkaido1407,0.5,19,0,403,15962,83.00749570414183,0.12993503248356164,0.40358744394586615
E1,q2_x3_loro_hokkaido_iburi_tobu_seed42,pooled_loro,intervention,42,1120,na,hokkaido_iburi_tobu,Hokkaido1408,0.5,1,414,46,15923,117.38824472663352,0.015971606033652674,0.016260162601594026
E1,q2_x3_loro_hokkaido_iburi_tobu_seed42,pooled_loro,intervention,42,1120,na,hokkaido_iburi_tobu,Hokkaido1409,0.5,5,12,169,16198,92.42608644997209,0.11349306431242502,0.22900763358731077
E1,q2_x3_loro_hokkaido_iburi_tobu_seed42,pooled_loro,intervention,42,1120,na,hokkaido_iburi_tobu,Hokkaido1410,0.5,60,4,362,15958,73.66884349061245,0.3741667263992023,0.6074498567331014
E1,q2_x3_loro_hokkaido_iburi_tobu_seed42,pooled_loro,intervention,42,1120,na,hokkaido_iburi_tobu,Hokkaido1411,0.5,41,91,254,15998,45.89117562233506,0.3148989898984972,0.45052292839853547
E1,q2_x3_loro_hokkaido_iburi_tobu_seed42,pooled_loro,intervention,42,1120,na,hokkaido_iburi_tobu,Hokkaido1414,0.5,0,77,29,16278,59.03769912283454,0.0,0.0
E1,q2_x3_loro_hokkaido_iburi_tobu_seed42,pooled_loro,intervention,42,1120,na,hokkaido_iburi_tobu,Hokkaido1415,0.5,0,0,29,16355,181.01933598375618,0.0,0.0
E1,q2_x3_loro_hokkaido_iburi_tobu_seed42,pooled_loro,intervention,42,1120,na,hokkaido_iburi_tobu,Hokkaido1417,0.5,2,2,59,16321,98.80348958879391,0.3934426229505036,0.657534246574901
E1,q2_x3_loro_hokkaido_iburi_tobu_seed42,pooled_loro,intervention,42,1120,na,hokkaido_iburi_tobu,Hokkaido1418,0.5,7,5,714,15658,95.1440937202699,0.1401869158877201,0.22321428571408738
E1,q2_x3_loro_hokkaido_iburi_tobu_seed42,pooled_loro,intervention,42,1120,na,hokkaido_iburi_tobu,Hokkaido1419,0.5,6,277,1289,14812,88.3297409993823,0.019093078758482488,0.054187192117770275
E1,q2_x3_loro_hokkaido_iburi_tobu_seed42,pooled_loro,intervention,42,1120,na,hokkaido_iburi_tobu,Hokkaido1420,0.5,4,743,1229,14408,59.65106596512211,0.014634146340963428,0.04105571847465168
E1,q2_x3_loro_hokkaido_iburi_tobu_seed42,pooled_loro,intervention,42,1120,na,hokkaido_iburi_tobu,Hokkaido1421,0.5,6,141,1359,14878,91.5334622426842,0.00595238095226899,0.04561717352389239
E1,q2_x3_loro_hokkaido_iburi_tobu_seed42,pooled_loro,intervention,42,1120,na,hokkaido_iburi_tobu,Hokkaido1422,0.5,49,5,886,15444,65.96969000988257,0.06778065427147022,0.23868023868002317
E1,q2_x3_loro_hokkaido_iburi_tobu_seed42,pooled_loro,intervention,42,1120,na,hokkaido_iburi_tobu,Hokkaido1423,0.5,0,4,228,16152,51.20056707549524,0.0,0.0
E1,q2_x3_loro_hokkaido_iburi_tobu_seed42,pooled_loro,intervention,42,1120,na,hokkaido_iburi_tobu,Hokkaido1424,0.5,0,0,111,16273,181.01933598375618,0.0,0.0
E1,q2_x3_loro_hokkaido_iburi_tobu_seed42,pooled_loro,intervention,42,1120,na,hokkaido_iburi_tobu,Hokkaido1425,0.5,0,0,52,16332,181.01933598375618,0.0,0.0
E1,q2_x3_loro_hokkaido_iburi_tobu_seed42,pooled_loro,intervention,42,1120,na,hokkaido_iburi_tobu,Hokkaido1426,0.5,0,0,115,16269,181.01933598375618,0.0,0.0
E1,q2_x3_loro_hokkaido_iburi_tobu_seed42,pooled_loro,intervention,42,1120,na,hokkaido_iburi_tobu,Hokkaido1427,0.5,0,0,238,16146,181.01933598375618,0.0,0.0
E1,q2_x3_loro_hokkaido_iburi_tobu_seed42,pooled_loro,intervention,42,1120,na,hokkaido_iburi_tobu,Hokkaido1428,0.5,4,4,119,16257,25.935412175580495,0.17021276595716434,0.27777777777737656
E1,q2_x3_loro_hokkaido_iburi_tobu_seed42,pooled_loro,intervention,42,1120,na,hokkaido_iburi_tobu,Hokkaido1429,0.5,2,21,37,16324,39.35733730830886,0.13333333333297556,0.1531914893614922
E1,q2_x3_loro_hokkaido_iburi_tobu_seed42,pooled_loro,intervention,42,1120,na,hokkaido_iburi_tobu,Hokkaido1430,0.5,1,0,38,16345,7.788505997642237,0.35294117647029755,0.6976744186041969
E1,q2_x3_loro_hokkaido_iburi_tobu_seed42,pooled_loro,intervention,42,1120,na,hokkaido_iburi_tobu,Hokkaido1431,0.5,3,2,110,16269,62.63864589225158,0.31168831168804856,0.5393258426962353
E1,q2_x3_loro_hokkaido_iburi_tobu_seed42,pooled_loro,intervention,42,1120,na,hokkaido_iburi_tobu,Hokkaido1432,0.5,12,4,846,15522,62.71940493555353,0.1599999999998528,0.2857142857140408
E1,q2_x3_loro_hokkaido_iburi_tobu_seed42,pooled_loro,intervention,42,1120,na,hokkaido_iburi_tobu,Hokkaido1433,0.5,8,1,1511,14864,68.96375859826666,0.02005012531319705,0.05534591194960596
E1,q2_x3_loro_hokkaido_iburi_tobu_seed42,pooled_loro,intervention,42,1120,na,hokkaido_iburi_tobu,Hokkaido1434,0.5,10,3,1243,15128,63.74293861013775,0.05804111245456552,0.15106431677711749
E1,q2_x3_loro_hokkaido_iburi_tobu_seed42,pooled_loro,intervention,42,1120,na,hokkaido_iburi_tobu,Hokkaido1435,0.5,0,0,669,15715,181.01933598375618,0.0,0.0
E1,q2_x3_loro_hokkaido_iburi_tobu_seed42,pooled_loro,intervention,42,1120,na,hokkaido_iburi_tobu,Hokkaido1436,0.5,0,3,222,16159,93.9044477012297,0.0,0.0
E1,q2_x3_loro_hokkaido_iburi_tobu_seed42,pooled_loro,intervention,42,1120,na,hokkaido_iburi_tobu,Hokkaido1437,0.5,0,2,50,16332,90.26821009375792,0.0,0.0
E1,q2_x3_loro_hokkaido_iburi_tobu_seed42,pooled_loro,intervention,42,1120,na,hokkaido_iburi_tobu,Hokkaido1438,0.5,0,0,70,16314,181.01933598375618,0.0,0.0
E1,q2_x3_loro_hokkaido_iburi_tobu_seed42,pooled_loro,intervention,42,1120,na,hokkaido_iburi_tobu,Hokkaido1439,0.5,0,12,52,16320,62.310966341567394,0.0,0.0
E1,q2_x3_loro_hokkaido_iburi_tobu_seed42,pooled_loro,intervention,42,1120,na,hokkaido_iburi_tobu,Hokkaido1440,0.5,0,0,115,16269,181.01933598375618,0.0,0.0
E1,q2_x3_loro_hokkaido_iburi_tobu_seed42,pooled_loro,intervention,42,1120,na,hokkaido_iburi_tobu,Hokkaido1441,0.5,0,0,238,16146,181.01933598375618,0.0,0.0
E1,q2_x3_loro_hokkaido_iburi_tobu_seed42,pooled_loro,intervention,42,1120,na,hokkaido_iburi_tobu,Hokkaido1442,0.5,0,0,166,16218,181.01933598375618,0.0,0.0
E1,q2_x3_loro_hokkaido_iburi_tobu_seed42,pooled_loro,intervention,42,1120,na,hokkaido_iburi_tobu,Hokkaido1443,0.5,0,76,82,16226,55.41565791368764,0.0,0.0
E1,q2_x3_loro_hokkaido_iburi_tobu_seed42,pooled_loro,intervention,42,1120,na,hokkaido_iburi_tobu,Hokkaido1444,0.5,0,152,39,16193,48.00833242930497,0.0,0.0
E1,q2_x3_loro_hokkaido_iburi_tobu_seed42,pooled_loro,intervention,42,1120,na,hokkaido_iburi_tobu,Hokkaido1445,0.5,2,0,83,16299,83.13236048239513,0.2181818181816238,0.3666666666663672
E1,q2_x3_loro_hokkaido_iburi_tobu_seed42,pooled_loro,intervention,42,1120,na,hokkaido_iburi_tobu,Hokkaido1446,0.5,7,57,162,16158,50.48099837990291,0.12940330697298472,0.20521172638386695
E1,q2_x3_loro_hokkaido_iburi_tobu_seed42,pooled_loro,intervention,42,1120,na,hokkaido_iburi_tobu,Hokkaido1447,0.5,0,2,224,16158,72.45722671094697,0.0,0.0
E1,q2_x3_loro_hokkaido_iburi_tobu_seed42,pooled_loro,intervention,42,1120,na,hokkaido_iburi_tobu,Hokkaido1448,0.5,7,0,225,16152,43.95163404704731,0.1946902654865499,0.2711864406777317
E1,q2_x3_loro_hokkaido_iburi_tobu_seed42,pooled_loro,intervention,42,1120,na,hokkaido_iburi_tobu,Hokkaido1449,0.5,5,0,149,16230,111.43157564377996,0.22916666666646376,0.31683168316805016
E1,q2_x3_loro_hokkaido_iburi_tobu_seed42,pooled_loro,intervention,42,1120,na,hokkaido_iburi_tobu,Hokkaido1450,0.5,0,2,95,16287,73.28968792765387,0.0,0.0
E1,q2_x3_loro_hokkaido_iburi_tobu_seed42,pooled_loro,intervention,42,1120,na,hokkaido_iburi_tobu,Hokkaido1451,0.5,21,2,130,16231,58.034472514187634,0.20183486238501003,0.6841243862515756
E1,q2_x3_loro_hokkaido_iburi_tobu_seed42,pooled_loro,intervention,42,1120,na,hokkaido_iburi_tobu,Hokkaido1452,0.5,9,0,109,16266,46.88175033659297,0.10169491525397874,0.7012987012982459
E1,q2_x3_loro_hokkaido_iburi_tobu_seed42,pooled_loro,intervention,42,1120,na,hokkaido_iburi_tobu,Hokkaido1453,0.5,0,0,43,16341,181.01933598375618,0.0,0.0
E1,q2_x3_loro_hokkaido_iburi_tobu_seed42,pooled_loro,intervention,42,1120,na,hokkaido_iburi_tobu,Hokkaido1454,0.5,0,0,43,16341,181.01933598375618,0.0,0.0
E1,q2_x3_loro_hokkaido_iburi_tobu_seed42,pooled_loro,intervention,42,1120,na,hokkaido_iburi_tobu,Hokkaido1455,0.5,29,0,36,16319,3.0500000000000007,0.825112107622819,0.9999999999995
E1,q2_x3_loro_hokkaido_iburi_tobu_seed42,pooled_loro,intervention,42,1120,na,hokkaido_iburi_tobu,Hokkaido1456,0.5,42,0,28,16314,2.8541630560342615,0.8978675645337333,0.9999999999995
E1,q2_x3_loro_hokkaido_iburi_tobu_seed42,pooled_loro,intervention,42,1120,na,hokkaido_iburi_tobu,Hokkaido1460,0.5,3,0,274,16107,20.26681030115517,0.2608695652171645,0.37837837837807153
E1,q2_x3_loro_hokkaido_iburi_tobu_seed42,pooled_loro,intervention,42,1120,na,hokkaido_iburi_tobu,Hokkaido1461,0.5,2,0,514,15868,121.48637641455697,0.11428571428560654,0.17931034482742297
E1,q2_x3_loro_hokkaido_iburi_tobu_seed42,pooled_loro,intervention,42,1120,na,hokkaido_iburi_tobu,Hokkaido1462,0.5,29,0,310,16045,116.52159063731001,0.28523489932853746,0.5822784810122454
E1,q2_x3_loro_hokkaido_iburi_tobu_seed42,pooled_loro,intervention,42,1120,na,hokkaido_iburi_tobu,Hokkaido1463,0.5,22,0,78,16284,4.024621125123532,0.29690721649441504,0.9722222222217225
E1,q2_x3_loro_hokkaido_iburi_tobu_seed42,pooled_loro,intervention,42,1120,na,hokkaido_iburi_tobu,Hokkaido1464,0.5,30,0,35,16319,3.0500000000000007,0.7810650887568972,0.9999999999995
E1,q2_x3_loro_hokkaido_iburi_tobu_seed42,pooled_loro,intervention,42,1120,na,hokkaido_iburi_tobu,Hokkaido1465,0.5,40,0,30,16314,2.8541630560342615,0.8978675645337333,0.9999999999995
E1,q2_x3_loro_hokkaido_iburi_tobu_seed42,pooled_loro,intervention,42,1120,na,hokkaido_iburi_tobu,Hokkaido1467,0.5,2,0,275,16107,20.26681030115517,0.2608695652171645,0.37837837837807153
E1,q2_x3_loro_hokkaido_iburi_tobu_seed42,pooled_loro,intervention,42,1120,na,hokkaido_iburi_tobu,Hokkaido1468,0.5,5,0,480,15899,24.838699100999072,0.16806722689060238,0.24193548387075506
E1,q2_x3_loro_hokkaido_iburi_tobu_seed42,pooled_loro,intervention,42,1120,na,hokkaido_iburi_tobu,Hokkaido1469,0.5,0,0,208,16176,181.01933598375618,0.0,0.0
E1,q2_x3_loro_hokkaido_iburi_tobu_seed42,pooled_loro,intervention,42,1120,na,hokkaido_iburi_tobu,Hokkaido1471,0.5,19,0,121,16244,31.393455050213184,0.2689486552563568,0.5747126436777512
E1,q2_x3_loro_hokkaido_iburi_tobu_seed42,pooled_loro,intervention,42,1120,na,hokkaido_iburi_tobu,Hokkaido1472,0.5,21,0,154,16209,105.0090470252567,0.2659279778390028,0.4297520661153651
E1,q2_x3_loro_hokkaido_iburi_tobu_seed42,pooled_loro,intervention,42,1120,na,hokkaido_iburi_tobu,Hokkaido1473,0.5,0,0,84,16300,181.01933598375618,0.0,0.0
E1,q2_x3_loro_hokkaido_iburi_tobu_seed42,pooled_loro,intervention,42,1120,na,hokkaido_iburi_tobu,Hokkaido1474,0.5,0,118,23,16243,62.37972269336874,0.0,0.0
E1,q2_x3_loro_hokkaido_iburi_tobu_seed42,pooled_loro,intervention,42,1120,na,hokkaido_iburi_tobu,Hokkaido1475,0.5,0,0,23,16361,181.01933598375618,0.0,0.0
E1,q2_x3_loro_hokkaido_iburi_tobu_seed42,pooled_loro,intervention,42,1120,na,hokkaido_iburi_tobu,Hokkaido1481,0.5,2,6,152,16224,31.002106987071272,0.1284403669720953,0.26035502958529966
E1,q2_x3_loro_hokkaido_iburi_tobu_seed42,pooled_loro,intervention,42,1120,na,hokkaido_iburi_tobu,Hokkaido1482,0.5,45,0,288,16051,37.033454945330995,0.32235210768649786,0.5585229911746953
E1,q2_x3_loro_hokkaido_iburi_tobu_seed42,pooled_loro,intervention,42,1120,na,hokkaido_iburi_tobu,Hokkaido1483,0.5,16,0,247,16121,105.0,0.13580246913562447,0.28235294117622806
E1,q2_x3_loro_hokkaido_iburi_tobu_seed42,pooled_loro,intervention,42,1120,na,hokkaido_iburi_tobu,Hokkaido1484,0.5,0,200,84,16100,59.8743977093766,0.0,0.0
E1,q2_x3_loro_hokkaido_iburi_tobu_seed42,pooled_loro,intervention,42,1120,na,hokkaido_iburi_tobu,Hokkaido1485,0.5,0,0,23,16361,181.01933598375618,0.0,0.0
E1,q2_x3_loro_hokkaido_iburi_tobu_seed42,pooled_loro,intervention,42,1120,na,hokkaido_iburi_tobu,Hokkaido1486,0.5,0,43,23,16318,51.390760630154574,0.0,0.0
E1,q2_x3_loro_hokkaido_iburi_tobu_seed42,pooled_loro,intervention,42,1120,na,hokkaido_iburi_tobu,Hokkaido1487,0.5,0,0,82,16302,181.01933598375618,0.0,0.0
E1,q2_x3_loro_hokkaido_iburi_tobu_seed42,pooled_loro,intervention,42,1120,na,hokkaido_iburi_tobu,Hokkaido1488,0.5,9,0,140,16235,52.68196583195233,0.24060150375918685,0.4503311258274656
E1,q2_x3_loro_hokkaido_iburi_tobu_seed42,pooled_loro,intervention,42,1120,na,hokkaido_iburi_tobu,Hokkaido1489,0.5,0,0,243,16141,181.01933598375618,0.0,0.0
E1,q2_x3_loro_hokkaido_iburi_tobu_seed42,pooled_loro,intervention,42,1120,na,hokkaido_iburi_tobu,Hokkaido1490,0.5,0,0,270,16114,181.01933598375618,0.0,0.0
E1,q2_x3_loro_hokkaido_iburi_tobu_seed42,pooled_loro,intervention,42,1120,na,hokkaido_iburi_tobu,Hokkaido1492,0.5,2,48,133,16201,76.07298840455034,0.0710659898472374,0.09734513274307727
E1,q2_x3_loro_hokkaido_iburi_tobu_seed42,pooled_loro,intervention,42,1120,na,hokkaido_iburi_tobu,Hokkaido1493,0.5,2,0,305,16077,118.10580713459744,0.06862745098032588,0.20091324200895166
E1,q2_x3_loro_hokkaido_iburi_tobu_seed42,pooled_loro,intervention,42,1120,na,hokkaido_iburi_tobu,Hokkaido1494,0.5,3,0,375,16006,113.04600765464194,0.13733905579386352,0.2980392156860209
E1,q2_x3_loro_hokkaido_iburi_tobu_seed42,pooled_loro,intervention,42,1120,na,hokkaido_iburi_tobu,Hokkaido1495,0.5,3,8,235,16138,24.202270966589218,0.12295081967178194,0.22429906542007652
E1,q2_x3_loro_hokkaido_iburi_tobu_seed42,pooled_loro,intervention,42,1120,na,hokkaido_iburi_tobu,Hokkaido1496,0.5,0,9,51,16324,40.49234429498287,0.0,0.0
E1,q2_x3_loro_hokkaido_iburi_tobu_seed42,pooled_loro,intervention,42,1120,na,hokkaido_iburi_tobu,Hokkaido1497,0.5,0,0,143,16241,181.01933598375618,0.0,0.0
E1,q2_x3_loro_hokkaido_iburi_tobu_seed42,pooled_loro,intervention,42,1120,na,hokkaido_iburi_tobu,Hokkaido1498,0.5,0,0,124,16260,181.01933598375618,0.0,0.0
E1,q2_x3_loro_hokkaido_iburi_tobu_seed42,pooled_loro,intervention,42,1120,na,hokkaido_iburi_tobu,Hokkaido1499,0.5,1,0,78,16305,28.202793165002557,0.03448275862065576,0.5569620253160539
E1,q2_x3_loro_hokkaido_iburi_tobu_seed42,pooled_loro,intervention,42,1120,na,hokkaido_iburi_tobu,Hokkaido1500,0.5,0,15,146,16223,90.59813756163781,0.0,0.0
E1,q2_x3_loro_hokkaido_iburi_tobu_seed42,pooled_loro,intervention,42,1120,na,hokkaido_iburi_tobu,Hokkaido1501,0.5,0,2,291,16091,70.57155118041376,0.0,0.0
E1,q2_x3_loro_hokkaido_iburi_tobu_seed42,pooled_loro,intervention,42,1120,na,hokkaido_iburi_tobu,Hokkaido1502,0.5,69,22,346,15947,31.30729102002107,0.39580908032559825,0.5940466842739617
E1,q2_x3_loro_hokkaido_iburi_tobu_seed42,pooled_loro,intervention,42,1120,na,hokkaido_iburi_tobu,Hokkaido1503,0.5,1,0,207,16176,107.22266397130424,0.07812499999992492,0.15037593984948497
E1,q2_x3_loro_hokkaido_iburi_tobu_seed42,pooled_loro,intervention,42,1120,na,hokkaido_iburi_tobu,Hokkaido1504,0.5,0,0,273,16111,181.01933598375618,0.0,0.0
E1,q2_x3_loro_hokkaido_iburi_tobu_seed42,pooled_loro,intervention,42,1120,na,hokkaido_iburi_tobu,Hokkaido1506,0.5,0,140,31,16213,62.4634989456796,0.0,0.0
E1,q2_x3_loro_hokkaido_iburi_tobu_seed42,pooled_loro,intervention,42,1120,na,hokkaido_iburi_tobu,Hokkaido1507,0.5,21,0,337,16026,69.78714711253622,0.3468634686343996,0.4915824915821208
E1,q2_x3_loro_hokkaido_iburi_tobu_seed42,pooled_loro,intervention,42,1120,na,hokkaido_iburi_tobu,Hokkaido1508,0.5,4,84,881,15415,69.65629906907199,0.06056434962104472,0.07421150278246
E1,q2_x3_loro_hokkaido_iburi_tobu_seed42,pooled_loro,intervention,42,1120,na,hokkaido_iburi_tobu,Hokkaido1509,0.5,11,112,707,15554,48.010415536631214,0.11138478379812859,0.13761578250883585
E1,q2_x3_loro_hokkaido_iburi_tobu_seed42,pooled_loro,intervention,42,1120,na,hokkaido_iburi_tobu,Hokkaido1510,0.5,13,49,286,16036,67.1559238399252,0.19209765499481013,0.2572741194483032
E1,q2_x3_loro_hokkaido_iburi_tobu_seed42,pooled_loro,intervention,42,1120,na,hokkaido_iburi_tobu,Hokkaido1511,0.5,5,13,351,16015,89.94331339545042,0.14666666666645548,0.20906432748513254
E1,q2_x3_loro_hokkaido_iburi_tobu_seed42,pooled_loro,intervention,42,1120,na,hokkaido_iburi_tobu,Hokkaido1512,0.5,0,1,217,16166,84.20376810158069,0.0,0.0
E1,q2_x3_loro_hokkaido_iburi_tobu_seed42,pooled_loro,intervention,42,1120,na,hokkaido_iburi_tobu,Hokkaido1513,0.5,0,0,37,16347,181.01933598375618,0.0,0.0
E1,q2_x3_loro_hokkaido_iburi_tobu_seed42,pooled_loro,intervention,42,1120,na,hokkaido_iburi_tobu,Hokkaido1514,0.5,0,11,37,16336,88.34800869851523,0.0,0.0
E1,q2_x3_loro_hokkaido_iburi_tobu_seed42,pooled_loro,intervention,42,1120,na,hokkaido_iburi_tobu,Hokkaido1515,0.5,0,87,127,16170,71.7112074276981,0.0,0.0
E1,q2_x3_loro_hokkaido_iburi_tobu_seed42,pooled_loro,intervention,42,1120,na,hokkaido_iburi_tobu,Hokkaido1516,0.5,0,0,254,16130,181.01933598375618,0.0,0.0
E1,q2_x3_loro_hokkaido_iburi_tobu_seed42,pooled_loro,intervention,42,1120,na,hokkaido_iburi_tobu,Hokkaido1517,0.5,4,0,140,16240,96.29268697000414,0.30612244897933255,0.5045045045041272
E1,q2_x3_loro_hokkaido_iburi_tobu_seed42,pooled_loro,intervention,42,1120,na,hokkaido_iburi_tobu,Hokkaido1518,0.5,0,0,277,16107,181.01933598375618,0.0,0.0
E1,q2_x3_loro_hokkaido_iburi_tobu_seed42,pooled_loro,intervention,42,1120,na,hokkaido_iburi_tobu,Hokkaido1519,0.5,0,0,260,16124,181.01933598375618,0.0,0.0
E1,q2_x3_loro_hokkaido_iburi_tobu_seed42,pooled_loro,intervention,42,1120,na,hokkaido_iburi_tobu,Hokkaido1521,0.5,0,0,64,16320,181.01933598375618,0.0,0.0
E1,q2_x3_loro_hokkaido_iburi_tobu_seed42,pooled_loro,intervention,42,1120,na,hokkaido_iburi_tobu,Hokkaido1522,0.5,0,0,760,15624,181.01933598375618,0.0,0.0
E1,q2_x3_loro_hokkaido_iburi_tobu_seed42,pooled_loro,intervention,42,1120,na,hokkaido_iburi_tobu,Hokkaido1523,0.5,31,0,1285,15068,62.00561248203605,0.12032580525718226,0.2502720348202381
E1,q2_x3_loro_hokkaido_iburi_tobu_seed42,pooled_loro,intervention,42,1120,na,hokkaido_iburi_tobu,Hokkaido1524,0.5,32,0,895,15457,37.31482070332416,0.20667442068513978,0.33417085427107845
E1,q2_x3_loro_hokkaido_iburi_tobu_seed42,pooled_loro,intervention,42,1120,na,hokkaido_iburi_tobu,Hokkaido1525,0.5,25,306,417,15636,27.28365235858483,0.21603808128842122,0.31290743155100015
E1,q2_x3_loro_hokkaido_iburi_tobu_seed42,pooled_loro,intervention,42,1120,na,hokkaido_iburi_tobu,Hokkaido1526,0.5,9,18,225,16132,111.9701811853735,0.2766031195837397,0.396843291995122
E1,q2_x3_loro_hokkaido_iburi_tobu_seed42,pooled_loro,intervention,42,1120,na,hokkaido_iburi_tobu,Hokkaido1527,0.5,2,0,112,16270,42.11644729058306,0.15189873417707483,0.3956043956040782
E1,q2_x3_loro_hokkaido_iburi_tobu_seed42,pooled_loro,intervention,42,1120,na,hokkaido_iburi_tobu,Hokkaido1528,0.5,0,0,37,16347,181.01933598375618,0.0,0.0
E1,q2_x3_loro_hokkaido_iburi_tobu_seed42,pooled_loro,intervention,42,1120,na,hokkaido_iburi_tobu,Hokkaido1529,0.5,0,4,37,16343,53.78192203966409,0.0,0.0
E1,q2_x3_loro_hokkaido_iburi_tobu_seed42,pooled_loro,intervention,42,1120,na,hokkaido_iburi_tobu,Hokkaido1530,0.5,0,3,99,16282,104.12412578051472,0.0,0.0
E1,q2_x3_loro_hokkaido_iburi_tobu_seed42,pooled_loro,intervention,42,1120,na,hokkaido_iburi_tobu,Hokkaido1531,0.5,0,11,99,16274,90.23190280405595,0.0,0.0
E1,q2_x3_loro_hokkaido_iburi_tobu_seed42,pooled_loro,intervention,42,1120,na,hokkaido_iburi_tobu,Hokkaido1534,0.5,0,0,33,16351,181.01933598375618,0.0,0.0
E1,q2_x3_loro_hokkaido_iburi_tobu_seed42,pooled_loro,intervention,42,1120,na,hokkaido_iburi_tobu,Hokkaido1535,0.5,0,0,170,16214,181.01933598375618,0.0,0.0
E1,q2_x3_loro_hokkaido_iburi_tobu_seed42,pooled_loro,intervention,42,1120,na,hokkaido_iburi_tobu,Hokkaido1536,0.5,0,0,685,15699,181.01933598375618,0.0,0.0
E1,q2_x3_loro_hokkaido_iburi_tobu_seed42,pooled_loro,intervention,42,1120,na,hokkaido_iburi_tobu,Hokkaido1537,0.5,19,0,822,15543,81.8518802943812,0.06991126646939382,0.1860465116277382
E1,q2_x3_loro_hokkaido_iburi_tobu_seed42,pooled_loro,intervention,42,1120,na,hokkaido_iburi_tobu,Hokkaido1538,0.5,23,0,526,15835,114.72432684916328,0.144373673035931,0.3143418467580848
E1,q2_x3_loro_hokkaido_iburi_tobu_seed42,pooled_loro,intervention,42,1120,na,hokkaido_iburi_tobu,Hokkaido1539,0.5,5,0,251,16128,90.20975336397954,0.16877637130786233,0.35606060606031337
E1,q2_x3_loro_hokkaido_iburi_tobu_seed42,pooled_loro,intervention,42,1120,na,hokkaido_iburi_tobu,Hokkaido1540,0.5,0,0,21,16363,181.01933598375618,0.0,0.0
E1,q2_x3_loro_hokkaido_iburi_tobu_seed42,pooled_loro,intervention,42,1120,na,hokkaido_iburi_tobu,Hokkaido1541,0.5,0,10,21,16353,74.7611295896861,0.0,0.0
E1,q2_x3_loro_hokkaido_iburi_tobu_seed42,pooled_loro,intervention,42,1120,na,hokkaido_iburi_tobu,Hokkaido1542,0.5,0,187,35,16162,83.9765739467847,0.0,0.0
E1,q2_x3_loro_hokkaido_iburi_tobu_seed42,pooled_loro,intervention,42,1120,na,hokkaido_iburi_tobu,Hokkaido1543,0.5,0,0,35,16349,181.01933598375618,0.0,0.0
E1,q2_x3_loro_hokkaido_iburi_tobu_seed42,pooled_loro,intervention,42,1120,na,hokkaido_iburi_tobu,Hokkaido1544,0.5,0,0,27,16357,181.01933598375618,0.0,0.0
E1,q2_x3_loro_hokkaido_iburi_tobu_seed42,pooled_loro,intervention,42,1120,na,hokkaido_iburi_tobu,Hokkaido1545,0.5,40,1,259,16084,15.439544520651925,0.3930131004362945,0.5418719211818496
E1,q2_x3_loro_hokkaido_iburi_tobu_seed42,pooled_loro,intervention,42,1120,na,hokkaido_iburi_tobu,Hokkaido1546,0.5,28,728,244,15384,41.79417513187225,0.14356435643518625,0.20197585071306068
E1,q2_x3_loro_hokkaido_iburi_tobu_seed42,pooled_loro,intervention,42,1120,na,hokkaido_iburi_tobu,Hokkaido1547,0.5,0,137,18,16229,48.79549159502341,0.0,0.0
E1,q2_x3_loro_hokkaido_iburi_tobu_seed42,pooled_loro,intervention,42,1120,na,hokkaido_iburi_tobu,Hokkaido1548,0.5,0,3,107,16274,94.92128666061576,0.0,0.0
E1,q2_x3_loro_hokkaido_iburi_tobu_seed42,pooled_loro,intervention,42,1120,na,hokkaido_iburi_tobu,Hokkaido1549,0.5,2,4,209,16169,87.73279455620649,0.10256410256384221,0.17777777777738665
E1,q2_x3_loro_hokkaido_iburi_tobu_seed42,pooled_loro,intervention,42,1120,na,hokkaido_iburi_tobu,Hokkaido1550,0.5,0,16,469,15899,85.53586945708051,0.0,0.0
E1,q2_x3_loro_hokkaido_iburi_tobu_seed42,pooled_loro,intervention,42,1120,na,hokkaido_iburi_tobu,Hokkaido1551,0.5,50,23,459,15852,69.02897942168927,0.31657478868034766,0.379024589050086
E1,q2_x3_loro_hokkaido_iburi_tobu_seed42,pooled_loro,intervention,42,1120,na,hokkaido_iburi_tobu,Hokkaido1552,0.5,0,13,162,16209,131.0778321978439,0.0,0.0
E1,q2_x3_loro_hokkaido_iburi_tobu_seed42,pooled_loro,intervention,42,1120,na,hokkaido_iburi_tobu,Hokkaido1554,0.5,2,0,332,16050,65.66312400026543,0.02040816326526614,0.0895522388058846
E1,q2_x3_loro_hokkaido_iburi_tobu_seed42,pooled_loro,intervention,42,1120,na,hokkaido_iburi_tobu,Hokkaido1555,0.5,3,0,269,16112,17.489995035739607,0.13793103448257313,0.29761904761879426
E1,q2_x3_loro_hokkaido_iburi_tobu_seed42,pooled_loro,intervention,42,1120,na,hokkaido_iburi_tobu,Hokkaido1556,0.5,0,4,21,16359,106.30545468847063,0.0,0.0
E1,q2_x3_loro_hokkaido_iburi_tobu_seed42,pooled_loro,intervention,42,1120,na,hokkaido_iburi_tobu,Hokkaido1557,0.5,1,4,314,16065,66.06922049964018,0.04651162790677122,0.1076923076919142
E1,q2_x3_loro_hokkaido_iburi_tobu_seed42,pooled_loro,intervention,42,1120,na,hokkaido_iburi_tobu,Hokkaido1558,0.5,27,1,838,15518,81.264465157926,0.1835748792268864,0.3012048192768526
E1,q2_x3_loro_hokkaido_iburi_tobu_seed42,pooled_loro,intervention,42,1120,na,hokkaido_iburi_tobu,Hokkaido1559,0.5,1,0,670,15713,101.96153266104002,0.040404040404000814,0.07539682539675283
E1,q2_x3_loro_hokkaido_iburi_tobu_seed42,pooled_loro,intervention,42,1120,na,hokkaido_iburi_tobu,Hokkaido1560,0.5,0,30,100,16254,111.54886322343154,0.0,0.0
E1,q2_x3_loro_hokkaido_iburi_tobu_seed42,pooled_loro,intervention,42,1120,na,hokkaido_iburi_tobu,Hokkaido1562,0.5,0,0,35,16349,181.01933598375618,0.0,0.0
E1,q2_x3_loro_hokkaido_iburi_tobu_seed42,pooled_loro,intervention,42,1120,na,hokkaido_iburi_tobu,Hokkaido1563,0.5,0,0,27,16357,181.01933598375618,0.0,0.0
E1,q2_x3_loro_hokkaido_iburi_tobu_seed42,pooled_loro,intervention,42,1120,na,hokkaido_iburi_tobu,Hokkaido1564,0.5,0,0,279,16105,181.01933598375618,0.0,0.0
E1,q2_x3_loro_hokkaido_iburi_tobu_seed42,pooled_loro,intervention,42,1120,na,hokkaido_iburi_tobu,Hokkaido1565,0.5,1,0,515,15868,48.3580255480109,0.05988023952089999,0.11078717201155713
E1,q2_x3_loro_hokkaido_iburi_tobu_seed42,pooled_loro,intervention,42,1120,na,hokkaido_iburi_tobu,Hokkaido1566,0.5,6,0,285,16093,93.11264823881373,0.14035087719285194,0.24793388429730343
E1,q2_x3_loro_hokkaido_iburi_tobu_seed42,pooled_loro,intervention,42,1120,na,hokkaido_iburi_tobu,Hokkaido1567,0.5,0,0,27,16357,181.01933598375618,0.0,0.0
E1,q2_x3_loro_hokkaido_iburi_tobu_seed42,pooled_loro,intervention,42,1120,na,hokkaido_iburi_tobu,Hokkaido1570,0.5,0,0,27,16357,181.01933598375618,0.0,0.0
E1,q2_x3_loro_hokkaido_iburi_tobu_seed42,pooled_loro,intervention,42,1120,na,hokkaido_iburi_tobu,Hokkaido1571,0.5,0,0,27,16357,181.01933598375618,0.0,0.0
