experiment,run_id,regime,role,seed,step,buffer_m,region,id,threshold,tp,fp,fn,tn,hd95,f1_2,f1_4
E1,q2_x3_loro_longxi_river_seed42,pooled_loro,intervention,42,1120,na,longxi_river,longxihe_UAV0001,0.5,0,103,545,15736,89.26563145999495,0.0,0.0
E1,q2_x3_loro_longxi_river_seed42,pooled_loro,intervention,42,1120,na,longxi_river,longxihe_UAV0002,0.5,0,510,545,15329,42.86861546119314,0.0,0.0
E1,q2_x3_loro_longxi_river_seed42,pooled_loro,intervention,42,1120,na,longxi_river,longxihe_UAV0003,0.5,105,119,3147,13013,86.72683443623211,0.16860465116241283,0.30169162805689537
E1,q2_x3_loro_longxi_river_seed42,pooled_loro,intervention,42,1120,na,longxi_river,longxihe_UAV0004,0.5,0,1549,3360,11475,99.17235292124457,0.0,0.0
E1,q2_x3_loro_longxi_river_seed42,pooled_loro,intervention,42,1120,na,longxi_river,longxihe_UAV0005,0.5,0,1060,108,15216,85.08113730668454,0.0,0.0
E1,q2_x3_loro_longxi_river_seed42,pooled_loro,intervention,42,1120,na,longxi_river,longxihe_UAV0006,0.5,0,0,52,16332,181.01933598375618,0.0,0.0
E1,q2_x3_loro_longxi_river_seed42,pooled_loro,intervention,42,1120,na,longxi_river,longxihe_UAV0007,0.5,1,0,6702,9681,127.44478084416765,0.030418250950540387,0.052631578947317174
E1,q2_x3_loro_longxi_river_seed42,pooled_loro,intervention,42,1120,na,longxi_river,longxihe_UAV0008,0.5,0,1,7039,9344,129.26348943169663,0.0,0.0
E1,q2_x3_loro_longxi_river_seed42,pooled_loro,intervention,42,1120,na,longxi_river,longxihe_UAV0009,0.5,72,127,316,15869,120.8519618220137,0.09464378575099203,0.16816143497715902
E1,q2_x3_loro_longxi_river_seed42,pooled_loro,intervention,42,1120,na,longxi_river,longxihe_UAV0010,0.5,0,10,52,16322,77.04381700945174,0.0,0.0
E1,q2_x3_loro_longxi_river_seed42,pooled_loro,intervention,42,1120,na,longxi_river,longxihe_UAV0011,0.5,7,84,6491,9802,72.59159442565836,0.11111111111082289,0.14934497816564046
E1,q2_x3_loro_longxi_river_seed42,pooled_loro,intervention,42,1120,na,longxi_river,longxihe_UAV0012,0.5,0,32,8504,7848,103.60840757306829,0.0,0.0
E1,q2_x3_loro_longxi_river_seed42,pooled_loro,intervention,42,1120,na,longxi_river,longxihe_UAV0013,0.5,1,218,2057,14108,124.80944418856909,0.021739130434313858,0.025901942645318164
E1,q2_x3_loro_longxi_river_seed42,pooled_loro,intervention,42,1120,na,longxi_river,longxihe_UAV0016,0.5,91,1100,158,15035,104.91116933192298,0.18271257905801738,0.27879503839306635
E1,q2_x3_loro_longxi_river_seed42,pooled_loro,intervention,42,1120,na,longxi_river,longxihe_UAV0017,0.5,163,1188,86,14947,105.45075201259623,0.23273144167351265,0.32036378774743857
E1,q2_x3_loro_longxi_river_seed42,pooled_loro,intervention,42,1120,na,longxi_river,longxihe_UAV0018,0.5,3,80,2857,13444,65.12605714416338,0.07687614398995465,0.12059514487050572
E1,q2_x3_loro_longxi_river_seed42,pooled_loro,intervention,42,1120,na,longxi_river,longxihe_UAV0019,0.5,40,33,7068,9243,55.53917314226723,0.050113895216174945,0.14313099041508656
E1,q2_x3_loro_longxi_river_seed42,pooled_loro,intervention,42,1120,na,longxi_river,longxihe_UAV0020,0.5,179,935,4069,11201,75.1065909225016,0.12220978468377006,0.16960258297276837
E1,q2_x3_loro_longxi_river_seed42,pooled_loro,intervention,42,1120,na,longxi_river,longxihe_UAV0021,0.5,84,1319,1,14980,111.04683624976997,0.0,0.02777777777765816
E1,q2_x3_loro_longxi_river_seed42,pooled_loro,intervention,42,1120,na,longxi_river,longxihe_UAV0022,0.5,352,1562,1900,12570,74.96024816832889,0.02459016393402785,0.04335914234620615
E1,q2_x3_loro_longxi_river_seed42,pooled_loro,intervention,42,1120,na,longxi_river,longxihe_UAV0023,0.5,64,677,2590,13053,73.02042875174064,0.025022341375728868,0.032764505118953936
E1,q2_x3_loro_longxi_river_seed42,pooled_loro,intervention,42,1120,na,longxi_river,longxihe_UAV0024,0.5,0,148,1515,14721,49.15230770633845,0.0,0.0
E1,q2_x3_loro_longxi_river_seed42,pooled_loro,intervention,42,1120,na,longxi_river,longxihe_UAV0025,0.5,0,74,1028,15282,81.51593874839566,0.0,0.0
E1,q2_x3_loro_longxi_river_seed42,pooled_loro,intervention,42,1120,na,longxi_river,longxihe_UAV0026,0.5,140,385,0,15859,113.00442469213318,0.21301775147889923,0.35262206148242564
E1,q2_x3_loro_longxi_river_seed42,pooled_loro,intervention,42,1120,na,longxi_river,longxihe_UAV0027,0.5,140,1805,0,14439,113.01769772916099,0.09994874423346606,0.17942791100811573
E1,q2_x3_loro_longxi_river_seed42,pooled_loro,intervention,42,1120,na,longxi_river,longxihe_UAV0028,0.5,96,4,159,16125,77.7693824663394,0.3574759092317299,0.8921542902120433
E1,q2_x3_loro_longxi_river_seed42,pooled_loro,intervention,42,1120,na,longxi_river,longxihe_UAV0029,0.5,57,3,198,16126,98.24951418193795,0.20703384206987174,0.7041564792171165
E1,q2_x3_loro_longxi_river_seed42,pooled_loro,intervention,42,1120,na,longxi_river,longxihe_UAV0032,0.5,9,0,349,16026,18.989484653182867,0.0,0.0
E1,q2_x3_loro_longxi_river_seed42,pooled_loro,intervention,42,1120,na,longxi_river,longxihe_UAV0033,0.5,901,1,2202,13280,31.863611917277055,0.09766355140140147,0.17245061398778236
E1,q2_x3_loro_longxi_river_seed42,pooled_loro,intervention,42,1120,na,longxi_river,longxihe_UAV0034,0.5,978,764,1794,12848,75.50575805443218,0.0803502446557631,0.1423893447142334
E1,q2_x3_loro_longxi_river_seed42,pooled_loro,intervention,42,1120,na,longxi_river,longxihe_UAV0035,0.5,325,1019,167,14873,81.16791846662213,0.10535455861036049,0.19200361418534823
E1,q2_x3_loro_longxi_river_seed42,pooled_loro,intervention,42,1120,na,longxi_river,longxihe_UAV0036,0.5,790,321,5938,9335,54.29151761902788,0.07338459463059013,0.12649434571842316
E1,q2_x3_loro_longxi_river_seed42,pooled_loro,intervention,42,1120,na,longxi_river,longxihe_UAV0037,0.5,60,42,10704,5578,39.575867045358194,0.0416666666663733,0.060506050604784936
E1,q2_x3_loro_longxi_river_seed42,pooled_loro,intervention,42,1120,na,longxi_river,longxihe_UAV0038,0.5,1,51,6511,9821,59.30371087733328,0.029083858458315272,0.03029210241596964
E1,q2_x3_loro_longxi_river_seed42,pooled_loro,intervention,42,1120,na,longxi_river,longxihe_UAV0039,0.5,598,144,2138,13504,114.69253787497958,0.4413411416431887,0.5457570715470138
E1,q2_x3_loro_longxi_river_seed42,pooled_loro,intervention,42,1120,na,longxi_river,longxihe_UAV0040,0.5,2077,1248,144,12915,13.571396983298666,0.35402190554655005,0.7265038673281722
E1,q2_x3_loro_longxi_river_seed42,pooled_loro,intervention,42,1120,na,longxi_river,longxihe_UAV0041,0.5,1311,2294,185,12594,54.56322996394497,0.23942944472699418,0.3729124369633185
E1,q2_x3_loro_longxi_river_seed42,pooled_loro,intervention,42,1120,na,longxi_river,longxihe_UAV0042,0.5,104,8,447,15825,59.99066584089359,0.287748798901481,0.5515034538801141
E1,q2_x3_loro_longxi_river_seed42,pooled_loro,intervention,42,1120,na,longxi_river,longxihe_UAV0043,0.5,30,7,521,15826,61.91601645838911,0.07317073170702597,0.3116420039219053
E1,q2_x3_loro_longxi_river_seed42,pooled_loro,intervention,42,1120,na,longxi_river,longxihe_UAV0044,0.5,265,15,158,15946,102.30453414663103,0.4391736801831266,0.6878306878301881
E1,q2_x3_loro_longxi_river_seed42,pooled_loro,intervention,42,1120,na,longxi_river,longxihe_UAV0045,0.5,1086,23,303,14972,4.0,0.7192081040271628,0.9743857063248825
E1,q2_x3_loro_longxi_river_seed42,pooled_loro,intervention,42,1120,na,longxi_river,longxihe_UAV0046,0.5,824,84,142,15334,53.228069887075605,0.7153921143842576,0.8868314567201251
E1,q2_x3_loro_longxi_river_seed42,pooled_loro,intervention,42,1120,na,longxi_river,longxihe_UAV0047,0.5,1759,73,862,13690,31.148423547936527,0.3273618706387795,0.45396160086485404
E1,q2_x3_loro_longxi_river_seed42,pooled_loro,intervention,42,1120,na,longxi_river,longxihe_UAV0048,0.5,2846,253,3488,9797,62.96824596572466,0.29411764705836124,0.41662263767481733
E1,q2_x3_loro_longxi_river_seed42,pooled_loro,intervention,42,1120,na,longxi_river,longxihe_UAV0049,0.5,2373,482,3285,10244,55.21546483163949,0.19738596959139376,0.34689558620789557
E1,q2_x3_loro_longxi_river_seed42,pooled_loro,intervention,42,1120,na,longxi_river,longxihe_UAV0050,0.5,660,155,9477,6092,60.05327968557672,0.23808211628500128,0.3215866588884458
E1,q2_x3_loro_longxi_river_seed42,pooled_loro,intervention,42,1120,na,longxi_river,longxihe_UAV0051,0.5,268,0,16034,82,122.60197899575708,0.0,0.0
E1,q2_x3_loro_longxi_river_seed42,pooled_loro,intervention,42,1120,na,longxi_river,longxihe_UAV0052,0.5,1632,12,9916,4824,72.6959220070887,0.19587951656284472,0.2434979897564422
E1,q2_x3_loro_longxi_river_seed42,pooled_loro,intervention,42,1120,na,longxi_river,longxihe_UAV0053,0.5,975,116,4267,11026,52.418050185774895,0.39805898171615234,0.5694022289762676
E1,q2_x3_loro_longxi_river_seed42,pooled_loro,intervention,42,1120,na,longxi_river,longxihe_UAV0054,0.5,1177,612,1983,12612,44.80227243386611,0.36687576796174337,0.5359823464721264
E1,q2_x3_loro_longxi_river_seed42,pooled_loro,intervention,42,1120,na,longxi_river,longxihe_UAV0055,0.5,690,1367,666,13661,74.70002576862244,0.22025316455653224,0.33052495139294064
E1,q2_x3_loro_longxi_river_seed42,pooled_loro,intervention,42,1120,na,longxi_river,longxihe_UAV0056,0.5,493,1146,227,14518,125.46299675842005,0.36131335050355795,0.4564076108392961
E1,q2_x3_loro_longxi_river_seed42,pooled_loro,intervention,42,1120,na,longxi_river,longxihe_UAV0057,0.5,1874,466,877,13167,26.2259180447508,0.5399931856026949,0.6829880220131357
E1,q2_x3_loro_longxi_river_seed42,pooled_loro,intervention,42,1120,na,longxi_river,longxihe_UAV0058,0.5,651,51,1498,14184,67.16839768327132,0.37046632124313944,0.4628987311747445
E1,q2_x3_loro_longxi_river_seed42,pooled_loro,intervention,42,1120,na,longxi_river,longxihe_UAV0059,0.5,1240,21,416,14707,79.65172284174943,0.598493221753082,0.6802405464062719
E1,q2_x3_loro_longxi_river_seed42,pooled_loro,intervention,42,1120,na,longxi_river,longxihe_UAV0060,0.5,2318,188,427,13451,37.301784088339296,0.7988489101576297,0.9028181033808959
E1,q2_x3_loro_longxi_river_seed42,pooled_loro,intervention,42,1120,na,longxi_river,longxihe_UAV0061,0.5,895,173,312,15004,60.04343103943867,0.5178947368416059,0.6859823920395157
E1,q2_x3_loro_longxi_river_seed42,pooled_loro,intervention,42,1120,na,longxi_river,longxihe_UAV0062,0.5,0,0,62,16322,181.01933598375618,0.0,0.0
E1,q2_x3_loro_longxi_river_seed42,pooled_loro,intervention,42,1120,na,longxi_river,longxihe_UAV0063,0.5,0,0,62,16322,181.01933598375618,0.0,0.0
E1,q2_x3_loro_longxi_river_seed42,pooled_loro,intervention,42,1120,na,longxi_river,longxihe_UAV0064,0.5,79,68,272,15965,14.942220510185594,0.44444444444394515,0.6881350094708424
E1,q2_x3_loro_longxi_river_seed42,pooled_loro,intervention,42,1120,na,longxi_river,longxihe_UAV0065,0.5,1458,166,3059,11701,43.86223092107601,0.24397019825687208,0.39468861524561977
E1,q2_x3_loro_longxi_river_seed42,pooled_loro,intervention,42,1120,na,longxi_river,longxihe_UAV0066,0.5,3351,162,8597,4274,78.12265513493004,0.23064725385572035,0.29600895188321374
E1,q2_x3_loro_longxi_river_seed42,pooled_loro,intervention,42,1120,na,longxi_river,longxihe_UAV0067,0.5,2475,283,10696,2930,59.97247896090019,0.18851515921232678,0.2561351042303033
E1,q2_x3_loro_longxi_river_seed42,pooled_loro,intervention,42,1120,na,longxi_river,longxihe_UAV0068,0.5,1122,191,12459,2612,103.98942083150527,0.14517205801977104,0.1948579161023432
E1,q2_x3_loro_longxi_river_seed42,pooled_loro,intervention,42,1120,na,longxi_river,longxihe_UAV0069,0.5,1346,0,14670,368,101.8748977086058,0.0,0.0
E1,q2_x3_loro_longxi_river_seed42,pooled_loro,intervention,42,1120,na,longxi_river,longxihe_UAV0070,0.5,2258,56,10593,3477,71.72962684537583,0.06674612634038238,0.09689539252473123
E1,q2_x3_loro_longxi_river_seed42,pooled_loro,intervention,42,1120,na,longxi_river,longxihe_UAV0071,0.5,4126,204,5987,6067,57.62811813689564,0.20098654354553633,0.3022532081487545
E1,q2_x3_loro_longxi_river_seed42,pooled_loro,intervention,42,1120,na,longxi_river,longxihe_UAV0072,0.5,2956,322,3442,9664,79.43077397520017,0.26838938383273137,0.4315226003435119
E1,q2_x3_loro_longxi_river_seed42,pooled_loro,intervention,42,1120,na,longxi_river,longxihe_UAV0073,0.5,532,755,780,14317,103.23129368109957,0.20982142857099723,0.36519188462434765
E1,q2_x3_loro_longxi_river_seed42,pooled_loro,intervention,42,1120,na,longxi_river,longxihe_UAV0074,0.5,162,951,919,14352,93.46037816801213,0.1112548512284802,0.17865855947103232
E1,q2_x3_loro_longxi_river_seed42,pooled_loro,intervention,42,1120,na,longxi_river,longxihe_UAV0075,0.5,1339,867,1730,12448,33.25505010312612,0.30671403392769064,0.41805225653156913
E1,q2_x3_loro_longxi_river_seed42,pooled_loro,intervention,42,1120,na,longxi_river,longxihe_UAV0076,0.5,352,666,1850,13516,42.020825327214325,0.12687710695632384,0.2092696739372977
E1,q2_x3_loro_longxi_river_seed42,pooled_loro,intervention,42,1120,na,longxi_river,longxihe_UAV0077,0.5,742,383,680,14579,64.87633488225588,0.18479033404356554,0.2968197879853905
E1,q2_x3_loro_longxi_river_seed42,pooled_loro,intervention,42,1120,na,longxi_river,longxihe_UAV0078,0.5,1012,1374,441,13557,93.9215090763133,0.3327082973522103,0.39093814702352625
E1,q2_x3_loro_longxi_river_seed42,pooled_loro,intervention,42,1120,na,longxi_river,longxihe_UAV0079,0.5,58,1124,187,15015,98.23085052344453,0.04895960832287367,0.073184254296539
E1,q2_x3_loro_longxi_river_seed42,pooled_loro,intervention,42,1120,na,longxi_river,longxihe_UAV0080,0.5,23,25,543,15793,22.829794991348138,0.10951760104272634,0.16302334197825807
E1,q2_x3_loro_longxi_river_seed42,pooled_loro,intervention,42,1120,na,longxi_river,longxihe_UAV0081,0.5,44,93,759,15488,55.46169849544819,0.1196627685608919,0.23371193644998592
E1,q2_x3_loro_longxi_river_seed42,pooled_loro,intervention,42,1120,na,longxi_river,longxihe_UAV0082,0.5,199,433,2199,13553,37.77030516418476,0.15796552145689202,0.2456306093523583
E1,q2_x3_loro_longxi_river_seed42,pooled_loro,intervention,42,1120,na,longxi_river,longxihe_UAV0083,0.5,222,192,6579,9391,31.840018600125287,0.1735276192582139,0.2654673635585616
E1,q2_x3_loro_longxi_river_seed42,pooled_loro,intervention,42,1120,na,longxi_river,longxihe_UAV0084,0.5,408,84,12424,3468,61.328725069030966,0.18198433420315865,0.26342259072941804
E1,q2_x3_loro_longxi_river_seed42,pooled_loro,intervention,42,1120,na,longxi_river,longxihe_UAV0085,0.5,313,0,15713,358,65.06222738314423,0.0,0.0
E1,q2_x3_loro_longxi_river_seed42,pooled_loro,intervention,42,1120,na,longxi_river,longxihe_UAV0086,0.5,1073,0,14953,358,114.25,0.0,0.0
E1,q2_x3_loro_longxi_river_seed42,pooled_loro,intervention,42,1120,na,longxi_river,longxihe_UAV0087,0.5,1207,0,14569,608,91.16905275516335,0.0,0.0
E1,q2_x3_loro_longxi_river_seed42,pooled_loro,intervention,42,1120,na,longxi_river,longxihe_UAV0088,0.5,1460,76,12942,1906,59.48633048432199,0.0852067020286347,0.11495681352091172
E1,q2_x3_loro_longxi_river_seed42,pooled_loro,intervention,42,1120,na,longxi_river,longxihe_UAV0089,0.5,4096,341,10520,1427,46.09957750100657,0.20591671594815864,0.32075997807710444
E1,q2_x3_loro_longxi_river_seed42,pooled_loro,intervention,42,1120,na,longxi_river,longxihe_UAV0090,0.5,3065,151,7171,5997,35.7980303453586,0.2914405459132125,0.4566815311808964
E1,q2_x3_loro_longxi_river_seed42,pooled_loro,intervention,42,1120,na,longxi_river,longxihe_UAV0091,0.5,548,151,1890,13795,95.38080527319954,0.2705587525519537,0.45511377844412026
E1,q2_x3_loro_longxi_river_seed42,pooled_loro,intervention,42,1120,na,longxi_river,longxihe_UAV0092,0.5,0,461,361,15562,75.09959868700348,0.0,0.0
E1,q2_x3_loro_longxi_river_seed42,pooled_loro,intervention,42,1120,na,longxi_river,longxihe_UAV0093,0.5,30,1001,584,14769,42.42876323943179,0.0714766664935465,0.07769234188142189
E1,q2_x3_loro_longxi_river_seed42,pooled_loro,intervention,42,1120,na,longxi_river,longxihe_UAV0094,0.5,81,1020,268,15015,109.55449520829224,0.18861973252548506,0.21515525545115533
E1,q2_x3_loro_longxi_river_seed42,pooled_loro,intervention,42,1120,na,longxi_river,longxihe_UAV0095,0.5,65,675,124,15520,112.68894563766881,0.17444164567558168,0.21142343729915078
E1,q2_x3_loro_longxi_river_seed42,pooled_loro,intervention,42,1120,na,longxi_river,longxihe_UAV0096,0.5,80,1718,13,14573,127.94762697672499,0.12867132867120826,0.13128491620099467
E1,q2_x3_loro_longxi_river_seed42,pooled_loro,intervention,42,1120,na,longxi_river,longxihe_UAV0097,0.5,47,112,42,16183,104.14841715041266,0.5164340387208465,0.5534640015520779
E1,q2_x3_loro_longxi_river_seed42,pooled_loro,intervention,42,1120,na,longxi_river,longxihe_UAV0098,0.5,27,10,62,16285,47.63629469211422,0.6382978723399264,0.7169811320749745
E1,q2_x3_loro_longxi_river_seed42,pooled_loro,intervention,42,1120,na,longxi_river,longxihe_UAV0099,0.5,12,0,935,15437,58.10548731317097,0.04851004850996501,0.10958904109578682
E1,q2_x3_loro_longxi_river_seed42,pooled_loro,intervention,42,1120,na,longxi_river,longxihe_UAV0100,0.5,66,39,2500,13779,49.137512286868166,0.032719836400552656,0.15544041450745266
E1,q2_x3_loro_longxi_river_seed42,pooled_loro,intervention,42,1120,na,longxi_river,longxihe_UAV0101,0.5,369,237,4839,10939,46.175670799822136,0.16692783146121937,0.21245511511607904
E1,q2_x3_loro_longxi_river_seed42,pooled_loro,intervention,42,1120,na,longxi_river,longxihe_UAV0102,0.5,563,558,9870,5393,76.4741748447608,0.10524583689809526,0.1816296910631824
E1,q2_x3_loro_longxi_river_seed42,pooled_loro,intervention,42,1120,na,longxi_river,longxihe_UAV0103,0.5,1261,609,13775,739,26.570660511172846,0.179303944315113,0.31980447726224975
E1,q2_x3_loro_longxi_river_seed42,pooled_loro,intervention,42,1120,na,longxi_river,longxihe_UAV0104,0.5,0,0,14459,1925,181.01933598375618,0.0,0.0
E1,q2_x3_loro_longxi_river_seed42,pooled_loro,intervention,42,1120,na,longxi_river,longxihe_UAV0105,0.5,32,0,12715,3637,125.22499042525641,0.0,0.0
E1,q2_x3_loro_longxi_river_seed42,pooled_loro,intervention,42,1120,na,longxi_river,longxihe_UAV0106,0.5,304,0,13701,2379,123.54029075671782,0.0,0.0
E1,q2_x3_loro_longxi_river_seed42,pooled_loro,intervention,42,1120,na,longxi_river,longxihe_UAV0107,0.5,0,0,14920,1464,181.01933598375618,0.0,0.0
E1,q2_x3_loro_longxi_river_seed42,pooled_loro,intervention,42,1120,na,longxi_river,longxihe_UAV0108,0.5,1747,246,12452,1939,95.25622924063367,0.21852495654288812,0.3231059033870531
E1,q2_x3_loro_longxi_river_seed42,pooled_loro,intervention,42,1120,na,longxi_river,longxihe_UAV0109,0.5,1035,226,7322,7801,26.057374099375245,0.19276427360040901,0.3284065432196319
E1,q2_x3_loro_longxi_river_seed42,pooled_loro,intervention,42,1120,na,longxi_river,longxihe_UAV0110,0.5,206,87,1347,14744,28.72255474793105,0.16054371785404412,0.3764320785592424
E1,q2_x3_loro_longxi_river_seed42,pooled_loro,intervention,42,1120,na,longxi_river,longxihe_UAV0111,0.5,193,202,20,15969,95.43453185987997,0.6317839195975212,0.6978908361423063
E1,q2_x3_loro_longxi_river_seed42,pooled_loro,intervention,42,1120,na,longxi_river,longxihe_UAV0112,0.5,218,201,98,15867,96.65644489354709,0.6019623911931048,0.7314831308556172
E1,q2_x3_loro_longxi_river_seed42,pooled_loro,intervention,42,1120,na,longxi_river,longxihe_UAV0113,0.5,64,322,39,15959,109.14444304444328,0.3421189979119752,0.3482720722917731
E1,q2_x3_loro_longxi_river_seed42,pooled_loro,intervention,42,1120,na,longxi_river,longxihe_UAV0114,0.5,0,86,257,16041,102.17533853401969,0.0,0.0
E1,q2_x3_loro_longxi_river_seed42,pooled_loro,intervention,42,1120,na,longxi_river,longxihe_UAV0115,0.5,0,0,257,16127,181.01933598375618,0.0,0.0
E1,q2_x3_loro_longxi_river_seed42,pooled_loro,intervention,42,1120,na,longxi_river,longxihe_UAV0116,0.5,158,5,860,15361,82.54421071252284,0.15665488810323877,0.24799999999957067
E1,q2_x3_loro_longxi_river_seed42,pooled_loro,intervention,42,1120,na,longxi_river,longxihe_UAV0117,0.5,86,0,4192,12106,44.11348563412197,0.05352363960730777,0.08843537414949865
E1,q2_x3_loro_longxi_river_seed42,pooled_loro,intervention,42,1120,na,longxi_river,longxihe_UAV0118,0.5,1478,113,4406,10387,40.62385253020493,0.22625511953229216,0.3551427945069789
E1,q2_x3_loro_longxi_river_seed42,pooled_loro,intervention,42,1120,na,longxi_river,longxihe_UAV0119,0.5,279,36,10443,5626,51.47078989568763,0.1382821058053364,0.2682262781078435
E1,q2_x3_loro_longxi_river_seed42,pooled_loro,intervention,42,1120,na,longxi_river,longxihe_UAV0120,0.5,894,0,14613,877,70.52976674862052,0.009740259739800559,0.026888604352893183
E1,q2_x3_loro_longxi_river_seed42,pooled_loro,intervention,42,1120,na,longxi_river,longxihe_UAV0121,0.5,0,0,11454,4930,181.01933598375618,0.0,0.0
E1,q2_x3_loro_longxi_river_seed42,pooled_loro,intervention,42,1120,na,longxi_river,longxihe_UAV0122,0.5,158,113,8691,7422,59.49873337822158,0.15501326041790875,0.23140447031335537
E1,q2_x3_loro_longxi_river_seed42,pooled_loro,intervention,42,1120,na,longxi_river,longxihe_UAV0123,0.5,381,178,8278,7547,76.24253222870357,0.3972080590065459,0.4702702702698545
E1,q2_x3_loro_longxi_river_seed42,pooled_loro,intervention,42,1120,na,longxi_river,longxihe_UAV0124,0.5,183,221,7574,8406,74.13838204939879,0.18487984564072465,0.23014124659805965
E1,q2_x3_loro_longxi_river_seed42,pooled_loro,intervention,42,1120,na,longxi_river,longxihe_UAV0125,0.5,2202,260,5884,8038,42.32132424583842,0.14356673609954304,0.2666991758907104
E1,q2_x3_loro_longxi_river_seed42,pooled_loro,intervention,42,1120,na,longxi_river,longxihe_UAV0126,0.5,1356,468,3255,11305,52.710191363599805,0.20134936931610084,0.2978942384878678
E1,q2_x3_loro_longxi_river_seed42,pooled_loro,intervention,42,1120,na,longxi_river,longxihe_UAV0127,0.5,189,335,260,15600,84.53718378119741,0.13255360623739354,0.23715415019720196
E1,q2_x3_loro_longxi_river_seed42,pooled_loro,intervention,42,1120,na,longxi_river,longxihe_UAV0128,0.5,215,212,272,15685,71.72670285523789,0.46706516182261915,0.5560414721630379
E1,q2_x3_loro_longxi_river_seed42,pooled_loro,intervention,42,1120,na,longxi_river,longxihe_UAV0129,0.5,185,286,634,15279,44.7235472411255,0.32315698178615737,0.4166810627780653
E1,q2_x3_loro_longxi_river_seed42,pooled_loro,intervention,42,1120,na,longxi_river,longxihe_UAV0130,0.5,44,294,310,15736,82.0,0.18770104068079593,0.19696317036365088
E1,q2_x3_loro_longxi_river_seed42,pooled_loro,intervention,42,1120,na,longxi_river,longxihe_UAV0131,0.5,0,0,168,16216,181.01933598375618,0.0,0.0
E1,q2_x3_loro_longxi_river_seed42,pooled_loro,intervention,42,1120,na,longxi_river,longxihe_UAV0132,0.5,0,0,168,16216,181.01933598375618,0.0,0.0
E1,q2_x3_loro_longxi_river_seed42,pooled_loro,intervention,42,1120,na,longxi_river,longxihe_UAV0134,0.5,199,3,3414,12768,62.60104620422237,0.11851851851821055,0.20657408053565737
E1,q2_x3_loro_longxi_river_seed42,pooled_loro,intervention,42,1120,na,longxi_river,longxihe_UAV0135,0.5,829,42,5896,9617,44.07490248871215,0.13972162740860633,0.2336710852281425
E1,q2_x3_loro_longxi_river_seed42,pooled_loro,intervention,42,1120,na,longxi_river,longxihe_UAV0136,0.5,1696,138,2609,11941,43.24116031541023,0.19569225940553905,0.34420222806125716
E1,q2_x3_loro_longxi_river_seed42,pooled_loro,intervention,42,1120,na,longxi_river,longxihe_UAV0137,0.5,113,233,6531,9507,41.10960958218893,0.05190311418638399,0.13853258081017908
E1,q2_x3_loro_longxi_river_seed42,pooled_loro,intervention,42,1120,na,longxi_river,longxihe_UAV0138,0.5,202,387,8967,6828,75.16310238880105,0.0,0.0
E1,q2_x3_loro_longxi_river_seed42,pooled_loro,intervention,42,1120,na,longxi_river,longxihe_UAV0139,0.5,31,234,6342,9777,89.56282671897664,0.009360374414668393,0.018034265103353802
E1,q2_x3_loro_longxi_river_seed42,pooled_loro,intervention,42,1120,na,longxi_river,longxihe_UAV0140,0.5,760,320,7050,8254,56.74994328126716,0.24448663648266475,0.3975186370376321
E1,q2_x3_loro_longxi_river_seed42,pooled_loro,intervention,42,1120,na,longxi_river,longxihe_UAV0141,0.5,884,282,5855,9363,55.68613072439465,0.3775286413196892,0.4935618854391148
E1,q2_x3_loro_longxi_river_seed42,pooled_loro,intervention,42,1120,na,longxi_river,longxihe_UAV0142,0.5,220,196,5713,10255,61.96571171679006,0.20587264929025356,0.2869198312232231
E1,q2_x3_loro_longxi_river_seed42,pooled_loro,intervention,42,1120,na,longxi_river,longxihe_UAV0143,0.5,906,162,5708,9608,46.69788555523047,0.35134303424577495,0.41663170882121653
E1,q2_x3_loro_longxi_river_seed42,pooled_loro,intervention,42,1120,na,longxi_river,longxihe_UAV0144,0.5,662,178,1903,13641,57.862478406430405,0.3615352290231959,0.4691966485948832
E1,q2_x3_loro_longxi_river_seed42,pooled_loro,intervention,42,1120,na,longxi_river,longxihe_UAV0145,0.5,181,197,342,15664,107.76093864660791,0.2623524267594493,0.42683285633994344
E1,q2_x3_loro_longxi_river_seed42,pooled_loro,intervention,42,1120,na,longxi_river,longxihe_UAV0146,0.5,375,90,2427,13492,48.2824956145466,0.2907346777813374,0.4580773377318821
E1,q2_x3_loro_longxi_river_seed42,pooled_loro,intervention,42,1120,na,longxi_river,longxihe_UAV0147,0.5,111,94,2574,13605,52.28826609994918,0.09160787617112527,0.11986301369831386
E1,q2_x3_loro_longxi_river_seed42,pooled_loro,intervention,42,1120,na,longxi_river,longxihe_UAV0148,0.5,0,29,406,15949,99.71258648460415,0.0,0.0
E1,q2_x3_loro_longxi_river_seed42,pooled_loro,intervention,42,1120,na,longxi_river,longxihe_UAV0149,0.5,0,0,196,16188,181.01933598375618,0.0,0.0
E1,q2_x3_loro_longxi_river_seed42,pooled_loro,intervention,42,1120,na,longxi_river,longxihe_UAV0150,0.5,16,0,363,16005,44.22666565555318,0.18095238095221636,0.3022222222219656
E1,q2_x3_loro_longxi_river_seed42,pooled_loro,intervention,42,1120,na,longxi_river,longxihe_UAV0151,0.5,59,1,127,16197,9.253541981258824,0.7341772151894086,0.8505747126431893
E1,q2_x3_loro_longxi_river_seed42,pooled_loro,intervention,42,1120,na,longxi_river,longxihe_UAV0154,0.5,791,41,5594,9958,41.727462570164825,0.14512977951391184,0.20441261063952004
E1,q2_x3_loro_longxi_river_seed42,pooled_loro,intervention,42,1120,na,longxi_river,longxihe_UAV0155,0.5,3000,107,5620,7657,60.207972893961475,0.13840943670910444,0.25286733495842384
E1,q2_x3_loro_longxi_river_seed42,pooled_loro,intervention,42,1120,na,longxi_river,longxihe_UAV0156,0.5,82,196,3509,12597,56.68549893596857,0.10441031899354358,0.18424419667302971
E1,q2_x3_loro_longxi_river_seed42,pooled_loro,intervention,42,1120,na,longxi_river,longxihe_UAV0157,0.5,0,224,2538,13622,79.09749185524343,0.0,0.0
E1,q2_x3_loro_longxi_river_seed42,pooled_loro,intervention,42,1120,na,longxi_river,longxihe_UAV0158,0.5,0,188,1782,14414,94.87306657740875,0.0,0.0
E1,q2_x3_loro_longxi_river_seed42,pooled_loro,intervention,42,1120,na,longxi_river,longxihe_UAV0159,0.5,23,56,1944,14361,52.392747589718944,0.004975124377899162,0.02487562189033697
E1,q2_x3_loro_longxi_river_seed42,pooled_loro,intervention,42,1120,na,longxi_river,longxihe_UAV0160,0.5,457,183,5255,10489,50.27324954787416,0.1589816203784204,0.2597855461595234
E1,q2_x3_loro_longxi_river_seed42,pooled_loro,intervention,42,1120,na,longxi_river,longxihe_UAV0161,0.5,575,141,5819,9849,72.85598745179097,0.2228398687656108,0.31647386950718875
E1,q2_x3_loro_longxi_river_seed42,pooled_loro,intervention,42,1120,na,longxi_river,longxihe_UAV0162,0.5,65,15,6189,10115,92.22843179954108,0.034257748776279615,0.05838198498728975
E1,q2_x3_loro_longxi_river_seed42,pooled_loro,intervention,42,1120,na,longxi_river,longxihe_UAV0163,0.5,266,11,4838,11269,52.356663048563,0.26435578809638616,0.31736526946065363
E1,q2_x3_loro_longxi_river_seed42,pooled_loro,intervention,42,1120,na,longxi_river,longxihe_UAV0164,0.5,219,2,1196,14967,35.760783088217295,0.5108055009818215,0.5944584382866593
E1,q2_x3_loro_longxi_river_seed42,pooled_loro,intervention,42,1120,na,longxi_river,longxihe_UAV0165,0.5,804,36,509,15035,16.644695751729426,0.6529070688503349,0.7776260590601475
E1,q2_x3_loro_longxi_river_seed42,pooled_loro,intervention,42,1120,na,longxi_river,longxihe_UAV0166,0.5,1510,88,4189,10597,43.208739856258994,0.516293564583888,0.6261528006985095
E1,q2_x3_loro_longxi_river_seed42,pooled_loro,intervention,42,1120,na,longxi_river,longxihe_UAV0167,0.5,593,48,5966,9777,50.07743536230139,0.21699148231602014,0.3129627074995403
E1,q2_x3_loro_longxi_river_seed42,pooled_loro,intervention,42,1120,na,longxi_river,longxihe_UAV0168,0.5,15,91,2141,14137,62.17636202110315,0.12351985140422589,0.14999999999951444
E1,q2_x3_loro_longxi_river_seed42,pooled_loro,intervention,42,1120,na,longxi_river,longxihe_UAV0170,0.5,2,0,535,15847,54.51372020469261,0.0,0.0
E1,q2_x3_loro_longxi_river_seed42,pooled_loro,intervention,42,1120,na,longxi_river,longxihe_UAV0171,0.5,1,0,1252,15131,66.90055165631571,0.014409221902002984,0.034236804564873616
E1,q2_x3_loro_longxi_river_seed42,pooled_loro,intervention,42,1120,na,longxi_river,longxihe_UAV0172,0.5,58,10,936,15380,31.563259864500452,0.1752320579576878,0.2957303370783614
E1,q2_x3_loro_longxi_river_seed42,pooled_loro,intervention,42,1120,na,longxi_river,longxihe_UAV0173,0.5,174,59,167,15984,83.38005971721624,0.6679637408794478,0.8054903112150024
E1,q2_x3_loro_longxi_river_seed42,pooled_loro,intervention,42,1120,na,longxi_river,longxihe_UAV0174,0.5,0,185,362,15837,77.12976079309465,0.0,0.0
E1,q2_x3_loro_longxi_river_seed42,pooled_loro,intervention,42,1120,na,longxi_river,longxihe_UAV0175,0.5,25,118,274,15967,70.2619604587078,0.04444444444403358,0.11052631578898969
E1,q2_x3_loro_longxi_river_seed42,pooled_loro,intervention,42,1120,na,longxi_river,longxihe_UAV0177,0.5,1084,143,5012,10145,43.34046766316996,0.13261866607676967,0.2078822000861254
E1,q2_x3_loro_longxi_river_seed42,pooled_loro,intervention,42,1120,na,longxi_river,longxihe_UAV0178,0.5,2223,110,5733,8318,56.59105166817757,0.14077170028422123,0.24515083087208953
E1,q2_x3_loro_longxi_river_seed42,pooled_loro,intervention,42,1120,na,longxi_river,longxihe_UAV0179,0.5,45,195,2824,13320,78.82849611036104,0.1030882026213048,0.1252920560744989
E1,q2_x3_loro_longxi_river_seed42,pooled_loro,intervention,42,1120,na,longxi_river,longxihe_UAV0180,0.5,0,33,813,15538,98.21324427912106,0.0,0.0
E1,q2_x3_loro_longxi_river_seed42,pooled_loro,intervention,42,1120,na,longxi_river,longxihe_UAV0181,0.5,0,58,695,15631,52.49760863367669,0.0,0.0
E1,q2_x3_loro_longxi_river_seed42,pooled_loro,intervention,42,1120,na,longxi_river,longxihe_UAV0182,0.5,0,200,2110,14074,103.19322276265335,0.0,0.0
E1,q2_x3_loro_longxi_river_seed42,pooled_loro,intervention,42,1120,na,longxi_river,longxihe_UAV0183,0.5,0,80,2261,14043,74.69460533266992,0.0,0.0
E1,q2_x3_loro_longxi_river_seed42,pooled_loro,intervention,42,1120,na,longxi_river,longxihe_UAV0184,0.5,0,29,1011,15344,127.44211591319022,0.0,0.0
E1,q2_x3_loro_longxi_river_seed42,pooled_loro,intervention,42,1120,na,longxi_river,longxihe_UAV0185,0.5,0,194,165,16025,115.80888989028135,0.0,0.0
E1,q2_x3_loro_longxi_river_seed42,pooled_loro,intervention,42,1120,na,longxi_river,longxihe_UAV0186,0.5,3,148,18,16215,144.91721774861674,0.09108159392775668,0.09374999999991063
E1,q2_x3_loro_longxi_river_seed42,pooled_loro,intervention,42,1120,na,longxi_river,longxihe_UAV0187,0.5,553,45,259,15527,17.13905782857495,0.6707918081256973,0.7330372818336618
E1,q2_x3_loro_longxi_river_seed42,pooled_loro,intervention,42,1120,na,longxi_river,longxihe_UAV0188,0.5,1139,130,2291,12824,87.00402285563739,0.43686583990939787,0.5169422776906775
E1,q2_x3_loro_longxi_river_seed42,pooled_loro,intervention,42,1120,na,longxi_river,longxihe_UAV0189,0.5,518,3,4118,11745,89.01460372889576,0.22389779457813822,0.30550902061824714
E1,q2_x3_loro_longxi_river_seed42,pooled_loro,intervention,42,1120,na,longxi_river,longxihe_UAV0190,0.5,109,15,3253,13007,47.31524824351649,0.27454047712128526,0.4013041945713555
E1,q2_x3_loro_longxi_river_seed42,pooled_loro,intervention,42,1120,na,longxi_river,longxihe_UAV0191,0.5,101,14,1264,15005,22.490906345731283,0.2367661212700203,0.4040189785091584
E1,q2_x3_loro_longxi_river_seed42,pooled_loro,intervention,42,1120,na,longxi_river,longxihe_UAV0192,0.5,12,73,329,15970,76.15247495020712,0.04761904761862018,0.09523809523766781
E1,q2_x3_loro_longxi_river_seed42,pooled_loro,intervention,42,1120,na,longxi_river,longxihe_UAV0193,0.5,0,259,874,15251,112.28491476343011,0.0,0.0
E1,q2_x3_loro_longxi_river_seed42,pooled_loro,intervention,42,1120,na,longxi_river,longxihe_UAV0194,0.5,21,29,787,15547,82.82491960846211,0.10013908205822983,0.1687763713077534
E1,q2_x3_loro_longxi_river_seed42,pooled_loro,intervention,42,1120,na,longxi_river,longxihe_UAV0195,0.5,732,77,251,15324,51.62363799656123,0.6161720965617197,0.8027074189620115
E1,q2_x3_loro_longxi_river_seed42,pooled_loro,intervention,42,1120,na,longxi_river,longxihe_UAV0196,0.5,3283,70,754,12277,12.990312423743283,0.4081011695345405,0.6126156504873951
E1,q2_x3_loro_longxi_river_seed42,pooled_loro,intervention,42,1120,na,longxi_river,longxihe_UAV0197,0.5,2859,263,470,12792,70.42077483591774,0.22054633819291636,0.4246190516722974
E1,q2_x3_loro_longxi_river_seed42,pooled_loro,intervention,42,1120,na,longxi_river,longxihe_UAV0199,0.5,192,99,3506,12587,41.03473583809213,0.16788108423157447,0.24535950501341036
E1,q2_x3_loro_longxi_river_seed42,pooled_loro,intervention,42,1120,na,longxi_river,longxihe_UAV0200,0.5,134,21,4550,11679,72.71688548637906,0.07613083958122445,0.1378736677928333
E1,q2_x3_loro_longxi_river_seed42,pooled_loro,intervention,42,1120,na,longxi_river,longxihe_UAV0201,0.5,0,0,987,15397,181.01933598375618,0.0,0.0
E1,q2_x3_loro_longxi_river_seed42,pooled_loro,intervention,42,1120,na,longxi_river,longxihe_UAV0202,0.5,13,4,752,15615,55.393019507969896,0.05669291338573107,0.1406672678086668
E1,q2_x3_loro_longxi_river_seed42,pooled_loro,intervention,42,1120,na,longxi_river,longxihe_UAV0203,0.5,181,34,1183,14986,53.009433122794285,0.22147523088354343,0.3626339530772862
E1,q2_x3_loro_longxi_river_seed42,pooled_loro,intervention,42,1120,na,longxi_river,longxihe_UAV0204,0.5,663,50,2132,13539,46.0,0.3724419145935551,0.5685535418469103
E1,q2_x3_loro_longxi_river_seed42,pooled_loro,intervention,42,1120,na,longxi_river,longxihe_UAV0205,0.5,435,45,1761,14143,22.012493550049882,0.3173245187629564,0.5053540587215187
E1,q2_x3_loro_longxi_river_seed42,pooled_loro,intervention,42,1120,na,longxi_river,longxihe_UAV0206,0.5,69,310,68,15937,116.77968693963517,0.3114619795930206,0.3678975337235773
E1,q2_x3_loro_longxi_river_seed42,pooled_loro,intervention,42,1120,na,longxi_river,longxihe_UAV0207,0.5,329,144,330,15581,83.14682954772925,0.4710957722169337,0.6293610520950895
E1,q2_x3_loro_longxi_river_seed42,pooled_loro,intervention,42,1120,na,longxi_river,longxihe_UAV0208,0.5,418,93,104,15769,123.4154366208072,0.7265116775083018,0.8800975717923816
E1,q2_x3_loro_longxi_river_seed42,pooled_loro,intervention,42,1120,na,longxi_river,longxihe_UAV0209,0.5,519,29,126,15710,52.23983154643591,0.5997536223377994,0.6468245186983778
E1,q2_x3_loro_longxi_river_seed42,pooled_loro,intervention,42,1120,na,longxi_river,longxihe_UAV0210,0.5,3574,110,686,12014,13.290414454507372,0.512789171533703,0.7517645127751227
E1,q2_x3_loro_longxi_river_seed42,pooled_loro,intervention,42,1120,na,longxi_river,longxihe_UAV0211,0.5,3177,316,1587,11304,52.0344249836143,0.2552558004424806,0.40356046654339545
E1,q2_x3_loro_longxi_river_seed42,pooled_loro,intervention,42,1120,na,longxi_river,longxihe_UAV0212,0.5,59,704,1767,13854,58.83151085100886,0.0,0.0
E1,q2_x3_loro_longxi_river_seed42,pooled_loro,intervention,42,1120,na,longxi_river,longxihe_UAV0213,0.5,89,707,1718,13870,59.06519864733176,0.003344481604851221,0.012510425353995692
E1,q2_x3_loro_longxi_river_seed42,pooled_loro,intervention,42,1120,na,longxi_river,longxihe_UAV0214,0.5,54,127,895,15308,39.45185767333658,0.07777777777728173,0.18888888888839284
E1,q2_x3_loro_longxi_river_seed42,pooled_loro,intervention,42,1120,na,longxi_river,longxihe_UAV0215,0.5,42,39,1034,15269,50.687843637543274,0.032432432432006074,0.17616580310839208
E1,q2_x3_loro_longxi_river_seed42,pooled_loro,intervention,42,1120,na,longxi_river,longxihe_UAV0216,0.5,0,0,127,16257,181.01933598375618,0.0,0.0
E1,q2_x3_loro_longxi_river_seed42,pooled_loro,intervention,42,1120,na,longxi_river,longxihe_UAV0217,0.5,125,17,573,15669,75.31268153505093,0.4322916666663278,0.43636363636329517
E1,q2_x3_loro_longxi_river_seed42,pooled_loro,intervention,42,1120,na,longxi_river,longxihe_UAV0218,0.5,501,54,1665,14164,37.114681610616834,0.4159450434385207,0.49736573997587163
E1,q2_x3_loro_longxi_river_seed42,pooled_loro,intervention,42,1120,na,longxi_river,longxihe_UAV0219,0.5,1315,180,1803,13086,34.121097791767134,0.4693128409203151,0.6182056319576157
E1,q2_x3_loro_longxi_river_seed42,pooled_loro,intervention,42,1120,na,longxi_river,longxihe_UAV0220,0.5,637,109,1013,14625,61.197138783831754,0.4527220630367501,0.5929944503641715
E1,q2_x3_loro_longxi_river_seed42,pooled_loro,intervention,42,1120,na,longxi_river,longxihe_UAV0221,0.5,11,273,26,16074,96.7693130819944,0.1419354838707929,0.14533029612742357
E1,q2_x3_loro_longxi_river_seed42,pooled_loro,intervention,42,1120,na,longxi_river,longxihe_UAV0222,0.5,188,531,298,15367,109.10310962583239,0.4311366329408944,0.5400419287206971
E1,q2_x3_loro_longxi_river_seed42,pooled_loro,intervention,42,1120,na,longxi_river,longxihe_UAV0223,0.5,261,20,325,15778,8.182694247553295,0.7046289493015055,0.8825910931169157
E1,q2_x3_loro_longxi_river_seed42,pooled_loro,intervention,42,1120,na,longxi_river,longxihe_UAV0224,0.5,467,93,197,15627,10.276111918226713,0.7594718218688368,0.8787256676802078
E1,q2_x3_loro_longxi_river_seed42,pooled_loro,intervention,42,1120,na,longxi_river,longxihe_UAV0225,0.5,580,422,83,15299,34.89756779361898,0.649983530822222,0.6945469326491439
E1,q2_x3_loro_longxi_river_seed42,pooled_loro,intervention,42,1120,na,longxi_river,longxihe_UAV0226,0.5,675,282,173,15254,37.557565985921286,0.6705493871352302,0.7310071186831334
E1,q2_x3_loro_longxi_river_seed42,pooled_loro,intervention,42,1120,na,longxi_river,longxihe_UAV0227,0.5,802,180,497,14905,53.54428636294478,0.556134290987676,0.6907165992785905
E1,q2_x3_loro_longxi_river_seed42,pooled_loro,intervention,42,1120,na,longxi_river,longxihe_UAV0228,0.5,525,140,2908,12811,43.00113847435575,0.2401376282845067,0.3914738235423559
E1,q2_x3_loro_longxi_river_seed42,pooled_loro,intervention,42,1120,na,longxi_river,longxihe_UAV0229,0.5,926,178,4585,10695,38.92483905505283,0.06052258118324914,0.18748503471896802
E1,q2_x3_loro_longxi_river_seed42,pooled_loro,intervention,42,1120,na,longxi_river,longxihe_UAV0230,0.5,496,135,4998,10755,41.870932787339775,0.0806405722875059,0.16388838004475131
E1,q2_x3_loro_longxi_river_seed42,pooled_loro,intervention,42,1120,na,longxi_river,longxihe_UAV0231,0.5,0,0,574,15810,181.01933598375618,0.0,0.0
E1,q2_x3_loro_longxi_river_seed42,pooled_loro,intervention,42,1120,na,longxi_river,longxihe_UAV0232,0.5,0,0,737,15647,181.01933598375618,0.0,0.0
E1,q2_x3_loro_longxi_river_seed42,pooled_loro,intervention,42,1120,na,longxi_river,longxihe_UAV0233,0.5,51,58,112,16163,105.40730343445287,0.21138211382078662,0.43969676085417997
E1,q2_x3_loro_longxi_river_seed42,pooled_loro,intervention,42,1120,na,longxi_river,longxihe_UAV0236,0.5,111,53,81,16139,95.99580802850804,0.6384096024001001,0.6384096024001001
E1,q2_x3_loro_longxi_river_seed42,pooled_loro,intervention,42,1120,na,longxi_river,longxihe_UAV0237,0.5,371,85,726,15202,64.45924280616485,0.4860426067788888,0.5448394458547346
E1,q2_x3_loro_longxi_river_seed42,pooled_loro,intervention,42,1120,na,longxi_river,longxihe_UAV0238,0.5,920,140,2208,13116,54.14425126835831,0.418963879646512,0.5551178903866082
E1,q2_x3_loro_longxi_river_seed42,pooled_loro,intervention,42,1120,na,longxi_river,longxihe_UAV0239,0.5,467,44,1756,14117,41.768063445250654,0.35807540409146915,0.4901345715757842
E1,q2_x3_loro_longxi_river_seed42,pooled_loro,intervention,42,1120,na,longxi_river,longxihe_UAV0240,0.5,6,348,31,15999,99.01708408000583,0.07407407407395823,0.07563025210075983
E1,q2_x3_loro_longxi_river_seed42,pooled_loro,intervention,42,1120,na,longxi_river,longxihe_UAV0241,0.5,289,7,639,15449,47.042533945356304,0.5552398248046115,0.7181728967789085
E1,q2_x3_loro_longxi_river_seed42,pooled_loro,intervention,42,1120,na,longxi_river,longxihe_UAV0242,0.5,384,35,1780,14185,74.99224448466532,0.45911500815621653,0.5539536279865178
E1,q2_x3_loro_longxi_river_seed42,pooled_loro,intervention,42,1120,na,longxi_river,longxihe_UAV0243,0.5,409,36,1668,14271,48.282480536401955,0.276086276961169,0.3879569605021909
E1,q2_x3_loro_longxi_river_seed42,pooled_loro,intervention,42,1120,na,longxi_river,longxihe_UAV0244,0.5,737,309,235,15103,34.34838750108369,0.5842970640344344,0.6909366337905443
E1,q2_x3_loro_longxi_river_seed42,pooled_loro,intervention,42,1120,na,longxi_river,longxihe_UAV0245,0.5,816,166,2385,13017,42.95346318982906,0.46521772827375035,0.6053120364501746
E1,q2_x3_loro_longxi_river_seed42,pooled_loro,intervention,42,1120,na,longxi_river,longxihe_UAV0246,0.5,2056,194,2048,12086,25.0,0.6301648767102207,0.7616345062424108
E1,q2_x3_loro_longxi_river_seed42,pooled_loro,intervention,42,1120,na,longxi_river,longxihe_UAV0247,0.5,316,142,2818,13108,34.713109915419565,0.1923076923072522,0.4033816425116229
E1,q2_x3_loro_longxi_river_seed42,pooled_loro,intervention,42,1120,na,longxi_river,longxihe_UAV0248,0.5,1151,41,3871,11321,36.84147934634021,0.08397278123596738,0.21686203787149486
E1,q2_x3_loro_longxi_river_seed42,pooled_loro,intervention,42,1120,na,longxi_river,longxihe_UAV0249,0.5,969,38,4009,11368,47.923283183841576,0.07168682209155403,0.15139163852290105
E1,q2_x3_loro_longxi_river_seed42,pooled_loro,intervention,42,1120,na,longxi_river,longxihe_UAV0250,0.5,0,187,153,16044,117.5345571818754,0.0,0.0
E1,q2_x3_loro_longxi_river_seed42,pooled_loro,intervention,42,1120,na,longxi_river,longxihe_UAV0251,0.5,0,106,4341,11937,68.05427990052911,0.0,0.0
E1,q2_x3_loro_longxi_river_seed42,pooled_loro,intervention,42,1120,na,longxi_river,longxihe_UAV0252,0.5,0,0,6431,9953,181.01933598375618,0.0,0.0
E1,q2_x3_loro_longxi_river_seed42,pooled_loro,intervention,42,1120,na,longxi_river,longxihe_UAV0253,0.5,36,2,3773,12573,79.18636792333626,0.0677966101693364,0.10876235935889542
E1,q2_x3_loro_longxi_river_seed42,pooled_loro,intervention,42,1120,na,longxi_river,longxihe_UAV0254,0.5,76,18,1790,14500,72.4482573363147,0.12854540723363753,0.18384934567481367
E1,q2_x3_loro_longxi_river_seed42,pooled_loro,intervention,42,1120,na,longxi_river,longxihe_UAV0255,0.5,246,61,54,16023,12.134542440145403,0.41666666666619795,0.7383279044512067
E1,q2_x3_loro_longxi_river_seed42,pooled_loro,intervention,42,1120,na,longxi_river,longxihe_UAV0256,0.5,251,657,617,14859,58.84767420250205,0.32414480239073445,0.4510395175364262
E1,q2_x3_loro_longxi_river_seed42,pooled_loro,intervention,42,1120,na,longxi_river,longxihe_UAV0257,0.5,211,1302,657,14214,55.08855369256217,0.20925845305425786,0.27757714473632805
E1,q2_x3_loro_longxi_river_seed42,pooled_loro,intervention,42,1120,na,longxi_river,longxihe_UAV0258,0.5,357,594,180,15253,125.17188163532846,0.2348038960359684,0.33875289022615873
E1,q2_x3_loro_longxi_river_seed42,pooled_loro,intervention,42,1120,na,longxi_river,longxihe_UAV0259,0.5,671,372,1278,14063,89.25803158868072,0.20380238594518002,0.3283340344968402
E1,q2_x3_loro_longxi_river_seed42,pooled_loro,intervention,42,1120,na,longxi_river,longxihe_UAV0260,0.5,505,380,3717,11782,66.9753398565879,0.12330526616192003,0.21871575138926933
E1,q2_x3_loro_longxi_river_seed42,pooled_loro,intervention,42,1120,na,longxi_river,longxihe_UAV0261,0.5,1358,368,3872,10786,45.617978911828175,0.23168307070398994,0.3073082121606835
E1,q2_x3_loro_longxi_river_seed42,pooled_loro,intervention,42,1120,na,longxi_river,longxihe_UAV0262,0.5,281,97,2196,13810,54.0878896598536,0.3016222479718358,0.4044767065940274
E1,q2_x3_loro_longxi_river_seed42,pooled_loro,intervention,42,1120,na,longxi_river,longxihe_UAV0263,0.5,3,48,228,16105,55.31229094502516,0.07035175879349541,0.11003236245906906
E1,q2_x3_loro_longxi_river_seed42,pooled_loro,intervention,42,1120,na,longxi_river,longxihe_UAV0264,0.5,191,14,1010,15169,60.802960454241045,0.4097439839173556,0.5015576323983781
E1,q2_x3_loro_longxi_river_seed42,pooled_loro,intervention,42,1120,na,longxi_river,longxihe_UAV0265,0.5,218,337,3295,12534,57.80830017831844,0.21768707482956215,0.28184362630586873
E1,q2_x3_loro_longxi_river_seed42,pooled_loro,intervention,42,1120,na,longxi_river,longxihe_UAV0266,0.5,1039,581,2490,12274,46.07330899045917,0.4648695588685246,0.5595096170084569
E1,q2_x3_loro_longxi_river_seed42,pooled_loro,intervention,42,1120,na,longxi_river,longxihe_UAV0267,0.5,1192,246,1305,13641,25.088206157535488,0.5561505718968676,0.7000430614413784
E1,q2_x3_loro_longxi_river_seed42,pooled_loro,intervention,42,1120,na,longxi_river,longxihe_UAV0268,0.5,1352,77,5162,9793,33.976450198781706,0.5223332200924906,0.617341207786328
E1,q2_x3_loro_longxi_river_seed42,pooled_loro,intervention,42,1120,na,longxi_river,longxihe_UAV0269,0.5,2624,305,7092,6363,25.99133653132185,0.46018276762355176,0.5612957951281784
E1,q2_x3_loro_longxi_river_seed42,pooled_loro,intervention,42,1120,na,longxi_river,longxihe_UAV0270,0.5,1637,160,3868,10719,41.08038470017817,0.25261033078165035,0.37272512806642205
E1,q2_x3_loro_longxi_river_seed42,pooled_loro,intervention,42,1120,na,longxi_river,longxihe_UAV0271,0.5,62,60,1758,14504,72.70215060294434,0.02910602910573014,0.1199226305605638
E1,q2_x3_loro_longxi_river_seed42,pooled_loro,intervention,42,1120,na,longxi_river,longxihe_UAV0272,0.5,38,38,1680,14628,107.50470892880028,0.030782761653184706,0.055555555555326486
E1,q2_x3_loro_longxi_river_seed42,pooled_loro,intervention,42,1120,na,longxi_river,longxihe_UAV0273,0.5,0,2,153,16229,127.06295675280741,0.0,0.0
E1,q2_x3_loro_longxi_river_seed42,pooled_loro,intervention,42,1120,na,longxi_river,longxihe_UAV0274,0.5,0,0,5839,10545,181.01933598375618,0.0,0.0
E1,q2_x3_loro_longxi_river_seed42,pooled_loro,intervention,42,1120,na,longxi_river,longxihe_UAV0275,0.5,0,0,11544,4840,181.01933598375618,0.0,0.0
E1,q2_x3_loro_longxi_river_seed42,pooled_loro,intervention,42,1120,na,longxi_river,longxihe_UAV0276,0.5,3,0,8216,8165,118.52102411435337,0.0,0.0
E1,q2_x3_loro_longxi_river_seed42,pooled_loro,intervention,42,1120,na,longxi_river,longxihe_UAV0277,0.5,179,197,3213,12795,66.78760110859982,0.10283687943220157,0.2081432674434311
E1,q2_x3_loro_longxi_river_seed42,pooled_loro,intervention,42,1120,na,longxi_river,longxihe_UAV0278,0.5,405,238,626,15115,13.92838827718412,0.4297852411850511,0.6683463731595743
E1,q2_x3_loro_longxi_river_seed42,pooled_loro,intervention,42,1120,na,longxi_river,longxihe_UAV0279,0.5,47,33,1122,15182,75.03998194344527,0.12384961118615176,0.2800350262693349
E1,q2_x3_loro_longxi_river_seed42,pooled_loro,intervention,42,1120,na,longxi_river,longxihe_UAV0280,0.5,281,135,1190,14778,50.24937810560445,0.34252762018469274,0.5504707049679625
E1,q2_x3_loro_longxi_river_seed42,pooled_loro,intervention,42,1120,na,longxi_river,longxihe_UAV0281,0.5,488,69,1310,14517,24.49828759089466,0.46810334749184607,0.553138180147363
E1,q2_x3_loro_longxi_river_seed42,pooled_loro,intervention,42,1120,na,longxi_river,longxihe_UAV0282,0.5,644,338,5524,9878,48.7114335477277,0.3349388966782851,0.4126375290193934
E1,q2_x3_loro_longxi_river_seed42,pooled_loro,intervention,42,1120,na,longxi_river,longxihe_UAV0283,0.5,632,357,9246,6149,52.619387238223396,0.18184954291156366,0.23601655319667464
E1,q2_x3_loro_longxi_river_seed42,pooled_loro,intervention,42,1120,na,longxi_river,longxihe_UAV0284,0.5,666,99,6166,9453,58.427208281282816,0.08542176039082876,0.12492172824008205
E1,q2_x3_loro_longxi_river_seed42,pooled_loro,intervention,42,1120,na,longxi_river,longxihe_UAV0285,0.5,86,57,1597,14644,67.59797263274797,0.16652433817221607,0.23640026863634958
E1,q2_x3_loro_longxi_river_seed42,pooled_loro,intervention,42,1120,na,longxi_river,longxihe_UAV0286,0.5,20,99,211,16054,41.62751419765598,0.21967526265471898,0.3168584969527864
E1,q2_x3_loro_longxi_river_seed42,pooled_loro,intervention,42,1120,na,longxi_river,longxihe_UAV0287,0.5,145,420,719,15100,59.09314681077663,0.3775867463233036,0.4309781898911024
E1,q2_x3_loro_longxi_river_seed42,pooled_loro,intervention,42,1120,na,longxi_river,longxihe_UAV0288,0.5,175,995,1728,13486,58.60881095845744,0.28829777054777656,0.3325507558761249
E1,q2_x3_loro_longxi_river_seed42,pooled_loro,intervention,42,1120,na,longxi_river,longxihe_UAV0289,0.5,517,856,1046,13965,45.13740782852308,0.45655355849994933,0.529432797435631
E1,q2_x3_loro_longxi_river_seed42,pooled_loro,intervention,42,1120,na,longxi_river,longxihe_UAV0290,0.5,1149,462,1525,13248,25.221799175664685,0.4886535552188679,0.6028315123479858
E1,q2_x3_loro_longxi_river_seed42,pooled_loro,intervention,42,1120,na,longxi_river,longxihe_UAV0291,0.5,1222,77,6183,8902,63.05542972627194,0.44176568854340514,0.5303793155208183
E1,q2_x3_loro_longxi_river_seed42,pooled_loro,intervention,42,1120,na,longxi_river,longxihe_UAV0292,0.5,2851,3,9123,4407,35.34625210537544,0.09706643658285785,0.2014735052418656
E1,q2_x3_loro_longxi_river_seed42,pooled_loro,intervention,42,1120,na,longxi_river,longxihe_UAV0293,0.5,595,36,7578,8175,50.91168824543142,0.0,0.0
E1,q2_x3_loro_longxi_river_seed42,pooled_loro,intervention,42,1120,na,longxi_river,longxihe_UAV0294,0.5,49,179,1231,14925,71.47538851092578,0.10028490028445029,0.18005115089465717
E1,q2_x3_loro_longxi_river_seed42,pooled_loro,intervention,42,1120,na,longxi_river,longxihe_UAV0295,0.5,56,155,1087,15086,72.05206275419305,0.07679999999956949,0.19012158938809742
E1,q2_x3_loro_longxi_river_seed42,pooled_loro,intervention,42,1120,na,longxi_river,longxihe_UAV0296,0.5,85,65,3294,12940,70.87822375407812,0.1304525071338458,0.253357462615237
E1,q2_x3_loro_longxi_river_seed42,pooled_loro,intervention,42,1120,na,longxi_river,longxihe_UAV0297,0.5,76,68,7735,8505,112.87136888950461,0.08860598344980679,0.15752625437554593
E1,q2_x3_loro_longxi_river_seed42,pooled_loro,intervention,42,1120,na,longxi_river,longxihe_UAV0298,0.5,22,0,5852,10510,85.0,0.013100436681004777,0.04968383017146407
E1,q2_x3_loro_longxi_river_seed42,pooled_loro,intervention,42,1120,na,longxi_river,longxihe_UAV0299,0.5,540,289,1633,13922,86.22750192362174,0.12957126419481108,0.22320390606785948
E1,q2_x3_loro_longxi_river_seed42,pooled_loro,intervention,42,1120,na,longxi_river,longxihe_UAV0300,0.5,3,388,728,15265,85.82421506695991,0.0062499999995876765,0.04374999999958767
E1,q2_x3_loro_longxi_river_seed42,pooled_loro,intervention,42,1120,na,longxi_river,longxihe_UAV0301,0.5,0,93,328,15963,90.52071586106685,0.0,0.0
E1,q2_x3_loro_longxi_river_seed42,pooled_loro,intervention,42,1120,na,longxi_river,longxihe_UAV0302,0.5,93,0,1426,14865,89.81925327596463,0.1839609083067884,0.32702702702675346
E1,q2_x3_loro_longxi_river_seed42,pooled_loro,intervention,42,1120,na,longxi_river,longxihe_UAV0303,0.5,752,6,3031,12595,28.024971663664477,0.30432441388413645,0.4691995906651438
E1,q2_x3_loro_longxi_river_seed42,pooled_loro,intervention,42,1120,na,longxi_river,longxihe_UAV0304,0.5,367,9,5592,10416,43.66812445174707,0.21544127318124476,0.2876793083116525
E1,q2_x3_loro_longxi_river_seed42,pooled_loro,intervention,42,1120,na,longxi_river,longxihe_UAV0305,0.5,315,15,5668,10386,76.00657866263946,0.4744161637361125,0.5123115098296808
E1,q2_x3_loro_longxi_river_seed42,pooled_loro,intervention,42,1120,na,longxi_river,longxihe_UAV0306,0.5,166,13,3064,13141,123.41760595353016,0.3812154696129511,0.3812154696129511
E1,q2_x3_loro_longxi_river_seed42,pooled_loro,intervention,42,1120,na,longxi_river,longxihe_UAV0307,0.5,0,0,614,15770,181.01933598375618,0.0,0.0
E1,q2_x3_loro_longxi_river_seed42,pooled_loro,intervention,42,1120,na,longxi_river,longxihe_UAV0309,0.5,123,513,78,15670,34.564354296692194,0.49697981633312577,0.555929919137063
E1,q2_x3_loro_longxi_river_seed42,pooled_loro,intervention,42,1120,na,longxi_river,longxihe_UAV0310,0.5,181,861,293,15049,43.56604182158393,0.42501383508529017,0.4519580569222667
E1,q2_x3_loro_longxi_river_seed42,pooled_loro,intervention,42,1120,na,longxi_river,longxihe_UAV0311,0.5,145,511,1188,14540,98.6154146165801,0.31973991094728466,0.3683808395179995
E1,q2_x3_loro_longxi_river_seed42,pooled_loro,intervention,42,1120,na,longxi_river,longxihe_UAV0312,0.5,1079,519,2079,12707,37.40810662798596,0.47350432139358184,0.5607945735005013
E1,q2_x3_loro_longxi_river_seed42,pooled_loro,intervention,42,1120,na,longxi_river,longxihe_UAV0313,0.5,1320,298,3662,11104,65.19202405202648,0.4929758946421756,0.5722430700710753
E1,q2_x3_loro_longxi_river_seed42,pooled_loro,intervention,42,1120,na,longxi_river,longxihe_UAV0314,0.5,2253,0,7148,6983,39.0,0.06077475038904649,0.09641955132924
E1,q2_x3_loro_longxi_river_seed42,pooled_loro,intervention,42,1120,na,longxi_river,longxihe_UAV0315,0.5,678,54,7924,7728,45.30838716952928,0.0,0.0
E1,q2_x3_loro_longxi_river_seed42,pooled_loro,intervention,42,1120,na,longxi_river,longxihe_UAV0316,0.5,2,275,2079,14028,88.10392461614802,0.0,0.0
E1,q2_x3_loro_longxi_river_seed42,pooled_loro,intervention,42,1120,na,longxi_river,longxihe_UAV0317,0.5,12,239,1898,14235,83.00210835722599,0.0,0.03205699020433597
E1,q2_x3_loro_longxi_river_seed42,pooled_loro,intervention,42,1120,na,longxi_river,longxihe_UAV0318,0.5,104,797,1233,14250,92.17917335276988,0.1045045045040081,0.2326757713702639
E1,q2_x3_loro_longxi_river_seed42,pooled_loro,intervention,42,1120,na,longxi_river,longxihe_UAV0319,0.5,81,102,2023,14178,84.2221313744211,0.09391932570710233,0.17602607793719285
E1,q2_x3_loro_longxi_river_seed42,pooled_loro,intervention,42,1120,na,longxi_river,longxihe_UAV0320,0.5,0,0,1414,14970,181.01933598375618,0.0,0.0
E1,q2_x3_loro_longxi_river_seed42,pooled_loro,intervention,42,1120,na,longxi_river,longxihe_UAV0321,0.5,406,244,241,15493,120.74211320098046,0.17182719373353314,0.31206657420208084
E1,q2_x3_loro_longxi_river_seed42,pooled_loro,intervention,42,1120,na,longxi_river,longxihe_UAV0322,0.5,0,48,27,16309,83.11878162048964,0.0,0.0
E1,q2_x3_loro_longxi_river_seed42,pooled_loro,intervention,42,1120,na,longxi_river,longxihe_UAV0323,0.5,308,27,755,15294,24.193916853676544,0.5171054770026877,0.6566207857436346
E1,q2_x3_loro_longxi_river_seed42,pooled_loro,intervention,42,1120,na,longxi_river,longxihe_UAV0324,0.5,1200,46,1568,13570,24.269139181114497,0.4686957222734835,0.6461963355482983
E1,q2_x3_loro_longxi_river_seed42,pooled_loro,intervention,42,1120,na,longxi_river,longxihe_UAV0325,0.5,924,5,1998,13457,26.879319882835,0.3624150905275687,0.5099149368051925
E1,q2_x3_loro_longxi_river_seed42,pooled_loro,intervention,42,1120,na,longxi_river,longxihe_UAV0326,0.5,519,28,1634,14203,31.400636936215164,0.5375060870690013,0.6179143228035431
E1,q2_x3_loro_longxi_river_seed42,pooled_loro,intervention,42,1120,na,longxi_river,longxihe_UAV0327,0.5,316,26,998,15044,26.10352820926456,0.47087116564375836,0.556427751131124
E1,q2_x3_loro_longxi_river_seed42,pooled_loro,intervention,42,1120,na,longxi_river,longxihe_UAV0328,0.5,67,0,284,16033,17.748149913859493,0.17027027026982916,0.44859813084067496
E1,q2_x3_loro_longxi_river_seed42,pooled_loro,intervention,42,1120,na,longxi_river,longxihe_UAV0329,0.5,0,77,297,16010,35.42663631817866,0.0,0.0
E1,q2_x3_loro_longxi_river_seed42,pooled_loro,intervention,42,1120,na,longxi_river,longxihe_UAV0330,0.5,312,151,933,14988,39.05124837953327,0.44696629213439154,0.5024287222804222
E1,q2_x3_loro_longxi_river_seed42,pooled_loro,intervention,42,1120,na,longxi_river,longxihe_UAV0331,0.5,311,65,1049,14959,39.0,0.43493303019778173,0.5546009041874883
E1,q2_x3_loro_longxi_river_seed42,pooled_loro,intervention,42,1120,na,longxi_river,longxihe_UAV0332,0.5,127,22,2182,14053,39.11521443121589,0.20401069518695983,0.2760086695562582
E1,q2_x3_loro_longxi_river_seed42,pooled_loro,intervention,42,1120,na,longxi_river,longxihe_UAV0333,0.5,636,147,3199,12402,53.23391765360372,0.3417684980271894,0.4151351492207921
E1,q2_x3_loro_longxi_river_seed42,pooled_loro,intervention,42,1120,na,longxi_river,longxihe_UAV0334,0.5,792,208,1757,13627,58.75877576928951,0.529923760398023,0.6154879984635674
E1,q2_x3_loro_longxi_river_seed42,pooled_loro,intervention,42,1120,na,longxi_river,longxihe_UAV0335,0.5,198,302,3707,12177,91.01620700845244,0.08979347500699439,0.09496342149641934
E1,q2_x3_loro_longxi_river_seed42,pooled_loro,intervention,42,1120,na,longxi_river,longxihe_UAV0336,0.5,493,150,4554,11187,47.32857831944241,0.0,0.0
E1,q2_x3_loro_longxi_river_seed42,pooled_loro,intervention,42,1120,na,longxi_river,longxihe_UAV0337,0.5,20,58,1733,14573,94.36630754670864,0.0,0.0
E1,q2_x3_loro_longxi_river_seed42,pooled_loro,intervention,42,1120,na,longxi_river,longxihe_UAV0338,0.5,20,48,1624,14692,95.02503210083991,0.0,0.0
E1,q2_x3_loro_longxi_river_seed42,pooled_loro,intervention,42,1120,na,longxi_river,longxihe_UAV0339,0.5,0,305,30,16049,122.4985621212123,0.0,0.0
E1,q2_x3_loro_longxi_river_seed42,pooled_loro,intervention,42,1120,na,longxi_river,longxihe_UAV0340,0.5,0,168,143,16073,98.07267591512276,0.0,0.0
E1,q2_x3_loro_longxi_river_seed42,pooled_loro,intervention,42,1120,na,longxi_river,longxihe_UAV0341,0.5,0,6,113,16265,93.671477402456,0.0,0.0
E1,q2_x3_loro_longxi_river_seed42,pooled_loro,intervention,42,1120,na,longxi_river,longxihe_UAV0342,0.5,0,41,147,16196,123.13289633421395,0.0,0.0
E1,q2_x3_loro_longxi_river_seed42,pooled_loro,intervention,42,1120,na,longxi_river,longxihe_UAV0343,0.5,0,0,246,16138,181.01933598375618,0.0,0.0
E1,q2_x3_loro_longxi_river_seed42,pooled_loro,intervention,42,1120,na,longxi_river,longxihe_UAV0344,0.5,139,222,1043,14980,81.53156389424537,0.2876680028290272,0.36079587324933154
E1,q2_x3_loro_longxi_river_seed42,pooled_loro,intervention,42,1120,na,longxi_river,longxihe_UAV0345,0.5,546,105,1591,14142,67.6228325885929,0.47973342616952624,0.5872690792273111
E1,q2_x3_loro_longxi_river_seed42,pooled_loro,intervention,42,1120,na,longxi_river,longxihe_UAV0346,0.5,196,4,1458,14726,25.506837506140673,0.31231864943256515,0.45599999999964796
E1,q2_x3_loro_longxi_river_seed42,pooled_loro,intervention,42,1120,na,longxi_river,longxihe_UAV0347,0.5,155,6,1008,15215,26.259503241353624,0.2306489444876104,0.3629827332640125
E1,q2_x3_loro_longxi_river_seed42,pooled_loro,intervention,42,1120,na,longxi_river,longxihe_UAV0348,0.5,13,137,1047,15187,36.02333859732155,0.046638165565175575,0.15336818973969216
E1,q2_x3_loro_longxi_river_seed42,pooled_loro,intervention,42,1120,na,longxi_river,longxihe_UAV0349,0.5,307,94,1604,14379,37.00337776166087,0.26840679635523246,0.32319477300851934
E1,q2_x3_loro_longxi_river_seed42,pooled_loro,intervention,42,1120,na,longxi_river,longxihe_UAV0350,0.5,150,5,1413,14816,73.3542772718526,0.20290371426004114,0.29985443959217595
E1,q2_x3_loro_longxi_river_seed42,pooled_loro,intervention,42,1120,na,longxi_river,longxihe_UAV0351,0.5,252,8,2254,13870,62.145541874975045,0.2434785999295909,0.30463576158914574
E1,q2_x3_loro_longxi_river_seed42,pooled_loro,intervention,42,1120,na,longxi_river,longxihe_UAV0352,0.5,346,6,4364,11668,58.999884769500646,0.22348136804471544,0.2957089552236286
E1,q2_x3_loro_longxi_river_seed42,pooled_loro,intervention,42,1120,na,longxi_river,longxihe_UAV0353,0.5,326,10,2269,13779,22.227164780748023,0.377939900589055,0.49630723781351166
E1,q2_x3_loro_longxi_river_seed42,pooled_loro,intervention,42,1120,na,longxi_river,longxihe_UAV0354,0.5,89,221,232,15842,58.13475576339113,0.3136361046208625,0.3700485129715246
E1,q2_x3_loro_longxi_river_seed42,pooled_loro,intervention,42,1120,na,longxi_river,longxihe_UAV0355,0.5,0,134,548,15702,51.00637193662781,0.0,0.0
E1,q2_x3_loro_longxi_river_seed42,pooled_loro,intervention,42,1120,na,longxi_river,longxihe_UAV0356,0.5,0,541,469,15374,98.96689898905936,0.0,0.0
E1,q2_x3_loro_longxi_river_seed42,pooled_loro,intervention,42,1120,na,longxi_river,longxihe_UAV0357,0.5,0,358,450,15576,97.84061611260813,0.0,0.0
E1,q2_x3_loro_longxi_river_seed42,pooled_loro,intervention,42,1120,na,longxi_river,longxihe_UAV0359,0.5,255,17,324,15788,14.835376142163383,0.6008199776365442,0.7253141831234156
E1,q2_x3_loro_longxi_river_seed42,pooled_loro,intervention,42,1120,na,longxi_river,longxihe_UAV0360,0.5,304,23,593,15464,32.72600698540414,0.5535950101836464,0.6836363636359136
E1,q2_x3_loro_longxi_river_seed42,pooled_loro,intervention,42,1120,na,longxi_river,longxihe_UAV0361,0.5,4,4,877,15499,109.00458705944443,0.046403712296938425,0.06880733944947484
E1,q2_x3_loro_longxi_river_seed42,pooled_loro,intervention,42,1120,na,longxi_river,longxihe_UAV0362,0.5,4,0,763,15617,83.85104063113269,0.018808777429442324,0.07926829268285068
E1,q2_x3_loro_longxi_river_seed42,pooled_loro,intervention,42,1120,na,longxi_river,longxihe_UAV0363,0.5,178,0,1688,14518,87.81543123389102,0.14898328971181354,0.317874343849447
E1,q2_x3_loro_longxi_river_seed42,pooled_loro,intervention,42,1120,na,longxi_river,longxihe_UAV0364,0.5,47,0,2816,13521,79.99911569573989,0.04839058111891248,0.1264348317781795
E1,q2_x3_loro_longxi_river_seed42,pooled_loro,intervention,42,1120,na,longxi_river,longxihe_UAV0365,0.5,309,49,4893,11133,97.2326873433974,0.230056980056761,0.28740740740716125
E1,q2_x3_loro_longxi_river_seed42,pooled_loro,intervention,42,1120,na,longxi_river,longxihe_UAV0366,0.5,530,56,7043,8755,92.02173656261873,0.3184146097728886,0.3772990015761521
E1,q2_x3_loro_longxi_river_seed42,pooled_loro,intervention,42,1120,na,longxi_river,longxihe_UAV0367,0.5,326,252,3415,12391,69.4535163797676,0.3080213903739012,0.39283644811685337
E1,q2_x3_loro_longxi_river_seed42,pooled_loro,intervention,42,1120,na,longxi_river,longxihe_UAV0368,0.5,97,462,72,15753,88.7772441505834,0.32683922953766975,0.3495042492914552
E1,q2_x3_loro_longxi_river_seed42,pooled_loro,intervention,42,1120,na,longxi_river,longxihe_UAV0369,0.5,641,988,16,14739,85.20826647559736,0.475700658522959,0.6084792475074249
E1,q2_x3_loro_longxi_river_seed42,pooled_loro,intervention,42,1120,na,longxi_river,longxihe_UAV0370,0.5,647,861,1159,13717,44.48533537119215,0.4357576876454909,0.5877527661193045
E1,q2_x3_loro_longxi_river_seed42,pooled_loro,intervention,42,1120,na,longxi_river,longxihe_UAV0371,0.5,95,283,1409,14597,69.98426084030889,0.21784943506367666,0.24671146020584464
E1,q2_x3_loro_longxi_river_seed42,pooled_loro,intervention,42,1120,na,longxi_river,longxihe_UAV0372,0.5,208,228,451,15497,31.739459092851906,0.46327149672984363,0.5694299933554873
E1,q2_x3_loro_longxi_river_seed42,pooled_loro,intervention,42,1120,na,longxi_river,longxihe_UAV0373,0.5,200,42,751,15391,48.226502963572536,0.5730807086609819,0.6424734805455248
E1,q2_x3_loro_longxi_river_seed42,pooled_loro,intervention,42,1120,na,longxi_river,longxihe_UAV0374,0.5,30,0,1767,14587,119.30340723202403,0.09264458169547506,0.1335646140500791
E1,q2_x3_loro_longxi_river_seed42,pooled_loro,intervention,42,1120,na,longxi_river,longxihe_UAV0375,0.5,81,64,1295,14944,40.97273737847443,0.12839879154039302,0.20702402957447422
E1,q2_x3_loro_longxi_river_seed42,pooled_loro,intervention,42,1120,na,longxi_river,longxihe_UAV0376,0.5,139,1,1747,14497,32.2490309931942,0.16245831348232473,0.23621399176923938
E1,q2_x3_loro_longxi_river_seed42,pooled_loro,intervention,42,1120,na,longxi_river,longxihe_UAV0377,0.5,46,0,3125,13213,107.33927766162009,0.027007475283249042,0.06611570247921535
E1,q2_x3_loro_longxi_river_seed42,pooled_loro,intervention,42,1120,na,longxi_river,longxihe_UAV0378,0.5,0,0,5634,10750,181.01933598375618,0.0,0.0
E1,q2_x3_loro_longxi_river_seed42,pooled_loro,intervention,42,1120,na,longxi_river,longxihe_UAV0379,0.5,0,6,6247,10131,118.68656161011783,0.0,0.0
E1,q2_x3_loro_longxi_river_seed42,pooled_loro,intervention,42,1120,na,longxi_river,longxihe_UAV0380,0.5,0,213,2124,14047,105.21938729242085,0.0,0.0
E1,q2_x3_loro_longxi_river_seed42,pooled_loro,intervention,42,1120,na,longxi_river,longxihe_UAV0381,0.5,163,216,29,15976,117.75863397283166,0.5239620969387176,0.5665236051498085
E1,q2_x3_loro_longxi_river_seed42,pooled_loro,intervention,42,1120,na,longxi_river,longxihe_UAV0382,0.5,2052,1746,93,12493,12.0,0.6032512925258695,0.8126582278476047
E1,q2_x3_loro_longxi_river_seed42,pooled_loro,intervention,42,1120,na,longxi_river,longxihe_UAV0383,0.5,1931,2048,1305,11100,38.70620303380181,0.41109361952559037,0.6005044990770986
E1,q2_x3_loro_longxi_river_seed42,pooled_loro,intervention,42,1120,na,longxi_river,longxihe_UAV0384,0.5,203,501,1435,14245,62.20197718897005,0.33844685742327785,0.3777088971744539
E1,q2_x3_loro_longxi_river_seed42,pooled_loro,intervention,42,1120,na,longxi_river,longxihe_UAV0385,0.5,85,1144,270,14885,106.73608204702387,0.14054054054009138,0.21434460016442777
E1,q2_x3_loro_longxi_river_seed42,pooled_loro,intervention,42,1120,na,longxi_river,longxihe_UAV0386,0.5,237,49,467,15631,44.18496508956974,0.36570428696363866,0.4296531079410748
E1,q2_x3_loro_longxi_river_seed42,pooled_loro,intervention,42,1120,na,longxi_river,longxihe_UAV0387,0.5,448,85,1624,14227,43.41658669218482,0.38636705245707803,0.4522862823056883
E1,q2_x3_loro_longxi_river_seed42,pooled_loro,intervention,42,1120,na,longxi_river,longxihe_UAV0388,0.5,323,499,1438,14124,47.6676067487481,0.2849185946867471,0.3759959051047666
E1,q2_x3_loro_longxi_river_seed42,pooled_loro,intervention,42,1120,na,longxi_river,longxihe_UAV0389,0.5,196,3,756,15429,27.064619383527166,0.33254156769558757,0.49782647531668894
E1,q2_x3_loro_longxi_river_seed42,pooled_loro,intervention,42,1120,na,longxi_river,longxihe_UAV0390,0.5,0,112,883,15389,66.37305794620622,0.0,0.0
E1,q2_x3_loro_longxi_river_seed42,pooled_loro,intervention,42,1120,na,longxi_river,longxihe_UAV0391,0.5,0,0,1856,14528,181.01933598375618,0.0,0.0
E1,q2_x3_loro_longxi_river_seed42,pooled_loro,intervention,42,1120,na,longxi_river,longxihe_UAV0392,0.5,0,24,1699,14661,76.55716818169282,0.0,0.0
E1,q2_x3_loro_longxi_river_seed42,pooled_loro,intervention,42,1120,na,longxi_river,longxihe_UAV0393,0.5,0,414,167,15803,112.33164026458077,0.0,0.0
E1,q2_x3_loro_longxi_river_seed42,pooled_loro,intervention,42,1120,na,longxi_river,longxihe_UAV0394,0.5,156,36,47,16145,105.4845409632286,0.7460366801362824,0.9070554543082737
E1,q2_x3_loro_longxi_river_seed42,pooled_loro,intervention,42,1120,na,longxi_river,longxihe_UAV0395,0.5,634,1309,118,14323,72.46066689953747,0.37430475086856396,0.5974788865672609
E1,q2_x3_loro_longxi_river_seed42,pooled_loro,intervention,42,1120,na,longxi_river,longxihe_UAV0396,0.5,1974,1428,236,12746,71.71772232560517,0.5301073807253393,0.718527653922278
E1,q2_x3_loro_longxi_river_seed42,pooled_loro,intervention,42,1120,na,longxi_river,longxihe_UAV0397,0.5,1973,462,1420,12529,24.11635027342641,0.6399241990336068,0.7637508971517489
E1,q2_x3_loro_longxi_river_seed42,pooled_loro,intervention,42,1120,na,longxi_river,longxihe_UAV0398,0.5,1574,832,1710,12268,22.810083277695927,0.5945625939245449,0.725348988019573
E1,q2_x3_loro_longxi_river_seed42,pooled_loro,intervention,42,1120,na,longxi_river,longxihe_UAV0399,0.5,1424,879,262,13819,19.613347274198805,0.6151350255174645,0.72917217022299
E1,q2_x3_loro_longxi_river_seed42,pooled_loro,intervention,42,1120,na,longxi_river,longxihe_UAV0400,0.5,26,259,108,15991,63.316259291080364,0.1783060921243763,0.22048932644464628
E1,q2_x3_loro_longxi_river_seed42,pooled_loro,intervention,42,1120,na,longxi_river,longxihe_UAV0401,0.5,123,121,3,16137,74.29268339562356,0.441176470587846,0.5294117647054931
E1,q2_x3_loro_longxi_river_seed42,pooled_loro,intervention,42,1120,na,longxi_river,longxihe_UAV0402,0.5,219,277,125,15763,81.47969713714224,0.3674766959422093,0.39183091902117767
E1,q2_x3_loro_longxi_river_seed42,pooled_loro,intervention,42,1120,na,longxi_river,longxihe_UAV0403,0.5,135,915,250,15084,105.12038544851737,0.09918733069348751,0.1042499091896017
E1,q2_x3_loro_longxi_river_seed42,pooled_loro,intervention,42,1120,na,longxi_river,longxihe_UAV0404,0.5,0,176,170,16038,110.50970780932393,0.0,0.0
E1,q2_x3_loro_longxi_river_seed42,pooled_loro,intervention,42,1120,na,longxi_river,longxihe_UAV0406,0.5,482,1103,7,14792,103.59959891638962,0.36186391561329495,0.49876634790556057
E1,q2_x3_loro_longxi_river_seed42,pooled_loro,intervention,42,1120,na,longxi_river,longxihe_UAV0407,0.5,758,745,293,14588,24.45800283709078,0.5881477734294448,0.6868602306018847
E1,q2_x3_loro_longxi_river_seed42,pooled_loro,intervention,42,1120,na,longxi_river,longxihe_UAV0408,0.5,730,399,1315,13940,51.94029386511636,0.459975598610839,0.5498250761760448
E1,q2_x3_loro_longxi_river_seed42,pooled_loro,intervention,42,1120,na,longxi_river,longxihe_UAV0409,0.5,2081,119,3233,10951,37.73054119082621,0.4255367438870744,0.5307244742947359
E1,q2_x3_loro_longxi_river_seed42,pooled_loro,intervention,42,1120,na,longxi_river,longxihe_UAV0410,0.5,2615,303,4828,8638,49.01435240865535,0.47038469862520527,0.5737698719825756
E1,q2_x3_loro_longxi_river_seed42,pooled_loro,intervention,42,1120,na,longxi_river,longxihe_UAV0411,0.5,469,150,3441,12324,80.25830463498485,0.22010619158319883,0.27913387254675953
E1,q2_x3_loro_longxi_river_seed42,pooled_loro,intervention,42,1120,na,longxi_river,longxihe_UAV0412,0.5,148,4,150,16082,113.83715666483857,0.6371574306211389,0.7964408139445256
E1,q2_x3_loro_longxi_river_seed42,pooled_loro,intervention,42,1120,na,longxi_river,longxihe_UAV0413,0.5,114,0,481,15789,40.81294049786805,0.4774206882294451,0.5496688741717868
E1,q2_x3_loro_longxi_river_seed42,pooled_loro,intervention,42,1120,na,longxi_river,longxihe_UAV0414,0.5,299,0,1344,14741,27.073972741361768,0.38740882680139976,0.5265614788530737
E1,q2_x3_loro_longxi_river_seed42,pooled_loro,intervention,42,1120,na,longxi_river,longxihe_UAV0415,0.5,397,0,651,15336,15.77960580917322,0.33148468684821003,0.48037769253417134
E1,q2_x3_loro_longxi_river_seed42,pooled_loro,intervention,42,1120,na,longxi_river,longxihe_UAV0416,0.5,281,378,314,15411,90.51684910685078,0.31561461793970863,0.4790848612683678
E1,q2_x3_loro_longxi_river_seed42,pooled_loro,intervention,42,1120,na,longxi_river,longxihe_UAV0417,0.5,357,445,1364,14218,48.37515715467562,0.3082775634635343,0.39917557871146325
E1,q2_x3_loro_longxi_river_seed42,pooled_loro,intervention,42,1120,na,longxi_river,longxihe_UAV0418,0.5,449,945,1699,13291,63.3559775247074,0.2284667073911294,0.3404373577887935
E1,q2_x3_loro_longxi_river_seed42,pooled_loro,intervention,42,1120,na,longxi_river,longxihe_UAV0419,0.5,642,4,3547,12191,68.82827988771102,0.13936914346023718,0.188859453429781
E1,q2_x3_loro_longxi_river_seed42,pooled_loro,intervention,42,1120,na,longxi_river,longxihe_UAV0420,0.5,779,16,5102,10487,77.2396642406063,0.19705974350929295,0.21896534989783223
E1,q2_x3_loro_longxi_river_seed42,pooled_loro,intervention,42,1120,na,longxi_river,longxihe_UAV0421,0.5,12,0,2744,13628,119.05691833477907,0.0,0.0
E1,q2_x3_loro_longxi_river_seed42,pooled_loro,intervention,42,1120,na,longxi_river,longxihe_UAV0422,0.5,0,0,42,16342,181.01933598375618,0.0,0.0
E1,q2_x3_loro_longxi_river_seed42,pooled_loro,intervention,42,1120,na,longxi_river,longxihe_UAV0423,0.5,170,576,105,15533,141.9175622569858,0.3388981636056083,0.38473282442711015
E1,q2_x3_loro_longxi_river_seed42,pooled_loro,intervention,42,1120,na,longxi_river,longxihe_UAV0424,0.5,565,3,1598,14218,77.89830802469267,0.42742098524121075,0.5843607991660672
E1,q2_x3_loro_longxi_river_seed42,pooled_loro,intervention,42,1120,na,longxi_river,longxihe_UAV0425,0.5,860,5,3459,12060,30.386664788928872,0.3303864012924017,0.4827851486960184
E1,q2_x3_loro_longxi_river_seed42,pooled_loro,intervention,42,1120,na,longxi_river,longxihe_UAV0426,0.5,900,37,1531,13916,17.884341319736638,0.5103530726033522,0.6322954807947588
E1,q2_x3_loro_longxi_river_seed42,pooled_loro,intervention,42,1120,na,longxi_river,longxihe_UAV0427,0.5,0,496,106,15782,83.55649193547376,0.0,0.0
E1,q2_x3_loro_longxi_river_seed42,pooled_loro,intervention,42,1120,na,longxi_river,longxihe_UAV0428,0.5,0,867,1353,14164,72.44479269736094,0.0,0.0
E1,q2_x3_loro_longxi_river_seed42,pooled_loro,intervention,42,1120,na,longxi_river,longxihe_UAV0429,0.5,1,54,1334,14995,73.35529974037323,0.020524515392891244,0.02700421940880041
E1,q2_x3_loro_longxi_river_seed42,pooled_loro,intervention,42,1120,na,longxi_river,longxihe_UAV0430,0.5,0,0,1110,15274,181.01933598375618,0.0,0.0
E1,q2_x3_loro_longxi_river_seed42,pooled_loro,intervention,42,1120,na,longxi_river,longxihe_UAV0431,0.5,0,0,1715,14669,181.01933598375618,0.0,0.0
E1,q2_x3_loro_longxi_river_seed42,pooled_loro,intervention,42,1120,na,longxi_river,longxihe_UAV0432,0.5,0,0,693,15691,181.01933598375618,0.0,0.0
E1,q2_x3_loro_longxi_river_seed42,pooled_loro,intervention,42,1120,na,longxi_river,longxihe_UAV0433,0.5,0,103,188,16093,63.44107701693229,0.0,0.0
E1,q2_x3_loro_longxi_river_seed42,pooled_loro,intervention,42,1120,na,longxi_river,longxihe_UAV0434,0.5,0,104,188,16092,37.33630940518894,0.0,0.0
E1,q2_x3_loro_longxi_river_seed42,pooled_loro,intervention,42,1120,na,longxi_river,longxihe_UAV0435,0.5,266,79,785,15254,84.79377898162188,0.40453570334008115,0.49314228620692957
E1,q2_x3_loro_longxi_river_seed42,pooled_loro,intervention,42,1120,na,longxi_river,longxihe_UAV0436,0.5,1239,22,2627,12496,38.07886552931954,0.454358343970741,0.588631250310609
E1,q2_x3_loro_longxi_river_seed42,pooled_loro,intervention,42,1120,na,longxi_river,longxihe_UAV0437,0.5,1309,17,3822,11236,39.623075285975915,0.41216652890566075,0.5692375119930465
E1,q2_x3_loro_longxi_river_seed42,pooled_loro,intervention,42,1120,na,longxi_river,longxihe_UAV0438,0.5,730,23,1668,13963,49.32538315856151,0.39230546637046687,0.5367960192002588
E1,q2_x3_loro_longxi_river_seed42,pooled_loro,intervention,42,1120,na,longxi_river,longxihe_UAV0439,0.5,0,0,82,16302,181.01933598375618,0.0,0.0
E1,q2_x3_loro_longxi_river_seed42,pooled_loro,intervention,42,1120,na,longxi_river,longxihe_UAV0440,0.5,0,773,492,15119,76.0,0.0,0.0
E1,q2_x3_loro_longxi_river_seed42,pooled_loro,intervention,42,1120,na,longxi_river,longxihe_UAV0441,0.5,0,2,492,15890,119.66619146955067,0.0,0.0
E1,q2_x3_loro_longxi_river_seed42,pooled_loro,intervention,42,1120,na,longxi_river,longxihe_UAV0442,0.5,0,6,25,16353,82.21694915009783,0.0,0.0
E1,q2_x3_loro_longxi_river_seed42,pooled_loro,intervention,42,1120,na,longxi_river,longxihe_UAV0443,0.5,0,0,76,16308,181.01933598375618,0.0,0.0
E1,q2_x3_loro_longxi_river_seed42,pooled_loro,intervention,42,1120,na,longxi_river,longxihe_UAV0444,0.5,0,0,51,16333,181.01933598375618,0.0,0.0
E1,q2_x3_loro_longxi_river_seed42,pooled_loro,intervention,42,1120,na,longxi_river,longxihe_UAV0446,0.5,0,104,1437,14843,82.03918635802106,0.0,0.0
E1,q2_x3_loro_longxi_river_seed42,pooled_loro,intervention,42,1120,na,longxi_river,longxihe_UAV0447,0.5,0,85,1444,14855,82.55302117578145,0.0,0.0
E1,q2_x3_loro_longxi_river_seed42,pooled_loro,intervention,42,1120,na,longxi_river,longxihe_UAV0448,0.5,0,9,954,15421,116.24169696664258,0.0,0.0
E1,q2_x3_loro_longxi_river_seed42,pooled_loro,intervention,42,1120,na,longxi_river,longxihe_UAV0449,0.5,0,0,2140,14244,181.01933598375618,0.0,0.0
E1,q2_x3_loro_longxi_river_seed42,pooled_loro,intervention,42,1120,na,longxi_river,longxihe_UAV0450,0.5,0,42,1257,15085,85.21964478198451,0.0,0.0
E1,q2_x3_loro_longxi_river_seed42,pooled_loro,intervention,42,1120,na,longxi_river,longxihe_UAV0451,0.5,38,36,1001,15309,47.96454824484097,0.07801418439699863,0.13089993706709846
E1,q2_x3_loro_longxi_river_seed42,pooled_loro,intervention,42,1120,na,longxi_river,longxihe_UAV0452,0.5,385,5,2425,13569,105.66668581395187,0.17288135593199946,0.2521708123317119
E1,q2_x3_loro_longxi_river_seed42,pooled_loro,intervention,42,1120,na,longxi_river,longxihe_UAV0453,0.5,357,2,2406,13619,41.695250620890235,0.1878968729162901,0.3049983715536466
E1,q2_x3_loro_longxi_river_seed42,pooled_loro,intervention,42,1120,na,longxi_river,longxihe_UAV0454,0.5,47,0,968,15369,52.635050467086195,0.25975151690233933,0.3165441619469278
E1,q2_x3_loro_longxi_river_seed42,pooled_loro,intervention,42,1120,na,longxi_river,longxihe_UAV0455,0.5,0,0,82,16302,181.01933598375618,0.0,0.0
E1,q2_x3_loro_longxi_river_seed42,pooled_loro,intervention,42,1120,na,longxi_river,longxihe_UAV0458,0.5,96,0,874,15414,30.060173458774955,0.0,0.07894736842060249
E1,q2_x3_loro_longxi_river_seed42,pooled_loro,intervention,42,1120,na,longxi_river,longxihe_UAV0459,0.5,139,0,3529,12716,47.74374971106414,0.0,0.17766497461883887
E1,q2_x3_loro_longxi_river_seed42,pooled_loro,intervention,42,1120,na,longxi_river,longxihe_UAV0460,0.5,180,0,5729,10475,111.16564099520441,0.10238907849798433,0.15017064846385464
E1,q2_x3_loro_longxi_river_seed42,pooled_loro,intervention,42,1120,na,longxi_river,longxihe_UAV0461,0.5,0,0,8566,7818,181.01933598375618,0.0,0.0
E1,q2_x3_loro_longxi_river_seed42,pooled_loro,intervention,42,1120,na,longxi_river,longxihe_UAV0462,0.5,2,4,8603,7775,86.78131832394926,0.0,0.0
E1,q2_x3_loro_longxi_river_seed42,pooled_loro,intervention,42,1120,na,longxi_river,longxihe_UAV0463,0.5,4,3,6176,10201,95.01315600011517,0.009892827699883533,0.02942378422553218
E1,q2_x3_loro_longxi_river_seed42,pooled_loro,intervention,42,1120,na,longxi_river,longxihe_UAV0464,0.5,388,41,6404,9551,101.62552665077762,0.13804182455589198,0.20416660996861907
E1,q2_x3_loro_longxi_river_seed42,pooled_loro,intervention,42,1120,na,longxi_river,longxihe_UAV0465,0.5,381,124,4686,11193,76.7486183007221,0.1728086612530754,0.24301414896672707
E1,q2_x3_loro_longxi_river_seed42,pooled_loro,intervention,42,1120,na,longxi_river,longxihe_UAV0466,0.5,0,29,1439,14916,75.45759598409762,0.0,0.0
E1,q2_x3_loro_longxi_river_seed42,pooled_loro,intervention,42,1120,na,longxi_river,longxihe_UAV0467,0.5,0,0,542,15842,181.01933598375618,0.0,0.0
E1,q2_x3_loro_longxi_river_seed42,pooled_loro,intervention,42,1120,na,longxi_river,longxihe_UAV0468,0.5,0,0,308,16076,181.01933598375618,0.0,0.0
E1,q2_x3_loro_longxi_river_seed42,pooled_loro,intervention,42,1120,na,longxi_river,longxihe_UAV0469,0.5,354,38,3352,12640,68.54997754321677,0.1264355705400137,0.3535220291707223
E1,q2_x3_loro_longxi_river_seed42,pooled_loro,intervention,42,1120,na,longxi_river,longxihe_UAV0470,0.5,339,2,10161,5882,73.09992909067583,0.1312910284458948,0.3339072237440257
E1,q2_x3_loro_longxi_river_seed42,pooled_loro,intervention,42,1120,na,longxi_river,longxihe_UAV0471,0.5,384,0,13285,2715,99.70387419381917,0.1127348643002508,0.12526096033365372
E1,q2_x3_loro_longxi_river_seed42,pooled_loro,intervention,42,1120,na,longxi_river,longxihe_UAV0472,0.5,269,0,12697,3418,75.18836943155844,0.08316274309085962,0.11334552102351113
E1,q2_x3_loro_longxi_river_seed42,pooled_loro,intervention,42,1120,na,longxi_river,longxihe_UAV0473,0.5,236,7,12398,3743,110.40063169609799,0.07543246053477158,0.08327847267915346
E1,q2_x3_loro_longxi_river_seed42,pooled_loro,intervention,42,1120,na,longxi_river,longxihe_UAV0474,0.5,1,0,11756,4627,115.80585997396024,0.006299212598418916,0.0311041990668434
E1,q2_x3_loro_longxi_river_seed42,pooled_loro,intervention,42,1120,na,longxi_river,longxihe_UAV0475,0.5,452,52,7430,8450,63.60618403939939,0.25603357817387135,0.3089392133489322
E1,q2_x3_loro_longxi_river_seed42,pooled_loro,intervention,42,1120,na,longxi_river,longxihe_UAV0476,0.5,425,105,3389,12465,54.06477121694598,0.3294387284816637,0.42116995853245265
E1,q2_x3_loro_longxi_river_seed42,pooled_loro,intervention,42,1120,na,longxi_river,longxihe_UAV0477,0.5,0,0,1176,15208,181.01933598375618,0.0,0.0
E1,q2_x3_loro_longxi_river_seed42,pooled_loro,intervention,42,1120,na,longxi_river,longxihe_UAV0478,0.5,0,0,30,16354,181.01933598375618,0.0,0.0
E1,q2_x3_loro_longxi_river_seed42,pooled_loro,intervention,42,1120,na,longxi_river,longxihe_UAV0479,0.5,24,65,35,16260,27.083062268052995,0.4724324324319912,0.5405405405401461
E1,q2_x3_loro_longxi_river_seed42,pooled_loro,intervention,42,1120,na,longxi_river,longxihe_UAV0480,0.5,7,155,52,16170,98.0612021952362,0.12292682926795113,0.13470173187916382
E1,q2_x3_loro_longxi_river_seed42,pooled_loro,intervention,42,1120,na,longxi_river,longxihe_UAV0481,0.5,337,598,2984,12465,84.04462989483198,0.3903015966878523,0.4596974616075808
E1,q2_x3_loro_longxi_river_seed42,pooled_loro,intervention,42,1120,na,longxi_river,longxihe_UAV0482,0.5,329,156,9332,6567,55.063597344860106,0.25437569752522426,0.3599318281912946
E1,q2_x3_loro_longxi_river_seed42,pooled_loro,intervention,42,1120,na,longxi_river,longxihe_UAV0483,0.5,78,104,10837,5365,79.0,0.0,0.0
E1,q2_x3_loro_longxi_river_seed42,pooled_loro,intervention,42,1120,na,longxi_river,longxihe_UAV0484,0.5,290,6,7538,8550,90.4267659490264,0.06309285527785616,0.09390422835779598
E1,q2_x3_loro_longxi_river_seed42,pooled_loro,intervention,42,1120,na,longxi_river,longxihe_UAV0485,0.5,630,30,7050,8674,47.01063709417264,0.2891820580471678,0.3156975535376822
E1,q2_x3_loro_longxi_river_seed42,pooled_loro,intervention,42,1120,na,longxi_river,longxihe_UAV0486,0.5,370,3,7983,8028,100.28384374272323,0.25763225134825407,0.28533204901773773
E1,q2_x3_loro_longxi_river_seed42,pooled_loro,intervention,42,1120,na,longxi_river,longxihe_UAV0487,0.5,0,19,4108,12257,101.1668990584822,0.0,0.0
E1,q2_x3_loro_longxi_river_seed42,pooled_loro,intervention,42,1120,na,longxi_river,longxihe_UAV0488,0.5,0,493,182,15709,69.98193346524849,0.0,0.0
E1,q2_x3_loro_longxi_river_seed42,pooled_loro,intervention,42,1120,na,longxi_river,longxihe_UAV0489,0.5,163,57,255,15909,26.256406900217115,0.5148242686034709,0.6515270164442925
E1,q2_x3_loro_longxi_river_seed42,pooled_loro,intervention,42,1120,na,longxi_river,longxihe_UAV0490,0.5,219,297,200,15668,48.37974557846872,0.4241545393335374,0.508068735159948
E1,q2_x3_loro_longxi_river_seed42,pooled_loro,intervention,42,1120,na,longxi_river,longxihe_UAV0491,0.5,217,511,821,14835,54.306979984574625,0.3302103759648335,0.43454540494781385
E1,q2_x3_loro_longxi_river_seed42,pooled_loro,intervention,42,1120,na,longxi_river,longxihe_UAV0492,0.5,231,354,3545,12254,53.1210410810465,0.2522052023341846,0.34084067480019986
E1,q2_x3_loro_longxi_river_seed42,pooled_loro,intervention,42,1120,na,longxi_river,longxihe_UAV0493,0.5,0,1135,4719,10530,93.11683157080004,0.0,0.0
E1,q2_x3_loro_longxi_river_seed42,pooled_loro,intervention,42,1120,na,longxi_river,longxihe_UAV0494,0.5,0,2,3065,13317,134.4198641244328,0.0,0.0
E1,q2_x3_loro_longxi_river_seed42,pooled_loro,intervention,42,1120,na,longxi_river,longxihe_UAV0495,0.5,340,5,1916,14123,55.95297267749511,0.32107043081869974,0.3709560306572089
E1,q2_x3_loro_longxi_river_seed42,pooled_loro,intervention,42,1120,na,longxi_river,longxihe_UAV0496,0.5,322,5,4345,11712,118.68196719915962,0.17320776018278475,0.20903122068848373
E1,q2_x3_loro_longxi_river_seed42,pooled_loro,intervention,42,1120,na,longxi_river,longxihe_UAV0497,0.5,0,0,3864,12520,181.01933598375618,0.0,0.0
E1,q2_x3_loro_longxi_river_seed42,pooled_loro,intervention,42,1120,na,longxi_river,longxihe_UAV0498,0.5,0,77,368,15939,83.72263128626584,0.0,0.0
E1,q2_x3_loro_longxi_river_seed42,pooled_loro,intervention,42,1120,na,longxi_river,longxihe_UAV0499,0.5,200,98,159,15927,126.4800265166368,0.56847469967187,0.7010309278345528
E1,q2_x3_loro_longxi_river_seed42,pooled_loro,intervention,42,1120,na,longxi_river,longxihe_UAV0500,0.5,225,742,135,15282,60.3008049143954,0.3409510438599704,0.4072464956140528
E1,q2_x3_loro_longxi_river_seed42,pooled_loro,intervention,42,1120,na,longxi_river,longxihe_UAV0501,0.5,120,1165,436,14663,60.74941231683227,0.19135263168068734,0.22287629052667693
E1,q2_x3_loro_longxi_river_seed42,pooled_loro,intervention,42,1120,na,longxi_river,longxihe_UAV0502,0.5,159,104,891,15230,58.54393714696639,0.4165898239785784,0.5226244732990483
E1,q2_x3_loro_longxi_river_seed42,pooled_loro,intervention,42,1120,na,longxi_river,longxihe_UAV0503,0.5,0,707,1649,14028,69.77427751393081,0.0,0.0
E1,q2_x3_loro_longxi_river_seed42,pooled_loro,intervention,42,1120,na,longxi_river,longxihe_UAV0504,0.5,0,8,1154,15222,68.59874350970786,0.0,0.0
E1,q2_x3_loro_longxi_river_seed42,pooled_loro,intervention,42,1120,na,longxi_river,longxihe_UAV0505,0.5,0,222,49,16113,77.69008820824004,0.0,0.0
E1,q2_x3_loro_longxi_river_seed42,pooled_loro,intervention,42,1120,na,longxi_river,longxihe_UAV0506,0.5,0,0,2812,13572,181.01933598375618,0.0,0.0
E1,q2_x3_loro_longxi_river_seed42,pooled_loro,intervention,42,1120,na,longxi_river,longxihe_UAV0507,0.5,247,160,2706,13271,63.800467209421655,0.1606707317068989,0.27354024197749693
E1,q2_x3_loro_longxi_river_seed42,pooled_loro,intervention,42,1120,na,longxi_river,longxihe_UAV0508,0.5,0,0,190,16194,181.01933598375618,0.0,0.0
E1,q2_x3_loro_longxi_river_seed42,pooled_loro,intervention,42,1120,na,longxi_river,longxihe_UAV0509,0.5,1,415,42,15926,109.46117516714742,0.01041666666660612,0.05668016194310642
E1,q2_x3_loro_longxi_river_seed42,pooled_loro,intervention,42,1120,na,longxi_river,longxihe_UAV0510,0.5,481,605,209,15089,104.32760303895903,0.436612918798452,0.49034951717023123
E1,q2_x3_loro_longxi_river_seed42,pooled_loro,intervention,42,1120,na,longxi_river,longxihe_UAV0511,0.5,602,1068,468,14246,79.4391926974367,0.36214365891394107,0.4289255491917426
E1,q2_x3_loro_longxi_river_seed42,pooled_loro,intervention,42,1120,na,longxi_river,longxihe_UAV0512,0.5,88,41,335,15920,46.00477628760622,0.4319585199147217,0.49794130529958025
E1,q2_x3_loro_longxi_river_seed42,pooled_loro,intervention,42,1120,na,longxi_river,longxihe_UAV0513,0.5,0,84,80,16220,96.21717693952023,0.0,0.0
E1,q2_x3_loro_longxi_river_seed42,pooled_loro,intervention,42,1120,na,longxi_river,longxihe_UAV0514,0.5,0,0,80,16304,181.01933598375618,0.0,0.0
E1,q2_x3_loro_longxi_river_seed42,pooled_loro,intervention,42,1120,na,longxi_river,longxihe_UAV0515,0.5,0,0,155,16229,181.01933598375618,0.0,0.0
E1,q2_x3_loro_longxi_river_seed42,pooled_loro,intervention,42,1120,na,longxi_river,longxihe_UAV0516,0.5,0,0,155,16229,181.01933598375618,0.0,0.0
E1,q2_x3_loro_longxi_river_seed42,pooled_loro,intervention,42,1120,na,longxi_river,longxihe_UAV0517,0.5,20,6,253,16105,87.08000906557768,0.03749999999978125,0.19199999999973116
E1,q2_x3_loro_longxi_river_seed42,pooled_loro,intervention,42,1120,na,longxi_river,longxihe_UAV0518,0.5,20,5,253,16106,73.0672929360493,0.025316455696000637,0.18232044198869646
E1,q2_x3_loro_longxi_river_seed42,pooled_loro,intervention,42,1120,na,longxi_river,longxihe_UAV0519,0.5,26,0,226,16132,35.5033518687914,0.1592417061609373,0.19533213644505634
E1,q2_x3_loro_longxi_river_seed42,pooled_loro,intervention,42,1120,na,longxi_river,longxihe_UAV0520,0.5,111,12,270,15991,29.48551242583104,0.3890255905507793,0.49551220979750693
E1,q2_x3_loro_longxi_river_seed42,pooled_loro,intervention,42,1120,na,longxi_river,longxihe_UAV0521,0.5,69,55,230,16030,86.27975124995369,0.3418516966899438,0.43243243243193574
E1,q2_x3_loro_longxi_river_seed42,pooled_loro,intervention,42,1120,na,longxi_river,longxihe_UAV0522,0.5,272,335,428,15349,37.74916289115545,0.44845109241718173,0.49983558040068765
E1,q2_x3_loro_longxi_river_seed42,pooled_loro,intervention,42,1120,na,longxi_river,longxihe_UAV0523,0.5,1607,384,835,13558,26.972168103942558,0.695794367986679,0.7797520649230634
E1,q2_x3_loro_longxi_river_seed42,pooled_loro,intervention,42,1120,na,longxi_river,longxihe_UAV0524,0.5,1639,519,1996,12230,45.54448148979394,0.548812989004142,0.6032362370341638
E1,q2_x3_loro_longxi_river_seed42,pooled_loro,intervention,42,1120,na,longxi_river,longxihe_UAV0525,0.5,92,0,1691,14601,46.30052336426013,0.12303241139376883,0.19497178040001376
E1,q2_x3_loro_longxi_river_seed42,pooled_loro,intervention,42,1120,na,longxi_river,longxihe_UAV0526,0.5,0,0,60,16324,181.01933598375618,0.0,0.0
E1,q2_x3_loro_longxi_river_seed42,pooled_loro,intervention,42,1120,na,longxi_river,longxihe_UAV0527,0.5,118,0,287,15979,16.235656434956038,0.5079902017959474,0.6666666666662222
E1,q2_x3_loro_longxi_river_seed42,pooled_loro,intervention,42,1120,na,longxi_river,longxihe_UAV0528,0.5,193,2,212,15977,15.124943451169415,0.6425992779779032,0.7167235494875946
E1,q2_x3_loro_longxi_river_seed42,pooled_loro,intervention,42,1120,na,longxi_river,longxihe_UAV0529,0.5,200,27,196,15961,7.615773105863909,0.8236007995426214,0.8991624132961918
E1,q2_x3_loro_longxi_river_seed42,pooled_loro,intervention,42,1120,na,longxi_river,longxihe_UAV0530,0.5,310,10,398,15666,34.058772731852805,0.6530469704901979,0.7426275297687267
E1,q2_x3_loro_longxi_river_seed42,pooled_loro,intervention,42,1120,na,longxi_river,longxihe_UAV0531,0.5,244,79,204,15857,88.96459508777919,0.5837639606596148,0.6280991735532206
E1,q2_x3_loro_longxi_river_seed42,pooled_loro,intervention,42,1120,na,longxi_river,longxihe_UAV0532,0.5,149,257,13,15965,111.72509909069332,0.49599999999962696,0.49599999999962696
E1,q2_x3_loro_longxi_river_seed42,pooled_loro,intervention,42,1120,na,longxi_river,longxihe_UAV0533,0.5,1,174,27,16182,65.78176800566379,0.01769911504401754,0.020100502512533116
E1,q2_x3_loro_longxi_river_seed42,pooled_loro,intervention,42,1120,na,longxi_river,longxihe_UAV0534,0.5,278,161,505,15440,66.20385096956389,0.3610130468145852,0.4195860405916725
E1,q2_x3_loro_longxi_river_seed42,pooled_loro,intervention,42,1120,na,longxi_river,longxihe_UAV0535,0.5,342,68,812,15162,41.42437290497894,0.39457338999635067,0.45467255334765544
E1,q2_x3_loro_longxi_river_seed42,pooled_loro,intervention,42,1120,na,longxi_river,longxihe_UAV0536,0.5,105,187,438,15654,34.53394958009141,0.39918533604840634,0.500367197061924
E1,q2_x3_loro_longxi_river_seed42,pooled_loro,intervention,42,1120,na,longxi_river,longxihe_UAV0537,0.5,224,32,474,15654,57.96512132300233,0.4667391486154736,0.5347473135934903
E1,q2_x3_loro_longxi_river_seed42,pooled_loro,intervention,42,1120,na,longxi_river,longxihe_UAV0538,0.5,1278,161,833,14112,27.051788513702093,0.67247396334212,0.7428821874902148
E1,q2_x3_loro_longxi_river_seed42,pooled_loro,intervention,42,1120,na,longxi_river,longxihe_UAV0539,0.5,1417,266,2621,12080,32.56531807100204,0.5287876275958875,0.6050421355504315
E1,q2_x3_loro_longxi_river_seed42,pooled_loro,intervention,42,1120,na,longxi_river,longxihe_UAV0540,0.5,218,89,2299,13778,45.41421931739225,0.14680851063799485,0.22516928846723472
E1,q2_x3_loro_longxi_river_seed42,pooled_loro,intervention,42,1120,na,longxi_river,longxihe_UAV0541,0.5,0,0,62,16322,181.01933598375618,0.0,0.0
E1,q2_x3_loro_longxi_river_seed42,pooled_loro,intervention,42,1120,na,longxi_river,longxihe_UAV0542,0.5,162,441,59,15722,110.32180158850743,0.3313391624478715,0.3427172582616067
E1,q2_x3_loro_longxi_river_seed42,pooled_loro,intervention,42,1120,na,longxi_river,longxihe_UAV0543,0.5,276,16,462,15630,40.51789632129815,0.4399756816158405,0.5880755741595453
E1,q2_x3_loro_longxi_river_seed42,pooled_loro,intervention,42,1120,na,longxi_river,longxihe_UAV0544,0.5,154,89,402,15739,45.0,0.2962380905603753,0.45058903709425696
E1,q2_x3_loro_longxi_river_seed42,pooled_loro,intervention,42,1120,na,longxi_river,longxihe_UAV0545,0.5,351,178,435,15420,44.27809287185806,0.5753666841273245,0.6993222511620397
E1,q2_x3_loro_longxi_river_seed42,pooled_loro,intervention,42,1120,na,longxi_river,longxihe_UAV0546,0.5,594,61,557,15172,21.01903683330291,0.68324480927041,0.8050699639516058
E1,q2_x3_loro_longxi_river_seed42,pooled_loro,intervention,42,1120,na,longxi_river,longxihe_UAV0547,0.5,422,25,891,15046,25.212082891349112,0.6399069226289834,0.716285143019888
E1,q2_x3_loro_longxi_river_seed42,pooled_loro,intervention,42,1120,na,longxi_river,longxihe_UAV0548,0.5,212,312,823,15037,58.0,0.3563750170086243,0.39061221921550776
E1,q2_x3_loro_longxi_river_seed42,pooled_loro,intervention,42,1120,na,longxi_river,longxihe_UAV0549,0.5,10,393,118,15863,64.32711722520509,0.08935508935480849,0.09417808219156336
E1,q2_x3_loro_longxi_river_seed42,pooled_loro,intervention,42,1120,na,longxi_river,longxihe_UAV0550,0.5,301,154,618,15311,65.78297483496216,0.3193746510324659,0.4517249103937919
E1,q2_x3_loro_longxi_river_seed42,pooled_loro,intervention,42,1120,na,longxi_river,longxihe_UAV0551,0.5,325,72,890,15097,42.213121250977096,0.31657132139132343,0.4519130377317014
E1,q2_x3_loro_longxi_river_seed42,pooled_loro,intervention,42,1120,na,longxi_river,longxihe_UAV0552,0.5,11,0,287,16086,43.786332911187955,0.23376623376602731,0.32098765432071813
E1,q2_x3_loro_longxi_river_seed42,pooled_loro,intervention,42,1120,na,longxi_river,longxihe_UAV0553,0.5,0,89,544,15751,62.13365840131686,0.0,0.0
E1,q2_x3_loro_longxi_river_seed42,pooled_loro,intervention,42,1120,na,longxi_river,longxihe_UAV0554,0.5,224,28,1079,15053,57.46823691409825,0.2943576475268215,0.3633856428136649
E1,q2_x3_loro_longxi_river_seed42,pooled_loro,intervention,42,1120,na,longxi_river,longxihe_UAV0555,0.5,127,734,1819,13704,40.80931222129064,0.12100694786109682,0.1827239621262623
E1,q2_x3_loro_longxi_river_seed42,pooled_loro,intervention,42,1120,na,longxi_river,longxihe_UAV0556,0.5,0,322,1190,14872,49.203591075375805,0.0,0.0
E1,q2_x3_loro_longxi_river_seed42,pooled_loro,intervention,42,1120,na,longxi_river,longxihe_UAV0558,0.5,239,1514,75,14556,107.53463816865359,0.25058462054691083,0.2571711177049882
E1,q2_x3_loro_longxi_river_seed42,pooled_loro,intervention,42,1120,na,longxi_river,longxihe_UAV0559,0.5,332,888,447,14717,61.167367908983366,0.3127823905971967,0.38105263157845765
E1,q2_x3_loro_longxi_river_seed42,pooled_loro,intervention,42,1120,na,longxi_river,longxihe_UAV0560,0.5,199,198,435,15552,50.06092342206894,0.232902033271254,0.2858902994428809
E1,q2_x3_loro_longxi_river_seed42,pooled_loro,intervention,42,1120,na,longxi_river,longxihe_UAV0561,0.5,201,356,319,15508,45.532493629616496,0.256091545821741,0.33707921917170164
E1,q2_x3_loro_longxi_river_seed42,pooled_loro,intervention,42,1120,na,longxi_river,longxihe_UAV0562,0.5,296,182,210,15696,21.227329892558288,0.5957143354084181,0.6668231538420449
E1,q2_x3_loro_longxi_river_seed42,pooled_loro,intervention,42,1120,na,longxi_river,longxihe_UAV0563,0.5,133,6,1199,15046,66.18912297349165,0.3728222996512646,0.4222972972969642
E1,q2_x3_loro_longxi_river_seed42,pooled_loro,intervention,42,1120,na,longxi_river,longxihe_UAV0564,0.5,103,130,1175,14976,38.30599979804743,0.312422921976071,0.36309963099586584
E1,q2_x3_loro_longxi_river_seed42,pooled_loro,intervention,42,1120,na,longxi_river,longxihe_UAV0565,0.5,14,149,87,16134,34.70662417511454,0.2338709677415168,0.24827586206858543
E1,q2_x3_loro_longxi_river_seed42,pooled_loro,intervention,42,1120,na,longxi_river,longxihe_UAV0566,0.5,234,2,340,15808,53.335174498953194,0.433135112708744,0.7137546468396896
E1,q2_x3_loro_longxi_river_seed42,pooled_loro,intervention,42,1120,na,longxi_river,longxihe_UAV0567,0.5,183,0,753,15448,57.30619512757761,0.20557565439424014,0.39267250395926245
E1,q2_x3_loro_longxi_river_seed42,pooled_loro,intervention,42,1120,na,longxi_river,longxihe_UAV0568,0.5,32,7,330,16015,42.545135405152315,0.17085427135653497,0.27329192546554315
E1,q2_x3_loro_longxi_river_seed42,pooled_loro,intervention,42,1120,na,longxi_river,longxihe_UAV0569,0.5,4,0,894,15486,91.6078009793222,0.04918032786880449,0.08064516129024518
E1,q2_x3_loro_longxi_river_seed42,pooled_loro,intervention,42,1120,na,longxi_river,longxihe_UAV0570,0.5,462,19,1617,14286,62.92295570645746,0.24878320639022755,0.2906222032997121
E1,q2_x3_loro_longxi_river_seed42,pooled_loro,intervention,42,1120,na,longxi_river,longxihe_UAV0571,0.5,391,240,925,14828,80.79001947956064,0.2811927220702829,0.34771905531147895
E1,q2_x3_loro_longxi_river_seed42,pooled_loro,intervention,42,1120,na,longxi_river,longxihe_UAV0572,0.5,0,292,136,15956,100.02624597018834,0.0,0.0
E1,q2_x3_loro_longxi_river_seed42,pooled_loro,intervention,42,1120,na,longxi_river,longxihe_UAV0574,0.5,93,1304,28,14959,114.36073690874359,0.2088582932846415,0.22741433021786692
E1,q2_x3_loro_longxi_river_seed42,pooled_loro,intervention,42,1120,na,longxi_river,longxihe_UAV0575,0.5,109,1312,180,14783,60.5433098352337,0.2541459156950668,0.32249937011803487
E1,q2_x3_loro_longxi_river_seed42,pooled_loro,intervention,42,1120,na,longxi_river,longxihe_UAV0576,0.5,33,549,273,15529,54.17487483302452,0.09764433052557225,0.15060482255818727
E1,q2_x3_loro_longxi_river_seed42,pooled_loro,intervention,42,1120,na,longxi_river,longxihe_UAV0577,0.5,328,251,255,15550,65.2134814154728,0.4847166847886752,0.5486478274075848
E1,q2_x3_loro_longxi_river_seed42,pooled_loro,intervention,42,1120,na,longxi_river,longxihe_UAV0578,0.5,383,6,144,15851,37.9856398456679,0.8405824508315842,0.8901734104041302
E1,q2_x3_loro_longxi_river_seed42,pooled_loro,intervention,42,1120,na,longxi_river,longxihe_UAV0579,0.5,101,1,385,15897,58.502101493083615,0.5328947368417143,0.5659163987134205
E1,q2_x3_loro_longxi_river_seed42,pooled_loro,intervention,42,1120,na,longxi_river,longxihe_UAV0580,0.5,99,11,306,15968,52.33736631104757,0.5554469000582392,0.596564092882313
E1,q2_x3_loro_longxi_river_seed42,pooled_loro,intervention,42,1120,na,longxi_river,longxihe_UAV0582,0.5,0,651,187,15546,109.83624174196785,0.0,0.0
E1,q2_x3_loro_longxi_river_seed42,pooled_loro,intervention,42,1120,na,longxi_river,longxihe_UAV0583,0.5,12,13,868,15491,75.30597662818604,0.04391774137316156,0.10304449648691989
E1,q2_x3_loro_longxi_river_seed42,pooled_loro,intervention,42,1120,na,longxi_river,longxihe_UAV0584,0.5,26,268,1386,14704,75.46588499737257,0.042221500486843755,0.0784799669554164
E1,q2_x3_loro_longxi_river_seed42,pooled_loro,intervention,42,1120,na,longxi_river,longxihe_UAV0585,0.5,0,0,1192,15192,181.01933598375618,0.0,0.0
E1,q2_x3_loro_longxi_river_seed42,pooled_loro,intervention,42,1120,na,longxi_river,longxihe_UAV0586,0.5,271,80,942,15091,50.35123808782388,0.10464954892409095,0.13841002108364808
E1,q2_x3_loro_longxi_river_seed42,pooled_loro,intervention,42,1120,na,longxi_river,longxihe_UAV0587,0.5,212,173,528,15471,80.65358020571685,0.18082191780772713,0.22947224126063787
E1,q2_x3_loro_longxi_river_seed42,pooled_loro,intervention,42,1120,na,longxi_river,longxihe_UAV0588,0.5,162,224,308,15690,92.54603865615859,0.42668951483295947,0.6257621213582577
E1,q2_x3_loro_longxi_river_seed42,pooled_loro,intervention,42,1120,na,longxi_river,longxihe_UAV0589,0.5,471,27,468,15418,12.727922061357855,0.5136379737862804,0.8076241862642445
E1,q2_x3_loro_longxi_river_seed42,pooled_loro,intervention,42,1120,na,longxi_river,longxihe_UAV0590,0.5,81,0,388,15915,11.180339887498949,0.2533333333328982,0.47491248541378345
E1,q2_x3_loro_longxi_river_seed42,pooled_loro,intervention,42,1120,na,longxi_river,longxihe_UAV0591,0.5,82,408,181,15713,74.75536345573654,0.4421905528095399,0.5012795423749558
E1,q2_x3_loro_longxi_river_seed42,pooled_loro,intervention,42,1120,na,longxi_river,longxihe_UAV0592,0.5,320,620,233,15211,36.124783736376884,0.5371675995950138,0.6182016776809611
E1,q2_x3_loro_longxi_river_seed42,pooled_loro,intervention,42,1120,na,longxi_river,longxihe_UAV0593,0.5,236,792,110,15246,45.34313619501854,0.2918875352610988,0.4115523465699742
E1,q2_x3_loro_longxi_river_seed42,pooled_loro,intervention,42,1120,na,longxi_river,longxihe_UAV0594,0.5,467,364,207,15346,71.39477142661414,0.5725560538111654,0.6205680326609947
E1,q2_x3_loro_longxi_river_seed42,pooled_loro,intervention,42,1120,na,longxi_river,longxihe_UAV0595,0.5,437,293,200,15454,51.76121416362627,0.5691938014902813,0.606849205715159
E1,q2_x3_loro_longxi_river_seed42,pooled_loro,intervention,42,1120,na,longxi_river,longxihe_UAV0596,0.5,0,20,19,16345,133.7749649584305,0.0,0.0
E1,q2_x3_loro_longxi_river_seed42,pooled_loro,intervention,42,1120,na,longxi_river,longxihe_UAV0597,0.5,24,670,1034,14656,77.76887135524359,0.0,0.0
E1,q2_x3_loro_longxi_river_seed42,pooled_loro,intervention,42,1120,na,longxi_river,longxihe_UAV0598,0.5,40,1,3021,13322,68.25247128844352,0.01846722068322808,0.02510555745741231
E1,q2_x3_loro_longxi_river_seed42,pooled_loro,intervention,42,1120,na,longxi_river,longxihe_UAV0599,0.5,132,0,4405,11847,85.14693182963201,0.0,0.0
E1,q2_x3_loro_longxi_river_seed42,pooled_loro,intervention,42,1120,na,longxi_river,longxihe_UAV0600,0.5,27,0,3852,12505,128.22904855552375,0.0,0.0
E1,q2_x3_loro_longxi_river_seed42,pooled_loro,intervention,42,1120,na,longxi_river,longxihe_UAV0601,0.5,11,0,1572,14801,123.0422682580502,0.0,0.0
E1,q2_x3_loro_longxi_river_seed42,pooled_loro,intervention,42,1120,na,longxi_river,longxihe_UAV0602,0.5,0,34,238,16112,101.11874208078342,0.0,0.0
E1,q2_x3_loro_longxi_river_seed42,pooled_loro,intervention,42,1120,na,longxi_river,longxihe_UAV0603,0.5,279,21,626,15458,60.914277586209145,0.39276680480024856,0.5562181502760786
E1,q2_x3_loro_longxi_river_seed42,pooled_loro,intervention,42,1120,na,longxi_river,longxihe_UAV0604,0.5,589,51,904,14840,57.421203924990834,0.388635599020495,0.5051661680506002
E1,q2_x3_loro_longxi_river_seed42,pooled_loro,intervention,42,1120,na,longxi_river,longxihe_UAV0605,0.5,118,0,470,15796,29.027565747174506,0.22879267863387912,0.3748566184900475
E1,q2_x3_loro_longxi_river_seed42,pooled_loro,intervention,42,1120,na,longxi_river,longxihe_UAV0606,0.5,742,400,252,14990,40.72282463256852,0.6763922100799933,0.7585892663249264
E1,q2_x3_loro_longxi_river_seed42,pooled_loro,intervention,42,1120,na,longxi_river,longxihe_UAV0607,0.5,1228,112,473,14571,16.437402981595085,0.7886883273160005,0.869710691894741
E1,q2_x3_loro_longxi_river_seed42,pooled_loro,intervention,42,1120,na,longxi_river,longxihe_UAV0608,0.5,425,8,339,15612,124.36115466726508,0.4808362369333958,0.5645121038179065
E1,q2_x3_loro_longxi_river_seed42,pooled_loro,intervention,42,1120,na,longxi_river,longxihe_UAV0609,0.5,15,393,706,15270,33.83574475265219,0.06144256455871849,0.10152284263917705
E1,q2_x3_loro_longxi_river_seed42,pooled_loro,intervention,42,1120,na,longxi_river,longxihe_UAV0610,0.5,194,722,821,14647,36.12893521521941,0.2283084351888768,0.2816405820469295
E1,q2_x3_loro_longxi_river_seed42,pooled_loro,intervention,42,1120,na,longxi_river,longxihe_UAV0611,0.5,33,251,319,15781,62.038292957223895,0.18770581778217016,0.24450194049109358
E1,q2_x3_loro_longxi_river_seed42,pooled_loro,intervention,42,1120,na,longxi_river,longxihe_UAV0613,0.5,584,117,1403,14280,56.80087661238748,0.12316521355210751,0.25361465138647504
E1,q2_x3_loro_longxi_river_seed42,pooled_loro,intervention,42,1120,na,longxi_river,longxihe_UAV0614,0.5,976,54,2815,12539,51.42956348249516,0.07031709983980466,0.19034863680685804
E1,q2_x3_loro_longxi_river_seed42,pooled_loro,intervention,42,1120,na,longxi_river,longxihe_UAV0615,0.5,372,26,4219,11767,62.181989278596944,0.18109495729944594,0.22764174662879902
E1,q2_x3_loro_longxi_river_seed42,pooled_loro,intervention,42,1120,na,longxi_river,longxihe_UAV0616,0.5,244,13,4297,11830,61.2159858156603,0.2133357421791127,0.2356306927580682
E1,q2_x3_loro_longxi_river_seed42,pooled_loro,intervention,42,1120,na,longxi_river,longxihe_UAV0617,0.5,459,199,1583,14143,48.491232111207985,0.29481273783251655,0.4178976358234297
E1,q2_x3_loro_longxi_river_seed42,pooled_loro,intervention,42,1120,na,longxi_river,longxihe_UAV0618,0.5,0,0,288,16096,181.01933598375618,0.0,0.0
E1,q2_x3_loro_longxi_river_seed42,pooled_loro,intervention,42,1120,na,longxi_river,longxihe_UAV0619,0.5,12,1053,423,14896,45.46450496231468,0.1327944572743315,0.17089285714236432
E1,q2_x3_loro_longxi_river_seed42,pooled_loro,intervention,42,1120,na,longxi_river,longxihe_UAV0620,0.5,0,0,554,15830,181.01933598375618,0.0,0.0
E1,q2_x3_loro_longxi_river_seed42,pooled_loro,intervention,42,1120,na,longxi_river,longxihe_UAV0621,0.5,0,0,119,16265,181.01933598375618,0.0,0.0
E1,q2_x3_loro_longxi_river_seed42,pooled_loro,intervention,42,1120,na,longxi_river,longxihe_UAV0623,0.5,15,290,494,15585,65.58700510966274,0.08879023307389412,0.1420118343190835
E1,q2_x3_loro_longxi_river_seed42,pooled_loro,intervention,42,1120,na,longxi_river,longxihe_UAV0624,0.5,0,0,507,15877,181.01933598375618,0.0,0.0
E1,q2_x3_loro_longxi_river_seed42,pooled_loro,intervention,42,1120,na,longxi_river,longxihe_UAV0625,0.5,15,645,36,15688,111.1869918304164,0.1007979840401902,0.10221465076650377
E1,q2_x3_loro_longxi_river_seed42,pooled_loro,intervention,42,1120,na,longxi_river,longxihe_UAV0626,0.5,842,669,280,14593,60.98681455378301,0.6187697949653349,0.6800178015126467
E1,q2_x3_loro_longxi_river_seed42,pooled_loro,intervention,42,1120,na,longxi_river,longxihe_UAV0627,0.5,1986,258,660,13480,12.041594578792296,0.8118974198831806,0.880836257014535
E1,q2_x3_loro_longxi_river_seed42,pooled_loro,intervention,42,1120,na,longxi_river,longxihe_UAV0628,0.5,2220,169,835,13160,13.819700619271213,0.7831533336586272,0.8668939459928539
E1,q2_x3_loro_longxi_river_seed42,pooled_loro,intervention,42,1120,na,longxi_river,longxihe_UAV0629,0.5,1232,205,819,14128,47.783805448932945,0.5736724107319998,0.6534592824663509
E1,q2_x3_loro_longxi_river_seed42,pooled_loro,intervention,42,1120,na,longxi_river,longxihe_UAV0630,0.5,43,422,1032,14887,56.650222377489825,0.04839138526940488,0.07656967840692223
E1,q2_x3_loro_longxi_river_seed42,pooled_loro,intervention,42,1120,na,longxi_river,longxihe_UAV0631,0.5,4,214,658,15508,84.47957653857615,0.021739130434282848,0.05708848715463086
E1,q2_x3_loro_longxi_river_seed42,pooled_loro,intervention,42,1120,na,longxi_river,longxihe_UAV0632,0.5,235,23,624,15502,59.40285280031971,0.4796134167136662,0.5790960451973286
E1,q2_x3_loro_longxi_river_seed42,pooled_loro,intervention,42,1120,na,longxi_river,longxihe_UAV0633,0.5,274,14,548,15548,38.940871935244196,0.6011642892054515,0.687101795164009
E1,q2_x3_loro_longxi_river_seed42,pooled_loro,intervention,42,1120,na,longxi_river,longxihe_UAV0634,0.5,643,85,408,15248,59.49571719531704,0.3179916317986842,0.5659236219107049
E1,q2_x3_loro_longxi_river_seed42,pooled_loro,intervention,42,1120,na,longxi_river,longxihe_UAV0635,0.5,691,142,534,15017,43.01162633521314,0.1215555383058004,0.3927199385319681
E1,q2_x3_loro_longxi_river_seed42,pooled_loro,intervention,42,1120,na,longxi_river,longxihe_UAV0636,0.5,415,28,2011,13930,32.645822410387794,0.30157359808465417,0.4014394999628026
E1,q2_x3_loro_longxi_river_seed42,pooled_loro,intervention,42,1120,na,longxi_river,longxihe_UAV0637,0.5,580,19,4048,11737,46.51880967156498,0.25344352617046917,0.3243261826179071
E1,q2_x3_loro_longxi_river_seed42,pooled_loro,intervention,42,1120,na,longxi_river,longxihe_UAV0638,0.5,184,0,2363,13837,104.61212979179957,0.026642984013965778,0.042228739002677346
E1,q2_x3_loro_longxi_river_seed42,pooled_loro,intervention,42,1120,na,longxi_river,longxihe_UAV0639,0.5,0,372,50,15962,100.41414230677765,0.0,0.0
E1,q2_x3_loro_longxi_river_seed42,pooled_loro,intervention,42,1120,na,longxi_river,longxihe_UAV0640,0.5,0,0,1023,15361,181.01933598375618,0.0,0.0
E1,q2_x3_loro_longxi_river_seed42,pooled_loro,intervention,42,1120,na,longxi_river,longxihe_UAV0641,0.5,0,0,5140,11244,181.01933598375618,0.0,0.0
E1,q2_x3_loro_longxi_river_seed42,pooled_loro,intervention,42,1120,na,longxi_river,longxihe_UAV0642,0.5,0,0,6761,9623,181.01933598375618,0.0,0.0
E1,q2_x3_loro_longxi_river_seed42,pooled_loro,intervention,42,1120,na,longxi_river,longxihe_UAV0643,0.5,0,0,3034,13350,181.01933598375618,0.0,0.0
E1,q2_x3_loro_longxi_river_seed42,pooled_loro,intervention,42,1120,na,longxi_river,longxihe_UAV0644,0.5,0,0,390,15994,181.01933598375618,0.0,0.0
E1,q2_x3_loro_longxi_river_seed42,pooled_loro,intervention,42,1120,na,longxi_river,longxihe_UAV0645,0.5,0,0,355,16029,181.01933598375618,0.0,0.0
E1,q2_x3_loro_longxi_river_seed42,pooled_loro,intervention,42,1120,na,longxi_river,longxihe_UAV0646,0.5,18,655,33,15678,113.91213486389316,0.15789473684193092,0.15988538681932854
E1,q2_x3_loro_longxi_river_seed42,pooled_loro,intervention,42,1120,na,longxi_river,longxihe_UAV0647,0.5,177,292,244,15671,92.27404513645543,0.41545893719756843,0.42842068237727016
E1,q2_x3_loro_longxi_river_seed42,pooled_loro,intervention,42,1120,na,longxi_river,longxihe_UAV0648,0.5,1236,253,841,14054,26.476404589747453,0.7115515239154602,0.7784180241505712
E1,q2_x3_loro_longxi_river_seed42,pooled_loro,intervention,42,1120,na,longxi_river,longxihe_UAV0649,0.5,3187,598,1085,11514,18.390207571223783,0.775466900350646,0.8397168225309278
E1,q2_x3_loro_longxi_river_seed42,pooled_loro,intervention,42,1120,na,longxi_river,longxihe_UAV0650,0.5,2844,717,647,12176,13.80515194523551,0.7643513777889732,0.8486025167064244
E1,q2_x3_loro_longxi_river_seed42,pooled_loro,intervention,42,1120,na,longxi_river,longxihe_UAV0651,0.5,587,530,516,14751,56.08911293179747,0.4488314447587082,0.5965905594185419
E1,q2_x3_loro_longxi_river_seed42,pooled_loro,intervention,42,1120,na,longxi_river,longxihe_UAV0652,0.5,0,142,572,15670,96.71084979297795,0.0,0.0
E1,q2_x3_loro_longxi_river_seed42,pooled_loro,intervention,42,1120,na,longxi_river,longxihe_UAV0653,0.5,216,55,957,15156,69.10318023671442,0.3232400214955978,0.3770280710787081
E1,q2_x3_loro_longxi_river_seed42,pooled_loro,intervention,42,1120,na,longxi_river,longxihe_UAV0654,0.5,284,123,662,15315,39.56008088970496,0.4471322220729584,0.5101323966491081
E1,q2_x3_loro_longxi_river_seed42,pooled_loro,intervention,42,1120,na,longxi_river,longxihe_UAV0655,0.5,81,106,311,15886,98.60896268429637,0.3917802957552203,0.5163131735637934
E1,q2_x3_loro_longxi_river_seed42,pooled_loro,intervention,42,1120,na,longxi_river,longxihe_UAV0656,0.5,24,97,309,15954,44.00397675926577,0.05385996409287785,0.1943005181342159
E1,q2_x3_loro_longxi_river_seed42,pooled_loro,intervention,42,1120,na,longxi_river,longxihe_UAV0657,0.5,103,156,2582,13543,56.455130451282756,0.054112554112282135,0.07810894141802469
E1,q2_x3_loro_longxi_river_seed42,pooled_loro,intervention,42,1120,na,longxi_river,longxihe_UAV0658,0.5,600,3,4635,11146,76.86741000598538,0.06805376542055819,0.09227169929013708
E1,q2_x3_loro_longxi_river_seed42,pooled_loro,intervention,42,1120,na,longxi_river,longxihe_UAV0659,0.5,376,0,2283,13725,77.06100505279599,0.02794411177615493,0.050272455615777215
E1,q2_x3_loro_longxi_river_seed42,pooled_loro,intervention,42,1120,na,longxi_river,longxihe_UAV0660,0.5,0,144,1021,15219,62.63258120657992,0.0,0.0
E1,q2_x3_loro_longxi_river_seed42,pooled_loro,intervention,42,1120,na,longxi_river,longxihe_UAV0661,0.5,0,0,5306,11078,181.01933598375618,0.0,0.0
E1,q2_x3_loro_longxi_river_seed42,pooled_loro,intervention,42,1120,na,longxi_river,longxihe_UAV0662,0.5,587,9,6919,8869,55.00909015790027,0.10258829078442377,0.15471063533045706
E1,q2_x3_loro_longxi_river_seed42,pooled_loro,intervention,42,1120,na,longxi_river,longxihe_UAV0663,0.5,177,12,4407,11788,88.45903006477066,0.07812499999978126,0.1028930131002354
E1,q2_x3_loro_longxi_river_seed42,pooled_loro,intervention,42,1120,na,longxi_river,longxihe_UAV0664,0.5,0,0,1363,15021,181.01933598375618,0.0,0.0
E1,q2_x3_loro_longxi_river_seed42,pooled_loro,intervention,42,1120,na,longxi_river,longxihe_UAV0665,0.5,0,0,1312,15072,181.01933598375618,0.0,0.0
E1,q2_x3_loro_longxi_river_seed42,pooled_loro,intervention,42,1120,na,longxi_river,longxihe_UAV0666,0.5,54,43,45,16242,94.22923549634095,0.5020790020785062,0.5020790020785062
E1,q2_x3_loro_longxi_river_seed42,pooled_loro,intervention,42,1120,na,longxi_river,longxihe_UAV0667,0.5,546,748,1002,14088,41.56957754247421,0.43214422708043887,0.5060998410764408
E1,q2_x3_loro_longxi_river_seed42,pooled_loro,intervention,42,1120,na,longxi_river,longxihe_UAV0668,0.5,1324,1040,1943,12077,32.56838882252308,0.5258172531850857,0.5974569406260373
E1,q2_x3_loro_longxi_river_seed42,pooled_loro,intervention,42,1120,na,longxi_river,longxihe_UAV0669,0.5,1676,1428,1461,11819,52.45757814223244,0.5479740616117109,0.6081641629963356
E1,q2_x3_loro_longxi_river_seed42,pooled_loro,intervention,42,1120,na,longxi_river,longxihe_UAV0670,0.5,770,1375,601,13638,34.82168524363342,0.40116185531549164,0.4558897495217187
E1,q2_x3_loro_longxi_river_seed42,pooled_loro,intervention,42,1120,na,longxi_river,longxihe_UAV0671,0.5,66,385,535,15398,91.58294293675239,0.07895609863933292,0.08971233544562389
E1,q2_x3_loro_longxi_river_seed42,pooled_loro,intervention,42,1120,na,longxi_river,longxihe_UAV0672,0.5,174,177,452,15581,61.99354503081421,0.16706574536451743,0.21320621851423321
E1,q2_x3_loro_longxi_river_seed42,pooled_loro,intervention,42,1120,na,longxi_river,longxihe_UAV0673,0.5,0,327,377,15680,55.569773771769576,0.0,0.0
E1,q2_x3_loro_longxi_river_seed42,pooled_loro,intervention,42,1120,na,longxi_river,longxihe_UAV0674,0.5,110,132,976,15166,47.967982760663325,0.10599123234262552,0.21634602969626754
E1,q2_x3_loro_longxi_river_seed42,pooled_loro,intervention,42,1120,na,longxi_river,longxihe_UAV0675,0.5,310,0,1184,14890,43.73785545725808,0.3792025760011281,0.5449566750436711
E1,q2_x3_loro_longxi_river_seed42,pooled_loro,intervention,42,1120,na,longxi_river,longxihe_UAV0676,0.5,288,0,4112,11984,68.6206909552511,0.23243884699279851,0.3297968645968634
E1,q2_x3_loro_longxi_river_seed42,pooled_loro,intervention,42,1120,na,longxi_river,longxihe_UAV0677,0.5,72,5,6290,10017,95.42400996355464,0.055825772765998184,0.08683934720757484
E1,q2_x3_loro_longxi_river_seed42,pooled_loro,intervention,42,1120,na,longxi_river,longxihe_UAV0678,0.5,0,0,2670,13714,181.01933598375618,0.0,0.0
E1,q2_x3_loro_longxi_river_seed42,pooled_loro,intervention,42,1120,na,longxi_river,longxihe_UAV0679,0.5,0,0,675,15709,181.01933598375618,0.0,0.0
E1,q2_x3_loro_longxi_river_seed42,pooled_loro,intervention,42,1120,na,longxi_river,longxihe_UAV0680,0.5,0,0,1252,15132,181.01933598375618,0.0,0.0
E1,q2_x3_loro_longxi_river_seed42,pooled_loro,intervention,42,1120,na,longxi_river,longxihe_UAV0681,0.5,0,0,1550,14834,181.01933598375618,0.0,0.0
E1,q2_x3_loro_longxi_river_seed42,pooled_loro,intervention,42,1120,na,longxi_river,longxihe_UAV0682,0.5,0,0,973,15411,181.01933598375618,0.0,0.0
E1,q2_x3_loro_longxi_river_seed42,pooled_loro,intervention,42,1120,na,longxi_river,longxihe_UAV0683,0.5,0,0,957,15427,181.01933598375618,0.0,0.0
E1,q2_x3_loro_longxi_river_seed42,pooled_loro,intervention,42,1120,na,longxi_river,longxihe_UAV0684,0.5,8,127,125,16124,85.5203024903901,0.10176678445180251,0.12884888678309542
E1,q2_x3_loro_longxi_river_seed42,pooled_loro,intervention,42,1120,na,longxi_river,longxihe_UAV0685,0.5,983,889,899,13613,19.1049731745428,0.584607473814323,0.676643469258148
E1,q2_x3_loro_longxi_river_seed42,pooled_loro,intervention,42,1120,na,longxi_river,longxihe_UAV0686,0.5,1578,1583,1176,12047,26.191580866656945,0.5926481730054469,0.6590145576702738
E1,q2_x3_loro_longxi_river_seed42,pooled_loro,intervention,42,1120,na,longxi_river,longxihe_UAV0687,0.5,471,1378,1531,13004,34.871120740628434,0.3240933442677324,0.3599004310041789
E1,q2_x3_loro_longxi_river_seed42,pooled_loro,intervention,42,1120,na,longxi_river,longxihe_UAV0688,0.5,819,1675,1226,12664,34.89263736032251,0.34601404752309084,0.41952211111154136
E1,q2_x3_loro_longxi_river_seed42,pooled_loro,intervention,42,1120,na,longxi_river,longxihe_UAV0689,0.5,902,494,2090,12898,31.32091952673165,0.3120331818321465,0.43999524896884096
E1,q2_x3_loro_longxi_river_seed42,pooled_loro,intervention,42,1120,na,longxi_river,longxihe_UAV0690,0.5,752,73,3135,12424,69.83755151373353,0.26878998481113603,0.3716694529179335
E1,q2_x3_loro_longxi_river_seed42,pooled_loro,intervention,42,1120,na,longxi_river,longxihe_UAV0691,0.5,113,48,2148,14075,54.44905813389825,0.21630555638999435,0.2715480413221979
E1,q2_x3_loro_longxi_river_seed42,pooled_loro,intervention,42,1120,na,longxi_river,longxihe_UAV0692,0.5,93,12,1360,14919,44.25255023683201,0.1362730017658755,0.2396636033256727
E1,q2_x3_loro_longxi_river_seed42,pooled_loro,intervention,42,1120,na,longxi_river,longxihe_UAV0693,0.5,133,0,2860,13391,76.28095133385386,0.1264052102504384,0.22216173776477074
E1,q2_x3_loro_longxi_river_seed42,pooled_loro,intervention,42,1120,na,longxi_river,longxihe_UAV0694,0.5,163,0,5856,10365,81.17683934279167,0.10992052389184492,0.16976184360628258
E1,q2_x3_loro_longxi_river_seed42,pooled_loro,intervention,42,1120,na,longxi_river,longxihe_UAV0695,0.5,112,0,7311,8961,67.47592163134935,0.05284923599735958,0.07627869949873724
E1,q2_x3_loro_longxi_river_seed42,pooled_loro,intervention,42,1120,na,longxi_river,longxihe_UAV0696,0.5,0,0,3543,12841,181.01933598375618,0.0,0.0
E1,q2_x3_loro_longxi_river_seed42,pooled_loro,intervention,42,1120,na,longxi_river,longxihe_UAV0697,0.5,0,0,1219,15165,181.01933598375618,0.0,0.0
E1,q2_x3_loro_longxi_river_seed42,pooled_loro,intervention,42,1120,na,longxi_river,longxihe_UAV0698,0.5,0,0,1022,15362,181.01933598375618,0.0,0.0
E1,q2_x3_loro_longxi_river_seed42,pooled_loro,intervention,42,1120,na,longxi_river,longxihe_UAV0699,0.5,0,292,84,16008,88.56522278901086,0.0,0.0
E1,q2_x3_loro_longxi_river_seed42,pooled_loro,intervention,42,1120,na,longxi_river,longxihe_UAV0700,0.5,408,137,849,14990,65.9241871074196,0.4542996214165078,0.571907922330565
E1,q2_x3_loro_longxi_river_seed42,pooled_loro,intervention,42,1120,na,longxi_river,longxihe_UAV0701,0.5,846,60,1808,13670,53.23109972716183,0.5221621621617414,0.6207360254620594
E1,q2_x3_loro_longxi_river_seed42,pooled_loro,intervention,42,1120,na,longxi_river,longxihe_UAV0702,0.5,762,298,1557,13767,73.67088256200567,0.5439352305086309,0.5926544499766305
E1,q2_x3_loro_longxi_river_seed42,pooled_loro,intervention,42,1120,na,longxi_river,longxihe_UAV0703,0.5,267,291,1443,14383,75.5734353792595,0.2960664598134578,0.34434190874613835
E1,q2_x3_loro_longxi_river_seed42,pooled_loro,intervention,42,1120,na,longxi_river,longxihe_UAV0704,0.5,780,254,1588,13762,63.141111328550146,0.42114125499349125,0.5523060505013487
E1,q2_x3_loro_longxi_river_seed42,pooled_loro,intervention,42,1120,na,longxi_river,longxihe_UAV0705,0.5,1874,334,2324,11852,25.26557198714253,0.4931996054398392,0.6230544069130488
E1,q2_x3_loro_longxi_river_seed42,pooled_loro,intervention,42,1120,na,longxi_river,longxihe_UAV0706,0.5,891,74,6086,9333,33.83784863137726,0.2202104057822724,0.33013474662437314
E1,q2_x3_loro_longxi_river_seed42,pooled_loro,intervention,42,1120,na,longxi_river,longxihe_UAV0707,0.5,150,0,5236,10998,46.09283962726338,0.16948427134580496,0.2952184863133136
E1,q2_x3_loro_longxi_river_seed42,pooled_loro,intervention,42,1120,na,longxi_river,longxihe_UAV0708,0.5,234,10,2942,13198,70.70502013258164,0.2960616438353332,0.37529890299488267
E1,q2_x3_loro_longxi_river_seed42,pooled_loro,intervention,42,1120,na,longxi_river,longxihe_UAV0709,0.5,166,4,5957,10257,77.17985933605071,0.1395834034389242,0.19051479529773024
E1,q2_x3_loro_longxi_river_seed42,pooled_loro,intervention,42,1120,na,longxi_river,longxihe_UAV0710,0.5,80,0,6511,9793,58.72644906630314,0.07856599584753061,0.12078431372534827
E1,q2_x3_loro_longxi_river_seed42,pooled_loro,intervention,42,1120,na,longxi_river,longxihe_UAV0711,0.5,47,0,4900,11437,110.85159963110095,0.043109079033269375,0.07948717948710314
E1,q2_x3_loro_longxi_river_seed42,pooled_loro,intervention,42,1120,na,longxi_river,longxihe_UAV0712,0.5,8,0,2780,13596,121.08919060005125,0.0,0.0
E1,q2_x3_loro_longxi_river_seed42,pooled_loro,intervention,42,1120,na,longxi_river,longxihe_UAV0713,0.5,0,0,1645,14739,181.01933598375618,0.0,0.0
E1,q2_x3_loro_longxi_river_seed42,pooled_loro,intervention,42,1120,na,longxi_river,longxihe_UAV0714,0.5,2,0,1291,15091,35.650273618452836,0.0,0.0
E1,q2_x3_loro_longxi_river_seed42,pooled_loro,intervention,42,1120,na,longxi_river,longxihe_UAV0715,0.5,0,0,106,16278,181.01933598375618,0.0,0.0
E1,q2_x3_loro_longxi_river_seed42,pooled_loro,intervention,42,1120,na,longxi_river,longxihe_UAV0718,0.5,665,391,965,14363,77.08808837254058,0.5325100339605998,0.7067154270801644
E1,q2_x3_loro_longxi_river_seed42,pooled_loro,intervention,42,1120,na,longxi_river,longxihe_UAV0719,0.5,892,394,1909,13189,36.10310729163277,0.4729757661128082,0.5769653291155457
E1,q2_x3_loro_longxi_river_seed42,pooled_loro,intervention,42,1120,na,longxi_river,longxihe_UAV0720,0.5,216,111,2821,13236,81.99268238264712,0.17047184170445975,0.23616454572329657
E1,q2_x3_loro_longxi_river_seed42,pooled_loro,intervention,42,1120,na,longxi_river,longxihe_UAV0721,0.5,71,2,2510,13801,89.59208656048575,0.06140221402205881,0.09971351605581362
E1,q2_x3_loro_longxi_river_seed42,pooled_loro,intervention,42,1120,na,longxi_river,longxihe_UAV0722,0.5,368,3,1138,14875,65.79095671674952,0.29257718087332196,0.3794915309549464
E1,q2_x3_loro_longxi_river_seed42,pooled_loro,intervention,42,1120,na,longxi_river,longxihe_UAV0723,0.5,348,84,1531,14421,33.45814568715707,0.3034527476086401,0.4303556411196844
E1,q2_x3_loro_longxi_river_seed42,pooled_loro,intervention,42,1120,na,longxi_river,longxihe_UAV0724,0.5,10,54,3576,12744,110.33931371964691,0.014925373134095787,0.04731861198722587
E1,q2_x3_loro_longxi_river_seed42,pooled_loro,intervention,42,1120,na,longxi_river,longxihe_UAV0725,0.5,169,0,4133,12082,90.82976906567724,0.09503153448794335,0.17667833430104332
E1,q2_x3_loro_longxi_river_seed42,pooled_loro,intervention,42,1120,na,longxi_river,longxihe_UAV0726,0.5,15,0,5637,10732,97.21933128037284,0.0,0.011031439602788861
E1,q2_x3_loro_longxi_river_seed42,pooled_loro,intervention,42,1120,na,longxi_river,longxihe_UAV0727,0.5,0,0,9287,7097,181.01933598375618,0.0,0.0
E1,q2_x3_loro_longxi_river_seed42,pooled_loro,intervention,42,1120,na,longxi_river,longxihe_UAV0728,0.5,157,5,7252,8970,107.52790273327298,0.15124064592340378,0.22218793396059186
E1,q2_x3_loro_longxi_river_seed42,pooled_loro,intervention,42,1120,na,longxi_river,longxihe_UAV0729,0.5,220,24,3579,12561,68.00733348430524,0.1907679217186066,0.21867517956883956
E1,q2_x3_loro_longxi_river_seed42,pooled_loro,intervention,42,1120,na,longxi_river,longxihe_UAV0730,0.5,0,0,2008,14376,181.01933598375618,0.0,0.0
E1,q2_x3_loro_longxi_river_seed42,pooled_loro,intervention,42,1120,na,longxi_river,longxihe_UAV0731,0.5,0,0,2035,14349,181.01933598375618,0.0,0.0
E1,q2_x3_loro_longxi_river_seed42,pooled_loro,intervention,42,1120,na,longxi_river,longxihe_UAV0732,0.5,0,0,3600,12784,181.01933598375618,0.0,0.0
E1,q2_x3_loro_longxi_river_seed42,pooled_loro,intervention,42,1120,na,longxi_river,longxihe_UAV0733,0.5,0,0,1829,14555,181.01933598375618,0.0,0.0
E1,q2_x3_loro_longxi_river_seed42,pooled_loro,intervention,42,1120,na,longxi_river,longxihe_UAV0734,0.5,0,0,85,16299,181.01933598375618,0.0,0.0
E1,q2_x3_loro_longxi_river_seed42,pooled_loro,intervention,42,1120,na,longxi_river,longxihe_UAV0735,0.5,0,0,3423,12961,181.01933598375618,0.0,0.0
E1,q2_x3_loro_longxi_river_seed42,pooled_loro,intervention,42,1120,na,longxi_river,longxihe_UAV0736,0.5,0,0,6871,9513,181.01933598375618,0.0,0.0
E1,q2_x3_loro_longxi_river_seed42,pooled_loro,intervention,42,1120,na,longxi_river,longxihe_UAV0737,0.5,0,0,5784,10600,181.01933598375618,0.0,0.0
E1,q2_x3_loro_longxi_river_seed42,pooled_loro,intervention,42,1120,na,longxi_river,longxihe_UAV0738,0.5,0,0,3159,13225,181.01933598375618,0.0,0.0
E1,q2_x3_loro_longxi_river_seed42,pooled_loro,intervention,42,1120,na,longxi_river,longxihe_UAV0739,0.5,0,0,823,15561,181.01933598375618,0.0,0.0
E1,q2_x3_loro_longxi_river_seed42,pooled_loro,intervention,42,1120,na,longxi_river,longxihe_UAV0740,0.5,121,1139,344,14780,104.18978172115752,0.12499480918533239,0.21389231019465718
E1,q2_x3_loro_longxi_river_seed42,pooled_loro,intervention,42,1120,na,longxi_river,longxihe_UAV0741,0.5,183,1393,993,13815,80.39900496896712,0.14210416327999587,0.21439455050594836
E1,q2_x3_loro_longxi_river_seed42,pooled_loro,intervention,42,1120,na,longxi_river,longxihe_UAV0742,0.5,105,402,2451,13426,68.14172538162009,0.13139322333422537,0.17728999577838753
E1,q2_x3_loro_longxi_river_seed42,pooled_loro,intervention,42,1120,na,longxi_river,longxihe_UAV0743,0.5,95,1,2961,13327,56.64803615307419,0.08579182073530044,0.14308426073118669
E1,q2_x3_loro_longxi_river_seed42,pooled_loro,intervention,42,1120,na,longxi_river,longxihe_UAV0744,0.5,82,0,2879,13423,72.91776189653656,0.04726133788284367,0.08427603643309656
E1,q2_x3_loro_longxi_river_seed42,pooled_loro,intervention,42,1120,na,longxi_river,longxihe_UAV0745,0.5,0,0,2847,13537,181.01933598375618,0.0,0.0
E1,q2_x3_loro_longxi_river_seed42,pooled_loro,intervention,42,1120,na,longxi_river,longxihe_UAV0746,0.5,0,0,1179,15205,181.01933598375618,0.0,0.0
E1,q2_x3_loro_longxi_river_seed42,pooled_loro,intervention,42,1120,na,longxi_river,longxihe_UAV0747,0.5,0,142,924,15318,61.22760085866924,0.0,0.0
E1,q2_x3_loro_longxi_river_seed42,pooled_loro,intervention,42,1120,na,longxi_river,longxihe_UAV0748,0.5,85,0,3866,12433,103.15061461917335,0.030201342281682243,0.07289135716750261
E1,q2_x3_loro_longxi_river_seed42,pooled_loro,intervention,42,1120,na,longxi_river,longxihe_UAV0749,0.5,90,0,6878,9416,121.0387605165341,0.025684265144520955,0.038085692808737366
E1,q2_x3_loro_longxi_river_seed42,pooled_loro,intervention,42,1120,na,longxi_river,longxihe_UAV0750,0.5,0,0,5767,10617,181.01933598375618,0.0,0.0
E1,q2_x3_loro_longxi_river_seed42,pooled_loro,intervention,42,1120,na,longxi_river,longxihe_UAV0751,0.5,0,0,2648,13736,181.01933598375618,0.0,0.0
E1,q2_x3_loro_longxi_river_seed42,pooled_loro,intervention,42,1120,na,longxi_river,longxihe_UAV0752,0.5,0,0,848,15536,181.01933598375618,0.0,0.0
E1,q2_x3_loro_longxi_river_seed42,pooled_loro,intervention,42,1120,na,longxi_river,longxihe_UAV0753,0.5,742,359,1802,13481,48.30113870293329,0.19655850201688424,0.3465962202799874
E1,q2_x3_loro_longxi_river_seed42,pooled_loro,intervention,42,1120,na,longxi_river,longxihe_UAV0754,0.5,1021,1060,3280,11023,43.943131854788874,0.09160819534068552,0.1504330369942298
E1,q2_x3_loro_longxi_river_seed42,pooled_loro,intervention,42,1120,na,longxi_river,longxihe_UAV0755,0.5,0,0,1950,14434,181.01933598375618,0.0,0.0
E1,q2_x3_loro_longxi_river_seed42,pooled_loro,intervention,42,1120,na,longxi_river,longxihe_UAV0756,0.5,0,0,85,16299,181.01933598375618,0.0,0.0
E1,q2_x3_loro_longxi_river_seed42,pooled_loro,intervention,42,1120,na,longxi_river,longxihe_UAV0757,0.5,0,0,5587,10797,181.01933598375618,0.0,0.0
E1,q2_x3_loro_longxi_river_seed42,pooled_loro,intervention,42,1120,na,longxi_river,longxihe_UAV0758,0.5,0,0,13130,3254,181.01933598375618,0.0,0.0
E1,q2_x3_loro_longxi_river_seed42,pooled_loro,intervention,42,1120,na,longxi_river,longxihe_UAV0759,0.5,0,0,13975,2409,181.01933598375618,0.0,0.0
E1,q2_x3_loro_longxi_river_seed42,pooled_loro,intervention,42,1120,na,longxi_river,longxihe_UAV0760,0.5,0,0,10380,6004,181.01933598375618,0.0,0.0
E1,q2_x3_loro_longxi_river_seed42,pooled_loro,intervention,42,1120,na,longxi_river,longxihe_UAV0761,0.5,0,0,4110,12274,181.01933598375618,0.0,0.0
E1,q2_x3_loro_longxi_river_seed42,pooled_loro,intervention,42,1120,na,longxi_river,longxihe_UAV0762,0.5,0,11,162,16211,77.34133947059156,0.0,0.0
E1,q2_x3_loro_longxi_river_seed42,pooled_loro,intervention,42,1120,na,longxi_river,longxihe_UAV0763,0.5,0,16,140,16228,76.33962909940195,0.0,0.0
E1,q2_x3_loro_longxi_river_seed42,pooled_loro,intervention,42,1120,na,longxi_river,longxihe_UAV0764,0.5,0,212,177,15995,106.64717812851652,0.0,0.0
E1,q2_x3_loro_longxi_river_seed42,pooled_loro,intervention,42,1120,na,longxi_river,longxihe_UAV0765,0.5,0,296,177,15911,93.49117308083854,0.0,0.0
E1,q2_x3_loro_longxi_river_seed42,pooled_loro,intervention,42,1120,na,longxi_river,longxihe_UAV0766,0.5,60,212,66,16046,128.82468537094394,0.3519553072621489,0.3740814963256032
E1,q2_x3_loro_longxi_river_seed42,pooled_loro,intervention,42,1120,na,longxi_river,longxihe_UAV0767,0.5,1469,460,550,13905,61.85624839956266,0.6199361443103133,0.6827434207951172
E1,q2_x3_loro_longxi_river_seed42,pooled_loro,intervention,42,1120,na,longxi_river,longxihe_UAV0768,0.5,1846,1594,609,12335,73.49529658925489,0.454643590903857,0.5105478353639622
E1,q2_x3_loro_longxi_river_seed42,pooled_loro,intervention,42,1120,na,longxi_river,longxihe_UAV0769,0.5,105,599,1221,14459,90.02777280729651,0.1286684073102444,0.16873322254840148
E1,q2_x3_loro_longxi_river_seed42,pooled_loro,intervention,42,1120,na,longxi_river,longxihe_UAV0770,0.5,214,0,3103,13067,75.00366650371818,0.10350584307161544,0.1808527307228411
E1,q2_x3_loro_longxi_river_seed42,pooled_loro,intervention,42,1120,na,longxi_river,longxihe_UAV0771,0.5,67,12,5076,11229,60.03332407921454,0.03966286564194394,0.09083517249379582
E1,q2_x3_loro_longxi_river_seed42,pooled_loro,intervention,42,1120,na,longxi_river,longxihe_UAV0772,0.5,0,7,4574,11803,83.22125084400012,0.0,0.0
E1,q2_x3_loro_longxi_river_seed42,pooled_loro,intervention,42,1120,na,longxi_river,longxihe_UAV0773,0.5,0,0,5054,11330,181.01933598375618,0.0,0.0
E1,q2_x3_loro_longxi_river_seed42,pooled_loro,intervention,42,1120,na,longxi_river,longxihe_UAV0774,0.5,4,0,4250,12130,107.97034703688,0.0,0.0
E1,q2_x3_loro_longxi_river_seed42,pooled_loro,intervention,42,1120,na,longxi_river,longxihe_UAV0775,0.5,0,0,2021,14363,181.01933598375618,0.0,0.0
E1,q2_x3_loro_longxi_river_seed42,pooled_loro,intervention,42,1120,na,longxi_river,longxihe_UAV0776,0.5,0,0,4018,12366,181.01933598375618,0.0,0.0
E1,q2_x3_loro_longxi_river_seed42,pooled_loro,intervention,42,1120,na,longxi_river,longxihe_UAV0777,0.5,0,0,4739,11645,181.01933598375618,0.0,0.0
E1,q2_x3_loro_longxi_river_seed42,pooled_loro,intervention,42,1120,na,longxi_river,longxihe_UAV0778,0.5,0,0,1558,14826,181.01933598375618,0.0,0.0
E1,q2_x3_loro_longxi_river_seed42,pooled_loro,intervention,42,1120,na,longxi_river,longxihe_UAV0779,0.5,0,0,106,16278,181.01933598375618,0.0,0.0
E1,q2_x3_loro_longxi_river_seed42,pooled_loro,intervention,42,1120,na,longxi_river,longxihe_UAV0780,0.5,0,0,935,15449,181.01933598375618,0.0,0.0
E1,q2_x3_loro_longxi_river_seed42,pooled_loro,intervention,42,1120,na,longxi_river,longxihe_UAV0781,0.5,0,0,972,15412,181.01933598375618,0.0,0.0
E1,q2_x3_loro_longxi_river_seed42,pooled_loro,intervention,42,1120,na,longxi_river,longxihe_UAV0782,0.5,0,5,143,16236,82.15578864245013,0.0,0.0
E1,q2_x3_loro_longxi_river_seed42,pooled_loro,intervention,42,1120,na,longxi_river,longxihe_UAV0783,0.5,0,0,2817,13567,181.01933598375618,0.0,0.0
E1,q2_x3_loro_longxi_river_seed42,pooled_loro,intervention,42,1120,na,longxi_river,longxihe_UAV0784,0.5,0,0,10695,5689,181.01933598375618,0.0,0.0
E1,q2_x3_loro_longxi_river_seed42,pooled_loro,intervention,42,1120,na,longxi_river,longxihe_UAV0785,0.5,0,0,16070,314,181.01933598375618,0.0,0.0
E1,q2_x3_loro_longxi_river_seed42,pooled_loro,intervention,42,1120,na,longxi_river,longxihe_UAV0786,0.5,0,0,15413,971,181.01933598375618,0.0,0.0
E1,q2_x3_loro_longxi_river_seed42,pooled_loro,intervention,42,1120,na,longxi_river,longxihe_UAV0787,0.5,0,0,8897,7487,181.01933598375618,0.0,0.0
E1,q2_x3_loro_longxi_river_seed42,pooled_loro,intervention,42,1120,na,longxi_river,longxihe_UAV0788,0.5,1,0,1675,14708,39.78155623916757,0.0,0.0
E1,q2_x3_loro_longxi_river_seed42,pooled_loro,intervention,42,1120,na,longxi_river,longxihe_UAV0789,0.5,0,0,1560,14824,181.01933598375618,0.0,0.0
E1,q2_x3_loro_longxi_river_seed42,pooled_loro,intervention,42,1120,na,longxi_river,longxihe_UAV0790,0.5,0,154,328,15902,94.52404321212585,0.0,0.0
E1,q2_x3_loro_longxi_river_seed42,pooled_loro,intervention,42,1120,na,longxi_river,longxihe_UAV0791,0.5,0,399,468,15517,96.99037874861199,0.0,0.0
E1,q2_x3_loro_longxi_river_seed42,pooled_loro,intervention,42,1120,na,longxi_river,longxihe_UAV0792,0.5,128,102,319,15835,71.50550315825818,0.3913759956051497,0.42687747035526324
E1,q2_x3_loro_longxi_river_seed42,pooled_loro,intervention,42,1120,na,longxi_river,longxihe_UAV0793,0.5,2041,122,1167,13054,57.06136239223023,0.5851878614010726,0.6951038314575948
E1,q2_x3_loro_longxi_river_seed42,pooled_loro,intervention,42,1120,na,longxi_river,longxihe_UAV0794,0.5,2638,657,825,12264,19.849433241279208,0.5510773887524629,0.6664101820348289
E1,q2_x3_loro_longxi_river_seed42,pooled_loro,intervention,42,1120,na,longxi_river,longxihe_UAV0795,0.5,111,317,642,15314,25.972687764099955,0.19271927681362158,0.25266197437237137
E1,q2_x3_loro_longxi_river_seed42,pooled_loro,intervention,42,1120,na,longxi_river,longxihe_UAV0796,0.5,19,258,1965,14142,63.0,0.032210834553109635,0.16326530612205917
E1,q2_x3_loro_longxi_river_seed42,pooled_loro,intervention,42,1120,na,longxi_river,longxihe_UAV0797,0.5,67,169,2801,13347,55.79650297190299,0.07963055416837476,0.148580213419771
E1,q2_x3_loro_longxi_river_seed42,pooled_loro,intervention,42,1120,na,longxi_river,longxihe_UAV0798,0.5,0,42,2105,14237,64.239712220049,0.0,0.0
E1,q2_x3_loro_longxi_river_seed42,pooled_loro,intervention,42,1120,na,longxi_river,longxihe_UAV0799,0.5,12,26,4088,12258,61.75262551175793,0.006399999999831624,0.03988035892312134
E1,q2_x3_loro_longxi_river_seed42,pooled_loro,intervention,42,1120,na,longxi_river,longxihe_UAV0800,0.5,53,6,4201,12124,85.04994005308001,0.06787330316729429,0.12036299952221904
E1,q2_x3_loro_longxi_river_seed42,pooled_loro,intervention,42,1120,na,longxi_river,longxihe_UAV0801,0.5,0,34,1184,15166,109.1878474205588,0.0,0.0
E1,q2_x3_loro_longxi_river_seed42,pooled_loro,intervention,42,1120,na,longxi_river,longxihe_UAV0802,0.5,0,43,2084,14257,87.909597918524,0.0,0.0
E1,q2_x3_loro_longxi_river_seed42,pooled_loro,intervention,42,1120,na,longxi_river,longxihe_UAV0803,0.5,0,0,3203,13181,181.01933598375618,0.0,0.0
E1,q2_x3_loro_longxi_river_seed42,pooled_loro,intervention,42,1120,na,longxi_river,longxihe_UAV0804,0.5,0,0,1119,15265,181.01933598375618,0.0,0.0
E1,q2_x3_loro_longxi_river_seed42,pooled_loro,intervention,42,1120,na,longxi_river,longxihe_UAV0805,0.5,0,27,83,16274,75.57666155742307,0.0,0.0
E1,q2_x3_loro_longxi_river_seed42,pooled_loro,intervention,42,1120,na,longxi_river,longxihe_UAV0806,0.5,0,0,588,15796,181.01933598375618,0.0,0.0
E1,q2_x3_loro_longxi_river_seed42,pooled_loro,intervention,42,1120,na,longxi_river,longxihe_UAV0807,0.5,0,36,563,15785,75.58074119108296,0.0,0.0
E1,q2_x3_loro_longxi_river_seed42,pooled_loro,intervention,42,1120,na,longxi_river,longxihe_UAV0808,0.5,0,0,283,16101,181.01933598375618,0.0,0.0
E1,q2_x3_loro_longxi_river_seed42,pooled_loro,intervention,42,1120,na,longxi_river,longxihe_UAV0809,0.5,0,0,573,15811,181.01933598375618,0.0,0.0
E1,q2_x3_loro_longxi_river_seed42,pooled_loro,intervention,42,1120,na,longxi_river,longxihe_UAV0810,0.5,0,0,348,16036,181.01933598375618,0.0,0.0
E1,q2_x3_loro_longxi_river_seed42,pooled_loro,intervention,42,1120,na,longxi_river,longxihe_UAV0811,0.5,0,0,2813,13571,181.01933598375618,0.0,0.0
E1,q2_x3_loro_longxi_river_seed42,pooled_loro,intervention,42,1120,na,longxi_river,longxihe_UAV0812,0.5,0,0,10692,5692,181.01933598375618,0.0,0.0
E1,q2_x3_loro_longxi_river_seed42,pooled_loro,intervention,42,1120,na,longxi_river,longxihe_UAV0813,0.5,0,0,16071,313,181.01933598375618,0.0,0.0
E1,q2_x3_loro_longxi_river_seed42,pooled_loro,intervention,42,1120,na,longxi_river,longxihe_UAV0814,0.5,18,0,16366,0,,,
E1,q2_x3_loro_longxi_river_seed42,pooled_loro,intervention,42,1120,na,longxi_river,longxihe_UAV0815,0.5,695,8,9838,5843,47.307272188377354,0.1349963316209298,0.2101497034172643
E1,q2_x3_loro_longxi_river_seed42,pooled_loro,intervention,42,1120,na,longxi_river,longxihe_UAV0816,0.5,249,3,2092,14040,49.826349367066804,0.06258148630984213,0.11459754433789708
E1,q2_x3_loro_longxi_river_seed42,pooled_loro,intervention,42,1120,na,longxi_river,longxihe_UAV0817,0.5,347,6,1802,14229,47.79186993473202,0.09364406779612933,0.1414427156996566
E1,q2_x3_loro_longxi_river_seed42,pooled_loro,intervention,42,1120,na,longxi_river,longxihe_UAV0818,0.5,0,0,151,16233,181.01933598375618,0.0,0.0
E1,q2_x3_loro_longxi_river_seed42,pooled_loro,intervention,42,1120,na,longxi_river,longxihe_UAV0819,0.5,82,31,254,16017,48.2321590160346,0.3896620278326739,0.4436860068255932
E1,q2_x3_loro_longxi_river_seed42,pooled_loro,intervention,42,1120,na,longxi_river,longxihe_UAV0820,0.5,79,56,465,15784,102.36942550563094,0.16094918751592388,0.2273650020298258
E1,q2_x3_loro_longxi_river_seed42,pooled_loro,intervention,42,1120,na,longxi_river,longxihe_UAV0821,0.5,441,6,1050,14887,100.40966086631853,0.2354091196592973,0.36639564216693504
E1,q2_x3_loro_longxi_river_seed42,pooled_loro,intervention,42,1120,na,longxi_river,longxihe_UAV0822,0.5,596,26,681,15081,79.523224099537,0.4434523444490965,0.534797199497814
E1,q2_x3_loro_longxi_river_seed42,pooled_loro,intervention,42,1120,na,longxi_river,longxihe_UAV0823,0.5,0,0,192,16192,181.01933598375618,0.0,0.0
E1,q2_x3_loro_longxi_river_seed42,pooled_loro,intervention,42,1120,na,longxi_river,longxihe_UAV0824,0.5,0,240,47,16097,105.0261866442009,0.0,0.0
E1,q2_x3_loro_longxi_river_seed42,pooled_loro,intervention,42,1120,na,longxi_river,longxihe_UAV0826,0.5,0,61,44,16279,133.98638975651858,0.0,0.0
E1,q2_x3_loro_longxi_river_seed42,pooled_loro,intervention,42,1120,na,longxi_river,longxihe_UAV0827,0.5,0,2,40,16342,70.18243030315014,0.0,0.0
E1,q2_x3_loro_longxi_river_seed42,pooled_loro,intervention,42,1120,na,longxi_river,longxihe_UAV0828,0.5,0,0,147,16237,181.01933598375618,0.0,0.0
E1,q2_x3_loro_longxi_river_seed42,pooled_loro,intervention,42,1120,na,longxi_river,longxihe_UAV0829,0.5,0,0,377,16007,181.01933598375618,0.0,0.0
E1,q2_x3_loro_longxi_river_seed42,pooled_loro,intervention,42,1120,na,longxi_river,longxihe_UAV0830,0.5,0,0,243,16141,181.01933598375618,0.0,0.0
E1,q2_x3_loro_longxi_river_seed42,pooled_loro,intervention,42,1120,na,longxi_river,longxihe_UAV0831,0.5,0,0,303,16081,181.01933598375618,0.0,0.0
E1,q2_x3_loro_longxi_river_seed42,pooled_loro,intervention,42,1120,na,longxi_river,longxihe_UAV0832,0.5,0,0,859,15525,181.01933598375618,0.0,0.0
E1,q2_x3_loro_longxi_river_seed42,pooled_loro,intervention,42,1120,na,longxi_river,longxihe_UAV0833,0.5,0,0,928,15456,181.01933598375618,0.0,0.0
E1,q2_x3_loro_longxi_river_seed42,pooled_loro,intervention,42,1120,na,longxi_river,longxihe_UAV0834,0.5,230,534,928,14692,48.07615970138093,0.20135665833587413,0.2790071971475925
E1,q2_x3_loro_longxi_river_seed42,pooled_loro,intervention,42,1120,na,longxi_river,longxihe_UAV0835,0.5,0,0,2122,14262,181.01933598375618,0.0,0.0
E1,q2_x3_loro_longxi_river_seed42,pooled_loro,intervention,42,1120,na,longxi_river,longxihe_UAV0836,0.5,414,4,2057,13909,53.588748095114745,0.19411449577866904,0.2933254516947222
E1,q2_x3_loro_longxi_river_seed42,pooled_loro,intervention,42,1120,na,longxi_river,longxihe_UAV0837,0.5,13,0,1913,14458,108.75292425345185,0.02648475120382152,0.07482014388482006
E1,q2_x3_loro_longxi_river_seed42,pooled_loro,intervention,42,1120,na,longxi_river,longxihe_UAV0838,0.5,5,0,2295,14084,70.2016699840314,0.028925619834682236,0.08048289738422858
E1,q2_x3_loro_longxi_river_seed42,pooled_loro,intervention,42,1120,na,longxi_river,longxihe_UAV0839,0.5,0,0,1698,14686,181.01933598375618,0.0,0.0
E1,q2_x3_loro_longxi_river_seed42,pooled_loro,intervention,42,1120,na,longxi_river,longxihe_UAV0840,0.5,0,435,176,15773,105.0,0.0,0.0
E1,q2_x3_loro_longxi_river_seed42,pooled_loro,intervention,42,1120,na,longxi_river,longxihe_UAV0841,0.5,0,0,2742,13642,181.01933598375618,0.0,0.0
E1,q2_x3_loro_longxi_river_seed42,pooled_loro,intervention,42,1120,na,longxi_river,longxihe_UAV0842,0.5,0,0,10930,5454,181.01933598375618,0.0,0.0
E1,q2_x3_loro_longxi_river_seed42,pooled_loro,intervention,42,1120,na,longxi_river,longxihe_UAV0843,0.5,0,0,16380,4,181.01933598375618,0.0,0.0
E1,q2_x3_loro_longxi_river_seed42,pooled_loro,intervention,42,1120,na,longxi_river,longxihe_UAV0844,0.5,34,0,16335,15,25.46709863670015,0.0930232558134754,0.4703087885980811
E1,q2_x3_loro_longxi_river_seed42,pooled_loro,intervention,42,1120,na,longxi_river,longxihe_UAV0845,0.5,2,0,9150,7232,86.7294644281861,0.0,0.0
E1,q2_x3_loro_longxi_river_seed42,pooled_loro,intervention,42,1120,na,longxi_river,longxihe_UAV0846,0.5,0,0,975,15409,181.01933598375618,0.0,0.0
E1,q2_x3_loro_longxi_river_seed42,pooled_loro,intervention,42,1120,na,longxi_river,longxihe_UAV0847,0.5,0,0,818,15566,181.01933598375618,0.0,0.0
E1,q2_x3_loro_longxi_river_seed42,pooled_loro,intervention,42,1120,na,longxi_river,longxihe_UAV0848,0.5,0,0,45,16339,181.01933598375618,0.0,0.0
E1,q2_x3_loro_longxi_river_seed42,pooled_loro,intervention,42,1120,na,longxi_river,longxihe_UAV0849,0.5,0,0,223,16161,181.01933598375618,0.0,0.0
E1,q2_x3_loro_longxi_river_seed42,pooled_loro,intervention,42,1120,na,longxi_river,longxihe_UAV0850,0.5,139,1,553,15691,87.09190547921202,0.3252747252744529,0.3612903225803491
E1,q2_x3_loro_longxi_river_seed42,pooled_loro,intervention,42,1120,na,longxi_river,longxihe_UAV0851,0.5,125,1,625,15633,81.79967639895158,0.33313364883450763,0.47674418604614854
E1,q2_x3_loro_longxi_river_seed42,pooled_loro,intervention,42,1120,na,longxi_river,longxihe_UAV0852,0.5,44,0,1169,15171,58.1700064771152,0.14325068870504234,0.24543667509103198
E1,q2_x3_loro_longxi_river_seed42,pooled_loro,intervention,42,1120,na,longxi_river,longxihe_UAV0853,0.5,1,0,976,15407,45.57888727967828,0.006191950464390111,0.03658536585362262
E1,q2_x3_loro_longxi_river_seed42,pooled_loro,intervention,42,1120,na,longxi_river,longxihe_UAV0855,0.5,0,0,303,16081,181.01933598375618,0.0,0.0
E1,q2_x3_loro_longxi_river_seed42,pooled_loro,intervention,42,1120,na,longxi_river,longxihe_UAV0856,0.5,0,105,1732,14547,68.6804193347711,0.0,0.0
E1,q2_x3_loro_longxi_river_seed42,pooled_loro,intervention,42,1120,na,longxi_river,longxihe_UAV0857,0.5,0,243,2497,13644,72.37746711753653,0.0,0.0
E1,q2_x3_loro_longxi_river_seed42,pooled_loro,intervention,42,1120,na,longxi_river,longxihe_UAV0858,0.5,0,0,1771,14613,181.01933598375618,0.0,0.0
E1,q2_x3_loro_longxi_river_seed42,pooled_loro,intervention,42,1120,na,longxi_river,longxihe_UAV0859,0.5,0,0,1534,14850,181.01933598375618,0.0,0.0
E1,q2_x3_loro_longxi_river_seed42,pooled_loro,intervention,42,1120,na,longxi_river,longxihe_UAV0860,0.5,257,7,3456,12664,59.40243624804885,0.09519975847821369,0.20290689307793724
E1,q2_x3_loro_longxi_river_seed42,pooled_loro,intervention,42,1120,na,longxi_river,longxihe_UAV0861,0.5,42,0,3488,12854,77.6659513557904,0.014580801944023268,0.10817307692297459
E1,q2_x3_loro_longxi_river_seed42,pooled_loro,intervention,42,1120,na,longxi_river,longxihe_UAV0862,0.5,138,0,2126,14120,66.00116690197511,0.14476311490270644,0.23711340206164663
E1,q2_x3_loro_longxi_river_seed42,pooled_loro,intervention,42,1120,na,longxi_river,longxihe_UAV0863,0.5,322,2,1483,14577,64.85560670812876,0.2910737386801569,0.3792875815264333
E1,q2_x3_loro_longxi_river_seed42,pooled_loro,intervention,42,1120,na,longxi_river,longxihe_UAV0864,0.5,0,0,176,16208,181.01933598375618,0.0,0.0
E1,q2_x3_loro_longxi_river_seed42,pooled_loro,intervention,42,1120,na,longxi_river,longxihe_UAV0865,0.5,0,48,579,15757,129.79742014601294,0.0,0.0
E1,q2_x3_loro_longxi_river_seed42,pooled_loro,intervention,42,1120,na,longxi_river,longxihe_UAV0866,0.5,0,0,8055,8329,181.01933598375618,0.0,0.0
E1,q2_x3_loro_longxi_river_seed42,pooled_loro,intervention,42,1120,na,longxi_river,longxihe_UAV0867,0.5,0,0,15668,716,181.01933598375618,0.0,0.0
E1,q2_x3_loro_longxi_river_seed42,pooled_loro,intervention,42,1120,na,longxi_river,longxihe_UAV0868,0.5,91,50,15732,511,25.428747864811967,0.4088397790050415,0.6056637747580967
E1,q2_x3_loro_longxi_river_seed42,pooled_loro,intervention,42,1120,na,longxi_river,longxihe_UAV0869,0.5,181,50,7598,8555,53.05293514160416,0.2089263506973371,0.3813029587438427
E1,q2_x3_loro_longxi_river_seed42,pooled_loro,intervention,42,1120,na,longxi_river,longxihe_UAV0870,0.5,0,0,148,16236,181.01933598375618,0.0,0.0
E1,q2_x3_loro_longxi_river_seed42,pooled_loro,intervention,42,1120,na,longxi_river,longxihe_UAV0871,0.5,0,0,89,16295,181.01933598375618,0.0,0.0
E1,q2_x3_loro_longxi_river_seed42,pooled_loro,intervention,42,1120,na,longxi_river,longxihe_UAV0873,0.5,111,0,981,15292,78.60976624902061,0.2616591271517855,0.29885057471238946
E1,q2_x3_loro_longxi_river_seed42,pooled_loro,intervention,42,1120,na,longxi_river,longxihe_UAV0874,0.5,129,0,1054,15201,76.842165014497,0.26471371504635066,0.3527454242925547
E1,q2_x3_loro_longxi_river_seed42,pooled_loro,intervention,42,1120,na,longxi_river,longxihe_UAV0875,0.5,241,0,878,15265,30.91497120745832,0.1158245083204345,0.27975662702138254
E1,q2_x3_loro_longxi_river_seed42,pooled_loro,intervention,42,1120,na,longxi_river,longxihe_UAV0876,0.5,94,0,934,15356,35.678046124161675,0.08465952148946755,0.1263198808056832
E1,q2_x3_loro_longxi_river_seed42,pooled_loro,intervention,42,1120,na,longxi_river,longxihe_UAV0877,0.5,0,0,1099,15285,181.01933598375618,0.0,0.0
E1,q2_x3_loro_longxi_river_seed42,pooled_loro,intervention,42,1120,na,longxi_river,longxihe_UAV0878,0.5,13,0,2819,13552,72.74748566619058,0.0,0.020571428571388276
E1,q2_x3_loro_longxi_river_seed42,pooled_loro,intervention,42,1120,na,longxi_river,longxihe_UAV0879,0.5,295,0,1867,14222,65.20351213506567,0.09586255550454868,0.2363755745236378
E1,q2_x3_loro_longxi_river_seed42,pooled_loro,intervention,42,1120,na,longxi_river,longxihe_UAV0880,0.5,45,0,384,15955,55.213194440937166,0.2854715378076699,0.34908604547450583
E1,q2_x3_loro_longxi_river_seed42,pooled_loro,intervention,42,1120,na,longxi_river,longxihe_UAV0881,0.5,45,0,2207,14132,65.88321682543253,0.06232294617546331,0.13269629496060917
E1,q2_x3_loro_longxi_river_seed42,pooled_loro,intervention,42,1120,na,longxi_river,longxihe_UAV0882,0.5,901,505,1563,13415,45.254833995939045,0.32736037838779103,0.46605609616442306
E1,q2_x3_loro_longxi_river_seed42,pooled_loro,intervention,42,1120,na,longxi_river,longxihe_UAV0883,0.5,158,0,509,15717,132.35820368454787,0.19669876203534023,0.4126163391929367
E1,q2_x3_loro_longxi_river_seed42,pooled_loro,intervention,42,1120,na,longxi_river,longxihe_UAV0884,0.5,180,0,275,15929,21.361122837348397,0.2459409103002932,0.6258092360806455
E1,q2_x3_loro_longxi_river_seed42,pooled_loro,intervention,42,1120,na,longxi_river,longxihe_UAV0885,0.5,0,97,343,15944,90.03222927438908,0.0,0.0
E1,q2_x3_loro_longxi_river_seed42,pooled_loro,intervention,42,1120,na,longxi_river,longxihe_UAV0886,0.5,100,0,5122,11162,76.21333614645764,0.042260961436574616,0.15475390245693238
E1,q2_x3_loro_longxi_river_seed42,pooled_loro,intervention,42,1120,na,longxi_river,longxihe_UAV0887,0.5,30,0,10386,5968,79.19861787392495,0.01995012468814087,0.11176218379287639
E1,q2_x3_loro_longxi_river_seed42,pooled_loro,intervention,42,1120,na,longxi_river,longxihe_UAV0888,0.5,53,37,9605,6689,56.222233716698405,0.18630136986274265,0.22674788617120745
E1,q2_x3_loro_longxi_river_seed42,pooled_loro,intervention,42,1120,na,longxi_river,longxihe_UAV0889,0.5,137,86,3984,12177,67.52113853782782,0.17557251908347693,0.3519800609244859
E1,q2_x3_loro_longxi_river_seed42,pooled_loro,intervention,42,1120,na,longxi_river,longxihe_UAV0890,0.5,0,239,112,16033,70.54746857407989,0.0,0.0
E1,q2_x3_loro_longxi_river_seed42,pooled_loro,intervention,42,1120,na,longxi_river,longxihe_UAV0891,0.5,13,76,223,16072,65.3854517003376,0.0248447204964972,0.19479947113221563
E1,q2_x3_loro_longxi_river_seed42,pooled_loro,intervention,42,1120,na,longxi_river,longxihe_UAV0892,0.5,299,905,269,14911,65.12296062065974,0.42381339213135527,0.49073064340192707
E1,q2_x3_loro_longxi_river_seed42,pooled_loro,intervention,42,1120,na,longxi_river,longxihe_UAV0893,0.5,222,161,222,15779,103.01145848545809,0.5127257040730046,0.5788546255502036
E1,q2_x3_loro_longxi_river_seed42,pooled_loro,intervention,42,1120,na,longxi_river,longxihe_UAV0894,0.5,56,215,207,15906,52.33202490768561,0.21729807004953577,0.23552502453336074
E1,q2_x3_loro_longxi_river_seed42,pooled_loro,intervention,42,1120,na,longxi_river,longxihe_UAV0895,0.5,51,90,226,16017,91.54963873935017,0.25371828521391665,0.29871011541026643
E1,q2_x3_loro_longxi_river_seed42,pooled_loro,intervention,42,1120,na,longxi_river,longxihe_UAV0897,0.5,0,32,751,15601,120.49647064628051,0.0,0.0
E1,q2_x3_loro_longxi_river_seed42,pooled_loro,intervention,42,1120,na,longxi_river,longxihe_UAV0898,0.5,0,0,751,15633,181.01933598375618,0.0,0.0
E1,q2_x3_loro_longxi_river_seed42,pooled_loro,intervention,42,1120,na,longxi_river,longxihe_UAV0899,0.5,0,0,51,16333,181.01933598375618,0.0,0.0
E1,q2_x3_loro_longxi_river_seed42,pooled_loro,intervention,42,1120,na,longxi_river,longxihe_UAV0900,0.5,0,0,928,15456,181.01933598375618,0.0,0.0
E1,q2_x3_loro_longxi_river_seed42,pooled_loro,intervention,42,1120,na,longxi_river,longxihe_UAV0901,0.5,0,5,1585,14794,87.6210814118433,0.0,0.0
E1,q2_x3_loro_longxi_river_seed42,pooled_loro,intervention,42,1120,na,longxi_river,longxihe_UAV0902,0.5,0,0,1176,15208,181.01933598375618,0.0,0.0
E1,q2_x3_loro_longxi_river_seed42,pooled_loro,intervention,42,1120,na,longxi_river,longxihe_UAV0903,0.5,0,0,540,15844,181.01933598375618,0.0,0.0
E1,q2_x3_loro_longxi_river_seed42,pooled_loro,intervention,42,1120,na,longxi_river,longxihe_UAV0904,0.5,0,0,72,16312,181.01933598375618,0.0,0.0
E1,q2_x3_loro_longxi_river_seed42,pooled_loro,intervention,42,1120,na,longxi_river,longxihe_UAV0905,0.5,0,0,221,16163,181.01933598375618,0.0,0.0
E1,q2_x3_loro_longxi_river_seed42,pooled_loro,intervention,42,1120,na,longxi_river,longxihe_UAV0906,0.5,42,0,1823,14519,74.79304780526061,0.05107568487835638,0.18591700133850494
E1,q2_x3_loro_longxi_river_seed42,pooled_loro,intervention,42,1120,na,longxi_river,longxihe_UAV0907,0.5,47,0,5507,10830,76.60939890117922,0.02039197915479169,0.07523531533887337
E1,q2_x3_loro_longxi_river_seed42,pooled_loro,intervention,42,1120,na,longxi_river,longxihe_UAV0908,0.5,445,41,4399,11499,66.06663270102374,0.2714716018558557,0.3231786752176636
E1,q2_x3_loro_longxi_river_seed42,pooled_loro,intervention,42,1120,na,longxi_river,longxihe_UAV0909,0.5,16,0,1750,14618,50.97053450918533,0.022857142857076636,0.08472866653209005
E1,q2_x3_loro_longxi_river_seed42,pooled_loro,intervention,42,1120,na,longxi_river,longxihe_UAV0910,0.5,44,0,2521,13819,106.58693176389943,0.028553262817129832,0.06072289156619359
E1,q2_x3_loro_longxi_river_seed42,pooled_loro,intervention,42,1120,na,longxi_river,longxihe_UAV0911,0.5,262,2,2051,14069,51.615857597590576,0.23229332725999408,0.34305417001584226
E1,q2_x3_loro_longxi_river_seed42,pooled_loro,intervention,42,1120,na,longxi_river,longxihe_UAV0912,0.5,130,5,450,15799,66.8549439340502,0.43720531504463367,0.5919678714855234
E1,q2_x3_loro_longxi_river_seed42,pooled_loro,intervention,42,1120,na,longxi_river,longxihe_UAV0913,0.5,0,0,216,16168,181.01933598375618,0.0,0.0
E1,q2_x3_loro_longxi_river_seed42,pooled_loro,intervention,42,1120,na,longxi_river,longxihe_UAV0914,0.5,0,0,1943,14441,181.01933598375618,0.0,0.0
E1,q2_x3_loro_longxi_river_seed42,pooled_loro,intervention,42,1120,na,longxi_river,longxihe_UAV0915,0.5,80,0,3142,13162,61.04792185996642,0.060362173038026296,0.22171481518228023
E1,q2_x3_loro_longxi_river_seed42,pooled_loro,intervention,42,1120,na,longxi_river,longxihe_UAV0916,0.5,122,21,2814,13427,91.50813485483815,0.06924101198363683,0.19547182855125383
E1,q2_x3_loro_longxi_river_seed42,pooled_loro,intervention,42,1120,na,longxi_river,longxihe_UAV0917,0.5,0,2,2012,14370,121.13958754308479,0.0,0.0
E1,q2_x3_loro_longxi_river_seed42,pooled_loro,intervention,42,1120,na,longxi_river,longxihe_UAV0918,0.5,0,236,571,15577,89.37309098335079,0.0,0.0
E1,q2_x3_loro_longxi_river_seed42,pooled_loro,intervention,42,1120,na,longxi_river,longxihe_UAV0919,0.5,0,477,616,15291,68.00036762718386,0.0,0.0
E1,q2_x3_loro_longxi_river_seed42,pooled_loro,intervention,42,1120,na,longxi_river,longxihe_UAV0920,0.5,338,109,1738,14199,61.79803226925049,0.2741047613639568,0.3513036659474942
E1,q2_x3_loro_longxi_river_seed42,pooled_loro,intervention,42,1120,na,longxi_river,longxihe_UAV0921,0.5,617,34,2262,13471,48.908605655356645,0.3566637193128601,0.4377170485080671
E1,q2_x3_loro_longxi_river_seed42,pooled_loro,intervention,42,1120,na,longxi_river,longxihe_UAV0922,0.5,284,113,1894,14093,64.75302605133452,0.2755938266979022,0.3475067099868798
E1,q2_x3_loro_longxi_river_seed42,pooled_loro,intervention,42,1120,na,longxi_river,longxihe_UAV0923,0.5,98,320,1040,14926,62.80918463786562,0.1764262721727084,0.21298057048320052
E1,q2_x3_loro_longxi_river_seed42,pooled_loro,intervention,42,1120,na,longxi_river,longxihe_UAV0924,0.5,57,219,950,15158,52.8013473238701,0.09878454044672294,0.1191806331467645
E1,q2_x3_loro_longxi_river_seed42,pooled_loro,intervention,42,1120,na,longxi_river,longxihe_UAV0925,0.5,63,69,1317,14935,86.9419270884191,0.11095305832127768,0.12824820388153158
E1,q2_x3_loro_longxi_river_seed42,pooled_loro,intervention,42,1120,na,longxi_river,longxihe_UAV0926,0.5,80,149,1034,15121,45.797925395159496,0.17655786350110647,0.2341742853832264
E1,q2_x3_loro_longxi_river_seed42,pooled_loro,intervention,42,1120,na,longxi_river,longxihe_UAV0927,0.5,25,0,337,16022,121.03015973879005,0.2164948453605424,0.3802816901405371
E1,q2_x3_loro_longxi_river_seed42,pooled_loro,intervention,42,1120,na,longxi_river,longxihe_UAV0928,0.5,186,635,161,15402,60.782384993014354,0.31170618782414605,0.38004750593787756
E1,q2_x3_loro_longxi_river_seed42,pooled_loro,intervention,42,1120,na,longxi_river,longxihe_UAV0929,0.5,171,43,1848,14322,120.20815280171308,0.1484648532181666,0.17149562234832402
E1,q2_x3_loro_longxi_river_seed42,pooled_loro,intervention,42,1120,na,longxi_river,longxihe_UAV0930,0.5,836,14,2383,13151,41.647641471737884,0.11412268188278787,0.18471096295147463
E1,q2_x3_loro_longxi_river_seed42,pooled_loro,intervention,42,1120,na,longxi_river,longxihe_UAV0931,0.5,21,0,2014,14349,119.77058766197732,0.009803921568603241,0.017091408515152354
E1,q2_x3_loro_longxi_river_seed42,pooled_loro,intervention,42,1120,na,longxi_river,longxihe_UAV0932,0.5,0,0,560,15824,181.01933598375618,0.0,0.0
E1,q2_x3_loro_longxi_river_seed42,pooled_loro,intervention,42,1120,na,longxi_river,longxihe_UAV0933,0.5,0,0,72,16312,181.01933598375618,0.0,0.0
E1,q2_x3_loro_longxi_river_seed42,pooled_loro,intervention,42,1120,na,longxi_river,longxihe_UAV0934,0.5,0,0,424,15960,181.01933598375618,0.0,0.0
E1,q2_x3_loro_longxi_river_seed42,pooled_loro,intervention,42,1120,na,longxi_river,longxihe_UAV0935,0.5,0,0,1056,15328,181.01933598375618,0.0,0.0
E1,q2_x3_loro_longxi_river_seed42,pooled_loro,intervention,42,1120,na,longxi_river,longxihe_UAV0936,0.5,0,0,947,15437,181.01933598375618,0.0,0.0
E1,q2_x3_loro_longxi_river_seed42,pooled_loro,intervention,42,1120,na,longxi_river,longxihe_UAV0937,0.5,0,0,1109,15275,181.01933598375618,0.0,0.0
E1,q2_x3_loro_longxi_river_seed42,pooled_loro,intervention,42,1120,na,longxi_river,longxihe_UAV0938,0.5,0,0,2563,13821,181.01933598375618,0.0,0.0
E1,q2_x3_loro_longxi_river_seed42,pooled_loro,intervention,42,1120,na,longxi_river,longxihe_UAV0939,0.5,0,0,6173,10211,181.01933598375618,0.0,0.0
E1,q2_x3_loro_longxi_river_seed42,pooled_loro,intervention,42,1120,na,longxi_river,longxihe_UAV0940,0.5,10,0,5638,10736,125.17487498314405,0.009499683343857373,0.02643171806163093
E1,q2_x3_loro_longxi_river_seed42,pooled_loro,intervention,42,1120,na,longxi_river,longxihe_UAV0941,0.5,23,0,2754,13607,90.54280148691275,0.0262538970628114,0.07183041541015825
E1,q2_x3_loro_longxi_river_seed42,pooled_loro,intervention,42,1120,na,longxi_river,longxihe_UAV0942,0.5,131,0,3278,12975,64.82854775285222,0.039633027522829795,0.10943689218160574
E1,q2_x3_loro_longxi_river_seed42,pooled_loro,intervention,42,1120,na,longxi_river,longxihe_UAV0943,0.5,399,3,1927,14055,71.81363667495542,0.2758382302105629,0.354894221660553
E1,q2_x3_loro_longxi_river_seed42,pooled_loro,intervention,42,1120,na,longxi_river,longxihe_UAV0944,0.5,172,10,278,15924,19.520165528396003,0.6261135148888411,0.7539620096657077
E1,q2_x3_loro_longxi_river_seed42,pooled_loro,intervention,42,1120,na,longxi_river,longxihe_UAV0945,0.5,0,531,21,15832,91.73625725580139,0.0,0.0
E1,q2_x3_loro_longxi_river_seed42,pooled_loro,intervention,42,1120,na,longxi_river,longxihe_UAV0946,0.5,0,12,241,16131,72.42063100569689,0.0,0.0
E1,q2_x3_loro_longxi_river_seed42,pooled_loro,intervention,42,1120,na,longxi_river,longxihe_UAV0947,0.5,64,0,2068,14252,70.83365758462926,0.0,0.03528468323952052
E1,q2_x3_loro_longxi_river_seed42,pooled_loro,intervention,42,1120,na,longxi_river,longxihe_UAV0948,0.5,110,0,2870,13404,128.7594651443279,0.04791056694154333,0.08554515944226988
E1,q2_x3_loro_longxi_river_seed42,pooled_loro,intervention,42,1120,na,longxi_river,longxihe_UAV0949,0.5,223,0,1314,14847,28.215233581053567,0.11394240729189377,0.24363148822023192
E1,q2_x3_loro_longxi_river_seed42,pooled_loro,intervention,42,1120,na,longxi_river,longxihe_UAV0950,0.5,156,0,313,15915,11.052109960702845,0.05524861878403589,0.2335623159955795
E1,q2_x3_loro_longxi_river_seed42,pooled_loro,intervention,42,1120,na,longxi_river,longxihe_UAV0951,0.5,0,0,20,16364,181.01933598375618,0.0,0.0
E1,q2_x3_loro_longxi_river_seed42,pooled_loro,intervention,42,1120,na,longxi_river,longxihe_UAV0952,0.5,0,286,20,16078,129.6147964796818,0.0,0.0
E1,q2_x3_loro_longxi_river_seed42,pooled_loro,intervention,42,1120,na,longxi_river,longxihe_UAV0953,0.5,227,350,1316,14491,61.09336740748248,0.1450702036159373,0.3151958695701871
E1,q2_x3_loro_longxi_river_seed42,pooled_loro,intervention,42,1120,na,longxi_river,longxihe_UAV0954,0.5,1013,19,3363,11989,31.953090617340916,0.35841141751939887,0.5215238988881894
E1,q2_x3_loro_longxi_river_seed42,pooled_loro,intervention,42,1120,na,longxi_river,longxihe_UAV0955,0.5,604,17,5364,10399,68.65128659598108,0.22170049466002212,0.31731844585147456
E1,q2_x3_loro_longxi_river_seed42,pooled_loro,intervention,42,1120,na,longxi_river,longxihe_UAV0956,0.5,161,0,4533,11690,52.13235726415957,0.08119246899894085,0.15935824056948936
E1,q2_x3_loro_longxi_river_seed42,pooled_loro,intervention,42,1120,na,longxi_river,longxihe_UAV0957,0.5,106,91,2614,13573,47.25501610676552,0.08960457113157519,0.16736627347959213
E1,q2_x3_loro_longxi_river_seed42,pooled_loro,intervention,42,1120,na,longxi_river,longxihe_UAV0958,0.5,59,94,2358,13873,82.73451516749222,0.10892916578397245,0.21472814865766235
E1,q2_x3_loro_longxi_river_seed42,pooled_loro,intervention,42,1120,na,longxi_river,longxihe_UAV0959,0.5,44,4,2049,14287,134.2357406381755,0.06795850459965355,0.08052543624413384
E1,q2_x3_loro_longxi_river_seed42,pooled_loro,intervention,42,1120,na,longxi_river,longxihe_UAV0960,0.5,40,6,1770,14568,87.0597385614878,0.07355021216398971,0.08601072627928721
E1,q2_x3_loro_longxi_river_seed42,pooled_loro,intervention,42,1120,na,longxi_river,longxihe_UAV0961,0.5,0,0,1035,15349,181.01933598375618,0.0,0.0
E1,q2_x3_loro_longxi_river_seed42,pooled_loro,intervention,42,1120,na,longxi_river,longxihe_UAV0962,0.5,123,45,1780,14436,70.80486805591893,0.15702479338814018,0.20830421830722742
E1,q2_x3_loro_longxi_river_seed42,pooled_loro,intervention,42,1120,na,longxi_river,longxihe_UAV0963,0.5,61,48,3683,12592,58.02757801135011,0.07822685788772313,0.11765176038027862
E1,q2_x3_loro_longxi_river_seed42,pooled_loro,intervention,42,1120,na,longxi_river,longxihe_UAV0964,0.5,2,0,3058,13324,112.4901778878942,0.015763546798013915,0.03703703703700068
E1,q2_x3_loro_longxi_river_seed42,pooled_loro,intervention,42,1120,na,longxi_river,longxihe_UAV0965,0.5,0,0,1790,14594,181.01933598375618,0.0,0.0
E1,q2_x3_loro_longxi_river_seed42,pooled_loro,intervention,42,1120,na,longxi_river,longxihe_UAV0966,0.5,35,21,718,15610,64.71938939478474,0.05655526992269061,0.09197475202865761
E1,q2_x3_loro_longxi_river_seed42,pooled_loro,intervention,42,1120,na,longxi_river,longxihe_UAV0967,0.5,0,543,120,15721,88.62194769889676,0.0,0.0
E1,q2_x3_loro_longxi_river_seed42,pooled_loro,intervention,42,1120,na,longxi_river,longxihe_UAV0968,0.5,0,0,1730,14654,181.01933598375618,0.0,0.0
E1,q2_x3_loro_longxi_river_seed42,pooled_loro,intervention,42,1120,na,longxi_river,longxihe_UAV0969,0.5,0,0,4175,12209,181.01933598375618,0.0,0.0
E1,q2_x3_loro_longxi_river_seed42,pooled_loro,intervention,42,1120,na,longxi_river,longxihe_UAV0970,0.5,0,0,2860,13524,181.01933598375618,0.0,0.0
E1,q2_x3_loro_longxi_river_seed42,pooled_loro,intervention,42,1120,na,longxi_river,longxihe_UAV0971,0.5,0,673,988,14723,73.21882962828334,0.0,0.0
E1,q2_x3_loro_longxi_river_seed42,pooled_loro,intervention,42,1120,na,longxi_river,longxihe_UAV0972,0.5,0,0,1832,14552,181.01933598375618,0.0,0.0
E1,q2_x3_loro_longxi_river_seed42,pooled_loro,intervention,42,1120,na,longxi_river,longxihe_UAV0973,0.5,177,0,2928,13279,83.51107012883067,0.0,0.05742625946213704
E1,q2_x3_loro_longxi_river_seed42,pooled_loro,intervention,42,1120,na,longxi_river,longxihe_UAV0974,0.5,111,0,4229,12044,71.0,0.08229863670507458,0.1532557684785366
E1,q2_x3_loro_longxi_river_seed42,pooled_loro,intervention,42,1120,na,longxi_river,longxihe_UAV0975,0.5,0,0,4929,11455,181.01933598375618,0.0,0.0
E1,q2_x3_loro_longxi_river_seed42,pooled_loro,intervention,42,1120,na,longxi_river,longxihe_UAV0976,0.5,895,0,3830,11659,67.11929677819934,0.03863134657817438,0.12108437262115626
E1,q2_x3_loro_longxi_river_seed42,pooled_loro,intervention,42,1120,na,longxi_river,longxihe_UAV0977,0.5,0,0,2290,14094,181.01933598375618,0.0,0.0
E1,q2_x3_loro_longxi_river_seed42,pooled_loro,intervention,42,1120,na,longxi_river,longxihe_UAV0978,0.5,0,227,53,16104,71.03696057567916,0.0,0.0
E1,q2_x3_loro_longxi_river_seed42,pooled_loro,intervention,42,1120,na,longxi_river,longxihe_UAV0979,0.5,0,0,502,15882,181.01933598375618,0.0,0.0
E1,q2_x3_loro_longxi_river_seed42,pooled_loro,intervention,42,1120,na,longxi_river,longxihe_UAV0980,0.5,0,0,1390,14994,181.01933598375618,0.0,0.0
E1,q2_x3_loro_longxi_river_seed42,pooled_loro,intervention,42,1120,na,longxi_river,longxihe_UAV0981,0.5,110,0,3104,13170,113.84638773364749,0.05669161949961264,0.08774095527478089
E1,q2_x3_loro_longxi_river_seed42,pooled_loro,intervention,42,1120,na,longxi_river,longxihe_UAV0982,0.5,333,1,2409,13641,81.041347069764,0.12929460580883737,0.22598870056467554
E1,q2_x3_loro_longxi_river_seed42,pooled_loro,intervention,42,1120,na,longxi_river,longxihe_UAV0983,0.5,289,2,180,15913,8.698484500494125,0.34042553191439384,0.6342494714582741
E1,q2_x3_loro_longxi_river_seed42,pooled_loro,intervention,42,1120,na,longxi_river,longxihe_UAV0984,0.5,90,37,101,16156,8.484445246501087,0.6528050215765916,0.7821100917426214
E1,q2_x3_loro_longxi_river_seed42,pooled_loro,intervention,42,1120,na,longxi_river,longxihe_UAV0985,0.5,123,417,126,15718,43.64000554555372,0.4148598739947592,0.5081586606058335
E1,q2_x3_loro_longxi_river_seed42,pooled_loro,intervention,42,1120,na,longxi_river,longxihe_UAV0986,0.5,555,315,2059,13455,60.43384717577794,0.3173447076951961,0.5110450382131663
E1,q2_x3_loro_longxi_river_seed42,pooled_loro,intervention,42,1120,na,longxi_river,longxihe_UAV0987,0.5,1512,4,5327,9541,31.271362988179515,0.44542337895323947,0.6143099491064182
E1,q2_x3_loro_longxi_river_seed42,pooled_loro,intervention,42,1120,na,longxi_river,longxihe_UAV0988,0.5,1266,11,6683,8424,53.87231234104651,0.24254552223619125,0.3159898885520431
E1,q2_x3_loro_longxi_river_seed42,pooled_loro,intervention,42,1120,na,longxi_river,longxihe_UAV0989,0.5,320,0,5970,10094,62.58269122132628,0.06789075759896666,0.1403719256146677
E1,q2_x3_loro_longxi_river_seed42,pooled_loro,intervention,42,1120,na,longxi_river,longxihe_UAV0990,0.5,125,0,5018,11241,96.02161213259767,0.05489214175647625,0.08875624110893306
E1,q2_x3_loro_longxi_river_seed42,pooled_loro,intervention,42,1120,na,longxi_river,longxihe_UAV0991,0.5,60,0,3435,12889,77.65725920773221,0.11246473928617642,0.18774445893072947
E1,q2_x3_loro_longxi_river_seed42,pooled_loro,intervention,42,1120,na,longxi_river,longxihe_UAV0992,0.5,0,0,1353,15031,181.01933598375618,0.0,0.0
E1,q2_x3_loro_longxi_river_seed42,pooled_loro,intervention,42,1120,na,longxi_river,longxihe_UAV0993,0.5,40,7,1276,15061,77.38087560768557,0.11611119643666008,0.18972332015789375
E1,q2_x3_loro_longxi_river_seed42,pooled_loro,intervention,42,1120,na,longxi_river,longxihe_UAV0994,0.5,21,0,2022,14341,119.87076374162301,0.06683168316825223,0.1020656136086516
E1,q2_x3_loro_longxi_river_seed42,pooled_loro,intervention,42,1120,na,longxi_river,longxihe_UAV0995,0.5,0,0,4585,11799,181.01933598375618,0.0,0.0
E1,q2_x3_loro_longxi_river_seed42,pooled_loro,intervention,42,1120,na,longxi_river,longxihe_UAV0996,0.5,11,0,4816,11557,121.59725388162865,0.02549019607840621,0.050338818973813454
E1,q2_x3_loro_longxi_river_seed42,pooled_loro,intervention,42,1120,na,longxi_river,longxihe_UAV0997,0.5,0,0,1755,14629,181.01933598375618,0.0,0.0
E1,q2_x3_loro_longxi_river_seed42,pooled_loro,intervention,42,1120,na,longxi_river,longxihe_UAV0998,0.5,0,0,1289,15095,181.01933598375618,0.0,0.0
E1,q2_x3_loro_longxi_river_seed42,pooled_loro,intervention,42,1120,na,longxi_river,longxihe_UAV0999,0.5,0,0,1000,15384,181.01933598375618,0.0,0.0
E1,q2_x3_loro_longxi_river_seed42,pooled_loro,intervention,42,1120,na,longxi_river,longxihe_UAV1000,0.5,0,0,120,16264,181.01933598375618,0.0,0.0
E1,q2_x3_loro_longxi_river_seed42,pooled_loro,intervention,42,1120,na,longxi_river,longxihe_UAV1001,0.5,0,0,2864,13520,181.01933598375618,0.0,0.0
E1,q2_x3_loro_longxi_river_seed42,pooled_loro,intervention,42,1120,na,longxi_river,longxihe_UAV1002,0.5,0,0,5799,10585,181.01933598375618,0.0,0.0
E1,q2_x3_loro_longxi_river_seed42,pooled_loro,intervention,42,1120,na,longxi_river,longxihe_UAV1003,0.5,75,0,3758,12551,84.78129010100271,0.056597706077688166,0.15305615371857484
E1,q2_x3_loro_longxi_river_seed42,pooled_loro,intervention,42,1120,na,longxi_river,longxihe_UAV1004,0.5,34,0,864,15486,60.518138796547255,0.08415683774289988,0.22965919557853426
E1,q2_x3_loro_longxi_river_seed42,pooled_loro,intervention,42,1120,na,longxi_river,longxihe_UAV1005,0.5,0,6,2071,14307,69.9778509822865,0.0,0.0
E1,q2_x3_loro_longxi_river_seed42,pooled_loro,intervention,42,1120,na,longxi_river,longxihe_UAV1006,0.5,0,0,3138,13246,181.01933598375618,0.0,0.0
E1,q2_x3_loro_longxi_river_seed42,pooled_loro,intervention,42,1120,na,longxi_river,longxihe_UAV1007,0.5,0,6,4418,11960,78.53875644131266,0.0,0.0
E1,q2_x3_loro_longxi_river_seed42,pooled_loro,intervention,42,1120,na,longxi_river,longxihe_UAV1008,0.5,86,0,6711,9587,77.79460135510689,0.0,0.008982276044543469
E1,q2_x3_loro_longxi_river_seed42,pooled_loro,intervention,42,1120,na,longxi_river,longxihe_UAV1009,0.5,148,3,5683,10550,95.42536350467836,0.0678784626734759,0.08380627517855631
E1,q2_x3_loro_longxi_river_seed42,pooled_loro,intervention,42,1120,na,longxi_river,longxihe_UAV1010,0.5,93,300,2292,13699,61.65866663925094,0.10013744354960713,0.1333129957287273
E1,q2_x3_loro_longxi_river_seed42,pooled_loro,intervention,42,1120,na,longxi_river,longxihe_UAV1011,0.5,0,0,32,16352,181.01933598375618,0.0,0.0
E1,q2_x3_loro_longxi_river_seed42,pooled_loro,intervention,42,1120,na,longxi_river,longxihe_UAV1012,0.5,0,0,477,15907,181.01933598375618,0.0,0.0
E1,q2_x3_loro_longxi_river_seed42,pooled_loro,intervention,42,1120,na,longxi_river,longxihe_UAV1013,0.5,0,0,1003,15381,181.01933598375618,0.0,0.0
E1,q2_x3_loro_longxi_river_seed42,pooled_loro,intervention,42,1120,na,longxi_river,longxihe_UAV1014,0.5,0,0,1935,14449,181.01933598375618,0.0,0.0
E1,q2_x3_loro_longxi_river_seed42,pooled_loro,intervention,42,1120,na,longxi_river,longxihe_UAV1015,0.5,0,10,1377,14997,119.7799878784048,0.0,0.0
E1,q2_x3_loro_longxi_river_seed42,pooled_loro,intervention,42,1120,na,longxi_river,longxihe_UAV1016,0.5,0,84,568,15732,78.85096149895384,0.0,0.0
E1,q2_x3_loro_longxi_river_seed42,pooled_loro,intervention,42,1120,na,longxi_river,longxihe_UAV1017,0.5,133,164,936,15151,40.51910697180532,0.3044807323751692,0.3417364464721326
E1,q2_x3_loro_longxi_river_seed42,pooled_loro,intervention,42,1120,na,longxi_river,longxihe_UAV1018,0.5,439,194,549,15202,25.396078054371117,0.5519361542524225,0.6264758994299878
E1,q2_x3_loro_longxi_river_seed42,pooled_loro,intervention,42,1120,na,longxi_river,longxihe_UAV1019,0.5,600,140,2507,13137,27.600709432989692,0.34384395413416396,0.4826949847507055
E1,q2_x3_loro_longxi_river_seed42,pooled_loro,intervention,42,1120,na,longxi_river,longxihe_UAV1020,0.5,1360,21,4651,10352,54.83609226519667,0.31101784359602336,0.4722130182919123
E1,q2_x3_loro_longxi_river_seed42,pooled_loro,intervention,42,1120,na,longxi_river,longxihe_UAV1021,0.5,1312,21,4424,10627,71.22945222704979,0.12441514249226508,0.17900121023876434
E1,q2_x3_loro_longxi_river_seed42,pooled_loro,intervention,42,1120,na,longxi_river,longxihe_UAV1022,0.5,278,1,4424,11681,102.57774727452383,0.05838192674311429,0.10297672654863327
E1,q2_x3_loro_longxi_river_seed42,pooled_loro,intervention,42,1120,na,longxi_river,longxihe_UAV1023,0.5,14,0,5624,10746,149.50802615404055,0.0,0.012145748987830255
E1,q2_x3_loro_longxi_river_seed42,pooled_loro,intervention,42,1120,na,longxi_river,longxihe_UAV1024,0.5,0,0,3876,12508,181.01933598375618,0.0,0.0
E1,q2_x3_loro_longxi_river_seed42,pooled_loro,intervention,42,1120,na,longxi_river,longxihe_UAV1025,0.5,0,0,1086,15298,181.01933598375618,0.0,0.0
E1,q2_x3_loro_longxi_river_seed42,pooled_loro,intervention,42,1120,na,longxi_river,longxihe_UAV1026,0.5,52,60,718,15554,72.99931474716742,0.23389427162983314,0.3031383737514704
E1,q2_x3_loro_longxi_river_seed42,pooled_loro,intervention,42,1120,na,longxi_river,longxihe_UAV1027,0.5,40,7,1946,14391,65.60487786742691,0.1512915129149893,0.19784172661852675
E1,q2_x3_loro_longxi_river_seed42,pooled_loro,intervention,42,1120,na,longxi_river,longxihe_UAV1028,0.5,215,0,3705,12464,77.04055973794571,0.0,0.0
E1,q2_x3_loro_longxi_river_seed42,pooled_loro,intervention,42,1120,na,longxi_river,longxihe_UAV1029,0.5,0,8,2638,13738,109.41879755025319,0.0,0.0
E1,q2_x3_loro_longxi_river_seed42,pooled_loro,intervention,42,1120,na,longxi_river,longxihe_UAV1030,0.5,0,0,3009,13375,181.01933598375618,0.0,0.0
E1,q2_x3_loro_longxi_river_seed42,pooled_loro,intervention,42,1120,na,longxi_river,longxihe_UAV1031,0.5,0,0,5128,11256,181.01933598375618,0.0,0.0
E1,q2_x3_loro_longxi_river_seed42,pooled_loro,intervention,42,1120,na,longxi_river,longxihe_UAV1032,0.5,0,0,2586,13798,181.01933598375618,0.0,0.0
E1,q2_x3_loro_longxi_river_seed42,pooled_loro,intervention,42,1120,na,longxi_river,longxihe_UAV1033,0.5,0,0,42,16342,181.01933598375618,0.0,0.0
E1,q2_x3_loro_longxi_river_seed42,pooled_loro,intervention,42,1120,na,longxi_river,longxihe_UAV1034,0.5,0,0,99,16285,181.01933598375618,0.0,0.0
E1,q2_x3_loro_longxi_river_seed42,pooled_loro,intervention,42,1120,na,longxi_river,longxihe_UAV1035,0.5,0,0,2130,14254,181.01933598375618,0.0,0.0
E1,q2_x3_loro_longxi_river_seed42,pooled_loro,intervention,42,1120,na,longxi_river,longxihe_UAV1036,0.5,68,0,3757,12559,138.62900054423778,0.025624599615575012,0.049227195568591474
E1,q2_x3_loro_longxi_river_seed42,pooled_loro,intervention,42,1120,na,longxi_river,longxihe_UAV1037,0.5,345,3,3031,13005,82.56005571899303,0.20956146657055424,0.3381874734904415
E1,q2_x3_loro_longxi_river_seed42,pooled_loro,intervention,42,1120,na,longxi_river,longxihe_UAV1038,0.5,380,0,1935,14069,46.69047011971501,0.23718880644766496,0.45052063824969835
E1,q2_x3_loro_longxi_river_seed42,pooled_loro,intervention,42,1120,na,longxi_river,longxihe_UAV1039,0.5,194,0,2789,13401,56.614924132523264,0.1372934624784255,0.30432707274021836
E1,q2_x3_loro_longxi_river_seed42,pooled_loro,intervention,42,1120,na,longxi_river,longxihe_UAV1040,0.5,107,0,3882,12395,73.824115301167,0.06301898648941688,0.1334286062844029
E1,q2_x3_loro_longxi_river_seed42,pooled_loro,intervention,42,1120,na,longxi_river,longxihe_UAV1041,0.5,3,0,4336,12045,134.70779752787885,0.011883541295294188,0.025958702064871133
E1,q2_x3_loro_longxi_river_seed42,pooled_loro,intervention,42,1120,na,longxi_river,longxihe_UAV1042,0.5,0,0,5060,11324,181.01933598375618,0.0,0.0
E1,q2_x3_loro_longxi_river_seed42,pooled_loro,intervention,42,1120,na,longxi_river,longxihe_UAV1043,0.5,468,0,4002,11914,58.23443891351099,0.1710715178345753,0.24078478002350812
E1,q2_x3_loro_longxi_river_seed42,pooled_loro,intervention,42,1120,na,longxi_river,longxihe_UAV1044,0.5,246,0,1915,14223,26.774415106679054,0.16418046621926732,0.3824534668549616
E1,q2_x3_loro_longxi_river_seed42,pooled_loro,intervention,42,1120,na,longxi_river,longxihe_UAV1045,0.5,26,0,125,16233,9.0,0.09090909090873966,0.48148148148108016
E1,q2_x3_loro_longxi_river_seed42,pooled_loro,intervention,42,1120,na,longxi_river,longxihe_UAV1046,0.5,28,284,55,16017,56.88187020606383,0.28607277289798194,0.301006208520312
E1,q2_x3_loro_longxi_river_seed42,pooled_loro,intervention,42,1120,na,longxi_river,longxihe_UAV1047,0.5,14,0,214,16156,151.19439229333642,0.23913043478239815,0.3212435233157925
E1,q2_x3_loro_longxi_river_seed42,pooled_loro,intervention,42,1120,na,longxi_river,longxihe_UAV1048,0.5,0,46,365,15973,61.618872901243904,0.0,0.0
E1,q2_x3_loro_longxi_river_seed42,pooled_loro,intervention,42,1120,na,longxi_river,longxihe_UAV1049,0.5,184,3,1194,15003,105.7910660721177,0.26997912317291883,0.48109477952318
E1,q2_x3_loro_longxi_river_seed42,pooled_loro,intervention,42,1120,na,longxi_river,longxihe_UAV1050,0.5,312,0,1155,14917,22.431914792783765,0.3378308785658658,0.5310039864656928
E1,q2_x3_loro_longxi_river_seed42,pooled_loro,intervention,42,1120,na,longxi_river,longxihe_UAV1051,0.5,162,44,147,16031,110.44002006510135,0.5414746543773805,0.6075383899483152
E1,q2_x3_loro_longxi_river_seed42,pooled_loro,intervention,42,1120,na,longxi_river,longxihe_UAV1052,0.5,7,408,45,15924,129.23155514341013,0.011428571428396015,0.08375517717430972
E1,q2_x3_loro_longxi_river_seed42,pooled_loro,intervention,42,1120,na,longxi_river,longxihe_UAV1053,0.5,626,256,2030,13472,81.71044764013055,0.19280751784674569,0.26583478774671204
E1,q2_x3_loro_longxi_river_seed42,pooled_loro,intervention,42,1120,na,longxi_river,longxihe_UAV1054,0.5,2224,206,2186,11768,50.99411708155671,0.376550842037479,0.4416662701617921
E1,q2_x3_loro_longxi_river_seed42,pooled_loro,intervention,42,1120,na,longxi_river,longxihe_UAV1055,0.5,174,148,2428,13634,71.7007670809734,0.06385890223468269,0.12219667333549424
E1,q2_x3_loro_longxi_river_seed42,pooled_loro,intervention,42,1120,na,longxi_river,longxihe_UAV1056,0.5,263,155,1102,14864,93.01556629747418,0.2872104792215948,0.35731552895088936
E1,q2_x3_loro_longxi_river_seed42,pooled_loro,intervention,42,1120,na,longxi_river,longxihe_UAV1057,0.5,340,262,1819,13963,58.49956530374842,0.21550159524635734,0.3059858084507443
E1,q2_x3_loro_longxi_river_seed42,pooled_loro,intervention,42,1120,na,longxi_river,longxihe_UAV1058,0.5,149,7,3087,13141,78.15366851255892,0.12365984712782069,0.1542001777127986
E1,q2_x3_loro_longxi_river_seed42,pooled_loro,intervention,42,1120,na,longxi_river,longxihe_UAV1059,0.5,0,41,2485,13858,106.2532351210954,0.009077155824253641,0.05204944697446889
E1,q2_x3_loro_longxi_river_seed42,pooled_loro,intervention,42,1120,na,longxi_river,longxihe_UAV1060,0.5,0,438,1541,14405,72.60714793211247,0.0,0.0
E1,q2_x3_loro_longxi_river_seed42,pooled_loro,intervention,42,1120,na,longxi_river,longxihe_UAV1061,0.5,1,0,2987,13396,142.80822959032523,0.0,0.0019801980198000018
E1,q2_x3_loro_longxi_river_seed42,pooled_loro,intervention,42,1120,na,longxi_river,longxihe_UAV1062,0.5,0,0,2913,13471,181.01933598375618,0.0,0.0
E1,q2_x3_loro_longxi_river_seed42,pooled_loro,intervention,42,1120,na,longxi_river,longxihe_UAV1063,0.5,0,0,888,15496,181.01933598375618,0.0,0.0
E1,q2_x3_loro_longxi_river_seed42,pooled_loro,intervention,42,1120,na,longxi_river,longxihe_UAV1064,0.5,0,3,510,15871,126.49024932012549,0.0,0.0
E1,q2_x3_loro_longxi_river_seed42,pooled_loro,intervention,42,1120,na,longxi_river,longxihe_UAV1065,0.5,0,0,914,15470,181.01933598375618,0.0,0.0
E1,q2_x3_loro_longxi_river_seed42,pooled_loro,intervention,42,1120,na,longxi_river,longxihe_UAV1066,0.5,0,41,1003,15340,86.86395369773297,0.0,0.0
E1,q2_x3_loro_longxi_river_seed42,pooled_loro,intervention,42,1120,na,longxi_river,longxihe_UAV1067,0.5,77,0,2271,14036,119.94333474781152,0.07142857142840023,0.1915526472336052
E1,q2_x3_loro_longxi_river_seed42,pooled_loro,intervention,42,1120,na,longxi_river,longxihe_UAV1068,0.5,34,0,5708,10642,130.52766351514816,0.009633911367964744,0.05763688760801319
E1,q2_x3_loro_longxi_river_seed42,pooled_loro,intervention,42,1120,na,longxi_river,longxihe_UAV1069,0.5,0,0,8143,8241,181.01933598375618,0.0,0.0
E1,q2_x3_loro_longxi_river_seed42,pooled_loro,intervention,42,1120,na,longxi_river,longxihe_UAV1070,0.5,0,0,4751,11633,181.01933598375618,0.0,0.0
E1,q2_x3_loro_longxi_river_seed42,pooled_loro,intervention,42,1120,na,longxi_river,longxihe_UAV1071,0.5,0,0,340,16044,181.01933598375618,0.0,0.0
E1,q2_x3_loro_longxi_river_seed42,pooled_loro,intervention,42,1120,na,longxi_river,longxihe_UAV1072,0.5,0,0,158,16226,181.01933598375618,0.0,0.0
E1,q2_x3_loro_longxi_river_seed42,pooled_loro,intervention,42,1120,na,longxi_river,longxihe_UAV1073,0.5,0,0,1486,14898,181.01933598375618,0.0,0.0
E1,q2_x3_loro_longxi_river_seed42,pooled_loro,intervention,42,1120,na,longxi_river,longxihe_UAV1074,0.5,47,0,2863,13474,118.4449228144413,0.023689223887962192,0.0490129339686268
E1,q2_x3_loro_longxi_river_seed42,pooled_loro,intervention,42,1120,na,longxi_river,longxihe_UAV1075,0.5,311,12,3633,12428,61.07372593840988,0.16996643611291612,0.26754497086370815
E1,q2_x3_loro_longxi_river_seed42,pooled_loro,intervention,42,1120,na,longxi_river,longxihe_UAV1076,0.5,300,0,3947,12137,69.88132510773363,0.13468414779482057,0.25310994463197733
E1,q2_x3_loro_longxi_river_seed42,pooled_loro,intervention,42,1120,na,longxi_river,longxihe_UAV1077,0.5,142,0,4781,11461,97.40071720933139,0.06659726009276713,0.15238095238081162
E1,q2_x3_loro_longxi_river_seed42,pooled_loro,intervention,42,1120,na,longxi_river,longxihe_UAV1078,0.5,53,0,5602,10729,109.65856099730654,0.030982396365650557,0.06454816285991767
E1,q2_x3_loro_longxi_river_seed42,pooled_loro,intervention,42,1120,na,longxi_river,longxihe_UAV1079,0.5,46,0,5024,11314,119.68539400730349,0.0030150753768498646,0.01609705577744928
E1,q2_x3_loro_longxi_river_seed42,pooled_loro,intervention,42,1120,na,longxi_river,longxihe_UAV1080,0.5,92,0,3714,12578,93.25234489007222,0.024741884475785233,0.06610559969898795
E1,q2_x3_loro_longxi_river_seed42,pooled_loro,intervention,42,1120,na,longxi_river,longxihe_UAV1081,0.5,133,0,2796,13455,79.83291427595888,0.07376943837541369,0.13634206325221773
E1,q2_x3_loro_longxi_river_seed42,pooled_loro,intervention,42,1120,na,longxi_river,longxihe_UAV1082,0.5,478,0,2485,13421,59.5800761560334,0.17828545406211868,0.2888632121585613
E1,q2_x3_loro_longxi_river_seed42,pooled_loro,intervention,42,1120,na,longxi_river,longxihe_UAV1083,0.5,204,371,1608,14201,47.51520500257116,0.15028145045118937,0.2353969497855263
E1,q2_x3_loro_longxi_river_seed42,pooled_loro,intervention,42,1120,na,longxi_river,longxihe_UAV1084,0.5,246,2,676,15460,20.760371067035685,0.5140234574192382,0.6798720544644135
E1,q2_x3_loro_longxi_river_seed42,pooled_loro,intervention,42,1120,na,longxi_river,longxihe_UAV1085,0.5,192,6,438,15748,62.154639092590585,0.6049159210384423,0.7992125984247169
E1,q2_x3_loro_longxi_river_seed42,pooled_loro,intervention,42,1120,na,longxi_river,longxihe_UAV1086,0.5,43,0,419,15922,82.29579264502112,0.2723817567564957,0.3915662650599261
E1,q2_x3_loro_longxi_river_seed42,pooled_loro,intervention,42,1120,na,longxi_river,longxihe_UAV1087,0.5,14,77,315,15978,70.11419257183242,0.14833127317631267,0.19017432646543536
E1,q2_x3_loro_longxi_river_seed42,pooled_loro,intervention,42,1120,na,longxi_river,longxihe_UAV1088,0.5,14,88,382,15900,66.56259660230033,0.15815485996656334,0.20947630922649804
E1,q2_x3_loro_longxi_river_seed42,pooled_loro,intervention,42,1120,na,longxi_river,longxihe_UAV1089,0.5,359,54,2008,13963,63.03292185022101,0.2823366680602968,0.40792002140512745
E1,q2_x3_loro_longxi_river_seed42,pooled_loro,intervention,42,1120,na,longxi_river,longxihe_UAV1090,0.5,936,35,1575,13838,36.11439308911633,0.47447181474262634,0.6052231587669875
E1,q2_x3_loro_longxi_river_seed42,pooled_loro,intervention,42,1120,na,longxi_river,longxihe_UAV1091,0.5,384,63,156,15781,105.76623783355613,0.675090252707095,0.7878105531782179
E1,q2_x3_loro_longxi_river_seed42,pooled_loro,intervention,42,1120,na,longxi_river,longxihe_UAV1092,0.5,221,256,74,15833,109.0041283535,0.46356453028926853,0.6513137871558882
E1,q2_x3_loro_longxi_river_seed42,pooled_loro,intervention,42,1120,na,longxi_river,longxihe_UAV1093,0.5,1079,85,3295,11925,42.26816908318475,0.38904220573665144,0.5558081697562481
E1,q2_x3_loro_longxi_river_seed42,pooled_loro,intervention,42,1120,na,longxi_river,longxihe_UAV1094,0.5,2284,150,4733,9217,54.230987451824994,0.3880777340851168,0.5109432029194197
E1,q2_x3_loro_longxi_river_seed42,pooled_loro,intervention,42,1120,na,longxi_river,longxihe_UAV1095,0.5,640,0,2814,12930,78.27163198335903,0.07173089774971214,0.13480195491980834
E1,q2_x3_loro_longxi_river_seed42,pooled_loro,intervention,42,1120,na,longxi_river,longxihe_UAV1096,0.5,0,16,656,15712,73.28707238392292,0.0,0.0
E1,q2_x3_loro_longxi_river_seed42,pooled_loro,intervention,42,1120,na,longxi_river,longxihe_UAV1097,0.5,0,101,650,15633,117.29874803064983,0.0,0.0
E1,q2_x3_loro_longxi_river_seed42,pooled_loro,intervention,42,1120,na,longxi_river,longxihe_UAV1098,0.5,0,0,1554,14830,181.01933598375618,0.0,0.0
E1,q2_x3_loro_longxi_river_seed42,pooled_loro,intervention,42,1120,na,longxi_river,longxihe_UAV1099,0.5,0,46,1044,15294,90.95603333479313,0.0,0.1602914389795446
E1,q2_x3_loro_longxi_river_seed42,pooled_loro,intervention,42,1120,na,longxi_river,longxihe_UAV1100,0.5,0,1163,169,15052,65.15361924162119,0.0,0.0
E1,q2_x3_loro_longxi_river_seed42,pooled_loro,intervention,42,1120,na,longxi_river,longxihe_UAV1101,0.5,18,0,630,15736,101.51895469261711,0.1472070098574681,0.2582781456951393
E1,q2_x3_loro_longxi_river_seed42,pooled_loro,intervention,42,1120,na,longxi_river,longxihe_UAV1102,0.5,216,671,668,14829,49.16805933738011,0.1620012870007878,0.26444816382740327
E1,q2_x3_loro_longxi_river_seed42,pooled_loro,intervention,42,1120,na,longxi_river,longxihe_UAV1103,0.5,29,482,649,15224,63.90763457408089,0.09683666881812958,0.12139940403879305
E1,q2_x3_loro_longxi_river_seed42,pooled_loro,intervention,42,1120,na,longxi_river,longxihe_UAV1104,0.5,17,8,505,15854,103.84939647288533,0.09339669015225646,0.15442208703770277
E1,q2_x3_loro_longxi_river_seed42,pooled_loro,intervention,42,1120,na,longxi_river,longxihe_UAV1105,0.5,0,0,1158,15226,181.01933598375618,0.0,0.0
E1,q2_x3_loro_longxi_river_seed42,pooled_loro,intervention,42,1120,na,longxi_river,longxihe_UAV1106,0.5,6,1,2131,14246,72.81740546785778,0.0,0.07114624505920898
E1,q2_x3_loro_longxi_river_seed42,pooled_loro,intervention,42,1120,na,longxi_river,longxihe_UAV1107,0.5,232,4,3251,12897,47.53945729601885,0.15869311551895543,0.35490685615486517
E1,q2_x3_loro_longxi_river_seed42,pooled_loro,intervention,42,1120,na,longxi_river,longxihe_UAV1108,0.5,267,0,4765,11352,68.93837341282341,0.11430233078316221,0.18630412890212714
E1,q2_x3_loro_longxi_river_seed42,pooled_loro,intervention,42,1120,na,longxi_river,longxihe_UAV1109,0.5,6,0,5096,11282,122.96075935606395,0.004716981132047569,0.0313971742542862
E1,q2_x3_loro_longxi_river_seed42,pooled_loro,intervention,42,1120,na,longxi_river,longxihe_UAV1110,0.5,0,0,3514,12870,181.01933598375618,0.0,0.0
E1,q2_x3_loro_longxi_river_seed42,pooled_loro,intervention,42,1120,na,longxi_river,longxihe_UAV1111,0.5,0,0,1196,15188,181.01933598375618,0.0,0.0
E1,q2_x3_loro_longxi_river_seed42,pooled_loro,intervention,42,1120,na,longxi_river,longxihe_UAV1112,0.5,0,0,66,16318,181.01933598375618,0.0,0.0
E1,q2_x3_loro_longxi_river_seed42,pooled_loro,intervention,42,1120,na,longxi_river,longxihe_UAV1113,0.5,0,0,1096,15288,181.01933598375618,0.0,0.0
E1,q2_x3_loro_longxi_river_seed42,pooled_loro,intervention,42,1120,na,longxi_river,longxihe_UAV1114,0.5,22,103,2180,14079,72.1151853608042,0.042990207785866374,0.06632451638358396
E1,q2_x3_loro_longxi_river_seed42,pooled_loro,intervention,42,1120,na,longxi_river,longxihe_UAV1115,0.5,146,107,4438,11693,55.79811891861252,0.06650268203765038,0.13427366251203035
E1,q2_x3_loro_longxi_river_seed42,pooled_loro,intervention,42,1120,na,longxi_river,longxihe_UAV1116,0.5,3,0,6804,9577,136.5162981445807,0.002010050251253271,0.012999999999987083
E1,q2_x3_loro_longxi_river_seed42,pooled_loro,intervention,42,1120,na,longxi_river,longxihe_UAV1117,0.5,946,67,5723,9648,61.39584663139157,0.1347857868742431,0.18534761176250003
E1,q2_x3_loro_longxi_river_seed42,pooled_loro,intervention,42,1120,na,longxi_river,longxihe_UAV1118,0.5,119,0,5253,11012,89.11789095509283,0.03036053130920754,0.06729892394662897
E1,q2_x3_loro_longxi_river_seed42,pooled_loro,intervention,42,1120,na,longxi_river,longxihe_UAV1119,0.5,274,0,4292,11818,78.36374178449913,0.04707539103743131,0.10826330427206764
E1,q2_x3_loro_longxi_river_seed42,pooled_loro,intervention,42,1120,na,longxi_river,longxihe_UAV1120,0.5,170,0,3683,12531,69.38190717130124,0.0677689067704314,0.12197263819544756
E1,q2_x3_loro_longxi_river_seed42,pooled_loro,intervention,42,1120,na,longxi_river,longxihe_UAV1121,0.5,81,0,2272,14031,72.36988223694635,0.07081545064367147,0.12898508335757944
E1,q2_x3_loro_longxi_river_seed42,pooled_loro,intervention,42,1120,na,longxi_river,longxihe_UAV1122,0.5,535,0,3256,12593,42.39556162058124,0.1756917331520446,0.22812667740181228
E1,q2_x3_loro_longxi_river_seed42,pooled_loro,intervention,42,1120,na,longxi_river,longxihe_UAV1123,0.5,174,0,4048,12162,42.61248055651044,0.11785920218048392,0.2128242722521955
E1,q2_x3_loro_longxi_river_seed42,pooled_loro,intervention,42,1120,na,longxi_river,longxihe_UAV1124,0.5,448,4,2055,13877,55.716226547770084,0.31134301998844593,0.4554285456102556
E1,q2_x3_loro_longxi_river_seed42,pooled_loro,intervention,42,1120,na,longxi_river,longxihe_UAV1125,0.5,167,3,1245,14969,60.19343492016281,0.2746747530076675,0.3884197828706158
E1,q2_x3_loro_longxi_river_seed42,pooled_loro,intervention,42,1120,na,longxi_river,longxihe_UAV1126,0.5,210,2,1069,15103,81.89328579550684,0.24332750361154254,0.40437489054776943
E1,q2_x3_loro_longxi_river_seed42,pooled_loro,intervention,42,1120,na,longxi_river,longxihe_UAV1127,0.5,232,104,732,15316,53.09801602069304,0.2803328343135032,0.4413567633832617
E1,q2_x3_loro_longxi_river_seed42,pooled_loro,intervention,42,1120,na,longxi_river,longxihe_UAV1128,0.5,0,82,348,15954,77.31475925199408,0.0,0.0
E1,q2_x3_loro_longxi_river_seed42,pooled_loro,intervention,42,1120,na,longxi_river,longxihe_UAV1129,0.5,6,0,1155,15223,93.78379272139418,0.028925619834682236,0.08817635270532653
E1,q2_x3_loro_longxi_river_seed42,pooled_loro,intervention,42,1120,na,longxi_river,longxihe_UAV1130,0.5,126,0,918,15340,48.11911051697794,0.2078427793493609,0.3202614379082277
E1,q2_x3_loro_longxi_river_seed42,pooled_loro,intervention,42,1120,na,longxi_river,longxihe_UAV1131,0.5,97,7,134,16146,111.35129695514055,0.494659921303681,0.5915492957741959
E1,q2_x3_loro_longxi_river_seed42,pooled_loro,intervention,42,1120,na,longxi_river,longxihe_UAV1132,0.5,220,104,23,16037,109.40238207086495,0.6431181485987835,0.7817258883243969
E1,q2_x3_loro_longxi_river_seed42,pooled_loro,intervention,42,1120,na,longxi_river,longxihe_UAV1133,0.5,532,144,1186,14522,27.907259675887175,0.5700996677735922,0.6596466178827777
E1,q2_x3_loro_longxi_river_seed42,pooled_loro,intervention,42,1120,na,longxi_river,longxihe_UAV1134,0.5,208,117,2967,13092,57.95168020166748,0.10328638497605448,0.2547258979201174
E1,q2_x3_loro_longxi_river_seed42,pooled_loro,intervention,42,1120,na,longxi_river,longxihe_UAV1135,0.5,141,70,1609,14564,94.4870320886709,0.021333333332837205,0.11529933481103447
E1,q2_x3_loro_longxi_river_seed42,pooled_loro,intervention,42,1120,na,longxi_river,longxihe_UAV1136,0.5,0,262,50,16072,105.64150612604763,0.0,0.0
E1,q2_x3_loro_longxi_river_seed42,pooled_loro,intervention,42,1120,na,longxi_river,longxihe_UAV1137,0.5,0,48,23,16313,128.87562047404265,0.0,0.0
E1,q2_x3_loro_longxi_river_seed42,pooled_loro,intervention,42,1120,na,longxi_river,longxihe_UAV1138,0.5,0,617,26,15741,65.49045732013177,0.0,0.0
E1,q2_x3_loro_longxi_river_seed42,pooled_loro,intervention,42,1120,na,longxi_river,longxihe_UAV1141,0.5,41,358,1325,14660,48.35078000144396,0.008988764044448934,0.03829787233992644
E1,q2_x3_loro_longxi_river_seed42,pooled_loro,intervention,42,1120,na,longxi_river,longxihe_UAV1142,0.5,141,416,3202,12625,50.48762224545735,0.13093396303194504,0.1826900855092134
E1,q2_x3_loro_longxi_river_seed42,pooled_loro,intervention,42,1120,na,longxi_river,longxihe_UAV1143,0.5,58,71,3833,12422,67.19484601514202,0.08504866221286446,0.13526123712274915
E1,q2_x3_loro_longxi_river_seed42,pooled_loro,intervention,42,1120,na,longxi_river,longxihe_UAV1144,0.5,0,0,3345,13039,181.01933598375618,0.0,0.0
E1,q2_x3_loro_longxi_river_seed42,pooled_loro,intervention,42,1120,na,longxi_river,longxihe_UAV1145,0.5,484,109,2066,13725,65.20237625283923,0.2704622445631164,0.42034724337461604
E1,q2_x3_loro_longxi_river_seed42,pooled_loro,intervention,42,1120,na,longxi_river,longxihe_UAV1146,0.5,35,0,1513,14836,53.75126864029435,0.020408163265151928,0.16792557843667094
E1,q2_x3_loro_longxi_river_seed42,pooled_loro,intervention,42,1120,na,longxi_river,longxihe_UAV1147,0.5,384,640,1845,13515,50.4937303109014,0.17947879693590257,0.2713959424958759
E1,q2_x3_loro_longxi_river_seed42,pooled_loro,intervention,42,1120,na,longxi_river,longxihe_UAV1148,0.5,61,0,2115,14208,113.0,0.060398950965483006,0.11968329957634383
E1,q2_x3_loro_longxi_river_seed42,pooled_loro,intervention,42,1120,na,longxi_river,longxihe_UAV1149,0.5,14,0,3111,13259,87.7208637296465,0.029106029106000422,0.06727828746170868
E1,q2_x3_loro_longxi_river_seed42,pooled_loro,intervention,42,1120,na,longxi_river,longxihe_UAV1150,0.5,0,0,3128,13256,181.01933598375618,0.0,0.0
E1,q2_x3_loro_longxi_river_seed42,pooled_loro,intervention,42,1120,na,longxi_river,longxihe_UAV1151,0.5,0,0,382,16002,181.01933598375618,0.0,0.0
E1,q2_x3_loro_longxi_river_seed42,pooled_loro,intervention,42,1120,na,longxi_river,longxihe_UAV1152,0.5,0,0,182,16202,181.01933598375618,0.0,0.0
E1,q2_x3_loro_longxi_river_seed42,pooled_loro,intervention,42,1120,na,longxi_river,longxihe_UAV1153,0.5,0,0,806,15578,181.01933598375618,0.0,0.0
E1,q2_x3_loro_longxi_river_seed42,pooled_loro,intervention,42,1120,na,longxi_river,longxihe_UAV1154,0.5,0,0,2889,13495,181.01933598375618,0.0,0.0
E1,q2_x3_loro_longxi_river_seed42,pooled_loro,intervention,42,1120,na,longxi_river,longxihe_UAV1155,0.5,65,0,4809,11510,78.7181681063179,0.05544377375356227,0.08011049723749215
E1,q2_x3_loro_longxi_river_seed42,pooled_loro,intervention,42,1120,na,longxi_river,longxihe_UAV1156,0.5,223,0,4591,11570,102.67326197926177,0.10390022091661831,0.18103895206149348
E1,q2_x3_loro_longxi_river_seed42,pooled_loro,intervention,42,1120,na,longxi_river,longxihe_UAV1157,0.5,188,1,2973,13222,79.09296670695274,0.10497724269546523,0.20927313221275912
E1,q2_x3_loro_longxi_river_seed42,pooled_loro,intervention,42,1120,na,longxi_river,longxihe_UAV1158,0.5,458,0,2945,12981,92.99569681032847,0.1410698727999127,0.19717171717148016
E1,q2_x3_loro_longxi_river_seed42,pooled_loro,intervention,42,1120,na,longxi_river,longxihe_UAV1159,0.5,330,1,5108,10945,78.42183203543773,0.0689356473039723,0.11701244813262719
E1,q2_x3_loro_longxi_river_seed42,pooled_loro,intervention,42,1120,na,longxi_river,longxihe_UAV1160,0.5,136,0,5122,11126,60.004583015090496,0.06022806855260585,0.11348029145658055
E1,q2_x3_loro_longxi_river_seed42,pooled_loro,intervention,42,1120,na,longxi_river,longxihe_UAV1161,0.5,421,1,4151,11811,49.290956273633654,0.11810483713598713,0.17154875308575318
E1,q2_x3_loro_longxi_river_seed42,pooled_loro,intervention,42,1120,na,longxi_river,longxihe_UAV1162,0.5,420,10,3173,12781,46.35513598555341,0.15120949745581294,0.240447639352063
E1,q2_x3_loro_longxi_river_seed42,pooled_loro,intervention,42,1120,na,longxi_river,longxihe_UAV1163,0.5,168,3,2239,13974,111.89945186609307,0.10663704526507205,0.17362817362801508
E1,q2_x3_loro_longxi_river_seed42,pooled_loro,intervention,42,1120,na,longxi_river,longxihe_UAV1164,0.5,0,0,1662,14722,181.01933598375618,0.0,0.0
E1,q2_x3_loro_longxi_river_seed42,pooled_loro,intervention,42,1120,na,longxi_river,longxihe_UAV1165,0.5,275,1,1021,15087,86.16985048642543,0.26240070432368834,0.3632784538293246
E1,q2_x3_loro_longxi_river_seed42,pooled_loro,intervention,42,1120,na,longxi_river,longxihe_UAV1166,0.5,314,14,439,15617,62.001209598756496,0.6221109399070716,0.7164582629261809
E1,q2_x3_loro_longxi_river_seed42,pooled_loro,intervention,42,1120,na,longxi_river,longxihe_UAV1169,0.5,7,272,45,16060,24.062409858963605,0.14447884416885495,0.20723684210496468
E1,q2_x3_loro_longxi_river_seed42,pooled_loro,intervention,42,1120,na,longxi_river,longxihe_UAV1170,0.5,324,509,3630,11921,67.28594748353397,0.11524104265669216,0.1718302525380028
E1,q2_x3_loro_longxi_river_seed42,pooled_loro,intervention,42,1120,na,longxi_river,longxihe_UAV1171,0.5,305,290,7882,7907,41.28555473668269,0.12509971319108554,0.20705281544380907
E1,q2_x3_loro_longxi_river_seed42,pooled_loro,intervention,42,1120,na,longxi_river,longxihe_UAV1172,0.5,83,170,8310,7821,71.96524120730226,0.06601958207928563,0.13700598802381297
E1,q2_x3_loro_longxi_river_seed42,pooled_loro,intervention,42,1120,na,longxi_river,longxihe_UAV1173,0.5,21,0,5551,10812,98.39207232658984,0.013771996939511384,0.026090549554296297
E1,q2_x3_loro_longxi_river_seed42,pooled_loro,intervention,42,1120,na,longxi_river,longxihe_UAV1174,0.5,119,0,2479,13786,85.86617494683223,0.061399020539291305,0.08892523125656296
E1,q2_x3_loro_longxi_river_seed42,pooled_loro,intervention,42,1120,na,longxi_river,longxihe_UAV1175,0.5,0,0,2798,13586,181.01933598375618,0.0,0.0
E1,q2_x3_loro_longxi_river_seed42,pooled_loro,intervention,42,1120,na,longxi_river,longxihe_UAV1176,0.5,0,0,4405,11979,181.01933598375618,0.0,0.0
E1,q2_x3_loro_longxi_river_seed42,pooled_loro,intervention,42,1120,na,longxi_river,longxihe_UAV1177,0.5,3,0,3926,12455,135.34104903141244,0.026354319180061835,0.04354136429603868
E1,q2_x3_loro_longxi_river_seed42,pooled_loro,intervention,42,1120,na,longxi_river,longxihe_UAV1178,0.5,84,0,3099,13201,77.78174593052023,0.0866683660462963,0.10799136069104252
E1,q2_x3_loro_longxi_river_seed42,pooled_loro,intervention,42,1120,na,longxi_river,longxihe_UAV1179,0.5,0,0,2370,14014,181.01933598375618,0.0,0.0
E1,q2_x3_loro_longxi_river_seed42,pooled_loro,intervention,42,1120,na,longxi_river,longxihe_UAV1180,0.5,0,0,375,16009,181.01933598375618,0.0,0.0
E1,q2_x3_loro_longxi_river_seed42,pooled_loro,intervention,42,1120,na,longxi_river,longxihe_UAV1181,0.5,0,0,871,15513,181.01933598375618,0.0,0.0
E1,q2_x3_loro_longxi_river_seed42,pooled_loro,intervention,42,1120,na,longxi_river,longxihe_UAV1182,0.5,0,0,1641,14743,181.01933598375618,0.0,0.0
E1,q2_x3_loro_longxi_river_seed42,pooled_loro,intervention,42,1120,na,longxi_river,longxihe_UAV1183,0.5,0,0,1834,14550,181.01933598375618,0.0,0.0
E1,q2_x3_loro_longxi_river_seed42,pooled_loro,intervention,42,1120,na,longxi_river,longxihe_UAV1184,0.5,201,0,2914,13269,90.53065651715904,0.07167401979372558,0.1416464891039846
E1,q2_x3_loro_longxi_river_seed42,pooled_loro,intervention,42,1120,na,longxi_river,longxihe_UAV1185,0.5,126,0,2545,13713,94.54099639838793,0.026582174306553356,0.10567226283687535
E1,q2_x3_loro_longxi_river_seed42,pooled_loro,intervention,42,1120,na,longxi_river,longxihe_UAV1186,0.5,0,0,3465,12919,181.01933598375618,0.0,0.0
E1,q2_x3_loro_longxi_river_seed42,pooled_loro,intervention,42,1120,na,longxi_river,longxihe_UAV1187,0.5,0,0,5278,11106,181.01933598375618,0.0,0.0
E1,q2_x3_loro_longxi_river_seed42,pooled_loro,intervention,42,1120,na,longxi_river,longxihe_UAV1188,0.5,84,0,4432,11868,71.52970992144614,0.04211488812385945,0.06518832181851773
E1,q2_x3_loro_longxi_river_seed42,pooled_loro,intervention,42,1120,na,longxi_river,longxihe_UAV1189,0.5,277,0,3342,12765,104.9952379872535,0.08507763598161042,0.10651856732703215
E1,q2_x3_loro_longxi_river_seed42,pooled_loro,intervention,42,1120,na,longxi_river,longxihe_UAV1190,0.5,35,0,2194,14155,121.44277788204037,0.0329575021682243,0.04314063848140731
E1,q2_x3_loro_longxi_river_seed42,pooled_loro,intervention,42,1120,na,longxi_river,longxihe_UAV1191,0.5,0,0,1426,14958,181.01933598375618,0.0,0.0
E1,q2_x3_loro_longxi_river_seed42,pooled_loro,intervention,42,1120,na,longxi_river,longxihe_UAV1192,0.5,0,0,1391,14993,181.01933598375618,0.0,0.0
E1,q2_x3_loro_longxi_river_seed42,pooled_loro,intervention,42,1120,na,longxi_river,longxihe_UAV1193,0.5,0,0,791,15593,181.01933598375618,0.0,0.0
E1,q2_x3_loro_longxi_river_seed42,pooled_loro,intervention,42,1120,na,longxi_river,longxihe_UAV1194,0.5,0,7,133,16244,67.00298490840153,0.0,0.0
E1,q2_x3_loro_longxi_river_seed42,pooled_loro,intervention,42,1120,na,longxi_river,longxihe_UAV1195,0.5,25,56,480,15823,38.04667924637322,0.1523784285143271,0.2061780738942203
E1,q2_x3_loro_longxi_river_seed42,pooled_loro,intervention,42,1120,na,longxi_river,longxihe_UAV1196,0.5,13,224,492,15655,84.37653222439782,0.0856300918698595,0.11292073832740679
E1,q2_x3_loro_longxi_river_seed42,pooled_loro,intervention,42,1120,na,longxi_river,longxihe_UAV1197,0.5,0,267,791,15326,44.810663105278664,0.0,0.0
E1,q2_x3_loro_longxi_river_seed42,pooled_loro,intervention,42,1120,na,longxi_river,longxihe_UAV1198,0.5,84,55,1096,15149,43.6365489933082,0.10272121102859857,0.24045801526674623
E1,q2_x3_loro_longxi_river_seed42,pooled_loro,intervention,42,1120,na,longxi_river,longxihe_UAV1199,0.5,78,130,311,15865,66.20119851355092,0.06194274988222637,0.27358490565989346
E1,q2_x3_loro_longxi_river_seed42,pooled_loro,intervention,42,1120,na,longxi_river,longxihe_UAV1200,0.5,69,150,321,15844,66.06820402573052,0.04572175048939043,0.20699666134368344
E1,q2_x3_loro_longxi_river_seed42,pooled_loro,intervention,42,1120,na,longxi_river,longxihe_UAV1201,0.5,21,0,60,16303,6.151794121414748,0.4736842105258214,0.6827880512086414
E1,q2_x3_loro_longxi_river_seed42,pooled_loro,intervention,42,1120,na,longxi_river,longxihe_UAV1202,0.5,88,1,376,15919,35.02129906265242,0.2995951417000542,0.377712609970336
E1,q2_x3_loro_longxi_river_seed42,pooled_loro,intervention,42,1120,na,longxi_river,longxihe_UAV1203,0.5,45,0,338,16001,37.93211834839139,0.23350253807077379,0.29473684210501183
E1,q2_x3_loro_longxi_river_seed42,pooled_loro,intervention,42,1120,na,longxi_river,longxihe_UAV1204,0.5,30,393,89,15872,84.77613715607973,0.19444444444403916,0.21535010414964975
E1,q2_x3_loro_longxi_river_seed42,pooled_loro,intervention,42,1120,na,longxi_river,longxihe_UAV1205,0.5,102,585,334,15363,88.23264701911646,0.31936773947769953,0.3808452514859232
E1,q2_x3_loro_longxi_river_seed42,pooled_loro,intervention,42,1120,na,longxi_river,longxihe_UAV1206,0.5,57,9,304,16014,29.888006058128994,0.326797385620616,0.3870254330995499
E1,q2_x3_loro_longxi_river_seed42,pooled_loro,intervention,42,1120,na,longxi_river,longxihe_UAV1207,0.5,0,23,128,16233,110.94825366356903,0.0,0.0
E1,q2_x3_loro_longxi_river_seed42,pooled_loro,intervention,42,1120,na,longxi_river,longxihe_UAV1208,0.5,0,46,778,15560,46.9354968210434,0.0,0.0
E1,q2_x3_loro_longxi_river_seed42,pooled_loro,intervention,42,1120,na,longxi_river,longxihe_UAV1209,0.5,0,19,730,15635,58.487532997998336,0.0,0.0
E1,q2_x3_loro_longxi_river_seed42,pooled_loro,intervention,42,1120,na,longxi_river,longxihe_UAV1210,0.5,0,0,36,16348,181.01933598375618,0.0,0.0
E1,q2_x3_loro_longxi_river_seed42,pooled_loro,intervention,42,1120,na,longxi_river,longxihe_UAV1211,0.5,74,1,421,15888,27.385092897081144,0.2930055447922931,0.3798882681561168
E1,q2_x3_loro_longxi_river_seed42,pooled_loro,intervention,42,1120,na,longxi_river,longxihe_UAV1212,0.5,289,0,4694,11401,60.180973799763954,0.042553191489150495,0.1095428691803108
E1,q2_x3_loro_longxi_river_seed42,pooled_loro,intervention,42,1120,na,longxi_river,longxihe_UAV1213,0.5,260,0,6818,9306,64.00310017543342,0.008837825894607736,0.04620060790257581
E1,q2_x3_loro_longxi_river_seed42,pooled_loro,intervention,42,1120,na,longxi_river,longxihe_UAV1214,0.5,32,0,6379,9973,73.93571403683298,0.03647959183668619,0.062416644438447515
E1,q2_x3_loro_longxi_river_seed42,pooled_loro,intervention,42,1120,na,longxi_river,longxihe_UAV1215,0.5,85,0,8300,7999,122.88283349638347,0.010598031794014192,0.0168878166465059
E1,q2_x3_loro_longxi_river_seed42,pooled_loro,intervention,42,1120,na,longxi_river,longxihe_UAV1216,0.5,87,0,7946,8351,122.9771710758184,0.0,0.0
E1,q2_x3_loro_longxi_river_seed42,pooled_loro,intervention,42,1120,na,longxi_river,longxihe_UAV1217,0.5,8,0,6400,9976,86.04213972188056,0.004437869822450334,0.018840579710072407
E1,q2_x3_loro_longxi_river_seed42,pooled_loro,intervention,42,1120,na,longxi_river,longxihe_UAV1218,0.5,0,0,7361,9023,181.01933598375618,0.0,0.0
E1,q2_x3_loro_longxi_river_seed42,pooled_loro,intervention,42,1120,na,longxi_river,longxihe_UAV1219,0.5,0,0,6234,10150,181.01933598375618,0.0,0.0
E1,q2_x3_loro_longxi_river_seed42,pooled_loro,intervention,42,1120,na,longxi_river,longxihe_UAV1220,0.5,0,0,2178,14206,181.01933598375618,0.0,0.0
E1,q2_x3_loro_longxi_river_seed42,pooled_loro,intervention,42,1120,na,longxi_river,longxihe_UAV1221,0.5,0,0,366,16018,181.01933598375618,0.0,0.0
E1,q2_x3_loro_longxi_river_seed42,pooled_loro,intervention,42,1120,na,longxi_river,longxihe_UAV1222,0.5,0,0,1608,14776,181.01933598375618,0.0,0.0
E1,q2_x3_loro_longxi_river_seed42,pooled_loro,intervention,42,1120,na,longxi_river,longxihe_UAV1223,0.5,0,0,3846,12538,181.01933598375618,0.0,0.0
E1,q2_x3_loro_longxi_river_seed42,pooled_loro,intervention,42,1120,na,longxi_river,longxihe_UAV1224,0.5,0,0,3733,12651,181.01933598375618,0.0,0.0
E1,q2_x3_loro_longxi_river_seed42,pooled_loro,intervention,42,1120,na,longxi_river,longxihe_UAV1225,0.5,0,0,3032,13352,181.01933598375618,0.0,0.0
E1,q2_x3_loro_longxi_river_seed42,pooled_loro,intervention,42,1120,na,longxi_river,longxihe_UAV1226,0.5,0,0,3929,12455,181.01933598375618,0.0,0.0
E1,q2_x3_loro_longxi_river_seed42,pooled_loro,intervention,42,1120,na,longxi_river,longxihe_UAV1227,0.5,0,0,3391,12993,181.01933598375618,0.0,0.0
E1,q2_x3_loro_longxi_river_seed42,pooled_loro,intervention,42,1120,na,longxi_river,longxihe_UAV1228,0.5,174,83,3900,12227,62.847366705399764,0.025772451631426115,0.05707196029767803
E1,q2_x3_loro_longxi_river_seed42,pooled_loro,intervention,42,1120,na,longxi_river,longxihe_UAV1229,0.5,0,0,3738,12646,181.01933598375618,0.0,0.0
E1,q2_x3_loro_longxi_river_seed42,pooled_loro,intervention,42,1120,na,longxi_river,longxihe_UAV1230,0.5,0,0,1203,15181,181.01933598375618,0.0,0.0
E1,q2_x3_loro_longxi_river_seed42,pooled_loro,intervention,42,1120,na,longxi_river,longxihe_UAV1231,0.5,0,0,1760,14624,181.01933598375618,0.0,0.0
E1,q2_x3_loro_longxi_river_seed42,pooled_loro,intervention,42,1120,na,longxi_river,longxihe_UAV1232,0.5,0,0,2669,13715,181.01933598375618,0.0,0.0
E1,q2_x3_loro_longxi_river_seed42,pooled_loro,intervention,42,1120,na,longxi_river,longxihe_UAV1233,0.5,0,0,1667,14717,181.01933598375618,0.0,0.0
E1,q2_x3_loro_longxi_river_seed42,pooled_loro,intervention,42,1120,na,longxi_river,longxihe_UAV1234,0.5,0,0,1221,15163,181.01933598375618,0.0,0.0
E1,q2_x3_loro_longxi_river_seed42,pooled_loro,intervention,42,1120,na,longxi_river,longxihe_UAV1235,0.5,0,0,1432,14952,181.01933598375618,0.0,0.0
E1,q2_x3_loro_longxi_river_seed42,pooled_loro,intervention,42,1120,na,longxi_river,longxihe_UAV1236,0.5,0,2,429,15953,107.4360218117306,0.0,0.0
E1,q2_x3_loro_longxi_river_seed42,pooled_loro,intervention,42,1120,na,longxi_river,longxihe_UAV1237,0.5,96,25,1368,14895,52.359329491481105,0.23097809690434093,0.2920775427101614
E1,q2_x3_loro_longxi_river_seed42,pooled_loro,intervention,42,1120,na,longxi_river,longxihe_UAV1238,0.5,19,19,1800,14546,86.04068687176868,0.07313590364424924,0.11517204492760022
E1,q2_x3_loro_longxi_river_seed42,pooled_loro,intervention,42,1120,na,longxi_river,longxihe_UAV1239,0.5,7,5,4217,12155,101.48667879487466,0.020847121111811362,0.053984575835387315
E1,q2_x3_loro_longxi_river_seed42,pooled_loro,intervention,42,1120,na,longxi_river,longxihe_UAV1240,0.5,141,8,5703,10532,82.39416754765134,0.06218587360582999,0.10747850137792082
E1,q2_x3_loro_longxi_river_seed42,pooled_loro,intervention,42,1120,na,longxi_river,longxihe_UAV1241,0.5,135,13,1876,14360,79.75587752636166,0.07192617718917245,0.13140233133152507
E1,q2_x3_loro_longxi_river_seed42,pooled_loro,intervention,42,1120,na,longxi_river,longxihe_UAV1242,0.5,136,40,1811,14397,78.63836371675771,0.06767371601187949,0.1446107784428966
E1,q2_x3_loro_longxi_river_seed42,pooled_loro,intervention,42,1120,na,longxi_river,longxihe_UAV1243,0.5,14,419,67,15884,145.08606918869427,0.0753588516744342,0.13810198300260831
E1,q2_x3_loro_longxi_river_seed42,pooled_loro,intervention,42,1120,na,longxi_river,longxihe_UAV1244,0.5,24,0,440,15920,39.38871199598006,0.16882758620670976,0.25570776255685457
E1,q2_x3_loro_longxi_river_seed42,pooled_loro,intervention,42,1120,na,longxi_river,longxihe_UAV1245,0.5,14,0,369,16001,41.966034394869716,0.15682281059046319,0.22950819672110828
E1,q2_x3_loro_longxi_river_seed42,pooled_loro,intervention,42,1120,na,longxi_river,longxihe_UAV1246,0.5,22,0,158,16204,44.0,0.2790697674416203,0.37956204379531283
E1,q2_x3_loro_longxi_river_seed42,pooled_loro,intervention,42,1120,na,longxi_river,longxihe_UAV1247,0.5,177,14,1362,14831,37.013511046643494,0.21933589104538048,0.2889114954219298
E1,q2_x3_loro_longxi_river_seed42,pooled_loro,intervention,42,1120,na,longxi_river,longxihe_UAV1248,0.5,283,25,1571,14505,37.0,0.307384149605148,0.3820677035678426
E1,q2_x3_loro_longxi_river_seed42,pooled_loro,intervention,42,1120,na,longxi_river,longxihe_UAV1249,0.5,202,10,618,15554,53.80101334407637,0.5419060583021404,0.6049093706102355
E1,q2_x3_loro_longxi_river_seed42,pooled_loro,intervention,42,1120,na,longxi_river,longxihe_UAV1250,0.5,305,3,1611,14465,51.776630425211906,0.23000190982644084,0.3417271163991496
E1,q2_x3_loro_longxi_river_seed42,pooled_loro,intervention,42,1120,na,longxi_river,longxihe_UAV1251,0.5,481,0,2679,13224,60.009582320935216,0.10458030273218699,0.19225209598120743
E1,q2_x3_loro_longxi_river_seed42,pooled_loro,intervention,42,1120,na,longxi_river,longxihe_UAV1252,0.5,172,0,1616,14596,57.0,0.07141636767452618,0.11186203682107161
E1,q2_x3_loro_longxi_river_seed42,pooled_loro,intervention,42,1120,na,longxi_river,longxihe_UAV1253,0.5,75,0,888,15421,81.30466533484888,0.12720848056523362,0.17739130434766442
E1,q2_x3_loro_longxi_river_seed42,pooled_loro,intervention,42,1120,na,longxi_river,longxihe_UAV1254,0.5,396,0,3104,12884,79.13532222609608,0.01916650285028226,0.10080423719489731
E1,q2_x3_loro_longxi_river_seed42,pooled_loro,intervention,42,1120,na,longxi_river,longxihe_UAV1255,0.5,210,0,3307,12867,110.02226978882908,0.014558395341196127,0.0472004651638436
E1,q2_x3_loro_longxi_river_seed42,pooled_loro,intervention,42,1120,na,longxi_river,longxihe_UAV1256,0.5,9,0,2422,13953,118.5516486996861,0.005610098176668876,0.02493074792236568
E1,q2_x3_loro_longxi_river_seed42,pooled_loro,intervention,42,1120,na,longxi_river,longxihe_UAV1257,0.5,13,0,6134,10237,79.51100552753688,0.0,0.031890660592201955
E1,q2_x3_loro_longxi_river_seed42,pooled_loro,intervention,42,1120,na,longxi_river,longxihe_UAV1258,0.5,41,0,8084,8259,121.55409894306713,0.0017777777777394316,0.008917954815663437
E1,q2_x3_loro_longxi_river_seed42,pooled_loro,intervention,42,1120,na,longxi_river,longxihe_UAV1259,0.5,42,0,6264,10078,121.82590034894447,0.0,0.0
E1,q2_x3_loro_longxi_river_seed42,pooled_loro,intervention,42,1120,na,longxi_river,longxihe_UAV1260,0.5,0,0,5535,10849,181.01933598375618,0.0,0.0
E1,q2_x3_loro_longxi_river_seed42,pooled_loro,intervention,42,1120,na,longxi_river,longxihe_UAV1261,0.5,0,0,5582,10802,181.01933598375618,0.0,0.0
E1,q2_x3_loro_longxi_river_seed42,pooled_loro,intervention,42,1120,na,longxi_river,longxihe_UAV1262,0.5,0,0,3524,12860,181.01933598375618,0.0,0.0
E1,q2_x3_loro_longxi_river_seed42,pooled_loro,intervention,42,1120,na,longxi_river,longxihe_UAV1263,0.5,0,0,819,15565,181.01933598375618,0.0,0.0
E1,q2_x3_loro_longxi_river_seed42,pooled_loro,intervention,42,1120,na,longxi_river,longxihe_UAV1264,0.5,0,0,164,16220,181.01933598375618,0.0,0.0
E1,q2_x3_loro_longxi_river_seed42,pooled_loro,intervention,42,1120,na,longxi_river,longxihe_UAV1265,0.5,0,0,2417,13967,181.01933598375618,0.0,0.0
E1,q2_x3_loro_longxi_river_seed42,pooled_loro,intervention,42,1120,na,longxi_river,longxihe_UAV1266,0.5,0,0,4974,11410,181.01933598375618,0.0,0.0
E1,q2_x3_loro_longxi_river_seed42,pooled_loro,intervention,42,1120,na,longxi_river,longxihe_UAV1267,0.5,0,0,4492,11892,181.01933598375618,0.0,0.0
E1,q2_x3_loro_longxi_river_seed42,pooled_loro,intervention,42,1120,na,longxi_river,longxihe_UAV1268,0.5,0,0,2792,13592,181.01933598375618,0.0,0.0
E1,q2_x3_loro_longxi_river_seed42,pooled_loro,intervention,42,1120,na,longxi_river,longxihe_UAV1269,0.5,0,0,2497,13887,181.01933598375618,0.0,0.0
E1,q2_x3_loro_longxi_river_seed42,pooled_loro,intervention,42,1120,na,longxi_river,longxihe_UAV1270,0.5,0,0,3182,13202,181.01933598375618,0.0,0.0
E1,q2_x3_loro_longxi_river_seed42,pooled_loro,intervention,42,1120,na,longxi_river,longxihe_UAV1271,0.5,0,0,3855,12529,181.01933598375618,0.0,0.0
E1,q2_x3_loro_longxi_river_seed42,pooled_loro,intervention,42,1120,na,longxi_river,longxihe_UAV1272,0.5,0,0,2597,13787,181.01933598375618,0.0,0.0
E1,q2_x3_loro_longxi_river_seed42,pooled_loro,intervention,42,1120,na,longxi_river,longxihe_UAV1273,0.5,0,0,448,15936,181.01933598375618,0.0,0.0
E1,q2_x3_loro_longxi_river_seed42,pooled_loro,intervention,42,1120,na,longxi_river,longxihe_UAV1274,0.5,0,0,409,15975,181.01933598375618,0.0,0.0
E1,q2_x3_loro_longxi_river_seed42,pooled_loro,intervention,42,1120,na,longxi_river,longxihe_UAV1275,0.5,0,0,1641,14743,181.01933598375618,0.0,0.0
E1,q2_x3_loro_longxi_river_seed42,pooled_loro,intervention,42,1120,na,longxi_river,longxihe_UAV1276,0.5,0,0,1236,15148,181.01933598375618,0.0,0.0
E1,q2_x3_loro_longxi_river_seed42,pooled_loro,intervention,42,1120,na,longxi_river,longxihe_UAV1277,0.5,0,0,744,15640,181.01933598375618,0.0,0.0
E1,q2_x3_loro_longxi_river_seed42,pooled_loro,intervention,42,1120,na,longxi_river,longxihe_UAV1278,0.5,11,0,1308,15065,109.07689557675118,0.0288982540637654,0.08865248226941881
E1,q2_x3_loro_longxi_river_seed42,pooled_loro,intervention,42,1120,na,longxi_river,longxihe_UAV1279,0.5,0,0,1032,15352,181.01933598375618,0.0,0.0
E1,q2_x3_loro_longxi_river_seed42,pooled_loro,intervention,42,1120,na,longxi_river,longxihe_UAV1280,0.5,0,0,1480,14904,181.01933598375618,0.0,0.0
E1,q2_x3_loro_longxi_river_seed42,pooled_loro,intervention,42,1120,na,longxi_river,longxihe_UAV1281,0.5,0,0,1816,14568,181.01933598375618,0.0,0.0
E1,q2_x3_loro_longxi_river_seed42,pooled_loro,intervention,42,1120,na,longxi_river,longxihe_UAV1282,0.5,0,0,4733,11651,181.01933598375618,0.0,0.0
E1,q2_x3_loro_longxi_river_seed42,pooled_loro,intervention,42,1120,na,longxi_river,longxihe_UAV1283,0.5,0,0,5771,10613,181.01933598375618,0.0,0.0
E1,q2_x3_loro_longxi_river_seed42,pooled_loro,intervention,42,1120,na,longxi_river,longxihe_UAV1284,0.5,0,0,1900,14484,181.01933598375618,0.0,0.0
E1,q2_x3_loro_longxi_river_seed42,pooled_loro,intervention,42,1120,na,longxi_river,longxihe_UAV1285,0.5,0,0,1827,14557,181.01933598375618,0.0,0.0
E1,q2_x3_loro_longxi_river_seed42,pooled_loro,intervention,42,1120,na,longxi_river,longxihe_UAV1286,0.5,0,0,61,16323,181.01933598375618,0.0,0.0
E1,q2_x3_loro_longxi_river_seed42,pooled_loro,intervention,42,1120,na,longxi_river,longxihe_UAV1287,0.5,46,0,1693,14645,89.27792879959244,0.039142026175408864,0.09077598828687992
E1,q2_x3_loro_longxi_river_seed42,pooled_loro,intervention,42,1120,na,longxi_river,longxihe_UAV1288,0.5,115,3,2176,14090,89.06148285268846,0.12432292306209569,0.17684594348206303
E1,q2_x3_loro_longxi_river_seed42,pooled_loro,intervention,42,1120,na,longxi_river,longxihe_UAV1289,0.5,153,5,776,15450,54.12254361905679,0.3904991008241062,0.4898793020779665
E1,q2_x3_loro_longxi_river_seed42,pooled_loro,intervention,42,1120,na,longxi_river,longxihe_UAV1290,0.5,308,0,905,15171,54.074020174452905,0.20862719370147034,0.33486108294428846
E1,q2_x3_loro_longxi_river_seed42,pooled_loro,intervention,42,1120,na,longxi_river,longxihe_UAV1291,0.5,514,0,1998,13872,37.19406063159722,0.12678192295990892,0.2840379959020333
E1,q2_x3_loro_longxi_river_seed42,pooled_loro,intervention,42,1120,na,longxi_river,longxihe_UAV1292,0.5,3,0,2234,14147,131.33068156483395,0.0,0.0
E1,q2_x3_loro_longxi_river_seed42,pooled_loro,intervention,42,1120,na,longxi_river,longxihe_UAV1293,0.5,0,0,2279,14105,181.01933598375618,0.0,0.0
E1,q2_x3_loro_longxi_river_seed42,pooled_loro,intervention,42,1120,na,longxi_river,longxihe_UAV1294,0.5,0,0,3006,13378,181.01933598375618,0.0,0.0
E1,q2_x3_loro_longxi_river_seed42,pooled_loro,intervention,42,1120,na,longxi_river,longxihe_UAV1295,0.5,0,0,2111,14273,181.01933598375618,0.0,0.0
E1,q2_x3_loro_longxi_river_seed42,pooled_loro,intervention,42,1120,na,longxi_river,longxihe_UAV1296,0.5,2,0,2047,14335,73.19344576780662,0.0,0.016666666666650138
E1,q2_x3_loro_longxi_river_seed42,pooled_loro,intervention,42,1120,na,longxi_river,longxihe_UAV1297,0.5,0,0,4023,12361,181.01933598375618,0.0,0.0
E1,q2_x3_loro_longxi_river_seed42,pooled_loro,intervention,42,1120,na,longxi_river,longxihe_UAV1298,0.5,0,0,5567,10817,181.01933598375618,0.0,0.0
E1,q2_x3_loro_longxi_river_seed42,pooled_loro,intervention,42,1120,na,longxi_river,longxihe_UAV1299,0.5,0,0,5378,11006,181.01933598375618,0.0,0.0
E1,q2_x3_loro_longxi_river_seed42,pooled_loro,intervention,42,1120,na,longxi_river,longxihe_UAV1300,0.5,0,0,4413,11971,181.01933598375618,0.0,0.0
E1,q2_x3_loro_longxi_river_seed42,pooled_loro,intervention,42,1120,na,longxi_river,longxihe_UAV1301,0.5,0,0,5270,11114,181.01933598375618,0.0,0.0
E1,q2_x3_loro_longxi_river_seed42,pooled_loro,intervention,42,1120,na,longxi_river,longxihe_UAV1302,0.5,0,0,5038,11346,181.01933598375618,0.0,0.0
E1,q2_x3_loro_longxi_river_seed42,pooled_loro,intervention,42,1120,na,longxi_river,longxihe_UAV1303,0.5,0,0,1711,14673,181.01933598375618,0.0,0.0
E1,q2_x3_loro_longxi_river_seed42,pooled_loro,intervention,42,1120,na,longxi_river,longxihe_UAV1304,0.5,0,0,241,16143,181.01933598375618,0.0,0.0
E1,q2_x3_loro_longxi_river_seed42,pooled_loro,intervention,42,1120,na,longxi_river,longxihe_UAV1305,0.5,0,0,809,15575,181.01933598375618,0.0,0.0
E1,q2_x3_loro_longxi_river_seed42,pooled_loro,intervention,42,1120,na,longxi_river,longxihe_UAV1306,0.5,0,0,1900,14484,181.01933598375618,0.0,0.0
E1,q2_x3_loro_longxi_river_seed42,pooled_loro,intervention,42,1120,na,longxi_river,longxihe_UAV1307,0.5,0,0,2805,13579,181.01933598375618,0.0,0.0
E1,q2_x3_loro_longxi_river_seed42,pooled_loro,intervention,42,1120,na,longxi_river,longxihe_UAV1308,0.5,26,0,1829,14529,138.13218305928712,0.03603912819627728,0.06212664277174385
E1,q2_x3_loro_longxi_river_seed42,pooled_loro,intervention,42,1120,na,longxi_river,longxihe_UAV1309,0.5,25,0,963,15396,145.52822728890322,0.06607863656741157,0.10058027079294123
E1,q2_x3_loro_longxi_river_seed42,pooled_loro,intervention,42,1120,na,longxi_river,longxihe_UAV1310,0.5,0,0,1812,14572,181.01933598375618,0.0,0.0
E1,q2_x3_loro_longxi_river_seed42,pooled_loro,intervention,42,1120,na,longxi_river,longxihe_UAV1311,0.5,0,0,2335,14049,181.01933598375618,0.0,0.0
E1,q2_x3_loro_longxi_river_seed42,pooled_loro,intervention,42,1120,na,longxi_river,longxihe_UAV1312,0.5,0,0,2381,14003,181.01933598375618,0.0,0.0
E1,q2_x3_loro_longxi_river_seed42,pooled_loro,intervention,42,1120,na,longxi_river,longxihe_UAV1313,0.5,0,0,2010,14374,181.01933598375618,0.0,0.0
E1,q2_x3_loro_longxi_river_seed42,pooled_loro,intervention,42,1120,na,longxi_river,longxihe_UAV1314,0.5,0,0,1329,15055,181.01933598375618,0.0,0.0
E1,q2_x3_loro_longxi_river_seed42,pooled_loro,intervention,42,1120,na,longxi_river,longxihe_UAV1315,0.5,0,0,757,15627,181.01933598375618,0.0,0.0
E1,q2_x3_loro_longxi_river_seed42,pooled_loro,intervention,42,1120,na,longxi_river,longxihe_UAV1316,0.5,0,0,420,15964,181.01933598375618,0.0,0.0
E1,q2_x3_loro_longxi_river_seed42,pooled_loro,intervention,42,1120,na,longxi_river,longxihe_UAV1317,0.5,6,27,667,15684,59.10407045904216,0.05837387074337321,0.09581603321592501
E1,q2_x3_loro_longxi_river_seed42,pooled_loro,intervention,42,1120,na,longxi_river,longxihe_UAV1318,0.5,0,17,986,15381,143.1838398300351,0.0,0.0
E1,q2_x3_loro_longxi_river_seed42,pooled_loro,intervention,42,1120,na,longxi_river,longxihe_UAV1319,0.5,0,0,1365,15019,181.01933598375618,0.0,0.0
E1,q2_x3_loro_longxi_river_seed42,pooled_loro,intervention,42,1120,na,longxi_river,longxihe_UAV1320,0.5,0,0,963,15421,181.01933598375618,0.0,0.0
E1,q2_x3_loro_longxi_river_seed42,pooled_loro,intervention,42,1120,na,longxi_river,longxihe_UAV1321,0.5,0,0,771,15613,181.01933598375618,0.0,0.0
E1,q2_x3_loro_longxi_river_seed42,pooled_loro,intervention,42,1120,na,longxi_river,longxihe_UAV1322,0.5,0,0,2544,13840,181.01933598375618,0.0,0.0
E1,q2_x3_loro_longxi_river_seed42,pooled_loro,intervention,42,1120,na,longxi_river,longxihe_UAV1323,0.5,0,0,2876,13508,181.01933598375618,0.0,0.0
E1,q2_x3_loro_longxi_river_seed42,pooled_loro,intervention,42,1120,na,longxi_river,longxihe_UAV1324,0.5,0,0,1072,15312,181.01933598375618,0.0,0.0
E1,q2_x3_loro_longxi_river_seed42,pooled_loro,intervention,42,1120,na,longxi_river,longxihe_UAV1325,0.5,0,0,1025,15359,181.01933598375618,0.0,0.0
E1,q2_x3_loro_longxi_river_seed42,pooled_loro,intervention,42,1120,na,longxi_river,longxihe_UAV1326,0.5,31,0,56,16297,5.0,0.79999999999952,0.9156626506019131
E1,q2_x3_loro_longxi_river_seed42,pooled_loro,intervention,42,1120,na,longxi_river,longxihe_UAV1327,0.5,0,0,87,16297,181.01933598375618,0.0,0.0
E1,q2_x3_loro_longxi_river_seed42,pooled_loro,intervention,42,1120,na,longxi_river,longxihe_UAV1328,0.5,0,0,707,15677,181.01933598375618,0.0,0.0
E1,q2_x3_loro_longxi_river_seed42,pooled_loro,intervention,42,1120,na,longxi_river,longxihe_UAV1329,0.5,0,0,869,15515,181.01933598375618,0.0,0.0
E1,q2_x3_loro_longxi_river_seed42,pooled_loro,intervention,42,1120,na,longxi_river,longxihe_UAV1330,0.5,0,0,237,16147,181.01933598375618,0.0,0.0
E1,q2_x3_loro_longxi_river_seed42,pooled_loro,intervention,42,1120,na,longxi_river,longxihe_UAV1331,0.5,27,0,310,16047,117.40606634234061,0.06847360912966755,0.32684824902696386
E1,q2_x3_loro_longxi_river_seed42,pooled_loro,intervention,42,1120,na,longxi_river,longxihe_UAV1332,0.5,114,0,968,15302,79.264420365127,0.11031301482679995,0.22539909459110616
E1,q2_x3_loro_longxi_river_seed42,pooled_loro,intervention,42,1120,na,longxi_river,longxihe_UAV1333,0.5,0,0,3174,13210,181.01933598375618,0.0,0.0
E1,q2_x3_loro_longxi_river_seed42,pooled_loro,intervention,42,1120,na,longxi_river,longxihe_UAV1334,0.5,0,0,6248,10136,181.01933598375618,0.0,0.0
E1,q2_x3_loro_longxi_river_seed42,pooled_loro,intervention,42,1120,na,longxi_river,longxihe_UAV1335,0.5,0,0,5066,11318,181.01933598375618,0.0,0.0
E1,q2_x3_loro_longxi_river_seed42,pooled_loro,intervention,42,1120,na,longxi_river,longxihe_UAV1336,0.5,0,0,1247,15137,181.01933598375618,0.0,0.0
E1,q2_x3_loro_longxi_river_seed42,pooled_loro,intervention,42,1120,na,longxi_river,longxihe_UAV1337,0.5,0,0,2220,14164,181.01933598375618,0.0,0.0
E1,q2_x3_loro_longxi_river_seed42,pooled_loro,intervention,42,1120,na,longxi_river,longxihe_UAV1338,0.5,0,0,7381,9003,181.01933598375618,0.0,0.0
E1,q2_x3_loro_longxi_river_seed42,pooled_loro,intervention,42,1120,na,longxi_river,longxihe_UAV1339,0.5,0,0,9987,6397,181.01933598375618,0.0,0.0
E1,q2_x3_loro_longxi_river_seed42,pooled_loro,intervention,42,1120,na,longxi_river,longxihe_UAV1340,0.5,0,0,8398,7986,181.01933598375618,0.0,0.0
E1,q2_x3_loro_longxi_river_seed42,pooled_loro,intervention,42,1120,na,longxi_river,longxihe_UAV1341,0.5,0,0,7180,9204,181.01933598375618,0.0,0.0
E1,q2_x3_loro_longxi_river_seed42,pooled_loro,intervention,42,1120,na,longxi_river,longxihe_UAV1342,0.5,0,0,6102,10282,181.01933598375618,0.0,0.0
E1,q2_x3_loro_longxi_river_seed42,pooled_loro,intervention,42,1120,na,longxi_river,longxihe_UAV1343,0.5,0,0,4299,12085,181.01933598375618,0.0,0.0
E1,q2_x3_loro_longxi_river_seed42,pooled_loro,intervention,42,1120,na,longxi_river,longxihe_UAV1344,0.5,0,0,1807,14577,181.01933598375618,0.0,0.0
E1,q2_x3_loro_longxi_river_seed42,pooled_loro,intervention,42,1120,na,longxi_river,longxihe_UAV1345,0.5,0,0,77,16307,181.01933598375618,0.0,0.0
E1,q2_x3_loro_longxi_river_seed42,pooled_loro,intervention,42,1120,na,longxi_river,longxihe_UAV1346,0.5,0,0,581,15803,181.01933598375618,0.0,0.0
E1,q2_x3_loro_longxi_river_seed42,pooled_loro,intervention,42,1120,na,longxi_river,longxihe_UAV1347,0.5,0,0,2152,14232,181.01933598375618,0.0,0.0
E1,q2_x3_loro_longxi_river_seed42,pooled_loro,intervention,42,1120,na,longxi_river,longxihe_UAV1348,0.5,0,0,2958,13426,181.01933598375618,0.0,0.0
E1,q2_x3_loro_longxi_river_seed42,pooled_loro,intervention,42,1120,na,longxi_river,longxihe_UAV1349,0.5,0,0,2604,13780,181.01933598375618,0.0,0.0
E1,q2_x3_loro_longxi_river_seed42,pooled_loro,intervention,42,1120,na,longxi_river,longxihe_UAV1350,0.5,470,169,1375,14370,61.229882173654815,0.22523865493192766,0.3333038027947518
E1,q2_x3_loro_longxi_river_seed42,pooled_loro,intervention,42,1120,na,longxi_river,longxihe_UAV1351,0.5,0,0,3013,13371,181.01933598375618,0.0,0.0
E1,q2_x3_loro_longxi_river_seed42,pooled_loro,intervention,42,1120,na,longxi_river,longxihe_UAV1352,0.5,0,0,3785,12599,181.01933598375618,0.0,0.0
E1,q2_x3_loro_longxi_river_seed42,pooled_loro,intervention,42,1120,na,longxi_river,longxihe_UAV1353,0.5,0,1,2380,14003,95.60177811024752,0.0,0.0
E1,q2_x3_loro_longxi_river_seed42,pooled_loro,intervention,42,1120,na,longxi_river,longxihe_UAV1354,0.5,0,0,1941,14443,181.01933598375618,0.0,0.0
E1,q2_x3_loro_longxi_river_seed42,pooled_loro,intervention,42,1120,na,longxi_river,longxihe_UAV1355,0.5,0,0,1409,14975,181.01933598375618,0.0,0.0
E1,q2_x3_loro_longxi_river_seed42,pooled_loro,intervention,42,1120,na,longxi_river,longxihe_UAV1356,0.5,0,0,605,15779,181.01933598375618,0.0,0.0
E1,q2_x3_loro_longxi_river_seed42,pooled_loro,intervention,42,1120,na,longxi_river,longxihe_UAV1357,0.5,0,0,639,15745,181.01933598375618,0.0,0.0
E1,q2_x3_loro_longxi_river_seed42,pooled_loro,intervention,42,1120,na,longxi_river,longxihe_UAV1358,0.5,0,0,1217,15167,181.01933598375618,0.0,0.0
E1,q2_x3_loro_longxi_river_seed42,pooled_loro,intervention,42,1120,na,longxi_river,longxihe_UAV1359,0.5,0,0,1195,15189,181.01933598375618,0.0,0.0
E1,q2_x3_loro_longxi_river_seed42,pooled_loro,intervention,42,1120,na,longxi_river,longxihe_UAV1360,0.5,0,0,479,15905,181.01933598375618,0.0,0.0
E1,q2_x3_loro_longxi_river_seed42,pooled_loro,intervention,42,1120,na,longxi_river,longxihe_UAV1361,0.5,0,0,329,16055,181.01933598375618,0.0,0.0
E1,q2_x3_loro_longxi_river_seed42,pooled_loro,intervention,42,1120,na,longxi_river,longxihe_UAV1362,0.5,0,0,1351,15033,181.01933598375618,0.0,0.0
E1,q2_x3_loro_longxi_river_seed42,pooled_loro,intervention,42,1120,na,longxi_river,longxihe_UAV1363,0.5,0,0,2222,14162,181.01933598375618,0.0,0.0
E1,q2_x3_loro_longxi_river_seed42,pooled_loro,intervention,42,1120,na,longxi_river,longxihe_UAV1364,0.5,0,0,1755,14629,181.01933598375618,0.0,0.0
E1,q2_x3_loro_longxi_river_seed42,pooled_loro,intervention,42,1120,na,longxi_river,longxihe_UAV1365,0.5,0,0,1723,14661,181.01933598375618,0.0,0.0
E1,q2_x3_loro_longxi_river_seed42,pooled_loro,intervention,42,1120,na,longxi_river,longxihe_UAV1366,0.5,17,0,70,16297,6.647187993486065,0.5042424242420116,0.8461538461533579
E1,q2_x3_loro_longxi_river_seed42,pooled_loro,intervention,42,1120,na,longxi_river,longxihe_UAV1367,0.5,4,0,83,16297,8.484445246501087,0.08163265306107456,0.6764705882348464
E1,q2_x3_loro_longxi_river_seed42,pooled_loro,intervention,42,1120,na,longxi_river,longxihe_UAV1368,0.5,0,0,71,16313,181.01933598375618,0.0,0.0
E1,q2_x3_loro_longxi_river_seed42,pooled_loro,intervention,42,1120,na,longxi_river,longxihe_UAV1369,0.5,0,0,71,16313,181.01933598375618,0.0,0.0
E1,q2_x3_loro_longxi_river_seed42,pooled_loro,intervention,42,1120,na,longxi_river,longxihe_UAV1370,0.5,0,0,148,16236,181.01933598375618,0.0,0.0
E1,q2_x3_loro_longxi_river_seed42,pooled_loro,intervention,42,1120,na,longxi_river,longxihe_UAV1371,0.5,40,0,1485,14859,107.06166168996955,0.06131504638959287,0.17184643510039133
E1,q2_x3_loro_longxi_river_seed42,pooled_loro,intervention,42,1120,na,longxi_river,longxihe_UAV1372,0.5,498,180,1741,13965,59.35457567818243,0.4425808119242942,0.6190366100123158
E1,q2_x3_loro_longxi_river_seed42,pooled_loro,intervention,42,1120,na,longxi_river,longxihe_UAV1373,0.5,0,0,2822,13562,181.01933598375618,0.0,0.0
E1,q2_x3_loro_longxi_river_seed42,pooled_loro,intervention,42,1120,na,longxi_river,longxihe_UAV1374,0.5,0,0,4638,11746,181.01933598375618,0.0,0.0
E1,q2_x3_loro_longxi_river_seed42,pooled_loro,intervention,42,1120,na,longxi_river,longxihe_UAV1375,0.5,0,0,3347,13037,181.01933598375618,0.0,0.0
E1,q2_x3_loro_longxi_river_seed42,pooled_loro,intervention,42,1120,na,longxi_river,longxihe_UAV1376,0.5,0,0,669,15715,181.01933598375618,0.0,0.0
E1,q2_x3_loro_longxi_river_seed42,pooled_loro,intervention,42,1120,na,longxi_river,longxihe_UAV1377,0.5,0,0,3364,13020,181.01933598375618,0.0,0.0
E1,q2_x3_loro_longxi_river_seed42,pooled_loro,intervention,42,1120,na,longxi_river,longxihe_UAV1378,0.5,0,0,8623,7761,181.01933598375618,0.0,0.0
E1,q2_x3_loro_longxi_river_seed42,pooled_loro,intervention,42,1120,na,longxi_river,longxihe_UAV1379,0.5,0,0,9475,6909,181.01933598375618,0.0,0.0
E1,q2_x3_loro_longxi_river_seed42,pooled_loro,intervention,42,1120,na,longxi_river,longxihe_UAV1380,0.5,0,0,7736,8648,181.01933598375618,0.0,0.0
E1,q2_x3_loro_longxi_river_seed42,pooled_loro,intervention,42,1120,na,longxi_river,longxihe_UAV1381,0.5,0,0,6186,10198,181.01933598375618,0.0,0.0
E1,q2_x3_loro_longxi_river_seed42,pooled_loro,intervention,42,1120,na,longxi_river,longxihe_UAV1382,0.5,0,0,3781,12603,181.01933598375618,0.0,0.0
E1,q2_x3_loro_longxi_river_seed42,pooled_loro,intervention,42,1120,na,longxi_river,longxihe_UAV1383,0.5,0,0,1804,14580,181.01933598375618,0.0,0.0
E1,q2_x3_loro_longxi_river_seed42,pooled_loro,intervention,42,1120,na,longxi_river,longxihe_UAV1384,0.5,0,0,1238,15146,181.01933598375618,0.0,0.0
E1,q2_x3_loro_longxi_river_seed42,pooled_loro,intervention,42,1120,na,longxi_river,longxihe_UAV1385,0.5,0,0,549,15835,181.01933598375618,0.0,0.0
E1,q2_x3_loro_longxi_river_seed42,pooled_loro,intervention,42,1120,na,longxi_river,longxihe_UAV1386,0.5,0,0,807,15577,181.01933598375618,0.0,0.0
E1,q2_x3_loro_longxi_river_seed42,pooled_loro,intervention,42,1120,na,longxi_river,longxihe_UAV1387,0.5,0,0,1708,14676,181.01933598375618,0.0,0.0
E1,q2_x3_loro_longxi_river_seed42,pooled_loro,intervention,42,1120,na,longxi_river,longxihe_UAV1388,0.5,0,0,3037,13347,181.01933598375618,0.0,0.0
E1,q2_x3_loro_longxi_river_seed42,pooled_loro,intervention,42,1120,na,longxi_river,longxihe_UAV1389,0.5,0,0,3064,13320,181.01933598375618,0.0,0.0
E1,q2_x3_loro_longxi_river_seed42,pooled_loro,intervention,42,1120,na,longxi_river,longxihe_UAV1390,0.5,0,0,1773,14611,181.01933598375618,0.0,0.0
E1,q2_x3_loro_longxi_river_seed42,pooled_loro,intervention,42,1120,na,longxi_river,longxihe_UAV1391,0.5,0,0,3829,12555,181.01933598375618,0.0,0.0
E1,q2_x3_loro_longxi_river_seed42,pooled_loro,intervention,42,1120,na,longxi_river,longxihe_UAV1392,0.5,0,0,3618,12766,181.01933598375618,0.0,0.0
E1,q2_x3_loro_longxi_river_seed42,pooled_loro,intervention,42,1120,na,longxi_river,longxihe_UAV1393,0.5,0,0,1106,15278,181.01933598375618,0.0,0.0
E1,q2_x3_loro_longxi_river_seed42,pooled_loro,intervention,42,1120,na,longxi_river,longxihe_UAV1394,0.5,0,0,1386,14998,181.01933598375618,0.0,0.0
E1,q2_x3_loro_longxi_river_seed42,pooled_loro,intervention,42,1120,na,longxi_river,longxihe_UAV1395,0.5,22,0,1466,14896,78.46895504404539,0.05494086226625139,0.11777777777766694
E1,q2_x3_loro_longxi_river_seed42,pooled_loro,intervention,42,1120,na,longxi_river,longxihe_UAV1396,0.5,0,0,705,15679,181.01933598375618,0.0,0.0
E1,q2_x3_loro_longxi_river_seed42,pooled_loro,intervention,42,1120,na,longxi_river,longxihe_UAV1397,0.5,0,0,333,16051,181.01933598375618,0.0,0.0
E1,q2_x3_loro_longxi_river_seed42,pooled_loro,intervention,42,1120,na,longxi_river,longxihe_UAV1398,0.5,0,0,898,15486,181.01933598375618,0.0,0.0
E1,q2_x3_loro_longxi_river_seed42,pooled_loro,intervention,42,1120,na,longxi_river,longxihe_UAV1399,0.5,0,0,808,15576,181.01933598375618,0.0,0.0
E1,q2_x3_loro_longxi_river_seed42,pooled_loro,intervention,42,1120,na,longxi_river,longxihe_UAV1400,0.5,0,0,607,15777,181.01933598375618,0.0,0.0
E1,q2_x3_loro_longxi_river_seed42,pooled_loro,intervention,42,1120,na,longxi_river,longxihe_UAV1401,0.5,0,0,584,15800,181.01933598375618,0.0,0.0
E1,q2_x3_loro_longxi_river_seed42,pooled_loro,intervention,42,1120,na,longxi_river,longxihe_UAV1402,0.5,0,0,142,16242,181.01933598375618,0.0,0.0
E1,q2_x3_loro_longxi_river_seed42,pooled_loro,intervention,42,1120,na,longxi_river,longxihe_UAV1403,0.5,0,0,569,15815,181.01933598375618,0.0,0.0
E1,q2_x3_loro_longxi_river_seed42,pooled_loro,intervention,42,1120,na,longxi_river,longxihe_UAV1404,0.5,0,0,2048,14336,181.01933598375618,0.0,0.0
E1,q2_x3_loro_longxi_river_seed42,pooled_loro,intervention,42,1120,na,longxi_river,longxihe_UAV1405,0.5,0,0,2055,14329,181.01933598375618,0.0,0.0
E1,q2_x3_loro_longxi_river_seed42,pooled_loro,intervention,42,1120,na,longxi_river,longxihe_UAV1406,0.5,0,0,49,16335,181.01933598375618,0.0,0.0
E1,q2_x3_loro_longxi_river_seed42,pooled_loro,intervention,42,1120,na,longxi_river,longxihe_UAV1407,0.5,0,0,1229,15155,181.01933598375618,0.0,0.0
E1,q2_x3_loro_longxi_river_seed42,pooled_loro,intervention,42,1120,na,longxi_river,longxihe_UAV1408,0.5,0,0,3072,13312,181.01933598375618,0.0,0.0
E1,q2_x3_loro_longxi_river_seed42,pooled_loro,intervention,42,1120,na,longxi_river,longxihe_UAV1409,0.5,58,0,2069,14257,136.65281661473549,0.0800254048903208,0.0956897986352669
E1,q2_x3_loro_longxi_river_seed42,pooled_loro,intervention,42,1120,na,longxi_river,longxihe_UAV1410,0.5,79,0,529,15776,127.42487768673227,0.168314703353202,0.2144379101677061
E1,q2_x3_loro_longxi_river_seed42,pooled_loro,intervention,42,1120,na,longxi_river,longxihe_UAV1411,0.5,1,0,1026,15357,113.44822434415573,0.007393715341951967,0.03642987249541049
E1,q2_x3_loro_longxi_river_seed42,pooled_loro,intervention,42,1120,na,longxi_river,longxihe_UAV1412,0.5,2,0,670,15712,113.28283188550682,0.017391304347808844,0.062322946175577
E1,q2_x3_loro_longxi_river_seed42,pooled_loro,intervention,42,1120,na,longxi_river,longxihe_UAV1413,0.5,0,0,18,16366,181.01933598375618,0.0,0.0
E1,q2_x3_loro_longxi_river_seed42,pooled_loro,intervention,42,1120,na,longxi_river,longxihe_UAV1414,0.5,0,0,2955,13429,181.01933598375618,0.0,0.0
E1,q2_x3_loro_longxi_river_seed42,pooled_loro,intervention,42,1120,na,longxi_river,longxihe_UAV1415,0.5,128,0,5038,11218,78.48980765361458,0.0836767036448964,0.14035087719285194
E1,q2_x3_loro_longxi_river_seed42,pooled_loro,intervention,42,1120,na,longxi_river,longxihe_UAV1416,0.5,0,0,3583,12801,181.01933598375618,0.0,0.0
E1,q2_x3_loro_longxi_river_seed42,pooled_loro,intervention,42,1120,na,longxi_river,longxihe_UAV1417,0.5,0,0,3769,12615,181.01933598375618,0.0,0.0
E1,q2_x3_loro_longxi_river_seed42,pooled_loro,intervention,42,1120,na,longxi_river,longxihe_UAV1418,0.5,0,0,3243,13141,181.01933598375618,0.0,0.0
E1,q2_x3_loro_longxi_river_seed42,pooled_loro,intervention,42,1120,na,longxi_river,longxihe_UAV1419,0.5,0,0,2362,14022,181.01933598375618,0.0,0.0
E1,q2_x3_loro_longxi_river_seed42,pooled_loro,intervention,42,1120,na,longxi_river,longxihe_UAV1420,0.5,0,0,1830,14554,181.01933598375618,0.0,0.0
E1,q2_x3_loro_longxi_river_seed42,pooled_loro,intervention,42,1120,na,longxi_river,longxihe_UAV1421,0.5,0,0,980,15404,181.01933598375618,0.0,0.0
E1,q2_x3_loro_longxi_river_seed42,pooled_loro,intervention,42,1120,na,longxi_river,longxihe_UAV1422,0.5,0,113,666,15605,50.00899910017995,0.0,0.0
E1,q2_x3_loro_longxi_river_seed42,pooled_loro,intervention,42,1120,na,longxi_river,longxihe_UAV1423,0.5,0,0,496,15888,181.01933598375618,0.0,0.0
E1,q2_x3_loro_longxi_river_seed42,pooled_loro,intervention,42,1120,na,longxi_river,longxihe_UAV1424,0.5,0,0,754,15630,181.01933598375618,0.0,0.0
E1,q2_x3_loro_longxi_river_seed42,pooled_loro,intervention,42,1120,na,longxi_river,longxihe_UAV1425,0.5,0,0,1276,15108,181.01933598375618,0.0,0.0
E1,q2_x3_loro_longxi_river_seed42,pooled_loro,intervention,42,1120,na,longxi_river,longxihe_UAV1426,0.5,0,0,1569,14815,181.01933598375618,0.0,0.0
E1,q2_x3_loro_longxi_river_seed42,pooled_loro,intervention,42,1120,na,longxi_river,longxihe_UAV1427,0.5,0,0,1326,15058,181.01933598375618,0.0,0.0
E1,q2_x3_loro_longxi_river_seed42,pooled_loro,intervention,42,1120,na,longxi_river,longxihe_UAV1428,0.5,0,0,2371,14013,181.01933598375618,0.0,0.0
E1,q2_x3_loro_longxi_river_seed42,pooled_loro,intervention,42,1120,na,longxi_river,longxihe_UAV1429,0.5,0,0,2107,14277,181.01933598375618,0.0,0.0
E1,q2_x3_loro_longxi_river_seed42,pooled_loro,intervention,42,1120,na,longxi_river,longxihe_UAV1430,0.5,0,0,978,15406,181.01933598375618,0.0,0.0
E1,q2_x3_loro_longxi_river_seed42,pooled_loro,intervention,42,1120,na,longxi_river,longxihe_UAV1431,0.5,31,0,1242,15111,122.96902496256254,0.03923171230071321,0.05417665737794991
E1,q2_x3_loro_longxi_river_seed42,pooled_loro,intervention,42,1120,na,longxi_river,longxihe_UAV1432,0.5,11,0,2527,13846,127.22162723962843,0.021647455721079862,0.0353982300884608
E1,q2_x3_loro_longxi_river_seed42,pooled_loro,intervention,42,1120,na,longxi_river,longxihe_UAV1433,0.5,0,0,2341,14043,181.01933598375618,0.0,0.0
E1,q2_x3_loro_longxi_river_seed42,pooled_loro,intervention,42,1120,na,longxi_river,longxihe_UAV1434,0.5,16,0,1367,15001,88.23781585771789,0.01934369602759326,0.055113393239138254
E1,q2_x3_loro_longxi_river_seed42,pooled_loro,intervention,42,1120,na,longxi_river,longxihe_UAV1435,0.5,0,0,1033,15351,181.01933598375618,0.0,0.0
E1,q2_x3_loro_longxi_river_seed42,pooled_loro,intervention,42,1120,na,longxi_river,longxihe_UAV1436,0.5,0,0,657,15727,181.01933598375618,0.0,0.0
E1,q2_x3_loro_longxi_river_seed42,pooled_loro,intervention,42,1120,na,longxi_river,longxihe_UAV1437,0.5,0,0,2434,13950,181.01933598375618,0.0,0.0
E1,q2_x3_loro_longxi_river_seed42,pooled_loro,intervention,42,1120,na,longxi_river,longxihe_UAV1438,0.5,0,0,2494,13890,181.01933598375618,0.0,0.0
E1,q2_x3_loro_longxi_river_seed42,pooled_loro,intervention,42,1120,na,longxi_river,longxihe_UAV1439,0.5,0,0,839,15545,181.01933598375618,0.0,0.0
E1,q2_x3_loro_longxi_river_seed42,pooled_loro,intervention,42,1120,na,longxi_river,longxihe_UAV1440,0.5,0,0,510,15874,181.01933598375618,0.0,0.0
E1,q2_x3_loro_longxi_river_seed42,pooled_loro,intervention,42,1120,na,longxi_river,longxihe_UAV1441,0.5,0,0,1087,15297,181.01933598375618,0.0,0.0
E1,q2_x3_loro_longxi_river_seed42,pooled_loro,intervention,42,1120,na,longxi_river,longxihe_UAV1442,0.5,0,0,1087,15297,181.01933598375618,0.0,0.0
E1,q2_x3_loro_longxi_river_seed42,pooled_loro,intervention,42,1120,na,longxi_river,longxihe_UAV1443,0.5,0,0,129,16255,181.01933598375618,0.0,0.0
E1,q2_x3_loro_longxi_river_seed42,pooled_loro,intervention,42,1120,na,longxi_river,longxihe_UAV1444,0.5,0,0,129,16255,181.01933598375618,0.0,0.0
E1,q2_x3_loro_longxi_river_seed42,pooled_loro,intervention,42,1120,na,longxi_river,longxihe_UAV1445,0.5,0,0,954,15430,181.01933598375618,0.0,0.0
E1,q2_x3_loro_longxi_river_seed42,pooled_loro,intervention,42,1120,na,longxi_river,longxihe_UAV1446,0.5,0,0,3654,12730,181.01933598375618,0.0,0.0
E1,q2_x3_loro_longxi_river_seed42,pooled_loro,intervention,42,1120,na,longxi_river,longxihe_UAV1447,0.5,56,0,3900,12428,127.534309109353,0.04784053156138158,0.05864060417584668
E1,q2_x3_loro_longxi_river_seed42,pooled_loro,intervention,42,1120,na,longxi_river,longxihe_UAV1448,0.5,137,0,2843,13404,81.84008794000421,0.10753152375281602,0.20071430155928366
E1,q2_x3_loro_longxi_river_seed42,pooled_loro,intervention,42,1120,na,longxi_river,longxihe_UAV1449,0.5,197,0,3369,12818,66.64608006611994,0.09128946367427074,0.14077916177625413
E1,q2_x3_loro_longxi_river_seed42,pooled_loro,intervention,42,1120,na,longxi_river,longxihe_UAV1450,0.5,26,0,3012,13346,66.6610626259715,0.02880679233836081,0.058690744920936254
E1,q2_x3_loro_longxi_river_seed42,pooled_loro,intervention,42,1120,na,longxi_river,longxihe_UAV1451,0.5,4,0,1364,15016,113.96837313782449,0.01851851851850017,0.0633484162895314
E1,q2_x3_loro_longxi_river_seed42,pooled_loro,intervention,42,1120,na,longxi_river,longxihe_UAV1452,0.5,0,0,172,16212,181.01933598375618,0.0,0.0
E1,q2_x3_loro_longxi_river_seed42,pooled_loro,intervention,42,1120,na,longxi_river,longxihe_UAV1453,0.5,0,0,765,15619,181.01933598375618,0.0,0.0
E1,q2_x3_loro_longxi_river_seed42,pooled_loro,intervention,42,1120,na,longxi_river,longxihe_UAV1454,0.5,172,16,1096,15100,55.19839763114751,0.28933774291388425,0.3774250440914045
E1,q2_x3_loro_longxi_river_seed42,pooled_loro,intervention,42,1120,na,longxi_river,longxihe_UAV1455,0.5,25,0,980,15379,81.6937972775916,0.06286836935159808,0.13688212927743904
E1,q2_x3_loro_longxi_river_seed42,pooled_loro,intervention,42,1120,na,longxi_river,longxihe_UAV1456,0.5,0,0,2849,13535,181.01933598375618,0.0,0.0
E1,q2_x3_loro_longxi_river_seed42,pooled_loro,intervention,42,1120,na,longxi_river,longxihe_UAV1457,0.5,0,0,4553,11831,181.01933598375618,0.0,0.0
E1,q2_x3_loro_longxi_river_seed42,pooled_loro,intervention,42,1120,na,longxi_river,longxihe_UAV1458,0.5,0,0,5069,11315,181.01933598375618,0.0,0.0
E1,q2_x3_loro_longxi_river_seed42,pooled_loro,intervention,42,1120,na,longxi_river,longxihe_UAV1459,0.5,0,0,5773,10611,181.01933598375618,0.0,0.0
E1,q2_x3_loro_longxi_river_seed42,pooled_loro,intervention,42,1120,na,longxi_river,longxihe_UAV1460,0.5,0,0,3275,13109,181.01933598375618,0.0,0.0
E1,q2_x3_loro_longxi_river_seed42,pooled_loro,intervention,42,1120,na,longxi_river,longxihe_UAV1461,0.5,0,0,365,16019,181.01933598375618,0.0,0.0
E1,q2_x3_loro_longxi_river_seed42,pooled_loro,intervention,42,1120,na,longxi_river,longxihe_UAV1462,0.5,0,0,159,16225,181.01933598375618,0.0,0.0
E1,q2_x3_loro_longxi_river_seed42,pooled_loro,intervention,42,1120,na,longxi_river,longxihe_UAV1463,0.5,0,0,1105,15279,181.01933598375618,0.0,0.0
E1,q2_x3_loro_longxi_river_seed42,pooled_loro,intervention,42,1120,na,longxi_river,longxihe_UAV1464,0.5,0,0,1821,14563,181.01933598375618,0.0,0.0
E1,q2_x3_loro_longxi_river_seed42,pooled_loro,intervention,42,1120,na,longxi_river,longxihe_UAV1465,0.5,0,0,1524,14860,181.01933598375618,0.0,0.0
E1,q2_x3_loro_longxi_river_seed42,pooled_loro,intervention,42,1120,na,longxi_river,longxihe_UAV1466,0.5,0,0,1637,14747,181.01933598375618,0.0,0.0
E1,q2_x3_loro_longxi_river_seed42,pooled_loro,intervention,42,1120,na,longxi_river,longxihe_UAV1467,0.5,0,0,1994,14390,181.01933598375618,0.0,0.0
E1,q2_x3_loro_longxi_river_seed42,pooled_loro,intervention,42,1120,na,longxi_river,longxihe_UAV1468,0.5,46,0,1803,14535,82.1309918595847,0.04078205589532999,0.07745716287653964
E1,q2_x3_loro_longxi_river_seed42,pooled_loro,intervention,42,1120,na,longxi_river,longxihe_UAV1469,0.5,0,0,2355,14029,181.01933598375618,0.0,0.0
E1,q2_x3_loro_longxi_river_seed42,pooled_loro,intervention,42,1120,na,longxi_river,longxihe_UAV1470,0.5,159,0,2744,13481,78.58593862463054,0.08734212986094543,0.1301076682588959
E1,q2_x3_loro_longxi_river_seed42,pooled_loro,intervention,42,1120,na,longxi_river,longxihe_UAV1471,0.5,11,0,2499,13874,78.77182237323191,0.0029850746268493883,0.022296544035650245
E1,q2_x3_loro_longxi_river_seed42,pooled_loro,intervention,42,1120,na,longxi_river,longxihe_UAV1472,0.5,0,0,1598,14786,181.01933598375618,0.0,0.0
E1,q2_x3_loro_longxi_river_seed42,pooled_loro,intervention,42,1120,na,longxi_river,longxihe_UAV1473,0.5,0,0,1009,15375,181.01933598375618,0.0,0.0
E1,q2_x3_loro_longxi_river_seed42,pooled_loro,intervention,42,1120,na,longxi_river,longxihe_UAV1474,0.5,127,26,2363,13868,68.41052550594829,0.09778080095219177,0.13899613899600965
E1,q2_x3_loro_longxi_river_seed42,pooled_loro,intervention,42,1120,na,longxi_river,longxihe_UAV1475,0.5,0,0,3503,12881,181.01933598375618,0.0,0.0
E1,q2_x3_loro_longxi_river_seed42,pooled_loro,intervention,42,1120,na,longxi_river,longxihe_UAV1476,0.5,0,0,2135,14249,181.01933598375618,0.0,0.0
E1,q2_x3_loro_longxi_river_seed42,pooled_loro,intervention,42,1120,na,longxi_river,longxihe_UAV1477,0.5,0,0,624,15760,181.01933598375618,0.0,0.0
E1,q2_x3_loro_longxi_river_seed42,pooled_loro,intervention,42,1120,na,longxi_river,longxihe_UAV1478,0.5,0,0,32,16352,181.01933598375618,0.0,0.0
E1,q2_x3_loro_longxi_river_seed42,pooled_loro,intervention,42,1120,na,longxi_river,longxihe_UAV1479,0.5,0,0,25,16359,181.01933598375618,0.0,0.0
E1,q2_x3_loro_longxi_river_seed42,pooled_loro,intervention,42,1120,na,longxi_river,longxihe_UAV1480,0.5,88,0,222,16074,28.335464960526274,0.5856802578109744,0.714801444042862
E1,q2_x3_loro_longxi_river_seed42,pooled_loro,intervention,42,1120,na,longxi_river,longxihe_UAV1481,0.5,175,5,701,15503,41.00968048916426,0.47726234749095786,0.6082474226799891
E1,q2_x3_loro_longxi_river_seed42,pooled_loro,intervention,42,1120,na,longxi_river,longxihe_UAV1482,0.5,44,0,717,15623,73.25946353296142,0.16844305120143682,0.3174603174600504
E1,q2_x3_loro_longxi_river_seed42,pooled_loro,intervention,42,1120,na,longxi_river,longxihe_UAV1483,0.5,0,0,211,16173,181.01933598375618,0.0,0.0
E1,q2_x3_loro_longxi_river_seed42,pooled_loro,intervention,42,1120,na,longxi_river,longxihe_UAV1484,0.5,106,0,1243,15035,113.26804422981142,0.08801955990184647,0.29816985399918533
E1,q2_x3_loro_longxi_river_seed42,pooled_loro,intervention,42,1120,na,longxi_river,longxihe_UAV1485,0.5,1072,1,2733,12578,57.168044246404136,0.25187903595710404,0.35458097480297623
E1,q2_x3_loro_longxi_river_seed42,pooled_loro,intervention,42,1120,na,longxi_river,longxihe_UAV1486,0.5,239,0,3260,12885,102.6432375076438,0.11341389320173166,0.1858077546123955
E1,q2_x3_loro_longxi_river_seed42,pooled_loro,intervention,42,1120,na,longxi_river,longxihe_UAV1487,0.5,313,2,3302,12767,49.00765226452854,0.16396059418420963,0.24780731552278207
E1,q2_x3_loro_longxi_river_seed42,pooled_loro,intervention,42,1120,na,longxi_river,longxihe_UAV1488,0.5,356,3,4452,11573,58.09560429254685,0.07043237210623084,0.13620502332694007
E1,q2_x3_loro_longxi_river_seed42,pooled_loro,intervention,42,1120,na,longxi_river,longxihe_UAV1489,0.5,1,0,3104,13279,93.49010620813152,0.006509357200969915,0.017799352750791416
E1,q2_x3_loro_longxi_river_seed42,pooled_loro,intervention,42,1120,na,longxi_river,longxihe_UAV1490,0.5,39,0,2607,13738,131.63357546337332,0.040716363079698864,0.059845559845501786
E1,q2_x3_loro_longxi_river_seed42,pooled_loro,intervention,42,1120,na,longxi_river,longxihe_UAV1491,0.5,51,0,1823,14510,49.162893141771086,0.04954913926576869,0.1769662921346701
E1,q2_x3_loro_longxi_river_seed42,pooled_loro,intervention,42,1120,na,longxi_river,longxihe_UAV1492,0.5,0,0,1199,15185,181.01933598375618,0.0,0.0
E1,q2_x3_loro_longxi_river_seed42,pooled_loro,intervention,42,1120,na,longxi_river,longxihe_UAV1493,0.5,331,14,2112,13927,59.672438634625955,0.14483278853388798,0.1973365063382012
E1,q2_x3_loro_longxi_river_seed42,pooled_loro,intervention,42,1120,na,longxi_river,longxihe_UAV1494,0.5,0,0,1470,14914,181.01933598375618,0.0,0.0
E1,q2_x3_loro_longxi_river_seed42,pooled_loro,intervention,42,1120,na,longxi_river,longxihe_UAV1495,0.5,0,0,1100,15284,181.01933598375618,0.0,0.0
E1,q2_x3_loro_longxi_river_seed42,pooled_loro,intervention,42,1120,na,longxi_river,longxihe_UAV1496,0.5,0,0,3210,13174,181.01933598375618,0.0,0.0
E1,q2_x3_loro_longxi_river_seed42,pooled_loro,intervention,42,1120,na,longxi_river,longxihe_UAV1497,0.5,0,0,4623,11761,181.01933598375618,0.0,0.0
E1,q2_x3_loro_longxi_river_seed42,pooled_loro,intervention,42,1120,na,longxi_river,longxihe_UAV1498,0.5,368,66,5548,10402,65.11528238439882,0.05604213096357651,0.1422915927632305
E1,q2_x3_loro_longxi_river_seed42,pooled_loro,intervention,42,1120,na,longxi_river,longxihe_UAV1499,0.5,271,105,3533,12475,70.07566849872191,0.12024789566164312,0.18037184349255608
E1,q2_x3_loro_longxi_river_seed42,pooled_loro,intervention,42,1120,na,longxi_river,longxihe_UAV1500,0.5,0,0,289,16095,181.01933598375618,0.0,0.0
E1,q2_x3_loro_longxi_river_seed42,pooled_loro,intervention,42,1120,na,longxi_river,longxihe_UAV1501,0.5,0,0,120,16264,181.01933598375618,0.0,0.0
E1,q2_x3_loro_longxi_river_seed42,pooled_loro,intervention,42,1120,na,longxi_river,longxihe_UAV1502,0.5,0,0,594,15790,181.01933598375618,0.0,0.0
E1,q2_x3_loro_longxi_river_seed42,pooled_loro,intervention,42,1120,na,longxi_river,longxihe_UAV1503,0.5,22,130,497,15735,54.64821268413701,0.10360858977160894,0.14215202369163318
E1,q2_x3_loro_longxi_river_seed42,pooled_loro,intervention,42,1120,na,longxi_river,longxihe_UAV1504,0.5,0,0,64,16320,181.01933598375618,0.0,0.0
E1,q2_x3_loro_longxi_river_seed42,pooled_loro,intervention,42,1120,na,longxi_river,longxihe_UAV1505,0.5,0,0,554,15830,181.01933598375618,0.0,0.0
E1,q2_x3_loro_longxi_river_seed42,pooled_loro,intervention,42,1120,na,longxi_river,longxihe_UAV1506,0.5,0,0,2166,14218,181.01933598375618,0.0,0.0
E1,q2_x3_loro_longxi_river_seed42,pooled_loro,intervention,42,1120,na,longxi_river,longxihe_UAV1507,0.5,0,0,3221,13163,181.01933598375618,0.0,0.0
E1,q2_x3_loro_longxi_river_seed42,pooled_loro,intervention,42,1120,na,longxi_river,longxihe_UAV1508,0.5,0,0,3973,12411,181.01933598375618,0.0,0.0
E1,q2_x3_loro_longxi_river_seed42,pooled_loro,intervention,42,1120,na,longxi_river,longxihe_UAV1509,0.5,0,0,3967,12417,181.01933598375618,0.0,0.0
E1,q2_x3_loro_longxi_river_seed42,pooled_loro,intervention,42,1120,na,longxi_river,longxihe_UAV1510,0.5,0,0,2869,13515,181.01933598375618,0.0,0.0
E1,q2_x3_loro_longxi_river_seed42,pooled_loro,intervention,42,1120,na,longxi_river,longxihe_UAV1511,0.5,0,0,1313,15071,181.01933598375618,0.0,0.0
E1,q2_x3_loro_longxi_river_seed42,pooled_loro,intervention,42,1120,na,longxi_river,longxihe_UAV1512,0.5,112,0,1559,14713,59.0,0.06772341365248896,0.11510416666650769
E1,q2_x3_loro_longxi_river_seed42,pooled_loro,intervention,42,1120,na,longxi_river,longxihe_UAV1513,0.5,34,0,2606,13744,123.86178611472221,0.01731601731597496,0.026017344896558506
E1,q2_x3_loro_longxi_river_seed42,pooled_loro,intervention,42,1120,na,longxi_river,longxihe_UAV1514,0.5,0,0,1688,14696,181.01933598375618,0.0,0.0
E1,q2_x3_loro_longxi_river_seed42,pooled_loro,intervention,42,1120,na,longxi_river,longxihe_UAV1515,0.5,0,0,989,15395,181.01933598375618,0.0,0.0
E1,q2_x3_loro_longxi_river_seed42,pooled_loro,intervention,42,1120,na,longxi_river,longxihe_UAV1516,0.5,0,0,758,15626,181.01933598375618,0.0,0.0
E1,q2_x3_loro_longxi_river_seed42,pooled_loro,intervention,42,1120,na,longxi_river,longxihe_UAV1517,0.5,5,0,1811,14568,101.15828986844218,0.015913611821520516,0.05797101449269732
E1,q2_x3_loro_longxi_river_seed42,pooled_loro,intervention,42,1120,na,longxi_river,longxihe_UAV1518,0.5,0,0,2068,14316,181.01933598375618,0.0,0.0
E1,q2_x3_loro_longxi_river_seed42,pooled_loro,intervention,42,1120,na,longxi_river,longxihe_UAV1519,0.5,0,0,1046,15338,181.01933598375618,0.0,0.0
E1,q2_x3_loro_longxi_river_seed42,pooled_loro,intervention,42,1120,na,longxi_river,longxihe_UAV1520,0.5,16,0,472,15896,96.91796423756459,0.17164179104461919,0.22463768115922086
E1,q2_x3_loro_longxi_river_seed42,pooled_loro,intervention,42,1120,na,longxi_river,longxihe_UAV1521,0.5,20,0,449,15915,94.86938386832604,0.21804511278176059,0.27636363636339817
E1,q2_x3_loro_longxi_river_seed42,pooled_loro,intervention,42,1120,na,longxi_river,longxihe_UAV1522,0.5,26,312,205,15841,104.0,0.09053497942342949,0.12249705535877885
E1,q2_x3_loro_longxi_river_seed42,pooled_loro,intervention,42,1120,na,longxi_river,longxihe_UAV1523,0.5,108,286,923,15067,66.47179821224626,0.10705596107010586,0.23228803716561602
E1,q2_x3_loro_longxi_river_seed42,pooled_loro,intervention,42,1120,na,longxi_river,longxihe_UAV1524,0.5,94,82,1136,15072,65.67667682759165,0.27959658650074953,0.3816757654873435
E1,q2_x3_loro_longxi_river_seed42,pooled_loro,intervention,42,1120,na,longxi_river,longxihe_UAV1525,0.5,156,0,1173,15055,75.01864349467375,0.3332126041286308,0.4809782608691999
E1,q2_x3_loro_longxi_river_seed42,pooled_loro,intervention,42,1120,na,longxi_river,longxihe_UAV1526,0.5,124,4,970,15286,105.5561453267992,0.27031116042132863,0.4292527821936215
E1,q2_x3_loro_longxi_river_seed42,pooled_loro,intervention,42,1120,na,longxi_river,longxihe_UAV1527,0.5,0,0,211,16173,181.01933598375618,0.0,0.0
E1,q2_x3_loro_longxi_river_seed42,pooled_loro,intervention,42,1120,na,longxi_river,longxihe_UAV1528,0.5,69,14,539,15762,118.0963393891751,0.49152542372844277,0.5645161290318529
E1,q2_x3_loro_longxi_river_seed42,pooled_loro,intervention,42,1120,na,longxi_river,longxihe_UAV1529,0.5,158,13,1890,14323,58.14751768114873,0.1774852473896618,0.27153774895757915
E1,q2_x3_loro_longxi_river_seed42,pooled_loro,intervention,42,1120,na,longxi_river,longxihe_UAV1530,0.5,352,0,2487,13545,65.63076503757735,0.15483157458158087,0.293839454988376
E1,q2_x3_loro_longxi_river_seed42,pooled_loro,intervention,42,1120,na,longxi_river,longxihe_UAV1531,0.5,257,0,2358,13769,54.55409099142129,0.17269419799554037,0.274742428972571
E1,q2_x3_loro_longxi_river_seed42,pooled_loro,intervention,42,1120,na,longxi_river,longxihe_UAV1532,0.5,26,0,2115,14243,62.36140267397025,0.03943661971824453,0.13437849943996422
E1,q2_x3_loro_longxi_river_seed42,pooled_loro,intervention,42,1120,na,longxi_river,longxihe_UAV1533,0.5,85,2,1544,14753,94.85989612744483,0.18948453951181018,0.27030374239826427
E1,q2_x3_loro_longxi_river_seed42,pooled_loro,intervention,42,1120,na,longxi_river,longxihe_UAV1534,0.5,60,1,2282,14041,75.79041662478078,0.13211009174299587,0.1918294849021356
E1,q2_x3_loro_longxi_river_seed42,pooled_loro,intervention,42,1120,na,longxi_river,longxihe_UAV1535,0.5,0,0,1735,14649,181.01933598375618,0.0,0.0
E1,q2_x3_loro_longxi_river_seed42,pooled_loro,intervention,42,1120,na,longxi_river,longxihe_UAV1536,0.5,0,0,1926,14458,181.01933598375618,0.0,0.0
E1,q2_x3_loro_longxi_river_seed42,pooled_loro,intervention,42,1120,na,longxi_river,longxihe_UAV1537,0.5,603,0,2642,13139,64.8642610565235,0.10163808351900389,0.16264683394712348
E1,q2_x3_loro_longxi_river_seed42,pooled_loro,intervention,42,1120,na,longxi_river,longxihe_UAV1538,0.5,0,0,1472,14912,181.01933598375618,0.0,0.0
E1,q2_x3_loro_longxi_river_seed42,pooled_loro,intervention,42,1120,na,longxi_river,longxihe_UAV1539,0.5,0,0,40,16344,181.01933598375618,0.0,0.0
E1,q2_x3_loro_longxi_river_seed42,pooled_loro,intervention,42,1120,na,longxi_river,longxihe_UAV1540,0.5,0,0,845,15539,181.01933598375618,0.0,0.0
E1,q2_x3_loro_longxi_river_seed42,pooled_loro,intervention,42,1120,na,longxi_river,longxihe_UAV1541,0.5,520,193,1701,13970,71.97357533219245,0.21991911972131886,0.3284831572649788
E1,q2_x3_loro_longxi_river_seed42,pooled_loro,intervention,42,1120,na,longxi_river,longxihe_UAV1542,0.5,0,0,2296,14088,181.01933598375618,0.0,0.0
E1,q2_x3_loro_longxi_river_seed42,pooled_loro,intervention,42,1120,na,longxi_river,longxihe_UAV1543,0.5,0,0,960,15424,181.01933598375618,0.0,0.0
E1,q2_x3_loro_longxi_river_seed42,pooled_loro,intervention,42,1120,na,longxi_river,longxihe_UAV1544,0.5,0,0,41,16343,181.01933598375618,0.0,0.0
E1,q2_x3_loro_longxi_river_seed42,pooled_loro,intervention,42,1120,na,longxi_river,longxihe_UAV1545,0.5,259,2,304,15819,38.68403440044807,0.4713039203633445,0.7557003257324288
E1,q2_x3_loro_longxi_river_seed42,pooled_loro,intervention,42,1120,na,longxi_river,longxihe_UAV1546,0.5,0,0,1885,14499,181.01933598375618,0.0,0.0
E1,q2_x3_loro_longxi_river_seed42,pooled_loro,intervention,42,1120,na,longxi_river,longxihe_UAV1547,0.5,0,0,2787,13597,181.01933598375618,0.0,0.0
E1,q2_x3_loro_longxi_river_seed42,pooled_loro,intervention,42,1120,na,longxi_river,longxihe_UAV1548,0.5,0,0,2015,14369,181.01933598375618,0.0,0.0
E1,q2_x3_loro_longxi_river_seed42,pooled_loro,intervention,42,1120,na,longxi_river,longxihe_UAV1549,0.5,0,0,557,15827,181.01933598375618,0.0,0.0
E1,q2_x3_loro_longxi_river_seed42,pooled_loro,intervention,42,1120,na,longxi_river,longxihe_UAV1550,0.5,0,0,1232,15152,181.01933598375618,0.0,0.0
E1,q2_x3_loro_longxi_river_seed42,pooled_loro,intervention,42,1120,na,longxi_river,longxihe_UAV1551,0.5,0,0,3380,13004,181.01933598375618,0.0,0.0
E1,q2_x3_loro_longxi_river_seed42,pooled_loro,intervention,42,1120,na,longxi_river,longxihe_UAV1552,0.5,0,0,4238,12146,181.01933598375618,0.0,0.0
E1,q2_x3_loro_longxi_river_seed42,pooled_loro,intervention,42,1120,na,longxi_river,longxihe_UAV1553,0.5,0,0,3401,12983,181.01933598375618,0.0,0.0
E1,q2_x3_loro_longxi_river_seed42,pooled_loro,intervention,42,1120,na,longxi_river,longxihe_UAV1554,0.5,0,0,2625,13759,181.01933598375618,0.0,0.0
E1,q2_x3_loro_longxi_river_seed42,pooled_loro,intervention,42,1120,na,longxi_river,longxihe_UAV1555,0.5,0,0,2924,13460,181.01933598375618,0.0,0.0
E1,q2_x3_loro_longxi_river_seed42,pooled_loro,intervention,42,1120,na,longxi_river,longxihe_UAV1556,0.5,0,0,2820,13564,181.01933598375618,0.0,0.0
E1,q2_x3_loro_longxi_river_seed42,pooled_loro,intervention,42,1120,na,longxi_river,longxihe_UAV1557,0.5,0,0,1846,14538,181.01933598375618,0.0,0.0
E1,q2_x3_loro_longxi_river_seed42,pooled_loro,intervention,42,1120,na,longxi_river,longxihe_UAV1558,0.5,0,0,1089,15295,181.01933598375618,0.0,0.0
E1,q2_x3_loro_longxi_river_seed42,pooled_loro,intervention,42,1120,na,longxi_river,longxihe_UAV1559,0.5,0,0,800,15584,181.01933598375618,0.0,0.0
E1,q2_x3_loro_longxi_river_seed42,pooled_loro,intervention,42,1120,na,longxi_river,longxihe_UAV1560,0.5,0,0,452,15932,181.01933598375618,0.0,0.0
E1,q2_x3_loro_longxi_river_seed42,pooled_loro,intervention,42,1120,na,longxi_river,longxihe_UAV1561,0.5,57,20,843,15464,91.71471562624855,0.16494130467069795,0.1894353369761491
E1,q2_x3_loro_longxi_river_seed42,pooled_loro,intervention,42,1120,na,longxi_river,longxihe_UAV1562,0.5,191,0,1814,14379,63.812224534175265,0.045409674234795264,0.13741235590698936
E1,q2_x3_loro_longxi_river_seed42,pooled_loro,intervention,42,1120,na,longxi_river,longxihe_UAV1563,0.5,0,0,1930,14454,181.01933598375618,0.0,0.0
E1,q2_x3_loro_longxi_river_seed42,pooled_loro,intervention,42,1120,na,longxi_river,longxihe_UAV1564,0.5,30,0,1174,15180,79.47955712005447,0.11056910569095244,0.17582417582401544
E1,q2_x3_loro_longxi_river_seed42,pooled_loro,intervention,42,1120,na,longxi_river,longxihe_UAV1565,0.5,57,1,1125,15201,76.1498499541075,0.19808306709247328,0.253869969040026
E1,q2_x3_loro_longxi_river_seed42,pooled_loro,intervention,42,1120,na,longxi_river,longxihe_UAV1566,0.5,44,1206,218,14916,105.89162216188896,0.06639004149341919,0.09658536585335348
E1,q2_x3_loro_longxi_river_seed42,pooled_loro,intervention,42,1120,na,longxi_river,longxihe_UAV1567,0.5,186,55,1314,14829,84.9838207297456,0.1604665192033862,0.29719626168192526
E1,q2_x3_loro_longxi_river_seed42,pooled_loro,intervention,42,1120,na,longxi_river,longxihe_UAV1568,0.5,64,324,1440,14556,60.14558102577302,0.03560756972073967,0.1119347047551641
E1,q2_x3_loro_longxi_river_seed42,pooled_loro,intervention,42,1120,na,longxi_river,longxihe_UAV1569,0.5,205,305,645,15229,67.16234941126166,0.4171700581795311,0.46139457549572704
E1,q2_x3_loro_longxi_river_seed42,pooled_loro,intervention,42,1120,na,longxi_river,longxihe_UAV1570,0.5,154,0,430,15800,52.57609893624262,0.5057803468204215,0.5931034482754448
E1,q2_x3_loro_longxi_river_seed42,pooled_loro,intervention,42,1120,na,longxi_river,longxihe_UAV1571,0.5,62,15,102,16205,50.851764079024036,0.7071823204415318,0.7553191489357001
E1,q2_x3_loro_longxi_river_seed42,pooled_loro,intervention,42,1120,na,longxi_river,longxihe_UAV1572,0.5,60,7,780,15537,56.95654883566696,0.23052294557069794,0.3494736842102379
E1,q2_x3_loro_longxi_river_seed42,pooled_loro,intervention,42,1120,na,longxi_river,longxihe_UAV1573,0.5,258,1,2011,14114,70.50818623693004,0.16319201278504677,0.2602375960864014
E1,q2_x3_loro_longxi_river_seed42,pooled_loro,intervention,42,1120,na,longxi_river,longxihe_UAV1574,0.5,283,5,1776,14320,41.379332633845856,0.17822877524912542,0.27303550318890085
E1,q2_x3_loro_longxi_river_seed42,pooled_loro,intervention,42,1120,na,longxi_river,longxihe_UAV1575,0.5,72,0,601,15711,57.44211286762338,0.10051546391725377,0.31883324903017896
E1,q2_x3_loro_longxi_river_seed42,pooled_loro,intervention,42,1120,na,longxi_river,longxihe_UAV1576,0.5,22,0,739,15623,69.04165193386284,0.1122661122660063,0.1656565656564137
E1,q2_x3_loro_longxi_river_seed42,pooled_loro,intervention,42,1120,na,longxi_river,longxihe_UAV1577,0.5,124,23,550,15687,60.128183145668196,0.23759091489067455,0.34851485148486067
E1,q2_x3_loro_longxi_river_seed42,pooled_loro,intervention,42,1120,na,longxi_river,longxihe_UAV1578,0.5,23,0,180,16181,150.7649613833936,0.2751322751319476,0.4042553191486136
E1,q2_x3_loro_longxi_river_seed42,pooled_loro,intervention,42,1120,na,longxi_river,longxihe_UAV1579,0.5,17,0,1816,14551,105.47511554864494,0.06160225085140487,0.10227272727263022
E1,q2_x3_loro_longxi_river_seed42,pooled_loro,intervention,42,1120,na,longxi_river,longxihe_UAV1580,0.5,0,0,2398,13986,181.01933598375618,0.0,0.0
E1,q2_x3_loro_longxi_river_seed42,pooled_loro,intervention,42,1120,na,longxi_river,longxihe_UAV1581,0.5,0,0,688,15696,181.01933598375618,0.0,0.0
E1,q2_x3_loro_longxi_river_seed42,pooled_loro,intervention,42,1120,na,longxi_river,longxihe_UAV1582,0.5,0,0,40,16344,181.01933598375618,0.0,0.0
E1,q2_x3_loro_longxi_river_seed42,pooled_loro,intervention,42,1120,na,longxi_river,longxihe_UAV1583,0.5,0,0,44,16340,181.01933598375618,0.0,0.0
E1,q2_x3_loro_longxi_river_seed42,pooled_loro,intervention,42,1120,na,longxi_river,longxihe_UAV1584,0.5,0,0,424,15960,181.01933598375618,0.0,0.0
E1,q2_x3_loro_longxi_river_seed42,pooled_loro,intervention,42,1120,na,longxi_river,longxihe_UAV1585,0.5,0,0,380,16004,181.01933598375618,0.0,0.0
E1,q2_x3_loro_longxi_river_seed42,pooled_loro,intervention,42,1120,na,longxi_river,longxihe_UAV1586,0.5,0,0,443,15941,181.01933598375618,0.0,0.0
E1,q2_x3_loro_longxi_river_seed42,pooled_loro,intervention,42,1120,na,longxi_river,longxihe_UAV1587,0.5,0,0,1520,14864,181.01933598375618,0.0,0.0
E1,q2_x3_loro_longxi_river_seed42,pooled_loro,intervention,42,1120,na,longxi_river,longxihe_UAV1588,0.5,0,0,2876,13508,181.01933598375618,0.0,0.0
E1,q2_x3_loro_longxi_river_seed42,pooled_loro,intervention,42,1120,na,longxi_river,longxihe_UAV1589,0.5,0,0,2388,13996,181.01933598375618,0.0,0.0
E1,q2_x3_loro_longxi_river_seed42,pooled_loro,intervention,42,1120,na,longxi_river,longxihe_UAV1590,0.5,0,0,590,15794,181.01933598375618,0.0,0.0
E1,q2_x3_loro_longxi_river_seed42,pooled_loro,intervention,42,1120,na,longxi_river,longxihe_UAV1591,0.5,0,0,345,16039,181.01933598375618,0.0,0.0
E1,q2_x3_loro_longxi_river_seed42,pooled_loro,intervention,42,1120,na,longxi_river,longxihe_UAV1592,0.5,0,0,2196,14188,181.01933598375618,0.0,0.0
E1,q2_x3_loro_longxi_river_seed42,pooled_loro,intervention,42,1120,na,longxi_river,longxihe_UAV1593,0.5,0,0,3284,13100,181.01933598375618,0.0,0.0
E1,q2_x3_loro_longxi_river_seed42,pooled_loro,intervention,42,1120,na,longxi_river,longxihe_UAV1594,0.5,0,0,3046,13338,181.01933598375618,0.0,0.0
E1,q2_x3_loro_longxi_river_seed42,pooled_loro,intervention,42,1120,na,longxi_river,longxihe_UAV1595,0.5,0,0,3232,13152,181.01933598375618,0.0,0.0
E1,q2_x3_loro_longxi_river_seed42,pooled_loro,intervention,42,1120,na,longxi_river,longxihe_UAV1596,0.5,0,0,5322,11062,181.01933598375618,0.0,0.0
E1,q2_x3_loro_longxi_river_seed42,pooled_loro,intervention,42,1120,na,longxi_river,longxihe_UAV1597,0.5,0,0,4403,11981,181.01933598375618,0.0,0.0
E1,q2_x3_loro_longxi_river_seed42,pooled_loro,intervention,42,1120,na,longxi_river,longxihe_UAV1598,0.5,0,0,892,15492,181.01933598375618,0.0,0.0
E1,q2_x3_loro_longxi_river_seed42,pooled_loro,intervention,42,1120,na,longxi_river,longxihe_UAV1599,0.5,0,0,1267,15117,181.01933598375618,0.0,0.0
E1,q2_x3_loro_longxi_river_seed42,pooled_loro,intervention,42,1120,na,longxi_river,longxihe_UAV1600,0.5,0,0,1711,14673,181.01933598375618,0.0,0.0
E1,q2_x3_loro_longxi_river_seed42,pooled_loro,intervention,42,1120,na,longxi_river,longxihe_UAV1601,0.5,0,0,943,15441,181.01933598375618,0.0,0.0
E1,q2_x3_loro_longxi_river_seed42,pooled_loro,intervention,42,1120,na,longxi_river,longxihe_UAV1602,0.5,0,0,1435,14949,181.01933598375618,0.0,0.0
E1,q2_x3_loro_longxi_river_seed42,pooled_loro,intervention,42,1120,na,longxi_river,longxihe_UAV1603,0.5,0,0,1896,14488,181.01933598375618,0.0,0.0
E1,q2_x3_loro_longxi_river_seed42,pooled_loro,intervention,42,1120,na,longxi_river,longxihe_UAV1604,0.5,0,0,1192,15192,181.01933598375618,0.0,0.0
E1,q2_x3_loro_longxi_river_seed42,pooled_loro,intervention,42,1120,na,longxi_river,longxihe_UAV1605,0.5,0,0,748,15636,181.01933598375618,0.0,0.0
E1,q2_x3_loro_longxi_river_seed42,pooled_loro,intervention,42,1120,na,longxi_river,longxihe_UAV1606,0.5,0,0,738,15646,181.01933598375618,0.0,0.0
E1,q2_x3_loro_longxi_river_seed42,pooled_loro,intervention,42,1120,na,longxi_river,longxihe_UAV1607,0.5,38,264,64,16018,104.52644072325175,0.1470588235290319,0.19298245613999876
E1,q2_x3_loro_longxi_river_seed42,pooled_loro,intervention,42,1120,na,longxi_river,longxihe_UAV1608,0.5,256,112,924,15092,53.24190003890811,0.2120719405359279,0.2780076121128534
E1,q2_x3_loro_longxi_river_seed42,pooled_loro,intervention,42,1120,na,longxi_river,longxihe_UAV1609,0.5,305,349,802,14928,56.78548227453787,0.2880349133223748,0.36413614545896067
E1,q2_x3_loro_longxi_river_seed42,pooled_loro,intervention,42,1120,na,longxi_river,longxihe_UAV1610,0.5,72,565,222,15525,52.33775815303479,0.18791946308679808,0.2180545836244985
E1,q2_x3_loro_longxi_river_seed42,pooled_loro,intervention,42,1120,na,longxi_river,longxihe_UAV1611,0.5,88,2,245,16049,126.75823231970188,0.4644549763029609,0.5205479452050944
E1,q2_x3_loro_longxi_river_seed42,pooled_loro,intervention,42,1120,na,longxi_river,longxihe_UAV1612,0.5,0,0,68,16316,181.01933598375618,0.0,0.0
E1,q2_x3_loro_longxi_river_seed42,pooled_loro,intervention,42,1120,na,longxi_river,longxihe_UAV1613,0.5,29,0,234,16121,20.668545106034863,0.1737032569357933,0.2834302325578699
E1,q2_x3_loro_longxi_river_seed42,pooled_loro,intervention,42,1120,na,longxi_river,longxihe_UAV1614,0.5,20,0,696,15668,125.62403799589707,0.03270645952568092,0.07287449392703307
E1,q2_x3_loro_longxi_river_seed42,pooled_loro,intervention,42,1120,na,longxi_river,longxihe_UAV1615,0.5,0,0,1211,15173,181.01933598375618,0.0,0.0
E1,q2_x3_loro_longxi_river_seed42,pooled_loro,intervention,42,1120,na,longxi_river,longxihe_UAV1616,0.5,0,0,967,15417,181.01933598375618,0.0,0.0
E1,q2_x3_loro_longxi_river_seed42,pooled_loro,intervention,42,1120,na,longxi_river,longxihe_UAV1617,0.5,0,0,278,16106,181.01933598375618,0.0,0.0
E1,q2_x3_loro_longxi_river_seed42,pooled_loro,intervention,42,1120,na,longxi_river,longxihe_UAV1618,0.5,0,0,103,16281,181.01933598375618,0.0,0.0
E1,q2_x3_loro_longxi_river_seed42,pooled_loro,intervention,42,1120,na,longxi_river,longxihe_UAV1619,0.5,31,0,382,15971,12.63123865749374,0.32684824902695614,0.5345345345341429
E1,q2_x3_loro_longxi_river_seed42,pooled_loro,intervention,42,1120,na,longxi_river,longxihe_UAV1620,0.5,105,2,738,15539,93.76036205869426,0.3804878048777215,0.5436241610734296
E1,q2_x3_loro_longxi_river_seed42,pooled_loro,intervention,42,1120,na,longxi_river,longxihe_UAV1621,0.5,28,0,1189,15167,65.35785641476305,0.08240680183116662,0.12403100775182163
E1,q2_x3_loro_longxi_river_seed42,pooled_loro,intervention,42,1120,na,longxi_river,longxihe_UAV1622,0.5,0,0,1132,15252,181.01933598375618,0.0,0.0
E1,q2_x3_loro_longxi_river_seed42,pooled_loro,intervention,42,1120,na,longxi_river,longxihe_UAV1623,0.5,0,0,379,16005,181.01933598375618,0.0,0.0
E1,q2_x3_loro_longxi_river_seed42,pooled_loro,intervention,42,1120,na,longxi_river,longxihe_UAV1624,0.5,78,0,790,15516,28.0340160972286,0.1989592898681008,0.3042671614097453
E1,q2_x3_loro_longxi_river_seed42,pooled_loro,intervention,42,1120,na,longxi_river,longxihe_UAV1625,0.5,344,138,1982,13920,51.05632715134836,0.25969318249095713,0.37810577651305444
E1,q2_x3_loro_longxi_river_seed42,pooled_loro,intervention,42,1120,na,longxi_river,longxihe_UAV1626,0.5,0,0,1837,14547,181.01933598375618,0.0,0.0
E1,q2_x3_loro_longxi_river_seed42,pooled_loro,intervention,42,1120,na,longxi_river,longxihe_UAV1627,0.5,0,0,747,15637,181.01933598375618,0.0,0.0
E1,q2_x3_loro_longxi_river_seed42,pooled_loro,intervention,42,1120,na,longxi_river,longxihe_UAV1628,0.5,0,0,368,16016,181.01933598375618,0.0,0.0
E1,q2_x3_loro_longxi_river_seed42,pooled_loro,intervention,42,1120,na,longxi_river,longxihe_UAV1629,0.5,0,0,136,16248,181.01933598375618,0.0,0.0
E1,q2_x3_loro_longxi_river_seed42,pooled_loro,intervention,42,1120,na,longxi_river,longxihe_UAV1630,0.5,0,0,1063,15321,181.01933598375618,0.0,0.0
E1,q2_x3_loro_longxi_river_seed42,pooled_loro,intervention,42,1120,na,longxi_river,longxihe_UAV1631,0.5,0,0,2023,14361,181.01933598375618,0.0,0.0
E1,q2_x3_loro_longxi_river_seed42,pooled_loro,intervention,42,1120,na,longxi_river,longxihe_UAV1632,0.5,0,0,3147,13237,181.01933598375618,0.0,0.0
E1,q2_x3_loro_longxi_river_seed42,pooled_loro,intervention,42,1120,na,longxi_river,longxihe_UAV1633,0.5,0,0,3723,12661,181.01933598375618,0.0,0.0
E1,q2_x3_loro_longxi_river_seed42,pooled_loro,intervention,42,1120,na,longxi_river,longxihe_UAV1634,0.5,0,0,4521,11863,181.01933598375618,0.0,0.0
E1,q2_x3_loro_longxi_river_seed42,pooled_loro,intervention,42,1120,na,longxi_river,longxihe_UAV1635,0.5,0,18,3122,13244,78.03204469959762,0.0,0.0
E1,q2_x3_loro_longxi_river_seed42,pooled_loro,intervention,42,1120,na,longxi_river,longxihe_UAV1636,0.5,0,0,1299,15085,181.01933598375618,0.0,0.0
E1,q2_x3_loro_longxi_river_seed42,pooled_loro,intervention,42,1120,na,longxi_river,longxihe_UAV1637,0.5,0,0,2638,13746,181.01933598375618,0.0,0.0
E1,q2_x3_loro_longxi_river_seed42,pooled_loro,intervention,42,1120,na,longxi_river,longxihe_UAV1638,0.5,0,0,2619,13765,181.01933598375618,0.0,0.0
E1,q2_x3_loro_longxi_river_seed42,pooled_loro,intervention,42,1120,na,longxi_river,longxihe_UAV1639,0.5,0,0,1409,14975,181.01933598375618,0.0,0.0
E1,q2_x3_loro_longxi_river_seed42,pooled_loro,intervention,42,1120,na,longxi_river,longxihe_UAV1640,0.5,0,0,1245,15139,181.01933598375618,0.0,0.0
E1,q2_x3_loro_longxi_river_seed42,pooled_loro,intervention,42,1120,na,longxi_river,longxihe_UAV1641,0.5,0,0,1392,14992,181.01933598375618,0.0,0.0
E1,q2_x3_loro_longxi_river_seed42,pooled_loro,intervention,42,1120,na,longxi_river,longxihe_UAV1642,0.5,0,0,818,15566,181.01933598375618,0.0,0.0
E1,q2_x3_loro_longxi_river_seed42,pooled_loro,intervention,42,1120,na,longxi_river,longxihe_UAV1643,0.5,0,0,523,15861,181.01933598375618,0.0,0.0
E1,q2_x3_loro_longxi_river_seed42,pooled_loro,intervention,42,1120,na,longxi_river,longxihe_UAV1644,0.5,0,0,502,15882,181.01933598375618,0.0,0.0
E1,q2_x3_loro_longxi_river_seed42,pooled_loro,intervention,42,1120,na,longxi_river,longxihe_UAV1645,0.5,34,206,37,16107,116.05946321799551,0.17580577647525447,0.23036649214636168
E1,q2_x3_loro_longxi_river_seed42,pooled_loro,intervention,42,1120,na,longxi_river,longxihe_UAV1646,0.5,264,329,447,15344,85.57569669485315,0.28317389751071576,0.3912543153044498
E1,q2_x3_loro_longxi_river_seed42,pooled_loro,intervention,42,1120,na,longxi_river,longxihe_UAV1647,0.5,283,330,444,15327,47.01063709417264,0.3118589237804897,0.4412509090904091
E1,q2_x3_loro_longxi_river_seed42,pooled_loro,intervention,42,1120,na,longxi_river,longxihe_UAV1648,0.5,597,212,559,15016,43.29924280989674,0.44222516969599734,0.5146614775543548
E1,q2_x3_loro_longxi_river_seed42,pooled_loro,intervention,42,1120,na,longxi_river,longxihe_UAV1649,0.5,558,0,707,15119,14.317821063276353,0.3153153153148341,0.6277183264772819
E1,q2_x3_loro_longxi_river_seed42,pooled_loro,intervention,42,1120,na,longxi_river,longxihe_UAV1650,0.5,117,14,79,16174,28.656475556927,0.5776440638736031,0.8088139987033335
E1,q2_x3_loro_longxi_river_seed42,pooled_loro,intervention,42,1120,na,longxi_river,longxihe_UAV1651,0.5,99,0,522,15763,22.706516439332436,0.21579205492857131,0.32368808239301466
E1,q2_x3_loro_longxi_river_seed42,pooled_loro,intervention,42,1120,na,longxi_river,longxihe_UAV1652,0.5,197,7,878,15302,47.769228616136544,0.2466165413530653,0.3503872909365575
E1,q2_x3_loro_longxi_river_seed42,pooled_loro,intervention,42,1120,na,longxi_river,longxihe_UAV1653,0.5,20,0,491,15873,126.53062870309307,0.16666666666648003,0.24489795918345852
E1,q2_x3_loro_longxi_river_seed42,pooled_loro,intervention,42,1120,na,longxi_river,longxihe_UAV1654,0.5,66,110,667,15541,38.96264158316559,0.27725822422662033,0.27725822422662033
E1,q2_x3_loro_longxi_river_seed42,pooled_loro,intervention,42,1120,na,longxi_river,longxihe_UAV1655,0.5,77,2,857,15448,55.30914500099761,0.2630098452880866,0.36363636363606605
E1,q2_x3_loro_longxi_river_seed42,pooled_loro,intervention,42,1120,na,longxi_river,longxihe_UAV1656,0.5,0,225,258,15901,72.89773478221016,0.0,0.0
E1,q2_x3_loro_longxi_river_seed42,pooled_loro,intervention,42,1120,na,longxi_river,longxihe_UAV1657,0.5,2,0,326,16056,47.71574405523433,0.034934497816559565,0.2071713147408501
E1,q2_x3_loro_longxi_river_seed42,pooled_loro,intervention,42,1120,na,longxi_river,longxihe_UAV1658,0.5,250,940,459,14735,39.04818051996712,0.3328966248669471,0.4504441491217073
E1,q2_x3_loro_longxi_river_seed42,pooled_loro,intervention,42,1120,na,longxi_river,longxihe_UAV1659,0.5,2,0,411,15971,138.95718557389796,0.03773584905656675,0.12612612612600793
E1,q2_x3_loro_longxi_river_seed42,pooled_loro,intervention,42,1120,na,longxi_river,longxihe_UAV1660,0.5,183,15,146,16040,9.002769256906872,0.7043879907616366,0.8593749999995066
E1,q2_x3_loro_longxi_river_seed42,pooled_loro,intervention,42,1120,na,longxi_river,longxihe_UAV1661,0.5,0,0,684,15700,181.01933598375618,0.0,0.0
E1,q2_x3_loro_longxi_river_seed42,pooled_loro,intervention,42,1120,na,longxi_river,longxihe_UAV1662,0.5,0,0,387,15997,181.01933598375618,0.0,0.0
E1,q2_x3_loro_longxi_river_seed42,pooled_loro,intervention,42,1120,na,longxi_river,longxihe_UAV1663,0.5,175,34,1082,15093,28.611182142470938,0.23477960639859993,0.35039777860997173
E1,q2_x3_loro_longxi_river_seed42,pooled_loro,intervention,42,1120,na,longxi_river,longxihe_UAV1664,0.5,190,0,3053,13141,66.79669201451206,0.02392007879543261,0.11787209843337745
E1,q2_x3_loro_longxi_river_seed42,pooled_loro,intervention,42,1120,na,longxi_river,longxihe_UAV1665,0.5,0,0,2696,13688,181.01933598375618,0.0,0.0
E1,q2_x3_loro_longxi_river_seed42,pooled_loro,intervention,42,1120,na,longxi_river,longxihe_UAV1666,0.5,0,0,1610,14774,181.01933598375618,0.0,0.0
E1,q2_x3_loro_longxi_river_seed42,pooled_loro,intervention,42,1120,na,longxi_river,longxihe_UAV1667,0.5,0,98,1179,15107,68.4249168337881,0.0,0.0
E1,q2_x3_loro_longxi_river_seed42,pooled_loro,intervention,42,1120,na,longxi_river,longxihe_UAV1668,0.5,0,0,921,15463,181.01933598375618,0.0,0.0
E1,q2_x3_loro_longxi_river_seed42,pooled_loro,intervention,42,1120,na,longxi_river,longxihe_UAV1669,0.5,0,0,1017,15367,181.01933598375618,0.0,0.0
E1,q2_x3_loro_longxi_river_seed42,pooled_loro,intervention,42,1120,na,longxi_river,longxihe_UAV1670,0.5,41,0,1189,15154,82.31575239178171,0.0774193548385815,0.18448637316545097
E1,q2_x3_loro_longxi_river_seed42,pooled_loro,intervention,42,1120,na,longxi_river,longxihe_UAV1671,0.5,0,0,2445,13939,181.01933598375618,0.0,0.0
E1,q2_x3_loro_longxi_river_seed42,pooled_loro,intervention,42,1120,na,longxi_river,longxihe_UAV1672,0.5,0,0,2150,14234,181.01933598375618,0.0,0.0
E1,q2_x3_loro_longxi_river_seed42,pooled_loro,intervention,42,1120,na,longxi_river,longxihe_UAV1673,0.5,0,0,1294,15090,181.01933598375618,0.0,0.0
E1,q2_x3_loro_longxi_river_seed42,pooled_loro,intervention,42,1120,na,longxi_river,longxihe_UAV1674,0.5,0,0,781,15603,181.01933598375618,0.0,0.0
E1,q2_x3_loro_longxi_river_seed42,pooled_loro,intervention,42,1120,na,longxi_river,longxihe_UAV1675,0.5,0,0,1718,14666,181.01933598375618,0.0,0.0
E1,q2_x3_loro_longxi_river_seed42,pooled_loro,intervention,42,1120,na,longxi_river,longxihe_UAV1676,0.5,118,155,3164,12947,58.657047734341084,0.02890710844376898,0.06510792118498152
E1,q2_x3_loro_longxi_river_seed42,pooled_loro,intervention,42,1120,na,longxi_river,longxihe_UAV1677,0.5,0,0,2734,13650,181.01933598375618,0.0,0.0
E1,q2_x3_loro_longxi_river_seed42,pooled_loro,intervention,42,1120,na,longxi_river,longxihe_UAV1678,0.5,0,0,1314,15070,181.01933598375618,0.0,0.0
E1,q2_x3_loro_longxi_river_seed42,pooled_loro,intervention,42,1120,na,longxi_river,longxihe_UAV1679,0.5,0,0,484,15900,181.01933598375618,0.0,0.0
E1,q2_x3_loro_longxi_river_seed42,pooled_loro,intervention,42,1120,na,longxi_river,longxihe_UAV1680,0.5,0,0,777,15607,181.01933598375618,0.0,0.0
E1,q2_x3_loro_longxi_river_seed42,pooled_loro,intervention,42,1120,na,longxi_river,longxihe_UAV1681,0.5,0,0,753,15631,181.01933598375618,0.0,0.0
E1,q2_x3_loro_longxi_river_seed42,pooled_loro,intervention,42,1120,na,longxi_river,longxihe_UAV1682,0.5,0,0,523,15861,181.01933598375618,0.0,0.0
E1,q2_x3_loro_longxi_river_seed42,pooled_loro,intervention,42,1120,na,longxi_river,longxihe_UAV1683,0.5,0,0,502,15882,181.01933598375618,0.0,0.0
E1,q2_x3_loro_longxi_river_seed42,pooled_loro,intervention,42,1120,na,longxi_river,longxihe_UAV1684,0.5,7,341,68,15968,108.66547657793204,0.0713073005090766,0.07859281437113054
E1,q2_x3_loro_longxi_river_seed42,pooled_loro,intervention,42,1120,na,longxi_river,longxihe_UAV1685,0.5,495,41,635,15213,45.23493124114856,0.3862372425589413,0.5801774418790733
E1,q2_x3_loro_longxi_river_seed42,pooled_loro,intervention,42,1120,na,longxi_river,longxihe_UAV1686,0.5,290,9,893,15192,44.14748010928823,0.18117066934481488,0.396226415093877
E1,q2_x3_loro_longxi_river_seed42,pooled_loro,intervention,42,1120,na,longxi_river,longxihe_UAV1687,0.5,39,19,89,16237,29.250601764132416,0.2097735399280025,0.6018002571790979
E1,q2_x3_loro_longxi_river_seed42,pooled_loro,intervention,42,1120,na,longxi_river,longxihe_UAV1688,0.5,17,0,341,16026,24.71840591208145,0.0,0.13714285714255112
E1,q2_x3_loro_longxi_river_seed42,pooled_loro,intervention,42,1120,na,longxi_river,longxihe_UAV1689,0.5,8,0,375,16001,25.611474185754293,0.0,0.0
E1,q2_x3_loro_longxi_river_seed42,pooled_loro,intervention,42,1120,na,longxi_river,longxihe_UAV1690,0.5,0,0,82,16302,181.01933598375618,0.0,0.0
E1,q2_x3_loro_longxi_river_seed42,pooled_loro,intervention,42,1120,na,longxi_river,longxihe_UAV1691,0.5,0,0,801,15583,181.01933598375618,0.0,0.0
E1,q2_x3_loro_longxi_river_seed42,pooled_loro,intervention,42,1120,na,longxi_river,longxihe_UAV1692,0.5,15,0,1003,15366,65.04098340636891,0.01242236024836403,0.07424071990992122
E1,q2_x3_loro_longxi_river_seed42,pooled_loro,intervention,42,1120,na,longxi_river,longxihe_UAV1693,0.5,0,0,274,16110,181.01933598375618,0.0,0.0
E1,q2_x3_loro_longxi_river_seed42,pooled_loro,intervention,42,1120,na,longxi_river,longxihe_UAV1694,0.5,0,88,54,16242,66.48308055437865,0.0,0.0
E1,q2_x3_loro_longxi_river_seed42,pooled_loro,intervention,42,1120,na,longxi_river,longxihe_UAV1695,0.5,115,0,480,15789,96.97524983800878,0.4013230429984872,0.5191833514148997
E1,q2_x3_loro_longxi_river_seed42,pooled_loro,intervention,42,1120,na,longxi_river,longxihe_UAV1696,0.5,140,169,1194,14881,76.28955637879548,0.22916666666623695,0.2880299251866014
E1,q2_x3_loro_longxi_river_seed42,pooled_loro,intervention,42,1120,na,longxi_river,longxihe_UAV1697,0.5,0,0,1085,15299,181.01933598375618,0.0,0.0
E1,q2_x3_loro_longxi_river_seed42,pooled_loro,intervention,42,1120,na,longxi_river,longxihe_UAV1698,0.5,0,0,682,15702,181.01933598375618,0.0,0.0
E1,q2_x3_loro_longxi_river_seed42,pooled_loro,intervention,42,1120,na,longxi_river,longxihe_UAV1699,0.5,0,50,390,15944,76.37800443415195,0.0,0.0
E1,q2_x3_loro_longxi_river_seed42,pooled_loro,intervention,42,1120,na,longxi_river,longxihe_UAV1700,0.5,41,15,348,15980,39.87192444053262,0.2636444015752023,0.40356083086021194
E1,q2_x3_loro_longxi_river_seed42,pooled_loro,intervention,42,1120,na,longxi_river,longxihe_UAV1701,0.5,0,0,2107,14277,181.01933598375618,0.0,0.0
E1,q2_x3_loro_longxi_river_seed42,pooled_loro,intervention,42,1120,na,longxi_river,longxihe_UAV1702,0.5,0,0,2474,13910,181.01933598375618,0.0,0.0
E1,q2_x3_loro_longxi_river_seed42,pooled_loro,intervention,42,1120,na,longxi_river,longxihe_UAV1703,0.5,0,0,1326,15058,181.01933598375618,0.0,0.0
E1,q2_x3_loro_longxi_river_seed42,pooled_loro,intervention,42,1120,na,longxi_river,longxihe_UAV1704,0.5,0,217,1511,14656,73.72020661086904,0.0,0.0
E1,q2_x3_loro_longxi_river_seed42,pooled_loro,intervention,42,1120,na,longxi_river,longxihe_UAV1705,0.5,0,0,2993,13391,181.01933598375618,0.0,0.0
E1,q2_x3_loro_longxi_river_seed42,pooled_loro,intervention,42,1120,na,longxi_river,longxihe_UAV1706,0.5,0,0,2547,13837,181.01933598375618,0.0,0.0
E1,q2_x3_loro_longxi_river_seed42,pooled_loro,intervention,42,1120,na,longxi_river,longxihe_UAV1707,0.5,0,0,1107,15277,181.01933598375618,0.0,0.0
E1,q2_x3_loro_longxi_river_seed42,pooled_loro,intervention,42,1120,na,longxi_river,longxihe_UAV1708,0.5,0,6,1550,14828,69.1200979381502,0.0,0.0
E1,q2_x3_loro_longxi_river_seed42,pooled_loro,intervention,42,1120,na,longxi_river,longxihe_UAV1709,0.5,0,0,1398,14986,181.01933598375618,0.0,0.0
E1,q2_x3_loro_longxi_river_seed42,pooled_loro,intervention,42,1120,na,longxi_river,longxihe_UAV1710,0.5,0,0,1180,15204,181.01933598375618,0.0,0.0
E1,q2_x3_loro_longxi_river_seed42,pooled_loro,intervention,42,1120,na,longxi_river,longxihe_UAV1711,0.5,0,0,1443,14941,181.01933598375618,0.0,0.0
E1,q2_x3_loro_longxi_river_seed42,pooled_loro,intervention,42,1120,na,longxi_river,longxihe_UAV1712,0.5,0,0,2258,14126,181.01933598375618,0.0,0.0
E1,q2_x3_loro_longxi_river_seed42,pooled_loro,intervention,42,1120,na,longxi_river,longxihe_UAV1713,0.5,0,0,3007,13377,181.01933598375618,0.0,0.0
E1,q2_x3_loro_longxi_river_seed42,pooled_loro,intervention,42,1120,na,longxi_river,longxihe_UAV1714,0.5,272,57,2196,13859,73.08827521002695,0.1511441116622651,0.20215701028323593
E1,q2_x3_loro_longxi_river_seed42,pooled_loro,intervention,42,1120,na,longxi_river,longxihe_UAV1715,0.5,0,0,1053,15331,181.01933598375618,0.0,0.0
E1,q2_x3_loro_longxi_river_seed42,pooled_loro,intervention,42,1120,na,longxi_river,longxihe_UAV1716,0.5,0,0,57,16327,181.01933598375618,0.0,0.0
E1,q2_x3_loro_longxi_river_seed42,pooled_loro,intervention,42,1120,na,longxi_river,longxihe_UAV1717,0.5,188,0,185,16011,80.01937014454231,0.6791934005494745,0.8557213930343361
E1,q2_x3_loro_longxi_river_seed42,pooled_loro,intervention,42,1120,na,longxi_river,longxihe_UAV1718,0.5,4,0,442,15938,93.38832651560857,0.07499999999986125,0.25882352941153935
E1,q2_x3_loro_longxi_river_seed42,pooled_loro,intervention,42,1120,na,longxi_river,longxihe_UAV1719,0.5,263,0,231,15890,96.6558006925515,0.5983330896325001,0.8147349118165647
E1,q2_x3_loro_longxi_river_seed42,pooled_loro,intervention,42,1120,na,longxi_river,longxihe_UAV1720,0.5,83,0,338,15963,17.661476709834414,0.2127659574463641,0.5197568389053387
E1,q2_x3_loro_longxi_river_seed42,pooled_loro,intervention,42,1120,na,longxi_river,longxihe_UAV1721,0.5,93,0,448,15843,18.280830766165817,0.3157894736837784,0.6297376093289687
E1,q2_x3_loro_longxi_river_seed42,pooled_loro,intervention,42,1120,na,longxi_river,longxihe_UAV1722,0.5,95,0,1492,14797,107.50624923860416,0.11089171471428366,0.21894266711952787
E1,q2_x3_loro_longxi_river_seed42,pooled_loro,intervention,42,1120,na,longxi_river,longxihe_UAV1723,0.5,0,0,1122,15262,181.01933598375618,0.0,0.0
E1,q2_x3_loro_longxi_river_seed42,pooled_loro,intervention,42,1120,na,longxi_river,longxihe_UAV1724,0.5,0,0,79,16305,181.01933598375618,0.0,0.0
E1,q2_x3_loro_longxi_river_seed42,pooled_loro,intervention,42,1120,na,longxi_river,longxihe_UAV1726,0.5,13,0,1272,15099,50.277920624515204,0.04002668445622124,0.12549019607831374
E1,q2_x3_loro_longxi_river_seed42,pooled_loro,intervention,42,1120,na,longxi_river,longxihe_UAV1727,0.5,0,0,2051,14333,181.01933598375618,0.0,0.0
E1,q2_x3_loro_longxi_river_seed42,pooled_loro,intervention,42,1120,na,longxi_river,longxihe_UAV1728,0.5,0,0,1106,15278,181.01933598375618,0.0,0.0
E1,q2_x3_loro_longxi_river_seed42,pooled_loro,intervention,42,1120,na,longxi_river,longxihe_UAV1729,0.5,0,0,1002,15382,181.01933598375618,0.0,0.0
E1,q2_x3_loro_longxi_river_seed42,pooled_loro,intervention,42,1120,na,longxi_river,longxihe_UAV1730,0.5,0,0,2072,14312,181.01933598375618,0.0,0.0
E1,q2_x3_loro_longxi_river_seed42,pooled_loro,intervention,42,1120,na,longxi_river,longxihe_UAV1731,0.5,0,316,1530,14538,82.74660025614727,0.0,0.0
E1,q2_x3_loro_longxi_river_seed42,pooled_loro,intervention,42,1120,na,longxi_river,longxihe_UAV1732,0.5,0,0,127,16257,181.01933598375618,0.0,0.0
E1,q2_x3_loro_longxi_river_seed42,pooled_loro,intervention,42,1120,na,longxi_river,longxihe_UAV1733,0.5,0,0,392,15992,181.01933598375618,0.0,0.0
E1,q2_x3_loro_longxi_river_seed42,pooled_loro,intervention,42,1120,na,longxi_river,longxihe_UAV1734,0.5,0,0,845,15539,181.01933598375618,0.0,0.0
E1,q2_x3_loro_longxi_river_seed42,pooled_loro,intervention,42,1120,na,longxi_river,longxihe_UAV1735,0.5,0,0,1180,15204,181.01933598375618,0.0,0.0
E1,q2_x3_loro_longxi_river_seed42,pooled_loro,intervention,42,1120,na,longxi_river,longxihe_UAV1736,0.5,0,0,1449,14935,181.01933598375618,0.0,0.0
E1,q2_x3_loro_longxi_river_seed42,pooled_loro,intervention,42,1120,na,longxi_river,longxihe_UAV1737,0.5,0,0,1633,14751,181.01933598375618,0.0,0.0
E1,q2_x3_loro_longxi_river_seed42,pooled_loro,intervention,42,1120,na,longxi_river,longxihe_UAV1738,0.5,532,68,1447,14337,62.258331796477194,0.3464449419035447,0.4070556309359037
E1,q2_x3_loro_longxi_river_seed42,pooled_loro,intervention,42,1120,na,longxi_river,longxihe_UAV1739,0.5,0,0,1682,14702,181.01933598375618,0.0,0.0
E1,q2_x3_loro_longxi_river_seed42,pooled_loro,intervention,42,1120,na,longxi_river,longxihe_UAV1740,0.5,0,0,607,15777,181.01933598375618,0.0,0.0
E1,q2_x3_loro_longxi_river_seed42,pooled_loro,intervention,42,1120,na,longxi_river,longxihe_UAV1741,0.5,21,0,21,16342,3.450526049803163,0.6874999999995018,0.9655172413788109
E1,q2_x3_loro_longxi_river_seed42,pooled_loro,intervention,42,1120,na,longxi_river,longxihe_UAV1742,0.5,503,11,270,15600,10.0,0.5347427327836326,0.7465288213014324
E1,q2_x3_loro_longxi_river_seed42,pooled_loro,intervention,42,1120,na,longxi_river,longxihe_UAV1743,0.5,547,12,432,15393,52.23680554383684,0.5327712142747885,0.7246585190505757
E1,q2_x3_loro_longxi_river_seed42,pooled_loro,intervention,42,1120,na,longxi_river,longxihe_UAV1744,0.5,197,6,469,15712,39.494588264588515,0.4714285714282111,0.6148867313911599
E1,q2_x3_loro_longxi_river_seed42,pooled_loro,intervention,42,1120,na,longxi_river,longxihe_UAV1745,0.5,203,6,506,15669,39.27336797248607,0.4948909956099019,0.6507065567233336
E1,q2_x3_loro_longxi_river_seed42,pooled_loro,intervention,42,1120,na,longxi_river,longxihe_UAV1746,0.5,197,53,379,15755,52.62296487859348,0.6028833551764377,0.8246914516460392
E1,q2_x3_loro_longxi_river_seed42,pooled_loro,intervention,42,1120,na,longxi_river,longxihe_UAV1747,0.5,87,3,198,16096,6.761249694973136,0.6817188638014076,0.871914299021394
E1,q2_x3_loro_longxi_river_seed42,pooled_loro,intervention,42,1120,na,longxi_river,longxihe_UAV1748,0.5,3,17,302,16062,39.8439985324273,0.0,0.13513513513465303
E1,q2_x3_loro_longxi_river_seed42,pooled_loro,intervention,42,1120,na,longxi_river,longxihe_UAV1749,0.5,0,0,333,16051,181.01933598375618,0.0,0.0
E1,q2_x3_loro_longxi_river_seed42,pooled_loro,intervention,42,1120,na,longxi_river,longxihe_UAV1750,0.5,176,999,273,14936,52.032680759181275,0.24508196721270042,0.3606217616576107
E1,q2_x3_loro_longxi_river_seed42,pooled_loro,intervention,42,1120,na,longxi_river,longxihe_UAV1751,0.5,149,0,272,15963,14.288465077921478,0.43264960879631276,0.6048552208243452
E1,q2_x3_loro_longxi_river_seed42,pooled_loro,intervention,42,1120,na,longxi_river,longxihe_UAV1752,0.5,0,1062,443,14879,59.07198861312913,0.0,0.0
E1,q2_x3_loro_longxi_river_seed42,pooled_loro,intervention,42,1120,na,longxi_river,longxihe_UAV1753,0.5,0,0,1132,15252,181.01933598375618,0.0,0.0
E1,q2_x3_loro_longxi_river_seed42,pooled_loro,intervention,42,1120,na,longxi_river,longxihe_UAV1754,0.5,0,50,910,15424,83.5263255402663,0.0,0.01940133037686044
E1,q2_x3_loro_longxi_river_seed42,pooled_loro,intervention,42,1120,na,longxi_river,longxihe_UAV1755,0.5,0,0,221,16163,181.01933598375618,0.0,0.0
E1,q2_x3_loro_longxi_river_seed42,pooled_loro,intervention,42,1120,na,longxi_river,longxihe_UAV1756,0.5,8,0,76,16300,15.122800993216691,0.491228070175068,0.6969696969692427
E1,q2_x3_loro_longxi_river_seed42,pooled_loro,intervention,42,1120,na,longxi_river,longxihe_UAV1757,0.5,10,0,74,16300,9.460104128183913,0.656249999999559,0.8684210526310876
E1,q2_x3_loro_longxi_river_seed42,pooled_loro,intervention,42,1120,na,longxi_river,longxihe_UAV1758,0.5,0,0,324,16060,181.01933598375618,0.0,0.0
E1,q2_x3_loro_longxi_river_seed42,pooled_loro,intervention,42,1120,na,longxi_river,longxihe_UAV1759,0.5,0,24,2174,14186,80.43755290002497,0.0,0.0
E1,q2_x3_loro_longxi_river_seed42,pooled_loro,intervention,42,1120,na,longxi_river,longxihe_UAV1760,0.5,0,0,2679,13705,181.01933598375618,0.0,0.0
E1,q2_x3_loro_longxi_river_seed42,pooled_loro,intervention,42,1120,na,longxi_river,longxihe_UAV1761,0.5,0,0,829,15555,181.01933598375618,0.0,0.0
E1,q2_x3_loro_longxi_river_seed42,pooled_loro,intervention,42,1120,na,longxi_river,longxihe_UAV1762,0.5,0,0,172,16212,181.01933598375618,0.0,0.0
E1,q2_x3_loro_longxi_river_seed42,pooled_loro,intervention,42,1120,na,longxi_river,longxihe_UAV1763,0.5,0,0,180,16204,181.01933598375618,0.0,0.0
E1,q2_x3_loro_longxi_river_seed42,pooled_loro,intervention,42,1120,na,longxi_river,longxihe_UAV1764,0.5,0,0,21,16363,181.01933598375618,0.0,0.0
E1,q2_x3_loro_longxi_river_seed42,pooled_loro,intervention,42,1120,na,longxi_river,longxihe_UAV1765,0.5,0,0,13,16371,181.01933598375618,0.0,0.0
E1,q2_x3_loro_longxi_river_seed42,pooled_loro,intervention,42,1120,na,longxi_river,longxihe_UAV1769,0.5,0,0,532,15852,181.01933598375618,0.0,0.0
E1,q2_x3_loro_longxi_river_seed42,pooled_loro,intervention,42,1120,na,longxi_river,longxihe_UAV1770,0.5,0,0,600,15784,181.01933598375618,0.0,0.0
E1,q2_x3_loro_longxi_river_seed42,pooled_loro,intervention,42,1120,na,longxi_river,longxihe_UAV1771,0.5,0,0,82,16302,181.01933598375618,0.0,0.0
E1,q2_x3_loro_longxi_river_seed42,pooled_loro,intervention,42,1120,na,longxi_river,longxihe_UAV1772,0.5,7,0,80,16297,9.036000339789322,0.37288135593189997,0.7692307692302958
E1,q2_x3_loro_longxi_river_seed42,pooled_loro,intervention,42,1120,na,longxi_river,longxihe_UAV1773,0.5,411,5,834,15134,21.758676305220245,0.5205191916107117,0.7123259816554468
E1,q2_x3_loro_longxi_river_seed42,pooled_loro,intervention,42,1120,na,longxi_river,longxihe_UAV1774,0.5,878,26,1932,13548,31.192749412131676,0.3528954527784681,0.5016957431569422
E1,q2_x3_loro_longxi_river_seed42,pooled_loro,intervention,42,1120,na,longxi_river,longxihe_UAV1775,0.5,1004,34,983,14363,41.919332992087355,0.4191677688469227,0.5725554918384061
E1,q2_x3_loro_longxi_river_seed42,pooled_loro,intervention,42,1120,na,longxi_river,longxihe_UAV1776,0.5,213,2,1646,14523,45.79410430691863,0.25515844614634514,0.3605172402062141
E1,q2_x3_loro_longxi_river_seed42,pooled_loro,intervention,42,1120,na,longxi_river,longxihe_UAV1777,0.5,549,13,1766,14056,36.474522060431866,0.38453355762773567,0.49863013698591757
E1,q2_x3_loro_longxi_river_seed42,pooled_loro,intervention,42,1120,na,longxi_river,longxihe_UAV1778,0.5,408,4,1439,14533,55.21894645158607,0.3630903445414001,0.5009653267195529
E1,q2_x3_loro_longxi_river_seed42,pooled_loro,intervention,42,1120,na,longxi_river,longxihe_UAV1779,0.5,75,2,1031,15276,70.05805919756315,0.20257826887641336,0.31072210065619266
E1,q2_x3_loro_longxi_river_seed42,pooled_loro,intervention,42,1120,na,longxi_river,longxihe_UAV1780,0.5,0,0,435,15949,181.01933598375618,0.0,0.0
E1,q2_x3_loro_longxi_river_seed42,pooled_loro,intervention,42,1120,na,longxi_river,longxihe_UAV1781,0.5,0,0,590,15794,181.01933598375618,0.0,0.0
E1,q2_x3_loro_longxi_river_seed42,pooled_loro,intervention,42,1120,na,longxi_river,longxihe_UAV1782,0.5,0,0,205,16179,181.01933598375618,0.0,0.0
E1,q2_x3_loro_longxi_river_seed42,pooled_loro,intervention,42,1120,na,longxi_river,longxihe_UAV1783,0.5,42,0,712,15630,25.315014324194735,0.20967741935444809,0.4102564102560051
E1,q2_x3_loro_longxi_river_seed42,pooled_loro,intervention,42,1120,na,longxi_river,longxihe_UAV1784,0.5,78,0,802,15504,25.019992006393608,0.22998624484139732,0.3931947069939194
E1,q2_x3_loro_longxi_river_seed42,pooled_loro,intervention,42,1120,na,longxi_river,longxihe_UAV1785,0.5,16,0,110,16258,19.729566238914014,0.29999999999965127,0.4102564102560841
E1,q2_x3_loro_longxi_river_seed42,pooled_loro,intervention,42,1120,na,longxi_river,longxihe_UAV1786,0.5,0,0,1177,15207,181.01933598375618,0.0,0.0
E1,q2_x3_loro_longxi_river_seed42,pooled_loro,intervention,42,1120,na,longxi_river,longxihe_UAV1787,0.5,89,0,1492,14803,48.52494825425834,0.18723994452130607,0.25875190258729375
E1,q2_x3_loro_longxi_river_seed42,pooled_loro,intervention,42,1120,na,longxi_river,longxihe_UAV1788,0.5,0,0,967,15417,181.01933598375618,0.0,0.0
E1,q2_x3_loro_longxi_river_seed42,pooled_loro,intervention,42,1120,na,longxi_river,longxihe_UAV1789,0.5,23,0,540,15821,80.50333370678894,0.013513513513399288,0.11017498379761785
E1,q2_x3_loro_longxi_river_seed42,pooled_loro,intervention,42,1120,na,longxi_river,longxihe_UAV1790,0.5,0,0,370,16014,181.01933598375618,0.0,0.0
E1,q2_x3_loro_longxi_river_seed42,pooled_loro,intervention,42,1120,na,longxi_river,longxihe_UAV1791,0.5,0,0,1954,14430,181.01933598375618,0.0,0.0
E1,q2_x3_loro_longxi_river_seed42,pooled_loro,intervention,42,1120,na,longxi_river,longxihe_UAV1792,0.5,0,0,2095,14289,181.01933598375618,0.0,0.0
E1,q2_x3_loro_longxi_river_seed42,pooled_loro,intervention,42,1120,na,longxi_river,longxihe_UAV1793,0.5,0,0,696,15688,181.01933598375618,0.0,0.0
E1,q2_x3_loro_longxi_river_seed42,pooled_loro,intervention,42,1120,na,longxi_river,longxihe_UAV1794,0.5,0,0,1376,15008,181.01933598375618,0.0,0.0
E1,q2_x3_loro_longxi_river_seed42,pooled_loro,intervention,42,1120,na,longxi_river,longxihe_UAV1795,0.5,0,0,2123,14261,181.01933598375618,0.0,0.0
E1,q2_x3_loro_longxi_river_seed42,pooled_loro,intervention,42,1120,na,longxi_river,longxihe_UAV1796,0.5,0,0,932,15452,181.01933598375618,0.0,0.0
E1,q2_x3_loro_longxi_river_seed42,pooled_loro,intervention,42,1120,na,longxi_river,longxihe_UAV1797,0.5,195,92,196,15901,10.44030650891055,0.5274289491072415,0.7307692307687352
E1,q2_x3_loro_longxi_river_seed42,pooled_loro,intervention,42,1120,na,longxi_river,longxihe_UAV1798,0.5,0,0,804,15580,181.01933598375618,0.0,0.0
E1,q2_x3_loro_longxi_river_seed42,pooled_loro,intervention,42,1120,na,longxi_river,longxihe_UAV1799,0.5,0,0,1047,15337,181.01933598375618,0.0,0.0
E1,q2_x3_loro_longxi_river_seed42,pooled_loro,intervention,42,1120,na,longxi_river,longxihe_UAV1800,0.5,86,0,1674,14624,72.47888605324611,0.0756265997004785,0.12498760043634485
E1,q2_x3_loro_longxi_river_seed42,pooled_loro,intervention,42,1120,na,longxi_river,longxihe_UAV1801,0.5,0,0,1302,15082,181.01933598375618,0.0,0.0
E1,q2_x3_loro_longxi_river_seed42,pooled_loro,intervention,42,1120,na,longxi_river,longxihe_UAV1802,0.5,0,0,176,16208,181.01933598375618,0.0,0.0
E1,q2_x3_loro_longxi_river_seed42,pooled_loro,intervention,42,1120,na,longxi_river,longxihe_UAV1803,0.5,0,0,42,16342,181.01933598375618,0.0,0.0
E1,q2_x3_loro_longxi_river_seed42,pooled_loro,intervention,42,1120,na,longxi_river,longxihe_UAV1804,0.5,0,0,45,16339,181.01933598375618,0.0,0.0
E1,q2_x3_loro_longxi_river_seed42,pooled_loro,intervention,42,1120,na,longxi_river,longxihe_UAV1806,0.5,0,0,224,16160,181.01933598375618,0.0,0.0
E1,q2_x3_loro_longxi_river_seed42,pooled_loro,intervention,42,1120,na,longxi_river,longxihe_UAV1807,0.5,0,0,224,16160,181.01933598375618,0.0,0.0
E1,q2_x3_loro_longxi_river_seed42,pooled_loro,intervention,42,1120,na,longxi_river,longxihe_UAV1808,0.5,7,63,262,16052,130.1664295824398,0.1593768723781699,0.19250829777097772
E1,q2_x3_loro_longxi_river_seed42,pooled_loro,intervention,42,1120,na,longxi_river,longxihe_UAV1809,0.5,232,0,1181,14971,21.512759758556367,0.36575707394308304,0.5073529411760919
E1,q2_x3_loro_longxi_river_seed42,pooled_loro,intervention,42,1120,na,longxi_river,longxihe_UAV1810,0.5,344,3,3058,12979,53.7025669410116,0.21233813238938204,0.3304583285092181
E1,q2_x3_loro_longxi_river_seed42,pooled_loro,intervention,42,1120,na,longxi_river,longxihe_UAV1811,0.5,793,27,2795,12769,67.11147872259228,0.2948022348168729,0.3752576072442285
E1,q2_x3_loro_longxi_river_seed42,pooled_loro,intervention,42,1120,na,longxi_river,longxihe_UAV1812,0.5,472,44,1414,14454,123.0912105473317,0.12967153534922912,0.19527235354555864
E1,q2_x3_loro_longxi_river_seed42,pooled_loro,intervention,42,1120,na,longxi_river,longxihe_UAV1813,0.5,826,19,2405,13134,90.94833637828141,0.1479911892057505,0.2190160430403235
E1,q2_x3_loro_longxi_river_seed42,pooled_loro,intervention,42,1120,na,longxi_river,longxihe_UAV1814,0.5,932,40,2821,12591,51.65074718761894,0.24979142809079447,0.3155577260665266
E1,q2_x3_loro_longxi_river_seed42,pooled_loro,intervention,42,1120,na,longxi_river,longxihe_UAV1815,0.5,265,22,2116,13981,115.74022634020152,0.09529321506913531,0.13553979511413683
E1,q2_x3_loro_longxi_river_seed42,pooled_loro,intervention,42,1120,na,longxi_river,longxihe_UAV1816,0.5,38,0,1844,14502,118.69077049655264,0.039757040309172965,0.06147091108665831
E1,q2_x3_loro_longxi_river_seed42,pooled_loro,intervention,42,1120,na,longxi_river,longxihe_UAV1817,0.5,114,0,2519,13751,71.1979633059977,0.09356232219981568,0.17489069331649618
E1,q2_x3_loro_longxi_river_seed42,pooled_loro,intervention,42,1120,na,longxi_river,longxihe_UAV1818,0.5,0,0,2517,13867,181.01933598375618,0.0,0.0
E1,q2_x3_loro_longxi_river_seed42,pooled_loro,intervention,42,1120,na,longxi_river,longxihe_UAV1819,0.5,0,0,1804,14580,181.01933598375618,0.0,0.0
E1,q2_x3_loro_longxi_river_seed42,pooled_loro,intervention,42,1120,na,longxi_river,longxihe_UAV1820,0.5,5,0,6128,10251,85.0,0.0223671947809513,0.0607734806629245
E1,q2_x3_loro_longxi_river_seed42,pooled_loro,intervention,42,1120,na,longxi_river,longxihe_UAV1821,0.5,0,0,5969,10415,181.01933598375618,0.0,0.0
E1,q2_x3_loro_longxi_river_seed42,pooled_loro,intervention,42,1120,na,longxi_river,longxihe_UAV1822,0.5,2,0,1175,15207,66.48043348137661,0.05479452054789191,0.08108108108100329
E1,q2_x3_loro_longxi_river_seed42,pooled_loro,intervention,42,1120,na,longxi_river,longxihe_UAV1823,0.5,0,0,734,15650,181.01933598375618,0.0,0.0
E1,q2_x3_loro_longxi_river_seed42,pooled_loro,intervention,42,1120,na,longxi_river,longxihe_UAV1824,0.5,0,0,734,15650,181.01933598375618,0.0,0.0
E1,q2_x3_loro_longxi_river_seed42,pooled_loro,intervention,42,1120,na,longxi_river,longxihe_UAV1825,0.5,0,0,418,15966,181.01933598375618,0.0,0.0
E1,q2_x3_loro_longxi_river_seed42,pooled_loro,intervention,42,1120,na,longxi_river,longxihe_UAV1826,0.5,0,148,418,15818,86.97700845625813,0.0,0.0
E1,q2_x3_loro_longxi_river_seed42,pooled_loro,intervention,42,1120,na,longxi_river,longxihe_UAV1827,0.5,0,65,78,16241,113.4865127539624,0.0,0.0
E1,q2_x3_loro_longxi_river_seed42,pooled_loro,intervention,42,1120,na,longxi_river,longxihe_UAV1828,0.5,0,0,398,15986,181.01933598375618,0.0,0.0
E1,q2_x3_loro_longxi_river_seed42,pooled_loro,intervention,42,1120,na,longxi_river,longxihe_UAV1829,0.5,0,93,320,15971,111.26951569175169,0.0,0.0
E1,q2_x3_loro_longxi_river_seed42,pooled_loro,intervention,42,1120,na,longxi_river,longxihe_UAV1830,0.5,0,154,464,15766,63.89556989117454,0.0,0.0
E1,q2_x3_loro_longxi_river_seed42,pooled_loro,intervention,42,1120,na,longxi_river,longxihe_UAV1831,0.5,554,97,2151,13582,60.67322584079877,0.2057030374275949,0.32556418793900865
E1,q2_x3_loro_longxi_river_seed42,pooled_loro,intervention,42,1120,na,longxi_river,longxihe_UAV1832,0.5,0,0,3313,13071,181.01933598375618,0.0,0.0
E1,q2_x3_loro_longxi_river_seed42,pooled_loro,intervention,42,1120,na,longxi_river,longxihe_UAV1833,0.5,0,0,2143,14241,181.01933598375618,0.0,0.0
E1,q2_x3_loro_longxi_river_seed42,pooled_loro,intervention,42,1120,na,longxi_river,longxihe_UAV1834,0.5,0,0,1708,14676,181.01933598375618,0.0,0.0
E1,q2_x3_loro_longxi_river_seed42,pooled_loro,intervention,42,1120,na,longxi_river,longxihe_UAV1835,0.5,0,0,2748,13636,181.01933598375618,0.0,0.0
E1,q2_x3_loro_longxi_river_seed42,pooled_loro,intervention,42,1120,na,longxi_river,longxihe_UAV1836,0.5,0,0,2111,14273,181.01933598375618,0.0,0.0
E1,q2_x3_loro_longxi_river_seed42,pooled_loro,intervention,42,1120,na,longxi_river,longxihe_UAV1837,0.5,0,162,219,16003,58.48110648769503,0.0,0.0
E1,q2_x3_loro_longxi_river_seed42,pooled_loro,intervention,42,1120,na,longxi_river,longxihe_UAV1838,0.5,0,0,624,15760,181.01933598375618,0.0,0.0
E1,q2_x3_loro_longxi_river_seed42,pooled_loro,intervention,42,1120,na,longxi_river,longxihe_UAV1839,0.5,0,0,1068,15316,181.01933598375618,0.0,0.0
E1,q2_x3_loro_longxi_river_seed42,pooled_loro,intervention,42,1120,na,longxi_river,longxihe_UAV1840,0.5,0,0,1789,14595,181.01933598375618,0.0,0.0
E1,q2_x3_loro_longxi_river_seed42,pooled_loro,intervention,42,1120,na,longxi_river,longxihe_UAV1841,0.5,0,0,1302,15082,181.01933598375618,0.0,0.0
E1,q2_x3_loro_longxi_river_seed42,pooled_loro,intervention,42,1120,na,longxi_river,longxihe_UAV1842,0.5,0,0,176,16208,181.01933598375618,0.0,0.0
E1,q2_x3_loro_longxi_river_seed42,pooled_loro,intervention,42,1120,na,longxi_river,longxihe_UAV1843,0.5,0,0,793,15591,181.01933598375618,0.0,0.0
E1,q2_x3_loro_longxi_river_seed42,pooled_loro,intervention,42,1120,na,longxi_river,longxihe_UAV1844,0.5,181,0,1879,14324,47.415714474768464,0.10835913312674177,0.14347686375300092
E1,q2_x3_loro_longxi_river_seed42,pooled_loro,intervention,42,1120,na,longxi_river,longxihe_UAV1845,0.5,0,0,1283,15101,181.01933598375618,0.0,0.0
E1,q2_x3_loro_longxi_river_seed42,pooled_loro,intervention,42,1120,na,longxi_river,longxihe_UAV1846,0.5,0,0,56,16328,181.01933598375618,0.0,0.0
E1,q2_x3_loro_longxi_river_seed42,pooled_loro,intervention,42,1120,na,longxi_river,longxihe_UAV1847,0.5,0,0,916,15468,181.01933598375618,0.0,0.0
E1,q2_x3_loro_longxi_river_seed42,pooled_loro,intervention,42,1120,na,longxi_river,longxihe_UAV1848,0.5,0,35,876,15473,84.09136771393274,0.0,0.0
E1,q2_x3_loro_longxi_river_seed42,pooled_loro,intervention,42,1120,na,longxi_river,longxihe_UAV1849,0.5,31,0,303,16050,19.695173958632022,0.31396011395975837,0.4903964037593074
E1,q2_x3_loro_longxi_river_seed42,pooled_loro,intervention,42,1120,na,longxi_river,longxihe_UAV1850,0.5,45,1,2603,13735,84.34748921592066,0.07085075030816819,0.15728328865043595
E1,q2_x3_loro_longxi_river_seed42,pooled_loro,intervention,42,1120,na,longxi_river,longxihe_UAV1851,0.5,27,0,3837,12520,97.05564859087448,0.020837855437343778,0.03259452411991578
E1,q2_x3_loro_longxi_river_seed42,pooled_loro,intervention,42,1120,na,longxi_river,longxihe_UAV1852,0.5,104,0,2797,13483,59.82557346375751,0.08167613636349323,0.1337341349363634
E1,q2_x3_loro_longxi_river_seed42,pooled_loro,intervention,42,1120,na,longxi_river,longxihe_UAV1853,0.5,12,0,1971,14401,116.42001060023767,0.020960698689900352,0.05126776260783775
E1,q2_x3_loro_longxi_river_seed42,pooled_loro,intervention,42,1120,na,longxi_river,longxihe_UAV1854,0.5,780,8,2448,13148,87.26278787387541,0.15268425696983864,0.19373188937982153
E1,q2_x3_loro_longxi_river_seed42,pooled_loro,intervention,42,1120,na,longxi_river,longxihe_UAV1855,0.5,506,3,4315,11560,87.67639021315601,0.06795391508411372,0.15169474325128807
E1,q2_x3_loro_longxi_river_seed42,pooled_loro,intervention,42,1120,na,longxi_river,longxihe_UAV1856,0.5,50,0,3057,13277,133.3253501554456,0.01869555980450524,0.058972198820498783
E1,q2_x3_loro_longxi_river_seed42,pooled_loro,intervention,42,1120,na,longxi_river,longxihe_UAV1857,0.5,4,0,2896,13484,130.73350696591993,0.0,0.013523666416214965
E1,q2_x3_loro_longxi_river_seed42,pooled_loro,intervention,42,1120,na,longxi_river,longxihe_UAV1858,0.5,0,0,4296,12088,181.01933598375618,0.0,0.0
E1,q2_x3_loro_longxi_river_seed42,pooled_loro,intervention,42,1120,na,longxi_river,longxihe_UAV1859,0.5,0,0,3339,13045,181.01933598375618,0.0,0.0
E1,q2_x3_loro_longxi_river_seed42,pooled_loro,intervention,42,1120,na,longxi_river,longxihe_UAV1860,0.5,0,0,5115,11269,181.01933598375618,0.0,0.0
E1,q2_x3_loro_longxi_river_seed42,pooled_loro,intervention,42,1120,na,longxi_river,longxihe_UAV1861,0.5,0,0,11373,5011,181.01933598375618,0.0,0.0
E1,q2_x3_loro_longxi_river_seed42,pooled_loro,intervention,42,1120,na,longxi_river,longxihe_UAV1862,0.5,0,0,8829,7555,181.01933598375618,0.0,0.0
E1,q2_x3_loro_longxi_river_seed42,pooled_loro,intervention,42,1120,na,longxi_river,longxihe_UAV1863,0.5,0,0,1940,14444,181.01933598375618,0.0,0.0
E1,q2_x3_loro_longxi_river_seed42,pooled_loro,intervention,42,1120,na,longxi_river,longxihe_UAV1864,0.5,0,0,1055,15329,181.01933598375618,0.0,0.0
E1,q2_x3_loro_longxi_river_seed42,pooled_loro,intervention,42,1120,na,longxi_river,longxihe_UAV1865,0.5,0,0,625,15759,181.01933598375618,0.0,0.0
E1,q2_x3_loro_longxi_river_seed42,pooled_loro,intervention,42,1120,na,longxi_river,longxihe_UAV1866,0.5,38,0,487,15859,65.06222738314423,0.33035714285686707,0.4219409282697093
E1,q2_x3_loro_longxi_river_seed42,pooled_loro,intervention,42,1120,na,longxi_river,longxihe_UAV1867,0.5,401,420,457,15106,34.64333841348992,0.35916434797267927,0.5807350050859026
E1,q2_x3_loro_longxi_river_seed42,pooled_loro,intervention,42,1120,na,longxi_river,longxihe_UAV1868,0.5,0,8,333,16043,110.00089644125327,0.0,0.0
E1,q2_x3_loro_longxi_river_seed42,pooled_loro,intervention,42,1120,na,longxi_river,longxihe_UAV1869,0.5,0,5,94,16285,91.75532814907466,0.0,0.0
E1,q2_x3_loro_longxi_river_seed42,pooled_loro,intervention,42,1120,na,longxi_river,longxihe_UAV1870,0.5,0,12,1100,15272,111.97187131550268,0.0,0.0
E1,q2_x3_loro_longxi_river_seed42,pooled_loro,intervention,42,1120,na,longxi_river,longxihe_UAV1871,0.5,0,0,1628,14756,181.01933598375618,0.0,0.0
E1,q2_x3_loro_longxi_river_seed42,pooled_loro,intervention,42,1120,na,longxi_river,longxihe_UAV1872,0.5,774,397,1569,13644,65.90111229025261,0.12444167040481023,0.22797844099395614
E1,q2_x3_loro_longxi_river_seed42,pooled_loro,intervention,42,1120,na,longxi_river,longxihe_UAV1873,0.5,0,0,3515,12869,181.01933598375618,0.0,0.0
E1,q2_x3_loro_longxi_river_seed42,pooled_loro,intervention,42,1120,na,longxi_river,longxihe_UAV1874,0.5,0,0,4048,12336,181.01933598375618,0.0,0.0
E1,q2_x3_loro_longxi_river_seed42,pooled_loro,intervention,42,1120,na,longxi_river,longxihe_UAV1875,0.5,0,0,2292,14092,181.01933598375618,0.0,0.0
E1,q2_x3_loro_longxi_river_seed42,pooled_loro,intervention,42,1120,na,longxi_river,longxihe_UAV1876,0.5,0,0,38,16346,181.01933598375618,0.0,0.0
E1,q2_x3_loro_longxi_river_seed42,pooled_loro,intervention,42,1120,na,longxi_river,longxihe_UAV1877,0.5,0,0,42,16342,181.01933598375618,0.0,0.0
E1,q2_x3_loro_longxi_river_seed42,pooled_loro,intervention,42,1120,na,longxi_river,longxihe_UAV1878,0.5,0,316,42,16026,104.2285940591453,0.0,0.0
E1,q2_x3_loro_longxi_river_seed42,pooled_loro,intervention,42,1120,na,longxi_river,longxihe_UAV1879,0.5,0,0,170,16214,181.01933598375618,0.0,0.0
E1,q2_x3_loro_longxi_river_seed42,pooled_loro,intervention,42,1120,na,longxi_river,longxihe_UAV1880,0.5,0,0,827,15557,181.01933598375618,0.0,0.0
E1,q2_x3_loro_longxi_river_seed42,pooled_loro,intervention,42,1120,na,longxi_river,longxihe_UAV1881,0.5,0,0,1831,14553,181.01933598375618,0.0,0.0
E1,q2_x3_loro_longxi_river_seed42,pooled_loro,intervention,42,1120,na,longxi_river,longxihe_UAV1882,0.5,5,0,2394,13985,64.03270562664845,0.0,0.0
E1,q2_x3_loro_longxi_river_seed42,pooled_loro,intervention,42,1120,na,longxi_river,longxihe_UAV1883,0.5,0,0,1399,14985,181.01933598375618,0.0,0.0
E1,q2_x3_loro_longxi_river_seed42,pooled_loro,intervention,42,1120,na,longxi_river,longxihe_UAV1884,0.5,0,0,792,15592,181.01933598375618,0.0,0.0
E1,q2_x3_loro_longxi_river_seed42,pooled_loro,intervention,42,1120,na,longxi_river,longxihe_UAV1885,0.5,90,0,1943,14351,109.74145633437072,0.15429042904273185,0.20725388601016875
E1,q2_x3_loro_longxi_river_seed42,pooled_loro,intervention,42,1120,na,longxi_river,longxihe_UAV1886,0.5,107,0,2449,13828,105.64932209153503,0.12389240506311514,0.16288539848734146
E1,q2_x3_loro_longxi_river_seed42,pooled_loro,intervention,42,1120,na,longxi_river,longxihe_UAV1887,0.5,0,0,1147,15237,181.01933598375618,0.0,0.0
E1,q2_x3_loro_longxi_river_seed42,pooled_loro,intervention,42,1120,na,longxi_river,longxihe_UAV1888,0.5,0,0,1127,15257,181.01933598375618,0.0,0.0
E1,q2_x3_loro_longxi_river_seed42,pooled_loro,intervention,42,1120,na,longxi_river,longxihe_UAV1889,0.5,0,0,59,16325,181.01933598375618,0.0,0.0
E1,q2_x3_loro_longxi_river_seed42,pooled_loro,intervention,42,1120,na,longxi_river,longxihe_UAV1890,0.5,0,0,59,16325,181.01933598375618,0.0,0.0
E1,q2_x3_loro_longxi_river_seed42,pooled_loro,intervention,42,1120,na,longxi_river,longxihe_UAV1891,0.5,7,0,58,16319,7.021652547787112,0.0,0.6185567010304367
E1,q2_x3_loro_longxi_river_seed42,pooled_loro,intervention,42,1120,na,longxi_river,longxihe_UAV1892,0.5,0,0,1575,14809,181.01933598375618,0.0,0.0
E1,q2_x3_loro_longxi_river_seed42,pooled_loro,intervention,42,1120,na,longxi_river,longxihe_UAV1893,0.5,249,2,2678,13455,102.19222017275914,0.17040326624149243,0.234206764173465
E1,q2_x3_loro_longxi_river_seed42,pooled_loro,intervention,42,1120,na,longxi_river,longxihe_UAV1894,0.5,573,4,3387,12420,64.88065864577939,0.28000543699846153,0.3757404744998922
E1,q2_x3_loro_longxi_river_seed42,pooled_loro,intervention,42,1120,na,longxi_river,longxihe_UAV1895,0.5,292,2,2683,13407,121.26417442921878,0.16635373036104487,0.20595742540625517
E1,q2_x3_loro_longxi_river_seed42,pooled_loro,intervention,42,1120,na,longxi_river,longxihe_UAV1896,0.5,0,0,2099,14285,181.01933598375618,0.0,0.0
E1,q2_x3_loro_longxi_river_seed42,pooled_loro,intervention,42,1120,na,longxi_river,longxihe_UAV1897,0.5,0,0,3844,12540,181.01933598375618,0.0,0.0
E1,q2_x3_loro_longxi_river_seed42,pooled_loro,intervention,42,1120,na,longxi_river,longxihe_UAV1898,0.5,0,0,3512,12872,181.01933598375618,0.0,0.0
E1,q2_x3_loro_longxi_river_seed42,pooled_loro,intervention,42,1120,na,longxi_river,longxihe_UAV1899,0.5,0,0,4009,12375,181.01933598375618,0.0,0.0
E1,q2_x3_loro_longxi_river_seed42,pooled_loro,intervention,42,1120,na,longxi_river,longxihe_UAV1900,0.5,0,0,4013,12371,181.01933598375618,0.0,0.0
E1,q2_x3_loro_longxi_river_seed42,pooled_loro,intervention,42,1120,na,longxi_river,longxihe_UAV1901,0.5,10,0,3694,12680,129.40247292845683,0.013721006207102447,0.0318181818181505
E1,q2_x3_loro_longxi_river_seed42,pooled_loro,intervention,42,1120,na,longxi_river,longxihe_UAV1902,0.5,186,0,7847,8351,66.22725936732347,0.05096611593378315,0.10824340137809127
E1,q2_x3_loro_longxi_river_seed42,pooled_loro,intervention,42,1120,na,longxi_river,longxihe_UAV1903,0.5,290,0,12076,4018,70.60913530551069,0.047653429602783084,0.07203529729556601
E1,q2_x3_loro_longxi_river_seed42,pooled_loro,intervention,42,1120,na,longxi_river,longxihe_UAV1904,0.5,0,0,7995,8389,181.01933598375618,0.0,0.0
E1,q2_x3_loro_longxi_river_seed42,pooled_loro,intervention,42,1120,na,longxi_river,longxihe_UAV1905,0.5,0,0,2736,13648,181.01933598375618,0.0,0.0
E1,q2_x3_loro_longxi_river_seed42,pooled_loro,intervention,42,1120,na,longxi_river,longxihe_UAV1906,0.5,567,156,1954,13707,72.9355854943641,0.19997719521906626,0.25201727221156683
E1,q2_x3_loro_longxi_river_seed42,pooled_loro,intervention,42,1120,na,longxi_river,longxihe_UAV1907,0.5,0,0,1082,15302,181.01933598375618,0.0,0.0
E1,q2_x3_loro_longxi_river_seed42,pooled_loro,intervention,42,1120,na,longxi_river,longxihe_UAV1908,0.5,56,327,282,15719,28.54241450815954,0.19941728714745205,0.2743846855054484
E1,q2_x3_loro_longxi_river_seed42,pooled_loro,intervention,42,1120,na,longxi_river,longxihe_UAV1909,0.5,58,801,642,14883,62.51151736609759,0.10332103320983227,0.14678359131254978
E1,q2_x3_loro_longxi_river_seed42,pooled_loro,intervention,42,1120,na,longxi_river,longxihe_UAV1910,0.5,0,86,407,15891,83.72855511876523,0.0,0.0
E1,q2_x3_loro_longxi_river_seed42,pooled_loro,intervention,42,1120,na,longxi_river,longxihe_UAV1911,0.5,106,0,446,15832,125.86797650926748,0.5581395348833185,0.5801526717553133
E1,q2_x3_loro_longxi_river_seed42,pooled_loro,intervention,42,1120,na,longxi_river,longxihe_UAV1912,0.5,241,27,404,15712,51.855223896094515,0.7134831460669566,0.7313019390577078
E1,q2_x3_loro_longxi_river_seed42,pooled_loro,intervention,42,1120,na,longxi_river,longxihe_UAV1913,0.5,0,0,138,16246,181.01933598375618,0.0,0.0
E1,q2_x3_loro_longxi_river_seed42,pooled_loro,intervention,42,1120,na,longxi_river,longxihe_UAV1914,0.5,0,19,113,16252,81.75722729859874,0.0,0.0
E1,q2_x3_loro_longxi_river_seed42,pooled_loro,intervention,42,1120,na,longxi_river,longxihe_UAV1915,0.5,0,4,575,15805,86.49130148504406,0.0,0.0
E1,q2_x3_loro_longxi_river_seed42,pooled_loro,intervention,42,1120,na,longxi_river,longxihe_UAV1916,0.5,0,5,816,15563,78.49744864474926,0.0,0.0
E1,q2_x3_loro_longxi_river_seed42,pooled_loro,intervention,42,1120,na,longxi_river,longxihe_UAV1917,0.5,0,0,1687,14697,181.01933598375618,0.0,0.0
E1,q2_x3_loro_longxi_river_seed42,pooled_loro,intervention,42,1120,na,longxi_river,longxihe_UAV1918,0.5,0,0,4930,11454,181.01933598375618,0.0,0.0
E1,q2_x3_loro_longxi_river_seed42,pooled_loro,intervention,42,1120,na,longxi_river,longxihe_UAV1919,0.5,0,0,5239,11145,181.01933598375618,0.0,0.0
E1,q2_x3_loro_longxi_river_seed42,pooled_loro,intervention,42,1120,na,longxi_river,longxihe_UAV1920,0.5,0,0,2168,14216,181.01933598375618,0.0,0.0
E1,q2_x3_loro_longxi_river_seed42,pooled_loro,intervention,42,1120,na,longxi_river,longxihe_UAV1921,0.5,0,0,526,15858,181.01933598375618,0.0,0.0
E1,q2_x3_loro_longxi_river_seed42,pooled_loro,intervention,42,1120,na,longxi_river,longxihe_UAV1922,0.5,0,0,397,15987,181.01933598375618,0.0,0.0
E1,q2_x3_loro_longxi_river_seed42,pooled_loro,intervention,42,1120,na,longxi_river,longxihe_UAV1923,0.5,47,400,534,15403,53.85164807134504,0.1106189089984099,0.1754617414243361
E1,q2_x3_loro_longxi_river_seed42,pooled_loro,intervention,42,1120,na,longxi_river,longxihe_UAV1924,0.5,0,0,956,15428,181.01933598375618,0.0,0.0
E1,q2_x3_loro_longxi_river_seed42,pooled_loro,intervention,42,1120,na,longxi_river,longxihe_UAV1925,0.5,0,0,2009,14375,181.01933598375618,0.0,0.0
E1,q2_x3_loro_longxi_river_seed42,pooled_loro,intervention,42,1120,na,longxi_river,longxihe_UAV1926,0.5,366,138,2794,13086,44.81171745319226,0.1353321789845504,0.22249388753030172
E1,q2_x3_loro_longxi_river_seed42,pooled_loro,intervention,42,1120,na,longxi_river,longxihe_UAV1927,0.5,140,49,3151,13044,77.6321429499227,0.07710843373480153,0.13555460629346788
E1,q2_x3_loro_longxi_river_seed42,pooled_loro,intervention,42,1120,na,longxi_river,longxihe_UAV1928,0.5,0,0,1522,14862,181.01933598375618,0.0,0.0
E1,q2_x3_loro_longxi_river_seed42,pooled_loro,intervention,42,1120,na,longxi_river,longxihe_UAV1929,0.5,0,0,723,15661,181.01933598375618,0.0,0.0
E1,q2_x3_loro_longxi_river_seed42,pooled_loro,intervention,42,1120,na,longxi_river,longxihe_UAV1930,0.5,55,0,1837,14492,74.38410894776585,0.06660342503361803,0.10034207525646112
E1,q2_x3_loro_longxi_river_seed42,pooled_loro,intervention,42,1120,na,longxi_river,longxihe_UAV1931,0.5,72,0,2646,13666,91.4166286842826,0.07283315220726197,0.12769116555296137
E1,q2_x3_loro_longxi_river_seed42,pooled_loro,intervention,42,1120,na,longxi_river,longxihe_UAV1932,0.5,361,8,2567,13448,60.19551177356262,0.1634474413719572,0.19368421052614088
E1,q2_x3_loro_longxi_river_seed42,pooled_loro,intervention,42,1120,na,longxi_river,longxihe_UAV1933,0.5,46,0,1743,14595,60.201325586067284,0.07960784313713763,0.1149436134571514
E1,q2_x3_loro_longxi_river_seed42,pooled_loro,intervention,42,1120,na,longxi_river,longxihe_UAV1934,0.5,277,0,1468,14639,35.90264614203248,0.19378881987548263,0.23285575184280813
E1,q2_x3_loro_longxi_river_seed42,pooled_loro,intervention,42,1120,na,longxi_river,longxihe_UAV1935,0.5,0,0,198,16186,181.01933598375618,0.0,0.0
E1,q2_x3_loro_longxi_river_seed42,pooled_loro,intervention,42,1120,na,longxi_river,longxihe_UAV1936,0.5,108,0,1635,14641,57.42821606144492,0.11393018745943981,0.21876503608640527
E1,q2_x3_loro_longxi_river_seed42,pooled_loro,intervention,42,1120,na,longxi_river,longxihe_UAV1937,0.5,1,3,2083,14297,101.0425387179999,0.011049723756862856,0.023681377825528708
E1,q2_x3_loro_longxi_river_seed42,pooled_loro,intervention,42,1120,na,longxi_river,longxihe_UAV1938,0.5,0,4,1582,14798,134.5510013147589,0.0,0.0
E1,q2_x3_loro_longxi_river_seed42,pooled_loro,intervention,42,1120,na,longxi_river,longxihe_UAV1939,0.5,0,0,2030,14354,181.01933598375618,0.0,0.0
E1,q2_x3_loro_longxi_river_seed42,pooled_loro,intervention,42,1120,na,longxi_river,longxihe_UAV1940,0.5,390,5,3080,12909,91.16986200720883,0.11233960132337054,0.17707276583952003
E1,q2_x3_loro_longxi_river_seed42,pooled_loro,intervention,42,1120,na,longxi_river,longxihe_UAV1941,0.5,459,2,4572,11351,60.42722264836464,0.1660079051381422,0.23242126835180815
E1,q2_x3_loro_longxi_river_seed42,pooled_loro,intervention,42,1120,na,longxi_river,longxihe_UAV1942,0.5,136,0,2916,13332,80.28613279070997,0.05354595048246219,0.15100357957148652
E1,q2_x3_loro_longxi_river_seed42,pooled_loro,intervention,42,1120,na,longxi_river,longxihe_UAV1943,0.5,0,0,2218,14166,181.01933598375618,0.0,0.0
E1,q2_x3_loro_longxi_river_seed42,pooled_loro,intervention,42,1120,na,longxi_river,longxihe_UAV1944,0.5,0,0,3494,12890,181.01933598375618,0.0,0.0
E1,q2_x3_loro_longxi_river_seed42,pooled_loro,intervention,42,1120,na,longxi_river,longxihe_UAV1945,0.5,0,0,3318,13066,181.01933598375618,0.0,0.0
E1,q2_x3_loro_longxi_river_seed42,pooled_loro,intervention,42,1120,na,longxi_river,longxihe_UAV1946,0.5,91,0,3683,12610,119.23086848631104,0.048310433495170044,0.06235136593450763
E1,q2_x3_loro_longxi_river_seed42,pooled_loro,intervention,42,1120,na,longxi_river,longxihe_UAV1947,0.5,74,0,4073,12237,74.30611435263066,0.046620046619986394,0.07250436406439295
E1,q2_x3_loro_longxi_river_seed42,pooled_loro,intervention,42,1120,na,longxi_river,longxihe_UAV1948,0.5,9,0,5380,10995,127.4872542648872,0.012742718446585692,0.02814919071073931
E1,q2_x3_loro_longxi_river_seed42,pooled_loro,intervention,42,1120,na,longxi_river,longxihe_UAV1949,0.5,356,1,9314,6713,93.94572862826273,0.06512890094968181,0.1103538724558886
E1,q2_x3_loro_longxi_river_seed42,pooled_loro,intervention,42,1120,na,longxi_river,longxihe_UAV1950,0.5,325,2,12543,3514,101.88831018436188,0.06435715850173314,0.08858858858846519
E1,q2_x3_loro_longxi_river_seed42,pooled_loro,intervention,42,1120,na,longxi_river,longxihe_UAV1951,0.5,0,0,7729,8655,181.01933598375618,0.0,0.0
E1,q2_x3_loro_longxi_river_seed42,pooled_loro,intervention,42,1120,na,longxi_river,longxihe_UAV1952,0.5,0,0,2397,13987,181.01933598375618,0.0,0.0
E1,q2_x3_loro_longxi_river_seed42,pooled_loro,intervention,42,1120,na,longxi_river,longxihe_UAV1953,0.5,0,0,1832,14552,181.01933598375618,0.0,0.0
E1,q2_x3_loro_longxi_river_seed42,pooled_loro,intervention,42,1120,na,longxi_river,longxihe_UAV1954,0.5,0,0,753,15631,181.01933598375618,0.0,0.0
E1,q2_x3_loro_longxi_river_seed42,pooled_loro,intervention,42,1120,na,longxi_river,longxihe_UAV1955,0.5,58,296,545,15485,92.3253808772206,0.10239739943064745,0.19762387713656823
E1,q2_x3_loro_longxi_river_seed42,pooled_loro,intervention,42,1120,na,longxi_river,longxihe_UAV1956,0.5,315,270,512,15287,48.68825447427275,0.3946869070204128,0.548736462093387
E1,q2_x3_loro_longxi_river_seed42,pooled_loro,intervention,42,1120,na,longxi_river,longxihe_UAV1957,0.5,0,0,534,15850,181.01933598375618,0.0,0.0
E1,q2_x3_loro_longxi_river_seed42,pooled_loro,intervention,42,1120,na,longxi_river,longxihe_UAV1958,0.5,37,0,226,16121,131.1757307174583,0.33628318584040534,0.38596491228039026
E1,q2_x3_loro_longxi_river_seed42,pooled_loro,intervention,42,1120,na,longxi_river,longxihe_UAV1959,0.5,25,0,513,15846,34.0,0.15789473684189645,0.30379746835417265
E1,q2_x3_loro_longxi_river_seed42,pooled_loro,intervention,42,1120,na,longxi_river,longxihe_UAV1960,0.5,4,0,804,15576,109.40721515659604,0.0431266846360764,0.0742705570291062
E1,q2_x3_loro_longxi_river_seed42,pooled_loro,intervention,42,1120,na,longxi_river,longxihe_UAV1961,0.5,0,0,721,15663,181.01933598375618,0.0,0.0
E1,q2_x3_loro_longxi_river_seed42,pooled_loro,intervention,42,1120,na,longxi_river,longxihe_UAV1962,0.5,0,0,760,15624,181.01933598375618,0.0,0.0
E1,q2_x3_loro_longxi_river_seed42,pooled_loro,intervention,42,1120,na,longxi_river,longxihe_UAV1963,0.5,8,0,1050,15326,105.75630907571264,0.04797047970475022,0.09369369369360438
E1,q2_x3_loro_longxi_river_seed42,pooled_loro,intervention,42,1120,na,longxi_river,longxihe_UAV1964,0.5,6,0,1217,15161,126.6546466918956,0.05466970387238418,0.10643015521054223
E1,q2_x3_loro_longxi_river_seed42,pooled_loro,intervention,42,1120,na,longxi_river,longxihe_UAV1965,0.5,0,0,4413,11971,181.01933598375618,0.0,0.0
E1,q2_x3_loro_longxi_river_seed42,pooled_loro,intervention,42,1120,na,longxi_river,longxihe_UAV1966,0.5,0,0,8377,8007,181.01933598375618,0.0,0.0
E1,q2_x3_loro_longxi_river_seed42,pooled_loro,intervention,42,1120,na,longxi_river,longxihe_UAV1967,0.5,0,0,6436,9948,181.01933598375618,0.0,0.0
E1,q2_x3_loro_longxi_river_seed42,pooled_loro,intervention,42,1120,na,longxi_river,longxihe_UAV1968,0.5,0,0,1780,14604,181.01933598375618,0.0,0.0
E1,q2_x3_loro_longxi_river_seed42,pooled_loro,intervention,42,1120,na,longxi_river,longxihe_UAV1969,0.5,0,0,412,15972,181.01933598375618,0.0,0.0
E1,q2_x3_loro_longxi_river_seed42,pooled_loro,intervention,42,1120,na,longxi_river,longxihe_UAV1970,0.5,0,0,601,15783,181.01933598375618,0.0,0.0
E1,q2_x3_loro_longxi_river_seed42,pooled_loro,intervention,42,1120,na,longxi_river,longxihe_UAV1971,0.5,469,50,632,15233,64.25686235167493,0.3546798029552527,0.498320610686598
E1,q2_x3_loro_longxi_river_seed42,pooled_loro,intervention,42,1120,na,longxi_river,longxihe_UAV1972,0.5,0,0,2038,14346,181.01933598375618,0.0,0.0
E1,q2_x3_loro_longxi_river_seed42,pooled_loro,intervention,42,1120,na,longxi_river,longxihe_UAV1973,0.5,42,1,3041,13300,86.366358124369,0.0772303595205649,0.11241830065348866
E1,q2_x3_loro_longxi_river_seed42,pooled_loro,intervention,42,1120,na,longxi_river,longxihe_UAV1974,0.5,268,7,3677,12432,65.79133451076274,0.11733839102245963,0.1535014706801208
E1,q2_x3_loro_longxi_river_seed42,pooled_loro,intervention,42,1120,na,longxi_river,longxihe_UAV1975,0.5,0,0,2647,13737,181.01933598375618,0.0,0.0
E1,q2_x3_loro_longxi_river_seed42,pooled_loro,intervention,42,1120,na,longxi_river,longxihe_UAV1976,0.5,0,0,1209,15175,181.01933598375618,0.0,0.0
E1,q2_x3_loro_longxi_river_seed42,pooled_loro,intervention,42,1120,na,longxi_river,longxihe_UAV1977,0.5,0,0,1937,14447,181.01933598375618,0.0,0.0
E1,q2_x3_loro_longxi_river_seed42,pooled_loro,intervention,42,1120,na,longxi_river,longxihe_UAV1978,0.5,5,0,2240,14139,156.9939437605871,0.003894839337867623,0.015533980582508856
E1,q2_x3_loro_longxi_river_seed42,pooled_loro,intervention,42,1120,na,longxi_river,longxihe_UAV1979,0.5,116,0,2044,14224,114.4021415526527,0.08363385874619435,0.12802768166077982
E1,q2_x3_loro_longxi_river_seed42,pooled_loro,intervention,42,1120,na,longxi_river,longxihe_UAV1980,0.5,54,0,3112,13218,74.17912414830323,0.03796548592180514,0.1315345699830137
E1,q2_x3_loro_longxi_river_seed42,pooled_loro,intervention,42,1120,na,longxi_river,longxihe_UAV1981,0.5,68,0,3037,13279,71.43877803312127,0.058157099697797976,0.12305025996522245
E1,q2_x3_loro_longxi_river_seed42,pooled_loro,intervention,42,1120,na,longxi_river,longxihe_UAV1982,0.5,0,0,672,15712,181.01933598375618,0.0,0.0
E1,q2_x3_loro_longxi_river_seed42,pooled_loro,intervention,42,1120,na,longxi_river,longxihe_UAV1983,0.5,12,0,2939,13433,116.31894921574879,0.03147128245472298,0.04698512137818434
E1,q2_x3_loro_longxi_river_seed42,pooled_loro,intervention,42,1120,na,longxi_river,longxihe_UAV1984,0.5,10,0,2921,13453,123.08530943754847,0.024875621890522698,0.04272801972058267
E1,q2_x3_loro_longxi_river_seed42,pooled_loro,intervention,42,1120,na,longxi_river,longxihe_UAV1985,0.5,0,0,2534,13850,181.01933598375618,0.0,0.0
E1,q2_x3_loro_longxi_river_seed42,pooled_loro,intervention,42,1120,na,longxi_river,longxihe_UAV1986,0.5,7,0,4026,12351,119.1757075237306,0.0,0.001924927815193546
E1,q2_x3_loro_longxi_river_seed42,pooled_loro,intervention,42,1120,na,longxi_river,longxihe_UAV1987,0.5,44,0,5324,11016,125.59537762562545,0.011393126147178887,0.02640125720266561
E1,q2_x3_loro_longxi_river_seed42,pooled_loro,intervention,42,1120,na,longxi_river,longxihe_UAV1988,0.5,1,0,6916,9467,126.42090802997988,0.0,0.0
E1,q2_x3_loro_longxi_river_seed42,pooled_loro,intervention,42,1120,na,longxi_river,longxihe_UAV1989,0.5,0,0,6554,9830,181.01933598375618,0.0,0.0
E1,q2_x3_loro_longxi_river_seed42,pooled_loro,intervention,42,1120,na,longxi_river,longxihe_UAV1990,0.5,0,0,5622,10762,181.01933598375618,0.0,0.0
E1,q2_x3_loro_longxi_river_seed42,pooled_loro,intervention,42,1120,na,longxi_river,longxihe_UAV1991,0.5,0,0,5583,10801,181.01933598375618,0.0,0.0
E1,q2_x3_loro_longxi_river_seed42,pooled_loro,intervention,42,1120,na,longxi_river,longxihe_UAV1992,0.5,0,0,4893,11491,181.01933598375618,0.0,0.0
E1,q2_x3_loro_longxi_river_seed42,pooled_loro,intervention,42,1120,na,longxi_river,longxihe_UAV1993,0.5,0,0,3920,12464,181.01933598375618,0.0,0.0
E1,q2_x3_loro_longxi_river_seed42,pooled_loro,intervention,42,1120,na,longxi_river,longxihe_UAV1994,0.5,0,0,3061,13323,181.01933598375618,0.0,0.0
E1,q2_x3_loro_longxi_river_seed42,pooled_loro,intervention,42,1120,na,longxi_river,longxihe_UAV1995,0.5,0,0,3658,12726,181.01933598375618,0.0,0.0
E1,q2_x3_loro_longxi_river_seed42,pooled_loro,intervention,42,1120,na,longxi_river,longxihe_UAV1996,0.5,0,0,7361,9023,181.01933598375618,0.0,0.0
E1,q2_x3_loro_longxi_river_seed42,pooled_loro,intervention,42,1120,na,longxi_river,longxihe_UAV1997,0.5,0,0,9141,7243,181.01933598375618,0.0,0.0
E1,q2_x3_loro_longxi_river_seed42,pooled_loro,intervention,42,1120,na,longxi_river,longxihe_UAV1998,0.5,0,0,4474,11910,181.01933598375618,0.0,0.0
E1,q2_x3_loro_longxi_river_seed42,pooled_loro,intervention,42,1120,na,longxi_river,longxihe_UAV1999,0.5,1,0,692,15691,96.2746028531645,0.019950124688259546,0.08212560386465555
E1,q2_x3_loro_longxi_river_seed42,pooled_loro,intervention,42,1120,na,longxi_river,longxihe_UAV2000,0.5,0,0,487,15897,181.01933598375618,0.0,0.0
E1,q2_x3_loro_longxi_river_seed42,pooled_loro,intervention,42,1120,na,longxi_river,longxihe_UAV2001,0.5,183,4,304,15893,14.941511807767982,0.5262671533516864,0.7010946648720736
E1,q2_x3_loro_longxi_river_seed42,pooled_loro,intervention,42,1120,na,longxi_river,longxihe_UAV2002,0.5,0,0,438,15946,181.01933598375618,0.0,0.0
E1,q2_x3_loro_longxi_river_seed42,pooled_loro,intervention,42,1120,na,longxi_river,longxihe_UAV2003,0.5,0,0,127,16257,181.01933598375618,0.0,0.0
E1,q2_x3_loro_longxi_river_seed42,pooled_loro,intervention,42,1120,na,longxi_river,longxihe_UAV2004,0.5,0,0,127,16257,181.01933598375618,0.0,0.0
E1,q2_x3_loro_longxi_river_seed42,pooled_loro,intervention,42,1120,na,longxi_river,longxihe_UAV2005,0.5,0,0,385,15999,181.01933598375618,0.0,0.0
E1,q2_x3_loro_longxi_river_seed42,pooled_loro,intervention,42,1120,na,longxi_river,longxihe_UAV2006,0.5,121,0,1135,15128,30.570625031494142,0.09565303495371331,0.22202143825185083
E1,q2_x3_loro_longxi_river_seed42,pooled_loro,intervention,42,1120,na,longxi_river,longxihe_UAV2007,0.5,0,0,2229,14155,181.01933598375618,0.0,0.0
E1,q2_x3_loro_longxi_river_seed42,pooled_loro,intervention,42,1120,na,longxi_river,longxihe_UAV2008,0.5,50,0,2656,13678,66.03218860486466,0.014134275618308576,0.025986809725305843
E1,q2_x3_loro_longxi_river_seed42,pooled_loro,intervention,42,1120,na,longxi_river,longxihe_UAV2009,0.5,0,0,1678,14706,181.01933598375618,0.0,0.0
E1,q2_x3_loro_longxi_river_seed42,pooled_loro,intervention,42,1120,na,longxi_river,longxihe_UAV2010,0.5,3,0,1607,14774,93.60418884002407,0.029268292682897986,0.06698564593294962
E1,q2_x3_loro_longxi_river_seed42,pooled_loro,intervention,42,1120,na,longxi_river,longxihe_UAV2011,0.5,0,0,2531,13853,181.01933598375618,0.0,0.0
E1,q2_x3_loro_longxi_river_seed42,pooled_loro,intervention,42,1120,na,longxi_river,longxihe_UAV2012,0.5,0,0,3029,13355,181.01933598375618,0.0,0.0
E1,q2_x3_loro_longxi_river_seed42,pooled_loro,intervention,42,1120,na,longxi_river,longxihe_UAV2013,0.5,0,0,7083,9301,181.01933598375618,0.0,0.0
E1,q2_x3_loro_longxi_river_seed42,pooled_loro,intervention,42,1120,na,longxi_river,longxihe_UAV2014,0.5,0,0,7285,9099,181.01933598375618,0.0,0.0
E1,q2_x3_loro_longxi_river_seed42,pooled_loro,intervention,42,1120,na,longxi_river,longxihe_UAV2015,0.5,0,0,1980,14404,181.01933598375618,0.0,0.0
E1,q2_x3_loro_longxi_river_seed42,pooled_loro,intervention,42,1120,na,longxi_river,longxihe_UAV2018,0.5,0,0,20,16364,181.01933598375618,0.0,0.0
E1,q2_x3_loro_longxi_river_seed42,pooled_loro,intervention,42,1120,na,longxi_river,longxihe_UAV2019,0.5,0,0,145,16239,181.01933598375618,0.0,0.0
E1,q2_x3_loro_longxi_river_seed42,pooled_loro,intervention,42,1120,na,longxi_river,longxihe_UAV2020,0.5,0,0,461,15923,181.01933598375618,0.0,0.0
E1,q2_x3_loro_longxi_river_seed42,pooled_loro,intervention,42,1120,na,longxi_river,longxihe_UAV2021,0.5,0,0,1076,15308,181.01933598375618,0.0,0.0
E1,q2_x3_loro_longxi_river_seed42,pooled_loro,intervention,42,1120,na,longxi_river,longxihe_UAV2022,0.5,1,0,1833,14550,101.1197309204377,0.0,0.01916932907346344
E1,q2_x3_loro_longxi_river_seed42,pooled_loro,intervention,42,1120,na,longxi_river,longxihe_UAV2023,0.5,0,0,1584,14800,181.01933598375618,0.0,0.0
E1,q2_x3_loro_longxi_river_seed42,pooled_loro,intervention,42,1120,na,longxi_river,longxihe_UAV2024,0.5,0,0,647,15737,181.01933598375618,0.0,0.0
E1,q2_x3_loro_longxi_river_seed42,pooled_loro,intervention,42,1120,na,longxi_river,longxihe_UAV2025,0.5,0,0,1101,15283,181.01933598375618,0.0,0.0
E1,q2_x3_loro_longxi_river_seed42,pooled_loro,intervention,42,1120,na,longxi_river,longxihe_UAV2026,0.5,55,0,2186,14143,116.44053994581037,0.022346368715019008,0.07218576476519442
E1,q2_x3_loro_longxi_river_seed42,pooled_loro,intervention,42,1120,na,longxi_river,longxihe_UAV2027,0.5,83,0,3924,12377,65.43239437183385,0.03255747536759896,0.10099188458059778
E1,q2_x3_loro_longxi_river_seed42,pooled_loro,intervention,42,1120,na,longxi_river,longxihe_UAV2028,0.5,0,0,5961,10423,181.01933598375618,0.0,0.0
E1,q2_x3_loro_longxi_river_seed42,pooled_loro,intervention,42,1120,na,longxi_river,longxihe_UAV2029,0.5,0,0,5937,10447,181.01933598375618,0.0,0.0
E1,q2_x3_loro_longxi_river_seed42,pooled_loro,intervention,42,1120,na,longxi_river,longxihe_UAV2030,0.5,0,0,998,15386,181.01933598375618,0.0,0.0
E1,q2_x3_loro_longxi_river_seed42,pooled_loro,intervention,42,1120,na,longxi_river,longxihe_UAV2031,0.5,0,0,2750,13634,181.01933598375618,0.0,0.0
E1,q2_x3_loro_longxi_river_seed42,pooled_loro,intervention,42,1120,na,longxi_river,longxihe_UAV2032,0.5,0,0,4802,11582,181.01933598375618,0.0,0.0
E1,q2_x3_loro_longxi_river_seed42,pooled_loro,intervention,42,1120,na,longxi_river,longxihe_UAV2033,0.5,0,0,5063,11321,181.01933598375618,0.0,0.0
E1,q2_x3_loro_longxi_river_seed42,pooled_loro,intervention,42,1120,na,longxi_river,longxihe_UAV2034,0.5,0,0,4182,12202,181.01933598375618,0.0,0.0
E1,q2_x3_loro_longxi_river_seed42,pooled_loro,intervention,42,1120,na,longxi_river,longxihe_UAV2035,0.5,2,0,5100,11282,124.23986439014561,0.0,0.0
E1,q2_x3_loro_longxi_river_seed42,pooled_loro,intervention,42,1120,na,longxi_river,longxihe_UAV2036,0.5,0,0,6729,9655,181.01933598375618,0.0,0.0
E1,q2_x3_loro_longxi_river_seed42,pooled_loro,intervention,42,1120,na,longxi_river,longxihe_UAV2037,0.5,2,0,7928,8454,99.72487151561538,0.002932551319642246,0.014598540145970909
E1,q2_x3_loro_longxi_river_seed42,pooled_loro,intervention,42,1120,na,longxi_river,longxihe_UAV2038,0.5,0,0,6807,9577,181.01933598375618,0.0,0.0
E1,q2_x3_loro_longxi_river_seed42,pooled_loro,intervention,42,1120,na,longxi_river,longxihe_UAV2039,0.5,0,0,4793,11591,181.01933598375618,0.0,0.0
E1,q2_x3_loro_longxi_river_seed42,pooled_loro,intervention,42,1120,na,longxi_river,longxihe_UAV2040,0.5,0,0,4743,11641,181.01933598375618,0.0,0.0
E1,q2_x3_loro_longxi_river_seed42,pooled_loro,intervention,42,1120,na,longxi_river,longxihe_UAV2041,0.5,0,0,3749,12635,181.01933598375618,0.0,0.0
E1,q2_x3_loro_longxi_river_seed42,pooled_loro,intervention,42,1120,na,longxi_river,longxihe_UAV2042,0.5,0,0,2285,14099,181.01933598375618,0.0,0.0
E1,q2_x3_loro_longxi_river_seed42,pooled_loro,intervention,42,1120,na,longxi_river,longxihe_UAV2043,0.5,0,0,4605,11779,181.01933598375618,0.0,0.0
E1,q2_x3_loro_longxi_river_seed42,pooled_loro,intervention,42,1120,na,longxi_river,longxihe_UAV2044,0.5,0,0,5864,10520,181.01933598375618,0.0,0.0
E1,q2_x3_loro_longxi_river_seed42,pooled_loro,intervention,42,1120,na,longxi_river,longxihe_UAV2045,0.5,0,0,3378,13006,181.01933598375618,0.0,0.0
E1,q2_x3_loro_longxi_river_seed42,pooled_loro,intervention,42,1120,na,longxi_river,longxihe_UAV2046,0.5,0,0,1256,15128,181.01933598375618,0.0,0.0
E1,q2_x3_loro_longxi_river_seed42,pooled_loro,intervention,42,1120,na,longxi_river,longxihe_UAV2047,0.5,214,157,246,15767,61.0,0.3874242502714917,0.5721396623859374
E1,q2_x3_loro_longxi_river_seed42,pooled_loro,intervention,42,1120,na,longxi_river,longxihe_UAV2048,0.5,0,0,182,16202,181.01933598375618,0.0,0.0
E1,q2_x3_loro_longxi_river_seed42,pooled_loro,intervention,42,1120,na,longxi_river,longxihe_UAV2049,0.5,0,0,191,16193,181.01933598375618,0.0,0.0
E1,q2_x3_loro_longxi_river_seed42,pooled_loro,intervention,42,1120,na,longxi_river,longxihe_UAV2050,0.5,0,0,173,16211,181.01933598375618,0.0,0.0
E1,q2_x3_loro_longxi_river_seed42,pooled_loro,intervention,42,1120,na,longxi_river,longxihe_UAV2051,0.5,0,0,474,15910,181.01933598375618,0.0,0.0
E1,q2_x3_loro_longxi_river_seed42,pooled_loro,intervention,42,1120,na,longxi_river,longxihe_UAV2052,0.5,0,34,1150,15200,84.64607637701249,0.0,0.0
E1,q2_x3_loro_longxi_river_seed42,pooled_loro,intervention,42,1120,na,longxi_river,longxihe_UAV2053,0.5,0,0,1666,14718,181.01933598375618,0.0,0.0
E1,q2_x3_loro_longxi_river_seed42,pooled_loro,intervention,42,1120,na,longxi_river,longxihe_UAV2054,0.5,0,0,3181,13203,181.01933598375618,0.0,0.0
E1,q2_x3_loro_longxi_river_seed42,pooled_loro,intervention,42,1120,na,longxi_river,longxihe_UAV2055,0.5,0,0,2191,14193,181.01933598375618,0.0,0.0
E1,q2_x3_loro_longxi_river_seed42,pooled_loro,intervention,42,1120,na,longxi_river,longxihe_UAV2056,0.5,0,0,1042,15342,181.01933598375618,0.0,0.0
E1,q2_x3_loro_longxi_river_seed42,pooled_loro,intervention,42,1120,na,longxi_river,longxihe_UAV2057,0.5,0,0,2233,14151,181.01933598375618,0.0,0.0
E1,q2_x3_loro_longxi_river_seed42,pooled_loro,intervention,42,1120,na,longxi_river,longxihe_UAV2058,0.5,0,0,1929,14455,181.01933598375618,0.0,0.0
E1,q2_x3_loro_longxi_river_seed42,pooled_loro,intervention,42,1120,na,longxi_river,longxihe_UAV2059,0.5,0,0,3604,12780,181.01933598375618,0.0,0.0
E1,q2_x3_loro_longxi_river_seed42,pooled_loro,intervention,42,1120,na,longxi_river,longxihe_UAV2060,0.5,0,0,4176,12208,181.01933598375618,0.0,0.0
E1,q2_x3_loro_longxi_river_seed42,pooled_loro,intervention,42,1120,na,longxi_river,longxihe_UAV2061,0.5,0,0,2131,14253,181.01933598375618,0.0,0.0
E1,q2_x3_loro_longxi_river_seed42,pooled_loro,intervention,42,1120,na,longxi_river,longxihe_UAV2062,0.5,0,0,821,15563,181.01933598375618,0.0,0.0
E1,q2_x3_loro_longxi_river_seed42,pooled_loro,intervention,42,1120,na,longxi_river,longxihe_UAV2063,0.5,0,0,160,16224,181.01933598375618,0.0,0.0
E1,q2_x3_loro_longxi_river_seed42,pooled_loro,intervention,42,1120,na,longxi_river,longxihe_UAV2064,0.5,24,3,230,16127,31.515646474753776,0.36956521739100306,0.4693877551016815
E1,q2_x3_loro_longxi_river_seed42,pooled_loro,intervention,42,1120,na,longxi_river,longxihe_UAV2065,0.5,0,0,239,16145,181.01933598375618,0.0,0.0
E1,q2_x3_loro_longxi_river_seed42,pooled_loro,intervention,42,1120,na,longxi_river,longxihe_UAV2066,0.5,0,0,1294,15090,181.01933598375618,0.0,0.0
E1,q2_x3_loro_longxi_river_seed42,pooled_loro,intervention,42,1120,na,longxi_river,longxihe_UAV2067,0.5,0,0,1550,14834,181.01933598375618,0.0,0.0
E1,q2_x3_loro_longxi_river_seed42,pooled_loro,intervention,42,1120,na,longxi_river,longxihe_UAV2068,0.5,0,0,479,15905,181.01933598375618,0.0,0.0
E1,q2_x3_loro_longxi_river_seed42,pooled_loro,intervention,42,1120,na,longxi_river,longxihe_UAV2069,0.5,0,103,224,16057,82.83146939621882,0.0,0.0
E1,q2_x3_loro_longxi_river_seed42,pooled_loro,intervention,42,1120,na,longxi_river,longxihe_UAV2070,0.5,0,0,936,15448,181.01933598375618,0.0,0.0
E1,q2_x3_loro_longxi_river_seed42,pooled_loro,intervention,42,1120,na,longxi_river,longxihe_UAV2071,0.5,0,0,1399,14985,181.01933598375618,0.0,0.0
E1,q2_x3_loro_longxi_river_seed42,pooled_loro,intervention,42,1120,na,longxi_river,longxihe_UAV2072,0.5,9,0,2427,13948,129.3873634404824,0.0,0.015009380863006197
E1,q2_x3_loro_longxi_river_seed42,pooled_loro,intervention,42,1120,na,longxi_river,longxihe_UAV2073,0.5,0,0,5661,10723,181.01933598375618,0.0,0.0
E1,q2_x3_loro_longxi_river_seed42,pooled_loro,intervention,42,1120,na,longxi_river,longxihe_UAV2074,0.5,0,0,6848,9536,181.01933598375618,0.0,0.0
E1,q2_x3_loro_longxi_river_seed42,pooled_loro,intervention,42,1120,na,longxi_river,longxihe_UAV2075,0.5,0,0,6832,9552,181.01933598375618,0.0,0.0
E1,q2_x3_loro_longxi_river_seed42,pooled_loro,intervention,42,1120,na,longxi_river,longxihe_UAV2076,0.5,0,24,640,15720,125.34950303993432,0.0,0.0
E1,q2_x3_loro_longxi_river_seed42,pooled_loro,intervention,42,1120,na,longxi_river,longxihe_UAV2077,0.5,0,0,2249,14135,181.01933598375618,0.0,0.0
E1,q2_x3_loro_longxi_river_seed42,pooled_loro,intervention,42,1120,na,longxi_river,longxihe_UAV2078,0.5,0,0,4740,11644,181.01933598375618,0.0,0.0
E1,q2_x3_loro_longxi_river_seed42,pooled_loro,intervention,42,1120,na,longxi_river,longxihe_UAV2079,0.5,0,0,4305,12079,181.01933598375618,0.0,0.0
E1,q2_x3_loro_longxi_river_seed42,pooled_loro,intervention,42,1120,na,longxi_river,longxihe_UAV2080,0.5,0,0,2572,13812,181.01933598375618,0.0,0.0
E1,q2_x3_loro_longxi_river_seed42,pooled_loro,intervention,42,1120,na,longxi_river,longxihe_UAV2081,0.5,0,0,4344,12040,181.01933598375618,0.0,0.0
E1,q2_x3_loro_longxi_river_seed42,pooled_loro,intervention,42,1120,na,longxi_river,longxihe_UAV2082,0.5,0,0,4790,11594,181.01933598375618,0.0,0.0
E1,q2_x3_loro_longxi_river_seed42,pooled_loro,intervention,42,1120,na,longxi_river,longxihe_UAV2083,0.5,0,0,3415,12969,181.01933598375618,0.0,0.0
E1,q2_x3_loro_longxi_river_seed42,pooled_loro,intervention,42,1120,na,longxi_river,longxihe_UAV2084,0.5,0,0,2762,13622,181.01933598375618,0.0,0.0
E1,q2_x3_loro_longxi_river_seed42,pooled_loro,intervention,42,1120,na,longxi_river,longxihe_UAV2085,0.5,0,0,2460,13924,181.01933598375618,0.0,0.0
E1,q2_x3_loro_longxi_river_seed42,pooled_loro,intervention,42,1120,na,longxi_river,longxihe_UAV2086,0.5,0,0,2919,13465,181.01933598375618,0.0,0.0
E1,q2_x3_loro_longxi_river_seed42,pooled_loro,intervention,42,1120,na,longxi_river,longxihe_UAV2087,0.5,0,0,2500,13884,181.01933598375618,0.0,0.0
E1,q2_x3_loro_longxi_river_seed42,pooled_loro,intervention,42,1120,na,longxi_river,longxihe_UAV2088,0.5,0,0,2690,13694,181.01933598375618,0.0,0.0
E1,q2_x3_loro_longxi_river_seed42,pooled_loro,intervention,42,1120,na,longxi_river,longxihe_UAV2089,0.5,0,0,6110,10274,181.01933598375618,0.0,0.0
E1,q2_x3_loro_longxi_river_seed42,pooled_loro,intervention,42,1120,na,longxi_river,longxihe_UAV2090,0.5,0,0,5016,11368,181.01933598375618,0.0,0.0
E1,q2_x3_loro_longxi_river_seed42,pooled_loro,intervention,42,1120,na,longxi_river,longxihe_UAV2091,0.5,0,0,746,15638,181.01933598375618,0.0,0.0
E1,q2_x3_loro_longxi_river_seed42,pooled_loro,intervention,42,1120,na,longxi_river,longxihe_UAV2092,0.5,0,0,256,16128,181.01933598375618,0.0,0.0
E1,q2_x3_loro_longxi_river_seed42,pooled_loro,intervention,42,1120,na,longxi_river,longxihe_UAV2093,0.5,0,0,317,16067,181.01933598375618,0.0,0.0
E1,q2_x3_loro_longxi_river_seed42,pooled_loro,intervention,42,1120,na,longxi_river,longxihe_UAV2094,0.5,0,0,61,16323,181.01933598375618,0.0,0.0
E1,q2_x3_loro_longxi_river_seed42,pooled_loro,intervention,42,1120,na,longxi_river,longxihe_UAV2095,0.5,0,1033,466,14885,55.88020563754092,0.0,0.0
E1,q2_x3_loro_longxi_river_seed42,pooled_loro,intervention,42,1120,na,longxi_river,longxihe_UAV2096,0.5,0,0,602,15782,181.01933598375618,0.0,0.0
E1,q2_x3_loro_longxi_river_seed42,pooled_loro,intervention,42,1120,na,longxi_river,longxihe_UAV2097,0.5,0,15,136,16233,79.17512215140856,0.0,0.0
E1,q2_x3_loro_longxi_river_seed42,pooled_loro,intervention,42,1120,na,longxi_river,longxihe_UAV2098,0.5,0,8,248,16128,105.53473335052404,0.0,0.0
E1,q2_x3_loro_longxi_river_seed42,pooled_loro,intervention,42,1120,na,longxi_river,longxihe_UAV2099,0.5,0,0,248,16136,181.01933598375618,0.0,0.0
E1,q2_x3_loro_longxi_river_seed42,pooled_loro,intervention,42,1120,na,longxi_river,longxihe_UAV2100,0.5,0,0,120,16264,181.01933598375618,0.0,0.0
E1,q2_x3_loro_longxi_river_seed42,pooled_loro,intervention,42,1120,na,longxi_river,longxihe_UAV2101,0.5,0,0,1083,15301,181.01933598375618,0.0,0.0
E1,q2_x3_loro_longxi_river_seed42,pooled_loro,intervention,42,1120,na,longxi_river,longxihe_UAV2102,0.5,0,0,963,15421,181.01933598375618,0.0,0.0
E1,q2_x3_loro_longxi_river_seed42,pooled_loro,intervention,42,1120,na,longxi_river,longxihe_UAV2103,0.5,0,0,134,16250,181.01933598375618,0.0,0.0
E1,q2_x3_loro_longxi_river_seed42,pooled_loro,intervention,42,1120,na,longxi_river,longxihe_UAV2104,0.5,0,278,436,15670,75.48068748514484,0.04229607250718014,0.13613972234620397
E1,q2_x3_loro_longxi_river_seed42,pooled_loro,intervention,42,1120,na,longxi_river,longxihe_UAV2105,0.5,0,0,1463,14921,181.01933598375618,0.0,0.0
E1,q2_x3_loro_longxi_river_seed42,pooled_loro,intervention,42,1120,na,longxi_river,longxihe_UAV2106,0.5,0,0,1783,14601,181.01933598375618,0.0,0.0
E1,q2_x3_loro_longxi_river_seed42,pooled_loro,intervention,42,1120,na,longxi_river,longxihe_UAV2107,0.5,0,0,1443,14941,181.01933598375618,0.0,0.0
E1,q2_x3_loro_longxi_river_seed42,pooled_loro,intervention,42,1120,na,longxi_river,longxihe_UAV2108,0.5,0,0,821,15563,181.01933598375618,0.0,0.0
E1,q2_x3_loro_longxi_river_seed42,pooled_loro,intervention,42,1120,na,longxi_river,longxihe_UAV2109,0.5,0,0,372,16012,181.01933598375618,0.0,0.0
E1,q2_x3_loro_longxi_river_seed42,pooled_loro,intervention,42,1120,na,longxi_river,longxihe_UAV2110,0.5,0,0,852,15532,181.01933598375618,0.0,0.0
E1,q2_x3_loro_longxi_river_seed42,pooled_loro,intervention,42,1120,na,longxi_river,longxihe_UAV2111,0.5,0,0,739,15645,181.01933598375618,0.0,0.0
E1,q2_x3_loro_longxi_river_seed42,pooled_loro,intervention,42,1120,na,longxi_river,longxihe_UAV2112,0.5,0,0,1428,14956,181.01933598375618,0.0,0.0
E1,q2_x3_loro_longxi_river_seed42,pooled_loro,intervention,42,1120,na,longxi_river,longxihe_UAV2113,0.5,400,242,1106,14636,52.773099207835045,0.1665970336324517,0.327117572692433
E1,q2_x3_loro_longxi_river_seed42,pooled_loro,intervention,42,1120,na,longxi_river,longxihe_UAV2114,0.5,0,0,337,16047,181.01933598375618,0.0,0.0
E1,q2_x3_loro_longxi_river_seed42,pooled_loro,intervention,42,1120,na,longxi_river,longxihe_UAV2115,0.5,0,1107,146,15131,84.59905436823747,0.0,0.0
E1,q2_x3_loro_longxi_river_seed42,pooled_loro,intervention,42,1120,na,longxi_river,longxihe_UAV2116,0.5,0,0,936,15448,181.01933598375618,0.0,0.0
E1,q2_x3_loro_longxi_river_seed42,pooled_loro,intervention,42,1120,na,longxi_river,longxihe_UAV2117,0.5,0,84,1082,15218,67.41513551485191,0.0,0.0
E1,q2_x3_loro_longxi_river_seed42,pooled_loro,intervention,42,1120,na,longxi_river,longxihe_UAV2118,0.5,0,0,2381,14003,181.01933598375618,0.0,0.0
E1,q2_x3_loro_longxi_river_seed42,pooled_loro,intervention,42,1120,na,longxi_river,longxihe_UAV2119,0.5,286,0,4188,11910,57.55158033907011,0.05636743215015835,0.08778324369775432
E1,q2_x3_loro_longxi_river_seed42,pooled_loro,intervention,42,1120,na,longxi_river,longxihe_UAV2120,0.5,0,0,3777,12607,181.01933598375618,0.0,0.0
E1,q2_x3_loro_longxi_river_seed42,pooled_loro,intervention,42,1120,na,longxi_river,longxihe_UAV2121,0.5,0,0,3742,12642,181.01933598375618,0.0,0.0
E1,q2_x3_loro_longxi_river_seed42,pooled_loro,intervention,42,1120,na,longxi_river,longxihe_UAV2122,0.5,0,45,353,15986,80.37778456731911,0.0,0.0
E1,q2_x3_loro_longxi_river_seed42,pooled_loro,intervention,42,1120,na,longxi_river,longxihe_UAV2123,0.5,4,35,2667,13678,113.23945973038663,0.0,0.0
E1,q2_x3_loro_longxi_river_seed42,pooled_loro,intervention,42,1120,na,longxi_river,longxihe_UAV2124,0.5,50,0,3988,12346,147.90317645163378,0.030996309963049307,0.048618784530333026
E1,q2_x3_loro_longxi_river_seed42,pooled_loro,intervention,42,1120,na,longxi_river,longxihe_UAV2125,0.5,0,0,3186,13198,181.01933598375618,0.0,0.0
E1,q2_x3_loro_longxi_river_seed42,pooled_loro,intervention,42,1120,na,longxi_river,longxihe_UAV2126,0.5,0,0,4123,12261,181.01933598375618,0.0,0.0
E1,q2_x3_loro_longxi_river_seed42,pooled_loro,intervention,42,1120,na,longxi_river,longxihe_UAV2127,0.5,34,0,5393,10957,82.2605092808907,0.0,0.0
E1,q2_x3_loro_longxi_river_seed42,pooled_loro,intervention,42,1120,na,longxi_river,longxihe_UAV2128,0.5,0,0,5700,10684,181.01933598375618,0.0,0.0
E1,q2_x3_loro_longxi_river_seed42,pooled_loro,intervention,42,1120,na,longxi_river,longxihe_UAV2129,0.5,0,0,4067,12317,181.01933598375618,0.0,0.0
E1,q2_x3_loro_longxi_river_seed42,pooled_loro,intervention,42,1120,na,longxi_river,longxihe_UAV2130,0.5,0,0,2059,14325,181.01933598375618,0.0,0.0
E1,q2_x3_loro_longxi_river_seed42,pooled_loro,intervention,42,1120,na,longxi_river,longxihe_UAV2131,0.5,0,0,2099,14285,181.01933598375618,0.0,0.0
E1,q2_x3_loro_longxi_river_seed42,pooled_loro,intervention,42,1120,na,longxi_river,longxihe_UAV2132,0.5,0,0,2960,13424,181.01933598375618,0.0,0.0
E1,q2_x3_loro_longxi_river_seed42,pooled_loro,intervention,42,1120,na,longxi_river,longxihe_UAV2133,0.5,0,0,3032,13352,181.01933598375618,0.0,0.0
E1,q2_x3_loro_longxi_river_seed42,pooled_loro,intervention,42,1120,na,longxi_river,longxihe_UAV2134,0.5,94,0,2579,13711,61.3774706609404,0.00629755969554961,0.08109753005012543
E1,q2_x3_loro_longxi_river_seed42,pooled_loro,intervention,42,1120,na,longxi_river,longxihe_UAV2135,0.5,0,0,3853,12531,181.01933598375618,0.0,0.0
E1,q2_x3_loro_longxi_river_seed42,pooled_loro,intervention,42,1120,na,longxi_river,longxihe_UAV2136,0.5,0,0,3045,13339,181.01933598375618,0.0,0.0
E1,q2_x3_loro_longxi_river_seed42,pooled_loro,intervention,42,1120,na,longxi_river,longxihe_UAV2137,0.5,0,0,619,15765,181.01933598375618,0.0,0.0
E1,q2_x3_loro_longxi_river_seed42,pooled_loro,intervention,42,1120,na,longxi_river,longxihe_UAV2139,0.5,0,0,563,15821,181.01933598375618,0.0,0.0
E1,q2_x3_loro_longxi_river_seed42,pooled_loro,intervention,42,1120,na,longxi_river,longxihe_UAV2140,0.5,0,0,895,15489,181.01933598375618,0.0,0.0
E1,q2_x3_loro_longxi_river_seed42,pooled_loro,intervention,42,1120,na,longxi_river,longxihe_UAV2141,0.5,0,0,819,15565,181.01933598375618,0.0,0.0
E1,q2_x3_loro_longxi_river_seed42,pooled_loro,intervention,42,1120,na,longxi_river,longxihe_UAV2142,0.5,0,2,1400,14982,148.01874536875422,0.0,0.0
E1,q2_x3_loro_longxi_river_seed42,pooled_loro,intervention,42,1120,na,longxi_river,longxihe_UAV2143,0.5,0,0,1309,15075,181.01933598375618,0.0,0.0
E1,q2_x3_loro_longxi_river_seed42,pooled_loro,intervention,42,1120,na,longxi_river,longxihe_UAV2144,0.5,0,0,397,15987,181.01933598375618,0.0,0.0
E1,q2_x3_loro_longxi_river_seed42,pooled_loro,intervention,42,1120,na,longxi_river,longxihe_UAV2145,0.5,0,0,55,16329,181.01933598375618,0.0,0.0
E1,q2_x3_loro_longxi_river_seed42,pooled_loro,intervention,42,1120,na,longxi_river,longxihe_UAV2146,0.5,0,0,395,15989,181.01933598375618,0.0,0.0
E1,q2_x3_loro_longxi_river_seed42,pooled_loro,intervention,42,1120,na,longxi_river,longxihe_UAV2147,0.5,0,0,467,15917,181.01933598375618,0.0,0.0
E1,q2_x3_loro_longxi_river_seed42,pooled_loro,intervention,42,1120,na,longxi_river,longxihe_UAV2148,0.5,0,0,126,16258,181.01933598375618,0.0,0.0
E1,q2_x3_loro_longxi_river_seed42,pooled_loro,intervention,42,1120,na,longxi_river,longxihe_UAV2149,0.5,0,0,954,15430,181.01933598375618,0.0,0.0
E1,q2_x3_loro_longxi_river_seed42,pooled_loro,intervention,42,1120,na,longxi_river,longxihe_UAV2150,0.5,1552,383,114,14335,15.528531726798837,0.6345331571168262,0.7981318748842943
E1,q2_x3_loro_longxi_river_seed42,pooled_loro,intervention,42,1120,na,longxi_river,longxihe_UAV2151,0.5,0,0,826,15558,181.01933598375618,0.0,0.0
E1,q2_x3_loro_longxi_river_seed42,pooled_loro,intervention,42,1120,na,longxi_river,longxihe_UAV2152,0.5,0,0,396,15988,181.01933598375618,0.0,0.0
E1,q2_x3_loro_longxi_river_seed42,pooled_loro,intervention,42,1120,na,longxi_river,longxihe_UAV2153,0.5,0,0,282,16102,181.01933598375618,0.0,0.0
E1,q2_x3_loro_longxi_river_seed42,pooled_loro,intervention,42,1120,na,longxi_river,longxihe_UAV2154,0.5,0,0,1318,15066,181.01933598375618,0.0,0.0
E1,q2_x3_loro_longxi_river_seed42,pooled_loro,intervention,42,1120,na,longxi_river,longxihe_UAV2155,0.5,0,0,1684,14700,181.01933598375618,0.0,0.0
E1,q2_x3_loro_longxi_river_seed42,pooled_loro,intervention,42,1120,na,longxi_river,longxihe_UAV2156,0.5,0,0,366,16018,181.01933598375618,0.0,0.0
E1,q2_x3_loro_longxi_river_seed42,pooled_loro,intervention,42,1120,na,longxi_river,longxihe_UAV2157,0.5,0,0,360,16024,181.01933598375618,0.0,0.0
E1,q2_x3_loro_longxi_river_seed42,pooled_loro,intervention,42,1120,na,longxi_river,longxihe_UAV2158,0.5,0,97,294,15993,97.18454720306154,0.0,0.0
E1,q2_x3_loro_longxi_river_seed42,pooled_loro,intervention,42,1120,na,longxi_river,longxihe_UAV2159,0.5,0,180,3059,13145,65.3192115715416,0.014912654452266727,0.027953983442426944
E1,q2_x3_loro_longxi_river_seed42,pooled_loro,intervention,42,1120,na,longxi_river,longxihe_UAV2160,0.5,0,33,5928,10423,126.7004222897978,0.002659574468061457,0.014610173993864339
E1,q2_x3_loro_longxi_river_seed42,pooled_loro,intervention,42,1120,na,longxi_river,longxihe_UAV2161,0.5,11,2,6547,9824,124.95199078045935,0.0144149915912343,0.02871500358934714
E1,q2_x3_loro_longxi_river_seed42,pooled_loro,intervention,42,1120,na,longxi_river,longxihe_UAV2162,0.5,0,0,5877,10507,181.01933598375618,0.0,0.0
E1,q2_x3_loro_longxi_river_seed42,pooled_loro,intervention,42,1120,na,longxi_river,longxihe_UAV2163,0.5,0,0,3496,12888,181.01933598375618,0.0,0.0
E1,q2_x3_loro_longxi_river_seed42,pooled_loro,intervention,42,1120,na,longxi_river,longxihe_UAV2164,0.5,0,0,3829,12555,181.01933598375618,0.0,0.0
E1,q2_x3_loro_longxi_river_seed42,pooled_loro,intervention,42,1120,na,longxi_river,longxihe_UAV2165,0.5,0,0,5404,10980,181.01933598375618,0.0,0.0
E1,q2_x3_loro_longxi_river_seed42,pooled_loro,intervention,42,1120,na,longxi_river,longxihe_UAV2166,0.5,0,0,5232,11152,181.01933598375618,0.0,0.0
E1,q2_x3_loro_longxi_river_seed42,pooled_loro,intervention,42,1120,na,longxi_river,longxihe_UAV2167,0.5,0,0,4177,12207,181.01933598375618,0.0,0.0
E1,q2_x3_loro_longxi_river_seed42,pooled_loro,intervention,42,1120,na,longxi_river,longxihe_UAV2168,0.5,0,0,3143,13241,181.01933598375618,0.0,0.0
E1,q2_x3_loro_longxi_river_seed42,pooled_loro,intervention,42,1120,na,longxi_river,longxihe_UAV2169,0.5,0,0,3044,13340,181.01933598375618,0.0,0.0
E1,q2_x3_loro_longxi_river_seed42,pooled_loro,intervention,42,1120,na,longxi_river,longxihe_UAV2170,0.5,0,0,2957,13427,181.01933598375618,0.0,0.0
E1,q2_x3_loro_longxi_river_seed42,pooled_loro,intervention,42,1120,na,longxi_river,longxihe_UAV2171,0.5,0,0,3822,12562,181.01933598375618,0.0,0.0
E1,q2_x3_loro_longxi_river_seed42,pooled_loro,intervention,42,1120,na,longxi_river,longxihe_UAV2172,0.5,0,0,4138,12246,181.01933598375618,0.0,0.0
E1,q2_x3_loro_longxi_river_seed42,pooled_loro,intervention,42,1120,na,longxi_river,longxihe_UAV2173,0.5,0,0,3176,13208,181.01933598375618,0.0,0.0
E1,q2_x3_loro_longxi_river_seed42,pooled_loro,intervention,42,1120,na,longxi_river,longxihe_UAV2174,0.5,0,0,1860,14524,181.01933598375618,0.0,0.0
E1,q2_x3_loro_longxi_river_seed42,pooled_loro,intervention,42,1120,na,longxi_river,longxihe_UAV2175,0.5,0,0,563,15821,181.01933598375618,0.0,0.0
E1,q2_x3_loro_longxi_river_seed42,pooled_loro,intervention,42,1120,na,longxi_river,longxihe_UAV2176,0.5,0,0,41,16343,181.01933598375618,0.0,0.0
E1,q2_x3_loro_longxi_river_seed42,pooled_loro,intervention,42,1120,na,longxi_river,longxihe_UAV2177,0.5,0,0,97,16287,181.01933598375618,0.0,0.0
E1,q2_x3_loro_longxi_river_seed42,pooled_loro,intervention,42,1120,na,longxi_river,longxihe_UAV2178,0.5,0,0,346,16038,181.01933598375618,0.0,0.0
E1,q2_x3_loro_longxi_river_seed42,pooled_loro,intervention,42,1120,na,longxi_river,longxihe_UAV2179,0.5,0,0,1972,14412,181.01933598375618,0.0,0.0
E1,q2_x3_loro_longxi_river_seed42,pooled_loro,intervention,42,1120,na,longxi_river,longxihe_UAV2180,0.5,0,0,3332,13052,181.01933598375618,0.0,0.0
E1,q2_x3_loro_longxi_river_seed42,pooled_loro,intervention,42,1120,na,longxi_river,longxihe_UAV2181,0.5,0,0,2128,14256,181.01933598375618,0.0,0.0
E1,q2_x3_loro_longxi_river_seed42,pooled_loro,intervention,42,1120,na,longxi_river,longxihe_UAV2182,0.5,0,0,1307,15077,181.01933598375618,0.0,0.0
E1,q2_x3_loro_longxi_river_seed42,pooled_loro,intervention,42,1120,na,longxi_river,longxihe_UAV2183,0.5,0,0,2530,13854,181.01933598375618,0.0,0.0
E1,q2_x3_loro_longxi_river_seed42,pooled_loro,intervention,42,1120,na,longxi_river,longxihe_UAV2184,0.5,394,259,2469,13262,60.64481632925383,0.22947873659277393,0.34923411534292076
E1,q2_x3_loro_longxi_river_seed42,pooled_loro,intervention,42,1120,na,longxi_river,longxihe_UAV2185,0.5,0,0,2014,14370,181.01933598375618,0.0,0.0
E1,q2_x3_loro_longxi_river_seed42,pooled_loro,intervention,42,1120,na,longxi_river,longxihe_UAV2186,0.5,0,0,1471,14913,181.01933598375618,0.0,0.0
E1,q2_x3_loro_longxi_river_seed42,pooled_loro,intervention,42,1120,na,longxi_river,longxihe_UAV2187,0.5,0,0,1126,15258,181.01933598375618,0.0,0.0
E1,q2_x3_loro_longxi_river_seed42,pooled_loro,intervention,42,1120,na,longxi_river,longxihe_UAV2188,0.5,0,0,548,15836,181.01933598375618,0.0,0.0
E1,q2_x3_loro_longxi_river_seed42,pooled_loro,intervention,42,1120,na,longxi_river,longxihe_UAV2189,0.5,0,62,742,15580,60.561128881883135,0.0,0.0
E1,q2_x3_loro_longxi_river_seed42,pooled_loro,intervention,42,1120,na,longxi_river,longxihe_UAV2190,0.5,0,0,1435,14949,181.01933598375618,0.0,0.0
E1,q2_x3_loro_longxi_river_seed42,pooled_loro,intervention,42,1120,na,longxi_river,longxihe_UAV2191,0.5,0,0,966,15418,181.01933598375618,0.0,0.0
E1,q2_x3_loro_longxi_river_seed42,pooled_loro,intervention,42,1120,na,longxi_river,longxihe_UAV2192,0.5,0,0,335,16049,181.01933598375618,0.0,0.0
E1,q2_x3_loro_longxi_river_seed42,pooled_loro,intervention,42,1120,na,longxi_river,longxihe_UAV2193,0.5,0,187,62,16135,62.25872006235092,0.0,0.0
E1,q2_x3_loro_longxi_river_seed42,pooled_loro,intervention,42,1120,na,longxi_river,longxihe_UAV2194,0.5,0,0,57,16327,181.01933598375618,0.0,0.0
E1,q2_x3_loro_longxi_river_seed42,pooled_loro,intervention,42,1120,na,longxi_river,longxihe_UAV2195,0.5,0,123,1503,14758,55.852469721705425,0.02011494252859493,0.03735632183893976
E1,q2_x3_loro_longxi_river_seed42,pooled_loro,intervention,42,1120,na,longxi_river,longxihe_UAV2196,0.5,0,3,5258,11123,152.33596751387827,0.0,0.0
E1,q2_x3_loro_longxi_river_seed42,pooled_loro,intervention,42,1120,na,longxi_river,longxihe_UAV2197,0.5,0,5,7832,8547,156.20720030978543,0.0,0.003552397868555376
E1,q2_x3_loro_longxi_river_seed42,pooled_loro,intervention,42,1120,na,longxi_river,longxihe_UAV2198,0.5,0,0,6580,9804,181.01933598375618,0.0,0.0
E1,q2_x3_loro_longxi_river_seed42,pooled_loro,intervention,42,1120,na,longxi_river,longxihe_UAV2199,0.5,0,0,2561,13823,181.01933598375618,0.0,0.0
E1,q2_x3_loro_longxi_river_seed42,pooled_loro,intervention,42,1120,na,longxi_river,longxihe_UAV2200,0.5,76,0,1765,14543,58.14022027830159,0.00432900432884975,0.06527947776403144
E1,q2_x3_loro_longxi_river_seed42,pooled_loro,intervention,42,1120,na,longxi_river,longxihe_UAV2201,0.5,99,5,3750,12530,83.79249266915907,0.06982696836275243,0.10462306919660988
E1,q2_x3_loro_longxi_river_seed42,pooled_loro,intervention,42,1120,na,longxi_river,longxihe_UAV2202,0.5,0,0,4502,11882,181.01933598375618,0.0,0.0
E1,q2_x3_loro_longxi_river_seed42,pooled_loro,intervention,42,1120,na,longxi_river,longxihe_UAV2203,0.5,0,0,3584,12800,181.01933598375618,0.0,0.0
E1,q2_x3_loro_longxi_river_seed42,pooled_loro,intervention,42,1120,na,longxi_river,longxihe_UAV2204,0.5,0,0,1478,14906,181.01933598375618,0.0,0.0
E1,q2_x3_loro_longxi_river_seed42,pooled_loro,intervention,42,1120,na,longxi_river,longxihe_UAV2205,0.5,0,0,1095,15289,181.01933598375618,0.0,0.0
E1,q2_x3_loro_longxi_river_seed42,pooled_loro,intervention,42,1120,na,longxi_river,longxihe_UAV2206,0.5,0,0,1682,14702,181.01933598375618,0.0,0.0
E1,q2_x3_loro_longxi_river_seed42,pooled_loro,intervention,42,1120,na,longxi_river,longxihe_UAV2207,0.5,0,0,2193,14191,181.01933598375618,0.0,0.0
E1,q2_x3_loro_longxi_river_seed42,pooled_loro,intervention,42,1120,na,longxi_river,longxihe_UAV2208,0.5,0,0,3631,12753,181.01933598375618,0.0,0.0
E1,q2_x3_loro_longxi_river_seed42,pooled_loro,intervention,42,1120,na,longxi_river,longxihe_UAV2209,0.5,0,0,5430,10954,181.01933598375618,0.0,0.0
E1,q2_x3_loro_longxi_river_seed42,pooled_loro,intervention,42,1120,na,longxi_river,longxihe_UAV2210,0.5,18,0,4423,11943,123.7147922899428,0.02657555049351799,0.053716427232927105
E1,q2_x3_loro_longxi_river_seed42,pooled_loro,intervention,42,1120,na,longxi_river,longxihe_UAV2211,0.5,19,0,2414,13951,84.9882332579968,0.03816549069911827,0.1149674620389372
E1,q2_x3_loro_longxi_river_seed42,pooled_loro,intervention,42,1120,na,longxi_river,longxihe_UAV2212,0.5,0,0,1010,15374,181.01933598375618,0.0,0.0
E1,q2_x3_loro_longxi_river_seed42,pooled_loro,intervention,42,1120,na,longxi_river,longxihe_UAV2213,0.5,0,0,127,16257,181.01933598375618,0.0,0.0
E1,q2_x3_loro_longxi_river_seed42,pooled_loro,intervention,42,1120,na,longxi_river,longxihe_UAV2214,0.5,0,0,1840,14544,181.01933598375618,0.0,0.0
E1,q2_x3_loro_longxi_river_seed42,pooled_loro,intervention,42,1120,na,longxi_river,longxihe_UAV2215,0.5,0,0,5616,10768,181.01933598375618,0.0,0.0
E1,q2_x3_loro_longxi_river_seed42,pooled_loro,intervention,42,1120,na,longxi_river,longxihe_UAV2216,0.5,0,0,5742,10642,181.01933598375618,0.0,0.0
E1,q2_x3_loro_longxi_river_seed42,pooled_loro,intervention,42,1120,na,longxi_river,longxihe_UAV2217,0.5,0,0,2115,14269,181.01933598375618,0.0,0.0
E1,q2_x3_loro_longxi_river_seed42,pooled_loro,intervention,42,1120,na,longxi_river,longxihe_UAV2218,0.5,0,0,1939,14445,181.01933598375618,0.0,0.0
E1,q2_x3_loro_longxi_river_seed42,pooled_loro,intervention,42,1120,na,longxi_river,longxihe_UAV2219,0.5,0,0,4409,11975,181.01933598375618,0.0,0.0
E1,q2_x3_loro_longxi_river_seed42,pooled_loro,intervention,42,1120,na,longxi_river,longxihe_UAV2220,0.5,0,0,4740,11644,181.01933598375618,0.0,0.0
E1,q2_x3_loro_longxi_river_seed42,pooled_loro,intervention,42,1120,na,longxi_river,longxihe_UAV2221,0.5,0,0,2951,13433,181.01933598375618,0.0,0.0
E1,q2_x3_loro_longxi_river_seed42,pooled_loro,intervention,42,1120,na,longxi_river,longxihe_UAV2222,0.5,161,2,2892,13329,67.60843066247165,0.054988913525401306,0.10586934295895101
E1,q2_x3_loro_longxi_river_seed42,pooled_loro,intervention,42,1120,na,longxi_river,longxihe_UAV2223,0.5,0,0,3679,12705,181.01933598375618,0.0,0.0
E1,q2_x3_loro_longxi_river_seed42,pooled_loro,intervention,42,1120,na,longxi_river,longxihe_UAV2224,0.5,0,0,1650,14734,181.01933598375618,0.0,0.0
E1,q2_x3_loro_longxi_river_seed42,pooled_loro,intervention,42,1120,na,longxi_river,longxihe_UAV2225,0.5,0,0,67,16317,181.01933598375618,0.0,0.0
E1,q2_x3_loro_longxi_river_seed42,pooled_loro,intervention,42,1120,na,longxi_river,longxihe_UAV2226,0.5,0,0,367,16017,181.01933598375618,0.0,0.0
E1,q2_x3_loro_longxi_river_seed42,pooled_loro,intervention,42,1120,na,longxi_river,longxihe_UAV2227,0.5,0,0,640,15744,181.01933598375618,0.0,0.0
E1,q2_x3_loro_longxi_river_seed42,pooled_loro,intervention,42,1120,na,longxi_river,longxihe_UAV2228,0.5,0,0,335,16049,181.01933598375618,0.0,0.0
E1,q2_x3_loro_longxi_river_seed42,pooled_loro,intervention,42,1120,na,longxi_river,longxihe_UAV2229,0.5,0,385,62,15937,79.3580372368313,0.0,0.0
E1,q2_x3_loro_longxi_river_seed42,pooled_loro,intervention,42,1120,na,longxi_river,longxihe_UAV2230,0.5,0,0,123,16261,181.01933598375618,0.0,0.0
E1,q2_x3_loro_longxi_river_seed42,pooled_loro,intervention,42,1120,na,longxi_river,longxihe_UAV2231,0.5,32,15,1012,15325,62.25803199580585,0.08757485029922552,0.19477294228925165
E1,q2_x3_loro_longxi_river_seed42,pooled_loro,intervention,42,1120,na,longxi_river,longxihe_UAV2232,0.5,44,24,4898,11418,57.875724533802234,0.029875518672119624,0.08094147052684374
E1,q2_x3_loro_longxi_river_seed42,pooled_loro,intervention,42,1120,na,longxi_river,longxihe_UAV2233,0.5,16,0,8372,7996,120.73524072861395,0.0009487666034014294,0.013212221304682387
E1,q2_x3_loro_longxi_river_seed42,pooled_loro,intervention,42,1120,na,longxi_river,longxihe_UAV2234,0.5,0,0,7318,9066,181.01933598375618,0.0,0.0
E1,q2_x3_loro_longxi_river_seed42,pooled_loro,intervention,42,1120,na,longxi_river,longxihe_UAV2235,0.5,0,0,3251,13133,181.01933598375618,0.0,0.0
E1,q2_x3_loro_longxi_river_seed42,pooled_loro,intervention,42,1120,na,longxi_river,longxihe_UAV2236,0.5,2,0,1633,14749,119.8204907316476,0.004504504504495537,0.026785714285687857
E1,q2_x3_loro_longxi_river_seed42,pooled_loro,intervention,42,1120,na,longxi_river,longxihe_UAV2237,0.5,21,0,1884,14479,117.27361112991159,0.03327171903875268,0.07366482504596955
E1,q2_x3_loro_longxi_river_seed42,pooled_loro,intervention,42,1120,na,longxi_river,longxihe_UAV2238,0.5,0,0,1213,15171,181.01933598375618,0.0,0.0
E1,q2_x3_loro_longxi_river_seed42,pooled_loro,intervention,42,1120,na,longxi_river,longxihe_UAV2239,0.5,0,0,1088,15296,181.01933598375618,0.0,0.0
E1,q2_x3_loro_longxi_river_seed42,pooled_loro,intervention,42,1120,na,longxi_river,longxihe_UAV2240,0.5,0,0,832,15552,181.01933598375618,0.0,0.0
E1,q2_x3_loro_longxi_river_seed42,pooled_loro,intervention,42,1120,na,longxi_river,longxihe_UAV2241,0.5,0,0,1519,14865,181.01933598375618,0.0,0.0
E1,q2_x3_loro_longxi_river_seed42,pooled_loro,intervention,42,1120,na,longxi_river,longxihe_UAV2242,0.5,0,0,2535,13849,181.01933598375618,0.0,0.0
E1,q2_x3_loro_longxi_river_seed42,pooled_loro,intervention,42,1120,na,longxi_river,longxihe_UAV2243,0.5,0,0,2114,14270,181.01933598375618,0.0,0.0
E1,q2_x3_loro_longxi_river_seed42,pooled_loro,intervention,42,1120,na,longxi_river,longxihe_UAV2244,0.5,0,0,1888,14496,181.01933598375618,0.0,0.0
E1,q2_x3_loro_longxi_river_seed42,pooled_loro,intervention,42,1120,na,longxi_river,longxihe_UAV2245,0.5,145,3,2765,13471,56.101670313676195,0.07437110151471463,0.15535991714121272
E1,q2_x3_loro_longxi_river_seed42,pooled_loro,intervention,42,1120,na,longxi_river,longxihe_UAV2246,0.5,20,0,3211,13153,106.00353529652824,0.0380939651139055,0.06732673267320226
E1,q2_x3_loro_longxi_river_seed42,pooled_loro,intervention,42,1120,na,longxi_river,longxihe_UAV2247,0.5,501,59,3566,12258,54.378304497290095,0.12392735421799923,0.2559583823026454
E1,q2_x3_loro_longxi_river_seed42,pooled_loro,intervention,42,1120,na,longxi_river,longxihe_UAV2248,0.5,0,0,2569,13815,181.01933598375618,0.0,0.0
E1,q2_x3_loro_longxi_river_seed42,pooled_loro,intervention,42,1120,na,longxi_river,longxihe_UAV2249,0.5,0,14,127,16243,55.0,0.0,0.0
E1,q2_x3_loro_longxi_river_seed42,pooled_loro,intervention,42,1120,na,longxi_river,longxihe_UAV2250,0.5,0,0,2693,13691,181.01933598375618,0.0,0.0
E1,q2_x3_loro_longxi_river_seed42,pooled_loro,intervention,42,1120,na,longxi_river,longxihe_UAV2251,0.5,0,0,6776,9608,181.01933598375618,0.0,0.0
E1,q2_x3_loro_longxi_river_seed42,pooled_loro,intervention,42,1120,na,longxi_river,longxihe_UAV2252,0.5,0,0,7417,8967,181.01933598375618,0.0,0.0
E1,q2_x3_loro_longxi_river_seed42,pooled_loro,intervention,42,1120,na,longxi_river,longxihe_UAV2253,0.5,0,0,4055,12329,181.01933598375618,0.0,0.0
E1,q2_x3_loro_longxi_river_seed42,pooled_loro,intervention,42,1120,na,longxi_river,longxihe_UAV2254,0.5,0,0,3645,12739,181.01933598375618,0.0,0.0
E1,q2_x3_loro_longxi_river_seed42,pooled_loro,intervention,42,1120,na,longxi_river,longxihe_UAV2255,0.5,0,0,4648,11736,181.01933598375618,0.0,0.0
E1,q2_x3_loro_longxi_river_seed42,pooled_loro,intervention,42,1120,na,longxi_river,longxihe_UAV2256,0.5,0,0,3065,13319,181.01933598375618,0.0,0.0
E1,q2_x3_loro_longxi_river_seed42,pooled_loro,intervention,42,1120,na,longxi_river,longxihe_UAV2257,0.5,0,0,2223,14161,181.01933598375618,0.0,0.0
E1,q2_x3_loro_longxi_river_seed42,pooled_loro,intervention,42,1120,na,longxi_river,longxihe_UAV2258,0.5,0,0,3131,13253,181.01933598375618,0.0,0.0
E1,q2_x3_loro_longxi_river_seed42,pooled_loro,intervention,42,1120,na,longxi_river,longxihe_UAV2259,0.5,0,0,3183,13201,181.01933598375618,0.0,0.0
E1,q2_x3_loro_longxi_river_seed42,pooled_loro,intervention,42,1120,na,longxi_river,longxihe_UAV2260,0.5,0,0,1128,15256,181.01933598375618,0.0,0.0
E1,q2_x3_loro_longxi_river_seed42,pooled_loro,intervention,42,1120,na,longxi_river,longxihe_UAV2261,0.5,0,0,67,16317,181.01933598375618,0.0,0.0
E1,q2_x3_loro_longxi_river_seed42,pooled_loro,intervention,42,1120,na,longxi_river,longxihe_UAV2262,0.5,55,0,297,16032,20.677767433904926,0.1177707676126305,0.32265534542606555
E1,q2_x3_loro_longxi_river_seed42,pooled_loro,intervention,42,1120,na,longxi_river,longxihe_UAV2263,0.5,0,0,2452,13932,181.01933598375618,0.0,0.0
E1,q2_x3_loro_longxi_river_seed42,pooled_loro,intervention,42,1120,na,longxi_river,longxihe_UAV2264,0.5,1,0,3272,13111,97.6176213385806,0.005357142857137514,0.02824360105910719
E1,q2_x3_loro_longxi_river_seed42,pooled_loro,intervention,42,1120,na,longxi_river,longxihe_UAV2265,0.5,0,0,3125,13259,181.01933598375618,0.0,0.0
E1,q2_x3_loro_longxi_river_seed42,pooled_loro,intervention,42,1120,na,longxi_river,longxihe_UAV2266,0.5,0,0,5163,11221,181.01933598375618,0.0,0.0
E1,q2_x3_loro_longxi_river_seed42,pooled_loro,intervention,42,1120,na,longxi_river,longxihe_UAV2267,0.5,0,0,4193,12191,181.01933598375618,0.0,0.0
E1,q2_x3_loro_longxi_river_seed42,pooled_loro,intervention,42,1120,na,longxi_river,longxihe_UAV2268,0.5,0,0,1674,14710,181.01933598375618,0.0,0.0
E1,q2_x3_loro_longxi_river_seed42,pooled_loro,intervention,42,1120,na,longxi_river,longxihe_UAV2269,0.5,0,0,2298,14086,181.01933598375618,0.0,0.0
E1,q2_x3_loro_longxi_river_seed42,pooled_loro,intervention,42,1120,na,longxi_river,longxihe_UAV2270,0.5,6,0,2128,14250,86.03632832143309,0.014903129657210294,0.04770642201830205
E1,q2_x3_loro_longxi_river_seed42,pooled_loro,intervention,42,1120,na,longxi_river,longxihe_UAV2271,0.5,198,223,522,15441,53.98441685451301,0.23790087463517653,0.397765363128073
E1,q2_x3_loro_longxi_river_seed42,pooled_loro,intervention,42,1120,na,longxi_river,longxihe_UAV2272,0.5,0,0,1396,14988,181.01933598375618,0.0,0.0
E1,q2_x3_loro_longxi_river_seed42,pooled_loro,intervention,42,1120,na,longxi_river,longxihe_UAV2273,0.5,0,0,1918,14466,181.01933598375618,0.0,0.0
E1,q2_x3_loro_longxi_river_seed42,pooled_loro,intervention,42,1120,na,longxi_river,longxihe_UAV2274,0.5,0,0,3260,13124,181.01933598375618,0.0,0.0
E1,q2_x3_loro_longxi_river_seed42,pooled_loro,intervention,42,1120,na,longxi_river,longxihe_UAV2275,0.5,322,0,4740,11322,59.474363654820934,0.03266518188556276,0.08564940583150865
E1,q2_x3_loro_longxi_river_seed42,pooled_loro,intervention,42,1120,na,longxi_river,longxihe_UAV2276,0.5,0,0,3453,12931,181.01933598375618,0.0,0.0
E1,q2_x3_loro_longxi_river_seed42,pooled_loro,intervention,42,1120,na,longxi_river,longxihe_UAV2277,0.5,0,0,937,15447,181.01933598375618,0.0,0.0
E1,q2_x3_loro_longxi_river_seed42,pooled_loro,intervention,42,1120,na,longxi_river,longxihe_UAV2278,0.5,0,0,50,16334,181.01933598375618,0.0,0.0
E1,q2_x3_loro_longxi_river_seed42,pooled_loro,intervention,42,1120,na,longxi_river,longxihe_UAV2279,0.5,0,0,1262,15122,181.01933598375618,0.0,0.0
E1,q2_x3_loro_longxi_river_seed42,pooled_loro,intervention,42,1120,na,longxi_river,longxihe_UAV2280,0.5,370,9,3899,12106,59.259127212118926,0.07259960704724783,0.11221122112197474
E1,q2_x3_loro_longxi_river_seed42,pooled_loro,intervention,42,1120,na,longxi_river,longxihe_UAV2281,0.5,0,0,4003,12381,181.01933598375618,0.0,0.0
E1,q2_x3_loro_longxi_river_seed42,pooled_loro,intervention,42,1120,na,longxi_river,longxihe_UAV2282,0.5,8,0,1536,14840,71.71259132606524,0.027722772277196543,0.08968609865462285
E1,q2_x3_loro_longxi_river_seed42,pooled_loro,intervention,42,1120,na,longxi_river,longxihe_UAV2283,0.5,0,0,598,15786,181.01933598375618,0.0,0.0
E1,q2_x3_loro_longxi_river_seed42,pooled_loro,intervention,42,1120,na,longxi_river,longxihe_UAV2284,0.5,0,0,1958,14426,181.01933598375618,0.0,0.0
E1,q2_x3_loro_longxi_river_seed42,pooled_loro,intervention,42,1120,na,longxi_river,longxihe_UAV2285,0.5,0,0,3876,12508,181.01933598375618,0.0,0.0
E1,q2_x3_loro_longxi_river_seed42,pooled_loro,intervention,42,1120,na,longxi_river,longxihe_UAV2286,0.5,0,0,4180,12204,181.01933598375618,0.0,0.0
E1,q2_x3_loro_longxi_river_seed42,pooled_loro,intervention,42,1120,na,longxi_river,longxihe_UAV2287,0.5,0,0,2958,13426,181.01933598375618,0.0,0.0
E1,q2_x3_loro_longxi_river_seed42,pooled_loro,intervention,42,1120,na,longxi_river,longxihe_UAV2288,0.5,0,0,3311,13073,181.01933598375618,0.0,0.0
E1,q2_x3_loro_longxi_river_seed42,pooled_loro,intervention,42,1120,na,longxi_river,longxihe_UAV2289,0.5,0,0,5068,11316,181.01933598375618,0.0,0.0
E1,q2_x3_loro_longxi_river_seed42,pooled_loro,intervention,42,1120,na,longxi_river,longxihe_UAV2290,0.5,0,0,2453,13931,181.01933598375618,0.0,0.0
E1,q2_x3_loro_longxi_river_seed42,pooled_loro,intervention,42,1120,na,longxi_river,longxihe_UAV2291,0.5,0,0,819,15565,181.01933598375618,0.0,0.0
E1,q2_x3_loro_longxi_river_seed42,pooled_loro,intervention,42,1120,na,longxi_river,longxihe_UAV2292,0.5,0,0,1423,14961,181.01933598375618,0.0,0.0
E1,q2_x3_loro_longxi_river_seed42,pooled_loro,intervention,42,1120,na,longxi_river,longxihe_UAV2293,0.5,0,0,630,15754,181.01933598375618,0.0,0.0
E1,q2_x3_loro_longxi_river_seed42,pooled_loro,intervention,42,1120,na,longxi_river,longxihe_UAV2294,0.5,0,0,26,16358,181.01933598375618,0.0,0.0
E1,q2_x3_loro_longxi_river_seed42,pooled_loro,intervention,42,1120,na,longxi_river,longxihe_UAV2295,0.5,249,0,761,15374,29.238621477894174,0.0792682926824612,0.28760618018813433
E1,q2_x3_loro_longxi_river_seed42,pooled_loro,intervention,42,1120,na,longxi_river,longxihe_UAV2296,0.5,0,0,5956,10428,181.01933598375618,0.0,0.0
E1,q2_x3_loro_longxi_river_seed42,pooled_loro,intervention,42,1120,na,longxi_river,longxihe_UAV2297,0.5,0,0,6699,9685,181.01933598375618,0.0,0.0
E1,q2_x3_loro_longxi_river_seed42,pooled_loro,intervention,42,1120,na,longxi_river,longxihe_UAV2298,0.5,0,0,2274,14110,181.01933598375618,0.0,0.0
E1,q2_x3_loro_longxi_river_seed42,pooled_loro,intervention,42,1120,na,longxi_river,longxihe_UAV2299,0.5,0,0,1466,14918,181.01933598375618,0.0,0.0
E1,q2_x3_loro_longxi_river_seed42,pooled_loro,intervention,42,1120,na,longxi_river,longxihe_UAV2300,0.5,0,0,1065,15319,181.01933598375618,0.0,0.0
E1,q2_x3_loro_longxi_river_seed42,pooled_loro,intervention,42,1120,na,longxi_river,longxihe_UAV2301,0.5,0,199,566,15619,84.50897908371911,0.0,0.0
E1,q2_x3_loro_longxi_river_seed42,pooled_loro,intervention,42,1120,na,longxi_river,longxihe_UAV2302,0.5,0,0,1900,14484,181.01933598375618,0.0,0.0
E1,q2_x3_loro_longxi_river_seed42,pooled_loro,intervention,42,1120,na,longxi_river,longxihe_UAV2303,0.5,0,0,1913,14471,181.01933598375618,0.0,0.0
E1,q2_x3_loro_longxi_river_seed42,pooled_loro,intervention,42,1120,na,longxi_river,longxihe_UAV2304,0.5,0,0,568,15816,181.01933598375618,0.0,0.0
E1,q2_x3_loro_longxi_river_seed42,pooled_loro,intervention,42,1120,na,longxi_river,longxihe_UAV2305,0.5,0,0,1586,14798,181.01933598375618,0.0,0.0
E1,q2_x3_loro_longxi_river_seed42,pooled_loro,intervention,42,1120,na,longxi_river,longxihe_UAV2306,0.5,0,0,2986,13398,181.01933598375618,0.0,0.0
E1,q2_x3_loro_longxi_river_seed42,pooled_loro,intervention,42,1120,na,longxi_river,longxihe_UAV2307,0.5,0,0,3035,13349,181.01933598375618,0.0,0.0
E1,q2_x3_loro_longxi_river_seed42,pooled_loro,intervention,42,1120,na,longxi_river,longxihe_UAV2308,0.5,0,0,2876,13508,181.01933598375618,0.0,0.0
E1,q2_x3_loro_longxi_river_seed42,pooled_loro,intervention,42,1120,na,longxi_river,longxihe_UAV2309,0.5,0,0,1577,14807,181.01933598375618,0.0,0.0
E1,q2_x3_loro_longxi_river_seed42,pooled_loro,intervention,42,1120,na,longxi_river,longxihe_UAV2310,0.5,0,357,227,15800,73.00102734906639,0.0,0.0
E1,q2_x3_loro_longxi_river_seed42,pooled_loro,intervention,42,1120,na,longxi_river,longxihe_UAV2312,0.5,0,0,867,15517,181.01933598375618,0.0,0.0
E1,q2_x3_loro_longxi_river_seed42,pooled_loro,intervention,42,1120,na,longxi_river,longxihe_UAV2313,0.5,0,0,3814,12570,181.01933598375618,0.0,0.0
E1,q2_x3_loro_longxi_river_seed42,pooled_loro,intervention,42,1120,na,longxi_river,longxihe_UAV2314,0.5,6,0,4970,11408,137.56816492197603,0.0022136137243984728,0.01761144744081909
E1,q2_x3_loro_longxi_river_seed42,pooled_loro,intervention,42,1120,na,longxi_river,longxihe_UAV2315,0.5,0,0,5185,11199,181.01933598375618,0.0,0.0
E1,q2_x3_loro_longxi_river_seed42,pooled_loro,intervention,42,1120,na,longxi_river,longxihe_UAV2316,0.5,0,0,3643,12741,181.01933598375618,0.0,0.0
E1,q2_x3_loro_longxi_river_seed42,pooled_loro,intervention,42,1120,na,longxi_river,longxihe_UAV2317,0.5,0,0,2257,14127,181.01933598375618,0.0,0.0
E1,q2_x3_loro_longxi_river_seed42,pooled_loro,intervention,42,1120,na,longxi_river,longxihe_UAV2318,0.5,0,0,2563,13821,181.01933598375618,0.0,0.0
E1,q2_x3_loro_longxi_river_seed42,pooled_loro,intervention,42,1120,na,longxi_river,longxihe_UAV2319,0.5,0,0,1994,14390,181.01933598375618,0.0,0.0
E1,q2_x3_loro_longxi_river_seed42,pooled_loro,intervention,42,1120,na,longxi_river,longxihe_UAV2320,0.5,0,0,1657,14727,181.01933598375618,0.0,0.0
E1,q2_x3_loro_longxi_river_seed42,pooled_loro,intervention,42,1120,na,longxi_river,longxihe_UAV2321,0.5,0,0,3751,12633,181.01933598375618,0.0,0.0
E1,q2_x3_loro_longxi_river_seed42,pooled_loro,intervention,42,1120,na,longxi_river,longxihe_UAV2322,0.5,0,0,5053,11331,181.01933598375618,0.0,0.0
E1,q2_x3_loro_longxi_river_seed42,pooled_loro,intervention,42,1120,na,longxi_river,longxihe_UAV2323,0.5,0,0,1748,14636,181.01933598375618,0.0,0.0
E1,q2_x3_loro_longxi_river_seed42,pooled_loro,intervention,42,1120,na,longxi_river,longxihe_UAV2324,0.5,36,43,645,15660,59.20557393542887,0.0,0.023255813953027313
E1,q2_x3_loro_longxi_river_seed42,pooled_loro,intervention,42,1120,na,longxi_river,longxihe_UAV2325,0.5,0,0,4927,11457,181.01933598375618,0.0,0.0
E1,q2_x3_loro_longxi_river_seed42,pooled_loro,intervention,42,1120,na,longxi_river,longxihe_UAV2326,0.5,0,0,7004,9380,181.01933598375618,0.0,0.0
E1,q2_x3_loro_longxi_river_seed42,pooled_loro,intervention,42,1120,na,longxi_river,longxihe_UAV2327,0.5,0,0,3520,12864,181.01933598375618,0.0,0.0
E1,q2_x3_loro_longxi_river_seed42,pooled_loro,intervention,42,1120,na,longxi_river,longxihe_UAV2328,0.5,70,39,707,15568,74.8460523336545,0.2676640821226823,0.3632341459179729
E1,q2_x3_loro_longxi_river_seed42,pooled_loro,intervention,42,1120,na,longxi_river,longxihe_UAV2329,0.5,231,0,918,15235,94.43992317906996,0.24712643678114266,0.41087150695373237
E1,q2_x3_loro_longxi_river_seed42,pooled_loro,intervention,42,1120,na,longxi_river,longxihe_UAV2330,0.5,100,35,2022,14227,58.829414356238914,0.07145166504979907,0.19521706715574302
E1,q2_x3_loro_longxi_river_seed42,pooled_loro,intervention,42,1120,na,longxi_river,longxihe_UAV2331,0.5,0,0,1017,15367,181.01933598375618,0.0,0.0
E1,q2_x3_loro_longxi_river_seed42,pooled_loro,intervention,42,1120,na,longxi_river,longxihe_UAV2332,0.5,0,0,29,16355,181.01933598375618,0.0,0.0
E1,q2_x3_loro_longxi_river_seed42,pooled_loro,intervention,42,1120,na,longxi_river,longxihe_UAV2333,0.5,0,0,108,16276,181.01933598375618,0.0,0.0
E1,q2_x3_loro_longxi_river_seed42,pooled_loro,intervention,42,1120,na,longxi_river,longxihe_UAV2334,0.5,0,0,888,15496,181.01933598375618,0.0,0.0
E1,q2_x3_loro_longxi_river_seed42,pooled_loro,intervention,42,1120,na,longxi_river,longxihe_UAV2335,0.5,0,0,1998,14386,181.01933598375618,0.0,0.0
E1,q2_x3_loro_longxi_river_seed42,pooled_loro,intervention,42,1120,na,longxi_river,longxihe_UAV2336,0.5,0,0,1483,14901,181.01933598375618,0.0,0.0
E1,q2_x3_loro_longxi_river_seed42,pooled_loro,intervention,42,1120,na,longxi_river,longxihe_UAV2337,0.5,0,0,1612,14772,181.01933598375618,0.0,0.0
E1,q2_x3_loro_longxi_river_seed42,pooled_loro,intervention,42,1120,na,longxi_river,longxihe_UAV2338,0.5,0,0,1699,14685,181.01933598375618,0.0,0.0
E1,q2_x3_loro_longxi_river_seed42,pooled_loro,intervention,42,1120,na,longxi_river,longxihe_UAV2339,0.5,0,0,2130,14254,181.01933598375618,0.0,0.0
E1,q2_x3_loro_longxi_river_seed42,pooled_loro,intervention,42,1120,na,longxi_river,longxihe_UAV2340,0.5,0,0,2265,14119,181.01933598375618,0.0,0.0
E1,q2_x3_loro_longxi_river_seed42,pooled_loro,intervention,42,1120,na,longxi_river,longxihe_UAV2341,0.5,322,102,1411,14549,66.1059431086201,0.16529516994607288,0.23379421799220285
E1,q2_x3_loro_longxi_river_seed42,pooled_loro,intervention,42,1120,na,longxi_river,longxihe_UAV2342,0.5,0,0,3926,12458,181.01933598375618,0.0,0.0
E1,q2_x3_loro_longxi_river_seed42,pooled_loro,intervention,42,1120,na,longxi_river,longxihe_UAV2343,0.5,7,1,4443,11933,117.58442920144736,0.002416918428993401,0.022772022943215474
E1,q2_x3_loro_longxi_river_seed42,pooled_loro,intervention,42,1120,na,longxi_river,longxihe_UAV2344,0.5,5,2,6210,10167,71.86689070289482,0.006694934166465198,0.0303790780609807
E1,q2_x3_loro_longxi_river_seed42,pooled_loro,intervention,42,1120,na,longxi_river,longxihe_UAV2345,0.5,0,0,5786,10598,181.01933598375618,0.0,0.0
E1,q2_x3_loro_longxi_river_seed42,pooled_loro,intervention,42,1120,na,longxi_river,longxihe_UAV2346,0.5,14,0,2607,13763,120.3279982387686,0.025653675382300692,0.04330708661413085
E1,q2_x3_loro_longxi_river_seed42,pooled_loro,intervention,42,1120,na,longxi_river,longxihe_UAV2347,0.5,420,155,1917,13892,54.120236510939236,0.24978146853122823,0.36570825932474055
E1,q2_x3_loro_longxi_river_seed42,pooled_loro,intervention,42,1120,na,longxi_river,longxihe_UAV2348,0.5,0,0,2966,13418,181.01933598375618,0.0,0.0
E1,q2_x3_loro_longxi_river_seed42,pooled_loro,intervention,42,1120,na,longxi_river,longxihe_UAV2349,0.5,0,0,3229,13155,181.01933598375618,0.0,0.0
E1,q2_x3_loro_longxi_river_seed42,pooled_loro,intervention,42,1120,na,longxi_river,longxihe_UAV2350,0.5,0,0,4554,11830,181.01933598375618,0.0,0.0
E1,q2_x3_loro_longxi_river_seed42,pooled_loro,intervention,42,1120,na,longxi_river,longxihe_UAV2351,0.5,0,0,3576,12808,181.01933598375618,0.0,0.0
E1,q2_x3_loro_longxi_river_seed42,pooled_loro,intervention,42,1120,na,longxi_river,longxihe_UAV2352,0.5,0,6,342,16036,93.73463386059653,0.0,0.0
E1,q2_x3_loro_longxi_river_seed42,pooled_loro,intervention,42,1120,na,longxi_river,longxihe_UAV2353,0.5,0,0,250,16134,181.01933598375618,0.0,0.0
E1,q2_x3_loro_longxi_river_seed42,pooled_loro,intervention,42,1120,na,longxi_river,longxihe_UAV2354,0.5,0,0,2265,14119,181.01933598375618,0.0,0.0
E1,q2_x3_loro_longxi_river_seed42,pooled_loro,intervention,42,1120,na,longxi_river,longxihe_UAV2355,0.5,0,0,3795,12589,181.01933598375618,0.0,0.0
E1,q2_x3_loro_longxi_river_seed42,pooled_loro,intervention,42,1120,na,longxi_river,longxihe_UAV2356,0.5,0,0,2584,13800,181.01933598375618,0.0,0.0
E1,q2_x3_loro_longxi_river_seed42,pooled_loro,intervention,42,1120,na,longxi_river,longxihe_UAV2357,0.5,0,0,1612,14772,181.01933598375618,0.0,0.0
E1,q2_x3_loro_longxi_river_seed42,pooled_loro,intervention,42,1120,na,longxi_river,longxihe_UAV2358,0.5,3,0,3850,12531,130.48981911332478,0.0,0.0
E1,q2_x3_loro_longxi_river_seed42,pooled_loro,intervention,42,1120,na,longxi_river,longxihe_UAV2359,0.5,0,0,4978,11406,181.01933598375618,0.0,0.0
E1,q2_x3_loro_longxi_river_seed42,pooled_loro,intervention,42,1120,na,longxi_river,longxihe_UAV2360,0.5,0,0,1933,14451,181.01933598375618,0.0,0.0
E1,q2_x3_loro_longxi_river_seed42,pooled_loro,intervention,42,1120,na,longxi_river,longxihe_UAV2361,0.5,0,0,352,16032,181.01933598375618,0.0,0.0
E1,q2_x3_loro_longxi_river_seed42,pooled_loro,intervention,42,1120,na,longxi_river,longxihe_UAV2362,0.5,65,0,2170,14149,58.0,0.06278026905816277,0.13346515076604318
E1,q2_x3_loro_longxi_river_seed42,pooled_loro,intervention,42,1120,na,longxi_river,longxihe_UAV2363,0.5,0,0,2253,14131,181.01933598375618,0.0,0.0
E1,q2_x3_loro_longxi_river_seed42,pooled_loro,intervention,42,1120,na,longxi_river,longxihe_UAV2364,0.5,0,0,1218,15166,181.01933598375618,0.0,0.0
E1,q2_x3_loro_longxi_river_seed42,pooled_loro,intervention,42,1120,na,longxi_river,longxihe_UAV2365,0.5,0,0,4780,11604,181.01933598375618,0.0,0.0
E1,q2_x3_loro_longxi_river_seed42,pooled_loro,intervention,42,1120,na,longxi_river,longxihe_UAV2366,0.5,0,0,6973,9411,181.01933598375618,0.0,0.0
E1,q2_x3_loro_longxi_river_seed42,pooled_loro,intervention,42,1120,na,longxi_river,longxihe_UAV2367,0.5,1173,10,4682,10519,61.710613608103216,0.11190233977589875,0.2706289623639021
E1,q2_x3_loro_longxi_river_seed42,pooled_loro,intervention,42,1120,na,longxi_river,longxihe_UAV2368,0.5,0,0,5204,11180,181.01933598375618,0.0,0.0
E1,q2_x3_loro_longxi_river_seed42,pooled_loro,intervention,42,1120,na,longxi_river,longxihe_UAV2369,0.5,0,0,3522,12862,181.01933598375618,0.0,0.0
E1,q2_x3_loro_longxi_river_seed42,pooled_loro,intervention,42,1120,na,longxi_river,longxihe_UAV2370,0.5,0,0,4747,11637,181.01933598375618,0.0,0.0
E1,q2_x3_loro_longxi_river_seed42,pooled_loro,intervention,42,1120,na,longxi_river,longxihe_UAV2371,0.5,0,0,7262,9122,181.01933598375618,0.0,0.0
E1,q2_x3_loro_longxi_river_seed42,pooled_loro,intervention,42,1120,na,longxi_river,longxihe_UAV2372,0.5,0,0,5866,10518,181.01933598375618,0.0,0.0
E1,q2_x3_loro_longxi_river_seed42,pooled_loro,intervention,42,1120,na,longxi_river,longxihe_UAV2373,0.5,149,0,4528,11707,75.00466601467512,0.009972989819173345,0.034433285509235474
E1,q2_x3_loro_longxi_river_seed42,pooled_loro,intervention,42,1120,na,longxi_river,longxihe_UAV2374,0.5,5,0,4475,11904,135.76744818615347,0.006948063227366722,0.026170798898045796
E1,q2_x3_loro_longxi_river_seed42,pooled_loro,intervention,42,1120,na,longxi_river,longxihe_UAV2375,0.5,0,0,3612,12772,181.01933598375618,0.0,0.0
E1,q2_x3_loro_longxi_river_seed42,pooled_loro,intervention,42,1120,na,longxi_river,longxihe_UAV2376,0.5,0,0,3523,12861,181.01933598375618,0.0,0.0
E1,q2_x3_loro_longxi_river_seed42,pooled_loro,intervention,42,1120,na,longxi_river,longxihe_UAV2377,0.5,0,0,3361,13023,181.01933598375618,0.0,0.0
E1,q2_x3_loro_longxi_river_seed42,pooled_loro,intervention,42,1120,na,longxi_river,longxihe_UAV2378,0.5,0,0,2088,14296,181.01933598375618,0.0,0.0
E1,q2_x3_loro_longxi_river_seed42,pooled_loro,intervention,42,1120,na,longxi_river,longxihe_UAV2379,0.5,0,0,1077,15307,181.01933598375618,0.0,0.0
E1,q2_x3_loro_longxi_river_seed42,pooled_loro,intervention,42,1120,na,longxi_river,longxihe_UAV2380,0.5,0,38,428,15918,55.05404821966045,0.016460905349609648,0.10231744643613572
E1,q2_x3_loro_longxi_river_seed42,pooled_loro,intervention,42,1120,na,longxi_river,longxihe_UAV2382,0.5,0,0,227,16157,181.01933598375618,0.0,0.0
E1,q2_x3_loro_longxi_river_seed42,pooled_loro,intervention,42,1120,na,longxi_river,longxihe_UAV2383,0.5,0,0,1050,15334,181.01933598375618,0.0,0.0
E1,q2_x3_loro_longxi_river_seed42,pooled_loro,intervention,42,1120,na,longxi_river,longxihe_UAV2384,0.5,65,0,1580,14739,125.1596780706483,0.07271589976141142,0.1368545678593428
E1,q2_x3_loro_longxi_river_seed42,pooled_loro,intervention,42,1120,na,longxi_river,longxihe_UAV2385,0.5,57,0,1699,14628,106.11291134700993,0.058761804826772554,0.11407829919615665
E1,q2_x3_loro_longxi_river_seed42,pooled_loro,intervention,42,1120,na,longxi_river,longxihe_UAV2386,0.5,0,0,1861,14523,181.01933598375618,0.0,0.0
E1,q2_x3_loro_longxi_river_seed42,pooled_loro,intervention,42,1120,na,longxi_river,longxihe_UAV2387,0.5,415,358,3295,12316,60.20381660846512,0.10050126864265765,0.16891198796394966
E1,q2_x3_loro_longxi_river_seed42,pooled_loro,intervention,42,1120,na,longxi_river,longxihe_UAV2388,0.5,0,0,5009,11375,181.01933598375618,0.0,0.0
E1,q2_x3_loro_longxi_river_seed42,pooled_loro,intervention,42,1120,na,longxi_river,longxihe_UAV2389,0.5,0,0,3050,13334,181.01933598375618,0.0,0.0
E1,q2_x3_loro_longxi_river_seed42,pooled_loro,intervention,42,1120,na,longxi_river,longxihe_UAV2390,0.5,0,0,824,15560,181.01933598375618,0.0,0.0
E1,q2_x3_loro_longxi_river_seed42,pooled_loro,intervention,42,1120,na,longxi_river,longxihe_UAV2391,0.5,0,0,252,16132,181.01933598375618,0.0,0.0
E1,q2_x3_loro_longxi_river_seed42,pooled_loro,intervention,42,1120,na,longxi_river,longxihe_UAV2392,0.5,0,0,4002,12382,181.01933598375618,0.0,0.0
E1,q2_x3_loro_longxi_river_seed42,pooled_loro,intervention,42,1120,na,longxi_river,longxihe_UAV2393,0.5,0,0,4224,12160,181.01933598375618,0.0,0.0
E1,q2_x3_loro_longxi_river_seed42,pooled_loro,intervention,42,1120,na,longxi_river,longxihe_UAV2394,0.5,0,0,1280,15104,181.01933598375618,0.0,0.0
E1,q2_x3_loro_longxi_river_seed42,pooled_loro,intervention,42,1120,na,longxi_river,longxihe_UAV2395,0.5,0,0,3471,12913,181.01933598375618,0.0,0.0
E1,q2_x3_loro_longxi_river_seed42,pooled_loro,intervention,42,1120,na,longxi_river,longxihe_UAV2396,0.5,0,0,5844,10540,181.01933598375618,0.0,0.0
E1,q2_x3_loro_longxi_river_seed42,pooled_loro,intervention,42,1120,na,longxi_river,longxihe_UAV2397,0.5,0,0,5532,10852,181.01933598375618,0.0,0.0
E1,q2_x3_loro_longxi_river_seed42,pooled_loro,intervention,42,1120,na,longxi_river,longxihe_UAV2398,0.5,271,33,4271,11809,67.68086504018291,0.1551175410771966,0.18943839061173126
E1,q2_x3_loro_longxi_river_seed42,pooled_loro,intervention,42,1120,na,longxi_river,longxihe_UAV2399,0.5,0,0,2317,14067,181.01933598375618,0.0,0.0
E1,q2_x3_loro_longxi_river_seed42,pooled_loro,intervention,42,1120,na,longxi_river,longxihe_UAV2400,0.5,0,0,3595,12789,181.01933598375618,0.0,0.0
E1,q2_x3_loro_longxi_river_seed42,pooled_loro,intervention,42,1120,na,longxi_river,longxihe_UAV2401,0.5,0,0,6880,9504,181.01933598375618,0.0,0.0
E1,q2_x3_loro_longxi_river_seed42,pooled_loro,intervention,42,1120,na,longxi_river,longxihe_UAV2402,0.5,0,0,4441,11943,181.01933598375618,0.0,0.0
E1,q2_x3_loro_longxi_river_seed42,pooled_loro,intervention,42,1120,na,longxi_river,longxihe_UAV2403,0.5,197,0,3371,12816,61.40032573203501,0.05182206905343705,0.10744467554842828
E1,q2_x3_loro_longxi_river_seed42,pooled_loro,intervention,42,1120,na,longxi_river,longxihe_UAV2404,0.5,0,0,4938,11446,181.01933598375618,0.0,0.0
E1,q2_x3_loro_longxi_river_seed42,pooled_loro,intervention,42,1120,na,longxi_river,longxihe_UAV2405,0.5,0,0,4763,11621,181.01933598375618,0.0,0.0
E1,q2_x3_loro_longxi_river_seed42,pooled_loro,intervention,42,1120,na,longxi_river,longxihe_UAV2406,0.5,0,0,3545,12839,181.01933598375618,0.0,0.0
E1,q2_x3_loro_longxi_river_seed42,pooled_loro,intervention,42,1120,na,longxi_river,longxihe_UAV2407,0.5,0,0,1733,14651,181.01933598375618,0.0,0.0
E1,q2_x3_loro_longxi_river_seed42,pooled_loro,intervention,42,1120,na,longxi_river,longxihe_UAV2408,0.5,0,0,590,15794,181.01933598375618,0.0,0.0
E1,q2_x3_loro_longxi_river_seed42,pooled_loro,intervention,42,1120,na,longxi_river,longxihe_UAV2409,0.5,0,0,200,16184,181.01933598375618,0.0,0.0
E1,q2_x3_loro_longxi_river_seed42,pooled_loro,intervention,42,1120,na,longxi_river,longxihe_UAV2410,0.5,0,0,174,16210,181.01933598375618,0.0,0.0
E1,q2_x3_loro_longxi_river_seed42,pooled_loro,intervention,42,1120,na,longxi_river,longxihe_UAV2412,0.5,0,0,40,16344,181.01933598375618,0.0,0.0
E1,q2_x3_loro_longxi_river_seed42,pooled_loro,intervention,42,1120,na,longxi_river,longxihe_UAV2413,0.5,13,0,421,15950,57.71681324846673,0.15384615384601183,0.24892703862639148
E1,q2_x3_loro_longxi_river_seed42,pooled_loro,intervention,42,1120,na,longxi_river,longxihe_UAV2414,0.5,91,0,1220,15073,41.10960958218893,0.16442012545021267,0.2649449579634439
E1,q2_x3_loro_longxi_river_seed42,pooled_loro,intervention,42,1120,na,longxi_river,longxihe_UAV2415,0.5,27,0,2500,13857,61.13507047510911,0.029905299883654906,0.0704993406279364
E1,q2_x3_loro_longxi_river_seed42,pooled_loro,intervention,42,1120,na,longxi_river,longxihe_UAV2416,0.5,0,0,1748,14636,181.01933598375618,0.0,0.0
E1,q2_x3_loro_longxi_river_seed42,pooled_loro,intervention,42,1120,na,longxi_river,longxihe_UAV2417,0.5,0,0,1474,14910,181.01933598375618,0.0,0.0
E1,q2_x3_loro_longxi_river_seed42,pooled_loro,intervention,42,1120,na,longxi_river,longxihe_UAV2418,0.5,0,0,2944,13440,181.01933598375618,0.0,0.0
E1,q2_x3_loro_longxi_river_seed42,pooled_loro,intervention,42,1120,na,longxi_river,longxihe_UAV2419,0.5,0,0,2943,13441,181.01933598375618,0.0,0.0
E1,q2_x3_loro_longxi_river_seed42,pooled_loro,intervention,42,1120,na,longxi_river,longxihe_UAV2420,0.5,0,0,1573,14811,181.01933598375618,0.0,0.0
E1,q2_x3_loro_longxi_river_seed42,pooled_loro,intervention,42,1120,na,longxi_river,longxihe_UAV2421,0.5,0,0,1243,15141,181.01933598375618,0.0,0.0
E1,q2_x3_loro_longxi_river_seed42,pooled_loro,intervention,42,1120,na,longxi_river,longxihe_UAV2422,0.5,71,0,3965,12348,68.0,0.014625228519079023,0.036563071297872445
E1,q2_x3_loro_longxi_river_seed42,pooled_loro,intervention,42,1120,na,longxi_river,longxihe_UAV2423,0.5,0,0,3180,13204,181.01933598375618,0.0,0.0
E1,q2_x3_loro_longxi_river_seed42,pooled_loro,intervention,42,1120,na,longxi_river,longxihe_UAV2424,0.5,0,0,267,16117,181.01933598375618,0.0,0.0
E1,q2_x3_loro_longxi_river_seed42,pooled_loro,intervention,42,1120,na,longxi_river,longxihe_UAV2425,0.5,0,0,118,16266,181.01933598375618,0.0,0.0
E1,q2_x3_loro_longxi_river_seed42,pooled_loro,intervention,42,1120,na,longxi_river,longxihe_UAV2426,0.5,0,0,490,15894,181.01933598375618,0.0,0.0
E1,q2_x3_loro_longxi_river_seed42,pooled_loro,intervention,42,1120,na,longxi_river,longxihe_UAV2427,0.5,348,513,1966,13557,60.509972365640664,0.18536273569794035,0.22176916434771507
E1,q2_x3_loro_longxi_river_seed42,pooled_loro,intervention,42,1120,na,longxi_river,longxihe_UAV2428,0.5,0,0,2236,14148,181.01933598375618,0.0,0.0
E1,q2_x3_loro_longxi_river_seed42,pooled_loro,intervention,42,1120,na,longxi_river,longxihe_UAV2429,0.5,0,0,412,15972,181.01933598375618,0.0,0.0
E1,q2_x3_loro_longxi_river_seed42,pooled_loro,intervention,42,1120,na,longxi_river,longxihe_UAV2430,0.5,0,0,1466,14918,181.01933598375618,0.0,0.0
E1,q2_x3_loro_longxi_river_seed42,pooled_loro,intervention,42,1120,na,longxi_river,longxihe_UAV2431,0.5,0,0,1929,14455,181.01933598375618,0.0,0.0
E1,q2_x3_loro_longxi_river_seed42,pooled_loro,intervention,42,1120,na,longxi_river,longxihe_UAV2432,0.5,0,0,1174,15210,181.01933598375618,0.0,0.0
E1,q2_x3_loro_longxi_river_seed42,pooled_loro,intervention,42,1120,na,longxi_river,longxihe_UAV2433,0.5,109,11,1551,14713,57.655700905938254,0.2014263110823805,0.2783783783781387
E1,q2_x3_loro_longxi_river_seed42,pooled_loro,intervention,42,1120,na,longxi_river,longxihe_UAV2434,0.5,0,0,1877,14507,181.01933598375618,0.0,0.0
E1,q2_x3_loro_longxi_river_seed42,pooled_loro,intervention,42,1120,na,longxi_river,longxihe_UAV2435,0.5,0,0,2352,14032,181.01933598375618,0.0,0.0
E1,q2_x3_loro_longxi_river_seed42,pooled_loro,intervention,42,1120,na,longxi_river,longxihe_UAV2436,0.5,0,0,1566,14818,181.01933598375618,0.0,0.0
E1,q2_x3_loro_longxi_river_seed42,pooled_loro,intervention,42,1120,na,longxi_river,longxihe_UAV2437,0.5,0,0,142,16242,181.01933598375618,0.0,0.0
E1,q2_x3_loro_longxi_river_seed42,pooled_loro,intervention,42,1120,na,longxi_river,longxihe_UAV2438,0.5,0,0,1075,15309,181.01933598375618,0.0,0.0
E1,q2_x3_loro_longxi_river_seed42,pooled_loro,intervention,42,1120,na,longxi_river,longxihe_UAV2439,0.5,263,371,1568,14182,38.993313404963956,0.1664275466280314,0.24952171489649552
E1,q2_x3_loro_longxi_river_seed42,pooled_loro,intervention,42,1120,na,longxi_river,longxihe_UAV2440,0.5,0,0,1119,15265,181.01933598375618,0.0,0.0
E1,q2_x3_loro_longxi_river_seed42,pooled_loro,intervention,42,1120,na,longxi_river,longxihe_UAV2441,0.5,3,0,682,15699,77.27634808478194,0.059171597633078665,0.1257142857141679
E1,q2_x3_loro_longxi_river_seed42,pooled_loro,intervention,42,1120,na,longxi_river,longxihe_UAV2442,0.5,1,0,911,15472,114.3962395053853,0.028571428571400406,0.07185628742508042
E1,q2_x3_loro_longxi_river_seed42,pooled_loro,intervention,42,1120,na,longxi_river,longxihe_UAV2443,0.5,0,0,1912,14472,181.01933598375618,0.0,0.0
E1,q2_x3_loro_longxi_river_seed42,pooled_loro,intervention,42,1120,na,longxi_river,longxihe_UAV2444,0.5,5,0,2585,13794,98.29038610159185,0.02386117136657078,0.04506437768235938
E1,q2_x3_loro_longxi_river_seed42,pooled_loro,intervention,42,1120,na,longxi_river,longxihe_UAV2445,0.5,0,0,4845,11539,181.01933598375618,0.0,0.0
E1,q2_x3_loro_longxi_river_seed42,pooled_loro,intervention,42,1120,na,longxi_river,longxihe_UAV2446,0.5,0,0,4886,11498,181.01933598375618,0.0,0.0
E1,q2_x3_loro_longxi_river_seed42,pooled_loro,intervention,42,1120,na,longxi_river,longxihe_UAV2447,0.5,0,0,2589,13795,181.01933598375618,0.0,0.0
E1,q2_x3_loro_longxi_river_seed42,pooled_loro,intervention,42,1120,na,longxi_river,longxihe_UAV2448,0.5,0,0,3190,13194,181.01933598375618,0.0,0.0
E1,q2_x3_loro_longxi_river_seed42,pooled_loro,intervention,42,1120,na,longxi_river,longxihe_UAV2449,0.5,0,0,3044,13340,181.01933598375618,0.0,0.0
E1,q2_x3_loro_longxi_river_seed42,pooled_loro,intervention,42,1120,na,longxi_river,longxihe_UAV2450,0.5,0,0,2216,14168,181.01933598375618,0.0,0.0
E1,q2_x3_loro_longxi_river_seed42,pooled_loro,intervention,42,1120,na,longxi_river,longxihe_UAV2451,0.5,0,0,1082,15302,181.01933598375618,0.0,0.0
E1,q2_x3_loro_longxi_river_seed42,pooled_loro,intervention,42,1120,na,longxi_river,longxihe_UAV2452,0.5,0,0,410,15974,181.01933598375618,0.0,0.0
E1,q2_x3_loro_longxi_river_seed42,pooled_loro,intervention,42,1120,na,longxi_river,longxihe_UAV2453,0.5,0,0,410,15974,181.01933598375618,0.0,0.0
E1,q2_x3_loro_longxi_river_seed42,pooled_loro,intervention,42,1120,na,longxi_river,longxihe_UAV2454,0.5,0,0,426,15958,181.01933598375618,0.0,0.0
E1,q2_x3_loro_longxi_river_seed42,pooled_loro,intervention,42,1120,na,longxi_river,longxihe_UAV2455,0.5,0,0,4686,11698,181.01933598375618,0.0,0.0
E1,q2_x3_loro_longxi_river_seed42,pooled_loro,intervention,42,1120,na,longxi_river,longxihe_UAV2456,0.5,0,0,7390,8994,181.01933598375618,0.0,0.0
E1,q2_x3_loro_longxi_river_seed42,pooled_loro,intervention,42,1120,na,longxi_river,longxihe_UAV2457,0.5,0,0,3130,13254,181.01933598375618,0.0,0.0
E1,q2_x3_loro_longxi_river_seed42,pooled_loro,intervention,42,1120,na,longxi_river,longxihe_UAV2458,0.5,0,0,434,15950,181.01933598375618,0.0,0.0
E1,q2_x3_loro_longxi_river_seed42,pooled_loro,intervention,42,1120,na,longxi_river,longxihe_UAV2459,0.5,0,0,434,15950,181.01933598375618,0.0,0.0
E1,q2_x3_loro_longxi_river_seed42,pooled_loro,intervention,42,1120,na,longxi_river,longxihe_UAV2460,0.5,0,0,25,16359,181.01933598375618,0.0,0.0
E1,q2_x3_loro_longxi_river_seed42,pooled_loro,intervention,42,1120,na,longxi_river,longxihe_UAV2461,0.5,0,0,28,16356,181.01933598375618,0.0,0.0
E1,q2_x3_loro_longxi_river_seed42,pooled_loro,intervention,42,1120,na,longxi_river,longxihe_UAV2463,0.5,0,0,1150,15234,181.01933598375618,0.0,0.0
E1,q2_x3_loro_longxi_river_seed42,pooled_loro,intervention,42,1120,na,longxi_river,longxihe_UAV2464,0.5,291,141,1660,14292,53.03772242470448,0.10100852161651513,0.20113882428397298
E1,q2_x3_loro_longxi_river_seed42,pooled_loro,intervention,42,1120,na,longxi_river,longxihe_UAV2465,0.5,86,0,1353,14945,120.91980799324583,0.11323317205651216,0.19995727408652328
E1,q2_x3_loro_longxi_river_seed42,pooled_loro,intervention,42,1120,na,longxi_river,longxihe_UAV2466,0.5,19,0,656,15709,90.19026823807603,0.03710575139131264,0.19327129563329534
E1,q2_x3_loro_longxi_river_seed42,pooled_loro,intervention,42,1120,na,longxi_river,longxihe_UAV2467,0.5,0,0,527,15857,181.01933598375618,0.0,0.0
E1,q2_x3_loro_longxi_river_seed42,pooled_loro,intervention,42,1120,na,longxi_river,longxihe_UAV2468,0.5,283,421,546,15134,47.451004651062796,0.2966530219114766,0.433113539878531
E1,q2_x3_loro_longxi_river_seed42,pooled_loro,intervention,42,1120,na,longxi_river,longxihe_UAV2469,0.5,0,0,1593,14791,181.01933598375618,0.0,0.0
E1,q2_x3_loro_longxi_river_seed42,pooled_loro,intervention,42,1120,na,longxi_river,longxihe_UAV2470,0.5,85,0,4282,12017,60.21337047793047,0.039028620988566645,0.05934718100876472
E1,q2_x3_loro_longxi_river_seed42,pooled_loro,intervention,42,1120,na,longxi_river,longxihe_UAV2471,0.5,0,0,4479,11905,181.01933598375618,0.0,0.0
E1,q2_x3_loro_longxi_river_seed42,pooled_loro,intervention,42,1120,na,longxi_river,longxihe_UAV2472,0.5,0,0,2905,13479,181.01933598375618,0.0,0.0
E1,q2_x3_loro_longxi_river_seed42,pooled_loro,intervention,42,1120,na,longxi_river,longxihe_UAV2473,0.5,330,125,4191,11738,60.77004449239949,0.11308761862702574,0.2392475573004746
E1,q2_x3_loro_longxi_river_seed42,pooled_loro,intervention,42,1120,na,longxi_river,longxihe_UAV2474,0.5,0,0,3606,12778,181.01933598375618,0.0,0.0
E1,q2_x3_loro_longxi_river_seed42,pooled_loro,intervention,42,1120,na,longxi_river,longxihe_UAV2475,0.5,0,0,624,15760,181.01933598375618,0.0,0.0
E1,q2_x3_loro_longxi_river_seed42,pooled_loro,intervention,42,1120,na,longxi_river,longxihe_UAV2476,0.5,0,0,2193,14191,181.01933598375618,0.0,0.0
E1,q2_x3_loro_longxi_river_seed42,pooled_loro,intervention,42,1120,na,longxi_river,longxihe_UAV2477,0.5,0,0,2424,13960,181.01933598375618,0.0,0.0
E1,q2_x3_loro_longxi_river_seed42,pooled_loro,intervention,42,1120,na,longxi_river,longxihe_UAV2478,0.5,0,0,2511,13873,181.01933598375618,0.0,0.0
E1,q2_x3_loro_longxi_river_seed42,pooled_loro,intervention,42,1120,na,longxi_river,longxihe_UAV2479,0.5,0,0,9031,7353,181.01933598375618,0.0,0.0
E1,q2_x3_loro_longxi_river_seed42,pooled_loro,intervention,42,1120,na,longxi_river,longxihe_UAV2480,0.5,116,0,10565,5703,69.85949410386883,0.0,0.0
E1,q2_x3_loro_longxi_river_seed42,pooled_loro,intervention,42,1120,na,longxi_river,longxihe_UAV2481,0.5,0,0,3930,12454,181.01933598375618,0.0,0.0
E1,q2_x3_loro_longxi_river_seed42,pooled_loro,intervention,42,1120,na,longxi_river,longxihe_UAV2482,0.5,0,0,75,16309,181.01933598375618,0.0,0.0
E1,q2_x3_loro_longxi_river_seed42,pooled_loro,intervention,42,1120,na,longxi_river,longxihe_UAV2483,0.5,0,0,120,16264,181.01933598375618,0.0,0.0
E1,q2_x3_loro_longxi_river_seed42,pooled_loro,intervention,42,1120,na,longxi_river,longxihe_UAV2484,0.5,138,0,334,15912,99.89888422438034,0.476190476190068,0.5696097883593764
E1,q2_x3_loro_longxi_river_seed42,pooled_loro,intervention,42,1120,na,longxi_river,longxihe_UAV2485,0.5,108,0,533,15743,53.075418038862395,0.2013422818788979,0.41363102232634097
E1,q2_x3_loro_longxi_river_seed42,pooled_loro,intervention,42,1120,na,longxi_river,longxihe_UAV2486,0.5,0,0,383,16001,181.01933598375618,0.0,0.0
E1,q2_x3_loro_longxi_river_seed42,pooled_loro,intervention,42,1120,na,longxi_river,longxihe_UAV2487,0.5,0,19,319,16046,135.0371828457268,0.0,0.0
E1,q2_x3_loro_longxi_river_seed42,pooled_loro,intervention,42,1120,na,longxi_river,longxihe_UAV2488,0.5,0,18,150,16216,123.69660373599177,0.0,0.0
E1,q2_x3_loro_longxi_river_seed42,pooled_loro,intervention,42,1120,na,longxi_river,longxihe_UAV2489,0.5,0,0,274,16110,181.01933598375618,0.0,0.0
E1,q2_x3_loro_longxi_river_seed42,pooled_loro,intervention,42,1120,na,longxi_river,longxihe_UAV2490,0.5,89,0,1357,14938,75.90447664781418,0.0,0.0360090022503514
E1,q2_x3_loro_longxi_river_seed42,pooled_loro,intervention,42,1120,na,longxi_river,longxihe_UAV2491,0.5,0,0,1942,14442,181.01933598375618,0.0,0.0
E1,q2_x3_loro_longxi_river_seed42,pooled_loro,intervention,42,1120,na,longxi_river,longxihe_UAV2492,0.5,19,394,2061,13910,62.98094438003527,0.06746987951771152,0.0986721144020713
E1,q2_x3_loro_longxi_river_seed42,pooled_loro,intervention,42,1120,na,longxi_river,longxihe_UAV2493,0.5,0,0,1965,14419,181.01933598375618,0.0,0.0
E1,q2_x3_loro_longxi_river_seed42,pooled_loro,intervention,42,1120,na,longxi_river,longxihe_UAV2494,0.5,0,0,655,15729,181.01933598375618,0.0,0.0
E1,q2_x3_loro_longxi_river_seed42,pooled_loro,intervention,42,1120,na,longxi_river,longxihe_UAV2495,0.5,28,0,2901,13455,68.00220576310316,0.028235294117515845,0.07545551982838242
E1,q2_x3_loro_longxi_river_seed42,pooled_loro,intervention,42,1120,na,longxi_river,longxihe_UAV2496,0.5,0,0,3160,13224,181.01933598375618,0.0,0.0
E1,q2_x3_loro_longxi_river_seed42,pooled_loro,intervention,42,1120,na,longxi_river,longxihe_UAV2497,0.5,0,0,2098,14286,181.01933598375618,0.0,0.0
E1,q2_x3_loro_longxi_river_seed42,pooled_loro,intervention,42,1120,na,longxi_river,longxihe_UAV2498,0.5,426,31,4439,11488,53.807034990878066,0.13851779983547194,0.24239543726201626
E1,q2_x3_loro_longxi_river_seed42,pooled_loro,intervention,42,1120,na,longxi_river,longxihe_UAV2499,0.5,0,0,3934,12450,181.01933598375618,0.0,0.0
E1,q2_x3_loro_longxi_river_seed42,pooled_loro,intervention,42,1120,na,longxi_river,longxihe_UAV2500,0.5,0,8,936,15440,134.8447180087351,0.0,0.0
E1,q2_x3_loro_longxi_river_seed42,pooled_loro,intervention,42,1120,na,longxi_river,longxihe_UAV2501,0.5,0,0,52,16332,181.01933598375618,0.0,0.0
E1,q2_x3_loro_longxi_river_seed42,pooled_loro,intervention,42,1120,na,longxi_river,longxihe_UAV2502,0.5,0,0,52,16332,181.01933598375618,0.0,0.0
E1,q2_x3_loro_longxi_river_seed42,pooled_loro,intervention,42,1120,na,longxi_river,longxihe_UAV2503,0.5,0,0,71,16313,181.01933598375618,0.0,0.0
E1,q2_x3_loro_longxi_river_seed42,pooled_loro,intervention,42,1120,na,longxi_river,longxihe_UAV2504,0.5,2,0,805,15577,33.15537691771034,0.005305039787787854,0.101265822784714
E1,q2_x3_loro_longxi_river_seed42,pooled_loro,intervention,42,1120,na,longxi_river,longxihe_UAV2505,0.5,0,0,1161,15223,181.01933598375618,0.0,0.0
E1,q2_x3_loro_longxi_river_seed42,pooled_loro,intervention,42,1120,na,longxi_river,longxihe_UAV2506,0.5,0,0,615,15769,181.01933598375618,0.0,0.0
E1,q2_x3_loro_longxi_river_seed42,pooled_loro,intervention,42,1120,na,longxi_river,longxihe_UAV2507,0.5,0,0,190,16194,181.01933598375618,0.0,0.0
E1,q2_x3_loro_longxi_river_seed42,pooled_loro,intervention,42,1120,na,longxi_river,longxihe_UAV2508,0.5,7,27,513,15837,38.2922589601572,0.016260162601283365,0.1200686106342925
E1,q2_x3_loro_longxi_river_seed42,pooled_loro,intervention,42,1120,na,longxi_river,longxihe_UAV2509,0.5,27,25,2306,14026,79.22752047110903,0.02194787379960263,0.09397069981890575
E1,q2_x3_loro_longxi_river_seed42,pooled_loro,intervention,42,1120,na,longxi_river,longxihe_UAV2510,0.5,0,0,2589,13795,181.01933598375618,0.0,0.0
E1,q2_x3_loro_longxi_river_seed42,pooled_loro,intervention,42,1120,na,longxi_river,longxihe_UAV2511,0.5,0,0,1511,14873,181.01933598375618,0.0,0.0
E1,q2_x3_loro_longxi_river_seed42,pooled_loro,intervention,42,1120,na,longxi_river,longxihe_UAV2512,0.5,0,0,828,15556,181.01933598375618,0.0,0.0
E1,q2_x3_loro_longxi_river_seed42,pooled_loro,intervention,42,1120,na,longxi_river,longxihe_UAV2513,0.5,18,0,623,15743,58.35741545583166,0.09968847352014891,0.19620253164539267
E1,q2_x3_loro_longxi_river_seed42,pooled_loro,intervention,42,1120,na,longxi_river,longxihe_UAV2514,0.5,15,47,746,15576,70.178344238091,0.07094778970332674,0.12938005390818932
E1,q2_x3_loro_longxi_river_seed42,pooled_loro,intervention,42,1120,na,longxi_river,longxihe_UAV2515,0.5,0,0,213,16171,181.01933598375618,0.0,0.0
E1,q2_x3_loro_longxi_river_seed42,pooled_loro,intervention,42,1120,na,longxi_river,longxihe_UAV2516,0.5,0,0,1146,15238,181.01933598375618,0.0,0.0
E1,q2_x3_loro_longxi_river_seed42,pooled_loro,intervention,42,1120,na,longxi_river,longxihe_UAV2517,0.5,0,592,1146,14646,69.05572793514851,0.0,0.0
E1,q2_x3_loro_longxi_river_seed42,pooled_loro,intervention,42,1120,na,longxi_river,longxihe_UAV2520,0.5,0,0,65,16319,181.01933598375618,0.0,0.0
E1,q2_x3_loro_longxi_river_seed42,pooled_loro,intervention,42,1120,na,longxi_river,longxihe_UAV2521,0.5,0,0,787,15597,181.01933598375618,0.0,0.0
E1,q2_x3_loro_longxi_river_seed42,pooled_loro,intervention,42,1120,na,longxi_river,longxihe_UAV2522,0.5,168,2,554,15660,44.24078545909004,0.2019417475724144,0.33933161953686947
E1,q2_x3_loro_longxi_river_seed42,pooled_loro,intervention,42,1120,na,longxi_river,longxihe_UAV2523,0.5,0,0,71,16313,181.01933598375618,0.0,0.0
E1,q2_x3_loro_longxi_river_seed42,pooled_loro,intervention,42,1120,na,longxi_river,longxihe_UAV2524,0.5,5,104,1226,15049,61.01226280109988,0.041191381495204675,0.056258790435569944
E1,q2_x3_loro_longxi_river_seed42,pooled_loro,intervention,42,1120,na,longxi_river,longxihe_UAV2525,0.5,0,0,2251,14133,181.01933598375618,0.0,0.0
E1,q2_x3_loro_longxi_river_seed42,pooled_loro,intervention,42,1120,na,longxi_river,longxihe_UAV2526,0.5,0,0,1099,15285,181.01933598375618,0.0,0.0
E1,q2_x3_loro_longxi_river_seed42,pooled_loro,intervention,42,1120,na,longxi_river,longxihe_UAV2528,0.5,0,0,754,15630,181.01933598375618,0.0,0.0
E1,q2_x3_loro_longxi_river_seed42,pooled_loro,intervention,42,1120,na,longxi_river,longxihe_UAV2529,0.5,870,652,2205,12657,62.175950398031055,0.3299279222810925,0.43485260446443125
E1,q2_x3_loro_longxi_river_seed42,pooled_loro,intervention,42,1120,na,longxi_river,longxihe_UAV2530,0.5,300,0,3452,12632,77.48354207119725,0.0,0.0021390374329985987
E1,q2_x3_loro_longxi_river_seed42,pooled_loro,intervention,42,1120,na,longxi_river,longxihe_UAV2531,0.5,0,0,1431,14953,181.01933598375618,0.0,0.0
E1,q2_x3_loro_longxi_river_seed42,pooled_loro,intervention,42,1120,na,longxi_river,longxihe_UAV2532,0.5,0,0,93,16291,181.01933598375618,0.0,0.0
E1,q2_x3_loro_longxi_river_seed42,pooled_loro,intervention,42,1120,na,longxi_river,longxihe_UAV2533,0.5,215,584,493,15092,56.08029957123981,0.3276679443206813,0.42932342467825946
E1,q2_x3_loro_longxi_river_seed42,pooled_loro,intervention,42,1120,na,longxi_river,longxihe_UAV2534,0.5,0,0,660,15724,181.01933598375618,0.0,0.0
E1,q2_x3_loro_longxi_river_seed42,pooled_loro,intervention,42,1120,na,longxi_river,longxihe_UAV2535,0.5,0,39,45,16300,77.25384850025947,0.0,0.0
E1,q2_x3_loro_longxi_river_seed42,pooled_loro,intervention,42,1120,na,longxi_river,longxihe_UAV2536,0.5,0,0,65,16319,181.01933598375618,0.0,0.0
E1,q2_x3_loro_longxi_river_seed42,pooled_loro,intervention,42,1120,na,longxi_river,longxihe_UAV2537,0.5,0,0,735,15649,181.01933598375618,0.0,0.0
E1,q2_x3_loro_longxi_river_seed42,pooled_loro,intervention,42,1120,na,longxi_river,longxihe_UAV2538,0.5,0,0,670,15714,181.01933598375618,0.0,0.0
E1,q2_x3_loro_longxi_river_seed42,pooled_loro,intervention,42,1120,na,longxi_river,longxihe_UAV2539,0.5,0,0,136,16248,181.01933598375618,0.0,0.0
E1,q2_x3_loro_longxi_river_seed42,pooled_loro,intervention,42,1120,na,longxi_river,longxihe_UAV2540,0.5,0,0,1534,14850,181.01933598375618,0.0,0.0
E1,q2_x3_loro_longxi_river_seed42,pooled_loro,intervention,42,1120,na,longxi_river,longxihe_UAV2541,0.5,188,0,2495,13701,58.880993778412495,0.0,0.06035665294901083
E1,q2_x3_loro_longxi_river_seed42,pooled_loro,intervention,42,1120,na,longxi_river,longxihe_UAV2542,0.5,0,0,1293,15091,181.01933598375618,0.0,0.0
E1,q2_x3_loro_longxi_river_seed42,pooled_loro,intervention,42,1120,na,longxi_river,longxihe_UAV2544,0.5,0,0,234,16150,181.01933598375618,0.0,0.0
E1,q2_x3_loro_longxi_river_seed42,pooled_loro,intervention,42,1120,na,longxi_river,longxihe_UAV2545,0.5,0,0,742,15642,181.01933598375618,0.0,0.0
E1,q2_x3_loro_longxi_river_seed42,pooled_loro,intervention,42,1120,na,longxi_river,longxihe_UAV2546,0.5,0,0,1437,14947,181.01933598375618,0.0,0.0
E1,q2_x3_loro_longxi_river_seed42,pooled_loro,intervention,42,1120,na,longxi_river,longxihe_UAV2547,0.5,0,0,929,15455,181.01933598375618,0.0,0.0
E1,q2_x3_loro_longxi_river_seed42,pooled_loro,intervention,42,1120,na,longxi_river,longxihe_UAV2548,0.5,0,0,67,16317,181.01933598375618,0.0,0.0
E1,q2_x3_loro_longxi_river_seed42,pooled_loro,intervention,42,1120,na,longxi_river,longxihe_UAV2549,0.5,0,0,67,16317,181.01933598375618,0.0,0.0
E1,q2_x3_loro_longxi_river_seed42,pooled_loro,intervention,42,1120,na,longxi_river,longxihe_UAV2550,0.5,0,1069,136,15179,86.34234109555888,0.0,0.0
E1,q2_x3_loro_longxi_river_seed42,pooled_loro,intervention,42,1120,na,longxi_river,longxihe_UAV2551,0.5,0,0,1110,15274,181.01933598375618,0.0,0.0
E1,q2_x3_loro_longxi_river_seed42,pooled_loro,intervention,42,1120,na,longxi_river,longxihe_UAV2552,0.5,0,0,1481,14903,181.01933598375618,0.0,0.0
E1,q2_x3_loro_longxi_river_seed42,pooled_loro,intervention,42,1120,na,longxi_river,longxihe_UAV2553,0.5,0,0,507,15877,181.01933598375618,0.0,0.0
