source,model,seed,region,region_label,threshold,iou,dice,precision,recall,f1,accuracy,mcc,balanced_accuracy,youden_j,balanced_iou,background_iou
zero-shot,Bottleneck-LiteASK,42,wenchuan,Wenchuan,0.3,0.10372764898422918,0.1879587760253912,0.1289207294693164,0.3467494593107814,0.18795877602499608,0.8636687203739466,0.14947498956682695,0.6175302649577687,0.2350605299155375,0.48260543053293625,0.8614832120816434
zero-shot,Bottleneck-LiteASK,42,wenchuan,Wenchuan,0.4,0.10176713189304346,0.18473437616202681,0.13764874080586947,0.2807816067701072,0.18473437616158533,0.8872324054160815,0.1414300229488069,0.5984622354719065,0.19692447094381293,0.4937700732203428,0.8857730145476421
zero-shot,Bottleneck-LiteASK,42,wenchuan,Wenchuan,0.5,0.09964056863719373,0.1812238862025257,0.14838911178915504,0.2327186682843385,0.18122388620205018,0.9043147054950843,0.13685577211519584,0.584524704010734,0.16904940802146795,0.5014655968673325,0.9032906250974712
zero-shot,Bottleneck-LiteASK,42,wenchuan,Wenchuan,0.6,0.09525842679495879,0.17394694158841095,0.16162478574431616,0.18830302710605046,0.17394694158791388,0.9186209346471208,0.13183515767695947,0.5708696797311847,0.14173935946236949,0.5065880300667054,0.917917633338452
zero-shot,Bottleneck-LiteASK,42,wenchuan,Wenchuan,0.7,0.08644790685183415,0.1591386136539791,0.17919685990338163,0.14311874062742558,0.15913861365348536,0.9311808039633076,0.12457974479853472,0.5559338482924536,0.11186769658490725,0.5085888028060425,0.9307296987602507
zero-shot,Bottleneck-LiteASK,42,jiuzhai_valley,Jiuzhai Valley,0.3,0.5746070341829638,0.7298418230185506,0.7242103722260834,0.7355615403523317,0.7298418230180508,0.8707394679588608,0.6449283769378069,0.8241878041913415,0.648375608382683,0.7090016761820788,0.8433963181811936
zero-shot,Bottleneck-LiteASK,42,jiuzhai_valley,Jiuzhai Valley,0.4,0.5579143998441563,0.7162324193164482,0.7852626007101532,0.6583580525171558,0.7162324193159519,0.8761692481704905,0.6418714686109579,0.8011608964048902,0.6023217928097804,0.7055738329517116,0.853233266059267
zero-shot,Bottleneck-LiteASK,42,jiuzhai_valley,Jiuzhai Valley,0.5,0.5245063497443745,0.6880999214366308,0.8288731160085807,0.5882016151486935,0.6880999214361452,0.8734250560390295,0.6257113432635806,0.7752017295386422,0.5504034590772844,0.6886954246394295,0.8528844995344844
zero-shot,Bottleneck-LiteASK,42,jiuzhai_valley,Jiuzhai Valley,0.6,0.4759428310110154,0.6449339649354797,0.8652812514861449,0.5140333445125148,0.6449339649350121,0.8656484354397416,0.5979499566720468,0.7445615999019597,0.4891231998039194,0.6614599679959707,0.846977104980926
zero-shot,Bottleneck-LiteASK,42,jiuzhai_valley,Jiuzhai Valley,0.7,0.40948826374252256,0.581045297468792,0.8985881760081298,0.42932908593874225,0.5810452974683544,0.8530380364912975,0.5558290651192312,0.7071240034042987,0.4142480068085974,0.622924935250922,0.8363616067593215
zero-shot,Bottleneck-LiteASK,42,moxitaidi,Moxitaidi,0.3,0.25879501789544057,0.4111789675305768,0.2902130689323762,0.705060591629866,0.41117896753016364,0.7874034648038903,0.35324225895556555,0.7510766108573894,0.5021532217147788,0.514576164769739,0.7703573116440373
zero-shot,Bottleneck-LiteASK,42,moxitaidi,Moxitaidi,0.4,0.2787145715094137,0.43592929605926817,0.33361645921888644,0.6287544774508035,0.43592929605881514,0.8286926892338967,0.37014673706082357,0.7404868016105802,0.48097360322116045,0.5476318179108517,0.8165490643122897
zero-shot,Bottleneck-LiteASK,42,moxitaidi,Moxitaidi,0.5,0.2884066424188177,0.4476950567056552,0.3737519035402283,0.5581120612393998,0.4476950567051748,0.8550242521324937,0.37780228304979596,0.7240367679975399,0.4480735359950798,0.5671902980786077,0.8459739537383976
zero-shot,Bottleneck-LiteASK,42,moxitaidi,Moxitaidi,0.6,0.2858274042862286,0.4445812919112473,0.41368561311432656,0.480464264692398,0.44458129191075013,0.8736114501953125,0.37505453231009206,0.7001683841869288,0.4003367683738577,0.5763525339667086,0.8668776636471887
zero-shot,Bottleneck-LiteASK,42,moxitaidi,Moxitaidi,0.7,0.26732158698926006,0.42186859236624913,0.45595558692098315,0.39252372938006347,0.42186859236575186,0.8867358149314414,0.3607147649597366,0.6687063782796733,0.33741275655934655,0.5745874947714353,0.8818534025536108
zero-shot,Bottleneck-LiteASK,42,longxi_river,Longxi River,0.3,0.13219034863640544,0.23351258698789243,0.19197586306406794,0.29798615360018305,0.23351258698741587,0.7157748042584989,0.07148719238679282,0.5423904767549694,0.08478095350993886,0.41755137096459183,0.7029123932927782
zero-shot,Bottleneck-LiteASK,42,longxi_river,Longxi River,0.4,0.12221476615755733,0.21780994127535577,0.19375572840772617,0.24868324653399618,0.21780994127486347,0.7404907275312624,0.06584454543147017,0.5363882244605066,0.0727764489210132,0.42648874788134633,0.7307627296051353
zero-shot,Bottleneck-LiteASK,42,longxi_river,Longxi River,0.5,0.11345140991936892,0.20378331538972957,0.19656533796904163,0.21155159568123316,0.20378331538923028,0.7598123276195587,0.06264133502337689,0.532281450095882,0.06456290019176403,0.43282351712119194,0.752195624323015
zero-shot,Bottleneck-LiteASK,42,longxi_river,Longxi River,0.6,0.10372090631311193,0.18794770619971857,0.19995432694490778,0.17730132603931462,0.1879477061992204,0.7773971557617188,0.0596511262839083,0.528354459867173,0.056708919734346,0.43761604154836226,0.7715111767836126
zero-shot,Bottleneck-LiteASK,42,longxi_river,Longxi River,0.7,0.0920573512640505,0.16859435295681974,0.20458794795837704,0.14337081841124583,0.16859435295633524,0.7945517396774536,0.05665314936444322,0.5243084816593988,0.04861696331879761,0.4411192146952308,0.7901810781264111
zero-shot,Bottleneck-LiteASK,42,hokkaido_iburi_tobu,Hokkaido,0.3,0.09327740711080268,0.17063813173878037,0.11053612873966617,0.3739864272616517,0.17063813173842818,0.6272773022921581,0.019245727259202858,0.5150995640770575,0.030199128154114963,0.35284675975826113,0.6124161124057196
zero-shot,Bottleneck-LiteASK,42,hokkaido_iburi_tobu,Hokkaido,0.4,0.08960625064938132,0.16447455325440355,0.11019125260193127,0.32416957538758767,0.1644745532540249,0.6623278512466307,0.016607643408180356,0.5125639462499871,0.02512789249997427,0.37016276363305656,0.6507192766167318
zero-shot,Bottleneck-LiteASK,42,hokkaido_iburi_tobu,Hokkaido,0.5,0.08713222909770307,0.16029738934337545,0.11153240065295167,0.28483495006199877,0.16029738934297103,0.6940472543721572,0.01768404448116547,0.5128148639760395,0.025629727952078962,0.38598801130777477,0.6848437935178464
zero-shot,Bottleneck-LiteASK,42,hokkaido_iburi_tobu,Hokkaido,0.6,0.08472203368230917,0.15620966671932168,0.11457860314691341,0.24535831523781979,0.1562096667188877,0.7282375531055214,0.021074738869889798,0.514379471054574,0.02875894210914809,0.40297343012937314,0.7212248265764372
zero-shot,Bottleneck-LiteASK,42,hokkaido_iburi_tobu,Hokkaido,0.7,0.07985631694421803,0.1479017452436557,0.11815926035441231,0.19765435610125356,0.1479017452431874,0.7665011259423433,0.023449050789727574,0.5145696498319079,0.029139299663815788,0.4207639033533899,0.7616714897625618
zero-shot,Bottleneck-LiteASK,42,lombok,Lombok,0.3,0.056137430905922575,0.106307056758266,0.06146240321471279,0.3931872435402964,0.10630705675803218,0.7972458305708859,0.0882325741659582,0.6016088326171104,0.2032176652342208,0.4254541957817168,0.794770960657511
zero-shot,Bottleneck-LiteASK,42,lombok,Lombok,0.4,0.05389640544694637,0.10228027189084012,0.061064597963420945,0.31466207796831425,0.1022802718905679,0.8305906243280533,0.07637339962286988,0.5807884540283454,0.1615769080566909,0.44141808993081055,0.8289397744146747
zero-shot,Bottleneck-LiteASK,42,lombok,Lombok,0.5,0.050924812298270374,0.09691428292934251,0.05987330460768194,0.2541387290096719,0.0969142829290339,0.854736608102781,0.06552401020025952,0.5639392588701432,0.12787851774028636,0.45226013941973114,0.8535954665411919
zero-shot,Bottleneck-LiteASK,42,lombok,Lombok,0.6,0.047955050307069126,0.09152119700748129,0.05896350962861707,0.2043644363706074,0.09152119700713374,0.8755649951619839,0.05659341375915038,0.5505832559744921,0.10116651194898418,0.4613675922789739,0.8747801342508786
zero-shot,Bottleneck-LiteASK,42,lombok,Lombok,0.7,0.04257714886295032,0.08167673521213384,0.056070740896484915,0.15032703604471243,0.08167673521173811,0.896323947731508,0.04409536096355431,0.5351273268213239,0.07025465364264782,0.46921044028345804,0.8958437317039658
zero-shot,Bottleneck-LiteASK,42,palu,Palu,0.3,0.022008863663221974,0.043069809755533504,0.02303901157683392,0.32985886113836793,0.04306980975541146,0.8225634795507574,0.04577968589640026,0.5792298954394633,0.1584597908789267,0.42193049412944184,0.8218521245956617
zero-shot,Bottleneck-LiteASK,42,palu,Palu,0.4,0.024715839561659497,0.04823940180768971,0.026340658422697304,0.28606076314961215,0.048239401807535304,0.8633556576078641,0.050644640208578,0.5782452070293369,0.1564904140586738,0.4437983358423019,0.8628808321229443
zero-shot,Bottleneck-LiteASK,42,palu,Palu,0.5,0.02767997841375329,0.05386886773152464,0.030194954608208174,0.24943377828794303,0.053868867731332,0.8939339720633798,0.05513948692714721,0.5756326283147883,0.15126525662957668,0.4606463578862104,0.8936127373586675
zero-shot,Bottleneck-LiteASK,42,palu,Palu,0.6,0.030974624147722903,0.06008804372528322,0.0350237617402227,0.2113071544504718,0.060088043725039286,0.9199758877514917,0.05882650523537892,0.5699834249704453,0.1399668499408906,0.47537264470495094,0.919770665262179
zero-shot,Bottleneck-LiteASK,42,palu,Palu,0.7,0.03481161061838049,0.06728105920183451,0.04208411556596467,0.167669511660773,0.06728105920151374,0.9437244653409961,0.061710660064648634,0.5604517573342784,0.12090351466855687,0.48921081062450905,0.9436100106306377
zero-shot,Bottleneck-LiteASK,2026,wenchuan,Wenchuan,0.3,0.12822177152968026,0.22729887822645534,0.15604601345994906,0.4183012938862556,0.2272988782260596,0.8705900385138694,0.19770200637338883,0.6552263223780153,0.3104526447560305,0.4981504328493883,0.8680790941690963
zero-shot,Bottleneck-LiteASK,2026,wenchuan,Wenchuan,0.4,0.12418729654695275,0.22093702166606177,0.1696919503080497,0.31652361323577066,0.22093702166560739,0.8984278989641854,0.18148045000571306,0.6213459001339188,0.24269180026783754,0.5105654587599552,0.8969436209729577
zero-shot,Bottleneck-LiteASK,2026,wenchuan,Wenchuan,0.5,0.11484754209336157,0.20603273139520237,0.180289412695721,0.24035237112003677,0.20603273139471254,0.9157094205363413,0.16435716922734783,0.5941285596184043,0.18825711923680855,0.5148124580681895,0.9147773740430175
zero-shot,Bottleneck-LiteASK,2026,wenchuan,Wenchuan,0.6,0.10211343448180792,0.1853047631704438,0.19250103543207972,0.1786271392076925,0.18530476316994451,0.9285305751843399,0.14809857223532788,0.5714533924480174,0.1429067848960348,0.5150291743113805,0.9279449141409531
zero-shot,Bottleneck-LiteASK,2026,wenchuan,Wenchuan,0.7,0.08496551292352321,0.1566234353285149,0.21641196013289035,0.12271949721554472,0.15662343532805303,0.939862883492802,0.1334663121093702,0.5507684424418773,0.10153688488375456,0.512245351601805,0.9395251902800866
zero-shot,Bottleneck-LiteASK,2026,jiuzhai_valley,Jiuzhai Valley,0.3,0.5799027219853795,0.7340992757536954,0.6817738467913538,0.7951242277858902,0.7340992757531982,0.8632720612473629,0.6462477878029736,0.8398037695968394,0.6796075391936789,0.7056825471174186,0.8314623722494576
zero-shot,Bottleneck-LiteASK,2026,jiuzhai_valley,Jiuzhai Valley,0.4,0.5804728765251834,0.7345559485986334,0.7423220028394443,0.7269507064062265,0.7345559485981334,0.8752873133405854,0.6531263419985605,0.8242041522603041,0.6484083045206082,0.7148761517476827,0.8492794269701818
zero-shot,Bottleneck-LiteASK,2026,jiuzhai_valley,Jiuzhai Valley,0.5,0.5638005710472079,0.7210645417141083,0.7868791338240614,0.6654096597154378,0.7210645417136118,0.8777985829542457,0.6472332442636731,0.8046575168229664,0.6093150336459328,0.7093385253465538,0.8548764796458997
zero-shot,Bottleneck-LiteASK,2026,jiuzhai_valley,Jiuzhai Valley,0.6,0.5330754333392499,0.6954327513788907,0.826594878053591,0.6001951930214133,0.6954327513784033,0.8752104760021097,0.6319779421252439,0.7805025661315622,0.5610051322631244,0.6937767847011318,0.8544781360630139
zero-shot,Bottleneck-LiteASK,2026,jiuzhai_valley,Jiuzhai Valley,0.7,0.47811882321256205,0.6469288066752477,0.8674675703491201,0.5157964090524985,0.6469288066747799,0.8663584004977585,0.6003465664906921,0.7456342242629136,0.4912684485258272,0.6629159852637581,0.8477131473149541
zero-shot,Bottleneck-LiteASK,2026,moxitaidi,Moxitaidi,0.3,0.2947069309564986,0.455248865839895,0.3487866296401375,0.6552568452125661,0.4552488658394415,0.8349033900669642,0.39395612811845293,0.7556494905445716,0.5112989810891433,0.5586885520117347,0.822670173066971
zero-shot,Bottleneck-LiteASK,2026,moxitaidi,Moxitaidi,0.4,0.3084119054780369,0.4714293781442726,0.40807923855270334,0.5580629608705554,0.47142937814378466,0.8682511310188138,0.4046101971170764,0.7314067397732728,0.4628134795465455,0.5842196059196457,0.8600273063612547
zero-shot,Bottleneck-LiteASK,2026,moxitaidi,Moxitaidi,0.5,0.30552660082348015,0.4680511306790145,0.45767034244306276,0.4789137578641931,0.46805113067851467,0.8853929792131696,0.40399697810474045,0.706068275847223,0.41213655169444596,0.59241712318861,0.8793076455537397
zero-shot,Bottleneck-LiteASK,2026,moxitaidi,Moxitaidi,0.6,0.2901004032194654,0.4497330634042364,0.5074924718391018,0.4037777705474691,0.4497330634037429,0.8959748560068559,0.3962456576292433,0.6788343683463289,0.35766873669265786,0.5907284179064792,0.8913564325934931
zero-shot,Bottleneck-LiteASK,2026,moxitaidi,Moxitaidi,0.7,0.25900079045822333,0.4114386462997501,0.5685931182010279,0.3223451046044906,0.41143864629928834,0.902907640106824,0.38032413794190256,0.6467833439648659,0.29356668792973184,0.5792488483529805,0.8994969062477376
zero-shot,Bottleneck-LiteASK,2026,longxi_river,Longxi River,0.3,0.13581183984334752,0.23914496235939722,0.19819974463617937,0.3014124388094452,0.23914496235891858,0.7213406547570762,0.07995716855893863,0.5470683972242046,0.09413679444840928,0.4221951619990477,0.7085784841547479
zero-shot,Bottleneck-LiteASK,2026,longxi_river,Longxi River,0.4,0.11811585553081896,0.21127659525898443,0.19332197687108346,0.23290770537537392,0.21127659525848871,0.7473443857016274,0.06278254800507822,0.5338506545507947,0.06770130910158945,0.4283055069426414,0.7384951583544639
zero-shot,Bottleneck-LiteASK,2026,longxi_river,Longxi River,0.5,0.10217062665791951,0.18539892859915633,0.18756109628757756,0.1832860428913935,0.18539892859865642,0.7659875790532024,0.04879311996168198,0.524163599815154,0.04832719963030807,0.4308779816832187,0.7595853367085179
zero-shot,Bottleneck-LiteASK,2026,longxi_river,Longxi River,0.6,0.08664820661079871,0.15947793606736835,0.18210279958192888,0.14185371038855782,0.15947793606687607,0.7827494075884834,0.037317297802166964,0.516774567717129,0.03354913543425808,0.43241290374838603,0.7781776008859733
zero-shot,Bottleneck-LiteASK,2026,longxi_river,Longxi River,0.7,0.06990882049264398,0.13068182849535565,0.1797324691329742,0.10266390613290456,0.1306818284948929,0.8015490888406674,0.029401456129422677,0.5115083296792389,0.023016659358477742,0.43422647192834685,0.7985441233640497
zero-shot,Bottleneck-LiteASK,2026,hokkaido_iburi_tobu,Hokkaido,0.3,0.10354172628984609,0.18765348662974032,0.12271754586895318,0.39854163465769893,0.18765348662938033,0.646230486846677,0.04703031959004343,0.5365337786004464,0.07306755720089275,0.3673505654438784,0.6311594045979106
zero-shot,Bottleneck-LiteASK,2026,hokkaido_iburi_tobu,Hokkaido,0.4,0.09485884143880927,0.1732804958019072,0.11852877188242164,0.32203943290873566,0.17328049580151386,0.6849499314300455,0.03278227821203994,0.5242237351399819,0.04844747027996377,0.3845257530485164,0.6741926646582235
zero-shot,Bottleneck-LiteASK,2026,hokkaido_iburi_tobu,Hokkaido,0.5,0.08854473481221177,0.16268460446411862,0.11676273961537864,0.2681432177827985,0.16268460446369595,0.7170097577282682,0.02604602674249191,0.518215256325656,0.03643051265131203,0.3987773667017415,0.7090099985912712
zero-shot,Bottleneck-LiteASK,2026,hokkaido_iburi_tobu,Hokkaido,0.6,0.08255651131423353,0.1525213888631258,0.11635025554984761,0.22132822206113548,0.1525213888626741,0.7478280285940658,0.022433153007861452,0.5146512216505122,0.029302443301024494,0.4122647214753551,0.7419729316364766
zero-shot,Bottleneck-LiteASK,2026,hokkaido_iburi_tobu,Hokkaido,0.7,0.07481099191632241,0.1392077164803441,0.1175473078142067,0.1706540981574468,0.1392077164798611,0.7836216517857143,0.020708950928105287,0.5121499149654252,0.024299829930850336,0.4272896914633449,0.7797683910103673
zero-shot,Bottleneck-LiteASK,2026,lombok,Lombok,0.3,0.06534518884145711,0.12267420837093895,0.07310934602281338,0.3809228213191899,0.12267420837066877,0.8328952614320527,0.10734292927004155,0.6140593446128193,0.2281186892256386,0.4481325511797394,0.8309199135180216
zero-shot,Bottleneck-LiteASK,2026,lombok,Lombok,0.4,0.06359703772468646,0.11958859505802541,0.0743642729400041,0.3051864767286354,0.11958859505771036,0.8621821972208286,0.0961613131585654,0.5924961315663364,0.1849922631326728,0.46223853061381404,0.8608800235029416
zero-shot,Bottleneck-LiteASK,2026,lombok,Lombok,0.5,0.06006961305404426,0.11333144977334957,0.07336070368612221,0.24899926513882487,0.113331449772998,0.8805040831959575,0.08439848114435533,0.5747422190416152,0.1494844380832303,0.46982705271121705,0.8795844923683899
zero-shot,Bottleneck-LiteASK,2026,lombok,Lombok,0.6,0.055895525025623935,0.10587321131845405,0.07172091652211376,0.202118773649065,0.10587321131806744,0.8952958693198108,0.07323130153586858,0.5596735353312122,0.11934707066242445,0.4752691430402053,0.8946427610547866
zero-shot,Bottleneck-LiteASK,2026,lombok,Lombok,0.7,0.05028237296917212,0.0957501987337419,0.0692634425156453,0.15503745053380133,0.09575019873331501,0.9101890074003727,0.060769749316176624,0.5445598923970294,0.0891197847940588,0.48002114426476533,0.9097599155603585
zero-shot,Bottleneck-LiteASK,2026,palu,Palu,0.3,0.027335147468905464,0.05321563763539555,0.029145781887856465,0.3055622411888496,0.05321563763523656,0.868380860570303,0.059409791644262036,0.5904198536287544,0.18083970725750875,0.4476136746333959,0.8678922017978864
zero-shot,Bottleneck-LiteASK,2026,palu,Palu,0.4,0.03091378185785954,0.05997355433962348,0.0340668254229489,0.2503779954208555,0.05997355433941263,0.9049867889142824,0.06275840764734254,0.5816930791358151,0.16338615827163028,0.46780585917261547,0.9046979364873714
zero-shot,Bottleneck-LiteASK,2026,palu,Palu,0.5,0.03424331527638345,0.06621907005941348,0.0394012529406108,0.20734514530452544,0.0662190700591451,0.9292113958986765,0.06510692927022793,0.572701033621059,0.1454020672421179,0.4816382928117558,0.9290332703471281
zero-shot,Bottleneck-LiteASK,2026,palu,Palu,0.6,0.03719043168207152,0.07171379632139038,0.045755152522853726,0.1657502206258987,0.07171379632105132,0.94805534670957,0.06589791516265918,0.5616958463420559,0.12339169268411188,0.4925706718489166,0.9479509120157618
zero-shot,Bottleneck-LiteASK,2026,palu,Palu,0.7,0.040725821277847456,0.07826426604433157,0.057382569652314065,0.12303828090768272,0.07826426604389776,0.9649174852499618,0.06758731956063223,0.5491359469289483,0.09827189385789659,0.5027954879551484,0.9648651546324494
zero-shot,Bottleneck-LiteASK,777,wenchuan,Wenchuan,0.3,0.09018449520227202,0.165448133961104,0.11623803243454474,0.2869156976963248,0.16544813396069363,0.8682926478010885,0.12073261357191326,0.591461747325378,0.18292349465075608,0.47836745590276636,0.8665504166032607
zero-shot,Bottleneck-LiteASK,777,wenchuan,Wenchuan,0.4,0.08585283926273463,0.15812978731266464,0.12168667357260374,0.22573303893715949,0.1581297873122095,0.8906318578827247,0.11099492594322427,0.5740308320925401,0.14806166418508027,0.487674837815006,0.8894968363672773
zero-shot,Bottleneck-LiteASK,777,wenchuan,Wenchuan,0.5,0.08327072671960435,0.1537394571193989,0.1308865036035225,0.18626084204339077,0.15373945711891415,0.9066950765888343,0.10780523504950938,0.5636500730901479,0.12730014618029584,0.4945841276402179,0.9058975285608315
zero-shot,Bottleneck-LiteASK,777,wenchuan,Wenchuan,0.6,0.07697632836482167,0.14294896988440814,0.13944106055177355,0.14663793038485015,0.14294896988390846,0.9199914825096559,0.10104906576985814,0.5517481935691145,0.10349638713822906,0.4982151889637887,0.9194540495627557
zero-shot,Bottleneck-LiteASK,777,wenchuan,Wenchuan,0.7,0.06578097084426199,0.12344181899242086,0.15113702114651906,0.10432476017513055,0.12344181899193765,0.9325828980863764,0.09127605869362217,0.5381960100217775,0.07639202004355505,0.4990211558630049,0.9322613408817478
zero-shot,Bottleneck-LiteASK,777,jiuzhai_valley,Jiuzhai Valley,0.3,0.46185743521350997,0.6318775334559952,0.6713368829255055,0.5967992996694156,0.6318775334554969,0.834938697010153,0.5274833620041542,0.752929856135822,0.505859712271644,0.6347769338562068,0.8076964324989037
zero-shot,Bottleneck-LiteASK,777,jiuzhai_valley,Jiuzhai Valley,0.4,0.4245117096765644,0.5960101370777076,0.7249429962373849,0.5060142781060939,0.5960101370772235,0.8371689782766351,0.5106776901680997,0.7231281542284632,0.44625630845692643,0.6197263380185705,0.8149409663605767
zero-shot,Bottleneck-LiteASK,777,jiuzhai_valley,Jiuzhai Valley,0.5,0.37727543004775593,0.5478576351785702,0.7666520277844215,0.42621918173946677,0.5478576351781109,0.8330070914095464,0.4850412751715094,0.6929202123535687,0.3858404247071374,0.595742902054881,0.8142103740620061
zero-shot,Bottleneck-LiteASK,777,jiuzhai_valley,Jiuzhai Valley,0.6,0.3188441282572382,0.48352056384186776,0.8041640464663109,0.3456856778715394,0.48352056384144726,0.8247019733155327,0.4490631347869661,0.6597415695018378,0.31948313900367564,0.5639380387950139,0.8090319493327898
zero-shot,Bottleneck-LiteASK,777,jiuzhai_valley,Jiuzhai Valley,0.7,0.24694819608886112,0.396084130621354,0.842519872970035,0.2588985589965678,0.3960841306209944,0.8125971514866824,0.3989577046751216,0.6219181614878482,0.24383632297569635,0.5236371974921672,0.8003261988954734
zero-shot,Bottleneck-LiteASK,777,moxitaidi,Moxitaidi,0.3,0.2808332539595054,0.4385164939953756,0.33894178916899054,0.6209356873903745,0.43851649399491877,0.8325924620336416,0.3721628857464671,0.7392167460441865,0.47843349208837305,0.5508582162958713,0.8208831786322373
zero-shot,Bottleneck-LiteASK,777,moxitaidi,Moxitaidi,0.4,0.2922406172272302,0.45230062161997814,0.3862399762810197,0.5456210457195423,0.45230062161949286,0.8608819455516582,0.38263279736223293,0.7217996398001936,0.44359927960038714,0.5723220766333461,0.8524035360394618
zero-shot,Bottleneck-LiteASK,777,moxitaidi,Moxitaidi,0.5,0.2944111964631755,0.45489593610997653,0.43204437588168276,0.4802998080353049,0.4548959361094779,0.8788127042809312,0.3876252585713404,0.7030024705632338,0.4060049411264677,0.5833847783561895,0.8723583602492034
zero-shot,Bottleneck-LiteASK,777,moxitaidi,Moxitaidi,0.6,0.2857703599615109,0.4445122844021157,0.4823651667735151,0.4121680179127611,0.44451228440161883,0.8915468177016901,0.38629074750586645,0.6800613184262677,0.3601226368525354,0.5861987851334989,0.8866272103054867
zero-shot,Bottleneck-LiteASK,777,moxitaidi,Moxitaidi,0.7,0.26276359291569107,0.4161722659567278,0.5489069087167284,0.33513190547883215,0.41617226595625706,0.9010069555165816,0.37884297599865147,0.6513622746557868,0.30272454931157355,0.5800750275166165,0.897386462117542
zero-shot,Bottleneck-LiteASK,777,longxi_river,Longxi River,0.3,0.11016310963173598,0.198462926169974,0.17589434060278925,0.22767541907529723,0.19846292616948222,0.7328026622248153,0.04179427188333293,0.5231723929027835,0.046344785805567,0.4169123278221638,0.7236615460125916
zero-shot,Bottleneck-LiteASK,777,longxi_river,Longxi River,0.4,0.09822259747761557,0.17887557167957033,0.17218162628629965,0.1861110547230913,0.1788755716790711,0.751742792586549,0.03293565694474888,0.5170028628886616,0.03400572577732319,0.4215329180683294,0.7448432386590432
zero-shot,Bottleneck-LiteASK,777,longxi_river,Longxi River,0.5,0.08859320385228042,0.16276640996612785,0.1698481687222498,0.15625155707827443,0.16276640996562872,0.7664510221146166,0.02737090932400378,0.513215268291169,0.02643053658233807,0.42480950442543125,0.7610258049985821
zero-shot,Bottleneck-LiteASK,777,longxi_river,Longxi River,0.6,0.07904329031809018,0.14650624498075343,0.16792003586877716,0.12993628414730327,0.14650624498026157,0.7800386325238993,0.022853328146606025,0.5102429875150399,0.020485975030079873,0.42742471655148434,0.7758061427848785
zero-shot,Bottleneck-LiteASK,777,longxi_river,Longxi River,0.7,0.06847001846548502,0.12816460412023592,0.16725019871960561,0.1038867525751663,0.12816460411976324,0.7946482892996206,0.019625583391712255,0.5079788828388297,0.015957765677659497,0.4299856223797023,0.7915012262939195
zero-shot,Bottleneck-LiteASK,777,hokkaido_iburi_tobu,Hokkaido,0.3,0.08886786926471069,0.16322984959547254,0.1109357982690435,0.3087908292351826,0.16322984959508366,0.6754115842423349,0.017520953282303537,0.5130421855245109,0.026084371049021726,0.37683367970654696,0.6647994901483832
zero-shot,Bottleneck-LiteASK,777,hokkaido_iburi_tobu,Hokkaido,0.4,0.0822404587135944,0.15198185957924645,0.10815796342053816,0.2555107909166874,0.15198185957882857,0.7076624127411135,0.010497463684914011,0.5074130107030626,0.0148260214061251,0.3910193357482068,0.6997982127828192
zero-shot,Bottleneck-LiteASK,777,hokkaido_iburi_tobu,Hokkaido,0.5,0.07698689544640332,0.14296719072796665,0.1067919477449505,0.2162058511924987,0.14296719072752406,0.7342394394373315,0.007198396265989239,0.5048121604571509,0.009624320914301876,0.40260088876396316,0.728214882081523
zero-shot,Bottleneck-LiteASK,777,hokkaido_iburi_tobu,Hokkaido,0.6,0.07143059798031576,0.13333686403013867,0.10596433467653267,0.1797764032363724,0.13333686402967204,0.7603955950055804,0.005202086719607957,0.5032503358678206,0.0065006717356412835,0.4136634774458511,0.7558963569113863
zero-shot,Bottleneck-LiteASK,777,hokkaido_iburi_tobu,Hokkaido,0.7,0.0645841680881523,0.12133219716039295,0.10617246800923802,0.14154215094646924,0.12133219715990315,0.7898175427213191,0.004783748164301353,0.5027086321415274,0.005417264283054779,0.42565334773980934,0.7867225273914663
zero-shot,Bottleneck-LiteASK,777,lombok,Lombok,0.3,0.05272989546762922,0.1001774447456083,0.05804568739554292,0.3653948851836468,0.10017744474537173,0.7986769369982798,0.07766156641468895,0.5888905282816406,0.17778105656328114,0.42456255029463186,0.7963952051216345
zero-shot,Bottleneck-LiteASK,777,lombok,Lombok,0.4,0.052418089095213984,0.09961457264627392,0.059591633984115114,0.30335160596835076,0.09961457264599945,0.8318116074308343,0.07214866590900856,0.5759419599508733,0.15188391990174654,0.44132510492548377,0.8302321207557536
zero-shot,Bottleneck-LiteASK,777,lombok,Lombok,0.5,0.05258449149430466,0.0999150033450577,0.06172181330398294,0.26210352870294723,0.09991500334474918,0.8551662340076691,0.06968967787223816,0.5680172635654775,0.1360345271309551,0.4532885059785946,0.8539925204628845
zero-shot,Bottleneck-LiteASK,777,lombok,Lombok,0.6,0.05190964368467889,0.0986960125260328,0.06336197063337343,0.2231193715795864,0.0986960125256883,0.8750163787001863,0.06597459699778518,0.5593810289223828,0.11876205784476568,0.46303242841336356,0.8741552131420482
zero-shot,Bottleneck-LiteASK,777,lombok,Lombok,0.7,0.05026145607032789,0.09571227389108769,0.06497622562146486,0.18162938349255325,0.09571227389069956,0.8947385735468033,0.06092786717170915,0.5494655224758701,0.09893104495174021,0.47220518896929753,0.8941489218682671
zero-shot,Bottleneck-LiteASK,777,palu,Palu,0.3,0.02162693506756476,0.042338224111396344,0.02261600207528825,0.33088947722461876,0.04233822411127658,0.8187950629207467,0.04458994588197476,0.5778315922353794,0.15566318447075878,0.41984662814878176,0.8180663212299988
zero-shot,Bottleneck-LiteASK,777,palu,Palu,0.4,0.024945966787223182,0.048677623202749605,0.02662461935436008,0.28349347996469987,0.04867762320259265,0.8658628802258644,0.05107212630168195,0.578246267459138,0.15649253491827597,0.44517346573250277,0.8654009646777824
zero-shot,Bottleneck-LiteASK,777,palu,Palu,0.5,0.028828800773493608,0.05604197851346998,0.03172591731890255,0.23994840748214935,0.0560419785132637,0.9021491397404758,0.0569585071019431,0.5751059752157366,0.15021195043147317,0.46534644448675033,0.9018640882000071
zero-shot,Bottleneck-LiteASK,777,palu,Palu,0.6,0.033653779828956065,0.06511615491702634,0.03905517823166114,0.19571214337289172,0.06511615491674898,0.9319709768493727,0.06262665571470084,0.5683525042628623,0.13670500852572465,0.48273160096954276,0.9318094221101294
zero-shot,Bottleneck-LiteASK,777,palu,Palu,0.7,0.03892672036247967,0.07493641197118928,0.05041409368496469,0.14590931812711755,0.07493641197080757,0.956391688221963,0.06675017333176789,0.5561162034707208,0.11223240694144154,0.4976206238118783,0.956314527261277
zero-shot,ResUNet,42,wenchuan,Wenchuan,0.3,0.09543095910064352,0.1742345481617445,0.1275795206361651,0.2746851945350826,0.17423454816131134,0.8815263040949789,0.12979295569758706,0.5925702820599237,0.18514056411984736,0.4877288688994695,0.8800267786982955
zero-shot,ResUNet,42,wenchuan,Wenchuan,0.4,0.09311999103987256,0.17037469226281113,0.13688750262972552,0.22555218121943316,0.17037469226234106,0.9000487595461728,0.12483976098970406,0.5788776241712155,0.15775524834243093,0.49606614864174353,0.8990123062436145
zero-shot,ResUNet,42,wenchuan,Wenchuan,0.5,0.08838744497354692,0.16241908225190002,0.147023976743902,0.1814153623559732,0.1624190822514055,0.9148611004432935,0.11881233517531542,0.5656204845430636,0.13124096908612715,0.5012699440671333,0.9141524431607196
zero-shot,ResUNet,42,wenchuan,Wenchuan,0.6,0.07920977005395263,0.14679216636445522,0.1535347551342812,0.1406168755322115,0.14679216636395617,0.9256204326501053,0.10809987090464072,0.55182982819903,0.10365965639806007,0.5021756137310622,0.9251414574081718
zero-shot,ResUNet,42,wenchuan,Wenchuan,0.7,0.0670527715046723,0.12567845432821445,0.16302819862791507,0.1022524321595165,0.12567845432774066,0.9352636444434691,0.09665819403223236,0.5386135124398264,0.07722702487965272,0.5010069035864285,0.9349610356681847
zero-shot,ResUNet,42,jiuzhai_valley,Jiuzhai Valley,0.3,0.5688558465958219,0.7251856157850989,0.7038863890235292,0.7478140707704678,0.7251856157845994,0.8654630842892932,0.6367334896909725,0.8249479098308546,0.6498958196617093,0.7026416361679692,0.8364274257401163
zero-shot,ResUNet,42,jiuzhai_valley,Jiuzhai Valley,0.4,0.5644795417572622,0.7216195887396838,0.7510248797521045,0.6944301811513446,0.7216195887391844,0.8728206792260021,0.6401916794069923,0.8113877616430087,0.6227755232860175,0.7060993023002307,0.8477190628431991
zero-shot,ResUNet,42,jiuzhai_valley,Jiuzhai Valley,0.5,0.5445540534194181,0.7051278680909284,0.791807402841757,0.6355535205047713,0.7051278680904344,0.873824354727057,0.6322089388056296,0.7917702505051896,0.5835405010103791,0.6979807189478264,0.8514073844762348
zero-shot,ResUNet,42,jiuzhai_valley,Jiuzhai Valley,0.6,0.5101430794402815,0.6756221796273246,0.825992551337727,0.5715691109495569,0.6756221796268412,0.86972125733452,0.6133227824664998,0.7670456303602935,0.534091260720587,0.6797071936123711,0.8492713077844608
zero-shot,ResUNet,42,jiuzhai_valley,Jiuzhai Valley,0.7,0.458241797155321,0.6284853417989259,0.8595840818147558,0.4953190649482668,0.628485341798462,0.8609972474947257,0.5821303272390262,0.7350674592339528,0.47013491846790556,0.6503591619656883,0.8424765267760557
zero-shot,ResUNet,42,moxitaidi,Moxitaidi,0.3,0.25094987667540314,0.40121491892599576,0.30871085271045995,0.5728747082816942,0.4012149189255407,0.819975810148278,0.32660889520004727,0.7109632715821779,0.42192654316435574,0.5296855507453462,0.8084212248152893
zero-shot,ResUNet,42,moxitaidi,Moxitaidi,0.4,0.2597753718988578,0.4124153840335817,0.3434174452314832,0.5161099493319687,0.4124153840331018,0.8451700015943877,0.33639129414410235,0.6999999826553871,0.3999999653107742,0.5480245521522703,0.8362737324056829
zero-shot,ResUNet,42,moxitaidi,Moxitaidi,0.5,0.26195772405158685,0.4151608553265267,0.3789917957310446,0.45896185256283223,0.4151608553260313,0.8638636997767857,0.34090939331886916,0.6852348798262851,0.3704697596525701,0.5594546877915219,0.8569516515314567
zero-shot,ResUNet,42,moxitaidi,Moxitaidi,0.6,0.25655168638003717,0.408342432962912,0.412026469869084,0.4047236921111088,0.40834243296241207,0.8765241973254145,0.3394348695475438,0.6683819819258667,0.33676396385173346,0.5637902458745063,0.8710288053689755
zero-shot,ResUNet,42,moxitaidi,Moxitaidi,0.7,0.24083329047627738,0.3881799308976256,0.44620164164447224,0.34351150457136265,0.38817993089713404,0.8859988465601084,0.3298906087445603,0.646672021048422,0.29334404209684406,0.5612772931608131,0.8817212958453488
zero-shot,ResUNet,42,longxi_river,Longxi River,0.3,0.12905353686522475,0.22860481394626705,0.18722664265401587,0.2934615043276081,0.2286048139457915,0.7122505846114966,0.06462071516618698,0.5384510739344386,0.07690214786887717,0.4142443780702807,0.6994352192753366
zero-shot,ResUNet,42,longxi_river,Longxi River,0.4,0.12256448057866394,0.2183651499742517,0.19103523435382513,0.2548202949225785,0.2183651499737619,0.7349508852242662,0.06364403359431504,0.5356943487382774,0.07138869747655474,0.42366253982029933,0.7247605990619347
zero-shot,ResUNet,42,longxi_river,Longxi River,0.5,0.1163271927987351,0.20841056913984532,0.19753260601886305,0.2205564362339014,0.20841056913934683,0.7565713218225839,0.06523436054516207,0.5341225302548056,0.06824506050961121,0.4324197855550368,0.7485123783113384
zero-shot,ResUNet,42,longxi_river,Longxi River,0.6,0.10965218721607185,0.19763343591683535,0.20466165799952452,0.19107189562001536,0.19763343591633595,0.7745859554400459,0.06674050293973957,0.5324247749213034,0.06484954984260671,0.4389008447958842,0.7681495023756966
zero-shot,ResUNet,42,longxi_river,Longxi River,0.7,0.10103891822141813,0.18353378168436235,0.21317201717625997,0.16113103146065644,0.183533781683872,0.7917077305217901,0.06765798979982522,0.530015325201938,0.060030650403875896,0.4438767052016633,0.7867144921819085
zero-shot,ResUNet,42,hokkaido_iburi_tobu,Hokkaido,0.3,0.08300737001678136,0.15329049887351212,0.10451578270211763,0.28742321357867545,0.153290498873121,0.6744609740223846,0.004111398220621639,0.5030492697310869,0.006098539462173758,0.3737920078172461,0.6645766456177108
zero-shot,ResUNet,42,hokkaido_iburi_tobu,Hokkaido,0.4,0.07644728381596377,0.1420362798352022,0.1011288891670726,0.23851899336927965,0.142036279834784,0.7045699785340507,-0.002600217932897957,0.49816481134274654,-0.003670377314506923,0.3868058162895124,0.697164348763061
zero-shot,ResUNet,42,hokkaido_iburi_tobu,Hokkaido,0.5,0.07122725448650975,0.1329825285684173,0.100793012368791,0.19537939602638169,0.13298252856796833,0.7387994730247641,-0.0028444854718528163,0.4981289982948224,-0.0037420034103552435,0.40234378539783167,0.7334603163091535
zero-shot,ResUNet,42,hokkaido_iburi_tobu,Hokkaido,0.6,0.06544185401329673,0.122844533968308,0.10009572834367234,0.15897481979034744,0.12284453396783385,0.7672385244035336,-0.0035327308799577095,0.497850033350995,-0.004299933298010039,0.41441187255231743,0.7633818910913381
zero-shot,ResUNet,42,hokkaido_iburi_tobu,Hokkaido,0.7,0.059135561043694176,0.11166759613929073,0.10117729156804864,0.12458485288176988,0.11166759613879611,0.7967757150490651,-0.0016894769659618807,0.49907509493117175,-0.0018498101376565046,0.4266409403200948,0.7941463195964954
zero-shot,ResUNet,42,lombok,Lombok,0.3,0.05253596319202316,0.09982739788329413,0.05965890356513324,0.30556531820401756,0.0998273978830208,0.8309853929992116,0.07258031514693437,0.5765876165455756,0.1531752330911511,0.44096120893311347,0.8293864546742038
zero-shot,ResUNet,42,lombok,Lombok,0.4,0.052576806440039855,0.09990113047970699,0.06097567118573376,0.2762575939458394,0.09990113047941075,0.8473213965739679,0.07060791907556678,0.5708238499996725,0.141647699999345,0.4492967646268394,0.8460167228136389
zero-shot,ResUNet,42,lombok,Lombok,0.5,0.05248824462631944,0.09974124631663724,0.06223740922508557,0.25098019526311227,0.0997412463163188,0.8610443675189937,0.06878053621612107,0.5656636305412146,0.1313272610824292,0.4562273471058749,0.8599664495854304
zero-shot,ResUNet,42,lombok,Lombok,0.6,0.05242109033103262,0.09961999205953558,0.0636959370904325,0.2284824888515626,0.09961999205919463,0.8733292325921015,0.06734392879404433,0.5611074777897073,0.12221495557941453,0.46242820262179307,0.8724353149125536
zero-shot,ResUNet,42,lombok,Lombok,0.7,0.0520694259012016,0.09898477157360407,0.06532777799683678,0.20417729781047886,0.09898477157323678,0.8859972472584575,0.06544866344291844,0.5558738138344348,0.11174762766886959,0.46867413759945503,0.8852788492977085
zero-shot,ResUNet,42,palu,Palu,0.3,0.01833949284130112,0.036018426016517384,0.01907199561804439,0.32318145631607204,0.03601842601641215,0.7905897236220548,0.03236271629690351,0.559749328227956,0.11949865645591196,0.40405336915340506,0.789767245465509
zero-shot,ResUNet,42,palu,Palu,0.4,0.019626207440603574,0.038496867376267126,0.020623729812030922,0.28864656039595404,0.038496867376142656,0.8254582791462668,0.035181266733391656,0.5603413822570923,0.12068276451418458,0.4222362348858893,0.824846262331175
zero-shot,ResUNet,42,palu,Palu,0.5,0.02140454800129353,0.0419119888259327,0.0228564680519309,0.25203191824190474,0.04191198882578023,0.8605141236995104,0.038586252079330585,0.5600010974586734,0.12000219491734687,0.44074590343810405,0.8600872588749146
zero-shot,ResUNet,42,palu,Palu,0.6,0.02371001052511579,0.046321732290091906,0.02587547540480837,0.22076783984102594,0.0463217322899041,0.8899574980157972,0.04273445907515294,0.5594626906024308,0.11892538120486162,0.4566863174280296,0.8896626243309435
zero-shot,ResUNet,42,palu,Palu,0.7,0.02675084393548582,0.05210776128111304,0.030304769499689875,0.1857392356161171,0.05210776128087184,0.9181972769803779,0.0471127525599006,0.5564559135837683,0.11291182716753667,0.4723818889778003,0.9180129340201149
zero-shot,ResUNet,2026,wenchuan,Wenchuan,0.3,0.11105258558177657,0.19990518364821858,0.13923158474541136,0.3543002690258551,0.19990518364781354,0.8709514489334621,0.16275201981254758,0.6249406441709271,0.2498812883418542,0.48994474361017193,0.8688369016385673
zero-shot,ResUNet,2026,wenchuan,Wenchuan,0.4,0.1102674774869232,0.19863227505593928,0.1523483397447247,0.2853105854515038,0.19863227505548542,0.8952475558505969,0.1564772153765402,0.604817395661788,0.2096347913235761,0.5020686084373394,0.8938697393877556
zero-shot,ResUNet,2026,wenchuan,Wenchuan,0.5,0.10401920419615916,0.18843730942505835,0.16348838755429485,0.22237209968274543,0.18843730942457004,0.9128435113456812,0.14541629531213612,0.5840657319566954,0.16813146391339084,0.5079859056241113,0.9119526070520635
zero-shot,ResUNet,2026,wenchuan,Wenchuan,0.6,0.09238273142382732,0.1691398605384659,0.17059653211093564,0.16770785449996609,0.16913986053796595,0.9250279115826896,0.12989083306910648,0.5644191992614529,0.1288383985229058,0.5084170616716551,0.924451391919483
zero-shot,ResUNet,2026,wenchuan,Wenchuan,0.7,0.07924338405067788,0.14684988617350997,0.18665241188569834,0.12103902758833769,0.14684988617303268,0.9360056673542837,0.11809818830085969,0.5479477151024507,0.09589543020490132,0.5074473232553194,0.9356512624599609
zero-shot,ResUNet,2026,jiuzhai_valley,Jiuzhai Valley,0.3,0.5159854402802948,0.6807261159248242,0.6381381744522424,0.7294050054264163,0.6807261159243264,0.83758831297798,0.5747699661183854,0.8003328745527256,0.6006657491054512,0.6597828661395758,0.8035802919988568
zero-shot,ResUNet,2026,jiuzhai_valley,Jiuzhai Valley,0.4,0.5173372800700499,0.681901495290706,0.6966415223087512,0.6677723033349373,0.6819014952902063,0.8521143814280063,0.5858437902279635,0.7886318988249822,0.5772637976499644,0.670797379889619,0.8242574797091881
zero-shot,ResUNet,2026,jiuzhai_valley,Jiuzhai Valley,0.5,0.5013814909107328,0.6678935286548611,0.7456881039279024,0.6047974919055088,0.6678935286543665,0.8572297765031646,0.5833633295690072,0.7702988474326908,0.5405976948653817,0.6673396356572914,0.8332977804038499
zero-shot,ResUNet,2026,jiuzhai_valley,Jiuzhai Valley,0.6,0.46676292154360993,0.6364531236614466,0.7880806464686334,0.5337576127795403,0.6364531236609651,0.8552576456190665,0.566515604708186,0.7445416308451489,0.4890832616902978,0.6505106752929155,0.834258429042221
zero-shot,ResUNet,2026,jiuzhai_valley,Jiuzhai Valley,0.7,0.41326692223109807,0.5848391634025953,0.8301798401334134,0.45142949443019853,0.5848391634021389,0.8478656031612606,0.536385177785281,0.7113436075535934,0.42268721510718676,0.6214369213309384,0.8296069204307788
zero-shot,ResUNet,2026,moxitaidi,Moxitaidi,0.3,0.24513172298656058,0.39374424161098404,0.30758278293303315,0.5469615449460635,0.3937442416105233,0.8226726298429528,0.3163496291661969,0.7010383471611562,0.4020766943223124,0.5284845708435937,0.8118374187006269
zero-shot,ResUNet,2026,moxitaidi,Moxitaidi,0.4,0.2523190352617921,0.4029628683381721,0.3427127547525332,0.48891603541142264,0.4029628683376875,0.8474725840043048,0.32522842977525607,0.6892897216603178,0.37857944332063553,0.5457572431237752,0.8391954509857583
zero-shot,ResUNet,2026,moxitaidi,Moxitaidi,0.5,0.2524373659719219,0.4031137569518686,0.3757707491894319,0.43474827187406645,0.40311375695137125,0.8644563636001276,0.32822384736403726,0.6748838786229274,0.34976775724585485,0.5551961305650521,0.8579548951581822
zero-shot,ResUNet,2026,moxitaidi,Moxitaidi,0.6,0.24473255907448668,0.39322914354623467,0.40750357234409224,0.379920906996211,0.3932291435457353,0.8765618149115115,0.324862137535608,0.6574608650628485,0.314921730125697,0.5580756782590367,0.8714187974435867
zero-shot,ResUNet,2026,moxitaidi,Moxitaidi,0.7,0.22814674411391894,0.3715301045373398,0.44230772372933697,0.32027933968877464,0.37153010453685265,0.8859233622648278,0.3154590753296798,0.6363806028033621,0.2727612056067241,0.5550446567852354,0.8819425694565519
zero-shot,ResUNet,2026,longxi_river,Longxi River,0.3,0.11607762839911966,0.20800995458643712,0.19541488289713368,0.22234045997748916,0.20800995458593918,0.7540052371284071,0.06329875406277351,0.5333617617769999,0.0667235235539998,0.43093544818673896,0.7457932679743583
zero-shot,ResUNet,2026,longxi_river,Longxi River,0.4,0.10644840824204689,0.1924145896891384,0.19612646319179977,0.1888406076954604,0.19241458968863862,0.7696874453998602,0.0581772181006228,0.5286331750666684,0.05726635013333681,0.4348192460355217,0.7631900838289964
zero-shot,ResUNet,2026,longxi_river,Longxi River,0.5,0.09653453653991036,0.17607204027430431,0.19506291839026493,0.16045090805869058,0.17607204027380904,0.7818210833369733,0.0520341488259526,0.5239494302855697,0.04789886057113946,0.43657398980944223,0.7766134430789741
zero-shot,ResUNet,2026,longxi_river,Longxi River,0.6,0.08602341727959399,0.1584190836235854,0.1950853589099191,0.13335501988614393,0.15841908362310309,0.7941411661263853,0.046921176132744845,0.5199116929011468,0.03982338580229361,0.4380485871152101,0.7900737569508263
zero-shot,ResUNet,2026,longxi_river,Longxi River,0.7,0.07493477875284302,0.13942200072786476,0.20170118850678112,0.10652906722266559,0.13942200072741243,0.8089272252286965,0.046148521870013226,0.5174285641863362,0.03485712837267241,0.4404290598661772,0.8059233409795113
zero-shot,ResUNet,2026,hokkaido_iburi_tobu,Hokkaido,0.3,0.07980732094076637,0.14781770672055716,0.10136194600583902,0.2728852920280922,0.1478177067201622,0.6774120073755475,-0.0023685130390294256,0.4982547757153233,-0.0034904485693534326,0.373967140404257,0.6681269598677476
zero-shot,ResUNet,2026,hokkaido_iburi_tobu,Hokkaido,0.4,0.0699473068685386,0.13074906851862908,0.09466090254425526,0.21130692464791473,0.13074906851820176,0.7119404260681645,-0.01412449305048243,0.490219316465357,-0.019561367069286018,0.3877544575941017,0.7055616083196649
zero-shot,ResUNet,2026,hokkaido_iburi_tobu,Hokkaido,0.5,0.060628776166919876,0.11432610076077783,0.0877724428649742,0.16391506548282628,0.1143261007603236,0.7396189645936868,-0.023667545057128304,0.48465059561437557,-0.030698808771248864,0.39789855892459314,0.7351683416822664
zero-shot,ResUNet,2026,hokkaido_iburi_tobu,Hokkaido,0.6,0.05280624371522452,0.10031521760144155,0.08335740800730737,0.1259347454319275,0.10031521760096224,0.768403950405892,-0.027052880840601798,0.483866490151341,-0.032267019697318045,0.40909041086478304,0.7653745780143415
zero-shot,ResUNet,2026,hokkaido_iburi_tobu,Hokkaido,0.7,0.046263648441455876,0.08843592819146785,0.08325353361645706,0.09430634176711966,0.08843592819096978,0.8006751787951693,-0.023029912641254414,0.4878377799986512,-0.024324440002697623,0.42249638893894237,0.7987291294364288
zero-shot,ResUNet,2026,lombok,Lombok,0.3,0.05087474587508983,0.0968236149451382,0.05712792437728196,0.31730483958573913,0.09682361494487962,0.818443368334289,0.06953223920271094,0.5758022255142854,0.15160445102857079,0.43376694361603574,0.8166591413569816
zero-shot,ResUNet,2026,lombok,Lombok,0.4,0.05195275279510703,0.09877392811999432,0.05965433017218966,0.28694274929366603,0.09877392811970934,0.839405444783902,0.06992991946396329,0.5719141781795911,0.14382835635918223,0.44496616505545306,0.8379795773157991
zero-shot,ResUNet,2026,lombok,Lombok,0.5,0.05278419169015358,0.10027542606887581,0.06205563915811082,0.26106285573442756,0.10027542606856549,0.8563173626540997,0.07006065145055555,0.5681071661872112,0.1362143323744225,0.4539709149290803,0.855157638168007
zero-shot,ResUNet,2026,lombok,Lombok,0.6,0.05324587374932382,0.10110815542012087,0.06437874844757323,0.23542030864169355,0.10110815541978363,0.8716164685170585,0.0694845736097221,0.5635831515111906,0.1271663030223813,0.46196431343585626,0.8706827531223887
zero-shot,ResUNet,2026,lombok,Lombok,0.7,0.05412610312154582,0.10269379149470662,0.06807257307933053,0.2089789994020695,0.10269379149433597,0.8879934888367259,0.06993647108722265,0.5592284024259896,0.11845680485197918,0.4706985337260394,0.887270964330533
zero-shot,ResUNet,2026,palu,Palu,0.3,0.01707839480090085,0.03358324174066061,0.017800278920587706,0.29632989588926123,0.0335832417405537,0.7935452595480799,0.02616229735951117,0.547983939452976,0.09596787890595193,0.4049401990415866,0.7928020032822723
zero-shot,ResUNet,2026,palu,Palu,0.4,0.01968686413795597,0.03861354859091817,0.020863701399688957,0.2587216657718204,0.03861354859078007,0.8440452398255814,0.03365944504902992,0.5549696399290885,0.10993927985817709,0.431621065959761,0.8435552677815661
zero-shot,ResUNet,2026,palu,Palu,0.5,0.023030922779005272,0.045024881000552915,0.025016716254790048,0.2248903041860293,0.04502488100037274,0.8845170766954177,0.04125767544087861,0.5587451217913341,0.11749024358266813,0.45361637659194004,0.8842018304048748
zero-shot,ResUNet,2026,palu,Palu,0.6,0.027307246250007813,0.05316276381713024,0.030938200474198273,0.188757027629151,0.05316276381688826,0.9186086106037714,0.04863236445220752,0.5581545070340167,0.1163090140680334,0.4728647269829786,0.9184222077159494
zero-shot,ResUNet,2026,palu,Palu,0.7,0.0345554230260307,0.06680245882807816,0.04320973111488464,0.1471435888890946,0.06680245882772722,0.9502343092583384,0.058977615046012774,0.5536093618737269,0.10721872374745378,0.49235046509531305,0.9501455071645954
zero-shot,ResUNet,777,wenchuan,Wenchuan,0.3,0.11483402437992464,0.20601097897742368,0.14636506093653845,0.34770649806708315,0.20601097897700674,0.878044557035639,0.16848904252002805,0.6255165502160533,0.2510331004321067,0.495459023735455,0.8760840230909853
zero-shot,ResUNet,777,wenchuan,Wenchuan,0.4,0.11430535475935796,0.20515984109946775,0.1620793503013773,0.27943270962539846,0.2051598410990031,0.9014789709884129,0.16320754214168565,0.6052827997441939,0.2105655994883877,0.5072577560610535,0.9002101573627491
zero-shot,ResUNet,777,wenchuan,Wenchuan,0.5,0.10985825090779278,0.19796807532481878,0.17400591709217184,0.22958380117708233,0.19796807532432825,0.9153548679994733,0.15583342075582504,0.5888152246331142,0.1776304492662284,0.5121597645020084,0.9144612780962241
zero-shot,ResUNet,777,wenchuan,Wenchuan,0.6,0.10264057918582492,0.1861723232816506,0.1885388413658808,0.18386447728351707,0.1861723232811507,0.9268558802229635,0.1478985353634582,0.5730699602886173,0.14613992057723468,0.5144396763879261,0.9262387735900273
zero-shot,ResUNet,777,wenchuan,Wenchuan,0.7,0.08972688610831141,0.16467775045681157,0.2051852851232236,0.13752722285438693,0.16467775045633104,0.9365148651465941,0.13589952023243754,0.556065539722084,0.11213107944416789,0.5129209855423082,0.9361150849763051
zero-shot,ResUNet,777,jiuzhai_valley,Jiuzhai Valley,0.3,0.5988770216279513,0.749122056952428,0.7132427160327467,0.7888023919976503,0.7491220569519292,0.8745889887427479,0.6673026926382721,0.8450463786573077,0.6900927573146154,0.7222873091105413,0.8456975965931313
zero-shot,ResUNet,777,jiuzhai_valley,Jiuzhai Valley,0.4,0.5966547555983627,0.7473810521733738,0.7556386203292975,0.7393020094057883,0.7473810521728738,0.8813676098529799,0.6699437150662526,0.8324440157274773,0.6648880314549546,0.7263863340746683,0.8561179125509741
zero-shot,ResUNet,777,jiuzhai_valley,Jiuzhai Valley,0.5,0.582327003315901,0.7360387607562598,0.7874357617554003,0.6909401587443765,0.7360387607557619,0.8823647543347838,0.663108709501582,0.8164432420839363,0.6328864841678725,0.7208067260655957,0.8592864488152904
zero-shot,ResUNet,777,jiuzhai_valley,Jiuzhai Valley,0.6,0.5546443919666938,0.7135321682986862,0.8187358094744439,0.6322863873676638,0.7135321682981944,0.8794870574564874,0.6473658657673925,0.7943577565355835,0.588715513071167,0.7064250218290469,0.8582056516914
zero-shot,ResUNet,777,jiuzhai_valley,Jiuzhai Valley,0.7,0.503417702418764,0.6696977182174237,0.8534425750654924,0.5510561809416481,0.6696977182169468,0.8709713397448576,0.6160445548835062,0.7608011132113637,0.5216022264227274,0.6774857944288887,0.8515538864390134
zero-shot,ResUNet,777,moxitaidi,Moxitaidi,0.3,0.25862173660856985,0.41096022591416753,0.30496715335157254,0.6298778702271336,0.4109602259137279,0.8099015839245854,0.34296535117008936,0.7304812904333327,0.4609625808666653,0.5275109228015973,0.7964001089946247
zero-shot,ResUNet,777,moxitaidi,Moxitaidi,0.4,0.27010200030189657,0.42532332086351293,0.3382841040213975,0.5726688416749733,0.42532332086304603,0.8370759302256059,0.3535525878657167,0.7204285833702335,0.44085716674046704,0.5483624449605329,0.8266228896191691
zero-shot,ResUNet,777,moxitaidi,Moxitaidi,0.5,0.2727277530536822,0.42857202162728175,0.36492752634743936,0.5191056634021823,0.42857202162679703,0.8542626828563457,0.35505364603771256,0.7064028909211681,0.4128057818423363,0.5592826008858425,0.8458374487180028
zero-shot,ResUNet,777,moxitaidi,Moxitaidi,0.6,0.2681274464419297,0.4228714506483286,0.3916650026120615,0.459481251645306,0.4228714506478317,0.8679588473573023,0.35027501362339203,0.6877525297020118,0.3755050594040237,0.5646870979336375,0.8612467494253452
zero-shot,ResUNet,777,moxitaidi,Moxitaidi,0.7,0.2530545403386393,0.403900280781475,0.4219667596454775,0.38731731557043686,0.403900280780976,0.8796381113480548,0.3374805331199624,0.6624430469343879,0.32488609386877587,0.5637880132625828,0.8745214861865263
zero-shot,ResUNet,777,longxi_river,Longxi River,0.3,0.14257855149945167,0.2495733029686933,0.21386803215685316,0.29958982888370345,0.24957330296820723,0.7382365705106205,0.09837132726594759,0.5561960335339523,0.11239206706790461,0.43445127494156627,0.7263239983836809
zero-shot,ResUNet,777,longxi_river,Longxi River,0.4,0.13461617941365012,0.23728937037230938,0.21739103115996525,0.26119741647056216,0.23728937037181355,0.7560380198323308,0.09409008660326479,0.5506767561883126,0.10135351237662515,0.4405153269193945,0.7464144744251389
zero-shot,ResUNet,777,longxi_river,Longxi River,0.5,0.1263942828590576,0.22442280608569626,0.21925240237736376,0.22984295591629347,0.22442280608519655,0.7691866109927241,0.08896417857395364,0.5453563638537186,0.0907127277074371,0.4438033698444164,0.7612124568297751
zero-shot,ResUNet,777,longxi_river,Longxi River,0.6,0.11801562466363144,0.21111623497952076,0.22407324599257036,0.19957578686871957,0.21111623497902243,0.7832939708575654,0.08619167660680778,0.5410480778132877,0.08209615562657535,0.44741908519082885,0.7768225457180262
zero-shot,ResUNet,777,longxi_river,Longxi River,0.7,0.10720250477681725,0.19364570494432984,0.2333222723605685,0.16550200706865303,0.19364570494384434,0.7997405323357628,0.08467687647195692,0.5365284512823607,0.07305690256472142,0.45100446376982295,0.7948064227628286
zero-shot,ResUNet,777,hokkaido_iburi_tobu,Hokkaido,0.3,0.10011185557844766,0.1820030482733195,0.12642407951594375,0.32478695566535665,0.18200304827291616,0.7006814550518026,0.047111434414475004,0.5342048903370634,0.06840978067412684,0.3952414965145129,0.6903711374505781
zero-shot,ResUNet,777,hokkaido_iburi_tobu,Hokkaido,0.4,0.09347968307043687,0.17097653393605,0.1266349483958627,0.26310268289640004,0.1709765339356113,0.7384121218781587,0.041350180542312945,0.5279065605908038,0.05581312118160753,0.41231996083188244,0.731160238593328
zero-shot,ResUNet,777,hokkaido_iburi_tobu,Hokkaido,0.5,0.08503675314330966,0.15674446583852844,0.1235133055599842,0.21443915675241126,0.15674446583806467,0.7634444738012761,0.03219695923181406,0.5203004018832159,0.040600803766431826,0.4215817629516767,0.7581267727600438
zero-shot,ResUNet,777,hokkaido_iburi_tobu,Hokkaido,0.6,0.07518255339125152,0.13985076888406894,0.12020659476330448,0.1671696504039047,0.1398507688835823,0.7891719437673728,0.023769240980516543,0.5136988915868882,0.02739778317377639,0.43033903555895736,0.7854955177266633
zero-shot,ResUNet,777,hokkaido_iburi_tobu,Hokkaido,0.7,0.06446568212547622,0.12112308213967801,0.11955322281652188,0.12273471783234134,0.12112308213917809,0.8173874600556983,0.01925297684006896,0.5097388980688197,0.019477796137639336,0.43976298196966607,0.8150602818138559
zero-shot,ResUNet,777,lombok,Lombok,0.3,0.058451516088040646,0.11044722445875116,0.06688160459579175,0.3168164535873549,0.11044722445846332,0.8434803813969324,0.08658666657837975,0.5884803564638913,0.1769607129277826,0.4501980548153155,0.8419445935425903
zero-shot,ResUNet,777,lombok,Lombok,0.4,0.05754265657689656,0.1088233296671991,0.06744417915147062,0.2815841963768149,0.10882332966688732,0.8585528452462012,0.08173213612158835,0.5791962915152756,0.15839258303055126,0.4574316475436814,0.8573206385104661
zero-shot,ResUNet,777,lombok,Lombok,0.5,0.05610244380858012,0.1062443215380889,0.06722209568853976,0.25326237282565534,0.10624432153775738,0.8693143512130878,0.07662473832581085,0.5710344395772109,0.1420688791544218,0.46219686964354056,0.868291295478501
zero-shot,ResUNet,777,lombok,Lombok,0.6,0.05514448775731263,0.10452499803988187,0.0677884054748158,0.228185805768432,0.10452499803952872,0.8800870562912128,0.07304351065399126,0.564449651943873,0.12889930388774595,0.4671932115034912,0.8792419352496698
zero-shot,ResUNet,777,lombok,Lombok,0.7,0.05392372360612901,0.10232946160775731,0.06876851127715641,0.1998731109275226,0.10232946160737641,0.8924489152540854,0.06912398284036526,0.5571177143764945,0.11423542875298898,0.4728546359939594,0.8917855483817898
zero-shot,ResUNet,777,palu,Palu,0.3,0.02320146703666451,0.04535073059240078,0.0243010833567467,0.33894926530032893,0.045350730592275935,0.8272564630029835,0.05026500820627529,0.5860946469290846,0.17218929385816928,0.42487311279325224,0.82654475854984
zero-shot,ResUNet,777,palu,Palu,0.4,0.02490588575302349,0.04860131276292656,0.02654240511013316,0.2877208573244713,0.048601312762771916,0.863637973220433,0.05130791926347877,0.5792079704866085,0.1584159409732171,0.4440336275190957,0.863161369285168
zero-shot,ResUNet,777,palu,Palu,0.5,0.02653836745113958,0.051704579765554134,0.02889222056605937,0.24570628058677232,0.05170457976536585,0.8908965578861306,0.05200233529275947,0.5722544004107407,0.14450880082148143,0.4585547220558782,0.8905710766606169
zero-shot,ResUNet,777,palu,Palu,0.6,0.028853854267297488,0.05608931559642332,0.0324947291420424,0.20478403347342305,0.05608931559618693,0.9165638208097461,0.053582385126067104,0.5650348919585956,0.13006978391719115,0.4726051620693857,0.9163564698714739
zero-shot,ResUNet,777,palu,Palu,0.7,0.03220871659560303,0.062407371838193275,0.03862415925164407,0.16241768956856065,0.062407371837882857,0.9409228993746175,0.056160463121449185,0.5564400756458047,0.11288015129160933,0.4865076171243515,0.9408065176531
zero-shot,DeepLabV3+,42,wenchuan,Wenchuan,0.3,0.105540027274674,0.19092936423992965,0.14425180232916385,0.2822661472031108,0.19092936423948204,0.8911479135577598,0.1481376819730646,0.6012202037769976,0.20244040755399517,0.4976358388932078,0.8897316505117415
zero-shot,DeepLabV3+,42,wenchuan,Wenchuan,0.4,0.10531815259023176,0.1905662226634502,0.16415560929908274,0.22710454329658405,0.19056622266296316,0.912213957711552,0.14756930821276187,0.5859893695459811,0.17197873909196226,0.5083077372576568,0.9112973219250818
zero-shot,DeepLabV3+,42,wenchuan,Wenchuan,0.5,0.10138617530148891,0.18410649702178417,0.18684670003492027,0.18144550530892758,0.1841064970212843,0.9268229623858848,0.14582595548045552,0.5719008888504166,0.14380177770083313,0.513799971714979,0.9262137681284691
zero-shot,DeepLabV3+,42,wenchuan,Wenchuan,0.6,0.09374781767211708,0.17142492292536987,0.21710351519632193,0.14162666445618344,0.171424922924892,0.9377029933286517,0.14401742252143526,0.5586399311803311,0.11727986236066212,0.5155233715905574,0.9372989255089976
zero-shot,DeepLabV3+,42,wenchuan,Wenchuan,0.7,0.07749516238080806,0.1438431745894368,0.25487377077462764,0.10019517562037965,0.14384317458903167,0.945728087693118,0.13558453525758143,0.5431155703087143,0.08623114061742854,0.5114873423248775,0.9454795222689469
zero-shot,DeepLabV3+,42,jiuzhai_valley,Jiuzhai Valley,0.3,0.45661943858774684,0.6269577715239862,0.5709754731571662,0.6951111738348827,0.626957771523491,0.8036497169204905,0.4998642411110527,0.7662719448758954,0.5325438897517909,0.6107348126253414,0.764850186662936
zero-shot,DeepLabV3+,42,jiuzhai_valley,Jiuzhai Valley,0.4,0.4520287663073019,0.6226168197161408,0.6190309175988985,0.6262445084874985,0.6226168197156409,0.8197965185752901,0.5042757660554225,0.7531423816561265,0.5062847633122529,0.6201801446509356,0.7883315229945693
zero-shot,DeepLabV3+,42,jiuzhai_valley,Jiuzhai Valley,0.5,0.43208893089494654,0.6034386853684064,0.6608516834744644,0.5552040651947643,0.6034386853679101,0.82678424561577,0.4967637194299468,0.7332592932161428,0.4665185864322856,0.6162900180836403,0.8004911052723339
zero-shot,DeepLabV3+,42,jiuzhai_valley,Jiuzhai Valley,0.6,0.39750687737248935,0.5688800303006144,0.699201491401565,0.47950664223911366,0.5688800303001317,0.8274838990803006,0.47863466784561254,0.707649836330309,0.41529967266061796,0.6014163937932286,0.8053259102139679
zero-shot,DeepLabV3+,42,jiuzhai_valley,Jiuzhai Valley,0.7,0.3451771766329911,0.5132070074173832,0.7376639641919868,0.39347893522810046,0.5132070074169296,0.8228134374175896,0.4477099538009692,0.6749621147675223,0.34992422953504465,0.5748681747797362,0.8045591729264813
zero-shot,DeepLabV3+,42,moxitaidi,Moxitaidi,0.3,0.23656161707885576,0.38261193588992043,0.27616070069744375,0.6226074662139179,0.38261193588949477,0.7884605563416773,0.3106088771712598,0.7152918563752111,0.4305837127504222,0.5050917314655692,0.7736218458522827
zero-shot,DeepLabV3+,42,moxitaidi,Moxitaidi,0.4,0.24713252194383545,0.39632118896016577,0.309302369563205,0.5514716800312349,0.39632118895970536,0.8231279645647321,0.31955673111887956,0.7032825208547292,0.4065650417094584,0.5296792445906497,0.8122259672374641
zero-shot,DeepLabV3+,42,moxitaidi,Moxitaidi,0.5,0.2514711540707359,0.40188086357845393,0.3435547790979516,0.48406101460292295,0.4018808635779684,0.8483062121332908,0.32400542685391365,0.6876137128147932,0.37522742562958644,0.5458158024919485,0.840160450913161
zero-shot,DeepLabV3+,42,moxitaidi,Moxitaidi,0.6,0.2487929631824564,0.3984534995271369,0.3825527358517784,0.4157334145757107,0.3984534995266378,0.8678449358258928,0.3247200000114367,0.6683888254558371,0.3367776509116742,0.5552944532535621,0.8617959433246678
zero-shot,DeepLabV3+,42,moxitaidi,Moxitaidi,0.7,0.23529296859898172,0.3809508749423892,0.4298601828047005,0.3420343525110698,0.3809508749418957,0.8829683887715243,0.31977691172627315,0.6443268285190018,0.2886536570380036,0.5569448431462256,0.8785967176934696
zero-shot,DeepLabV3+,42,longxi_river,Longxi River,0.3,0.14315512518271145,0.2504561664976673,0.2135171347810258,0.30285002574369413,0.2504561664971822,0.736630985150322,0.09863807054537804,0.5566097715246211,0.1132195430492422,0.4338320181426496,0.7245089111025877
zero-shot,DeepLabV3+,42,longxi_river,Longxi River,0.4,0.13274883145762673,0.23438352399234857,0.21741699930743383,0.25422220909919213,0.23438352399185164,0.7586932685047674,0.09259091455907006,0.5493353186365624,0.09867063727312475,0.441093621134972,0.7494384108123173
zero-shot,DeepLabV3+,42,longxi_river,Longxi River,0.5,0.1217715449652712,0.2171057832796804,0.2212888482505133,0.21307793083443627,0.21710578327918056,0.7767240627886007,0.08697648010027423,0.5428081692265141,0.08561633845302818,0.44568124176249224,0.7695909385597133
zero-shot,DeepLabV3+,42,longxi_river,Longxi River,0.6,0.10916330917038401,0.1968390195886202,0.2249241917488363,0.17498900713223636,0.19683901958812802,0.792521101979021,0.08067035279150334,0.5362422710243191,0.07248454204863819,0.44813587415565287,0.7871084391409218
zero-shot,DeepLabV3+,42,longxi_river,Longxi River,0.7,0.09377499420748657,0.17147035670793123,0.2290615525708372,0.1370203716587512,0.17147035670746286,0.80761292186408,0.0733393616352501,0.5293137431692566,0.058627486338513224,0.44874004177424964,0.8037050893410127
zero-shot,DeepLabV3+,42,hokkaido_iburi_tobu,Hokkaido,0.3,0.11724346058901304,0.20987987797610747,0.1404538786255755,0.41502637004064924,0.20987987797572963,0.6796239559862491,0.0824313741039821,0.5624386893437845,0.12487737868756899,0.39131465871042587,0.6653858568318387
zero-shot,DeepLabV3+,42,hokkaido_iburi_tobu,Hokkaido,0.4,0.10615197357433388,0.1919301797768757,0.1357161147567598,0.32763958149720535,0.1919301797764615,0.7171449070028217,0.06275330996709262,0.5446403648131591,0.08928072962631828,0.4067325563436305,0.707313139112927
zero-shot,DeepLabV3+,42,hokkaido_iburi_tobu,Hokkaido,0.5,0.0927217934416187,0.16970796043077652,0.12863596330996827,0.24930970947825148,0.1697079604303275,0.7498906796190616,0.042864246144207384,0.5281928351264258,0.05638567025285157,0.4180259160926504,0.7433300387436821
zero-shot,DeepLabV3+,42,hokkaido_iburi_tobu,Hokkaido,0.6,0.07773168142866359,0.144250526857707,0.1202176919951435,0.1802930931634461,0.144250526857227,0.7806839852962854,0.024861558360513115,0.5147822139975893,0.029564427995178555,0.4271426702023106,0.7765536589759576
zero-shot,DeepLabV3+,42,hokkaido_iburi_tobu,Hokkaido,0.7,0.06111385543968441,0.11518812072124192,0.11091209633124115,0.11980707568344078,0.11518812072074268,0.8112931161556604,0.009756912475359533,0.5050470264844608,0.010094052968921519,0.43503010266960945,0.8089463498995345
zero-shot,DeepLabV3+,42,lombok,Lombok,0.3,0.05344192401295525,0.1014615477033132,0.060290883255332675,0.31993390813778877,0.10146154770304637,0.8262040724448108,0.07574233826899268,0.5810782954468029,0.1621565908936058,0.43896187258183605,0.8244818211507169
zero-shot,DeepLabV3+,42,lombok,Lombok,0.4,0.049503221145321595,0.09433648253370541,0.057814967788994996,0.2561379165544596,0.09433648253340494,0.8491639303504874,0.06242840553810349,0.5620327251949193,0.12406545038983863,0.44873641890677135,0.8479696166682211
zero-shot,DeepLabV3+,42,lombok,Lombok,0.5,0.045484152653980106,0.08701069746206631,0.05529941942477022,0.20398559489522522,0.08701069746173072,0.8687084792950831,0.051018578154640795,0.5468630990722452,0.09372619814449035,0.456683034523333,0.8678819163926859
zero-shot,DeepLabV3+,42,lombok,Lombok,0.6,0.040477352223626584,0.07780534989468356,0.05170282775886331,0.15713705389134097,0.07780534989431098,0.8857553464557053,0.03911027956116053,0.5329731015365878,0.06594620307317567,0.46283972095681747,0.8852020896900084
zero-shot,DeepLabV3+,42,lombok,Lombok,0.7,0.0336216469505255,0.06505600390572083,0.04606407792069655,0.11069474049358936,0.06505600390530583,0.9024180841008458,0.025183961293095473,0.5190816494230621,0.03816329884612424,0.46785365542257346,0.9020856638946214
zero-shot,DeepLabV3+,42,palu,Palu,0.3,0.025131947805780378,0.04903163511696902,0.027692307692307693,0.21372632514394682,0.04903163511676593,0.8996412447645731,0.04575664062851708,0.5608862797218096,0.1217725594436192,0.46225643377225223,0.899380919738724
zero-shot,DeepLabV3+,42,palu,Palu,0.4,0.026611940383769486,0.05184420585215749,0.03050653220261288,0.1724955103401033,0.051844205851902095,0.9236226076011704,0.04561201547923179,0.5526610986780546,0.10532219735610915,0.47503736456985646,0.9234627887559435
zero-shot,DeepLabV3+,42,palu,Palu,0.5,0.02816073995375289,0.05477886649322862,0.0341084050800783,0.13904060133671522,0.05477886649291225,0.94191425374847,0.04584126357450274,0.5453965104007553,0.09079302080151064,0.4849885313316659,0.9418163227095789
zero-shot,DeepLabV3+,42,palu,Palu,0.6,0.030092446178480715,0.05842669032302892,0.039575589616962406,0.11157190552891588,0.05842669032264237,0.9564683370228351,0.04721835770097287,0.5391966712107251,0.07839334242145024,0.49325095452705714,0.9564094628756336
zero-shot,DeepLabV3+,42,palu,Palu,0.7,0.03179369585790202,0.06162800952464944,0.047941657719340974,0.0862508408469566,0.061628009524190196,0.9682043442089964,0.04889612171419648,0.5326311854184053,0.06526237083681052,0.49998240380824044,0.9681711117585788
zero-shot,DeepLabV3+,2026,wenchuan,Wenchuan,0.3,0.10136281314790989,0.18406797821363732,0.13718589063430037,0.279628638819602,0.18406797821319573,0.8871967444259129,0.14066173623203707,0.5978945528873454,0.19578910577469077,0.49355288850758683,0.8857429638672638
zero-shot,DeepLabV3+,2026,wenchuan,Wenchuan,0.4,0.10190538147869943,0.1849621268605617,0.1551282313064075,0.2290035493327104,0.1849621268600802,0.9081664353274228,0.1411563119680529,0.5847733712134798,0.16954674242695966,0.5045524077142381,0.9071994339497769
zero-shot,DeepLabV3+,2026,wenchuan,Wenchuan,0.5,0.09852161740718732,0.17937128563700985,0.17305779334500876,0.18616287744628904,0.1793712856365105,0.922491180762816,0.1388546036511437,0.5718779904460437,0.1437559808920874,0.510175311436983,0.9218290054667788
zero-shot,DeepLabV3+,2026,wenchuan,Wenchuan,0.6,0.09086495822247118,0.1665924962344242,0.1927422149611367,0.14669068055252033,0.16659249623393343,0.9332165664501404,0.1338147324269015,0.5587010835070028,0.11740216701400552,0.511816382378399,0.9327678065343269
zero-shot,DeepLabV3+,2026,wenchuan,Wenchuan,0.7,0.07839001384562132,0.14538341942925925,0.21733719204066637,0.1092229900302183,0.14538341942881405,0.9415701533971208,0.1261353791952973,0.5452362177263973,0.0904724354527946,0.5098341629394042,0.941278312033187
zero-shot,DeepLabV3+,2026,jiuzhai_valley,Jiuzhai Valley,0.3,0.4619382875005746,0.6319531972725532,0.6085304842052952,0.6572512007204669,0.6319531972720538,0.8182781802149262,0.5122142396484275,0.7628247941507117,0.5256495883014234,0.6233124633519032,0.7846866392032318
zero-shot,DeepLabV3+,2026,jiuzhai_valley,Jiuzhai Valley,0.4,0.45298073931686295,0.623519262244092,0.6519716344166174,0.5974463989495735,0.623519262243593,0.8287425830696202,0.5137734449341914,0.7490903618489526,0.4981807236979052,0.6267113595297581,0.8004419797426532
zero-shot,DeepLabV3+,2026,jiuzhai_valley,Jiuzhai Valley,0.5,0.4346342967111964,0.6059165011007566,0.6920821413503633,0.538830947515479,0.6059165011002643,0.833625962140691,0.5088580559218684,0.7321064415787336,0.4642128831574672,0.6219298222412564,0.8092253477713164
zero-shot,DeepLabV3+,2026,jiuzhai_valley,Jiuzhai Valley,0.6,0.40570124253741086,0.5772225708573544,0.7311979469539256,0.4768150459978183,0.5772225708568764,0.8342032568565401,0.49669902494639506,0.7111283131808469,0.4222566263616938,0.609372167800534,0.8130430930636572
zero-shot,DeepLabV3+,2026,jiuzhai_valley,Jiuzhai Valley,0.7,0.3622114608830549,0.5317991681676955,0.7720255489933412,0.4055932447886614,0.5317991681672438,0.8304753737308808,0.47431747799887586,0.6841573293759039,0.3683146587518078,0.5873134686350998,0.8124154763871447
zero-shot,DeepLabV3+,2026,moxitaidi,Moxitaidi,0.3,0.22461729919078174,0.36683672415734647,0.27348832588350025,0.5569312861042999,0.3668367241569048,0.7975947165975765,0.28630687212774075,0.6914222580374223,0.3828445160748446,0.5048025008511903,0.7849877025115987
zero-shot,DeepLabV3+,2026,moxitaidi,Moxitaidi,0.4,0.2306096710935454,0.37478930405060257,0.3047790140928055,0.4865550767119317,0.37478930405012895,0.8290974519690689,0.2921641976047381,0.6779794941325077,0.3559589882650154,0.5252400193218419,0.8198703675501384
zero-shot,DeepLabV3+,2026,moxitaidi,Moxitaidi,0.5,0.22981632266370422,0.37374088866528726,0.33728957703985035,0.4190255055711172,0.3737408886647931,0.8521568454041772,0.29323712764224913,0.6610741406688837,0.3221482813377674,0.5375750207707377,0.8453337188777712
zero-shot,DeepLabV3+,2026,moxitaidi,Moxitaidi,0.6,0.22271164453592462,0.3642913609781707,0.37537788003105255,0.35384092072065143,0.3642913609776712,0.8699846540178572,0.2921072018365105,0.6422797259269573,0.2845594518539145,0.5438327461390877,0.8649538477422507
zero-shot,DeepLabV3+,2026,moxitaidi,Moxitaidi,0.7,0.20566429280078485,0.3411634466224792,0.4222027338926775,0.2862243886856186,0.3411634466219976,0.883614427216199,0.2862737520393454,0.6200664133773915,0.2401328267547831,0.5428313064572158,0.8799983201136466
zero-shot,DeepLabV3+,2026,longxi_river,Longxi River,0.3,0.12964763975992963,0.2295364239197314,0.18919498182242286,0.29174408368973825,0.22953642391925413,0.7154396959006215,0.06694416712979734,0.5396039505455843,0.0792079010911686,0.4162457266489546,0.7028438135379795
zero-shot,DeepLabV3+,2026,longxi_river,Longxi River,0.4,0.12138578483632541,0.21649246223331173,0.19114927653695743,0.24958297564222087,0.2164924622328205,0.737525501190283,0.06296502465957078,0.5350269734796416,0.07005394695928313,0.42451759801483263,0.7276494111933398
zero-shot,DeepLabV3+,2026,longxi_river,Longxi River,0.5,0.11333642413090428,0.2035978014810344,0.19422676725226512,0.21391894183938318,0.2035978014805356,0.7568465894022689,0.0606100728386335,0.5315289679028958,0.06305793580579167,0.4311916040496351,0.7490467839683659
zero-shot,DeepLabV3+,2026,longxi_river,Longxi River,0.6,0.10372317505346983,0.18795143093456376,0.19723247429730736,0.1795045970403056,0.18795143093406486,0.7746364361942767,0.05753654816252906,0.5276538205941225,0.05530764118824494,0.4361623004737121,0.7686014258939543
zero-shot,DeepLabV3+,2026,longxi_river,Longxi River,0.7,0.09086329818143205,0.1665897062132522,0.19981497374922466,0.14283849686353056,0.16658970621276603,0.7923520121711511,0.0526734547408721,0.5228007357575499,0.045601471515099856,0.43940730072974005,0.7879513032780481
zero-shot,DeepLabV3+,2026,hokkaido_iburi_tobu,Hokkaido,0.3,0.09646907295761324,0.17596314449143155,0.11519249348665203,0.3724540083785604,0.17596314449107073,0.6423488730047591,0.02940588185735814,0.5228175418188596,0.04563508363771929,0.36230922049327274,0.6281493680289323
zero-shot,DeepLabV3+,2026,hokkaido_iburi_tobu,Hokkaido,0.4,0.08934053384706518,0.16402682369957214,0.11215430833507915,0.30517199396178823,0.16402682369917915,0.6810782296316964,0.019744602875534423,0.514596467138973,0.029192934277946003,0.3800590386729811,0.670777543498897
zero-shot,DeepLabV3+,2026,hokkaido_iburi_tobu,Hokkaido,0.5,0.08272817527459263,0.15281430217443412,0.11021268869370382,0.2491023114252258,0.15281430217400885,0.7168253361375505,0.013917789389028275,0.5096796542528995,0.019359308505799033,0.39606593581997523,0.7094036963653578
zero-shot,DeepLabV3+,2026,hokkaido_iburi_tobu,Hokkaido,0.6,0.0758298505251473,0.140969969346235,0.10934036383836561,0.19834715385285007,0.14096996934577685,0.7521609488844551,0.0107386731525287,0.506887293007652,0.013774586015304013,0.4114231066967296,0.7470163628683119
zero-shot,DeepLabV3+,2026,hokkaido_iburi_tobu,Hokkaido,0.7,0.06768307892165708,0.12678496130146769,0.11002697598897943,0.14956488530326048,0.1267849613009793,0.7887750918653134,0.009951540426352665,0.5056809803719478,0.011361960743895505,0.4265843805976856,0.7854856822737142
zero-shot,DeepLabV3+,2026,lombok,Lombok,0.3,0.05504314617140213,0.10434292923686711,0.061254963853372715,0.3518204930416406,0.10434292923661452,0.8147560609590023,0.08202360309065795,0.5906120193264399,0.18122403865287984,0.43388927893189255,0.812735411692383
zero-shot,DeepLabV3+,2026,lombok,Lombok,0.4,0.053785066673564676,0.10207976631011777,0.06135070017215005,0.3036939326027322,0.10207976630983814,0.8361379640911697,0.0752824103458332,0.5783393298279719,0.15667865965594374,0.444191210382399,0.8345973540912334
zero-shot,DeepLabV3+,2026,lombok,Lombok,0.5,0.053212683129234814,0.10104831432742124,0.06225700730515007,0.26809196262706025,0.10104831432711538,0.853703070124355,0.07146249070110618,0.5701620126724982,0.14032402534499644,0.45285143520882587,0.852490187288417
zero-shot,DeepLabV3+,2026,lombok,Lombok,0.6,0.05307152761200473,0.10079377558018734,0.06390150709024685,0.23846929786525112,0.10079377557985401,0.869502496281895,0.06928979762190653,0.5639689808215362,0.12793796164307247,0.46080627570120514,0.8685410237904055
zero-shot,DeepLabV3+,2026,lombok,Lombok,0.7,0.0530089533606138,0.10068091670339356,0.06635914313642048,0.20854082131006121,0.10068091670302734,0.8857379878332855,0.0676010055312151,0.5578528124307968,0.11570562486159353,0.4690057112290749,0.885002469097536
zero-shot,DeepLabV3+,2026,palu,Palu,0.3,0.02246580461632913,0.043944363742823095,0.02443308118509671,0.21815118582563456,0.04394436374264194,0.8850933621241968,0.039242354389490294,0.5557085256746207,0.1114170513492414,0.4536274590469657,0.8847891134776024
zero-shot,DeepLabV3+,2026,palu,Palu,0.4,0.024290228291557876,0.047428409684376706,0.027232622744578106,0.18354840501360783,0.0474284096841517,0.9107481490734012,0.04123039588216415,0.5516037175536264,0.10320743510725272,0.46741981269667593,0.910549397101794
zero-shot,DeepLabV3+,2026,palu,Palu,0.5,0.026271743866470035,0.05119841605984681,0.03067146329891562,0.15479606761335235,0.05119841605957076,0.9305477445828871,0.04330792200940766,0.5474248168019508,0.09484963360390153,0.47834455010708066,0.9304173563476913
zero-shot,DeepLabV3+,2026,palu,Palu,0.6,0.0276138534507367,0.053743637958965085,0.03429298937515552,0.1241738100087016,0.05374363795862594,0.9470678770702647,0.04344113348834552,0.5406625883858943,0.08132517677178863,0.48730102242936446,0.9469881914079922
zero-shot,DeepLabV3+,2026,palu,Palu,0.7,0.028521338427780995,0.05546085892856496,0.039234209670688656,0.09457599713649183,0.055460858928150496,0.9610038393130355,0.0430095509480327,0.5330983877871697,0.06619677557433934,0.4947402403980949,0.9609591423684087
zero-shot,DeepLabV3+,777,wenchuan,Wenchuan,0.3,0.10156016010019876,0.1843933064735398,0.1450659429934489,0.252974732669686,0.18439330647307653,0.8981696996795997,0.1402560043081443,0.5909509431266176,0.1819018862532351,0.4992720229025246,0.8969838857048504
zero-shot,DeepLabV3+,777,wenchuan,Wenchuan,0.4,0.09897074918664447,0.18011534749199354,0.16451713395638629,0.19898116819014175,0.18011534749149807,0.9175713356961025,0.13781794622760335,0.5754044109361511,0.15080882187230227,0.5078944734453081,0.9168181977039718
zero-shot,DeepLabV3+,777,wenchuan,Wenchuan,0.5,0.09368072458129371,0.17131274690272807,0.18989582187007079,0.15604253170661864,0.17131274690223286,0.9313076747937149,0.13655220931767,0.5621541546385773,0.12430830927715464,0.5122485874011145,0.9308164502209353
zero-shot,DeepLabV3+,777,wenchuan,Wenchuan,0.6,0.08573310597247234,0.1579266681670956,0.22513775545790612,0.12161927943270963,0.15792666816664017,0.9409851760007022,0.13683138068853776,0.5508324550764699,0.10166491015293988,0.5131949392116617,0.940656772450851
zero-shot,DeepLabV3+,777,wenchuan,Wenchuan,0.7,0.06804529427221784,0.12742024076532246,0.26464646464646463,0.08391044528677252,0.12742024076495692,0.9477065868591994,0.12722513690926118,0.5363977730924189,0.07279554618483774,0.5077757265102142,0.9475061587482105
zero-shot,DeepLabV3+,777,jiuzhai_valley,Jiuzhai Valley,0.3,0.5623534842801815,0.7198799630664541,0.6508094633376484,0.8053520938745724,0.7198799630659597,0.8512258640723892,0.6266675039165862,0.8354281642273883,0.6708563284547766,0.6892083317936063,0.8160631793070311
zero-shot,DeepLabV3+,777,jiuzhai_valley,Jiuzhai Valley,0.4,0.5691090569423084,0.7253913351967006,0.6963865868116963,0.7569172053157355,0.7253913351962015,0.8639658944818038,0.6361636682888571,0.8271011882901413,0.6542023765802827,0.7016402556616732,0.834171454381038
zero-shot,DeepLabV3+,777,jiuzhai_valley,Jiuzhai Valley,0.5,0.5630232833543224,0.7204285302085169,0.7376623218351227,0.7039816112880569,0.7204285302080171,0.8703057217497363,0.6363517987568674,0.813028145419517,0.6260562908390339,0.7036541421783765,0.8442850010024306
zero-shot,DeepLabV3+,777,jiuzhai_valley,Jiuzhai Valley,0.6,0.541840747200097,0.7028491732159132,0.7766562813906219,0.6418527028274996,0.7028491732154176,0.8711727506098365,0.626157044729924,0.7922010579042946,0.5844021158085893,0.6949289024349665,0.8480170576698361
zero-shot,DeepLabV3+,777,jiuzhai_valley,Jiuzhai Valley,0.7,0.5009945755257017,0.6675501480080107,0.8164374700184276,0.5645902378665956,0.6675501480075274,0.866514784414557,0.6031322439705425,0.7625400436937756,0.5250800873875512,0.6734257605590803,0.8458569455924588
zero-shot,DeepLabV3+,777,moxitaidi,Moxitaidi,0.3,0.23243770385457027,0.37719992357844695,0.28018895107904535,0.5769648281634984,0.37719992357800697,0.7994125677614796,0.2998324402809022,0.7012762478151617,0.40255249563032347,0.509439000975658,0.7864402980967455
zero-shot,DeepLabV3+,777,moxitaidi,Moxitaidi,0.4,0.24220074408181227,0.3899542730685416,0.3137488711736119,0.515053995616461,0.3899542730680711,0.8303402647680166,0.3104808196357908,0.6912467669421625,0.38249353388432494,0.5314068683319806,0.820612992582149
zero-shot,DeepLabV3+,777,moxitaidi,Moxitaidi,0.5,0.24716131367575733,0.3963582111880925,0.34954101870037607,0.45765625600814,0.3963582111876015,0.8532398457429847,0.31822757565585674,0.6787219216773541,0.35744384335470825,0.546485988104473,0.8458106625331887
zero-shot,DeepLabV3+,777,moxitaidi,Moxitaidi,0.6,0.2461766090327737,0.3950910444769862,0.3908592004260689,0.3994155281395397,0.3950910444764862,0.8712358124402104,0.32307357461274827,0.6630848711855415,0.326169742371083,0.5558800634117926,0.8655835177908117
zero-shot,DeepLabV3+,777,moxitaidi,Moxitaidi,0.7,0.23579713471187125,0.3816113957358347,0.4413831679860782,0.3360973488758678,0.38161139573534386,0.8853213563257334,0.3232949165204889,0.6430225448623867,0.2860450897247735,0.5584558996073253,0.8811146645027794
zero-shot,DeepLabV3+,777,longxi_river,Longxi River,0.3,0.12966250489962056,0.22955972131011304,0.18535304418292411,0.3014572323339456,0.2295597213096415,0.7060044504963933,0.06323614513201778,0.5381153820547409,0.07623076410948171,0.41110015875539385,0.6925378126111672
zero-shot,DeepLabV3+,777,longxi_river,Longxi River,0.4,0.1224268205129964,0.2181466413232039,0.1892243007994122,0.2575055576684752,0.21814664132271558,0.7318145946953625,0.06188948121813965,0.5349740312090872,0.0699480624181743,0.42190883552791764,0.7213908505428389
zero-shot,DeepLabV3+,777,longxi_river,Longxi River,0.5,0.11432517545999316,0.2051917662414829,0.1935223146408821,0.2183588692772288,0.2051917662409847,0.7542208589303988,0.060605477045032004,0.5318355199215044,0.0636710398430087,0.430246502710494,0.7461678299609948
zero-shot,DeepLabV3+,777,longxi_river,Longxi River,0.6,0.10440263993875479,0.18906626290669584,0.19841420983614658,0.18055950970719295,0.189066262906197,0.7749580651426468,0.058841735679912285,0.5282797658617704,0.05655953172354078,0.43664896881049037,0.768895297682226
zero-shot,DeepLabV3+,777,longxi_river,Longxi River,0.7,0.09119631864023624,0.16714924176774712,0.2042057531076036,0.14147606910147714,0.16714924176726362,0.79515870310628,0.05593107995760774,0.5238772221013038,0.04775444420260766,0.4410280360303325,0.7908597534204288
zero-shot,DeepLabV3+,777,hokkaido_iburi_tobu,Hokkaido,0.3,0.09337018091770202,0.1707933553471036,0.11570764413459582,0.32598922252206464,0.17079335534671694,0.6754683420021901,0.02769581435950645,0.5206906494699832,0.04138129893996645,0.37880845181610406,0.6642467227145061
zero-shot,DeepLabV3+,777,hokkaido_iburi_tobu,Hokkaido,0.4,0.08690868857630916,0.1599190244585252,0.11402322532661524,0.26765260304614386,0.15991902445810624,0.7116934475551718,0.021338880502003024,0.5150361553959237,0.030072310791847467,0.3952337123120619,0.7035587360478146
zero-shot,DeepLabV3+,777,hokkaido_iburi_tobu,Hokkaido,0.5,0.08061628155867905,0.14920426970135645,0.11340830910132371,0.2180194809753405,0.14920426970090628,0.7450814876916274,0.017775535381142623,0.5116556929194145,0.02331138583882897,0.40993470415891375,0.7392531267591484
zero-shot,DeepLabV3+,777,hokkaido_iburi_tobu,Hokkaido,0.6,0.07381524414075083,0.13748220570255837,0.11434142306935934,0.172366235276042,0.13748220570207886,0.7782642128011287,0.016654701720095557,0.5099234575343552,0.01984691506871039,0.42404523108970005,0.7742752180386493
zero-shot,DeepLabV3+,777,hokkaido_iburi_tobu,Hokkaido,0.7,0.06438791227954058,0.12098580139198416,0.11631188504549844,0.12605108089687422,0.12098580139148496,0.8122110289704767,0.016068512940972488,0.508323764893486,0.016647529786971926,0.43707014239208736,0.8097523725046342
zero-shot,DeepLabV3+,777,lombok,Lombok,0.3,0.05844509651457793,0.11043576413559013,0.06472247821567717,0.3760115752045972,0.11043576413533956,0.8142140239750574,0.09195966767466889,0.602045258540663,0.20409051708132608,0.4352457935450963,0.8120464905756146
zero-shot,DeepLabV3+,777,lombok,Lombok,0.4,0.056295968633121356,0.10659127802214378,0.06378302544315348,0.3241376792079931,0.106591278021869,0.8333512052483515,0.082521672133479,0.5868003120125383,0.1736006240250767,0.44398691557746484,0.8316778625218083
zero-shot,DeepLabV3+,777,lombok,Lombok,0.5,0.05316754038757042,0.10096691808029808,0.06169525612928208,0.2777957816229934,0.10096691808000069,0.8482717811514479,0.07202565788310264,0.5720588369528952,0.14411767390579033,0.45006774393097243,0.8469679474743744
zero-shot,DeepLabV3+,777,lombok,Lombok,0.6,0.05059688619704287,0.09632026681555053,0.060289480551279855,0.23938216889026834,0.09632026681522912,0.8622369328770069,0.0639681659397929,0.5606632500032708,0.12132650000654155,0.4559074507699597,0.8612180153428766
zero-shot,DeepLabV3+,777,lombok,Lombok,0.7,0.04906599980597803,0.09354225533007964,0.060358464571888495,0.20776944529392166,0.09354225532973078,0.8765004009281824,0.059156315361138904,0.5527143936550794,0.1054287873101587,0.4623871889706349,0.8757083781352918
zero-shot,DeepLabV3+,777,palu,Palu,0.3,0.02449204883257814,0.04781305791584648,0.026986181357950688,0.20948660507655564,0.04781305791564429,0.8989957811782818,0.043823594559211435,0.5584657093492668,0.11693141869853352,0.4616155206101682,0.8987389923877582
zero-shot,DeepLabV3+,777,palu,Palu,0.4,0.02631398843930636,0.05127863156054508,0.03002333107866404,0.17558735859885582,0.05127863156029569,0.9213492161203335,0.045226750973889555,0.5530374550718316,0.1060749101436631,0.4737478362446289,0.9211816840499515
zero-shot,DeepLabV3+,777,palu,Palu,0.5,0.027955681139021603,0.05439082958916174,0.033402208221887005,0.1463536556014293,0.054390829588859164,0.9383976725061199,0.046090195992435065,0.547228395407908,0.09445679081581604,0.4831220106881898,0.938288340237358
zero-shot,DeepLabV3+,777,palu,Palu,0.6,0.029275631168034683,0.05688589194482791,0.037375117493725594,0.11901455822363752,0.05688589194446416,0.9522286722096848,0.046269057476523136,0.540726589396566,0.08145317879313207,0.4907176896387677,0.9521597481095008
zero-shot,DeepLabV3+,777,palu,Palu,0.7,0.029943349869010566,0.05814562494688431,0.04277008245816034,0.0907806145434124,0.05814562494644892,0.9643985743621863,0.0455368090330874,0.5329421167554289,0.06588423351085781,0.49715137882840477,0.9643594077877989
zero-shot,SegFormer-B0,42,wenchuan,Wenchuan,0.3,0.1409715403584251,0.2471078994908852,0.17416212412107143,0.4251964943745714,0.2471078994904729,0.8821037378204003,0.21824484800365246,0.6645408578090914,0.3290817156181829,0.5103746415074418,0.8797777426564585
zero-shot,SegFormer-B0,42,wenchuan,Wenchuan,0.4,0.1450863367178189,0.25340680796817894,0.19701582416111874,0.35502369989676036,0.2534068079677199,0.9048108733102177,0.2172798439273419,0.6430218941313615,0.2860437882627229,0.5241671175580005,0.9032478983981821
zero-shot,SegFormer-B0,42,wenchuan,Wenchuan,0.5,0.1445537370289611,0.2525940588935465,0.22127083250692764,0.29424797100247924,0.2525940588930566,0.9207660803634129,0.2140434429020672,0.62244057511682,0.2448811502336401,0.5321222794111355,0.9196908217933101
zero-shot,SegFormer-B0,42,wenchuan,Wenchuan,0.6,0.13834321800728466,0.24306064430982424,0.24757327080890973,0.23870958018402272,0.24306064430932442,0.9323480156030548,0.20770245413735722,0.6020622128256802,0.20412442565136035,0.5349741690840674,0.9316051201608501
zero-shot,SegFormer-B0,42,wenchuan,Wenchuan,0.7,0.1261566949682815,0.22404820844551254,0.2796743016318751,0.1868787725789557,0.22404820844503232,0.9410997026422051,0.19897835684524814,0.5819666837128976,0.16393336742579523,0.5333756237228955,0.9405945524775094
zero-shot,SegFormer-B0,42,jiuzhai_valley,Jiuzhai Valley,0.3,0.5819380137264933,0.7357279598530547,0.6656745419007324,0.8222599114553281,0.7357279598525602,0.8597830135812237,0.6483695256848392,0.8468610605330649,0.6937221210661297,0.7038581664645742,0.8257783192026552
zero-shot,SegFormer-B0,42,jiuzhai_valley,Jiuzhai Valley,0.4,0.5901128223258689,0.7422276130856008,0.7113262420410343,0.7759357443564229,0.7422276130851018,0.8720669954839135,0.6584607992485901,0.8389619630331737,0.6779239260663474,0.716648351749718,0.843183881173567
zero-shot,SegFormer-B0,42,jiuzhai_valley,Jiuzhai Valley,0.5,0.5849093629290544,0.7380981860667282,0.7520719828996834,0.7246341942691766,0.7380981860662281,0.8779323040282173,0.658748283291758,0.8251405340399159,0.6502810680798319,0.7187416722540976,0.8525739815791409
zero-shot,SegFormer-B0,42,jiuzhai_valley,Jiuzhai Valley,0.6,0.5642136162019455,0.7214022565177614,0.7906434152155201,0.6633122178732197,0.7214022565172651,0.8783882186181434,0.6484456038204974,0.8043217948430772,0.6086435896861544,0.7099378373066731,0.855662058411401
zero-shot,SegFormer-B0,42,jiuzhai_valley,Jiuzhai Valley,0.7,0.5200544159285333,0.6842576298307785,0.8289743492678837,0.5825585153769294,0.6842576298302937,0.8723824725573576,0.6221592919267318,0.772574851259104,0.5451497025182079,0.6859788554931389,0.8519032950577445
zero-shot,SegFormer-B0,42,moxitaidi,Moxitaidi,0.3,0.2314068384934768,0.3758414055529912,0.2867437368427111,0.5452684695769974,0.37584140555253953,0.8093319017059949,0.29581010607200586,0.6928361642875451,0.38567232857509026,0.5145633156826511,0.7977197928718254
zero-shot,SegFormer-B0,42,moxitaidi,Moxitaidi,0.4,0.23500461598022573,0.3805728544483246,0.32122435538122296,0.4668214610021799,0.38057285444784167,0.8400145238759567,0.29903840870088677,0.6753745329903866,0.35074906598077327,0.5333749520731987,0.8317452881661717
zero-shot,SegFormer-B0,42,moxitaidi,Moxitaidi,0.5,0.2302019532818401,0.3742506710670141,0.3560146080493769,0.3944557993155527,0.37425067106651544,0.8611283905652105,0.2968715561924883,0.6552484350852346,0.3104968701704691,0.5426566726383146,0.8551113919947891
zero-shot,SegFormer-B0,42,moxitaidi,Moxitaidi,0.6,0.2133422913072025,0.35166052124888314,0.3868321404586829,0.3223516118822893,0.3516605212483873,0.8748629200215242,0.2844834904554082,0.6311138641421421,0.2622277282842842,0.5419046047352116,0.8704669181632207
zero-shot,SegFormer-B0,42,moxitaidi,Moxitaidi,0.7,0.1866310491492761,0.3145561533773726,0.41994558247890185,0.2514518624124845,0.31455615337690407,0.8846265520368304,0.26593495716433474,0.6052915763918396,0.21058315278367923,0.5340601362381109,0.8814892233269457
zero-shot,SegFormer-B0,42,longxi_river,Longxi River,0.3,0.157292721079817,0.27182875726212874,0.24270445614593342,0.30889597718919126,0.27182875726163597,0.7595514657017522,0.1316654395010223,0.5725272402030367,0.14505448040607338,0.4527728762456228,0.7482530314114286
zero-shot,SegFormer-B0,42,longxi_river,Longxi River,0.4,0.14243864432132664,0.24935893936946307,0.25238581133050736,0.24640380976475346,0.24935893936896314,0.7844606588442866,0.12355622493956,0.5611644424695156,0.12232888493903116,0.4594481882916732,0.7764577322620199
zero-shot,SegFormer-B0,42,longxi_river,Longxi River,0.5,0.1258452141628436,0.22355686657409585,0.2624023384515219,0.19472953015619182,0.22355686657360682,0.8034716475124176,0.11552939360620539,0.5508407000834415,0.1016814001668831,0.4617973290637012,0.7977494439645587
zero-shot,SegFormer-B0,42,longxi_river,Longxi River,0.6,0.10713603267614939,0.19353725199817062,0.27575024428145567,0.1490877807123781,0.19353725199771507,0.8194765816100489,0.10809128848263312,0.5412619598715525,0.08252391974310491,0.4613078349203453,0.8154796371645413
zero-shot,SegFormer-B0,42,longxi_river,Longxi River,0.7,0.08684978245298551,0.1598192939910579,0.30369212178843286,0.10844428398557682,0.15981929399067013,0.8343383740312376,0.1051482142381202,0.5330887866069838,0.06617757321396756,0.45926809628383747,0.8316864101146895
zero-shot,SegFormer-B0,42,hokkaido_iburi_tobu,Hokkaido,0.3,0.10194715575898769,0.18503093406284005,0.16210060955187888,0.21551746616543466,0.18503093406235005,0.8053558843155113,0.07802319069202615,0.5441276041712733,0.08825520834254652,0.4514524980084138,0.8009578402578399
zero-shot,SegFormer-B0,42,hokkaido_iburi_tobu,Hokkaido,0.4,0.08843762923551499,0.16250380703510012,0.16244208689991446,0.16256557408944433,0.16250380703460013,0.8282052423112155,0.06678956381768733,0.5334060220930573,0.06681204418611464,0.4568655075628191,0.8252933858901231
zero-shot,SegFormer-B0,42,hokkaido_iburi_tobu,Hokkaido,0.5,0.07535049907348139,0.1401412825648998,0.1642356936844659,0.12221201055363246,0.14014128256441055,0.8462422825898122,0.05846573723597209,0.5255829682481469,0.05116593649629375,0.45982088724980635,0.8442912754261314
zero-shot,SegFormer-B0,42,hokkaido_iburi_tobu,Hokkaido,0.6,0.06346000954046749,0.11934630164022667,0.17241361016078205,0.09125795142873991,0.11934630163977404,0.8619205855295022,0.05518959828667125,0.5206086799588695,0.041217359917739005,0.4620382425955365,0.8606164756506055
zero-shot,SegFormer-B0,42,hokkaido_iburi_tobu,Hokkaido,0.7,0.05063458937149392,0.09638858245050608,0.1905497125360811,0.0645104222536105,0.09638858245012819,0.8759924793500463,0.05502661724939736,0.516602423327493,0.03320484665498591,0.4629007132567801,0.8751668371420663
zero-shot,SegFormer-B0,42,lombok,Lombok,0.3,0.060081221766948543,0.11335211025963628,0.06720088558058164,0.3618757673822054,0.1133521102593721,0.8263698192911411,0.09423540088583236,0.6014711912217175,0.2029423824434351,0.4422511684020742,0.8244211150371998
zero-shot,SegFormer-B0,42,lombok,Lombok,0.4,0.060568104116433166,0.11421822678118891,0.06975799073371096,0.31495419669631974,0.11421822678089202,0.8501754900731078,0.09088656871867198,0.5910321617585812,0.1820643235171624,0.4546411125158851,0.848714120915337
zero-shot,SegFormer-B0,42,lombok,Lombok,0.5,0.06133043815558002,0.11557274897752365,0.07306085368163628,0.2764036533098421,0.11557274897719295,0.8702538166571101,0.08907319275493795,0.582723574952772,0.1654471499055441,0.46523747632898504,0.86914451450239
zero-shot,SegFormer-B0,42,lombok,Lombok,0.6,0.06308714289454455,0.11868668211483135,0.07862703772205257,0.2419655938910671,0.11868668211446114,0.8897887063682626,0.08979144653225744,0.5761258540044424,0.15225170800888477,0.4760259231075143,0.888964703320484
zero-shot,SegFormer-B0,42,lombok,Lombok,0.7,0.06336238626659993,0.11917364594597214,0.08553206881200712,0.19643615151833274,0.1191736459455495,0.9109414476867116,0.0875877109203757,0.5649924302639672,0.12998486052793434,0.48688201528567,0.91040164430474
zero-shot,SegFormer-B0,42,palu,Palu,0.3,0.02670689744980344,0.05202438498492539,0.02958938940536063,0.2151642505816501,0.052024384984712825,0.9050777813504054,0.04967206082274761,0.5643480096064649,0.12869601921292984,0.46576839748139787,0.9048298975129923
zero-shot,SegFormer-B0,42,palu,Palu,0.4,0.030193679196972408,0.058617480977961614,0.03504628298463033,0.17902480267096194,0.058617480977687784,0.9303919069624006,0.053858237058037384,0.5593118650101031,0.11862373002020621,0.48021720336446794,0.9302407275319635
zero-shot,SegFormer-B0,42,palu,Palu,0.5,0.03212622558341851,0.06225251289445508,0.039759539345306155,0.14334820629601516,0.0622525128941151,0.9477208112999158,0.05402207746902003,0.5504627755071352,0.10092555101427036,0.48987808005082994,0.9476299345182414
zero-shot,SegFormer-B0,42,palu,Palu,0.6,0.0330254137425133,0.06393920866451218,0.044591884720438776,0.1129419460747104,0.0639392086641063,0.9599687069690942,0.05283354162184907,0.5416449286559424,0.08328985731188476,0.49646965744970384,0.9599139011568943
zero-shot,SegFormer-B0,42,palu,Palu,0.7,0.0324871213976166,0.06292983364991654,0.050189873882608725,0.08433772116589217,0.06292983364944875,0.969595004470433,0.05018323751809919,0.5323901974580042,0.0647803949160084,0.5010255262625336,0.9695639311274507
zero-shot,SegFormer-B0,2026,wenchuan,Wenchuan,0.3,0.14510048871896097,0.25342839366226594,0.17666770643019472,0.4481428173110979,0.2534283936618603,0.8798574383339185,0.22734921711653114,0.674290383663551,0.34858076732710197,0.5112285171483907,0.8773565455778203
zero-shot,SegFormer-B0,2026,wenchuan,Wenchuan,0.4,0.14447325651467285,0.2524711795444573,0.19507754773274594,0.35771395844793935,0.25247117954400056,0.9036134869864817,0.21654859138572052,0.6436756651871166,0.2873513303742332,0.5232459583694393,0.9020186602242057
zero-shot,SegFormer-B0,2026,wenchuan,Wenchuan,0.5,0.13864547996066168,0.24352703699390552,0.21334686081244225,0.2836527230390125,0.24352703699341555,0.9198142062412219,0.20437176968922843,0.6168968714361589,0.2337937428723178,0.528705602657411,0.9187657253541602
zero-shot,SegFormer-B0,2026,wenchuan,Wenchuan,0.6,0.1293023702307397,0.2289951276810312,0.23498112728772164,0.2233065312243314,0.22899512768053154,0.9315778753730688,0.1932885597187627,0.594324405061759,0.18864881012351797,0.5300889364171072,0.9308755026034747
zero-shot,SegFormer-B0,2026,wenchuan,Wenchuan,0.7,0.11798842435810603,0.21107271200209282,0.2699387223252647,0.17328430079652754,0.21107271200161662,0.941057526663448,0.18680566876008836,0.5754713894084702,0.1509427788169404,0.5292887523965236,0.9405890804349412
zero-shot,SegFormer-B0,2026,jiuzhai_valley,Jiuzhai Valley,0.3,0.5697282989124689,0.7258941554499401,0.6774704439377636,0.7817731344827754,0.7258941554494427,0.8598531653810654,0.6353251747226946,0.8329644905086806,0.6659289810173612,0.6988242971311929,0.827920295349917
zero-shot,SegFormer-B0,2026,jiuzhai_valley,Jiuzhai Valley,0.4,0.5707325209018013,0.7267087340550228,0.7200762106280841,0.7334645758819923,0.7267087340545227,0.869051034661788,0.6406625514944312,0.822358683681843,0.6447173673636859,0.7060894294134854,0.8414463379251697
zero-shot,SegFormer-B0,2026,jiuzhai_valley,Jiuzhai Valley,0.5,0.5596337609101889,0.7176476618249036,0.757149657382116,0.6820630814823456,0.717647661824405,0.87260211670952,0.6371258469306178,0.8069855677689183,0.6139711355378366,0.7038127156800036,0.8479916704498182
zero-shot,SegFormer-B0,2026,jiuzhai_valley,Jiuzhai Valley,0.6,0.5351598038349072,0.6972040337403974,0.7915543585334404,0.6229506425251896,0.6972040337399045,0.8715596774459389,0.6242913533737622,0.7859453733349533,0.5718907466699066,0.6922155911449068,0.8492713784549065
zero-shot,SegFormer-B0,2026,jiuzhai_valley,Jiuzhai Valley,0.7,0.4934010524216494,0.6607750163582203,0.826132255749269,0.55057321079284,0.6607750163577403,0.8658141111220992,0.5998734160580314,0.7572535742228124,0.5145071484456247,0.6695209804925097,0.8456409085633702
zero-shot,SegFormer-B0,2026,moxitaidi,Moxitaidi,0.3,0.25525820746239325,0.4067023118349786,0.32363746685763295,0.5471283678859925,0.4067023118345116,0.831940693757972,0.33105381759096375,0.7062912554362297,0.41258251087245945,0.5384633359651814,0.8216684644679696
zero-shot,SegFormer-B0,2026,moxitaidi,Moxitaidi,0.4,0.25782095580390313,0.4099485775209138,0.3607966605985163,0.4746047568200708,0.4099485775204231,0.8561632428850446,0.3337948600240028,0.6878327139510264,0.3756654279020528,0.5532095865774822,0.8485982173510612
zero-shot,SegFormer-B0,2026,moxitaidi,Moxitaidi,0.5,0.25021431135167804,0.4002742715065501,0.3960757240809736,0.4045627848782695,0.4002742715060501,0.872368388273278,0.3288914424876758,0.6659885866604525,0.33197717332090493,0.5584523543986704,0.8666903974456627
zero-shot,SegFormer-B0,2026,moxitaidi,Moxitaidi,0.6,0.23271148410790357,0.377560340936247,0.4300847281402532,0.3364688552810996,0.37756034093575447,0.8832026267538265,0.31705793185034076,0.6420024220690248,0.2840048441380496,0.5558123945853919,0.8789133050628802
zero-shot,SegFormer-B0,2026,moxitaidi,Moxitaidi,0.7,0.20422201663287085,0.3391766863786409,0.46311360850899136,0.26757038951973333,0.3391766863781767,0.8902322574537628,0.2967151461573368,0.6155351784887024,0.23107035697740486,0.5456362484549511,0.8870504802770313
zero-shot,SegFormer-B0,2026,longxi_river,Longxi River,0.3,0.1587062015306034,0.2739369157098823,0.2203326765356165,0.36200935362608616,0.273936915709412,0.7211855074848992,0.11924358101837328,0.5721256519957995,0.1442513039915989,0.4322063674342205,0.7057065333378375
zero-shot,SegFormer-B0,2026,longxi_river,Longxi River,0.4,0.14658980929181337,0.2556970384768272,0.22411953270821425,0.29763216732042286,0.25569703847633707,0.7482464092608077,0.10937509913049862,0.5612393012906974,0.12247860258139487,0.4417287164457016,0.7368676235995898
zero-shot,SegFormer-B0,2026,longxi_river,Longxi River,0.5,0.13269338268953132,0.2342970917238991,0.2263993129714501,0.2427658038516727,0.23429709172339971,0.7694566135589307,0.09887427926205726,0.5508773589537896,0.10175471790757928,0.44686048866384454,0.7610275946381577
zero-shot,SegFormer-B0,2026,longxi_river,Longxi River,0.6,0.1168189912494906,0.20919950710865723,0.2278380531270816,0.19337985261085014,0.20919950710816063,0.7875830068374975,0.08785344225741963,0.5409858000112124,0.08197160002242487,0.44913064028304167,0.7814422893165928
zero-shot,SegFormer-B0,2026,longxi_river,Longxi River,0.7,0.0991047647524654,0.18033724887870037,0.23179500395392733,0.14757587343598041,0.18033724887822503,0.8050887622772315,0.07837095065132609,0.5322177068356633,0.06443541367132655,0.44996137325582053,0.8008179817591756
zero-shot,SegFormer-B0,2026,hokkaido_iburi_tobu,Hokkaido,0.3,0.11072533026701621,0.19937481796763934,0.18101151530284817,0.22188462650900134,0.19937481796714446,0.8172959484501348,0.09809692884483164,0.5535995346137698,0.10719906922753952,0.46188411075827474,0.8130428912495332
zero-shot,SegFormer-B0,2026,hokkaido_iburi_tobu,Hokkaido,0.4,0.09302252729794667,0.17021154637664607,0.18388173194977742,0.15843325814318168,0.17021154637614888,0.8416249565679751,0.08348648750457284,0.5390522741237457,0.07810454824749136,0.46601622447182,0.8390099216456933
zero-shot,SegFormer-B0,2026,hokkaido_iburi_tobu,Hokkaido,0.5,0.07637873694682501,0.1419179594042803,0.19081223481455484,0.11297016075555472,0.14191795940381316,0.8599389993919516,0.07398793083516393,0.5291206277261767,0.05824125545235348,0.4673382474066957,0.8582977578665664
zero-shot,SegFormer-B0,2026,hokkaido_iburi_tobu,Hokkaido,0.6,0.06001105862826855,0.1132272312440348,0.2048250722280042,0.07823880943087487,0.1132272312436348,0.8743548534629801,0.06808590823798845,0.521770114018581,0.043540228037161954,0.46667495136677756,0.8733388441052866
zero-shot,SegFormer-B0,2026,hokkaido_iburi_tobu,Hokkaido,0.7,0.04347633337411456,0.08332979289244141,0.23274412477877082,0.05074994253429188,0.08332979289214747,0.8855250685041485,0.0649157282838659,0.5158189528051689,0.031637905610337747,0.4642013272809,0.8849263211876854
zero-shot,SegFormer-B0,2026,lombok,Lombok,0.3,0.05585065039612261,0.10579270917751325,0.061794836749956616,0.36733473611180845,0.10579270917726673,0.8095466543775086,0.08523794287511711,0.5954365848832242,0.1908731697664483,0.4316135883800626,0.8073765263640026
zero-shot,SegFormer-B0,2026,lombok,Lombok,0.4,0.05841573737709285,0.11038334997144977,0.06651243872388392,0.3242654811514955,0.1103833499711673,0.8396960617205419,0.08716244473641134,0.5901349963880388,0.18026999277607758,0.448250762446674,0.8380857875162552
zero-shot,SegFormer-B0,2026,lombok,Lombok,0.5,0.061639227075596166,0.11612085443637628,0.07271464234819483,0.28809753114031283,0.11612085443605444,0.865486355002867,0.09069145344057986,0.5859263610360026,0.1718527220720052,0.4629632146962227,0.8642872023168493
zero-shot,SegFormer-B0,2026,lombok,Lombok,0.6,0.0637288782186763,0.11982165667138205,0.07909114953597424,0.247045721145288,0.11982165667101467,0.8886841940223624,0.09140951661141933,0.5780158191022357,0.1560316382044713,0.47578160214619125,0.8878343260737063
zero-shot,SegFormer-B0,2026,lombok,Lombok,0.7,0.06252829546666974,0.11769718648143274,0.08374577341446318,0.19794695306473625,0.11769718648101493,0.9089783834754874,0.08605870708261487,0.5647113416125528,0.12942268322510553,0.4854753539548069,0.9084224124429441
zero-shot,SegFormer-B0,2026,palu,Palu,0.3,0.022471408778150907,0.04395508487617105,0.024232110648745187,0.23621473842716878,0.04395508487600228,0.8756105009753672,0.040561463854957305,0.5598300987786853,0.11966019755737056,0.4488626012679704,0.8752537937577899
zero-shot,SegFormer-B0,2026,palu,Palu,0.4,0.024794151644947686,0.04838855023742938,0.027611048602801284,0.19551466005097537,0.04838855023721251,0.9069098072215422,0.04341542736822608,0.5555708418223849,0.11114168364476984,0.4657415563383804,0.9066889610318131
zero-shot,SegFormer-B0,2026,palu,Palu,0.5,0.027460873460623186,0.05345385730968296,0.032040617009476975,0.16115873339134407,0.053453857309406286,0.930908576657168,0.046417780385374835,0.550749793420015,0.10149958684002991,0.47911719865322344,0.9307735238458237
zero-shot,SegFormer-B0,2026,palu,Palu,0.6,0.030255474294335172,0.05873392580623443,0.038004737658943015,0.129209634717568,0.058733925805883186,0.9498667536050337,0.04906691116449097,0.5445662335717636,0.08913246714352718,0.49002184510590785,0.9497882159174805
zero-shot,SegFormer-B0,2026,palu,Palu,0.7,0.032106397379430295,0.06221528606149529,0.04543361735265195,0.098655262004826,0.0622152860610635,0.9639974008137623,0.050074088592579634,0.5366281490348621,0.07325629806972422,0.4980303752126428,0.9639543530458553
zero-shot,SegFormer-B0,777,wenchuan,Wenchuan,0.3,0.15337899977801034,0.2659646132061205,0.20937773275496332,0.36446597990972185,0.265964613205657,0.9084592669197683,0.23062602063509693,0.649429129126043,0.298858258252086,0.5301472735818427,0.906915547385675
zero-shot,SegFormer-B0,777,wenchuan,Wenchuan,0.4,0.1488362485579771,0.25910785587553814,0.23562984352633398,0.28778230759376344,0.25910785587504315,0.9251136351167486,0.22130448907196856,0.6216392623061741,0.2432785246123481,0.5364781257452016,0.924120002932426
zero-shot,SegFormer-B0,777,wenchuan,Wenchuan,0.5,0.1398224622985878,0.2453407735387477,0.2647115283934243,0.22861169094430336,0.2453407735382504,0.9360053244601475,0.21273524596366128,0.5991697885454752,0.1983395770909504,0.5375775461199368,0.9353326299412859
zero-shot,SegFormer-B0,777,wenchuan,Wenchuan,0.6,0.12455058113367398,0.22151174562217188,0.29522064360660677,0.17725563484826792,0.22151174562170306,0.9433082837737008,0.2008189197182348,0.5785414236915863,0.15708284738317269,0.5336989483690583,0.9428473156044427
zero-shot,SegFormer-B0,777,wenchuan,Wenchuan,0.7,0.10351889000334337,0.1876159818216247,0.33258526105804276,0.13066216531902547,0.1876159818212197,0.9485120451852177,0.1858489937607703,0.5590811971674018,0.11816239433480358,0.5258614928365728,0.9482040956698021
zero-shot,SegFormer-B0,777,jiuzhai_valley,Jiuzhai Valley,0.3,0.5796894867099742,0.7339283974311888,0.6690200718563319,0.8127847740243039,0.7339283974306934,0.8601128094508175,0.6458298137936718,0.84381429954641,0.6876285990928199,0.703180978844848,0.8266724709797217
zero-shot,SegFormer-B0,777,jiuzhai_valley,Jiuzhai Valley,0.4,0.5848275233158859,0.7380330221578552,0.7135543867896452,0.7642508091019368,0.7380330221573557,0.8712153155491825,0.6534633112581474,0.8343795996349349,0.6687591992698698,0.7137511638505167,0.8426748043851473
zero-shot,SegFormer-B0,777,jiuzhai_valley,Jiuzhai Valley,0.5,0.5758690794829647,0.7308590376960815,0.7523850952273464,0.7105304591032908,0.730859037695582,0.8757814560258439,0.650652930509002,0.8188734313046948,0.6377468626093896,0.7132247715291556,0.8505804635753466
zero-shot,SegFormer-B0,777,jiuzhai_valley,Jiuzhai Valley,0.6,0.5507161695042417,0.7102733309091678,0.7889045156812503,0.6458959992417599,0.7102733309086728,0.8749213702366825,0.6366619240378762,0.7960511563374124,0.5921023126748248,0.7014941820357385,0.8522721945672352
zero-shot,SegFormer-B0,777,jiuzhai_valley,Jiuzhai Valley,0.7,0.5014926890757607,0.6679921823454938,0.8258924799357792,0.5607783800185672,0.667992182345012,0.867679922369462,0.6063224512088443,0.761991237373215,0.5239824747464299,0.6744272854039035,0.8473618817320462
zero-shot,SegFormer-B0,777,moxitaidi,Moxitaidi,0.3,0.24205386472733373,0.3897638767550093,0.3029901176081422,0.5461871788880246,0.3897638767545503,0.8199408706353635,0.31177467653282265,0.6991701227358584,0.39834024547171687,0.5255045662979525,0.8089552678685713
zero-shot,SegFormer-B0,777,moxitaidi,Moxitaidi,0.4,0.24548321528089012,0.39419754882128544,0.3359076270586226,0.4769651239488528,0.39419754882080055,0.8456590924944196,0.31503660645447173,0.6830039478530049,0.3660078957060098,0.5414911580517847,0.8374991008226792
zero-shot,SegFormer-B0,777,moxitaidi,Moxitaidi,0.5,0.24051515708655485,0.3877665753821552,0.3664619200197989,0.4117012686233854,0.3877665753816569,0.8631306550940688,0.31168051736487873,0.6639754792135628,0.3279509584271256,0.5487222760825431,0.8569293950785313
zero-shot,SegFormer-B0,777,moxitaidi,Moxitaidi,0.6,0.22634023775814355,0.3691312260485119,0.3946595789669323,0.34670480325837144,0.36913122604801396,0.8752342379823023,0.30099982277209497,0.6420651628509814,0.2841303257019627,0.5484239238446686,0.8705076099311937
zero-shot,SegFormer-B0,777,moxitaidi,Moxitaidi,0.7,0.1994717163126897,0.3325992828340931,0.42069512856177144,0.2750105743264228,0.33259928283361506,0.8838037607621173,0.2793915216220732,0.6152250688268099,0.23045013765361988,0.5399054563678761,0.8803391964230625
zero-shot,SegFormer-B0,777,longxi_river,Longxi River,0.3,0.18516534112434932,0.3124717449949821,0.2851311149539227,0.34561173610473833,0.31247174499448666,0.7790265799330446,0.18346668600654756,0.5991573060578272,0.1983146121156545,0.4762545892827932,0.767343837441237
zero-shot,SegFormer-B0,777,longxi_river,Longxi River,0.4,0.1721428688363565,0.2937233564492887,0.3061640326940767,0.2822542316039957,0.29372335644878955,0.8027810776195587,0.1795321140223808,0.5867598980070167,0.17351979601403333,0.48324514016608205,0.7943474114958076
zero-shot,SegFormer-B0,777,longxi_river,Longxi River,0.5,0.15580624918746414,0.2696061719635042,0.3306266355825757,0.2276002599031017,0.26960617196302133,0.8208273256929538,0.17532672702509672,0.5746352003281471,0.14927040065629416,0.485252986196843,0.8146997232062219
zero-shot,SegFormer-B0,777,longxi_river,Longxi River,0.6,0.13538862409214455,0.23848860419999565,0.3660018559477641,0.17686848973515285,0.23848860419955636,0.8358915286323133,0.17210930038539432,0.5623937535528117,0.12478750710562347,0.4834758660964193,0.831563108100694
zero-shot,SegFormer-B0,777,longxi_river,Longxi River,0.7,0.10867425432182248,0.19604361497200756,0.4230422626722932,0.12758386916398676,0.19604361497165154,0.8479636926620532,0.16872573154781711,0.54900255274714,0.0980051054942801,0.4768832166987633,0.8450921790757041
zero-shot,SegFormer-B0,777,hokkaido_iburi_tobu,Hokkaido,0.3,0.11849652304926858,0.21188536684266282,0.22503550106672307,0.20018725998288664,0.21188536684216455,0.8473183356848046,0.12794403865373855,0.5607162210519622,0.12143244210392434,0.4813077546195045,0.8441189861897404
zero-shot,SegFormer-B0,777,hokkaido_iburi_tobu,Hokkaido,0.4,0.09718293632233384,0.17714992296195012,0.2360253632019874,0.14178284501187624,0.17714992296148124,0.8649590587358912,0.11274711257992566,0.5446779906683995,0.089355981336799,0.4800750176363619,0.8629670989503899
zero-shot,SegFormer-B0,777,hokkaido_iburi_tobu,Hokkaido,0.5,0.07757358808839437,0.1439782655141153,0.25683513780490697,0.10002563391796584,0.14397826551371185,0.8780557884360259,0.10374297149695542,0.5334809474099944,0.06696189481998882,0.47718292946567864,0.8767922708429629
zero-shot,SegFormer-B0,777,hokkaido_iburi_tobu,Hokkaido,0.6,0.058842176429601316,0.11114437588426292,0.2957185155394067,0.06843213089264202,0.1111443758839577,0.887781148329578,0.09928532880346255,0.5249069643552423,0.04981392871048462,0.47291521488008365,0.886988253330566
zero-shot,SegFormer-B0,777,hokkaido_iburi_tobu,Hokkaido,0.7,0.04072854747069637,0.07826930003924612,0.3672761643356408,0.04380190717954293,0.07826930003905573,0.8942287475914968,0.09710634222673048,0.5175907835774463,0.03518156715489251,0.4672400766538514,0.8937516058370065
zero-shot,SegFormer-B0,777,lombok,Lombok,0.3,0.0655490827377187,0.12303343656268415,0.07338943618484166,0.38025642547092736,0.12303343656241295,0.8337427541750286,0.10769368970825868,0.6141738431100772,0.22834768622015433,0.44866499299612767,0.8317809032545367
zero-shot,SegFormer-B0,777,lombok,Lombok,0.4,0.06581454288083731,0.12350092860047542,0.07564664337086546,0.3361510618972198,0.12350092860017552,0.8536610734572104,0.10361890792838166,0.6030931896840697,0.20618637936813933,0.4589755901441062,0.8521366374073751
zero-shot,SegFormer-B0,777,lombok,Lombok,0.5,0.06554034576363477,0.12301804624143882,0.07744832953655668,0.29886940923551614,0.12301804624111191,0.8693084716796875,0.09940226301276071,0.5931134116704931,0.18622682334098628,0.46681988646393763,0.8680994271642405
zero-shot,SegFormer-B0,777,lombok,Lombok,0.6,0.06530981763451081,0.12261187600716822,0.07990164588086747,0.263418062978972,0.1226118760068111,0.8843757559400086,0.0957636074288251,0.5837205964989779,0.1674411929979558,0.47437191622596747,0.8834340148174241
zero-shot,SegFormer-B0,777,lombok,Lombok,0.7,0.06491267580406614,0.12191173469703247,0.08361040617748042,0.22496793540524626,0.1219117346966374,0.9006066278580132,0.09208391183412745,0.5734760340887815,0.1469520681775629,0.4824143736656553,0.8999160715272445
zero-shot,SegFormer-B0,777,palu,Palu,0.3,0.029691903882823955,0.05767143311676035,0.03390199896777103,0.19295971957368288,0.057671433116506125,0.9236663855712591,0.054219661358560114,0.5627899794516339,0.12557995890326779,0.47658978420839754,0.9234876645339711
zero-shot,SegFormer-B0,777,palu,Palu,0.4,0.033548930178059,0.06491986822971066,0.04076150432142023,0.1593813834940971,0.06491986822938628,0.9444202810635327,0.058409792092701696,0.5567106443487773,0.11342128869755452,0.48893088509869725,0.9443128400193355
zero-shot,SegFormer-B0,777,palu,Palu,0.5,0.03518139287649202,0.06797145528037814,0.046345234969219135,0.1274384561741309,0.067971455279987,0.957693149001683,0.058099956366140015,0.5476526448514797,0.09530528970295937,0.4964045873859831,0.9576277818954742
zero-shot,SegFormer-B0,777,palu,Palu,0.6,0.035296520194379,0.06818630123039919,0.05194645707970036,0.0991983411400959,0.06818630122994807,0.9671795960593252,0.05604397329000626,0.5385069556820541,0.07701391136410818,0.5012183285522146,0.9671401369100502
zero-shot,SegFormer-B0,777,palu,Palu,0.7,0.03367151083081985,0.0651493447928272,0.05949248312016808,0.07199501354612162,0.06514934479233173,0.9749883607376454,0.05283598644679618,0.5290241879056857,0.058048375811371455,0.5043190271394381,0.9749665434480564
cas-retrain20,Bottleneck-LiteASK,42,wenchuan,Wenchuan,0.3,0.10728200331858095,0.19377539415803977,0.14627120206489674,0.2869759836022336,0.1937753941575925,0.8913406200623244,0.1513867945821508,0.6035638059028128,0.20712761180562556,0.49859248293102665,0.8899029625434723
cas-retrain20,Bottleneck-LiteASK,42,wenchuan,Wenchuan,0.4,0.10430847320836015,0.18891184073832476,0.157624718410297,0.2356952848885841,0.18891184073784448,0.9079075502545646,0.14536812539248942,0.5878241229729215,0.17564824594584305,0.5056088261729088,0.9069091791374574
cas-retrain20,Bottleneck-LiteASK,42,wenchuan,Wenchuan,0.5,0.09916349575585784,0.1804344779257183,0.16861930988415116,0.19403018816738382,0.18043447792522074,0.9197956899578652,0.13886395060771875,0.5742121277635606,0.14842425552712113,0.5091223836758452,0.9190812715958325
cas-retrain20,Bottleneck-LiteASK,42,wenchuan,Wenchuan,0.6,0.09162738197994821,0.16787300042576486,0.18171603139210282,0.15598978153894846,0.16787300042526776,0.9296329798323385,0.131776079828222,0.5612517717506029,0.12250354350120585,0.5103786663392219,0.9291299506984956
cas-retrain20,Bottleneck-LiteASK,42,wenchuan,Wenchuan,0.7,0.078980322921692,0.14639807834090424,0.19848066654628937,0.11596747575376222,0.14639807834043866,0.9384652469935042,0.12131165329872974,0.5468212394171245,0.09364247883424892,0.5085595704812299,0.9381388180407678
cas-retrain20,Bottleneck-LiteASK,42,jiuzhai_valley,Jiuzhai Valley,0.3,0.5782337907495355,0.73276062664318,0.7408409623163722,0.7248546532822008,0.7327606266426802,0.8744991099683544,0.6508331455276638,0.8229655604039323,0.6459311208078646,0.7133258934379858,0.8484179961264361
cas-retrain20,Bottleneck-LiteASK,42,jiuzhai_valley,Jiuzhai Valley,0.4,0.5632263086020097,0.7205947155606688,0.7880883028096114,0.6637497508986743,0.7205947155601723,0.8778184953520569,0.6470237606499677,0.8040989437109386,0.6081978874218772,0.7090971496961922,0.8549679907903747
cas-retrain20,Bottleneck-LiteASK,42,jiuzhai_valley,Jiuzhai Valley,0.5,0.535253315007683,0.6972833861036208,0.8264878483595758,0.6030144211440677,0.6972833861031329,0.8757168669237869,0.633705010630843,0.781805436342686,0.5636108726853719,0.6951043913447965,0.8549554676819102
cas-retrain20,Bottleneck-LiteASK,42,jiuzhai_valley,Jiuzhai Valley,0.6,0.49277639325026595,0.6602146114828751,0.8609447985637407,0.535388271719379,0.6602146114824023,0.8691884848035337,0.6099009146272808,0.7542366168458441,0.5084732336916882,0.6714601634602626,0.8501439336702592
cas-retrain20,Bottleneck-LiteASK,42,jiuzhai_valley,Jiuzhai Valley,0.7,0.42792708977137117,0.599368263039099,0.894696222550067,0.45062321332725075,0.5993682630386535,0.8570043842299578,0.5693002452678586,0.7170575751297428,0.43411515025948555,0.6339019610395524,0.8398768323077338
cas-retrain20,Bottleneck-LiteASK,42,moxitaidi,Moxitaidi,0.3,0.2768477167925016,0.43364249808576294,0.3245670095940491,0.6531396136451699,0.4336424980853194,0.8203851816605549,0.370439990578582,0.7466021681670321,0.49320433633406413,0.5419850498509375,0.8071223829093735
cas-retrain20,Bottleneck-LiteASK,42,moxitaidi,Moxitaidi,0.4,0.28943667928511074,0.44893507984522385,0.3611465316890501,0.5931099759526507,0.4489350798447534,0.8467036655970982,0.38116824172286995,0.7348268197892185,0.469653639578437,0.5629652803651065,0.8364938814451022
cas-retrain20,Bottleneck-LiteASK,42,moxitaidi,Moxitaidi,0.5,0.2944003214497017,0.4548829547878656,0.39571455019496227,0.534856233528453,0.4548829547873768,0.8650401835538903,0.3854462926526017,0.7193743394351964,0.4387486788703927,0.5756937363404169,0.8569871512311322
cas-retrain20,Bottleneck-LiteASK,42,moxitaidi,Moxitaidi,0.6,0.2893163923999737,0.4487903731083899,0.4308990669459096,0.46823176557235946,0.4487903731078907,0.8789091149154975,0.3813205016511334,0.6977323413385648,0.39546468267712953,0.580973371740285,0.8726303510805962
cas-retrain20,Bottleneck-LiteASK,42,moxitaidi,Moxitaidi,0.7,0.27005884557458437,0.4252698156712694,0.4712045199170716,0.3874953783538362,0.4252698156707742,0.8897335753148916,0.36706270839903765,0.6681632933452597,0.3363265866905194,0.577551355362819,0.8850438651510536
cas-retrain20,Bottleneck-LiteASK,42,longxi_river,Longxi River,0.3,0.1202594205400904,0.21469923543622046,0.1833710781130414,0.25893760832441515,0.21469923543573508,0.7247848023240939,0.05489987200755348,0.5314559449610012,0.06291188992200247,0.41714271649608325,0.7140260124520761
cas-retrain20,Bottleneck-LiteASK,42,longxi_river,Longxi River,0.4,0.1129315902279644,0.20294435205102293,0.18669013185572714,0.22229885400716662,0.20294435205052672,0.7462998899027181,0.05373138489799381,0.5288369045469798,0.057673809093959694,0.42538196170067083,0.7378323331733773
cas-retrain20,Bottleneck-LiteASK,42,longxi_river,Longxi River,0.5,0.10530587080236652,0.19054611684261227,0.18985427737928454,0.1912430169495677,0.1905461168421123,0.7639253512738993,0.05236030897206777,0.5262593896602547,0.0525187793205093,0.43124207874533327,0.7571782866883
cas-retrain20,Bottleneck-LiteASK,42,longxi_river,Longxi River,0.6,0.09681842190579591,0.17654412065320235,0.19356192352262805,0.16227687330461962,0.17654412065270622,0.7800543056890226,0.05101423135481451,0.5236736584597419,0.047347316919483795,0.4357808650601475,0.7747433082144991
cas-retrain20,Bottleneck-LiteASK,42,longxi_river,Longxi River,0.7,0.0859745708476052,0.15833625050815303,0.19840640349465294,0.13173171597952785,0.15833625050767344,0.7965206353428265,0.049249118593477595,0.5206299917507126,0.041259983501425124,0.4392623527847148,0.7925501347218245
cas-retrain20,Bottleneck-LiteASK,42,hokkaido_iburi_tobu,Hokkaido,0.3,0.09203196493595614,0.16855177850284536,0.11193702154262145,0.34104142705906754,0.16855177850247324,0.6550381806982817,0.020911527362457293,0.5159749569406596,0.03194991388131929,0.36728568699169983,0.6425394090474436
cas-retrain20,Bottleneck-LiteASK,42,hokkaido_iburi_tobu,Hokkaido,0.4,0.08756570512744162,0.16103064801437558,0.11075042319192689,0.2949256475974119,0.16103064801397865,0.6849263234922507,0.01661660833755622,0.5122023999834614,0.024404799966922797,0.38133398140611346,0.6751022576847853
cas-retrain20,Bottleneck-LiteASK,42,hokkaido_iburi_tobu,Hokkaido,0.5,0.08323359397564696,0.15367616816639865,0.10988700223786986,0.25548511688304393,0.15367616816597804,0.7114921220229321,0.013576603497716194,0.5095352436289773,0.01907048725795457,0.3934826701131391,0.7037317462506312
cas-retrain20,Bottleneck-LiteASK,42,hokkaido_iburi_tobu,Hokkaido,0.6,0.07834307061405117,0.1453026828826183,0.10928374054403493,0.2167373839202725,0.14530268288217263,0.73858255967297,0.011255677177574246,0.5074672006717871,0.014934401343574155,0.4054923137343341,0.732641556854617
cas-retrain20,Bottleneck-LiteASK,42,hokkaido_iburi_tobu,Hokkaido,0.7,0.07187902825322186,0.1341177994131649,0.10907894842682304,0.17407676776753447,0.13411779941269125,0.7695507861854574,0.00955552272089751,0.5058266052652626,0.011653210530525149,0.41862108854903674,0.7653631488448516
cas-retrain20,Bottleneck-LiteASK,42,lombok,Lombok,0.3,0.05379839868337664,0.10210377763069814,0.05922283002548098,0.3700231412804842,0.10210377763046026,0.8004014601401233,0.0806262707490828,0.5920209802080922,0.18404196041618448,0.42595434467845694,0.7981102906735372
cas-retrain20,Bottleneck-LiteASK,42,lombok,Lombok,0.4,0.05231855278078755,0.0994348196989096,0.05913098938820802,0.3122977420135196,0.09943481969864189,0.8265039286482225,0.07257115844142026,0.5775356901020231,0.1550713802040462,0.4385723170633094,0.8248260813458312
cas-retrain20,Bottleneck-LiteASK,42,lombok,Lombok,0.5,0.050900362446781706,0.09687000645479239,0.059194883073400685,0.2664624878474045,0.09687000645449494,0.8476153732439794,0.06621020738258099,0.5662328967900064,0.13246579358001287,0.44863006222626384,0.8463597620057459
cas-retrain20,Bottleneck-LiteASK,42,lombok,Lombok,0.6,0.04956259157596405,0.09444427988147644,0.059725374461903624,0.22557043028175763,0.09444427988114541,0.8673321085238676,0.06099371625740394,0.5566040800571488,0.11320816011429757,0.4579852381595962,0.8664078847432283
cas-retrain20,Bottleneck-LiteASK,42,lombok,Lombok,0.7,0.04732186990336238,0.09036738611737158,0.06022567724446443,0.18090821538278964,0.09036738611699682,0.8882990845846473,0.054604778960858934,0.5457947288485168,0.09158945769703353,0.46749886425954773,0.8876758586157331
cas-retrain20,Bottleneck-LiteASK,42,palu,Palu,0.3,0.02351064065331065,0.04594117485345091,0.024780221329591675,0.31454773233604255,0.04594117485331552,0.8418507383386246,0.04938625887910741,0.5814299394090057,0.16285987881801134,0.43237844519902835,0.841246249744746
cas-retrain20,Bottleneck-LiteASK,42,palu,Palu,0.4,0.026411554657947946,0.05146386853906688,0.028367279220060992,0.2769827016952709,0.051463868538898346,0.87640194093291,0.05444383370114954,0.5803648704078731,0.1607297408157462,0.45119884013773437,0.8759861256175208
cas-retrain20,Bottleneck-LiteASK,42,palu,Palu,0.5,0.029271437394528005,0.05687797471311356,0.03225424538494719,0.24042360172551053,0.056877974712904976,0.9034819772223073,0.05802644125492073,0.5760152457259852,0.15203049145197034,0.46623584367132137,0.9032002499481148
cas-retrain20,Bottleneck-LiteASK,42,palu,Palu,0.6,0.03247180208420241,0.06290109234683816,0.03725842368821128,0.2017600701065793,0.062901092346575,0.9272270436094324,0.06092051027274697,0.5689383809505654,0.13787676190113074,0.479760335749267,0.9270488694143316
cas-retrain20,Bottleneck-LiteASK,42,palu,Palu,0.7,0.03630873054129923,0.07007319242082222,0.04501582848635375,0.15804837107116188,0.07007319242047713,0.9492197958900703,0.06340479447856039,0.5584814685978188,0.11696293719563755,0.4927155929484291,0.949122455355559
cas-retrain20,Bottleneck-LiteASK,2026,wenchuan,Wenchuan,0.3,0.12025090052991923,0.2146856574237721,0.15985034189136885,0.3267872887167391,0.21468565742333096,0.8912147779143258,0.17571885940268417,0.6224546042272612,0.24490920845452235,0.504911834609894,0.8895727686898688
cas-retrain20,Bottleneck-LiteASK,2026,wenchuan,Wenchuan,0.4,0.11440761018698795,0.20532453142130164,0.1680219922566531,0.26391662459212817,0.20532453142082632,0.90704345703125,0.16310636372228843,0.6008094721576991,0.20161894431539817,0.5101605993517011,0.9059135885164143
cas-retrain20,Bottleneck-LiteASK,2026,wenchuan,Wenchuan,0.5,0.10700449111931934,0.19332259620938752,0.1760341573589926,0.2143766814115945,0.19332259620889233,0.9185935031162219,0.1517044049142872,0.5832706513115449,0.16654130262308975,0.5123980398796925,0.9177915886400656
cas-retrain20,Bottleneck-LiteASK,2026,wenchuan,Wenchuan,0.6,0.09774102738487762,0.17807665915106363,0.1856299663189562,0.17111400818381173,0.17807665915056442,0.9281256172094452,0.14068879408251173,0.567663776815929,0.1353275536318581,0.5126513161060037,0.9275616048271298
cas-retrain20,Bottleneck-LiteASK,2026,wenchuan,Wenchuan,0.7,0.08450219816371086,0.1558359186487418,0.19974314866743645,0.1277533703589272,0.15583591864826596,0.9370209768916784,0.12813722962168783,0.5516767003394101,0.10335340067882015,0.5105774660289366,0.9366527338941623
cas-retrain20,Bottleneck-LiteASK,2026,jiuzhai_valley,Jiuzhai Valley,0.3,0.5954371867466982,0.7464251074163205,0.7503835907497538,0.742508169134766,0.7464251074158205,0.8802490955465454,0.6680600254884929,0.8328148035220975,0.6656296070441949,0.7250321684959058,0.8546271502451133
cas-retrain20,Bottleneck-LiteASK,2026,jiuzhai_valley,Jiuzhai Valley,0.4,0.5773694304436818,0.732066210109422,0.7970533426448752,0.6768775209574934,0.7320662101089253,0.8823898585838608,0.6609688295407997,0.8116169046656245,0.6232338093312491,0.7186227077050902,0.8598759849664986
cas-retrain20,Bottleneck-LiteASK,2026,jiuzhai_valley,Jiuzhai Valley,0.5,0.5481600921860612,0.7081439380239265,0.8326659814431202,0.6160204179764015,0.7081439380234376,0.8794687005537974,0.6457607577003668,0.7887441563340427,0.5774883126680854,0.7034927433978017,0.8588253946095422
cas-retrain20,Bottleneck-LiteASK,2026,jiuzhai_valley,Jiuzhai Valley,0.6,0.5092393391718448,0.6748291353858779,0.8636413259582504,0.5537634870574937,0.6748291353854018,0.8733224448674842,0.6236691830438049,0.7632748844316557,0.5265497688633114,0.6816951572092815,0.8541509752467182
cas-retrain20,Bottleneck-LiteASK,2026,jiuzhai_valley,Jiuzhai Valley,0.7,0.4548395638671502,0.6252779690127869,0.89439592536062,0.4806526819272909,0.6252779690123321,0.8632507272712289,0.5904855447632142,0.7314941906804072,0.46298838136081444,0.6502394064106701,0.84563924895419
cas-retrain20,Bottleneck-LiteASK,2026,moxitaidi,Moxitaidi,0.3,0.29576027735330707,0.45650462129834823,0.37177085158275747,0.5912654584820887,0.4565046212978742,0.8517787388392857,0.38938891699092293,0.7368492067271477,0.4736984134542954,0.5688499891817663,0.8419397010102255
cas-retrain20,Bottleneck-LiteASK,2026,moxitaidi,Moxitaidi,0.4,0.3006509692855568,0.4623084538209407,0.41237616392346266,0.5259986453030765,0.46230845382044805,0.8711859255420918,0.39408446678701237,0.7189011262622401,0.43780225252448024,0.5821426654947821,0.8636343617040074
cas-retrain20,Bottleneck-LiteASK,2026,moxitaidi,Moxitaidi,0.5,0.2969246860429737,0.45789040680367626,0.44909428904932774,0.4670379758816622,0.4578904068031765,0.8835726368183993,0.39279609014637595,0.699811818082754,0.3996236361655079,0.5872382789851498,0.8775518719273259
cas-retrain20,Bottleneck-LiteASK,2026,moxitaidi,Moxitaidi,0.6,0.2873390127662959,0.4464076826955598,0.4894688631763766,0.4103104858866018,0.4464076826950637,0.8928608174226722,0.38945541783614207,0.6799761470213941,0.35995229404278817,0.5876813597490059,0.8880237067317159
cas-retrain20,Bottleneck-LiteASK,2026,moxitaidi,Moxitaidi,0.7,0.26786922384561307,0.4225502422609971,0.5392843071254267,0.3473602636039079,0.4225502422605205,0.9000475825095663,0.3813991642889276,0.6562208767115159,0.3124417534230317,0.5820613884844208,0.8962535531232285
cas-retrain20,Bottleneck-LiteASK,2026,longxi_river,Longxi River,0.3,0.1309590041398934,0.23158930369804012,0.19827027269887693,0.27836877082710154,0.23158930369755426,0.731609478545265,0.07610451164201673,0.543512374468574,0.08702474893714807,0.4256279799495364,0.7202969557591794
cas-retrain20,Bottleneck-LiteASK,2026,longxi_river,Longxi River,0.4,0.12117593331122527,0.2161586414958985,0.2010322807034757,0.2337465354221991,0.21615864149540132,0.7536954057102386,0.07131525905580773,0.5379140888433028,0.07582817768660566,0.43310619657076227,0.7450364598302993
cas-retrain20,Bottleneck-LiteASK,2026,longxi_river,Longxi River,0.5,0.1112443647366166,0.2002158449874045,0.20365793238924815,0.19688817539869172,0.20021584498690465,0.7714581474328575,0.06695408969124522,0.533008806963961,0.06601761392792205,0.4379861260329944,0.7647278873293722
cas-retrain20,Bottleneck-LiteASK,2026,longxi_river,Longxi River,0.6,0.10060204372564657,0.18281275107412798,0.2074902509640376,0.16338127694426965,0.18281275107363504,0.7877786167132588,0.06343865357414674,0.5286506756352737,0.05730135127054736,0.44161022862952204,0.7826184135333976
cas-retrain20,Bottleneck-LiteASK,2026,longxi_river,Longxi River,0.7,0.0880470287870179,0.16184416014659758,0.2159659757747337,0.12941285419808435,0.16184416014612898,0.8052502470656325,0.06193357738522197,0.524774433087831,0.04954886617566201,0.44478264611725404,0.8015182634474902
cas-retrain20,Bottleneck-LiteASK,2026,hokkaido_iburi_tobu,Hokkaido,0.3,0.08916352620643966,0.16372844675949907,0.1088732390637987,0.3299943717704372,0.16372844675912598,0.6543856721040052,0.014051141525879685,0.5107189002011789,0.021437800402357876,0.3657233081951815,0.6422830901839234
cas-retrain20,Bottleneck-LiteASK,2026,hokkaido_iburi_tobu,Hokkaido,0.4,0.08506985782227791,0.15680070220181413,0.10855958400821712,0.2822057685542029,0.15680070220141287,0.6888210985538452,0.011990927304942197,0.5087388589648629,0.017477717929725856,0.3823096322026071,0.6795494065829363
cas-retrain20,Bottleneck-LiteASK,2026,hokkaido_iburi_tobu,Hokkaido,0.5,0.08145448010503714,0.15063875845634447,0.10902181071650448,0.2436457769624489,0.15063875845591732,0.7183066314121462,0.01167576042494504,0.5080883159477574,0.01617663189551477,0.39627207843396145,0.7110896767628858
cas-retrain20,Bottleneck-LiteASK,2026,hokkaido_iburi_tobu,Hokkaido,0.6,0.07745834545874784,0.14377974941716845,0.10997976759622932,0.20757295737990067,0.1437797494167157,0.7465334992524427,0.012037048216821064,0.5078380682892665,0.01567613657853295,0.4092401991778901,0.7410220528970324
cas-retrain20,Bottleneck-LiteASK,2026,hokkaido_iburi_tobu,Hokkaido,0.7,0.07218755920797248,0.13465472265187933,0.11189179400521923,0.1690446571734253,0.13465472265140005,0.7772430255406629,0.013219084055567298,0.5078834706757903,0.015766941351580632,0.4227509023962241,0.7733142455844757
cas-retrain20,Bottleneck-LiteASK,2026,lombok,Lombok,0.3,0.06303808948753933,0.11859986977122938,0.07146609581440559,0.34833789008119986,0.11859986977094689,0.8412061218821675,0.09919581649813382,0.6025692896224262,0.20513857924485235,0.45126470587497935,0.8394913222624194
cas-retrain20,Bottleneck-LiteASK,2026,lombok,Lombok,0.4,0.06167952757391091,0.11619236496884786,0.07213950383679683,0.29843579549863297,0.1161923649685343,0.8607564103712729,0.09168421404809854,0.5884921385247844,0.17698427704956887,0.4605748316871086,0.8594701358003063
cas-retrain20,Bottleneck-LiteASK,2026,lombok,Lombok,0.5,0.05984212164046512,0.11292648295170443,0.07234583434976312,0.2571922825883545,0.11292648295136176,0.8760730148455419,0.08455506716314702,0.5764234777820855,0.15284695556417094,0.46746490824052267,0.8750876948405802
cas-retrain20,Bottleneck-LiteASK,2026,lombok,Lombok,0.6,0.05708275079323125,0.10800053401759996,0.07179700862093605,0.21785210576523695,0.10800053401722709,0.8896316388331422,0.07640640882199173,0.5643695720075597,0.12873914401511932,0.47298599991894924,0.8888892490446673
cas-retrain20,Bottleneck-LiteASK,2026,lombok,Lombok,0.7,0.05352663804245438,0.10161420909472513,0.07103145042606152,0.17844346361524313,0.10161420909431781,0.9032272198878297,0.0676341756021778,0.5523015799085583,0.10460315981711665,0.4781106594949018,0.9026946809473492
cas-retrain20,Bottleneck-LiteASK,2026,palu,Palu,0.3,0.026893705236998047,0.0523787517633896,0.02905186503260325,0.2658002085917588,0.05237875176321196,0.883575999751377,0.054689580468609306,0.5784731210236624,0.15694624204732488,0.45504694459417583,0.8832001839513536
cas-retrain20,Bottleneck-LiteASK,2026,palu,Palu,0.4,0.030127080699644343,0.05849196912517348,0.03357265981068131,0.22693302229710133,0.05849196912494896,0.9115631962639611,0.058602425129897294,0.5734427326098993,0.14688546521979862,0.4707233312727977,0.9113195818459511
cas-retrain20,Bottleneck-LiteASK,2026,palu,Palu,0.5,0.03311441883999916,0.06410600459372287,0.03840248216979587,0.19386073722992614,0.06410600459344686,0.9314787361583919,0.06134946329381177,0.5671890082426797,0.1343780164853594,0.48221598712593206,0.931317555411865
cas-retrain20,Bottleneck-LiteASK,2026,palu,Palu,0.6,0.0358643043177638,0.06924517848191436,0.04403536117016011,0.16197335209424893,0.06924517848157823,0.9472895310587516,0.06303117166831776,0.5594429525067418,0.11888590501348362,0.4915251402702473,0.9471859762227308
cas-retrain20,Bottleneck-LiteASK,2026,palu,Palu,0.7,0.03872898040144473,0.07456994294407165,0.05241398307206891,0.1291726065947087,0.074569942943661,0.9611887377361918,0.06463699136515706,0.5502783064895045,0.10055661297900897,0.4999284673415648,0.961127954281685
cas-retrain20,Bottleneck-LiteASK,777,wenchuan,Wenchuan,0.3,0.09212018921362158,0.16869972760040722,0.12123998510330462,0.27721720258325105,0.16869972759998383,0.8756837309076545,0.12384183527595415,0.5907153847928619,0.1814307695857238,0.4831078778657405,0.8740955665178595
cas-retrain20,Bottleneck-LiteASK,777,wenchuan,Wenchuan,0.4,0.08845393725570569,0.16253133775917536,0.12637677521909185,0.22766218792624018,0.1625313377587163,0.8932453969891152,0.11595969337504565,0.5763184891143083,0.15263697822861655,0.49029093431767884,0.892127931379652
cas-retrain20,Bottleneck-LiteASK,777,wenchuan,Wenchuan,0.5,0.08518787292372199,0.157001151688524,0.1332401486051192,0.19107617877785396,0.15700115168803988,0.9066326698560393,0.11123410165292387,0.5659102732582411,0.13182054651648212,0.4955008239151816,0.9058137749066412
cas-retrain20,Bottleneck-LiteASK,777,wenchuan,Wenchuan,0.6,0.08093377725601894,0.14974789197812216,0.1419486805597748,0.15845396794296954,0.1497478919776237,0.9181244239378511,0.10705416209595503,0.5563965357579695,0.11279307151593909,0.4992317941222113,0.9175298109884037
cas-retrain20,Bottleneck-LiteASK,777,wenchuan,Wenchuan,0.7,0.07542828493538235,0.14027580637776232,0.1566858843221127,0.12697718932035176,0.14027580637726783,0.9291783022076896,0.10439012846441709,0.54719883707203,0.09439767414405997,0.502097508990632,0.9287667330458816
cas-retrain20,Bottleneck-LiteASK,777,jiuzhai_valley,Jiuzhai Valley,0.3,0.45775686184780395,0.6280290956992192,0.6828554375398335,0.5813524136269361,0.6280290956987223,0.8365344495813555,0.526930680962897,0.7486565796687574,0.49731315933751485,0.6340612473358287,0.8103656328238534
cas-retrain20,Bottleneck-LiteASK,777,jiuzhai_valley,Jiuzhai Valley,0.4,0.4148083043214519,0.5863809295640171,0.7288237484972578,0.4905138830157682,0.5863809295635362,0.8357408483320148,0.50365917315731,0.716853912443624,0.4337078248872479,0.614451784084064,0.8140952638466762
cas-retrain20,Bottleneck-LiteASK,777,jiuzhai_valley,Jiuzhai Valley,0.5,0.360468351512514,0.5299180258206813,0.7679279404260774,0.4045367774238861,0.5299180258202293,0.8296349634098101,0.47141260985274136,0.6832425147860949,0.36648502957218976,0.5860030914603518,0.8115378314081895
cas-retrain20,Bottleneck-LiteASK,777,jiuzhai_valley,Jiuzhai Valley,0.6,0.29589485027554213,0.4566649064353129,0.8030008343539305,0.3190555744189777,0.4566649064349059,0.819783724370385,0.4290047592170321,0.6473463384140106,0.29469267682802114,0.5504558060195349,0.8050167617635277
cas-retrain20,Bottleneck-LiteASK,777,jiuzhai_valley,Jiuzhai Valley,0.7,0.2258575278842584,0.3684890335895268,0.8350481344591713,0.23640470928226184,0.3684890335891829,0.8076598245483914,0.3770406277942008,0.6109348375464461,0.22186967509289213,0.5110411930937905,0.7962248583033226
cas-retrain20,Bottleneck-LiteASK,777,moxitaidi,Moxitaidi,0.3,0.2849636677812299,0.44353575891103886,0.3724414455475948,0.5481754480408657,0.44353575891055713,0.8551876768773916,0.3727527877629966,0.7197444021064985,0.43948880421299696,0.5656410277821431,0.8463183877830563
cas-retrain20,Bottleneck-LiteASK,777,moxitaidi,Moxitaidi,0.4,0.29102903708425804,0.4508481664231759,0.4171677547196205,0.4904446541233957,0.4508481664226791,0.8742148263113839,0.38193170956169,0.7049085772492077,0.4098171544984155,0.5791977177246479,0.8673663983650379
cas-retrain20,Bottleneck-LiteASK,777,moxitaidi,Moxitaidi,0.5,0.28787267936195077,0.4470514577645535,0.46160689925894843,0.4333858845313133,0.447051457764054,0.8871298030931123,0.3845084703950427,0.6869535349676131,0.37390706993522627,0.5848031710857298,0.8817336628095087
cas-retrain20,Bottleneck-LiteASK,777,moxitaidi,Moxitaidi,0.6,0.27332020400861323,0.42930317629164766,0.5093267021667964,0.3710112605484452,0.42930317629115994,0.8961501763791454,0.3794103930815868,0.6644768819983569,0.3289537639967137,0.5826245510017469,0.8919288979948807
cas-retrain20,Bottleneck-LiteASK,777,moxitaidi,Moxitaidi,0.7,0.24394303485023983,0.39220933437616534,0.564449585373686,0.30050963816577586,0.3922093343757119,0.9019445302535076,0.3645621437673634,0.636612065632966,0.27322413126593204,0.5713419773084747,0.8987409197667094
cas-retrain20,Bottleneck-LiteASK,777,longxi_river,Longxi River,0.3,0.09593217549139912,0.17506954834752364,0.15551607752547017,0.20024718643819844,0.17506954834703153,0.7258142343344399,0.013918316192337212,0.5077013463612555,0.015402692722511047,0.4067650571954821,0.7175979388995651
cas-retrain20,Bottleneck-LiteASK,777,longxi_river,Longxi River,0.4,0.08906860998158261,0.16356840912546156,0.15613617236232546,0.17174357368106977,0.16356840912496273,0.7447984835591179,0.013421092309030058,0.5069779012736968,0.013955802547393592,0.4136680448072252,0.7382674796328678
cas-retrain20,Bottleneck-LiteASK,777,longxi_river,Longxi River,0.5,0.08224427081285675,0.1519883690418326,0.1564749978146496,0.14775185997980433,0.15198836904133303,0.7604500036270093,0.012654225765366975,0.5061772859944461,0.012354571988892227,0.41871949949068393,0.7551947281685111
cas-retrain20,Bottleneck-LiteASK,777,longxi_river,Longxi River,0.6,0.07484027303118142,0.13925840873104367,0.15672045340421428,0.12529755398836007,0.1392584087305499,0.7749568951396516,0.011757083061908343,0.5053451002897604,0.010690200579520859,0.42281217657688663,0.7707840801225919
cas-retrain20,Bottleneck-LiteASK,777,longxi_river,Longxi River,0.7,0.06604206142665583,0.12390141780761164,0.15681253546703713,0.10240839850064162,0.12390141780713368,0.7895814450784994,0.010584942285715179,0.5044012795289691,0.008802559057938142,0.42622268755891574,0.7864033136911757
cas-retrain20,Bottleneck-LiteASK,777,hokkaido_iburi_tobu,Hokkaido,0.3,0.0919000651453585,0.16833054247162146,0.11490022287284177,0.31464531121943234,0.1683305424712296,0.6812346425017899,0.025488018270350726,0.5188791607573797,0.03775832151475944,0.3812544084264741,0.6706087517075897
cas-retrain20,Bottleneck-LiteASK,777,hokkaido_iburi_tobu,Hokkaido,0.4,0.08715680993698528,0.16033898539813615,0.11413802170666176,0.2693783794951121,0.1603389853977181,0.710739176870999,0.02162906704468633,0.5152688269009214,0.0305376538018427,0.39484011530932506,0.7025234206816648
cas-retrain20,Bottleneck-LiteASK,777,hokkaido_iburi_tobu,Hokkaido,0.5,0.08243504395823216,0.1523140707950196,0.11365228980615966,0.23084045152602042,0.15231407079457746,0.7365677825845477,0.018811694268676613,0.5125907121714417,0.025181424342883396,0.4063085164552015,0.7301819889521708
cas-retrain20,Bottleneck-LiteASK,777,hokkaido_iburi_tobu,Hokkaido,0.6,0.07712310413786419,0.1432020236899365,0.1134640372644585,0.19406480527248374,0.14320202368947085,0.7619116852546959,0.016628687828237846,0.51042304145245,0.020846082904899976,0.4171007377951481,0.7570783714524321
cas-retrain20,Bottleneck-LiteASK,777,hokkaido_iburi_tobu,Hokkaido,0.7,0.06989585436502917,0.13065917412403014,0.11308254379423885,0.1547053082268028,0.13065917412354222,0.7889344248810226,0.01405729916401894,0.5080463439035193,0.016092687807038653,0.42771428060104055,0.7855327068370519
cas-retrain20,Bottleneck-LiteASK,777,lombok,Lombok,0.3,0.06091048696950735,0.11482681662144421,0.0680308800788715,0.36787333001656863,0.11482681662118081,0.8260488247652666,0.09661712229871658,0.604209514314391,0.20841902862878192,0.4424871394946659,0.8240637920198244
cas-retrain20,Bottleneck-LiteASK,777,lombok,Lombok,0.4,0.06062437720299599,0.11431827988504344,0.06956790569965746,0.3204542446220486,0.11431827988475034,0.847709725756164,0.09150442391486736,0.592423282664329,0.18484656532865795,0.4534112428365164,0.8461981084700368
cas-retrain20,Bottleneck-LiteASK,777,lombok,Lombok,0.5,0.05999052729749657,0.11319068567611765,0.07090782329257932,0.28038833533404234,0.11319068567579543,0.8652515936335292,0.0866972609517629,0.5820726296420701,0.16414525928414014,0.4620366491681373,0.8640827710387781
cas-retrain20,Bottleneck-LiteASK,777,lombok,Lombok,0.6,0.058391571966548525,0.11034020586171872,0.0715946412726366,0.2404867428305392,0.11034020586136518,0.8810606790245126,0.08043830314390528,0.5709077312418811,0.1418154624837622,0.4692842337833334,0.8801768956001182
cas-retrain20,Bottleneck-LiteASK,777,lombok,Lombok,0.7,0.05588991663929041,0.10586315061550745,0.0721401028277635,0.19879135876287718,0.10586315061511672,0.8970086333948538,0.07307752414663382,0.5589459466634231,0.11789189332684624,0.4761333831515894,0.8963768496638883
cas-retrain20,Bottleneck-LiteASK,777,palu,Palu,0.3,0.022220263244940117,0.04347451140208085,0.02316988005074385,0.35155734113392456,0.04347451140196484,0.8127311417055538,0.04799346018470533,0.5849697820639129,0.16993956412782585,0.41707551685479693,0.8119307704646538
cas-retrain20,Bottleneck-LiteASK,777,palu,Palu,0.4,0.024439504585882756,0.04771292882884701,0.02587023779197851,0.30647560155271264,0.04771292882870345,0.851906747246022,0.051502449492637624,0.5825329467828905,0.16506589356578094,0.43789739023522223,0.8513552758845617
cas-retrain20,Bottleneck-LiteASK,777,palu,Palu,0.5,0.027304913528314715,0.053158343095108994,0.029530937302958027,0.2659112929603367,0.05315834309492906,0.8853298826929697,0.05573442647876171,0.5794156698518614,0.15883133970372287,0.4561322433731043,0.8849595732178939
cas-retrain20,Bottleneck-LiteASK,777,palu,Palu,0.6,0.0314378206535367,0.060959216394871306,0.03528994675292167,0.22360666259357315,0.06095921639463585,0.916605506999694,0.06110689756759285,0.5743519816771759,0.14870396335435188,0.4739084897827703,0.9163791589120038
cas-retrain20,Bottleneck-LiteASK,777,palu,Palu,0.7,0.03677088525521564,0.07093348352691053,0.04464318504431745,0.1725448811705824,0.07093348352658392,0.945285157445303,0.06591916812630799,0.5636494796248511,0.12729895924970225,0.49097075983140137,0.9451706344075871
fixed-source-uniform,Bottleneck-LiteASK,42,hokkaido_iburi_tobu,Hokkaido,0.3,0.12360947154405809,0.22002212454509593,0.15107076395400876,0.4047631750916944,0.22002212454470008,0.7057754228699882,0.09848857060400094,0.5724627911901239,0.14492558238024777,0.4083231838935501,0.6930368962430421
fixed-source-uniform,Bottleneck-LiteASK,42,hokkaido_iburi_tobu,Hokkaido,0.4,0.11137662866571439,0.20043003567463868,0.14734121854049279,0.31332470311389926,0.20043003567420362,0.7436989838222288,0.07801124778234421,0.5530943543029201,0.10618870860584018,0.42328449486434766,0.7351923610629809
fixed-source-uniform,Bottleneck-LiteASK,42,hokkaido_iburi_tobu,Hokkaido,0.5,0.09910806278748631,0.18034270904379482,0.14379805217082609,0.24179122918848792,0.1803427090433271,0.7746610410129927,0.06209857470795201,0.5386630791978276,0.07732615839565526,0.4340205017896388,0.7689329407917913
fixed-source-uniform,Bottleneck-LiteASK,42,hokkaido_iburi_tobu,Hokkaido,0.6,0.08687342803025228,0.15985932821578597,0.14249696502286988,0.18203972976474964,0.15985932821529342,0.8038256457552434,0.051156772973629625,0.5284484230210358,0.05689684604207157,0.4434840483292054,0.8000946686281586
fixed-source-uniform,Bottleneck-LiteASK,42,hokkaido_iburi_tobu,Hokkaido,0.7,0.07356556189645565,0.13704903455826573,0.1463599011572512,0.12885195750466044,0.13704903455776773,0.8336345333294727,0.045517647464068056,0.5214996596198772,0.04299931923975442,0.4524864410892168,0.831407320281978
fixed-source-uniform,Bottleneck-LiteASK,42,lombok,Lombok,0.3,0.0507516200564699,0.09660060301166586,0.057149594960399196,0.31192802924838764,0.09660060301140413,0.8210636803863245,0.06886166229977113,0.5745504926036676,0.14910098520733528,0.4350434549636166,0.8193352898707633
fixed-source-uniform,Bottleneck-LiteASK,42,lombok,Lombok,0.4,0.049463514726627626,0.09426438181514536,0.057372155935645604,0.26407076576185934,0.09426438181485211,0.8443610515069524,0.06278636034496753,0.5633962283628424,0.12679245672568484,0.4462768725121466,0.8430902302976656
fixed-source-uniform,Bottleneck-LiteASK,42,lombok,Lombok,0.5,0.04720679245651082,0.09015753678559386,0.05663583226553861,0.22091022369904467,0.09015753678526904,0.863251012399656,0.05551310771527783,0.5522425903582888,0.10448518071657764,0.4547624830531785,0.8623181736498462
fixed-source-uniform,Bottleneck-LiteASK,42,lombok,Lombok,0.6,0.04446943880206147,0.08515220675688707,0.05563715640712928,0.18136465089529827,0.08515220675652778,0.8804774853067661,0.048261405042746904,0.5419811866379295,0.08396237327585898,0.46213918312403435,0.8798089274460072
fixed-source-uniform,Bottleneck-LiteASK,42,lombok,Lombok,0.7,0.040963634217670124,0.07870329542963543,0.05435401103576444,0.14257219668719104,0.07870329542923578,0.8976269643241113,0.04062866240587847,0.5320447127087296,0.0640894254174591,0.4690704933361789,0.8971773524546877
fixed-source-uniform,Bottleneck-LiteASK,42,palu,Palu,0.3,0.029206049149338373,0.0567545229130315,0.030435975878660836,0.419528631996001,0.05675452291290538,0.8311918485120869,0.07501532664461913,0.6278824371970093,0.2557648743940186,0.42976811104424345,0.8303301729391486
fixed-source-uniform,Bottleneck-LiteASK,42,palu,Palu,0.4,0.033491774055602004,0.06481285075772676,0.03577532559183935,0.34413320250063256,0.06481285075755616,0.8797814358696068,0.07857729318970755,0.6152391531758795,0.23047830635175903,0.4563851508968359,0.8792785277380698
fixed-source-uniform,Bottleneck-LiteASK,42,palu,Palu,0.5,0.03761371794419141,0.07250042533885329,0.041728257129028015,0.27613105486950673,0.0725004253386252,0.9144744312748623,0.07993661957711484,0.599213774342254,0.19842754868450796,0.47590065355276534,0.9141875891613392
fixed-source-uniform,Bottleneck-LiteASK,42,palu,Palu,0.6,0.04106745563519598,0.07889489852535851,0.048267868108212535,0.21586778491597702,0.07889489852505982,0.9389823250554621,0.07911419146011212,0.5818554660824136,0.16371093216482713,0.48994495710518327,0.9388224585751705
fixed-source-uniform,Bottleneck-LiteASK,42,palu,Palu,0.7,0.043505423884979834,0.08338322521220591,0.05613741724686522,0.1620165515709181,0.08338322521182369,0.9568802682976973,0.07661068200892181,0.5643184171537263,0.12863683430745265,0.5001504783217825,0.9567955327585852
fixed-source-uniform,Bottleneck-LiteASK,2026,hokkaido_iburi_tobu,Hokkaido,0.3,0.20177211587307933,0.33579097602292635,0.2766154206630765,0.4271754029920679,0.3357909760224492,0.8267377251884687,0.24891804094900669,0.6497791293663051,0.2995582587326102,0.5102870097281373,0.8188019035831955
fixed-source-uniform,Bottleneck-LiteASK,2026,hokkaido_iburi_tobu,Hokkaido,0.4,0.17566782202641226,0.2988392107621463,0.2859362893536793,0.31296165623191036,0.2988392107616474,0.849431821920801,0.2149665904823632,0.6118393314703974,0.22367866294079475,0.5100541365722213,0.8444404511180303
fixed-source-uniform,Bottleneck-LiteASK,2026,hokkaido_iburi_tobu,Hokkaido,0.5,0.14311503237360948,0.2503948042332008,0.2885937558899783,0.2211260390461936,0.25039480423270954,0.864259581038894,0.17910322557387787,0.579427898482946,0.15885579696589192,0.5021129238678131,0.8611108153620168
fixed-source-uniform,Bottleneck-LiteASK,2026,hokkaido_iburi_tobu,Hokkaido,0.6,0.10821064075654609,0.19528894016515408,0.2873861408520971,0.14789406733256016,0.1952889401647054,0.8750388255980458,0.14382888723339654,0.5530001642078004,0.10600032841560081,0.4906627588313534,0.8731148769061607
fixed-source-uniform,Bottleneck-LiteASK,2026,hokkaido_iburi_tobu,Hokkaido,0.7,0.07057384458184866,0.13184302033721707,0.27764635852717673,0.08644647706125383,0.13184302033685497,0.8832786128206073,0.10483328315254659,0.5303767298932163,0.06075345978643254,0.47640435420943267,0.8822348638370167
fixed-source-uniform,Bottleneck-LiteASK,2026,lombok,Lombok,0.3,0.057364519421855005,0.10850471784928198,0.06381872500981901,0.36192597528858134,0.10850471784902714,0.8175960155802036,0.08821841360409723,0.5969697955182598,0.1939395910365196,0.43645653623188624,0.8155485530419174
fixed-source-uniform,Bottleneck-LiteASK,2026,lombok,Lombok,0.4,0.05542651568592269,0.10503150122185617,0.06327757070100036,0.30878318856720327,0.10503150122157387,0.8386065281859232,0.07933941165229871,0.5820767799368087,0.16415355987361746,0.44624498575452665,0.8370634558231306
fixed-source-uniform,Bottleneck-LiteASK,2026,lombok,Lombok,0.5,0.052263480550083764,0.09933534996912063,0.06144346363745565,0.25915495529214155,0.0993353499688108,0.8558671583823108,0.06879591422294637,0.5669511749036413,0.13390234980728266,0.45348792541537486,0.8547123702806659
fixed-source-uniform,Bottleneck-LiteASK,2026,lombok,Lombok,0.6,0.048052476777613456,0.09169860830892292,0.058563900952226654,0.2111835829274861,0.09169860830858298,0.8716867429400803,0.05704779601597963,0.5518844679445892,0.10376893588917846,0.4594513579719186,0.8708502391662237
fixed-source-uniform,Bottleneck-LiteASK,2026,lombok,Lombok,0.7,0.04257867408703635,0.08167954159300558,0.05453885713673297,0.16259145826581892,0.0816795415926294,0.8878697386575402,0.04391499542556435,0.5367046600988434,0.07340932019768687,0.46494322610795746,0.8873077781288786
fixed-source-uniform,Bottleneck-LiteASK,2026,palu,Palu,0.3,0.03883815226930351,0.07477228706793836,0.041151618784073654,0.4085806503372645,0.0747722870677721,0.8775966462190178,0.09817161715883205,0.6459622368416911,0.29192447368338215,0.4579131902627714,0.8769882282562392
fixed-source-uniform,Bottleneck-LiteASK,2026,palu,Palu,0.4,0.041505891842082844,0.07970361409799136,0.0453684940728616,0.32773591542776737,0.07970361409777774,0.9083818974956013,0.09415942648861995,0.6216164347084652,0.24323286941693034,0.474761429773655,0.9080169677052271
fixed-source-uniform,Bottleneck-LiteASK,2026,palu,Palu,0.5,0.04295887491746392,0.08237884724047921,0.049022806655149104,0.257771277285098,0.08237884724021072,0.930483198224258,0.08801890984760598,0.5982488397886134,0.19649767957722686,0.4866122365028537,0.9302655980882435
fixed-source-uniform,Bottleneck-LiteASK,2026,palu,Palu,0.6,0.043418878222202896,0.08322425274915633,0.052743577298585864,0.19716858287202463,0.08322425274882332,0.947415411399365,0.08090386191638203,0.5768886435725455,0.1537772871450911,0.4953542403317896,0.9472896024413763
fixed-source-uniform,Bottleneck-LiteASK,2026,palu,Palu,0.7,0.04137518901152631,0.07946259801100053,0.05531881924537073,0.14100309184825877,0.07946259801059577,0.9604528793652464,0.0705094570358748,0.5557486278843902,0.11149725576878033,0.5008802251362859,0.9603852612610455
fixed-source-uniform,Bottleneck-LiteASK,777,hokkaido_iburi_tobu,Hokkaido,0.3,0.1390156994870379,0.2440979515025902,0.19176167186230805,0.33572529746777807,0.24409795150212746,0.786819499136624,0.1375943033670044,0.5870384084871366,0.17407681697427324,0.45911793261497047,0.779220165742903
fixed-source-uniform,Bottleneck-LiteASK,777,hokkaido_iburi_tobu,Hokkaido,0.4,0.12420183242209362,0.22096002486404187,0.19252790008997145,0.2592447581847014,0.22096002486355276,0.8125790907044937,0.11874380532541716,0.5675177797063904,0.13503555941278078,0.4658317022434194,0.8074615720647452
fixed-source-uniform,Bottleneck-LiteASK,777,hokkaido_iburi_tobu,Hokkaido,0.5,0.10925322529968746,0.19698518391987632,0.1937677994824156,0.20031121742657126,0.1969851839193765,0.8325607423191121,0.10356788803728474,0.5525493850940443,0.10509877018808855,0.46915158191019674,0.829049938520706
fixed-source-uniform,Bottleneck-LiteASK,777,hokkaido_iburi_tobu,Hokkaido,0.6,0.09301103559886616,0.17019230834738086,0.19611610343798902,0.15032186813896553,0.17019230834688961,0.8497128962185183,0.09010479885145183,0.5399658370382425,0.07993167407648505,0.4701857384924531,0.84736044138604
fixed-source-uniform,Bottleneck-LiteASK,777,hokkaido_iburi_tobu,Hokkaido,0.7,0.07448373681542056,0.13864097568601114,0.20152895325155046,0.10566710165433042,0.13864097568555983,0.8653847008059931,0.07779272236729645,0.5289201442175429,0.05784028843508571,0.469197050119487,0.8639103634235534
fixed-source-uniform,Bottleneck-LiteASK,777,lombok,Lombok,0.3,0.04639642807683579,0.08867849092739631,0.05227505551008004,0.2920730844542629,0.08867849092713878,0.8158850713607368,0.05698161983532253,0.5622658985479911,0.12453179709598228,0.43030865535335916,0.8142208826298826
fixed-source-uniform,Bottleneck-LiteASK,777,lombok,Lombok,0.4,0.04410296243340565,0.08448010209762928,0.05107768705534069,0.24412909822035794,0.0844801020973431,0.8377154988980074,0.04905378778805061,0.5503129657451338,0.10062593149026755,0.44029709916145776,0.8364912358895099
fixed-source-uniform,Bottleneck-LiteASK,777,lombok,Lombok,0.5,0.041465327426968346,0.07962881976956848,0.04951650253483028,0.2032005258137104,0.07962881976925339,0.8559339330830705,0.04147547557952262,0.5398936152648794,0.07978723052975889,0.4482478931749293,0.8550304589228902
fixed-source-uniform,Bottleneck-LiteASK,777,lombok,Lombok,0.6,0.03821810740434914,0.07362250211547224,0.047365480021409605,0.1652022693973682,0.07362250211512589,0.8724919590381307,0.03351249737073446,0.5300365923996764,0.06007318479935275,0.45503036200372105,0.8718426166030929
fixed-source-uniform,Bottleneck-LiteASK,777,lombok,Lombok,0.7,0.03407451696677373,0.06590340716783874,0.04437793495963268,0.12797995335229062,0.06590340716745637,0.8887320702229071,0.02476464701965139,0.5203912773064585,0.04078255461291702,0.4611840615024786,0.8882936060381834
fixed-source-uniform,Bottleneck-LiteASK,777,palu,Palu,0.3,0.026856549015083896,0.05230827819298329,0.02834017912363224,0.3390665210227167,0.05230827819284093,0.8512732366891065,0.06109522895387412,0.598308090288435,0.19661618057687003,0.43875840882970424,0.8506602686443245
fixed-source-uniform,Bottleneck-LiteASK,777,palu,Palu,0.4,0.028335301801931563,0.05510907143279079,0.030571264484307963,0.279235245835879,0.05510907143261291,0.8840858711606869,0.059537105440651494,0.5853663848557014,0.17073276971140272,0.4560140131123433,0.883692724422755
fixed-source-uniform,Bottleneck-LiteASK,777,palu,Palu,0.5,0.02932949095377828,0.05698756561730593,0.032581375974842876,0.2271181629113979,0.0569875656170865,0.9090093568313954,0.056842708654553015,0.5722416018930746,0.1444832037861492,0.4690439966615912,0.9087585023694041
fixed-source-uniform,Bottleneck-LiteASK,777,palu,Palu,0.6,0.030209866800483907,0.05864798576295235,0.03506620003577074,0.179074173501441,0.05864798576267847,0.930411181222269,0.05389659632905487,0.5593460031582373,0.1186920063164747,0.4802349343413419,0.9302600018821999
fixed-source-uniform,Bottleneck-LiteASK,777,palu,Palu,0.7,0.031014493592489263,0.060163060335692645,0.038936667284334134,0.1322706262072711,0.060163060335341224,0.9499742561629819,0.05081095947914824,0.5461323850250941,0.09226477005018818,0.4904542604621357,0.9498940273317822
